{"type": "FeatureCollection", "features": [{"type": "Feature", "properties": {"SHAPE_Length": 1.039404638087452, "OBJECTID": 21258642, "COV_SOURCE_KEY": "371402", "UPDATED_DATE": 1591041243000, "COV_DATE_UPDATE": 1591041243000, "TBFID": 440588, "ORACLE_ID": "__FJ9JP2", "UNIT_ID_1": "64620", "UNIT_ID_2": "223561", "MAIN_COMP1": 46, "MAIN_KEY_1": 96066, "MAIN_COMP2": 43, "MAIN_KEY_2": 199700, "ADDRESS_KEY": 151033, "INSTALLATION_DATE": -1262275200000, "DEPTH_OF_COVER_M": 0.9100000262260437, "RESTRAINED_JOINT": 0, "CATHODICALLY_PROTECTED": 0, "REMARKS": null, "ASSET_DESCRIPTION": "4300 ASH ST", "SPLIT_ON_CITYSIDE": null, "COMPKEY": 235983, "COMPTYPE": 41, "COATING_DATE": null, "LINING_DATE": null, "UPDATED_BY": "enyamw", "WATERMAIN_KEY": 23365, "BUN": null, "PIPE_LENGTH_M": 1.03940464, "PARALLEL_LINE_NUMBER": null, "PRESSURE_ZONE": 172, "PIPE_USE": "Water Main", "SERVICE_STATUS": "Out of Service-Abandoned", "SUBSYSTEM": "Distribution", "OWNER": "COVAV", "OPERATOR": "COVAV", "DIAMETER": "150 mm", "PIPE_CLASS": null, "MATERIAL": "Cast Iron", "LINING_MATERIAL": "blank", "COATING_MATERIAL": "blank", "FACET": "O16", "CONNECTION_TYPE": null, "DOMESTIC_DIAMETER": null, "DOMESTIC_MATERIAL": null, "FIRE_LIN_DIAMETER": null, "INSTALLED_BY": "City of Vancouver", "FIRE_LIN_MATERIAL": null, "MAP_TOOLTIP": "150 CI n/a 1930", "UPDATED_DATE_iso": "2020-06-01", "COV_DATE_UPDATE_iso": "2020-06-01", "INSTALLATION_DATE_iso": "1930-01-01"}, "geometry": {"type": "LineString", "coordinates": [[-123.11849444207265, 49.24625458554279], [-123.11849406598365, 49.24626393197674]]}}, {"type": "Feature", "properties": {"SHAPE_Length": 1.2035385325555588, "OBJECTID": 21258643, "COV_SOURCE_KEY": "371403", "UPDATED_DATE": 1591041240000, "COV_DATE_UPDATE": 1591041240000, "TBFID": 440589, "ORACLE_ID": "__FJ9JP4", "UNIT_ID_1": "64617", "UNIT_ID_2": "213967", "MAIN_COMP1": 46, "MAIN_KEY_1": 96073, "MAIN_COMP2": 43, "MAIN_KEY_2": 144039, "ADDRESS_KEY": 154995, "INSTALLATION_DATE": -1262275200000, "DEPTH_OF_COVER_M": 0.9100000262260437, "RESTRAINED_JOINT": 0, "CATHODICALLY_PROTECTED": 0, "REMARKS": null, "ASSET_DESCRIPTION": "4400 ASH ST", "SPLIT_ON_CITYSIDE": null, "COMPKEY": 235984, "COMPTYPE": 41, "COATING_DATE": null, "LINING_DATE": null, "UPDATED_BY": "enyamw", "WATERMAIN_KEY": 23366, "BUN": null, "PIPE_LENGTH_M": 1.20353853, "PARALLEL_LINE_NUMBER": null, "PRESSURE_ZONE": 172, "PIPE_USE": "Water Main", "SERVICE_STATUS": "Out of Service-Abandoned", "SUBSYSTEM": "Distribution", "OWNER": "COVAV", "OPERATOR": "COVAV", "DIAMETER": "150 mm", "PIPE_CLASS": null, "MATERIAL": "Cast Iron", "LINING_MATERIAL": "blank", "COATING_MATERIAL": "blank", "FACET": "O16", "CONNECTION_TYPE": null, "DOMESTIC_DIAMETER": null, "DOMESTIC_MATERIAL": null, "FIRE_LIN_DIAMETER": null, "INSTALLED_BY": "City of Vancouver", "FIRE_LIN_MATERIAL": null, "MAP_TOOLTIP": "150 CI n/a 1930", "UPDATED_DATE_iso": "2020-06-01", "COV_DATE_UPDATE_iso": "2020-06-01", "INSTALLATION_DATE_iso": "1930-01-01"}, "geometry": {"type": "LineString", "coordinates": [[-123.11852987698356, 49.24538206539153], [-123.11852940826194, 49.245392887140646]]}}, {"type": "Feature", "properties": {"SHAPE_Length": 3.738531932022352, "OBJECTID": 21258804, "COV_SOURCE_KEY": "370839", "UPDATED_DATE": 1270088526000, "COV_DATE_UPDATE": 1270088526000, "TBFID": 440453, "ORACLE_ID": "__FJ9JWP", "UNIT_ID_1": "T__FP5SOZ", "UNIT_ID_2": "T__FP5WQ2", "MAIN_COMP1": 43, "MAIN_KEY_1": 157171, "MAIN_COMP2": 43, "MAIN_KEY_2": 163353, "ADDRESS_KEY": 152470, "INSTALLATION_DATE": -631123200000, "DEPTH_OF_COVER_M": 0, "RESTRAINED_JOINT": 0, "CATHODICALLY_PROTECTED": 0, "REMARKS": null, "ASSET_DESCRIPTION": "3300 COLUMBIA ST", "SPLIT_ON_CITYSIDE": null, "COMPKEY": 236232, "COMPTYPE": 41, "COATING_DATE": null, "LINING_DATE": null, "UPDATED_BY": "enfoz", "WATERMAIN_KEY": 23559, "BUN": null, "PIPE_LENGTH_M": 3.73836125, "PARALLEL_LINE_NUMBER": null, "PRESSURE_ZONE": null, "PIPE_USE": "Water Main", "SERVICE_STATUS": "Out of Service-Abandoned", "SUBSYSTEM": "<blank>", "OWNER": "COVAV", "OPERATOR": "COVAV", "DIAMETER": "150 mm", "PIPE_CLASS": null, "MATERIAL": "Cast Iron", "LINING_MATERIAL": "blank", "COATING_MATERIAL": "blank", "FACET": "P14", "CONNECTION_TYPE": null, "DOMESTIC_DIAMETER": null, "DOMESTIC_MATERIAL": null, "FIRE_LIN_DIAMETER": null, "INSTALLED_BY": "City of Vancouver", "FIRE_LIN_MATERIAL": null, "MAP_TOOLTIP": "150 CI n/a 1950", "UPDATED_DATE_iso": "2010-04-01", "COV_DATE_UPDATE_iso": "2010-04-01", "INSTALLATION_DATE_iso": "1950-01-01"}, "geometry": {"type": "LineString", "coordinates": [[-123.10971037982212, 49.25566861557604], [-123.10970397062262, 49.25563524939933]]}}, {"type": "Feature", "properties": {"SHAPE_Length": 152.8936386506228, "OBJECTID": 21258869, "COV_SOURCE_KEY": "371397", "UPDATED_DATE": 1339796880000, "COV_DATE_UPDATE": 1339796880000, "TBFID": 440484, "ORACLE_ID": "__FJ9JOU", "UNIT_ID_1": "214362", "UNIT_ID_2": "4118883", "MAIN_COMP1": 1, "MAIN_KEY_1": 138631, "MAIN_COMP2": 43, "MAIN_KEY_2": 646891, "ADDRESS_KEY": 151817, "INSTALLATION_DATE": null, "DEPTH_OF_COVER_M": 1.2200000286102295, "RESTRAINED_JOINT": 0, "CATHODICALLY_PROTECTED": 0, "REMARKS": null, "ASSET_DESCRIPTION": "4400 CAMBIE ST", "SPLIT_ON_CITYSIDE": null, "COMPKEY": 235976, "COMPTYPE": 41, "COATING_DATE": null, "LINING_DATE": null, "UPDATED_BY": "ENJCR", "WATERMAIN_KEY": 23360, "BUN": null, "PIPE_LENGTH_M": 152.89363865, "PARALLEL_LINE_NUMBER": null, "PRESSURE_ZONE": 173, "PIPE_USE": "Water Main", "SERVICE_STATUS": "Out of Service-Abandoned", "SUBSYSTEM": "Transmission", "OWNER": "GVWD", "OPERATOR": "GVWD", "DIAMETER": "600 mm", "PIPE_CLASS": null, "MATERIAL": "Steel", "LINING_MATERIAL": "blank", "COATING_MATERIAL": "blank", "FACET": "O16", "CONNECTION_TYPE": null, "DOMESTIC_DIAMETER": null, "DOMESTIC_MATERIAL": null, "FIRE_LIN_DIAMETER": null, "INSTALLED_BY": "City of Vancouver", "FIRE_LIN_MATERIAL": null, "MAP_TOOLTIP": "600 S n/a  GVWD", "UPDATED_DATE_iso": "2012-06-15", "COV_DATE_UPDATE_iso": "2012-06-15"}, "geometry": {"type": "LineString", "coordinates": [[-123.11564925363399, 49.245858548002666], [-123.11572262668294, 49.2444840744846]]}}, {"type": "Feature", "properties": {"SHAPE_Length": 13.325629629293374, "OBJECTID": 21258945, "COV_SOURCE_KEY": "407253", "UPDATED_DATE": 1270106917000, "COV_DATE_UPDATE": 1270106917000, "TBFID": 472242, "ORACLE_ID": "__FLJSWU", "UNIT_ID_1": "T__FP5EBC", "UNIT_ID_2": "T__FP63C5", "MAIN_COMP1": 43, "MAIN_KEY_1": 134162, "MAIN_COMP2": 43, "MAIN_KEY_2": 173118, "ADDRESS_KEY": 149153, "INSTALLATION_DATE": -568051200000, "DEPTH_OF_COVER_M": 0.9100000262260437, "RESTRAINED_JOINT": 0, "CATHODICALLY_PROTECTED": 0, "REMARKS": null, "ASSET_DESCRIPTION": "900 W 16TH AV", "SPLIT_ON_CITYSIDE": null, "COMPKEY": 283871, "COMPTYPE": 41, "COATING_DATE": null, "LINING_DATE": null, "UPDATED_BY": "enfoz", "WATERMAIN_KEY": 59784, "BUN": null, "PIPE_LENGTH_M": 13.32590617, "PARALLEL_LINE_NUMBER": null, "PRESSURE_ZONE": null, "PIPE_USE": "Water Main", "SERVICE_STATUS": "Out of Service-Abandoned", "SUBSYSTEM": "Distribution", "OWNER": "COVAV", "OPERATOR": "COVAV", "DIAMETER": "300 mm", "PIPE_CLASS": null, "MATERIAL": "Cast Iron", "LINING_MATERIAL": "blank", "COATING_MATERIAL": "blank", "FACET": "N14", "CONNECTION_TYPE": null, "DOMESTIC_DIAMETER": null, "DOMESTIC_MATERIAL": null, "FIRE_LIN_DIAMETER": null, "INSTALLED_BY": "City of Vancouver", "FIRE_LIN_MATERIAL": null, "MAP_TOOLTIP": "300 CI n/a 1952", "UPDATED_DATE_iso": "2010-04-01", "COV_DATE_UPDATE_iso": "2010-04-01", "INSTALLATION_DATE_iso": "1952-01-01"}, "geometry": {"type": "LineString", "coordinates": [[-123.12714385589693, 49.25719670038243], [-123.12714782209325, 49.257076861730255]]}}, {"type": "Feature", "properties": {"SHAPE_Length": 17.2697141844817, "OBJECTID": 21259021, "COV_SOURCE_KEY": "400488", "UPDATED_DATE": 1270104202000, "COV_DATE_UPDATE": 1270104202000, "TBFID": 469856, "ORACLE_ID": "__FJAD98", "UNIT_ID_1": "T__FP5BMY", "UNIT_ID_2": "T__FP6A33", "MAIN_COMP1": 43, "MAIN_KEY_1": 130194, "MAIN_COMP2": 43, "MAIN_KEY_2": 183276, "ADDRESS_KEY": 147895, "INSTALLATION_DATE": -568051200000, "DEPTH_OF_COVER_M": 0, "RESTRAINED_JOINT": 0, "CATHODICALLY_PROTECTED": 0, "REMARKS": null, "ASSET_DESCRIPTION": "1000 WOLFE AV", "SPLIT_ON_CITYSIDE": null, "COMPKEY": 276026, "COMPTYPE": 41, "COATING_DATE": null, "LINING_DATE": null, "UPDATED_BY": "enfoz", "WATERMAIN_KEY": 53459, "BUN": null, "PIPE_LENGTH_M": 17.26970358, "PARALLEL_LINE_NUMBER": null, "PRESSURE_ZONE": null, "PIPE_USE": "Water Main", "SERVICE_STATUS": "Out of Service-Abandoned", "SUBSYSTEM": "<blank>", "OWNER": "COVAV", "OPERATOR": "COVAV", "DIAMETER": "150 mm", "PIPE_CLASS": null, "MATERIAL": "Cast Iron", "LINING_MATERIAL": "blank", "COATING_MATERIAL": "blank", "FACET": "N15", "CONNECTION_TYPE": null, "DOMESTIC_DIAMETER": null, "DOMESTIC_MATERIAL": null, "FIRE_LIN_DIAMETER": null, "INSTALLED_BY": "City of Vancouver", "FIRE_LIN_MATERIAL": null, "MAP_TOOLTIP": "150 CI n/a 1952", "UPDATED_DATE_iso": "2010-04-01", "COV_DATE_UPDATE_iso": "2010-04-01", "INSTALLATION_DATE_iso": "1952-01-01"}, "geometry": {"type": "LineString", "coordinates": [[-123.12759554933834, 49.25260377330069], [-123.12735846236981, 49.25259700062625]]}}, {"type": "Feature", "properties": {"SHAPE_Length": 14.036824711815086, "OBJECTID": 21259733, "COV_SOURCE_KEY": "382158", "UPDATED_DATE": 1270095731000, "COV_DATE_UPDATE": 1270095731000, "TBFID": 446489, "ORACLE_ID": "__FJ9UF9", "UNIT_ID_1": "T__FP68O0", "UNIT_ID_2": "T__FP5ZFG", "MAIN_COMP1": 43, "MAIN_KEY_1": 181236, "MAIN_COMP2": 43, "MAIN_KEY_2": 167386, "ADDRESS_KEY": 149153, "INSTALLATION_DATE": -315590400000, "DEPTH_OF_COVER_M": 0.9100000262260437, "RESTRAINED_JOINT": 0, "CATHODICALLY_PROTECTED": 0, "REMARKS": null, "ASSET_DESCRIPTION": "3100 OAK ST", "SPLIT_ON_CITYSIDE": null, "COMPKEY": 249744, "COMPTYPE": 41, "COATING_DATE": null, "LINING_DATE": null, "UPDATED_BY": "enfoz", "WATERMAIN_KEY": 33995, "BUN": null, "PIPE_LENGTH_M": 14.03692894, "PARALLEL_LINE_NUMBER": null, "PRESSURE_ZONE": null, "PIPE_USE": "Water Main", "SERVICE_STATUS": "Out of Service-Abandoned", "SUBSYSTEM": "Distribution", "OWNER": "COVAV", "OPERATOR": "COVAV", "DIAMETER": "150 mm", "PIPE_CLASS": null, "MATERIAL": "Cast Iron", "LINING_MATERIAL": "blank", "COATING_MATERIAL": "blank", "FACET": "N14", "CONNECTION_TYPE": null, "DOMESTIC_DIAMETER": null, "DOMESTIC_MATERIAL": null, "FIRE_LIN_DIAMETER": null, "INSTALLED_BY": "City of Vancouver", "FIRE_LIN_MATERIAL": null, "MAP_TOOLTIP": "150 CI n/a 1960", "UPDATED_DATE_iso": "2010-04-01", "COV_DATE_UPDATE_iso": "2010-04-01", "INSTALLATION_DATE_iso": "1960-01-01"}, "geometry": {"type": "LineString", "coordinates": [[-123.12732237516435, 49.25719659374603], [-123.12732710783817, 49.257070367638434]]}}, {"type": "Feature", "properties": {"SHAPE_Length": 4.751618250655175, "OBJECTID": 21259738, "COV_SOURCE_KEY": "382163", "UPDATED_DATE": 1270095732000, "COV_DATE_UPDATE": 1270095732000, "TBFID": 446494, "ORACLE_ID": "__FJ9UFH", "UNIT_ID_1": "T__FP57G7", "UNIT_ID_2": "T__FP5Q0Z", "MAIN_COMP1": 43, "MAIN_KEY_1": 123671, "MAIN_COMP2": 43, "MAIN_KEY_2": 153124, "ADDRESS_KEY": 150364, "INSTALLATION_DATE": -536428800000, "DEPTH_OF_COVER_M": 0.9100000262260437, "RESTRAINED_JOINT": 0, "CATHODICALLY_PROTECTED": 0, "REMARKS": null, "ASSET_DESCRIPTION": "900 W 17TH AV", "SPLIT_ON_CITYSIDE": null, "COMPKEY": 249751, "COMPTYPE": 41, "COATING_DATE": null, "LINING_DATE": null, "UPDATED_BY": "enfoz", "WATERMAIN_KEY": 34000, "BUN": null, "PIPE_LENGTH_M": 4.7519, "PARALLEL_LINE_NUMBER": null, "PRESSURE_ZONE": null, "PIPE_USE": "Water Main", "SERVICE_STATUS": "Out of Service-Abandoned", "SUBSYSTEM": "Distribution", "OWNER": "COVAV", "OPERATOR": "COVAV", "DIAMETER": "150 mm", "PIPE_CLASS": null, "MATERIAL": "Cast Iron", "LINING_MATERIAL": "blank", "COATING_MATERIAL": "blank", "FACET": "N14", "CONNECTION_TYPE": null, "DOMESTIC_DIAMETER": null, "DOMESTIC_MATERIAL": null, "FIRE_LIN_DIAMETER": null, "INSTALLED_BY": "City of Vancouver", "FIRE_LIN_MATERIAL": null, "MAP_TOOLTIP": "150 CI n/a 1953", "UPDATED_DATE_iso": "2010-04-01", "COV_DATE_UPDATE_iso": "2010-04-01", "INSTALLATION_DATE_iso": "1953-01-01"}, "geometry": {"type": "LineString", "coordinates": [[-123.12717206863526, 49.256206592652966], [-123.12710678875307, 49.25620554908061]]}}, {"type": "Feature", "properties": {"SHAPE_Length": 4.8174617800964254, "OBJECTID": 21259739, "COV_SOURCE_KEY": "382164", "UPDATED_DATE": 1270095733000, "COV_DATE_UPDATE": 1270095733000, "TBFID": 446495, "ORACLE_ID": "__FJ9UFI", "UNIT_ID_1": "T__FP56WL", "UNIT_ID_2": "T__FP5ILC", "MAIN_COMP1": 43, "MAIN_KEY_1": 122845, "MAIN_COMP2": 43, "MAIN_KEY_2": 141510, "ADDRESS_KEY": 156801, "INSTALLATION_DATE": -568051200000, "DEPTH_OF_COVER_M": 0, "RESTRAINED_JOINT": 0, "CATHODICALLY_PROTECTED": 0, "REMARKS": null, "ASSET_DESCRIPTION": "900 W 18TH AV", "SPLIT_ON_CITYSIDE": null, "COMPKEY": 249753, "COMPTYPE": 41, "COATING_DATE": null, "LINING_DATE": null, "UPDATED_BY": "enfoz", "WATERMAIN_KEY": 34001, "BUN": null, "PIPE_LENGTH_M": 4.81743912, "PARALLEL_LINE_NUMBER": null, "PRESSURE_ZONE": null, "PIPE_USE": "Water Main", "SERVICE_STATUS": "Out of Service-Abandoned", "SUBSYSTEM": "<blank>", "OWNER": "COVAV", "OPERATOR": "COVAV", "DIAMETER": "150 mm", "PIPE_CLASS": null, "MATERIAL": "Cast Iron", "LINING_MATERIAL": "blank", "COATING_MATERIAL": "blank", "FACET": "N14", "CONNECTION_TYPE": null, "DOMESTIC_DIAMETER": null, "DOMESTIC_MATERIAL": null, "FIRE_LIN_DIAMETER": null, "INSTALLED_BY": "City of Vancouver", "FIRE_LIN_MATERIAL": null, "MAP_TOOLTIP": "150 CI n/a 1952", "UPDATED_DATE_iso": "2010-04-01", "COV_DATE_UPDATE_iso": "2010-04-01", "INSTALLATION_DATE_iso": "1952-01-01"}, "geometry": {"type": "LineString", "coordinates": [[-123.12721096166827, 49.25530345676852], [-123.12714496611814, 49.25530688463041]]}}, {"type": "Feature", "properties": {"SHAPE_Length": 1.3525915865317986, "OBJECTID": 21259740, "COV_SOURCE_KEY": "382165", "UPDATED_DATE": 1270095733000, "COV_DATE_UPDATE": 1270095733000, "TBFID": 446496, "ORACLE_ID": "__FJ9UFJ", "UNIT_ID_1": "T__FP5ILC", "UNIT_ID_2": "T__FP6MFS", "MAIN_COMP1": 43, "MAIN_KEY_1": 141510, "MAIN_COMP2": 43, "MAIN_KEY_2": 201674, "ADDRESS_KEY": 156801, "INSTALLATION_DATE": -568051200000, "DEPTH_OF_COVER_M": 0, "RESTRAINED_JOINT": 0, "CATHODICALLY_PROTECTED": 0, "REMARKS": null, "ASSET_DESCRIPTION": "900 W 18TH AV", "SPLIT_ON_CITYSIDE": null, "COMPKEY": 249754, "COMPTYPE": 41, "COATING_DATE": null, "LINING_DATE": null, "UPDATED_BY": "enfoz", "WATERMAIN_KEY": 34002, "BUN": null, "PIPE_LENGTH_M": 1.35258369, "PARALLEL_LINE_NUMBER": null, "PRESSURE_ZONE": null, "PIPE_USE": "Water Main", "SERVICE_STATUS": "Out of Service-Abandoned", "SUBSYSTEM": "<blank>", "OWNER": "COVAV", "OPERATOR": "COVAV", "DIAMETER": "150 mm", "PIPE_CLASS": null, "MATERIAL": "Cast Iron", "LINING_MATERIAL": "blank", "COATING_MATERIAL": "blank", "FACET": "N14", "CONNECTION_TYPE": null, "DOMESTIC_DIAMETER": null, "DOMESTIC_MATERIAL": null, "FIRE_LIN_DIAMETER": null, "INSTALLED_BY": "City of Vancouver", "FIRE_LIN_MATERIAL": null, "MAP_TOOLTIP": "150 CI n/a 1952", "UPDATED_DATE_iso": "2010-04-01", "COV_DATE_UPDATE_iso": "2010-04-01", "INSTALLATION_DATE_iso": "1952-01-01"}, "geometry": {"type": "LineString", "coordinates": [[-123.12714496611814, 49.25530688463041], [-123.12712638563107, 49.255306545267274]]}}, {"type": "Feature", "properties": {"SHAPE_Length": 179.61153182694017, "OBJECTID": 21259741, "COV_SOURCE_KEY": "382166", "UPDATED_DATE": 1270095733000, "COV_DATE_UPDATE": 1270095733000, "TBFID": 446497, "ORACLE_ID": "__FJ9UFK", "UNIT_ID_1": "T__FP67P8", "UNIT_ID_2": "T__FP6IY4", "MAIN_COMP1": 43, "MAIN_KEY_1": 179753, "MAIN_COMP2": 43, "MAIN_KEY_2": 196424, "ADDRESS_KEY": 156801, "INSTALLATION_DATE": -126201600000, "DEPTH_OF_COVER_M": 0, "RESTRAINED_JOINT": 0, "CATHODICALLY_PROTECTED": 0, "REMARKS": null, "ASSET_DESCRIPTION": "900 W 18TH AV", "SPLIT_ON_CITYSIDE": null, "COMPKEY": 249756, "COMPTYPE": 41, "COATING_DATE": null, "LINING_DATE": null, "UPDATED_BY": "enfoz", "WATERMAIN_KEY": 34003, "BUN": null, "PIPE_LENGTH_M": 179.6118173, "PARALLEL_LINE_NUMBER": null, "PRESSURE_ZONE": null, "PIPE_USE": "Water Main", "SERVICE_STATUS": "Out of Service-Abandoned", "SUBSYSTEM": "<blank>", "OWNER": "COVAV", "OPERATOR": "COVAV", "DIAMETER": "150 mm", "PIPE_CLASS": null, "MATERIAL": "Cast Iron", "LINING_MATERIAL": "Cement Lined", "COATING_MATERIAL": "blank", "FACET": "N14", "CONNECTION_TYPE": null, "DOMESTIC_DIAMETER": null, "DOMESTIC_MATERIAL": null, "FIRE_LIN_DIAMETER": null, "INSTALLED_BY": "City of Vancouver", "FIRE_LIN_MATERIAL": null, "MAP_TOOLTIP": "150 CI CL 1966", "UPDATED_DATE_iso": "2010-04-01", "COV_DATE_UPDATE_iso": "2010-04-01", "INSTALLATION_DATE_iso": "1966-01-01"}, "geometry": {"type": "LineString", "coordinates": [[-123.12710579860972, 49.2553061451421], [-123.12690858844603, 49.25529770852797], [-123.12463843145763, 49.2552669424713]]}}, {"type": "Feature", "properties": {"SHAPE_Length": 17.80006471879833, "OBJECTID": 21261147, "COV_SOURCE_KEY": "401000", "UPDATED_DATE": 1270104401000, "COV_DATE_UPDATE": 1270104401000, "TBFID": 469875, "ORACLE_ID": "__FJACE1", "UNIT_ID_1": "T__FP5GYV", "UNIT_ID_2": "T__FP5SPM", "MAIN_COMP1": 43, "MAIN_KEY_1": 138666, "MAIN_COMP2": 43, "MAIN_KEY_2": 157184, "ADDRESS_KEY": 151554, "INSTALLATION_DATE": -1293811200000, "DEPTH_OF_COVER_M": 0, "RESTRAINED_JOINT": 0, "CATHODICALLY_PROTECTED": 0, "REMARKS": null, "ASSET_DESCRIPTION": "1000 DOUGLAS CRESCENT", "SPLIT_ON_CITYSIDE": null, "COMPKEY": 274936, "COMPTYPE": 41, "COATING_DATE": null, "LINING_DATE": null, "UPDATED_BY": "enfoz", "WATERMAIN_KEY": 52585, "BUN": null, "PIPE_LENGTH_M": 17.80099012, "PARALLEL_LINE_NUMBER": null, "PRESSURE_ZONE": null, "PIPE_USE": "Water Main", "SERVICE_STATUS": "Out of Service-Abandoned", "SUBSYSTEM": "<blank>", "OWNER": "COVAV", "OPERATOR": "COVAV", "DIAMETER": "150 mm", "PIPE_CLASS": null, "MATERIAL": "Cast Iron", "LINING_MATERIAL": "blank", "COATING_MATERIAL": "blank", "FACET": "N14", "CONNECTION_TYPE": null, "DOMESTIC_DIAMETER": null, "DOMESTIC_MATERIAL": null, "FIRE_LIN_DIAMETER": null, "INSTALLED_BY": "City of Vancouver", "FIRE_LIN_MATERIAL": null, "MAP_TOOLTIP": "150 CI n/a 1929", "UPDATED_DATE_iso": "2010-04-01", "COV_DATE_UPDATE_iso": "2010-04-01", "INSTALLATION_DATE_iso": "1929-01-01"}, "geometry": {"type": "LineString", "coordinates": [[-123.12751868930945, 49.25448564984287], [-123.12727408188927, 49.25448635132907]]}}, {"type": "Feature", "properties": {"SHAPE_Length": 175.77587876037083, "OBJECTID": 21261171, "COV_SOURCE_KEY": "400489", "UPDATED_DATE": 1270104202000, "COV_DATE_UPDATE": 1270104202000, "TBFID": 469857, "ORACLE_ID": "__FJAD99", "UNIT_ID_1": "T__FP5XM7", "UNIT_ID_2": "T__FP5YJP", "MAIN_COMP1": 43, "MAIN_KEY_1": 164678, "MAIN_COMP2": 43, "MAIN_KEY_2": 166063, "ADDRESS_KEY": 156474, "INSTALLATION_DATE": null, "DEPTH_OF_COVER_M": 0, "RESTRAINED_JOINT": 0, "CATHODICALLY_PROTECTED": 0, "REMARKS": null, "ASSET_DESCRIPTION": "900 W 22ND AV", "SPLIT_ON_CITYSIDE": null, "COMPKEY": 276028, "COMPTYPE": 41, "COATING_DATE": null, "LINING_DATE": null, "UPDATED_BY": "enfoz", "WATERMAIN_KEY": 53460, "BUN": null, "PIPE_LENGTH_M": 175.77596181, "PARALLEL_LINE_NUMBER": null, "PRESSURE_ZONE": null, "PIPE_USE": "Water Main", "SERVICE_STATUS": "Out of Service-Abandoned", "SUBSYSTEM": "<blank>", "OWNER": "COVAV", "OPERATOR": "COVAV", "DIAMETER": "100 mm", "PIPE_CLASS": null, "MATERIAL": "Cast Iron", "LINING_MATERIAL": "blank", "COATING_MATERIAL": "blank", "FACET": "N15", "CONNECTION_TYPE": null, "DOMESTIC_DIAMETER": null, "DOMESTIC_MATERIAL": null, "FIRE_LIN_DIAMETER": null, "INSTALLED_BY": "City of Vancouver", "FIRE_LIN_MATERIAL": null, "MAP_TOOLTIP": "100 CI n/a ", "UPDATED_DATE_iso": "2010-04-01", "COV_DATE_UPDATE_iso": "2010-04-01"}, "geometry": {"type": "LineString", "coordinates": [[-123.12481145659001, 49.25165695465514], [-123.12722626410203, 49.2516916059397]]}}, {"type": "Feature", "properties": {"SHAPE_Length": 24.589277420189585, "OBJECTID": 21261173, "COV_SOURCE_KEY": "400491", "UPDATED_DATE": 1270104203000, "COV_DATE_UPDATE": 1270104203000, "TBFID": 469859, "ORACLE_ID": "__FJAD9B", "UNIT_ID_1": "T__FP6IHS", "UNIT_ID_2": "T__FP5QN2", "MAIN_COMP1": 43, "MAIN_KEY_1": 195750, "MAIN_COMP2": 43, "MAIN_KEY_2": 154035, "ADDRESS_KEY": 155893, "INSTALLATION_DATE": -1230739200000, "DEPTH_OF_COVER_M": 0, "RESTRAINED_JOINT": 0, "CATHODICALLY_PROTECTED": 0, "REMARKS": null, "ASSET_DESCRIPTION": "1000 MATTHEWS AV", "SPLIT_ON_CITYSIDE": null, "COMPKEY": 276030, "COMPTYPE": 41, "COATING_DATE": null, "LINING_DATE": null, "UPDATED_BY": "enfoz", "WATERMAIN_KEY": 53462, "BUN": null, "PIPE_LENGTH_M": 24.58877244, "PARALLEL_LINE_NUMBER": null, "PRESSURE_ZONE": null, "PIPE_USE": "Water Main", "SERVICE_STATUS": "Out of Service-Abandoned", "SUBSYSTEM": "<blank>", "OWNER": "COVAV", "OPERATOR": "COVAV", "DIAMETER": "150 mm", "PIPE_CLASS": null, "MATERIAL": "Cast Iron", "LINING_MATERIAL": "blank", "COATING_MATERIAL": "blank", "FACET": "N15", "CONNECTION_TYPE": null, "DOMESTIC_DIAMETER": null, "DOMESTIC_MATERIAL": null, "FIRE_LIN_DIAMETER": null, "INSTALLED_BY": "City of Vancouver", "FIRE_LIN_MATERIAL": null, "MAP_TOOLTIP": "150 CI n/a 1931", "UPDATED_DATE_iso": "2010-04-01", "COV_DATE_UPDATE_iso": "2010-04-01", "INSTALLATION_DATE_iso": "1931-01-01"}, "geometry": {"type": "LineString", "coordinates": [[-123.1286698139978, 49.25356749058228], [-123.12853678729795, 49.25336416670274]]}}, {"type": "Feature", "properties": {"SHAPE_Length": 4.279639822321789, "OBJECTID": 21261420, "COV_SOURCE_KEY": "400317", "UPDATED_DATE": 1270104136000, "COV_DATE_UPDATE": 1270104136000, "TBFID": 469192, "ORACLE_ID": "__FJAD7Q", "UNIT_ID_1": "T__FPAM2O", "UNIT_ID_2": "T__FP5TBP", "MAIN_COMP1": 43, "MAIN_KEY_1": 201926, "MAIN_COMP2": 43, "MAIN_KEY_2": 158107, "ADDRESS_KEY": 148951, "INSTALLATION_DATE": null, "DEPTH_OF_COVER_M": 0.9100000262260437, "RESTRAINED_JOINT": 0, "CATHODICALLY_PROTECTED": 0, "REMARKS": null, "ASSET_DESCRIPTION": "500 W KING EDWARD AV", "SPLIT_ON_CITYSIDE": null, "COMPKEY": 275969, "COMPTYPE": 41, "COATING_DATE": null, "LINING_DATE": null, "UPDATED_BY": "enfoz", "WATERMAIN_KEY": 53414, "BUN": null, "PIPE_LENGTH_M": 4.27936558, "PARALLEL_LINE_NUMBER": null, "PRESSURE_ZONE": null, "PIPE_USE": "Water Main", "SERVICE_STATUS": "Out of Service-Abandoned", "SUBSYSTEM": "Distribution", "OWNER": "COVAV", "OPERATOR": "COVAV", "DIAMETER": "300 mm", "PIPE_CLASS": null, "MATERIAL": "Cast Iron", "LINING_MATERIAL": "blank", "COATING_MATERIAL": "blank", "FACET": "O16", "CONNECTION_TYPE": null, "DOMESTIC_DIAMETER": null, "DOMESTIC_MATERIAL": null, "FIRE_LIN_DIAMETER": null, "INSTALLED_BY": "City of Vancouver", "FIRE_LIN_MATERIAL": null, "MAP_TOOLTIP": "300 CI n/a ", "UPDATED_DATE_iso": "2010-04-01", "COV_DATE_UPDATE_iso": "2010-04-01"}, "geometry": {"type": "LineString", "coordinates": [[-123.11838184542157, 49.24904239530252], [-123.11838092064751, 49.24908088683797]]}}, {"type": "Feature", "properties": {"SHAPE_Length": 0.8314385127200152, "OBJECTID": 21261422, "COV_SOURCE_KEY": "400320", "UPDATED_DATE": 1270104137000, "COV_DATE_UPDATE": 1270104137000, "TBFID": 469195, "ORACLE_ID": "__FJAD7T", "UNIT_ID_1": "T__FP6L8A", "UNIT_ID_2": "T__FP63CI", "MAIN_COMP1": 43, "MAIN_KEY_1": 199767, "MAIN_COMP2": 43, "MAIN_KEY_2": 173132, "ADDRESS_KEY": 151546, "INSTALLATION_DATE": -1325433600000, "DEPTH_OF_COVER_M": 1.2200000286102295, "RESTRAINED_JOINT": 0, "CATHODICALLY_PROTECTED": 0, "REMARKS": null, "ASSET_DESCRIPTION": "500 W KING EDWARD AV", "SPLIT_ON_CITYSIDE": null, "COMPKEY": 275973, "COMPTYPE": 41, "COATING_DATE": null, "LINING_DATE": null, "UPDATED_BY": "enfoz", "WATERMAIN_KEY": 53417, "BUN": null, "PIPE_LENGTH_M": 0.831, "PARALLEL_LINE_NUMBER": null, "PRESSURE_ZONE": null, "PIPE_USE": "Water Main", "SERVICE_STATUS": "Out of Service-Abandoned", "SUBSYSTEM": "Transmission", "OWNER": "COVAV", "OPERATOR": "COVAV", "DIAMETER": "450 mm", "PIPE_CLASS": null, "MATERIAL": "Steel", "LINING_MATERIAL": "blank", "COATING_MATERIAL": "blank", "FACET": "O16", "CONNECTION_TYPE": null, "DOMESTIC_DIAMETER": null, "DOMESTIC_MATERIAL": null, "FIRE_LIN_DIAMETER": null, "INSTALLED_BY": "City of Vancouver", "FIRE_LIN_MATERIAL": null, "MAP_TOOLTIP": "450 S n/a 1928", "UPDATED_DATE_iso": "2010-04-01", "COV_DATE_UPDATE_iso": "2010-04-01", "INSTALLATION_DATE_iso": "1928-01-01"}, "geometry": {"type": "LineString", "coordinates": [[-123.11553664330305, 49.24897376353406], [-123.1155480622489, 49.248973994985455]]}}, {"type": "Feature", "properties": {"SHAPE_Length": 6.177339636621292, "OBJECTID": 21261462, "COV_SOURCE_KEY": "400322", "UPDATED_DATE": 1270104137000, "COV_DATE_UPDATE": 1270104137000, "TBFID": 469197, "ORACLE_ID": "__FJAD7V", "UNIT_ID_1": "T__FP5N3X", "UNIT_ID_2": "T__FP6HQY", "MAIN_COMP1": 43, "MAIN_KEY_1": 148636, "MAIN_COMP2": 43, "MAIN_KEY_2": 194631, "ADDRESS_KEY": 156485, "INSTALLATION_DATE": -1262275200000, "DEPTH_OF_COVER_M": 0.9100000262260437, "RESTRAINED_JOINT": 0, "CATHODICALLY_PROTECTED": 0, "REMARKS": null, "ASSET_DESCRIPTION": "4100 ASH ST", "SPLIT_ON_CITYSIDE": null, "COMPKEY": 275976, "COMPTYPE": 41, "COATING_DATE": null, "LINING_DATE": null, "UPDATED_BY": "enfoz", "WATERMAIN_KEY": 53419, "BUN": null, "PIPE_LENGTH_M": 6.1775, "PARALLEL_LINE_NUMBER": null, "PRESSURE_ZONE": null, "PIPE_USE": "Water Main", "SERVICE_STATUS": "Out of Service-Abandoned", "SUBSYSTEM": "Distribution", "OWNER": "COVAV", "OPERATOR": "COVAV", "DIAMETER": "150 mm", "PIPE_CLASS": null, "MATERIAL": "Cast Iron", "LINING_MATERIAL": "blank", "COATING_MATERIAL": "blank", "FACET": "O16", "CONNECTION_TYPE": null, "DOMESTIC_DIAMETER": null, "DOMESTIC_MATERIAL": null, "FIRE_LIN_DIAMETER": null, "INSTALLED_BY": "City of Vancouver", "FIRE_LIN_MATERIAL": null, "MAP_TOOLTIP": "150 CI n/a 1930", "UPDATED_DATE_iso": "2010-04-01", "COV_DATE_UPDATE_iso": "2010-04-01", "INSTALLATION_DATE_iso": "1930-01-01"}, "geometry": {"type": "LineString", "coordinates": [[-123.11838697468885, 49.24891190524274], [-123.11838477160859, 49.248967453044784]]}}, {"type": "Feature", "properties": {"SHAPE_Length": 3.6513696064651526, "OBJECTID": 21261463, "COV_SOURCE_KEY": "400323", "UPDATED_DATE": 1380721921000, "COV_DATE_UPDATE": 1380721921000, "TBFID": 469198, "ORACLE_ID": "__FJAD7Y", "UNIT_ID_1": "59531", "UNIT_ID_2": "4203303", "MAIN_COMP1": 46, "MAIN_KEY_1": 102585, "MAIN_COMP2": 43, "MAIN_KEY_2": 821732, "ADDRESS_KEY": 152794, "INSTALLATION_DATE": -378662400000, "DEPTH_OF_COVER_M": 0.9100000262260437, "RESTRAINED_JOINT": 0, "CATHODICALLY_PROTECTED": 0, "REMARKS": null, "ASSET_DESCRIPTION": "200 300  W 22ND AV", "SPLIT_ON_CITYSIDE": null, "COMPKEY": 275977, "COMPTYPE": 41, "COATING_DATE": null, "LINING_DATE": null, "UPDATED_BY": "enyamw", "WATERMAIN_KEY": 53420, "BUN": null, "PIPE_LENGTH_M": 3.65135572, "PARALLEL_LINE_NUMBER": null, "PRESSURE_ZONE": null, "PIPE_USE": "Water Main", "SERVICE_STATUS": "Out of Service-Abandoned", "SUBSYSTEM": "Distribution", "OWNER": "COVAV", "OPERATOR": "COVAV", "DIAMETER": "150 mm", "PIPE_CLASS": null, "MATERIAL": "Cast Iron", "LINING_MATERIAL": "blank", "COATING_MATERIAL": "blank", "FACET": "O15", "CONNECTION_TYPE": null, "DOMESTIC_DIAMETER": null, "DOMESTIC_MATERIAL": null, "FIRE_LIN_DIAMETER": null, "INSTALLED_BY": "City of Vancouver", "FIRE_LIN_MATERIAL": null, "MAP_TOOLTIP": "150 CI n/a 1958", "UPDATED_DATE_iso": "2013-10-02", "COV_DATE_UPDATE_iso": "2013-10-02", "INSTALLATION_DATE_iso": "1958-01-01"}, "geometry": {"type": "LineString", "coordinates": [[-123.11261934693745, 49.25108953315563], [-123.11256918981518, 49.25108868251341]]}}, {"type": "Feature", "properties": {"SHAPE_Length": 11.663756513384865, "OBJECTID": 21261699, "COV_SOURCE_KEY": "400477", "UPDATED_DATE": 1270104198000, "COV_DATE_UPDATE": 1270104198000, "TBFID": 469845, "ORACLE_ID": "__FJAD8U", "UNIT_ID_1": "T__FP57U6", "UNIT_ID_2": "T__FP6033", "MAIN_COMP1": 43, "MAIN_KEY_1": 124318, "MAIN_COMP2": 43, "MAIN_KEY_2": 168343, "ADDRESS_KEY": 149889, "INSTALLATION_DATE": null, "DEPTH_OF_COVER_M": 0, "RESTRAINED_JOINT": 0, "CATHODICALLY_PROTECTED": 0, "REMARKS": null, "ASSET_DESCRIPTION": "3700 HEATHER ST", "SPLIT_ON_CITYSIDE": null, "COMPKEY": 276012, "COMPTYPE": 41, "COATING_DATE": null, "LINING_DATE": null, "UPDATED_BY": "enfoz", "WATERMAIN_KEY": 53448, "BUN": null, "PIPE_LENGTH_M": 11.66355221, "PARALLEL_LINE_NUMBER": null, "PRESSURE_ZONE": null, "PIPE_USE": "Water Main", "SERVICE_STATUS": "Out of Service-Abandoned", "SUBSYSTEM": "<blank>", "OWNER": "COVAV", "OPERATOR": "COVAV", "DIAMETER": "150 mm", "PIPE_CLASS": null, "MATERIAL": "Cast Iron", "LINING_MATERIAL": "blank", "COATING_MATERIAL": "blank", "FACET": "O15", "CONNECTION_TYPE": null, "DOMESTIC_DIAMETER": null, "DOMESTIC_MATERIAL": null, "FIRE_LIN_DIAMETER": null, "INSTALLED_BY": "City of Vancouver", "FIRE_LIN_MATERIAL": null, "MAP_TOOLTIP": "150 CI n/a ", "UPDATED_DATE_iso": "2010-04-01", "COV_DATE_UPDATE_iso": "2010-04-01"}, "geometry": {"type": "LineString", "coordinates": [[-123.12024326706596, 49.251684260386774], [-123.1202470797419, 49.25157937208624]]}}, {"type": "Feature", "properties": {"SHAPE_Length": 0.32016124681428526, "OBJECTID": 21261701, "COV_SOURCE_KEY": "400479", "UPDATED_DATE": 1270104198000, "COV_DATE_UPDATE": 1270104198000, "TBFID": 469847, "ORACLE_ID": "__FJAD8W", "UNIT_ID_1": "T__FP5KXB", "UNIT_ID_2": "T__FP5XGW", "MAIN_COMP1": 43, "MAIN_KEY_1": 145178, "MAIN_COMP2": 43, "MAIN_KEY_2": 164441, "ADDRESS_KEY": 149197, "INSTALLATION_DATE": 662716800000, "DEPTH_OF_COVER_M": 0, "RESTRAINED_JOINT": 0, "CATHODICALLY_PROTECTED": 0, "REMARKS": null, "ASSET_DESCRIPTION": "3800 HEATHER ST", "SPLIT_ON_CITYSIDE": null, "COMPKEY": 276015, "COMPTYPE": 41, "COATING_DATE": null, "LINING_DATE": null, "UPDATED_BY": "enfoz", "WATERMAIN_KEY": 53450, "BUN": null, "PIPE_LENGTH_M": 0.32015502, "PARALLEL_LINE_NUMBER": null, "PRESSURE_ZONE": null, "PIPE_USE": "Water Main", "SERVICE_STATUS": "Out of Service-Abandoned", "SUBSYSTEM": "<blank>", "OWNER": "COVAV", "OPERATOR": "COVAV", "DIAMETER": "150 mm", "PIPE_CLASS": null, "MATERIAL": "Ductile Iron", "LINING_MATERIAL": "Cement Lined", "COATING_MATERIAL": "blank", "FACET": "O15", "CONNECTION_TYPE": null, "DOMESTIC_DIAMETER": null, "DOMESTIC_MATERIAL": null, "FIRE_LIN_DIAMETER": null, "INSTALLED_BY": "City of Vancouver", "FIRE_LIN_MATERIAL": null, "MAP_TOOLTIP": "150 DI CL 1991", "UPDATED_DATE_iso": "2010-04-01", "COV_DATE_UPDATE_iso": "2010-04-01", "INSTALLATION_DATE_iso": "1991-01-01"}, "geometry": {"type": "LineString", "coordinates": [[-123.12027969242013, 49.25080072033177], [-123.12027969263866, 49.25080081028381], [-123.1202795620027, 49.25080359894018]]}}, {"type": "Feature", "properties": {"SHAPE_Length": 0.900000000372529, "OBJECTID": 21262260, "COV_SOURCE_KEY": "385903", "UPDATED_DATE": 1463123996000, "COV_DATE_UPDATE": 1463123996000, "TBFID": 451093, "ORACLE_ID": "__FJ9Y9Z", "UNIT_ID_1": "T__FJF8ZW", "UNIT_ID_2": "T__FJEZZ2", "MAIN_COMP1": 43, "MAIN_KEY_1": 102627, "MAIN_COMP2": 43, "MAIN_KEY_2": 82971, "ADDRESS_KEY": 149196, "INSTALLATION_DATE": -220896000000, "DEPTH_OF_COVER_M": 0.9100000262260437, "RESTRAINED_JOINT": 0, "CATHODICALLY_PROTECTED": 0, "REMARKS": null, "ASSET_DESCRIPTION": "4000 WILLOW ST", "SPLIT_ON_CITYSIDE": null, "COMPKEY": 255467, "COMPTYPE": 41, "COATING_DATE": null, "LINING_DATE": null, "UPDATED_BY": "ENHANMGETASK", "WATERMAIN_KEY": 37930, "BUN": null, "PIPE_LENGTH_M": 0.9, "PARALLEL_LINE_NUMBER": null, "PRESSURE_ZONE": 172, "PIPE_USE": "Water Main", "SERVICE_STATUS": "Out of Service-Abandoned", "SUBSYSTEM": "Distribution", "OWNER": "COVAV", "OPERATOR": "COVAV", "DIAMETER": "150 mm", "PIPE_CLASS": null, "MATERIAL": "Cast Iron", "LINING_MATERIAL": "Cement Lined", "COATING_MATERIAL": "blank", "FACET": "N16", "CONNECTION_TYPE": null, "DOMESTIC_DIAMETER": null, "DOMESTIC_MATERIAL": null, "FIRE_LIN_DIAMETER": null, "INSTALLED_BY": "City of Vancouver", "FIRE_LIN_MATERIAL": null, "MAP_TOOLTIP": "150 CI CL 1963", "UPDATED_DATE_iso": "2016-05-13", "COV_DATE_UPDATE_iso": "2016-05-13", "INSTALLATION_DATE_iso": "1963-01-01"}, "geometry": {"type": "LineString", "coordinates": [[-123.1223956793412, 49.249277647820115], [-123.12239569935365, 49.24928574350551]]}}, {"type": "Feature", "properties": {"SHAPE_Length": 1.5592947121686933, "OBJECTID": 21262261, "COV_SOURCE_KEY": "385905", "UPDATED_DATE": 1270097067000, "COV_DATE_UPDATE": 1270097067000, "TBFID": 451095, "ORACLE_ID": "__FJ9YA4", "UNIT_ID_1": "T__FP5BEB", "UNIT_ID_2": "T__FP55SZ", "MAIN_COMP1": 43, "MAIN_KEY_1": 129953, "MAIN_COMP2": 43, "MAIN_KEY_2": 121114, "ADDRESS_KEY": 149345, "INSTALLATION_DATE": null, "DEPTH_OF_COVER_M": 0.9100000262260437, "RESTRAINED_JOINT": 0, "CATHODICALLY_PROTECTED": 0, "REMARKS": null, "ASSET_DESCRIPTION": "600 W KING EDWARD AV", "SPLIT_ON_CITYSIDE": null, "COMPKEY": 255470, "COMPTYPE": 41, "COATING_DATE": null, "LINING_DATE": null, "UPDATED_BY": "enfoz", "WATERMAIN_KEY": 37932, "BUN": null, "PIPE_LENGTH_M": 1.55929798, "PARALLEL_LINE_NUMBER": null, "PRESSURE_ZONE": null, "PIPE_USE": "Water Main", "SERVICE_STATUS": "Out of Service-Abandoned", "SUBSYSTEM": "Distribution", "OWNER": "COVAV", "OPERATOR": "COVAV", "DIAMETER": "300 mm", "PIPE_CLASS": null, "MATERIAL": "Cast Iron", "LINING_MATERIAL": "blank", "COATING_MATERIAL": "blank", "FACET": "O16", "CONNECTION_TYPE": null, "DOMESTIC_DIAMETER": null, "DOMESTIC_MATERIAL": null, "FIRE_LIN_DIAMETER": null, "INSTALLED_BY": "City of Vancouver", "FIRE_LIN_MATERIAL": null, "MAP_TOOLTIP": "300 CI n/a ", "UPDATED_DATE_iso": "2010-04-01", "COV_DATE_UPDATE_iso": "2010-04-01"}, "geometry": {"type": "LineString", "coordinates": [[-123.12022621762175, 49.24906571336538], [-123.12024751919047, 49.249067220385726]]}}, {"type": "Feature", "properties": {"SHAPE_Length": 15.446025928672015, "OBJECTID": 21262272, "COV_SOURCE_KEY": "386067", "UPDATED_DATE": 1270097125000, "COV_DATE_UPDATE": 1270097125000, "TBFID": 451751, "ORACLE_ID": "__FJ9YBA", "UNIT_ID_1": "T__FP5OYN", "UNIT_ID_2": "T__FP6240", "MAIN_COMP1": 43, "MAIN_KEY_1": 151492, "MAIN_COMP2": 43, "MAIN_KEY_2": 171284, "ADDRESS_KEY": 152722, "INSTALLATION_DATE": -220896000000, "DEPTH_OF_COVER_M": 0, "RESTRAINED_JOINT": 0, "CATHODICALLY_PROTECTED": 0, "REMARKS": null, "ASSET_DESCRIPTION": "3900 HEATHER ST", "SPLIT_ON_CITYSIDE": null, "COMPKEY": 255525, "COMPTYPE": 41, "COATING_DATE": null, "LINING_DATE": null, "UPDATED_BY": "enfoz", "WATERMAIN_KEY": 37969, "BUN": null, "PIPE_LENGTH_M": 15.44572998, "PARALLEL_LINE_NUMBER": null, "PRESSURE_ZONE": null, "PIPE_USE": "Water Main", "SERVICE_STATUS": "Out of Service-Abandoned", "SUBSYSTEM": "<blank>", "OWNER": "COVAV", "OPERATOR": "COVAV", "DIAMETER": "200 mm", "PIPE_CLASS": null, "MATERIAL": "Cast Iron", "LINING_MATERIAL": "Cement Lined", "COATING_MATERIAL": "blank", "FACET": "O15", "CONNECTION_TYPE": null, "DOMESTIC_DIAMETER": null, "DOMESTIC_MATERIAL": null, "FIRE_LIN_DIAMETER": null, "INSTALLED_BY": "City of Vancouver", "FIRE_LIN_MATERIAL": null, "MAP_TOOLTIP": "200 CI CL 1963", "UPDATED_DATE_iso": "2010-04-01", "COV_DATE_UPDATE_iso": "2010-04-01", "INSTALLATION_DATE_iso": "1963-01-01"}, "geometry": {"type": "LineString", "coordinates": [[-123.12030155968426, 49.250197765452654], [-123.120306636088, 49.250058864849265]]}}, {"type": "Feature", "properties": {"SHAPE_Length": 5.102482728831148, "OBJECTID": 21262273, "COV_SOURCE_KEY": "386068", "UPDATED_DATE": 1270097125000, "COV_DATE_UPDATE": 1270097125000, "TBFID": 451752, "ORACLE_ID": "__FJ9YBB", "UNIT_ID_1": "T__FP5SOH", "UNIT_ID_2": "T__FP5Q7E", "MAIN_COMP1": 43, "MAIN_KEY_1": 157140, "MAIN_COMP2": 43, "MAIN_KEY_2": 153384, "ADDRESS_KEY": 152621, "INSTALLATION_DATE": -220896000000, "DEPTH_OF_COVER_M": 0, "RESTRAINED_JOINT": 0, "CATHODICALLY_PROTECTED": 0, "REMARKS": null, "ASSET_DESCRIPTION": "4000 HEATHER ST", "SPLIT_ON_CITYSIDE": null, "COMPKEY": 255526, "COMPTYPE": 41, "COATING_DATE": null, "LINING_DATE": null, "UPDATED_BY": "enfoz", "WATERMAIN_KEY": 37970, "BUN": null, "PIPE_LENGTH_M": 5.10242228, "PARALLEL_LINE_NUMBER": null, "PRESSURE_ZONE": null, "PIPE_USE": "Water Main", "SERVICE_STATUS": "Out of Service-Abandoned", "SUBSYSTEM": "<blank>", "OWNER": "COVAV", "OPERATOR": "COVAV", "DIAMETER": "200 mm", "PIPE_CLASS": null, "MATERIAL": "Cast Iron", "LINING_MATERIAL": "Cement Lined", "COATING_MATERIAL": "blank", "FACET": "O15", "CONNECTION_TYPE": null, "DOMESTIC_DIAMETER": null, "DOMESTIC_MATERIAL": null, "FIRE_LIN_DIAMETER": null, "INSTALLED_BY": "City of Vancouver", "FIRE_LIN_MATERIAL": null, "MAP_TOOLTIP": "200 CI CL 1963", "UPDATED_DATE_iso": "2010-04-01", "COV_DATE_UPDATE_iso": "2010-04-01", "INSTALLATION_DATE_iso": "1963-01-01"}, "geometry": {"type": "LineString", "coordinates": [[-123.12030729317752, 49.25004088270376], [-123.12030887180345, 49.24999499640036]]}}, {"type": "Feature", "properties": {"SHAPE_Length": 43.28735732291243, "OBJECTID": 21262274, "COV_SOURCE_KEY": "386069", "UPDATED_DATE": 1457972988000, "COV_DATE_UPDATE": 1457972988000, "TBFID": 451753, "ORACLE_ID": "__FJ9YBD", "UNIT_ID_1": "142118", "UNIT_ID_2": "72603", "MAIN_COMP1": 43, "MAIN_KEY_1": 47742, "MAIN_COMP2": 46, "MAIN_KEY_2": 63281, "ADDRESS_KEY": 157544, "INSTALLATION_DATE": -220896000000, "DEPTH_OF_COVER_M": 0.9100000262260437, "RESTRAINED_JOINT": 0, "CATHODICALLY_PROTECTED": 0, "REMARKS": null, "ASSET_DESCRIPTION": "700 W 24TH AV", "SPLIT_ON_CITYSIDE": null, "COMPKEY": 255527, "COMPTYPE": 41, "COATING_DATE": null, "LINING_DATE": null, "UPDATED_BY": "enyamw", "WATERMAIN_KEY": 37971, "BUN": null, "PIPE_LENGTH_M": 43.28748715, "PARALLEL_LINE_NUMBER": null, "PRESSURE_ZONE": null, "PIPE_USE": "Water Main", "SERVICE_STATUS": "Out of Service-Abandoned", "SUBSYSTEM": "Distribution", "OWNER": "COVAV", "OPERATOR": "COVAV", "DIAMETER": "150 mm", "PIPE_CLASS": null, "MATERIAL": "Cast Iron", "LINING_MATERIAL": "Cement Lined", "COATING_MATERIAL": "blank", "FACET": "O15", "CONNECTION_TYPE": null, "DOMESTIC_DIAMETER": null, "DOMESTIC_MATERIAL": null, "FIRE_LIN_DIAMETER": null, "INSTALLED_BY": "City of Vancouver", "FIRE_LIN_MATERIAL": null, "MAP_TOOLTIP": "150 CI CL 1963", "UPDATED_DATE_iso": "2016-03-14", "COV_DATE_UPDATE_iso": "2016-03-14", "INSTALLATION_DATE_iso": "1963-01-01"}, "geometry": {"type": "LineString", "coordinates": [[-123.12108542270542, 49.25006837779082], [-123.120491092463, 49.250052825728005]]}}, {"type": "Feature", "properties": {"SHAPE_Length": 6.761230730950335, "OBJECTID": 21262372, "COV_SOURCE_KEY": "385820", "UPDATED_DATE": 1467098410000, "COV_DATE_UPDATE": 1467098410000, "TBFID": 450715, "ORACLE_ID": "__FJ9Y92", "UNIT_ID_1": "861909", "UNIT_ID_2": "228991", "MAIN_COMP1": 43, "MAIN_KEY_1": 37446, "MAIN_COMP2": 43, "MAIN_KEY_2": 199890, "ADDRESS_KEY": 150172, "INSTALLATION_DATE": -31507200000, "DEPTH_OF_COVER_M": 0.9100000262260437, "RESTRAINED_JOINT": 0, "CATHODICALLY_PROTECTED": 0, "REMARKS": null, "ASSET_DESCRIPTION": "3500 TUPPER ST", "SPLIT_ON_CITYSIDE": null, "COMPKEY": 255439, "COMPTYPE": 41, "COATING_DATE": null, "LINING_DATE": null, "UPDATED_BY": "ENHANMGETASK", "WATERMAIN_KEY": 37910, "BUN": null, "PIPE_LENGTH_M": 6.76117719, "PARALLEL_LINE_NUMBER": null, "PRESSURE_ZONE": null, "PIPE_USE": "Water Main", "SERVICE_STATUS": "Out of Service-Abandoned", "SUBSYSTEM": "Distribution", "OWNER": "COVAV", "OPERATOR": "COVAV", "DIAMETER": "200 mm", "PIPE_CLASS": null, "MATERIAL": "Cast Iron", "LINING_MATERIAL": "Cement Lined", "COATING_MATERIAL": "blank", "FACET": "O15", "CONNECTION_TYPE": null, "DOMESTIC_DIAMETER": null, "DOMESTIC_MATERIAL": null, "FIRE_LIN_DIAMETER": null, "INSTALLED_BY": "City of Vancouver", "FIRE_LIN_MATERIAL": null, "MAP_TOOLTIP": "200 CI CL 1969", "UPDATED_DATE_iso": "2016-06-28", "COV_DATE_UPDATE_iso": "2016-06-28", "INSTALLATION_DATE_iso": "1969-01-01"}, "geometry": {"type": "LineString", "coordinates": [[-123.11606896466488, 49.25335147647169], [-123.11607059478159, 49.25329066712706]]}}, {"type": "Feature", "properties": {"SHAPE_Length": 1.810441935520429, "OBJECTID": 21262373, "COV_SOURCE_KEY": "385821", "UPDATED_DATE": 1467098411000, "COV_DATE_UPDATE": 1467098411000, "TBFID": 450716, "ORACLE_ID": "__FJ9Y93", "UNIT_ID_1": "74550", "UNIT_ID_2": "206014", "MAIN_COMP1": 46, "MAIN_KEY_1": 102545, "MAIN_COMP2": 43, "MAIN_KEY_2": 190573, "ADDRESS_KEY": 152235, "INSTALLATION_DATE": -1230739200000, "DEPTH_OF_COVER_M": 0.9100000262260437, "RESTRAINED_JOINT": 0, "CATHODICALLY_PROTECTED": 0, "REMARKS": null, "ASSET_DESCRIPTION": "3600 TUPPER ST", "SPLIT_ON_CITYSIDE": null, "COMPKEY": 255440, "COMPTYPE": 41, "COATING_DATE": null, "LINING_DATE": null, "UPDATED_BY": "ENHANMGETASK", "WATERMAIN_KEY": 37911, "BUN": null, "PIPE_LENGTH_M": 1.8104276, "PARALLEL_LINE_NUMBER": null, "PRESSURE_ZONE": null, "PIPE_USE": "Water Main", "SERVICE_STATUS": "Out of Service-Abandoned", "SUBSYSTEM": "Distribution", "OWNER": "COVAV", "OPERATOR": "COVAV", "DIAMETER": "150 mm", "PIPE_CLASS": null, "MATERIAL": "Cast Iron", "LINING_MATERIAL": "blank", "COATING_MATERIAL": "blank", "FACET": "O15", "CONNECTION_TYPE": null, "DOMESTIC_DIAMETER": null, "DOMESTIC_MATERIAL": null, "FIRE_LIN_DIAMETER": null, "INSTALLED_BY": "City of Vancouver", "FIRE_LIN_MATERIAL": null, "MAP_TOOLTIP": "150 CI n/a 1931", "UPDATED_DATE_iso": "2016-06-28", "COV_DATE_UPDATE_iso": "2016-06-28", "INSTALLATION_DATE_iso": "1931-01-01"}, "geometry": {"type": "LineString", "coordinates": [[-123.11607276971206, 49.25322778833312], [-123.11607328120682, 49.253211506465476]]}}, {"type": "Feature", "properties": {"SHAPE_Length": 7.088592595855746, "OBJECTID": 21262500, "COV_SOURCE_KEY": "384923", "UPDATED_DATE": 1457972999000, "COV_DATE_UPDATE": 1457972999000, "TBFID": 452938, "ORACLE_ID": "__FJ9XOF", "UNIT_ID_1": "72603", "UNIT_ID_2": "4294194", "MAIN_COMP1": 46, "MAIN_KEY_1": 63281, "MAIN_COMP2": 43, "MAIN_KEY_2": 872218, "ADDRESS_KEY": 157544, "INSTALLATION_DATE": -220896000000, "DEPTH_OF_COVER_M": 0.9100000262260437, "RESTRAINED_JOINT": 0, "CATHODICALLY_PROTECTED": 0, "REMARKS": null, "ASSET_DESCRIPTION": "700 W 24TH AV", "SPLIT_ON_CITYSIDE": null, "COMPKEY": 254621, "COMPTYPE": 41, "COATING_DATE": null, "LINING_DATE": null, "UPDATED_BY": "enyamw", "WATERMAIN_KEY": 37327, "BUN": null, "PIPE_LENGTH_M": 7.0885926, "PARALLEL_LINE_NUMBER": null, "PRESSURE_ZONE": 172, "PIPE_USE": "Water Main", "SERVICE_STATUS": "Out of Service-Abandoned", "SUBSYSTEM": "Distribution", "OWNER": "COVAV", "OPERATOR": "COVAV", "DIAMETER": "150 mm", "PIPE_CLASS": null, "MATERIAL": "Cast Iron", "LINING_MATERIAL": "Cement Lined", "COATING_MATERIAL": "blank", "FACET": "O15", "CONNECTION_TYPE": null, "DOMESTIC_DIAMETER": null, "DOMESTIC_MATERIAL": null, "FIRE_LIN_DIAMETER": null, "INSTALLED_BY": "City of Vancouver", "FIRE_LIN_MATERIAL": null, "MAP_TOOLTIP": "150 CI CL 1963", "UPDATED_DATE_iso": "2016-03-14", "COV_DATE_UPDATE_iso": "2016-03-14", "INSTALLATION_DATE_iso": "1963-01-01"}, "geometry": {"type": "LineString", "coordinates": [[-123.120491092463, 49.250052825728005], [-123.12039378650367, 49.25004997673285]]}}, {"type": "Feature", "properties": {"SHAPE_Length": 6.7529917075450046, "OBJECTID": 21262581, "COV_SOURCE_KEY": "385973", "UPDATED_DATE": 1270097092000, "COV_DATE_UPDATE": 1270097092000, "TBFID": 451360, "ORACLE_ID": "__FJ9YA9", "UNIT_ID_1": "T__FP6CIU", "UNIT_ID_2": "T__FP6A2M", "MAIN_COMP1": 43, "MAIN_KEY_1": 186900, "MAIN_COMP2": 43, "MAIN_KEY_2": 183251, "ADDRESS_KEY": 152621, "INSTALLATION_DATE": -220896000000, "DEPTH_OF_COVER_M": 0, "RESTRAINED_JOINT": 0, "CATHODICALLY_PROTECTED": 0, "REMARKS": null, "ASSET_DESCRIPTION": "4000 HEATHER ST", "SPLIT_ON_CITYSIDE": null, "COMPKEY": 255477, "COMPTYPE": 41, "COATING_DATE": null, "LINING_DATE": null, "UPDATED_BY": "enfoz", "WATERMAIN_KEY": 37937, "BUN": null, "PIPE_LENGTH_M": 6.7529353, "PARALLEL_LINE_NUMBER": null, "PRESSURE_ZONE": null, "PIPE_USE": "Water Main", "SERVICE_STATUS": "Out of Service-Abandoned", "SUBSYSTEM": "<blank>", "OWNER": "COVAV", "OPERATOR": "COVAV", "DIAMETER": "200 mm", "PIPE_CLASS": null, "MATERIAL": "Cast Iron", "LINING_MATERIAL": "Cement Lined", "COATING_MATERIAL": "blank", "FACET": "O16", "CONNECTION_TYPE": null, "DOMESTIC_DIAMETER": null, "DOMESTIC_MATERIAL": null, "FIRE_LIN_DIAMETER": null, "INSTALLED_BY": "City of Vancouver", "FIRE_LIN_MATERIAL": null, "MAP_TOOLTIP": "200 CI CL 1963", "UPDATED_DATE_iso": "2010-04-01", "COV_DATE_UPDATE_iso": "2010-04-01", "INSTALLATION_DATE_iso": "1963-01-01"}, "geometry": {"type": "LineString", "coordinates": [[-123.1203297268961, 49.24925288628667], [-123.12033183277087, 49.249192157298744]]}}, {"type": "Feature", "properties": {"SHAPE_Length": 5.91798107430462, "OBJECTID": 21262582, "COV_SOURCE_KEY": "385974", "UPDATED_DATE": 1270097092000, "COV_DATE_UPDATE": 1270097092000, "TBFID": 451361, "ORACLE_ID": "__FJ9YAA", "UNIT_ID_1": "T__FP55SZ", "UNIT_ID_2": "861918", "MAIN_COMP1": 43, "MAIN_KEY_1": 121114, "MAIN_COMP2": 43, "MAIN_KEY_2": 37444, "ADDRESS_KEY": 149345, "INSTALLATION_DATE": null, "DEPTH_OF_COVER_M": 0.9100000262260437, "RESTRAINED_JOINT": 0, "CATHODICALLY_PROTECTED": 0, "REMARKS": null, "ASSET_DESCRIPTION": "600 W KING EDWARD AV", "SPLIT_ON_CITYSIDE": null, "COMPKEY": 255478, "COMPTYPE": 41, "COATING_DATE": null, "LINING_DATE": null, "UPDATED_BY": "enfoz", "WATERMAIN_KEY": 37938, "BUN": null, "PIPE_LENGTH_M": 5.91799229, "PARALLEL_LINE_NUMBER": null, "PRESSURE_ZONE": null, "PIPE_USE": "Water Main", "SERVICE_STATUS": "Out of Service-Abandoned", "SUBSYSTEM": "Distribution", "OWNER": "COVAV", "OPERATOR": "COVAV", "DIAMETER": "300 mm", "PIPE_CLASS": null, "MATERIAL": "Cast Iron", "LINING_MATERIAL": "blank", "COATING_MATERIAL": "blank", "FACET": "O16", "CONNECTION_TYPE": null, "DOMESTIC_DIAMETER": null, "DOMESTIC_MATERIAL": null, "FIRE_LIN_DIAMETER": null, "INSTALLED_BY": "City of Vancouver", "FIRE_LIN_MATERIAL": null, "MAP_TOOLTIP": "300 CI n/a ", "UPDATED_DATE_iso": "2010-04-01", "COV_DATE_UPDATE_iso": "2010-04-01"}, "geometry": {"type": "LineString", "coordinates": [[-123.12024751919047, 49.249067220385726], [-123.12032655796834, 49.249079731416764]]}}, {"type": "Feature", "properties": {"SHAPE_Length": 0.8902246913240955, "OBJECTID": 21262690, "COV_SOURCE_KEY": "385977", "UPDATED_DATE": 1270097093000, "COV_DATE_UPDATE": 1270097093000, "TBFID": 451364, "ORACLE_ID": "__FJ9YAD", "UNIT_ID_1": "T__FP5AUL", "UNIT_ID_2": "T__FP6CIU", "MAIN_COMP1": 43, "MAIN_KEY_1": 129163, "MAIN_COMP2": 43, "MAIN_KEY_2": 186900, "ADDRESS_KEY": 152621, "INSTALLATION_DATE": -220896000000, "DEPTH_OF_COVER_M": 0, "RESTRAINED_JOINT": 0, "CATHODICALLY_PROTECTED": 0, "REMARKS": null, "ASSET_DESCRIPTION": "4000 HEATHER ST", "SPLIT_ON_CITYSIDE": null, "COMPKEY": 255483, "COMPTYPE": 41, "COATING_DATE": null, "LINING_DATE": null, "UPDATED_BY": "enfoz", "WATERMAIN_KEY": 37941, "BUN": null, "PIPE_LENGTH_M": 0.89021726, "PARALLEL_LINE_NUMBER": null, "PRESSURE_ZONE": null, "PIPE_USE": "Water Main", "SERVICE_STATUS": "Out of Service-Abandoned", "SUBSYSTEM": "<blank>", "OWNER": "COVAV", "OPERATOR": "COVAV", "DIAMETER": "200 mm", "PIPE_CLASS": null, "MATERIAL": "Cast Iron", "LINING_MATERIAL": "Cement Lined", "COATING_MATERIAL": "blank", "FACET": "O16", "CONNECTION_TYPE": null, "DOMESTIC_DIAMETER": null, "DOMESTIC_MATERIAL": null, "FIRE_LIN_DIAMETER": null, "INSTALLED_BY": "City of Vancouver", "FIRE_LIN_MATERIAL": null, "MAP_TOOLTIP": "200 CI CL 1963", "UPDATED_DATE_iso": "2010-04-01", "COV_DATE_UPDATE_iso": "2010-04-01", "INSTALLATION_DATE_iso": "1963-01-01"}, "geometry": {"type": "LineString", "coordinates": [[-123.12032947154003, 49.24926089230688], [-123.1203297268961, 49.24925288628667]]}}, {"type": "Feature", "properties": {"SHAPE_Length": 4.475069831486934, "OBJECTID": 21262697, "COV_SOURCE_KEY": "385984", "UPDATED_DATE": 1270097096000, "COV_DATE_UPDATE": 1270097096000, "TBFID": 451371, "ORACLE_ID": "__FJ9YAL", "UNIT_ID_1": "T__FPAM37", "UNIT_ID_2": "T__FPAM2Y", "MAIN_COMP1": 43, "MAIN_KEY_1": 201944, "MAIN_COMP2": 43, "MAIN_KEY_2": 201934, "ADDRESS_KEY": 149345, "INSTALLATION_DATE": 220953600000, "DEPTH_OF_COVER_M": 0.9100000262260437, "RESTRAINED_JOINT": 0, "CATHODICALLY_PROTECTED": 0, "REMARKS": null, "ASSET_DESCRIPTION": "600 W KING EDWARD AV", "SPLIT_ON_CITYSIDE": null, "COMPKEY": 255494, "COMPTYPE": 41, "COATING_DATE": null, "LINING_DATE": null, "UPDATED_BY": "enfoz", "WATERMAIN_KEY": 37948, "BUN": null, "PIPE_LENGTH_M": 4.47482914, "PARALLEL_LINE_NUMBER": null, "PRESSURE_ZONE": null, "PIPE_USE": "Water Main", "SERVICE_STATUS": "Out of Service-Abandoned", "SUBSYSTEM": "Distribution", "OWNER": "COVAV", "OPERATOR": "COVAV", "DIAMETER": "300 mm", "PIPE_CLASS": null, "MATERIAL": "Ductile Iron Concrete Lined", "LINING_MATERIAL": "blank", "COATING_MATERIAL": "blank", "FACET": "O16", "CONNECTION_TYPE": null, "DOMESTIC_DIAMETER": null, "DOMESTIC_MATERIAL": null, "FIRE_LIN_DIAMETER": null, "INSTALLED_BY": "City of Vancouver", "FIRE_LIN_MATERIAL": null, "MAP_TOOLTIP": "300 DICL n/a 1977", "UPDATED_DATE_iso": "2010-04-01", "COV_DATE_UPDATE_iso": "2010-04-01", "INSTALLATION_DATE_iso": "1977-01-01"}, "geometry": {"type": "LineString", "coordinates": [[-123.12033638237801, 49.249079685203455], [-123.1203978708166, 49.249079396261855]]}}, {"type": "Feature", "properties": {"SHAPE_Length": 5.480775492767124, "OBJECTID": 21262698, "COV_SOURCE_KEY": "385985", "UPDATED_DATE": 1270097096000, "COV_DATE_UPDATE": 1270097096000, "TBFID": 451372, "ORACLE_ID": "__FJ9YAM", "UNIT_ID_1": "T__FP5XAB", "UNIT_ID_2": "T__FP5BEB", "MAIN_COMP1": 43, "MAIN_KEY_1": 164168, "MAIN_COMP2": 43, "MAIN_KEY_2": 129953, "ADDRESS_KEY": 149345, "INSTALLATION_DATE": null, "DEPTH_OF_COVER_M": 0.9100000262260437, "RESTRAINED_JOINT": 0, "CATHODICALLY_PROTECTED": 0, "REMARKS": null, "ASSET_DESCRIPTION": "600 W KING EDWARD AV", "SPLIT_ON_CITYSIDE": null, "COMPKEY": 255495, "COMPTYPE": 41, "COATING_DATE": null, "LINING_DATE": null, "UPDATED_BY": "enfoz", "WATERMAIN_KEY": 37949, "BUN": null, "PIPE_LENGTH_M": 5.48078699, "PARALLEL_LINE_NUMBER": null, "PRESSURE_ZONE": null, "PIPE_USE": "Water Main", "SERVICE_STATUS": "Out of Service-Abandoned", "SUBSYSTEM": "Distribution", "OWNER": "COVAV", "OPERATOR": "COVAV", "DIAMETER": "300 mm", "PIPE_CLASS": null, "MATERIAL": "Cast Iron", "LINING_MATERIAL": "blank", "COATING_MATERIAL": "blank", "FACET": "O16", "CONNECTION_TYPE": null, "DOMESTIC_DIAMETER": null, "DOMESTIC_MATERIAL": null, "FIRE_LIN_DIAMETER": null, "INSTALLED_BY": "City of Vancouver", "FIRE_LIN_MATERIAL": null, "MAP_TOOLTIP": "300 CI n/a ", "UPDATED_DATE_iso": "2010-04-01", "COV_DATE_UPDATE_iso": "2010-04-01"}, "geometry": {"type": "LineString", "coordinates": [[-123.12015131895504, 49.249060574048585], [-123.12022621762175, 49.24906571336538]]}}, {"type": "Feature", "properties": {"SHAPE_Length": 44.82607056257501, "OBJECTID": 21262699, "COV_SOURCE_KEY": "385986", "UPDATED_DATE": 1457972993000, "COV_DATE_UPDATE": 1457972993000, "TBFID": 451373, "ORACLE_ID": "__FJ9YAO", "UNIT_ID_1": "59503", "UNIT_ID_2": "142121", "MAIN_COMP1": 46, "MAIN_KEY_1": 63269, "MAIN_COMP2": 43, "MAIN_KEY_2": 47741, "ADDRESS_KEY": 156845, "INSTALLATION_DATE": -220896000000, "DEPTH_OF_COVER_M": 0.9100000262260437, "RESTRAINED_JOINT": 0, "CATHODICALLY_PROTECTED": 0, "REMARKS": null, "ASSET_DESCRIPTION": "3900 WILLOW ST", "SPLIT_ON_CITYSIDE": null, "COMPKEY": 255497, "COMPTYPE": 41, "COATING_DATE": null, "LINING_DATE": null, "UPDATED_BY": "enyamw", "WATERMAIN_KEY": 37950, "BUN": null, "PIPE_LENGTH_M": 44.82565757, "PARALLEL_LINE_NUMBER": null, "PRESSURE_ZONE": null, "PIPE_USE": "Water Main", "SERVICE_STATUS": "Out of Service-Abandoned", "SUBSYSTEM": "Distribution", "OWNER": "COVAV", "OPERATOR": "COVAV", "DIAMETER": "150 mm", "PIPE_CLASS": null, "MATERIAL": "Cast Iron", "LINING_MATERIAL": "Cement Lined", "COATING_MATERIAL": "blank", "FACET": "N15", "CONNECTION_TYPE": null, "DOMESTIC_DIAMETER": null, "DOMESTIC_MATERIAL": null, "FIRE_LIN_DIAMETER": null, "INSTALLED_BY": "City of Vancouver", "FIRE_LIN_MATERIAL": null, "MAP_TOOLTIP": "150 CI CL 1963", "UPDATED_DATE_iso": "2016-03-14", "COV_DATE_UPDATE_iso": "2016-03-14", "INSTALLATION_DATE_iso": "1963-01-01"}, "geometry": {"type": "LineString", "coordinates": [[-123.1223451103977, 49.25021049761513], [-123.12232550849882, 49.250613513570556]]}}, {"type": "Feature", "properties": {"SHAPE_Length": 0.9013878192276207, "OBJECTID": 21262700, "COV_SOURCE_KEY": "385987", "UPDATED_DATE": 1457972991000, "COV_DATE_UPDATE": 1457972991000, "TBFID": 451374, "ORACLE_ID": "__FJ9YAP", "UNIT_ID_1": "142120", "UNIT_ID_2": "59504", "MAIN_COMP1": 43, "MAIN_KEY_1": 47740, "MAIN_COMP2": 46, "MAIN_KEY_2": 63271, "ADDRESS_KEY": 156845, "INSTALLATION_DATE": -220896000000, "DEPTH_OF_COVER_M": 0.9100000262260437, "RESTRAINED_JOINT": 0, "CATHODICALLY_PROTECTED": 0, "REMARKS": null, "ASSET_DESCRIPTION": "3900 WILLOW ST", "SPLIT_ON_CITYSIDE": null, "COMPKEY": 255498, "COMPTYPE": 41, "COATING_DATE": null, "LINING_DATE": null, "UPDATED_BY": "enyamw", "WATERMAIN_KEY": 37951, "BUN": null, "PIPE_LENGTH_M": 0.90137876, "PARALLEL_LINE_NUMBER": null, "PRESSURE_ZONE": null, "PIPE_USE": "Water Main", "SERVICE_STATUS": "Out of Service-Abandoned", "SUBSYSTEM": "Distribution", "OWNER": "COVAV", "OPERATOR": "COVAV", "DIAMETER": "150 mm", "PIPE_CLASS": null, "MATERIAL": "Cast Iron", "LINING_MATERIAL": "Cement Lined", "COATING_MATERIAL": "blank", "FACET": "N15", "CONNECTION_TYPE": null, "DOMESTIC_DIAMETER": null, "DOMESTIC_MATERIAL": null, "FIRE_LIN_DIAMETER": null, "INSTALLED_BY": "City of Vancouver", "FIRE_LIN_MATERIAL": null, "MAP_TOOLTIP": "150 CI CL 1963", "UPDATED_DATE_iso": "2016-03-14", "COV_DATE_UPDATE_iso": "2016-03-14", "INSTALLATION_DATE_iso": "1963-01-01"}, "geometry": {"type": "LineString", "coordinates": [[-123.12234203879554, 49.250630137238225], [-123.12234137175084, 49.25063823364928]]}}, {"type": "Feature", "properties": {"SHAPE_Length": 0.8805112159751735, "OBJECTID": 21262827, "COV_SOURCE_KEY": "385807", "UPDATED_DATE": 1270097032000, "COV_DATE_UPDATE": 1270097032000, "TBFID": 450702, "ORACLE_ID": "__FJ9Y8D", "UNIT_ID_1": "T__FP6BMT", "UNIT_ID_2": "T__FP6K4Q", "MAIN_COMP1": 43, "MAIN_KEY_1": 185551, "MAIN_COMP2": 43, "MAIN_KEY_2": 198163, "ADDRESS_KEY": 148951, "INSTALLATION_DATE": -220896000000, "DEPTH_OF_COVER_M": 0.9100000262260437, "RESTRAINED_JOINT": 0, "CATHODICALLY_PROTECTED": 0, "REMARKS": null, "ASSET_DESCRIPTION": "4000 ASH ST", "SPLIT_ON_CITYSIDE": null, "COMPKEY": 255422, "COMPTYPE": 41, "COATING_DATE": null, "LINING_DATE": null, "UPDATED_BY": "enfoz", "WATERMAIN_KEY": 37897, "BUN": null, "PIPE_LENGTH_M": 0.8812, "PARALLEL_LINE_NUMBER": null, "PRESSURE_ZONE": null, "PIPE_USE": "Water Main", "SERVICE_STATUS": "Out of Service-Abandoned", "SUBSYSTEM": "Distribution", "OWNER": "COVAV", "OPERATOR": "COVAV", "DIAMETER": "150 mm", "PIPE_CLASS": null, "MATERIAL": "Cast Iron", "LINING_MATERIAL": "Cement Lined", "COATING_MATERIAL": "blank", "FACET": "O15", "CONNECTION_TYPE": null, "DOMESTIC_DIAMETER": null, "DOMESTIC_MATERIAL": null, "FIRE_LIN_DIAMETER": null, "INSTALLED_BY": "City of Vancouver", "FIRE_LIN_MATERIAL": null, "MAP_TOOLTIP": "150 CI CL 1963", "UPDATED_DATE_iso": "2010-04-01", "COV_DATE_UPDATE_iso": "2010-04-01", "INSTALLATION_DATE_iso": "1963-01-01"}, "geometry": {"type": "LineString", "coordinates": [[-123.11835074794969, 49.24996109191066], [-123.11835114125213, 49.249953175706864]]}}, {"type": "Feature", "properties": {"SHAPE_Length": 1.2106609764865366, "OBJECTID": 21263016, "COV_SOURCE_KEY": "385889", "UPDATED_DATE": 1380721921000, "COV_DATE_UPDATE": 1380721921000, "TBFID": 450982, "ORACLE_ID": "__FJ9Y9C", "UNIT_ID_1": "59521", "UNIT_ID_2": "4203259", "MAIN_COMP1": 46, "MAIN_KEY_1": 102605, "MAIN_COMP2": 43, "MAIN_KEY_2": 821728, "ADDRESS_KEY": 148164, "INSTALLATION_DATE": -725817600000, "DEPTH_OF_COVER_M": 0.9100000262260437, "RESTRAINED_JOINT": 0, "CATHODICALLY_PROTECTED": 0, "REMARKS": null, "ASSET_DESCRIPTION": "400 W 22ND AV", "SPLIT_ON_CITYSIDE": null, "COMPKEY": 255448, "COMPTYPE": 41, "COATING_DATE": null, "LINING_DATE": null, "UPDATED_BY": "enyamw", "WATERMAIN_KEY": 37916, "BUN": null, "PIPE_LENGTH_M": 1.21065736, "PARALLEL_LINE_NUMBER": null, "PRESSURE_ZONE": null, "PIPE_USE": "Water Main", "SERVICE_STATUS": "Out of Service-Abandoned", "SUBSYSTEM": "Distribution", "OWNER": "COVAV", "OPERATOR": "COVAV", "DIAMETER": "150 mm", "PIPE_CLASS": null, "MATERIAL": "Cast Iron", "LINING_MATERIAL": "blank", "COATING_MATERIAL": "blank", "FACET": "O15", "CONNECTION_TYPE": null, "DOMESTIC_DIAMETER": null, "DOMESTIC_MATERIAL": null, "FIRE_LIN_DIAMETER": null, "INSTALLED_BY": "City of Vancouver", "FIRE_LIN_MATERIAL": null, "MAP_TOOLTIP": "150 CI n/a 1947", "UPDATED_DATE_iso": "2013-10-02", "COV_DATE_UPDATE_iso": "2013-10-02", "INSTALLATION_DATE_iso": "1947-01-01"}, "geometry": {"type": "LineString", "coordinates": [[-123.11513419868143, 49.25113170670362], [-123.11511757108057, 49.25113136346326]]}}, {"type": "Feature", "properties": {"SHAPE_Length": 77.64152658167883, "OBJECTID": 21263017, "COV_SOURCE_KEY": "385891", "UPDATED_DATE": 1270097062000, "COV_DATE_UPDATE": 1270097062000, "TBFID": 450984, "ORACLE_ID": "__FJ9Y9G", "UNIT_ID_1": "T__FP5FNN", "UNIT_ID_2": "T__FP57KE", "MAIN_COMP1": 43, "MAIN_KEY_1": 136382, "MAIN_COMP2": 43, "MAIN_KEY_2": 123865, "ADDRESS_KEY": 157520, "INSTALLATION_DATE": -220896000000, "DEPTH_OF_COVER_M": 0.9100000262260437, "RESTRAINED_JOINT": 0, "CATHODICALLY_PROTECTED": 0, "REMARKS": null, "ASSET_DESCRIPTION": "3700 ASH ST", "SPLIT_ON_CITYSIDE": null, "COMPKEY": 255450, "COMPTYPE": 41, "COATING_DATE": null, "LINING_DATE": null, "UPDATED_BY": "enfoz", "WATERMAIN_KEY": 37918, "BUN": null, "PIPE_LENGTH_M": 77.6411, "PARALLEL_LINE_NUMBER": null, "PRESSURE_ZONE": null, "PIPE_USE": "Water Main", "SERVICE_STATUS": "Out of Service-Abandoned", "SUBSYSTEM": "Distribution", "OWNER": "COVAV", "OPERATOR": "COVAV", "DIAMETER": "150 mm", "PIPE_CLASS": null, "MATERIAL": "Cast Iron", "LINING_MATERIAL": "Cement Lined", "COATING_MATERIAL": "blank", "FACET": "O15", "CONNECTION_TYPE": null, "DOMESTIC_DIAMETER": null, "DOMESTIC_MATERIAL": null, "FIRE_LIN_DIAMETER": null, "INSTALLED_BY": "City of Vancouver", "FIRE_LIN_MATERIAL": null, "MAP_TOOLTIP": "150 CI CL 1963", "UPDATED_DATE_iso": "2010-04-01", "COV_DATE_UPDATE_iso": "2010-04-01", "INSTALLATION_DATE_iso": "1963-01-01"}, "geometry": {"type": "LineString", "coordinates": [[-123.11826936422737, 49.252366912570636], [-123.1182976112519, 49.25166875523892]]}}, {"type": "Feature", "properties": {"SHAPE_Length": 5.252142420014119, "OBJECTID": 21263036, "COV_SOURCE_KEY": "386410", "UPDATED_DATE": 1270097247000, "COV_DATE_UPDATE": 1270097247000, "TBFID": 451010, "ORACLE_ID": "__FJ9YEG", "UNIT_ID_1": "T__FP5YJP", "UNIT_ID_2": "T__FP5E94", "MAIN_COMP1": 43, "MAIN_KEY_1": 166063, "MAIN_COMP2": 43, "MAIN_KEY_2": 134079, "ADDRESS_KEY": 156474, "INSTALLATION_DATE": -568051200000, "DEPTH_OF_COVER_M": 0, "RESTRAINED_JOINT": 0, "CATHODICALLY_PROTECTED": 0, "REMARKS": null, "ASSET_DESCRIPTION": "900 W 22ND AV", "SPLIT_ON_CITYSIDE": null, "COMPKEY": 255655, "COMPTYPE": 41, "COATING_DATE": null, "LINING_DATE": null, "UPDATED_BY": "enfoz", "WATERMAIN_KEY": 38060, "BUN": null, "PIPE_LENGTH_M": 5.2521437, "PARALLEL_LINE_NUMBER": null, "PRESSURE_ZONE": null, "PIPE_USE": "Water Main", "SERVICE_STATUS": "Out of Service-Abandoned", "SUBSYSTEM": "<blank>", "OWNER": "COVAV", "OPERATOR": "COVAV", "DIAMETER": "200 mm", "PIPE_CLASS": null, "MATERIAL": "Cast Iron", "LINING_MATERIAL": "blank", "COATING_MATERIAL": "blank", "FACET": "N15", "CONNECTION_TYPE": null, "DOMESTIC_DIAMETER": null, "DOMESTIC_MATERIAL": null, "FIRE_LIN_DIAMETER": null, "INSTALLED_BY": "City of Vancouver", "FIRE_LIN_MATERIAL": null, "MAP_TOOLTIP": "200 CI n/a 1952", "UPDATED_DATE_iso": "2010-04-01", "COV_DATE_UPDATE_iso": "2010-04-01", "INSTALLATION_DATE_iso": "1952-01-01"}, "geometry": {"type": "LineString", "coordinates": [[-123.12722626410203, 49.2516916059397], [-123.12729840927413, 49.251692875755495]]}}, {"type": "Feature", "properties": {"SHAPE_Length": 3.194925977375864, "OBJECTID": 21263038, "COV_SOURCE_KEY": "386413", "UPDATED_DATE": 1270097248000, "COV_DATE_UPDATE": 1270097248000, "TBFID": 451013, "ORACLE_ID": "__FJ9YEL", "UNIT_ID_1": "T__FP5PK4", "UNIT_ID_2": "T__FP5QN2", "MAIN_COMP1": 43, "MAIN_KEY_1": 152419, "MAIN_COMP2": 43, "MAIN_KEY_2": 154035, "ADDRESS_KEY": 155893, "INSTALLATION_DATE": -473356800000, "DEPTH_OF_COVER_M": 0, "RESTRAINED_JOINT": 0, "CATHODICALLY_PROTECTED": 0, "REMARKS": null, "ASSET_DESCRIPTION": "1000 WOLFE AV", "SPLIT_ON_CITYSIDE": null, "COMPKEY": 255659, "COMPTYPE": 41, "COATING_DATE": null, "LINING_DATE": null, "UPDATED_BY": "enfoz", "WATERMAIN_KEY": 38063, "BUN": null, "PIPE_LENGTH_M": 3.19491239, "PARALLEL_LINE_NUMBER": null, "PRESSURE_ZONE": null, "PIPE_USE": "Water Main", "SERVICE_STATUS": "Out of Service-Abandoned", "SUBSYSTEM": "<blank>", "OWNER": "COVAV", "OPERATOR": "COVAV", "DIAMETER": "150 mm", "PIPE_CLASS": null, "MATERIAL": "Cast Iron", "LINING_MATERIAL": "blank", "COATING_MATERIAL": "blank", "FACET": "N15", "CONNECTION_TYPE": null, "DOMESTIC_DIAMETER": null, "DOMESTIC_MATERIAL": null, "FIRE_LIN_DIAMETER": null, "INSTALLED_BY": "City of Vancouver", "FIRE_LIN_MATERIAL": null, "MAP_TOOLTIP": "150 CI n/a 1955", "UPDATED_DATE_iso": "2010-04-01", "COV_DATE_UPDATE_iso": "2010-04-01", "INSTALLATION_DATE_iso": "1955-01-01"}, "geometry": {"type": "LineString", "coordinates": [[-123.12851726211478, 49.253338426103255], [-123.12853678729795, 49.25336416670274]]}}, {"type": "Feature", "properties": {"SHAPE_Length": 9.103433417849551, "OBJECTID": 21263206, "COV_SOURCE_KEY": "384220", "UPDATED_DATE": 1467098411000, "COV_DATE_UPDATE": 1467098411000, "TBFID": 452500, "ORACLE_ID": "__FJ9Y63", "UNIT_ID_1": "207142", "UNIT_ID_2": "59543", "MAIN_COMP1": 43, "MAIN_KEY_1": 152397, "MAIN_COMP2": 46, "MAIN_KEY_2": 102566, "ADDRESS_KEY": 150172, "INSTALLATION_DATE": -1230739200000, "DEPTH_OF_COVER_M": 0.9100000262260437, "RESTRAINED_JOINT": 0, "CATHODICALLY_PROTECTED": 0, "REMARKS": null, "ASSET_DESCRIPTION": "3500 TUPPER ST", "SPLIT_ON_CITYSIDE": null, "COMPKEY": 255352, "COMPTYPE": 41, "COATING_DATE": null, "LINING_DATE": null, "UPDATED_BY": "ENHANMGETASK", "WATERMAIN_KEY": 37842, "BUN": null, "PIPE_LENGTH_M": 9.10336025, "PARALLEL_LINE_NUMBER": null, "PRESSURE_ZONE": null, "PIPE_USE": "Water Main", "SERVICE_STATUS": "Out of Service-Abandoned", "SUBSYSTEM": "Distribution", "OWNER": "COVAV", "OPERATOR": "COVAV", "DIAMETER": "150 mm", "PIPE_CLASS": null, "MATERIAL": "Cast Iron", "LINING_MATERIAL": "blank", "COATING_MATERIAL": "blank", "FACET": "O14", "CONNECTION_TYPE": null, "DOMESTIC_DIAMETER": null, "DOMESTIC_MATERIAL": null, "FIRE_LIN_DIAMETER": null, "INSTALLED_BY": "City of Vancouver", "FIRE_LIN_MATERIAL": null, "MAP_TOOLTIP": "150 CI n/a 1931", "UPDATED_DATE_iso": "2016-06-28", "COV_DATE_UPDATE_iso": "2016-06-28", "INSTALLATION_DATE_iso": "1931-01-01"}, "geometry": {"type": "LineString", "coordinates": [[-123.11603039781927, 49.254180865704036], [-123.11603364144948, 49.25409900592956]]}}, {"type": "Feature", "properties": {"SHAPE_Length": 6.907983351936861, "OBJECTID": 21263208, "COV_SOURCE_KEY": "384222", "UPDATED_DATE": 1591390083000, "COV_DATE_UPDATE": 1591390083000, "TBFID": 452502, "ORACLE_ID": "__FJ9Y65", "UNIT_ID_1": "59513", "UNIT_ID_2": "4165301", "MAIN_COMP1": 46, "MAIN_KEY_1": 63256, "MAIN_COMP2": 43, "MAIN_KEY_2": 787933, "ADDRESS_KEY": 156212, "INSTALLATION_DATE": -1230739200000, "DEPTH_OF_COVER_M": 0.9100000262260437, "RESTRAINED_JOINT": 0, "CATHODICALLY_PROTECTED": 0, "REMARKS": null, "ASSET_DESCRIPTION": "3300 YUKON ST", "SPLIT_ON_CITYSIDE": null, "COMPKEY": 255355, "COMPTYPE": 41, "COATING_DATE": null, "LINING_DATE": null, "UPDATED_BY": "enyamw", "WATERMAIN_KEY": 37844, "BUN": null, "PIPE_LENGTH_M": 6.90798335, "PARALLEL_LINE_NUMBER": null, "PRESSURE_ZONE": 172, "PIPE_USE": "Water Main", "SERVICE_STATUS": "Out of Service-Abandoned", "SUBSYSTEM": "Distribution", "OWNER": "COVAV", "OPERATOR": "COVAV", "DIAMETER": "150 mm", "PIPE_CLASS": null, "MATERIAL": "Cast Iron", "LINING_MATERIAL": "blank", "COATING_MATERIAL": "blank", "FACET": "O14", "CONNECTION_TYPE": null, "DOMESTIC_DIAMETER": null, "DOMESTIC_MATERIAL": null, "FIRE_LIN_DIAMETER": null, "INSTALLED_BY": "City of Vancouver", "FIRE_LIN_MATERIAL": null, "MAP_TOOLTIP": "150 CI n/a 1931", "UPDATED_DATE_iso": "2020-06-05", "COV_DATE_UPDATE_iso": "2020-06-05", "INSTALLATION_DATE_iso": "1931-01-01"}, "geometry": {"type": "LineString", "coordinates": [[-123.11254133331978, 49.25491975724738], [-123.11254398177306, 49.254857642671325]]}}, {"type": "Feature", "properties": {"SHAPE_Length": 13.400380964635039, "OBJECTID": 21263210, "COV_SOURCE_KEY": "384226", "UPDATED_DATE": 1591390077000, "COV_DATE_UPDATE": 1591390077000, "TBFID": 452506, "ORACLE_ID": "__FJ9Y69", "UNIT_ID_1": "59515", "UNIT_ID_2": "4165301", "MAIN_COMP1": 46, "MAIN_KEY_1": 63258, "MAIN_COMP2": 43, "MAIN_KEY_2": 787933, "ADDRESS_KEY": 154493, "INSTALLATION_DATE": -504892800000, "DEPTH_OF_COVER_M": 0.9100000262260437, "RESTRAINED_JOINT": 0, "CATHODICALLY_PROTECTED": 0, "REMARKS": null, "ASSET_DESCRIPTION": "400 W 18TH AV", "SPLIT_ON_CITYSIDE": null, "COMPKEY": 255360, "COMPTYPE": 41, "COATING_DATE": null, "LINING_DATE": null, "UPDATED_BY": "enyamw", "WATERMAIN_KEY": 37848, "BUN": null, "PIPE_LENGTH_M": 13.40038096, "PARALLEL_LINE_NUMBER": null, "PRESSURE_ZONE": 172, "PIPE_USE": "Water Main", "SERVICE_STATUS": "Out of Service-Abandoned", "SUBSYSTEM": "Distribution", "OWNER": "COVAV", "OPERATOR": "COVAV", "DIAMETER": "150 mm", "PIPE_CLASS": null, "MATERIAL": "Cast Iron", "LINING_MATERIAL": "blank", "COATING_MATERIAL": "blank", "FACET": "O14", "CONNECTION_TYPE": null, "DOMESTIC_DIAMETER": null, "DOMESTIC_MATERIAL": null, "FIRE_LIN_DIAMETER": null, "INSTALLED_BY": "City of Vancouver", "FIRE_LIN_MATERIAL": null, "MAP_TOOLTIP": "150 CI n/a 1954", "UPDATED_DATE_iso": "2020-06-05", "COV_DATE_UPDATE_iso": "2020-06-05", "INSTALLATION_DATE_iso": "1954-01-01"}, "geometry": {"type": "LineString", "coordinates": [[-123.1127280916949, 49.25486017074612], [-123.11254398177306, 49.254857642671325]]}}, {"type": "Feature", "properties": {"SHAPE_Length": 4.902295381121229, "OBJECTID": 21263211, "COV_SOURCE_KEY": "384227", "UPDATED_DATE": 1467184811000, "COV_DATE_UPDATE": 1467184811000, "TBFID": 452507, "ORACLE_ID": "__FJ9Y6A", "UNIT_ID_1": "59544", "UNIT_ID_2": "207142", "MAIN_COMP1": 46, "MAIN_KEY_1": 102562, "MAIN_COMP2": 43, "MAIN_KEY_2": 152397, "ADDRESS_KEY": 156922, "INSTALLATION_DATE": -126201600000, "DEPTH_OF_COVER_M": 0.9100000262260437, "RESTRAINED_JOINT": 0, "CATHODICALLY_PROTECTED": 0, "REMARKS": null, "ASSET_DESCRIPTION": "3500 TUPPER ST", "SPLIT_ON_CITYSIDE": null, "COMPKEY": 255361, "COMPTYPE": 41, "COATING_DATE": null, "LINING_DATE": null, "UPDATED_BY": "ENHANMGETASK", "WATERMAIN_KEY": 37849, "BUN": null, "PIPE_LENGTH_M": 4.90228613, "PARALLEL_LINE_NUMBER": null, "PRESSURE_ZONE": null, "PIPE_USE": "Water Main", "SERVICE_STATUS": "Out of Service-Abandoned", "SUBSYSTEM": "Distribution", "OWNER": "COVAV", "OPERATOR": "COVAV", "DIAMETER": "150 mm", "PIPE_CLASS": null, "MATERIAL": "Cast Iron", "LINING_MATERIAL": "Cement Lined", "COATING_MATERIAL": "blank", "FACET": "O14", "CONNECTION_TYPE": null, "DOMESTIC_DIAMETER": null, "DOMESTIC_MATERIAL": null, "FIRE_LIN_DIAMETER": null, "INSTALLED_BY": "City of Vancouver", "FIRE_LIN_MATERIAL": null, "MAP_TOOLTIP": "150 CI CL 1966", "UPDATED_DATE_iso": "2016-06-29", "COV_DATE_UPDATE_iso": "2016-06-29", "INSTALLATION_DATE_iso": "1966-01-01"}, "geometry": {"type": "LineString", "coordinates": [[-123.11609773665319, 49.254182147341226], [-123.11603039781927, 49.254180865704036]]}}, {"type": "Feature", "properties": {"SHAPE_Length": 15.855046516725666, "OBJECTID": 21263390, "COV_SOURCE_KEY": "386315", "UPDATED_DATE": 1270097213000, "COV_DATE_UPDATE": 1270097213000, "TBFID": 450619, "ORACLE_ID": "__FJ9YD6", "UNIT_ID_1": "T__FP5WY5", "UNIT_ID_2": "T__FP5AUD", "MAIN_COMP1": 43, "MAIN_KEY_1": 163701, "MAIN_COMP2": 43, "MAIN_KEY_2": 129155, "ADDRESS_KEY": 149889, "INSTALLATION_DATE": null, "DEPTH_OF_COVER_M": 0, "RESTRAINED_JOINT": 0, "CATHODICALLY_PROTECTED": 0, "REMARKS": null, "ASSET_DESCRIPTION": "3700 HEATHER ST", "SPLIT_ON_CITYSIDE": null, "COMPKEY": 255608, "COMPTYPE": 41, "COATING_DATE": null, "LINING_DATE": null, "UPDATED_BY": "enfoz", "WATERMAIN_KEY": 38027, "BUN": null, "PIPE_LENGTH_M": 15.85473024, "PARALLEL_LINE_NUMBER": null, "PRESSURE_ZONE": null, "PIPE_USE": "Water Main", "SERVICE_STATUS": "Out of Service-Abandoned", "SUBSYSTEM": "<blank>", "OWNER": "COVAV", "OPERATOR": "COVAV", "DIAMETER": "150 mm", "PIPE_CLASS": null, "MATERIAL": "Cast Iron", "LINING_MATERIAL": "blank", "COATING_MATERIAL": "blank", "FACET": "O15", "CONNECTION_TYPE": null, "DOMESTIC_DIAMETER": null, "DOMESTIC_MATERIAL": null, "FIRE_LIN_DIAMETER": null, "INSTALLED_BY": "City of Vancouver", "FIRE_LIN_MATERIAL": null, "MAP_TOOLTIP": "150 CI n/a ", "UPDATED_DATE_iso": "2010-04-01", "COV_DATE_UPDATE_iso": "2010-04-01"}, "geometry": {"type": "LineString", "coordinates": [[-123.12021534037966, 49.25245211286595], [-123.12022049075985, 49.252309533197014]]}}, {"type": "Feature", "properties": {"SHAPE_Length": 79.32496490384256, "OBJECTID": 21263391, "COV_SOURCE_KEY": "386316", "UPDATED_DATE": 1591390063000, "COV_DATE_UPDATE": 1591390063000, "TBFID": 450620, "ORACLE_ID": "__FJ9YD7", "UNIT_ID_1": "57212", "UNIT_ID_2": "4165295", "MAIN_COMP1": 46, "MAIN_KEY_1": 787929, "MAIN_COMP2": 43, "MAIN_KEY_2": 787932, "ADDRESS_KEY": 152485, "INSTALLATION_DATE": -1230739200000, "DEPTH_OF_COVER_M": 0.9100000262260437, "RESTRAINED_JOINT": 0, "CATHODICALLY_PROTECTED": 0, "REMARKS": null, "ASSET_DESCRIPTION": "200 300  W 18TH AV", "SPLIT_ON_CITYSIDE": null, "COMPKEY": 255610, "COMPTYPE": 41, "COATING_DATE": null, "LINING_DATE": null, "UPDATED_BY": "enyamw", "WATERMAIN_KEY": 38028, "BUN": null, "PIPE_LENGTH_M": 79.3249649, "PARALLEL_LINE_NUMBER": null, "PRESSURE_ZONE": 172, "PIPE_USE": "Water Main", "SERVICE_STATUS": "Out of Service-Abandoned", "SUBSYSTEM": "Distribution", "OWNER": "COVAV", "OPERATOR": "COVAV", "DIAMETER": "150 mm", "PIPE_CLASS": null, "MATERIAL": "Cast Iron", "LINING_MATERIAL": "blank", "COATING_MATERIAL": "blank", "FACET": "O15", "CONNECTION_TYPE": null, "DOMESTIC_DIAMETER": null, "DOMESTIC_MATERIAL": null, "FIRE_LIN_DIAMETER": null, "INSTALLED_BY": "City of Vancouver", "FIRE_LIN_MATERIAL": null, "MAP_TOOLTIP": "150 CI n/a 1931", "UPDATED_DATE_iso": "2020-06-05", "COV_DATE_UPDATE_iso": "2020-06-05", "INSTALLATION_DATE_iso": "1931-01-01"}, "geometry": {"type": "LineString", "coordinates": [[-123.11254919720935, 49.254733854362186], [-123.11258260397561, 49.25402064470383]]}}, {"type": "Feature", "properties": {"SHAPE_Length": 2.7996828393236957, "OBJECTID": 21263493, "COV_SOURCE_KEY": "386534", "UPDATED_DATE": 1270097292000, "COV_DATE_UPDATE": 1270097292000, "TBFID": 451525, "ORACLE_ID": "__FJ9Z1O", "UNIT_ID_1": "T__FP5NCR", "UNIT_ID_2": "T__FP6003", "MAIN_COMP1": 43, "MAIN_KEY_1": 149047, "MAIN_COMP2": 43, "MAIN_KEY_2": 168208, "ADDRESS_KEY": 150364, "INSTALLATION_DATE": 631180800000, "DEPTH_OF_COVER_M": 0.9100000262260437, "RESTRAINED_JOINT": 0, "CATHODICALLY_PROTECTED": 0, "REMARKS": null, "ASSET_DESCRIPTION": "900 W 17TH AV", "SPLIT_ON_CITYSIDE": null, "COMPKEY": 256653, "COMPTYPE": 41, "COATING_DATE": null, "LINING_DATE": null, "UPDATED_BY": "enfoz", "WATERMAIN_KEY": 38750, "BUN": null, "PIPE_LENGTH_M": 2.8, "PARALLEL_LINE_NUMBER": null, "PRESSURE_ZONE": null, "PIPE_USE": "Water Main", "SERVICE_STATUS": "Out of Service-Abandoned", "SUBSYSTEM": "Distribution", "OWNER": "COVAV", "OPERATOR": "COVAV", "DIAMETER": "150 mm", "PIPE_CLASS": null, "MATERIAL": "Ductile Iron", "LINING_MATERIAL": "Cement Lined", "COATING_MATERIAL": "blank", "FACET": "N14", "CONNECTION_TYPE": null, "DOMESTIC_DIAMETER": null, "DOMESTIC_MATERIAL": null, "FIRE_LIN_DIAMETER": null, "INSTALLED_BY": "City of Vancouver", "FIRE_LIN_MATERIAL": null, "MAP_TOOLTIP": "150 DI CL 1990", "UPDATED_DATE_iso": "2010-04-01", "COV_DATE_UPDATE_iso": "2010-04-01", "INSTALLATION_DATE_iso": "1990-01-01"}, "geometry": {"type": "LineString", "coordinates": [[-123.12458080304478, 49.25616517730095], [-123.12454277325475, 49.25616899629291]]}}, {"type": "Feature", "properties": {"SHAPE_Length": 25.286247724437516, "OBJECTID": 21263560, "COV_SOURCE_KEY": "386497", "UPDATED_DATE": 1270097279000, "COV_DATE_UPDATE": 1270097279000, "TBFID": 451390, "ORACLE_ID": "__FJ9YFJ", "UNIT_ID_1": "T__FP57YC", "UNIT_ID_2": "T__FP6IHS", "MAIN_COMP1": 43, "MAIN_KEY_1": 124520, "MAIN_COMP2": 43, "MAIN_KEY_2": 195750, "ADDRESS_KEY": 155893, "INSTALLATION_DATE": -1230739200000, "DEPTH_OF_COVER_M": 0, "RESTRAINED_JOINT": 0, "CATHODICALLY_PROTECTED": 0, "REMARKS": null, "ASSET_DESCRIPTION": "1000 WOLFE AV", "SPLIT_ON_CITYSIDE": null, "COMPKEY": 255688, "COMPTYPE": 41, "COATING_DATE": null, "LINING_DATE": null, "UPDATED_BY": "enfoz", "WATERMAIN_KEY": 38083, "BUN": null, "PIPE_LENGTH_M": 25.28705779, "PARALLEL_LINE_NUMBER": null, "PRESSURE_ZONE": null, "PIPE_USE": "Water Main", "SERVICE_STATUS": "Out of Service-Abandoned", "SUBSYSTEM": "<blank>", "OWNER": "COVAV", "OPERATOR": "COVAV", "DIAMETER": "150 mm", "PIPE_CLASS": null, "MATERIAL": "Cast Iron", "LINING_MATERIAL": "blank", "COATING_MATERIAL": "blank", "FACET": "N15", "CONNECTION_TYPE": null, "DOMESTIC_DIAMETER": null, "DOMESTIC_MATERIAL": null, "FIRE_LIN_DIAMETER": null, "INSTALLED_BY": "City of Vancouver", "FIRE_LIN_MATERIAL": null, "MAP_TOOLTIP": "150 CI n/a 1931", "UPDATED_DATE_iso": "2010-04-01", "COV_DATE_UPDATE_iso": "2010-04-01", "INSTALLATION_DATE_iso": "1931-01-01"}, "geometry": {"type": "LineString", "coordinates": [[-123.12880664952205, 49.253776566998106], [-123.1286698139978, 49.25356749058228]]}}, {"type": "Feature", "properties": {"SHAPE_Length": 7.365625635575882, "OBJECTID": 21263604, "COV_SOURCE_KEY": "384214", "UPDATED_DATE": 1380721921000, "COV_DATE_UPDATE": 1380721921000, "TBFID": 452395, "ORACLE_ID": "__FJ9Y5X", "UNIT_ID_1": "4203347", "UNIT_ID_2": "52296", "MAIN_COMP1": 43, "MAIN_KEY_1": 821724, "MAIN_COMP2": 46, "MAIN_KEY_2": 63241, "ADDRESS_KEY": 156862, "INSTALLATION_DATE": -378662400000, "DEPTH_OF_COVER_M": 0.9100000262260437, "RESTRAINED_JOINT": 0, "CATHODICALLY_PROTECTED": 0, "REMARKS": null, "ASSET_DESCRIPTION": "100 W 22ND AV", "SPLIT_ON_CITYSIDE": null, "COMPKEY": 255345, "COMPTYPE": 41, "COATING_DATE": null, "LINING_DATE": null, "UPDATED_BY": "enyamw", "WATERMAIN_KEY": 37836, "BUN": null, "PIPE_LENGTH_M": 7.36562564, "PARALLEL_LINE_NUMBER": null, "PRESSURE_ZONE": 172, "PIPE_USE": "Water Main", "SERVICE_STATUS": "Out of Service-Abandoned", "SUBSYSTEM": "Distribution", "OWNER": "COVAV", "OPERATOR": "COVAV", "DIAMETER": "150 mm", "PIPE_CLASS": null, "MATERIAL": "Cast Iron", "LINING_MATERIAL": "blank", "COATING_MATERIAL": "blank", "FACET": "P15", "CONNECTION_TYPE": null, "DOMESTIC_DIAMETER": null, "DOMESTIC_MATERIAL": null, "FIRE_LIN_DIAMETER": null, "INSTALLED_BY": "City of Vancouver", "FIRE_LIN_MATERIAL": null, "MAP_TOOLTIP": "150 CI n/a 1958", "UPDATED_DATE_iso": "2013-10-02", "COV_DATE_UPDATE_iso": "2013-10-02", "INSTALLATION_DATE_iso": "1958-01-01"}, "geometry": {"type": "LineString", "coordinates": [[-123.10993428376733, 49.25103923631994], [-123.10993545580806, 49.25097298536325]]}}, {"type": "Feature", "properties": {"SHAPE_Length": 1.1903780906814354, "OBJECTID": 21263636, "COV_SOURCE_KEY": "386061", "UPDATED_DATE": 1270097123000, "COV_DATE_UPDATE": 1270097123000, "TBFID": 451745, "ORACLE_ID": "__FJ9YB4", "UNIT_ID_1": "T__FP5AN8", "UNIT_ID_2": "T__FP674S", "MAIN_COMP1": 43, "MAIN_KEY_1": 128859, "MAIN_COMP2": 43, "MAIN_KEY_2": 178922, "ADDRESS_KEY": 156471, "INSTALLATION_DATE": -63129600000, "DEPTH_OF_COVER_M": 0, "RESTRAINED_JOINT": 0, "CATHODICALLY_PROTECTED": 0, "REMARKS": null, "ASSET_DESCRIPTION": "3500 HEATHER ST", "SPLIT_ON_CITYSIDE": null, "COMPKEY": 255516, "COMPTYPE": 41, "COATING_DATE": null, "LINING_DATE": null, "UPDATED_BY": "enfoz", "WATERMAIN_KEY": 37963, "BUN": null, "PIPE_LENGTH_M": 1.19038976, "PARALLEL_LINE_NUMBER": null, "PRESSURE_ZONE": null, "PIPE_USE": "Water Main", "SERVICE_STATUS": "Out of Service-Abandoned", "SUBSYSTEM": "<blank>", "OWNER": "COVAV", "OPERATOR": "COVAV", "DIAMETER": "150 mm", "PIPE_CLASS": null, "MATERIAL": "Cast Iron", "LINING_MATERIAL": "Cement Lined", "COATING_MATERIAL": "blank", "FACET": "O15", "CONNECTION_TYPE": null, "DOMESTIC_DIAMETER": null, "DOMESTIC_MATERIAL": null, "FIRE_LIN_DIAMETER": null, "INSTALLED_BY": "City of Vancouver", "FIRE_LIN_MATERIAL": null, "MAP_TOOLTIP": "150 CI CL 1968", "UPDATED_DATE_iso": "2010-04-01", "COV_DATE_UPDATE_iso": "2010-04-01", "INSTALLATION_DATE_iso": "1968-01-01"}, "geometry": {"type": "LineString", "coordinates": [[-123.12018108001334, 49.253498203068595], [-123.12018146628071, 49.25348749835162]]}}, {"type": "Feature", "properties": {"SHAPE_Length": 11.60514114497991, "OBJECTID": 21263637, "COV_SOURCE_KEY": "386062", "UPDATED_DATE": 1270097123000, "COV_DATE_UPDATE": 1270097123000, "TBFID": 451746, "ORACLE_ID": "__FJ9YB5", "UNIT_ID_1": "T__FP674S", "UNIT_ID_2": "T__FP5X3F", "MAIN_COMP1": 43, "MAIN_KEY_1": 178922, "MAIN_COMP2": 43, "MAIN_KEY_2": 163910, "ADDRESS_KEY": 156471, "INSTALLATION_DATE": -63129600000, "DEPTH_OF_COVER_M": 0, "RESTRAINED_JOINT": 0, "CATHODICALLY_PROTECTED": 0, "REMARKS": null, "ASSET_DESCRIPTION": "3500 HEATHER ST", "SPLIT_ON_CITYSIDE": null, "COMPKEY": 255517, "COMPTYPE": 41, "COATING_DATE": null, "LINING_DATE": null, "UPDATED_BY": "enfoz", "WATERMAIN_KEY": 37964, "BUN": null, "PIPE_LENGTH_M": 11.60525451, "PARALLEL_LINE_NUMBER": null, "PRESSURE_ZONE": null, "PIPE_USE": "Water Main", "SERVICE_STATUS": "Out of Service-Abandoned", "SUBSYSTEM": "<blank>", "OWNER": "COVAV", "OPERATOR": "COVAV", "DIAMETER": "150 mm", "PIPE_CLASS": null, "MATERIAL": "Cast Iron", "LINING_MATERIAL": "Cement Lined", "COATING_MATERIAL": "blank", "FACET": "O15", "CONNECTION_TYPE": null, "DOMESTIC_DIAMETER": null, "DOMESTIC_MATERIAL": null, "FIRE_LIN_DIAMETER": null, "INSTALLED_BY": "City of Vancouver", "FIRE_LIN_MATERIAL": null, "MAP_TOOLTIP": "150 CI CL 1968", "UPDATED_DATE_iso": "2010-04-01", "COV_DATE_UPDATE_iso": "2010-04-01", "INSTALLATION_DATE_iso": "1968-01-01"}, "geometry": {"type": "LineString", "coordinates": [[-123.12018146628071, 49.25348749835162], [-123.12018547289252, 49.25338314060249]]}}, {"type": "Feature", "properties": {"SHAPE_Length": 9.153376315973123, "OBJECTID": 21263638, "COV_SOURCE_KEY": "386063", "UPDATED_DATE": 1270097124000, "COV_DATE_UPDATE": 1270097124000, "TBFID": 451747, "ORACLE_ID": "__FJ9YB6", "UNIT_ID_1": "T__FP6IV1", "UNIT_ID_2": "T__FP6F16", "MAIN_COMP1": 43, "MAIN_KEY_1": 196282, "MAIN_COMP2": 43, "MAIN_KEY_2": 190586, "ADDRESS_KEY": 151661, "INSTALLATION_DATE": null, "DEPTH_OF_COVER_M": 0, "RESTRAINED_JOINT": 0, "CATHODICALLY_PROTECTED": 0, "REMARKS": null, "ASSET_DESCRIPTION": "3600 HEATHER ST", "SPLIT_ON_CITYSIDE": null, "COMPKEY": 255519, "COMPTYPE": 41, "COATING_DATE": null, "LINING_DATE": null, "UPDATED_BY": "enfoz", "WATERMAIN_KEY": 37965, "BUN": null, "PIPE_LENGTH_M": 9.15347038, "PARALLEL_LINE_NUMBER": null, "PRESSURE_ZONE": null, "PIPE_USE": "Water Main", "SERVICE_STATUS": "Out of Service-Abandoned", "SUBSYSTEM": "<blank>", "OWNER": "COVAV", "OPERATOR": "COVAV", "DIAMETER": "150 mm", "PIPE_CLASS": null, "MATERIAL": "Cast Iron", "LINING_MATERIAL": "blank", "COATING_MATERIAL": "blank", "FACET": "O15", "CONNECTION_TYPE": null, "DOMESTIC_DIAMETER": null, "DOMESTIC_MATERIAL": null, "FIRE_LIN_DIAMETER": null, "INSTALLED_BY": "City of Vancouver", "FIRE_LIN_MATERIAL": null, "MAP_TOOLTIP": "150 CI n/a ", "UPDATED_DATE_iso": "2010-04-01", "COV_DATE_UPDATE_iso": "2010-04-01"}, "geometry": {"type": "LineString", "coordinates": [[-123.12018709770116, 49.25335618922404], [-123.1201857572561, 49.25327385734113]]}}, {"type": "Feature", "properties": {"SHAPE_Length": 11.893784091451392, "OBJECTID": 21263639, "COV_SOURCE_KEY": "386064", "UPDATED_DATE": 1270097124000, "COV_DATE_UPDATE": 1270097124000, "TBFID": 451748, "ORACLE_ID": "__FJ9YB7", "UNIT_ID_1": "T__FP6EPA", "UNIT_ID_2": "T__FP5LQ1", "MAIN_COMP1": 43, "MAIN_KEY_1": 190061, "MAIN_COMP2": 43, "MAIN_KEY_2": 146423, "ADDRESS_KEY": 152133, "INSTALLATION_DATE": null, "DEPTH_OF_COVER_M": 0, "RESTRAINED_JOINT": 0, "CATHODICALLY_PROTECTED": 0, "REMARKS": null, "ASSET_DESCRIPTION": "3600 HEATHER ST", "SPLIT_ON_CITYSIDE": null, "COMPKEY": 255521, "COMPTYPE": 41, "COATING_DATE": null, "LINING_DATE": null, "UPDATED_BY": "enfoz", "WATERMAIN_KEY": 37966, "BUN": null, "PIPE_LENGTH_M": 11.8935463, "PARALLEL_LINE_NUMBER": null, "PRESSURE_ZONE": null, "PIPE_USE": "Water Main", "SERVICE_STATUS": "Out of Service-Abandoned", "SUBSYSTEM": "<blank>", "OWNER": "COVAV", "OPERATOR": "COVAV", "DIAMETER": "150 mm", "PIPE_CLASS": null, "MATERIAL": "Cast Iron", "LINING_MATERIAL": "blank", "COATING_MATERIAL": "blank", "FACET": "O15", "CONNECTION_TYPE": null, "DOMESTIC_DIAMETER": null, "DOMESTIC_MATERIAL": null, "FIRE_LIN_DIAMETER": null, "INSTALLED_BY": "City of Vancouver", "FIRE_LIN_MATERIAL": null, "MAP_TOOLTIP": "150 CI n/a ", "UPDATED_DATE_iso": "2010-04-01", "COV_DATE_UPDATE_iso": "2010-04-01"}, "geometry": {"type": "LineString", "coordinates": [[-123.12021150384024, 49.2525698643451], [-123.12021536659051, 49.25246290710805]]}}, {"type": "Feature", "properties": {"SHAPE_Length": 41.822932704960905, "OBJECTID": 21263640, "COV_SOURCE_KEY": "386065", "UPDATED_DATE": 1270097124000, "COV_DATE_UPDATE": 1270097124000, "TBFID": 451749, "ORACLE_ID": "__FJ9YB8", "UNIT_ID_1": "T__FP5LRS", "UNIT_ID_2": "T__FP5BOS", "MAIN_COMP1": 43, "MAIN_KEY_1": 146495, "MAIN_COMP2": 43, "MAIN_KEY_2": 130250, "ADDRESS_KEY": 152722, "INSTALLATION_DATE": null, "DEPTH_OF_COVER_M": 0, "RESTRAINED_JOINT": 0, "CATHODICALLY_PROTECTED": 0, "REMARKS": null, "ASSET_DESCRIPTION": "3900 HEATHER ST", "SPLIT_ON_CITYSIDE": null, "COMPKEY": 255522, "COMPTYPE": 41, "COATING_DATE": null, "LINING_DATE": null, "UPDATED_BY": "enfoz", "WATERMAIN_KEY": 37967, "BUN": null, "PIPE_LENGTH_M": 41.82315129, "PARALLEL_LINE_NUMBER": null, "PRESSURE_ZONE": null, "PIPE_USE": "Water Main", "SERVICE_STATUS": "Out of Service-Abandoned", "SUBSYSTEM": "<blank>", "OWNER": "COVAV", "OPERATOR": "COVAV", "DIAMETER": "150 mm", "PIPE_CLASS": null, "MATERIAL": "Cast Iron", "LINING_MATERIAL": "blank", "COATING_MATERIAL": "blank", "FACET": "O15", "CONNECTION_TYPE": null, "DOMESTIC_DIAMETER": null, "DOMESTIC_MATERIAL": null, "FIRE_LIN_DIAMETER": null, "INSTALLED_BY": "City of Vancouver", "FIRE_LIN_MATERIAL": null, "MAP_TOOLTIP": "150 CI n/a ", "UPDATED_DATE_iso": "2010-04-01", "COV_DATE_UPDATE_iso": "2010-04-01"}, "geometry": {"type": "LineString", "coordinates": [[-123.12028520189304, 49.25064772377187], [-123.12029857872119, 49.2502716193781]]}}, {"type": "Feature", "properties": {"SHAPE_Length": 3.0516389028042314, "OBJECTID": 21263641, "COV_SOURCE_KEY": "386066", "UPDATED_DATE": 1270097125000, "COV_DATE_UPDATE": 1270097125000, "TBFID": 451750, "ORACLE_ID": "__FJ9YB9", "UNIT_ID_1": "T__FP5BOS", "UNIT_ID_2": "T__FP5DQA", "MAIN_COMP1": 43, "MAIN_KEY_1": 130250, "MAIN_COMP2": 43, "MAIN_KEY_2": 133199, "ADDRESS_KEY": 152722, "INSTALLATION_DATE": -220896000000, "DEPTH_OF_COVER_M": 0, "RESTRAINED_JOINT": 0, "CATHODICALLY_PROTECTED": 0, "REMARKS": null, "ASSET_DESCRIPTION": "3900 HEATHER ST", "SPLIT_ON_CITYSIDE": null, "COMPKEY": 255524, "COMPTYPE": 41, "COATING_DATE": null, "LINING_DATE": null, "UPDATED_BY": "enfoz", "WATERMAIN_KEY": 37968, "BUN": null, "PIPE_LENGTH_M": 3.05158018, "PARALLEL_LINE_NUMBER": null, "PRESSURE_ZONE": null, "PIPE_USE": "Water Main", "SERVICE_STATUS": "Out of Service-Abandoned", "SUBSYSTEM": "<blank>", "OWNER": "COVAV", "OPERATOR": "COVAV", "DIAMETER": "150 mm", "PIPE_CLASS": null, "MATERIAL": "Cast Iron", "LINING_MATERIAL": "blank", "COATING_MATERIAL": "blank", "FACET": "O15", "CONNECTION_TYPE": null, "DOMESTIC_DIAMETER": null, "DOMESTIC_MATERIAL": null, "FIRE_LIN_DIAMETER": null, "INSTALLED_BY": "City of Vancouver", "FIRE_LIN_MATERIAL": null, "MAP_TOOLTIP": "150 CI n/a 1963", "UPDATED_DATE_iso": "2010-04-01", "COV_DATE_UPDATE_iso": "2010-04-01", "INSTALLATION_DATE_iso": "1963-01-01"}, "geometry": {"type": "LineString", "coordinates": [[-123.12029857872119, 49.2502716193781], [-123.12029988614877, 49.25024418257161]]}}, {"type": "Feature", "properties": {"SHAPE_Length": 16.634873159168794, "OBJECTID": 21263677, "COV_SOURCE_KEY": "386520", "UPDATED_DATE": 1467184810000, "COV_DATE_UPDATE": 1467184810000, "TBFID": 451413, "ORACLE_ID": "__FJ9Z16", "UNIT_ID_1": "4270148", "UNIT_ID_2": "4270142", "MAIN_COMP1": 43, "MAIN_KEY_1": 862021, "MAIN_COMP2": 43, "MAIN_KEY_2": 862024, "ADDRESS_KEY": 149981, "INSTALLATION_DATE": -1230739200000, "DEPTH_OF_COVER_M": 0.9100000262260437, "RESTRAINED_JOINT": 0, "CATHODICALLY_PROTECTED": 0, "REMARKS": null, "ASSET_DESCRIPTION": "3200 LAUREL ST", "SPLIT_ON_CITYSIDE": null, "COMPKEY": 256633, "COMPTYPE": 41, "COATING_DATE": null, "LINING_DATE": null, "UPDATED_BY": "ENHANMGETASK", "WATERMAIN_KEY": 38736, "BUN": null, "PIPE_LENGTH_M": 16.63487316, "PARALLEL_LINE_NUMBER": null, "PRESSURE_ZONE": 172, "PIPE_USE": "Water Main", "SERVICE_STATUS": "Out of Service-Abandoned", "SUBSYSTEM": "Distribution", "OWNER": "COVAV", "OPERATOR": "COVAV", "DIAMETER": "150 mm", "PIPE_CLASS": null, "MATERIAL": "Cast Iron", "LINING_MATERIAL": "blank", "COATING_MATERIAL": "blank", "FACET": "N14", "CONNECTION_TYPE": null, "DOMESTIC_DIAMETER": null, "DOMESTIC_MATERIAL": null, "FIRE_LIN_DIAMETER": null, "INSTALLED_BY": "City of Vancouver", "FIRE_LIN_MATERIAL": null, "MAP_TOOLTIP": "150 CI n/a 1931", "UPDATED_DATE_iso": "2016-06-29", "COV_DATE_UPDATE_iso": "2016-06-29", "INSTALLATION_DATE_iso": "1931-01-01"}, "geometry": {"type": "LineString", "coordinates": [[-123.12448869423935, 49.25695506574105], [-123.12449439232483, 49.25680547812522]]}}, {"type": "Feature", "properties": {"SHAPE_Length": 75.3444166746742, "OBJECTID": 21264236, "COV_SOURCE_KEY": "386160", "UPDATED_DATE": 1270097158000, "COV_DATE_UPDATE": 1270097158000, "TBFID": 452139, "ORACLE_ID": "__FJ9YC9", "UNIT_ID_1": "T__FP6F16", "UNIT_ID_2": "T__FP5C4L", "MAIN_COMP1": 43, "MAIN_KEY_1": 190586, "MAIN_COMP2": 43, "MAIN_KEY_2": 130790, "ADDRESS_KEY": 152133, "INSTALLATION_DATE": null, "DEPTH_OF_COVER_M": 0, "RESTRAINED_JOINT": 0, "CATHODICALLY_PROTECTED": 0, "REMARKS": null, "ASSET_DESCRIPTION": "3600 HEATHER ST", "SPLIT_ON_CITYSIDE": null, "COMPKEY": 255567, "COMPTYPE": 41, "COATING_DATE": null, "LINING_DATE": null, "UPDATED_BY": "enfoz", "WATERMAIN_KEY": 37998, "BUN": null, "PIPE_LENGTH_M": 75.34455264, "PARALLEL_LINE_NUMBER": null, "PRESSURE_ZONE": null, "PIPE_USE": "Water Main", "SERVICE_STATUS": "Out of Service-Abandoned", "SUBSYSTEM": "<blank>", "OWNER": "COVAV", "OPERATOR": "COVAV", "DIAMETER": "150 mm", "PIPE_CLASS": null, "MATERIAL": "Cast Iron", "LINING_MATERIAL": "blank", "COATING_MATERIAL": "blank", "FACET": "O15", "CONNECTION_TYPE": null, "DOMESTIC_DIAMETER": null, "DOMESTIC_MATERIAL": null, "FIRE_LIN_DIAMETER": null, "INSTALLED_BY": "City of Vancouver", "FIRE_LIN_MATERIAL": null, "MAP_TOOLTIP": "150 CI n/a ", "UPDATED_DATE_iso": "2010-04-01", "COV_DATE_UPDATE_iso": "2010-04-01"}, "geometry": {"type": "LineString", "coordinates": [[-123.1201857572561, 49.25327385734113], [-123.12021046873264, 49.252596311381446]]}}, {"type": "Feature", "properties": {"SHAPE_Length": 2.9410882334512274, "OBJECTID": 21264237, "COV_SOURCE_KEY": "386161", "UPDATED_DATE": 1270097159000, "COV_DATE_UPDATE": 1270097159000, "TBFID": 452140, "ORACLE_ID": "__FJ9YCA", "UNIT_ID_1": "T__FP5C4L", "UNIT_ID_2": "T__FP6EPA", "MAIN_COMP1": 43, "MAIN_KEY_1": 130790, "MAIN_COMP2": 43, "MAIN_KEY_2": 190061, "ADDRESS_KEY": 152133, "INSTALLATION_DATE": null, "DEPTH_OF_COVER_M": 0, "RESTRAINED_JOINT": 0, "CATHODICALLY_PROTECTED": 0, "REMARKS": null, "ASSET_DESCRIPTION": "3600 HEATHER ST", "SPLIT_ON_CITYSIDE": null, "COMPKEY": 255568, "COMPTYPE": 41, "COATING_DATE": null, "LINING_DATE": null, "UPDATED_BY": "enfoz", "WATERMAIN_KEY": 37999, "BUN": null, "PIPE_LENGTH_M": 2.94102924, "PARALLEL_LINE_NUMBER": null, "PRESSURE_ZONE": null, "PIPE_USE": "Water Main", "SERVICE_STATUS": "Out of Service-Abandoned", "SUBSYSTEM": "<blank>", "OWNER": "COVAV", "OPERATOR": "COVAV", "DIAMETER": "150 mm", "PIPE_CLASS": null, "MATERIAL": "Cast Iron", "LINING_MATERIAL": "blank", "COATING_MATERIAL": "blank", "FACET": "O15", "CONNECTION_TYPE": null, "DOMESTIC_DIAMETER": null, "DOMESTIC_MATERIAL": null, "FIRE_LIN_DIAMETER": null, "INSTALLED_BY": "City of Vancouver", "FIRE_LIN_MATERIAL": null, "MAP_TOOLTIP": "150 CI n/a ", "UPDATED_DATE_iso": "2010-04-01", "COV_DATE_UPDATE_iso": "2010-04-01"}, "geometry": {"type": "LineString", "coordinates": [[-123.12021046873264, 49.252596311381446], [-123.12021150384024, 49.2525698643451]]}}, {"type": "Feature", "properties": {"SHAPE_Length": 74.96104921882069, "OBJECTID": 21264286, "COV_SOURCE_KEY": "383193", "UPDATED_DATE": 1467184810000, "COV_DATE_UPDATE": 1467184810000, "TBFID": 452596, "ORACLE_ID": "__FJ9W06", "UNIT_ID_1": "219142", "UNIT_ID_2": "4270173", "MAIN_COMP1": 43, "MAIN_KEY_1": 196213, "MAIN_COMP2": 43, "MAIN_KEY_2": 862031, "ADDRESS_KEY": 154601, "INSTALLATION_DATE": null, "DEPTH_OF_COVER_M": 0.9100000262260437, "RESTRAINED_JOINT": 0, "CATHODICALLY_PROTECTED": 0, "REMARKS": null, "ASSET_DESCRIPTION": "3300 LAUREL ST", "SPLIT_ON_CITYSIDE": null, "COMPKEY": 252128, "COMPTYPE": 41, "COATING_DATE": null, "LINING_DATE": null, "UPDATED_BY": "ENHANMGETASK", "WATERMAIN_KEY": 35598, "BUN": null, "PIPE_LENGTH_M": 74.96104922, "PARALLEL_LINE_NUMBER": null, "PRESSURE_ZONE": 172, "PIPE_USE": "Water Main", "SERVICE_STATUS": "Out of Service-Abandoned", "SUBSYSTEM": "Distribution", "OWNER": "COVAV", "OPERATOR": "COVAV", "DIAMETER": "150 mm", "PIPE_CLASS": null, "MATERIAL": "Cast Iron", "LINING_MATERIAL": "blank", "COATING_MATERIAL": "blank", "FACET": "N14", "CONNECTION_TYPE": null, "DOMESTIC_DIAMETER": null, "DOMESTIC_MATERIAL": null, "FIRE_LIN_DIAMETER": null, "INSTALLED_BY": "City of Vancouver", "FIRE_LIN_MATERIAL": null, "MAP_TOOLTIP": "150 CI n/a ", "UPDATED_DATE_iso": "2016-06-29", "COV_DATE_UPDATE_iso": "2016-06-29"}, "geometry": {"type": "LineString", "coordinates": [[-123.1245205590658, 49.256090042213955], [-123.12453299016975, 49.255415801131015]]}}, {"type": "Feature", "properties": {"SHAPE_Length": 2.460182920914335, "OBJECTID": 21264287, "COV_SOURCE_KEY": "383194", "UPDATED_DATE": 1467184810000, "COV_DATE_UPDATE": 1467184810000, "TBFID": 452597, "ORACLE_ID": "__FJ9W08", "UNIT_ID_1": "60546", "UNIT_ID_2": "219142", "MAIN_COMP1": 46, "MAIN_KEY_1": 101319, "MAIN_COMP2": 43, "MAIN_KEY_2": 196213, "ADDRESS_KEY": 154601, "INSTALLATION_DATE": null, "DEPTH_OF_COVER_M": 0.9100000262260437, "RESTRAINED_JOINT": 0, "CATHODICALLY_PROTECTED": 0, "REMARKS": null, "ASSET_DESCRIPTION": "3300 LAUREL ST", "SPLIT_ON_CITYSIDE": null, "COMPKEY": 252130, "COMPTYPE": 41, "COATING_DATE": null, "LINING_DATE": null, "UPDATED_BY": "ENHANMGETASK", "WATERMAIN_KEY": 35599, "BUN": null, "PIPE_LENGTH_M": 2.46016888, "PARALLEL_LINE_NUMBER": null, "PRESSURE_ZONE": null, "PIPE_USE": "Water Main", "SERVICE_STATUS": "Out of Service-Abandoned", "SUBSYSTEM": "Distribution", "OWNER": "COVAV", "OPERATOR": "COVAV", "DIAMETER": "150 mm", "PIPE_CLASS": null, "MATERIAL": "Cast Iron", "LINING_MATERIAL": "blank", "COATING_MATERIAL": "blank", "FACET": "N14", "CONNECTION_TYPE": null, "DOMESTIC_DIAMETER": null, "DOMESTIC_MATERIAL": null, "FIRE_LIN_DIAMETER": null, "INSTALLED_BY": "City of Vancouver", "FIRE_LIN_MATERIAL": null, "MAP_TOOLTIP": "150 CI n/a ", "UPDATED_DATE_iso": "2016-06-29", "COV_DATE_UPDATE_iso": "2016-06-29"}, "geometry": {"type": "LineString", "coordinates": [[-123.12452020245442, 49.256112170837], [-123.1245205590658, 49.256090042213955]]}}, {"type": "Feature", "properties": {"SHAPE_Length": 0.8057673353173137, "OBJECTID": 21264690, "COV_SOURCE_KEY": "386230", "UPDATED_DATE": 1270097183000, "COV_DATE_UPDATE": 1270097183000, "TBFID": 450338, "ORACLE_ID": "__FJ9YCG", "UNIT_ID_1": "T__FP5CK4", "UNIT_ID_2": "T__FP6L8D", "MAIN_COMP1": 43, "MAIN_KEY_1": 131363, "MAIN_COMP2": 43, "MAIN_KEY_2": 199770, "ADDRESS_KEY": 156612, "INSTALLATION_DATE": 725875200000, "DEPTH_OF_COVER_M": 0, "RESTRAINED_JOINT": 0, "CATHODICALLY_PROTECTED": 0, "REMARKS": null, "ASSET_DESCRIPTION": "600 W 22ND AV", "SPLIT_ON_CITYSIDE": null, "COMPKEY": 255577, "COMPTYPE": 41, "COATING_DATE": null, "LINING_DATE": null, "UPDATED_BY": "enfoz", "WATERMAIN_KEY": 38005, "BUN": null, "PIPE_LENGTH_M": 0.80576006, "PARALLEL_LINE_NUMBER": null, "PRESSURE_ZONE": null, "PIPE_USE": "Water Main", "SERVICE_STATUS": "Out of Service-Abandoned", "SUBSYSTEM": "<blank>", "OWNER": "COVAV", "OPERATOR": "COVAV", "DIAMETER": "100 mm", "PIPE_CLASS": null, "MATERIAL": "Ductile Iron", "LINING_MATERIAL": "Cement Lined", "COATING_MATERIAL": "blank", "FACET": "O15", "CONNECTION_TYPE": null, "DOMESTIC_DIAMETER": null, "DOMESTIC_MATERIAL": null, "FIRE_LIN_DIAMETER": null, "INSTALLED_BY": "City of Vancouver", "FIRE_LIN_MATERIAL": null, "MAP_TOOLTIP": "100 DI CL 1993", "UPDATED_DATE_iso": "2010-04-01", "COV_DATE_UPDATE_iso": "2010-04-01", "INSTALLATION_DATE_iso": "1993-01-01"}, "geometry": {"type": "LineString", "coordinates": [[-123.12012353911115, 49.25155404410993], [-123.12011828820273, 49.251547662958885]]}}, {"type": "Feature", "properties": {"SHAPE_Length": 0.30000000074505806, "OBJECTID": 21264699, "COV_SOURCE_KEY": "386239", "UPDATED_DATE": 1270097186000, "COV_DATE_UPDATE": 1270097186000, "TBFID": 450347, "ORACLE_ID": "__FJ9YCR", "UNIT_ID_1": "T__FP5XGW", "UNIT_ID_2": "T__FP5I9L", "MAIN_COMP1": 43, "MAIN_KEY_1": 164441, "MAIN_COMP2": 43, "MAIN_KEY_2": 140923, "ADDRESS_KEY": 153486, "INSTALLATION_DATE": 662716800000, "DEPTH_OF_COVER_M": 0, "RESTRAINED_JOINT": 0, "CATHODICALLY_PROTECTED": 0, "REMARKS": null, "ASSET_DESCRIPTION": "3800 HEATHER ST", "SPLIT_ON_CITYSIDE": null, "COMPKEY": 255590, "COMPTYPE": 41, "COATING_DATE": null, "LINING_DATE": null, "UPDATED_BY": "enfoz", "WATERMAIN_KEY": 38014, "BUN": null, "PIPE_LENGTH_M": 0.29999426, "PARALLEL_LINE_NUMBER": null, "PRESSURE_ZONE": null, "PIPE_USE": "Water Main", "SERVICE_STATUS": "Out of Service-Abandoned", "SUBSYSTEM": "<blank>", "OWNER": "COVAV", "OPERATOR": "COVAV", "DIAMETER": "150 mm", "PIPE_CLASS": null, "MATERIAL": "Ductile Iron", "LINING_MATERIAL": "Cement Lined", "COATING_MATERIAL": "blank", "FACET": "O15", "CONNECTION_TYPE": null, "DOMESTIC_DIAMETER": null, "DOMESTIC_MATERIAL": null, "FIRE_LIN_DIAMETER": null, "INSTALLED_BY": "City of Vancouver", "FIRE_LIN_MATERIAL": null, "MAP_TOOLTIP": "150 DI CL 1991", "UPDATED_DATE_iso": "2010-04-01", "COV_DATE_UPDATE_iso": "2010-04-01", "INSTALLATION_DATE_iso": "1991-01-01"}, "geometry": {"type": "LineString", "coordinates": [[-123.1202795620027, 49.25080359894018], [-123.12027956855853, 49.25080629750149]]}}, {"type": "Feature", "properties": {"SHAPE_Length": 14.513317919862716, "OBJECTID": 21264818, "COV_SOURCE_KEY": "386242", "UPDATED_DATE": 1270097187000, "COV_DATE_UPDATE": 1270097187000, "TBFID": 450350, "ORACLE_ID": "__FJ9YCU", "UNIT_ID_1": "T__FP6KZZ", "UNIT_ID_2": "T__FP5KXB", "MAIN_COMP1": 43, "MAIN_KEY_1": 199420, "MAIN_COMP2": 43, "MAIN_KEY_2": 145178, "ADDRESS_KEY": 153486, "INSTALLATION_DATE": 662716800000, "DEPTH_OF_COVER_M": 0, "RESTRAINED_JOINT": 0, "CATHODICALLY_PROTECTED": 0, "REMARKS": null, "ASSET_DESCRIPTION": "600 W 23RD AV", "SPLIT_ON_CITYSIDE": null, "COMPKEY": 255594, "COMPTYPE": 41, "COATING_DATE": null, "LINING_DATE": null, "UPDATED_BY": "enfoz", "WATERMAIN_KEY": 38017, "BUN": null, "PIPE_LENGTH_M": 14.51403663, "PARALLEL_LINE_NUMBER": null, "PRESSURE_ZONE": null, "PIPE_USE": "Water Main", "SERVICE_STATUS": "Out of Service-Abandoned", "SUBSYSTEM": "<blank>", "OWNER": "COVAV", "OPERATOR": "COVAV", "DIAMETER": "150 mm", "PIPE_CLASS": null, "MATERIAL": "Ductile Iron", "LINING_MATERIAL": "Cement Lined", "COATING_MATERIAL": "blank", "FACET": "O15", "CONNECTION_TYPE": null, "DOMESTIC_DIAMETER": null, "DOMESTIC_MATERIAL": null, "FIRE_LIN_DIAMETER": null, "INSTALLED_BY": "City of Vancouver", "FIRE_LIN_MATERIAL": null, "MAP_TOOLTIP": "150 DI CL 1991", "UPDATED_DATE_iso": "2010-04-01", "COV_DATE_UPDATE_iso": "2010-04-01", "INSTALLATION_DATE_iso": "1991-01-01"}, "geometry": {"type": "LineString", "coordinates": [[-123.12028423967169, 49.25067020384663], [-123.12027969242013, 49.25080072033177]]}}, {"type": "Feature", "properties": {"SHAPE_Length": 13.30397027281479, "OBJECTID": 21264821, "COV_SOURCE_KEY": "385723", "UPDATED_DATE": 1270097002000, "COV_DATE_UPDATE": 1270097002000, "TBFID": 450322, "ORACLE_ID": "__FJ9Y7C", "UNIT_ID_1": "T__FP5P73", "UNIT_ID_2": "T__FP6HQJ", "MAIN_COMP1": 43, "MAIN_KEY_1": 151843, "MAIN_COMP2": 43, "MAIN_KEY_2": 194614, "ADDRESS_KEY": 149212, "INSTALLATION_DATE": -220896000000, "DEPTH_OF_COVER_M": 0.9100000262260437, "RESTRAINED_JOINT": 0, "CATHODICALLY_PROTECTED": 0, "REMARKS": null, "ASSET_DESCRIPTION": "3900 ASH ST", "SPLIT_ON_CITYSIDE": null, "COMPKEY": 255395, "COMPTYPE": 41, "COATING_DATE": null, "LINING_DATE": null, "UPDATED_BY": "enfoz", "WATERMAIN_KEY": 37876, "BUN": null, "PIPE_LENGTH_M": 13.304, "PARALLEL_LINE_NUMBER": null, "PRESSURE_ZONE": null, "PIPE_USE": "Water Main", "SERVICE_STATUS": "Out of Service-Abandoned", "SUBSYSTEM": "Distribution", "OWNER": "COVAV", "OPERATOR": "COVAV", "DIAMETER": "150 mm", "PIPE_CLASS": null, "MATERIAL": "Cast Iron", "LINING_MATERIAL": "Cement Lined", "COATING_MATERIAL": "blank", "FACET": "O15", "CONNECTION_TYPE": null, "DOMESTIC_DIAMETER": null, "DOMESTIC_MATERIAL": null, "FIRE_LIN_DIAMETER": null, "INSTALLED_BY": "City of Vancouver", "FIRE_LIN_MATERIAL": null, "MAP_TOOLTIP": "150 CI CL 1963", "UPDATED_DATE_iso": "2010-04-01", "COV_DATE_UPDATE_iso": "2010-04-01", "INSTALLATION_DATE_iso": "1963-01-01"}, "geometry": {"type": "LineString", "coordinates": [[-123.11834434364263, 49.25014460112511], [-123.11834852345048, 49.250024960309865]]}}, {"type": "Feature", "properties": {"SHAPE_Length": 159.8513909914796, "OBJECTID": 21264830, "COV_SOURCE_KEY": "385732", "UPDATED_DATE": 1270097005000, "COV_DATE_UPDATE": 1270097005000, "TBFID": 450331, "ORACLE_ID": "__FJ9Y7Y", "UNIT_ID_1": "T__FPAM2P", "UNIT_ID_2": "T__FP6LG7", "MAIN_COMP1": 43, "MAIN_KEY_1": 201929, "MAIN_COMP2": 43, "MAIN_KEY_2": 200120, "ADDRESS_KEY": 151546, "INSTALLATION_DATE": -1325433600000, "DEPTH_OF_COVER_M": 1.2200000286102295, "RESTRAINED_JOINT": 0, "CATHODICALLY_PROTECTED": 0, "REMARKS": null, "ASSET_DESCRIPTION": "500 W KING EDWARD AV", "SPLIT_ON_CITYSIDE": null, "COMPKEY": 255406, "COMPTYPE": 41, "COATING_DATE": null, "LINING_DATE": null, "UPDATED_BY": "enfoz", "WATERMAIN_KEY": 37885, "BUN": null, "PIPE_LENGTH_M": 159.85103715, "PARALLEL_LINE_NUMBER": null, "PRESSURE_ZONE": null, "PIPE_USE": "Water Main", "SERVICE_STATUS": "Out of Service-Abandoned", "SUBSYSTEM": "Transmission", "OWNER": "COVAV", "OPERATOR": "COVAV", "DIAMETER": "450 mm", "PIPE_CLASS": null, "MATERIAL": "Steel", "LINING_MATERIAL": "blank", "COATING_MATERIAL": "blank", "FACET": "O16", "CONNECTION_TYPE": null, "DOMESTIC_DIAMETER": null, "DOMESTIC_MATERIAL": null, "FIRE_LIN_DIAMETER": null, "INSTALLED_BY": "City of Vancouver", "FIRE_LIN_MATERIAL": null, "MAP_TOOLTIP": "450 S n/a 1928", "UPDATED_DATE_iso": "2010-04-01", "COV_DATE_UPDATE_iso": "2010-04-01", "INSTALLATION_DATE_iso": "1928-01-01"}, "geometry": {"type": "LineString", "coordinates": [[-123.11610702441027, 49.24898407595854], [-123.11830247159494, 49.2490274455769]]}}, {"type": "Feature", "properties": {"SHAPE_Length": 69.53148139471358, "OBJECTID": 21264832, "COV_SOURCE_KEY": "386225", "UPDATED_DATE": 1270097181000, "COV_DATE_UPDATE": 1270097181000, "TBFID": 450333, "ORACLE_ID": "__FJ9YCB", "UNIT_ID_1": "T__FP5AUD", "UNIT_ID_2": "T__FP57U6", "MAIN_COMP1": 43, "MAIN_KEY_1": 129155, "MAIN_COMP2": 43, "MAIN_KEY_2": 124318, "ADDRESS_KEY": 149889, "INSTALLATION_DATE": null, "DEPTH_OF_COVER_M": 0, "RESTRAINED_JOINT": 0, "CATHODICALLY_PROTECTED": 0, "REMARKS": null, "ASSET_DESCRIPTION": "3700 HEATHER ST", "SPLIT_ON_CITYSIDE": null, "COMPKEY": 255570, "COMPTYPE": 41, "COATING_DATE": null, "LINING_DATE": null, "UPDATED_BY": "enfoz", "WATERMAIN_KEY": 38000, "BUN": null, "PIPE_LENGTH_M": 69.53212797, "PARALLEL_LINE_NUMBER": null, "PRESSURE_ZONE": null, "PIPE_USE": "Water Main", "SERVICE_STATUS": "Out of Service-Abandoned", "SUBSYSTEM": "<blank>", "OWNER": "COVAV", "OPERATOR": "COVAV", "DIAMETER": "150 mm", "PIPE_CLASS": null, "MATERIAL": "Cast Iron", "LINING_MATERIAL": "blank", "COATING_MATERIAL": "blank", "FACET": "O15", "CONNECTION_TYPE": null, "DOMESTIC_DIAMETER": null, "DOMESTIC_MATERIAL": null, "FIRE_LIN_DIAMETER": null, "INSTALLED_BY": "City of Vancouver", "FIRE_LIN_MATERIAL": null, "MAP_TOOLTIP": "150 CI n/a ", "UPDATED_DATE_iso": "2010-04-01", "COV_DATE_UPDATE_iso": "2010-04-01"}, "geometry": {"type": "LineString", "coordinates": [[-123.12022049075985, 49.252309533197014], [-123.12024326706596, 49.251684260386774]]}}, {"type": "Feature", "properties": {"SHAPE_Length": 83.45447291764035, "OBJECTID": 21264833, "COV_SOURCE_KEY": "386226", "UPDATED_DATE": 1270097181000, "COV_DATE_UPDATE": 1270097181000, "TBFID": 450334, "ORACLE_ID": "__FJ9YCC", "UNIT_ID_1": "T__FP61PX", "UNIT_ID_2": "T__FP5I9L", "MAIN_COMP1": 43, "MAIN_KEY_1": 170716, "MAIN_COMP2": 43, "MAIN_KEY_2": 140923, "ADDRESS_KEY": 153486, "INSTALLATION_DATE": null, "DEPTH_OF_COVER_M": 0, "RESTRAINED_JOINT": 0, "CATHODICALLY_PROTECTED": 0, "REMARKS": null, "ASSET_DESCRIPTION": "600 W 22ND AV", "SPLIT_ON_CITYSIDE": null, "COMPKEY": 255571, "COMPTYPE": 41, "COATING_DATE": null, "LINING_DATE": null, "UPDATED_BY": "enfoz", "WATERMAIN_KEY": 38001, "BUN": null, "PIPE_LENGTH_M": 83.45386799, "PARALLEL_LINE_NUMBER": null, "PRESSURE_ZONE": null, "PIPE_USE": "Water Main", "SERVICE_STATUS": "Out of Service-Abandoned", "SUBSYSTEM": "<blank>", "OWNER": "COVAV", "OPERATOR": "COVAV", "DIAMETER": "150 mm", "PIPE_CLASS": null, "MATERIAL": "Cast Iron", "LINING_MATERIAL": "blank", "COATING_MATERIAL": "blank", "FACET": "O15", "CONNECTION_TYPE": null, "DOMESTIC_DIAMETER": null, "DOMESTIC_MATERIAL": null, "FIRE_LIN_DIAMETER": null, "INSTALLED_BY": "City of Vancouver", "FIRE_LIN_MATERIAL": null, "MAP_TOOLTIP": "150 CI n/a ", "UPDATED_DATE_iso": "2010-04-01", "COV_DATE_UPDATE_iso": "2010-04-01"}, "geometry": {"type": "LineString", "coordinates": [[-123.1202479590908, 49.25155670320184], [-123.12027956855853, 49.25080629750149]]}}, {"type": "Feature", "properties": {"SHAPE_Length": 5.161637337270872, "OBJECTID": 21264834, "COV_SOURCE_KEY": "386227", "UPDATED_DATE": 1270097182000, "COV_DATE_UPDATE": 1270097182000, "TBFID": 450335, "ORACLE_ID": "__FJ9YCD", "UNIT_ID_1": "T__FP5UCH", "UNIT_ID_2": "T__FP5GXL", "MAIN_COMP1": 43, "MAIN_KEY_1": 159625, "MAIN_COMP2": 43, "MAIN_KEY_2": 138568, "ADDRESS_KEY": 152722, "INSTALLATION_DATE": -220896000000, "DEPTH_OF_COVER_M": 0, "RESTRAINED_JOINT": 0, "CATHODICALLY_PROTECTED": 0, "REMARKS": null, "ASSET_DESCRIPTION": "3900 HEATHER ST", "SPLIT_ON_CITYSIDE": null, "COMPKEY": 255573, "COMPTYPE": 41, "COATING_DATE": null, "LINING_DATE": null, "UPDATED_BY": "enfoz", "WATERMAIN_KEY": 38002, "BUN": null, "PIPE_LENGTH_M": 5.1615383, "PARALLEL_LINE_NUMBER": null, "PRESSURE_ZONE": null, "PIPE_USE": "Water Main", "SERVICE_STATUS": "Out of Service-Abandoned", "SUBSYSTEM": "<blank>", "OWNER": "COVAV", "OPERATOR": "COVAV", "DIAMETER": "200 mm", "PIPE_CLASS": null, "MATERIAL": "Cast Iron", "LINING_MATERIAL": "Cement Lined", "COATING_MATERIAL": "blank", "FACET": "O15", "CONNECTION_TYPE": null, "DOMESTIC_DIAMETER": null, "DOMESTIC_MATERIAL": null, "FIRE_LIN_DIAMETER": null, "INSTALLED_BY": "City of Vancouver", "FIRE_LIN_MATERIAL": null, "MAP_TOOLTIP": "200 CI CL 1963", "UPDATED_DATE_iso": "2010-04-01", "COV_DATE_UPDATE_iso": "2010-04-01", "INSTALLATION_DATE_iso": "1963-01-01"}, "geometry": {"type": "LineString", "coordinates": [[-123.12030057319274, 49.25024418185623], [-123.12030224672753, 49.25019776473728]]}}, {"type": "Feature", "properties": {"SHAPE_Length": 2.1414948056353067, "OBJECTID": 21264836, "COV_SOURCE_KEY": "386229", "UPDATED_DATE": 1380721921000, "COV_DATE_UPDATE": 1380721921000, "TBFID": 450337, "ORACLE_ID": "__FJ9YCF", "UNIT_ID_1": "4203192", "UNIT_ID_2": "59521", "MAIN_COMP1": 43, "MAIN_KEY_1": 821730, "MAIN_COMP2": 46, "MAIN_KEY_2": 102605, "ADDRESS_KEY": 148164, "INSTALLATION_DATE": -725817600000, "DEPTH_OF_COVER_M": 0.9100000262260437, "RESTRAINED_JOINT": 0, "CATHODICALLY_PROTECTED": 0, "REMARKS": null, "ASSET_DESCRIPTION": "400 W 22ND AV", "SPLIT_ON_CITYSIDE": null, "COMPKEY": 255576, "COMPTYPE": 41, "COATING_DATE": null, "LINING_DATE": null, "UPDATED_BY": "enyamw", "WATERMAIN_KEY": 38004, "BUN": null, "PIPE_LENGTH_M": 2.14148847, "PARALLEL_LINE_NUMBER": null, "PRESSURE_ZONE": null, "PIPE_USE": "Water Main", "SERVICE_STATUS": "Out of Service-Abandoned", "SUBSYSTEM": "Distribution", "OWNER": "COVAV", "OPERATOR": "COVAV", "DIAMETER": "150 mm", "PIPE_CLASS": null, "MATERIAL": "Cast Iron", "LINING_MATERIAL": "blank", "COATING_MATERIAL": "blank", "FACET": "O15", "CONNECTION_TYPE": null, "DOMESTIC_DIAMETER": null, "DOMESTIC_MATERIAL": null, "FIRE_LIN_DIAMETER": null, "INSTALLED_BY": "City of Vancouver", "FIRE_LIN_MATERIAL": null, "MAP_TOOLTIP": "150 CI n/a 1947", "UPDATED_DATE_iso": "2013-10-02", "COV_DATE_UPDATE_iso": "2013-10-02", "INSTALLATION_DATE_iso": "1947-01-01"}, "geometry": {"type": "LineString", "coordinates": [[-123.11516360636813, 49.25113239701233], [-123.11513419868143, 49.25113170670362]]}}, {"type": "Feature", "properties": {"SHAPE_Length": 5.079513755999351, "OBJECTID": 21264940, "COV_SOURCE_KEY": "385724", "UPDATED_DATE": 1270097002000, "COV_DATE_UPDATE": 1270097002000, "TBFID": 450323, "ORACLE_ID": "__FJ9Y7D", "UNIT_ID_1": "T__FP5HTT", "UNIT_ID_2": "T__FP6BMT", "MAIN_COMP1": 43, "MAIN_KEY_1": 140188, "MAIN_COMP2": 43, "MAIN_KEY_2": 185551, "ADDRESS_KEY": 148951, "INSTALLATION_DATE": -220896000000, "DEPTH_OF_COVER_M": 0.9100000262260437, "RESTRAINED_JOINT": 0, "CATHODICALLY_PROTECTED": 0, "REMARKS": null, "ASSET_DESCRIPTION": "4000 ASH ST", "SPLIT_ON_CITYSIDE": null, "COMPKEY": 255396, "COMPTYPE": 41, "COATING_DATE": null, "LINING_DATE": null, "UPDATED_BY": "enfoz", "WATERMAIN_KEY": 37877, "BUN": null, "PIPE_LENGTH_M": 5.0787, "PARALLEL_LINE_NUMBER": null, "PRESSURE_ZONE": null, "PIPE_USE": "Water Main", "SERVICE_STATUS": "Out of Service-Abandoned", "SUBSYSTEM": "Distribution", "OWNER": "COVAV", "OPERATOR": "COVAV", "DIAMETER": "150 mm", "PIPE_CLASS": null, "MATERIAL": "Cast Iron", "LINING_MATERIAL": "Cement Lined", "COATING_MATERIAL": "blank", "FACET": "O15", "CONNECTION_TYPE": null, "DOMESTIC_DIAMETER": null, "DOMESTIC_MATERIAL": null, "FIRE_LIN_DIAMETER": null, "INSTALLED_BY": "City of Vancouver", "FIRE_LIN_MATERIAL": null, "MAP_TOOLTIP": "150 CI CL 1963", "UPDATED_DATE_iso": "2010-04-01", "COV_DATE_UPDATE_iso": "2010-04-01", "INSTALLATION_DATE_iso": "1963-01-01"}, "geometry": {"type": "LineString", "coordinates": [[-123.11834915327464, 49.250006771313274], [-123.11835074794969, 49.24996109191066]]}}, {"type": "Feature", "properties": {"SHAPE_Length": 3.350492650726219, "OBJECTID": 21264941, "COV_SOURCE_KEY": "385725", "UPDATED_DATE": 1270097003000, "COV_DATE_UPDATE": 1270097003000, "TBFID": 450324, "ORACLE_ID": "__FJ9Y7G", "UNIT_ID_1": "T__FP5XD2", "UNIT_ID_2": "T__FP637M", "MAIN_COMP1": 43, "MAIN_KEY_1": 164277, "MAIN_COMP2": 43, "MAIN_KEY_2": 172923, "ADDRESS_KEY": 156612, "INSTALLATION_DATE": -220896000000, "DEPTH_OF_COVER_M": 0, "RESTRAINED_JOINT": 0, "CATHODICALLY_PROTECTED": 0, "REMARKS": null, "ASSET_DESCRIPTION": "600 W 22ND AV", "SPLIT_ON_CITYSIDE": null, "COMPKEY": 255398, "COMPTYPE": 41, "COATING_DATE": null, "LINING_DATE": null, "UPDATED_BY": "enfoz", "WATERMAIN_KEY": 37878, "BUN": null, "PIPE_LENGTH_M": 3.35048859, "PARALLEL_LINE_NUMBER": null, "PRESSURE_ZONE": null, "PIPE_USE": "Water Main", "SERVICE_STATUS": "Out of Service-Abandoned", "SUBSYSTEM": "<blank>", "OWNER": "COVAV", "OPERATOR": "COVAV", "DIAMETER": "150 mm", "PIPE_CLASS": null, "MATERIAL": "Cast Iron", "LINING_MATERIAL": "Cement Lined", "COATING_MATERIAL": "blank", "FACET": "O15", "CONNECTION_TYPE": null, "DOMESTIC_DIAMETER": null, "DOMESTIC_MATERIAL": null, "FIRE_LIN_DIAMETER": null, "INSTALLED_BY": "City of Vancouver", "FIRE_LIN_MATERIAL": null, "MAP_TOOLTIP": "150 CI CL 1963", "UPDATED_DATE_iso": "2010-04-01", "COV_DATE_UPDATE_iso": "2010-04-01", "INSTALLATION_DATE_iso": "1963-01-01"}, "geometry": {"type": "LineString", "coordinates": [[-123.11852908250862, 49.25153054922933], [-123.11848306095473, 49.25152969691169]]}}, {"type": "Feature", "properties": {"SHAPE_Length": 5.2603434292919, "OBJECTID": 21264942, "COV_SOURCE_KEY": "385726", "UPDATED_DATE": 1270097003000, "COV_DATE_UPDATE": 1270097003000, "TBFID": 450325, "ORACLE_ID": "__FJ9Y7H", "UNIT_ID_1": "T__FP6KSO", "UNIT_ID_2": "T__FP63H9", "MAIN_COMP1": 43, "MAIN_KEY_1": 199115, "MAIN_COMP2": 43, "MAIN_KEY_2": 173338, "ADDRESS_KEY": 157506, "INSTALLATION_DATE": -220896000000, "DEPTH_OF_COVER_M": 0, "RESTRAINED_JOINT": 0, "CATHODICALLY_PROTECTED": 0, "REMARKS": null, "ASSET_DESCRIPTION": "500 W 22ND AV", "SPLIT_ON_CITYSIDE": null, "COMPKEY": 255399, "COMPTYPE": 41, "COATING_DATE": null, "LINING_DATE": null, "UPDATED_BY": "enfoz", "WATERMAIN_KEY": 37879, "BUN": null, "PIPE_LENGTH_M": 5.26033703, "PARALLEL_LINE_NUMBER": null, "PRESSURE_ZONE": null, "PIPE_USE": "Water Main", "SERVICE_STATUS": "Out of Service-Abandoned", "SUBSYSTEM": "<blank>", "OWNER": "COVAV", "OPERATOR": "COVAV", "DIAMETER": "150 mm", "PIPE_CLASS": null, "MATERIAL": "Cast Iron", "LINING_MATERIAL": "Cement Lined", "COATING_MATERIAL": "blank", "FACET": "O15", "CONNECTION_TYPE": null, "DOMESTIC_DIAMETER": null, "DOMESTIC_MATERIAL": null, "FIRE_LIN_DIAMETER": null, "INSTALLED_BY": "City of Vancouver", "FIRE_LIN_MATERIAL": null, "MAP_TOOLTIP": "150 CI CL 1963", "UPDATED_DATE_iso": "2010-04-01", "COV_DATE_UPDATE_iso": "2010-04-01", "INSTALLATION_DATE_iso": "1963-01-01"}, "geometry": {"type": "LineString", "coordinates": [[-123.11828803903087, 49.25152726114371], [-123.11821578424113, 49.251525922847016]]}}, {"type": "Feature", "properties": {"SHAPE_Length": 0.9500000001862645, "OBJECTID": 21264943, "COV_SOURCE_KEY": "385727", "UPDATED_DATE": 1270097003000, "COV_DATE_UPDATE": 1270097003000, "TBFID": 450326, "ORACLE_ID": "__FJ9Y7I", "UNIT_ID_1": "T__FP63H9", "UNIT_ID_2": "T__FP59KP", "MAIN_COMP1": 43, "MAIN_KEY_1": 173338, "MAIN_COMP2": 43, "MAIN_KEY_2": 127187, "ADDRESS_KEY": 157506, "INSTALLATION_DATE": -220896000000, "DEPTH_OF_COVER_M": 0, "RESTRAINED_JOINT": 0, "CATHODICALLY_PROTECTED": 0, "REMARKS": null, "ASSET_DESCRIPTION": "500 W 22ND AV", "SPLIT_ON_CITYSIDE": null, "COMPKEY": 255400, "COMPTYPE": 41, "COATING_DATE": null, "LINING_DATE": null, "UPDATED_BY": "enfoz", "WATERMAIN_KEY": 37880, "BUN": null, "PIPE_LENGTH_M": 0.94999916, "PARALLEL_LINE_NUMBER": null, "PRESSURE_ZONE": null, "PIPE_USE": "Water Main", "SERVICE_STATUS": "Out of Service-Abandoned", "SUBSYSTEM": "<blank>", "OWNER": "COVAV", "OPERATOR": "COVAV", "DIAMETER": "150 mm", "PIPE_CLASS": null, "MATERIAL": "Cast Iron", "LINING_MATERIAL": "Cement Lined", "COATING_MATERIAL": "blank", "FACET": "O15", "CONNECTION_TYPE": null, "DOMESTIC_DIAMETER": null, "DOMESTIC_MATERIAL": null, "FIRE_LIN_DIAMETER": null, "INSTALLED_BY": "City of Vancouver", "FIRE_LIN_MATERIAL": null, "MAP_TOOLTIP": "150 CI CL 1963", "UPDATED_DATE_iso": "2010-04-01", "COV_DATE_UPDATE_iso": "2010-04-01", "INSTALLATION_DATE_iso": "1963-01-01"}, "geometry": {"type": "LineString", "coordinates": [[-123.11821578424113, 49.251525922847016], [-123.11820273006751, 49.25152593620332]]}}, {"type": "Feature", "properties": {"SHAPE_Length": 1.5408114754779658, "OBJECTID": 21264945, "COV_SOURCE_KEY": "385731", "UPDATED_DATE": 1270097005000, "COV_DATE_UPDATE": 1270097005000, "TBFID": 450330, "ORACLE_ID": "__FJ9Y7X", "UNIT_ID_1": "T__FP5P3V", "UNIT_ID_2": "T__FP6261", "MAIN_COMP1": 43, "MAIN_KEY_1": 151705, "MAIN_COMP2": 43, "MAIN_KEY_2": 171383, "ADDRESS_KEY": 148951, "INSTALLATION_DATE": -220896000000, "DEPTH_OF_COVER_M": 0.9100000262260437, "RESTRAINED_JOINT": 0, "CATHODICALLY_PROTECTED": 0, "REMARKS": null, "ASSET_DESCRIPTION": "4000 ASH ST", "SPLIT_ON_CITYSIDE": null, "COMPKEY": 255405, "COMPTYPE": 41, "COATING_DATE": null, "LINING_DATE": null, "UPDATED_BY": "enfoz", "WATERMAIN_KEY": 37884, "BUN": null, "PIPE_LENGTH_M": 1.54080169, "PARALLEL_LINE_NUMBER": null, "PRESSURE_ZONE": null, "PIPE_USE": "Water Main", "SERVICE_STATUS": "Out of Service-Abandoned", "SUBSYSTEM": "Distribution", "OWNER": "COVAV", "OPERATOR": "COVAV", "DIAMETER": "150 mm", "PIPE_CLASS": null, "MATERIAL": "Cast Iron", "LINING_MATERIAL": "Cement Lined", "COATING_MATERIAL": "blank", "FACET": "O16", "CONNECTION_TYPE": null, "DOMESTIC_DIAMETER": null, "DOMESTIC_MATERIAL": null, "FIRE_LIN_DIAMETER": null, "INSTALLED_BY": "City of Vancouver", "FIRE_LIN_MATERIAL": null, "MAP_TOOLTIP": "150 CI CL 1963", "UPDATED_DATE_iso": "2010-04-01", "COV_DATE_UPDATE_iso": "2010-04-01", "INSTALLATION_DATE_iso": "1963-01-01"}, "geometry": {"type": "LineString", "coordinates": [[-123.11838400405475, 49.24922111930736], [-123.11838465796322, 49.24920726598395]]}}, {"type": "Feature", "properties": {"SHAPE_Length": 3.951265621133871, "OBJECTID": 21264959, "COV_SOURCE_KEY": "382901", "UPDATED_DATE": 1270095994000, "COV_DATE_UPDATE": 1270095994000, "TBFID": 453592, "ORACLE_ID": "__FJ9WJV", "UNIT_ID_1": "T__FP5WD2", "UNIT_ID_2": "T__FP5WIA", "MAIN_COMP1": 43, "MAIN_KEY_1": 162769, "MAIN_COMP2": 43, "MAIN_KEY_2": 163037, "ADDRESS_KEY": 148537, "INSTALLATION_DATE": 568022400000, "DEPTH_OF_COVER_M": 0, "RESTRAINED_JOINT": 0, "CATHODICALLY_PROTECTED": 0, "REMARKS": null, "ASSET_DESCRIPTION": "3100 HEATHER ST", "SPLIT_ON_CITYSIDE": null, "COMPKEY": 252974, "COMPTYPE": 41, "COATING_DATE": null, "LINING_DATE": null, "UPDATED_BY": "enfoz", "WATERMAIN_KEY": 36167, "BUN": null, "PIPE_LENGTH_M": 3.95125336, "PARALLEL_LINE_NUMBER": null, "PRESSURE_ZONE": null, "PIPE_USE": "Water Main", "SERVICE_STATUS": "Out of Service-Abandoned", "SUBSYSTEM": "<blank>", "OWNER": "COVAV", "OPERATOR": "COVAV", "DIAMETER": "150 mm", "PIPE_CLASS": null, "MATERIAL": "Ductile Iron", "LINING_MATERIAL": "Cement Lined", "COATING_MATERIAL": "blank", "FACET": "O14", "CONNECTION_TYPE": null, "DOMESTIC_DIAMETER": null, "DOMESTIC_MATERIAL": null, "FIRE_LIN_DIAMETER": null, "INSTALLED_BY": "City of Vancouver", "FIRE_LIN_MATERIAL": null, "MAP_TOOLTIP": "150 DI CL 1988", "UPDATED_DATE_iso": "2010-04-01", "COV_DATE_UPDATE_iso": "2010-04-01", "INSTALLATION_DATE_iso": "1988-01-01"}, "geometry": {"type": "LineString", "coordinates": [[-123.12005501020809, 49.257101045688714], [-123.1200562983089, 49.257065513242175]]}}, {"type": "Feature", "properties": {"SHAPE_Length": 14.801994764961536, "OBJECTID": 21266098, "COV_SOURCE_KEY": "386274", "UPDATED_DATE": 1270097199000, "COV_DATE_UPDATE": 1270097199000, "TBFID": 450480, "ORACLE_ID": "__FJ9YZ9", "UNIT_ID_1": "T__FP6H61", "UNIT_ID_2": "T__FP5KXP", "MAIN_COMP1": 43, "MAIN_KEY_1": 193740, "MAIN_COMP2": 43, "MAIN_KEY_2": 145199, "ADDRESS_KEY": 151762, "INSTALLATION_DATE": -1262275200000, "DEPTH_OF_COVER_M": 0, "RESTRAINED_JOINT": 0, "CATHODICALLY_PROTECTED": 0, "REMARKS": null, "ASSET_DESCRIPTION": "3300 HEATHER ST", "SPLIT_ON_CITYSIDE": null, "COMPKEY": 256550, "COMPTYPE": 41, "COATING_DATE": null, "LINING_DATE": null, "UPDATED_BY": "enfoz", "WATERMAIN_KEY": 38679, "BUN": null, "PIPE_LENGTH_M": 14.80216531, "PARALLEL_LINE_NUMBER": null, "PRESSURE_ZONE": null, "PIPE_USE": "Water Main", "SERVICE_STATUS": "Out of Service-Abandoned", "SUBSYSTEM": "<blank>", "OWNER": "COVAV", "OPERATOR": "COVAV", "DIAMETER": "150 mm", "PIPE_CLASS": null, "MATERIAL": "Cast Iron", "LINING_MATERIAL": "blank", "COATING_MATERIAL": "blank", "FACET": "O14", "CONNECTION_TYPE": null, "DOMESTIC_DIAMETER": null, "DOMESTIC_MATERIAL": null, "FIRE_LIN_DIAMETER": null, "INSTALLED_BY": "City of Vancouver", "FIRE_LIN_MATERIAL": null, "MAP_TOOLTIP": "150 CI n/a 1930", "UPDATED_DATE_iso": "2010-04-01", "COV_DATE_UPDATE_iso": "2010-04-01", "INSTALLATION_DATE_iso": "1930-01-01"}, "geometry": {"type": "LineString", "coordinates": [[-123.12009887090836, 49.25531984787558], [-123.12010188728964, 49.25518671548267]]}}, {"type": "Feature", "properties": {"SHAPE_Length": 26.98193113927822, "OBJECTID": 21266355, "COV_SOURCE_KEY": "376197", "UPDATED_DATE": 1270092748000, "COV_DATE_UPDATE": 1270092748000, "TBFID": 445178, "ORACLE_ID": "__FJ9Q6L", "UNIT_ID_1": "T__FP6KY1", "UNIT_ID_2": "T__FP5BUZ", "MAIN_COMP1": 43, "MAIN_KEY_1": 199327, "MAIN_COMP2": 43, "MAIN_KEY_2": 130453, "ADDRESS_KEY": 149322, "INSTALLATION_DATE": -189360000000, "DEPTH_OF_COVER_M": 0, "RESTRAINED_JOINT": 0, "CATHODICALLY_PROTECTED": 0, "REMARKS": null, "ASSET_DESCRIPTION": "1000 W 26TH AV", "SPLIT_ON_CITYSIDE": null, "COMPKEY": 244382, "COMPTYPE": 41, "COATING_DATE": null, "LINING_DATE": null, "UPDATED_BY": "enfoz", "WATERMAIN_KEY": 29882, "BUN": null, "PIPE_LENGTH_M": 26.98186095, "PARALLEL_LINE_NUMBER": null, "PRESSURE_ZONE": null, "PIPE_USE": "Water Main", "SERVICE_STATUS": "Out of Service-Abandoned", "SUBSYSTEM": "<blank>", "OWNER": "COVAV", "OPERATOR": "COVAV", "DIAMETER": "150 mm", "PIPE_CLASS": null, "MATERIAL": "Cast Iron", "LINING_MATERIAL": "Cement Lined", "COATING_MATERIAL": "blank", "FACET": "N16", "CONNECTION_TYPE": null, "DOMESTIC_DIAMETER": null, "DOMESTIC_MATERIAL": null, "FIRE_LIN_DIAMETER": null, "INSTALLED_BY": "City of Vancouver", "FIRE_LIN_MATERIAL": null, "MAP_TOOLTIP": "150 CI CL 1964", "UPDATED_DATE_iso": "2010-04-01", "COV_DATE_UPDATE_iso": "2010-04-01", "INSTALLATION_DATE_iso": "1964-01-01"}, "geometry": {"type": "LineString", "coordinates": [[-123.12815050593387, 49.248214666158326], [-123.12777988526105, 49.248208492150916]]}}, {"type": "Feature", "properties": {"SHAPE_Length": 55.311918326471975, "OBJECTID": 21267121, "COV_SOURCE_KEY": "396124", "UPDATED_DATE": 1329854312000, "COV_DATE_UPDATE": 1329854312000, "TBFID": 464806, "ORACLE_ID": "__FJA9HL", "UNIT_ID_1": "4171809", "UNIT_ID_2": "150270", "MAIN_COMP1": 43, "MAIN_KEY_1": 792711, "MAIN_COMP2": 43, "MAIN_KEY_2": 44581, "ADDRESS_KEY": 151617, "INSTALLATION_DATE": null, "DEPTH_OF_COVER_M": 0.9100000262260437, "RESTRAINED_JOINT": 0, "CATHODICALLY_PROTECTED": 0, "REMARKS": null, "ASSET_DESCRIPTION": "400 W 16TH AV", "SPLIT_ON_CITYSIDE": null, "COMPKEY": 271351, "COMPTYPE": 41, "COATING_DATE": null, "LINING_DATE": null, "UPDATED_BY": "enyamw", "WATERMAIN_KEY": 49705, "BUN": null, "PIPE_LENGTH_M": 55.31191833, "PARALLEL_LINE_NUMBER": null, "PRESSURE_ZONE": 172, "PIPE_USE": "Water Main", "SERVICE_STATUS": "Out of Service-Abandoned", "SUBSYSTEM": "Distribution", "OWNER": "COVAV", "OPERATOR": "COVAV", "DIAMETER": "20 mm", "PIPE_CLASS": null, "MATERIAL": "Galvanized", "LINING_MATERIAL": "blank", "COATING_MATERIAL": "blank", "FACET": "O14", "CONNECTION_TYPE": null, "DOMESTIC_DIAMETER": null, "DOMESTIC_MATERIAL": null, "FIRE_LIN_DIAMETER": null, "INSTALLED_BY": "City of Vancouver", "FIRE_LIN_MATERIAL": null, "MAP_TOOLTIP": "20 GAL n/a ", "UPDATED_DATE_iso": "2012-02-21", "COV_DATE_UPDATE_iso": "2012-02-21"}, "geometry": {"type": "LineString", "coordinates": [[-123.11492733296396, 49.25686481939432], [-123.11416772819793, 49.25684620578035]]}}, {"type": "Feature", "properties": {"SHAPE_Length": 3.0068264005247234, "OBJECTID": 21267315, "COV_SOURCE_KEY": "397532", "UPDATED_DATE": 1346198561000, "COV_DATE_UPDATE": 1346198561000, "TBFID": 464270, "ORACLE_ID": "__FJA9UI", "UNIT_ID_1": "233357", "UNIT_ID_2": "232646", "MAIN_COMP1": 0, "MAIN_KEY_1": 128096, "MAIN_COMP2": 0, "MAIN_KEY_2": 129337, "ADDRESS_KEY": 157480, "INSTALLATION_DATE": -31507200000, "DEPTH_OF_COVER_M": 1.2200000286102295, "RESTRAINED_JOINT": 0, "CATHODICALLY_PROTECTED": 0, "REMARKS": null, "ASSET_DESCRIPTION": "400 500  W 33RD AV", "SPLIT_ON_CITYSIDE": null, "COMPKEY": 271798, "COMPTYPE": 41, "COATING_DATE": null, "LINING_DATE": null, "UPDATED_BY": "ENJCR", "WATERMAIN_KEY": 50062, "BUN": null, "PIPE_LENGTH_M": 3.0068264, "PARALLEL_LINE_NUMBER": null, "PRESSURE_ZONE": 173, "PIPE_USE": "Water Main", "SERVICE_STATUS": "Out of Service-Abandoned", "SUBSYSTEM": "Transmission", "OWNER": "GVWD", "OPERATOR": "GVWD", "DIAMETER": "1500 mm", "PIPE_CLASS": null, "MATERIAL": "Steel", "LINING_MATERIAL": "blank", "COATING_MATERIAL": "blank", "FACET": "O17", "CONNECTION_TYPE": null, "DOMESTIC_DIAMETER": null, "DOMESTIC_MATERIAL": null, "FIRE_LIN_DIAMETER": null, "INSTALLED_BY": "City of Vancouver", "FIRE_LIN_MATERIAL": null, "MAP_TOOLTIP": "1500 S n/a 1969 GVWD", "UPDATED_DATE_iso": "2012-08-29", "COV_DATE_UPDATE_iso": "2012-08-29", "INSTALLATION_DATE_iso": "1969-01-01"}, "geometry": {"type": "LineString", "coordinates": [[-123.1172984160946, 49.24117186842941], [-123.11732953448562, 49.24118965640457]]}}, {"type": "Feature", "properties": {"SHAPE_Length": 23.82143524739437, "OBJECTID": 21267381, "COV_SOURCE_KEY": "397483", "UPDATED_DATE": 1270102995000, "COV_DATE_UPDATE": 1270102995000, "TBFID": 464122, "ORACLE_ID": "__FJAA73", "UNIT_ID_1": "T__FP5PYW", "UNIT_ID_2": "T__FP6EFA", "MAIN_COMP1": 43, "MAIN_KEY_1": 153047, "MAIN_COMP2": 43, "MAIN_KEY_2": 189666, "ADDRESS_KEY": 157453, "INSTALLATION_DATE": -347126400000, "DEPTH_OF_COVER_M": 0, "RESTRAINED_JOINT": 0, "CATHODICALLY_PROTECTED": 0, "REMARKS": null, "ASSET_DESCRIPTION": "100 200  MIDLOTHIAN AV", "SPLIT_ON_CITYSIDE": null, "COMPKEY": 272206, "COMPTYPE": 41, "COATING_DATE": null, "LINING_DATE": null, "UPDATED_BY": "enfoz", "WATERMAIN_KEY": 50391, "BUN": null, "PIPE_LENGTH_M": 23.8213309, "PARALLEL_LINE_NUMBER": null, "PRESSURE_ZONE": null, "PIPE_USE": "Water Main", "SERVICE_STATUS": "Out of Service-Abandoned", "SUBSYSTEM": "<blank>", "OWNER": "COVAV", "OPERATOR": "COVAV", "DIAMETER": "600 mm", "PIPE_CLASS": null, "MATERIAL": "Steel", "LINING_MATERIAL": "blank", "COATING_MATERIAL": "blank", "FACET": "O17", "CONNECTION_TYPE": null, "DOMESTIC_DIAMETER": null, "DOMESTIC_MATERIAL": null, "FIRE_LIN_DIAMETER": null, "INSTALLED_BY": "City of Vancouver", "FIRE_LIN_MATERIAL": null, "MAP_TOOLTIP": "600 S n/a 1959", "UPDATED_DATE_iso": "2010-04-01", "COV_DATE_UPDATE_iso": "2010-04-01", "INSTALLATION_DATE_iso": "1959-01-01"}, "geometry": {"type": "LineString", "coordinates": [[-123.11116339015047, 49.24468165206063], [-123.11125845307201, 49.24473679130273], [-123.11126973328885, 49.24474298715207], [-123.11128101330635, 49.244749093048156], [-123.11129243072027, 49.24475519881074], [-123.11130384793482, 49.24476121462005], [-123.11131540232333, 49.24476713134847], [-123.11132695673484, 49.24477305707093], [-123.1113385111491, 49.244778982792226], [-123.1113502025553, 49.244784728475594], [-123.11136189416648, 49.24479056410995], [-123.11137372276953, 49.24479621970635], [-123.11138555137526, 49.2448018753015], [-123.11139751737744, 49.24480753076298], [-123.11140948318, 49.24481309627102], [-123.1114171853258, 49.24481668693782]]}}, {"type": "Feature", "properties": {"SHAPE_Length": 1.9187884194000844, "OBJECTID": 21268277, "COV_SOURCE_KEY": "392876", "UPDATED_DATE": 1380721921000, "COV_DATE_UPDATE": 1380721921000, "TBFID": 462249, "ORACLE_ID": "__FJA5GQ", "UNIT_ID_1": "860353", "UNIT_ID_2": "860414", "MAIN_COMP1": 43, "MAIN_KEY_1": 821720, "MAIN_COMP2": 43, "MAIN_KEY_2": 821750, "ADDRESS_KEY": 152794, "INSTALLATION_DATE": 946713600000, "DEPTH_OF_COVER_M": 0.9100000262260437, "RESTRAINED_JOINT": 0, "CATHODICALLY_PROTECTED": 0, "REMARKS": null, "ASSET_DESCRIPTION": "200 300  W 22ND AV", "SPLIT_ON_CITYSIDE": null, "COMPKEY": 266217, "COMPTYPE": 41, "COATING_DATE": null, "LINING_DATE": null, "UPDATED_BY": "enyamw", "WATERMAIN_KEY": 45595, "BUN": null, "PIPE_LENGTH_M": 1.91878106, "PARALLEL_LINE_NUMBER": null, "PRESSURE_ZONE": null, "PIPE_USE": "Water Main", "SERVICE_STATUS": "Out of Service-Abandoned", "SUBSYSTEM": "Distribution", "OWNER": "COVAV", "OPERATOR": "COVAV", "DIAMETER": "150 mm", "PIPE_CLASS": null, "MATERIAL": "Ductile Iron", "LINING_MATERIAL": "Cement Lined", "COATING_MATERIAL": "blank", "FACET": "O15", "CONNECTION_TYPE": null, "DOMESTIC_DIAMETER": null, "DOMESTIC_MATERIAL": null, "FIRE_LIN_DIAMETER": null, "INSTALLED_BY": "City of Vancouver", "FIRE_LIN_MATERIAL": null, "MAP_TOOLTIP": "150 DI CL 2000", "UPDATED_DATE_iso": "2013-10-02", "COV_DATE_UPDATE_iso": "2013-10-02", "INSTALLATION_DATE_iso": "2000-01-01"}, "geometry": {"type": "LineString", "coordinates": [[-123.11168052819879, 49.25107300272339], [-123.11165417162863, 49.25107253346017]]}}, {"type": "Feature", "properties": {"SHAPE_Length": 64.69514264585875, "OBJECTID": 21268278, "COV_SOURCE_KEY": "392877", "UPDATED_DATE": 1380721921000, "COV_DATE_UPDATE": 1380721921000, "TBFID": 462250, "ORACLE_ID": "__FJA5GR", "UNIT_ID_1": "4203303", "UNIT_ID_2": "860353", "MAIN_COMP1": 43, "MAIN_KEY_1": 821732, "MAIN_COMP2": 43, "MAIN_KEY_2": 821720, "ADDRESS_KEY": 152794, "INSTALLATION_DATE": -378662400000, "DEPTH_OF_COVER_M": 0.9100000262260437, "RESTRAINED_JOINT": 0, "CATHODICALLY_PROTECTED": 0, "REMARKS": null, "ASSET_DESCRIPTION": "200 300  W 22ND AV", "SPLIT_ON_CITYSIDE": null, "COMPKEY": 266218, "COMPTYPE": 41, "COATING_DATE": null, "LINING_DATE": null, "UPDATED_BY": "enyamw", "WATERMAIN_KEY": 45596, "BUN": null, "PIPE_LENGTH_M": 64.6949239, "PARALLEL_LINE_NUMBER": null, "PRESSURE_ZONE": null, "PIPE_USE": "Water Main", "SERVICE_STATUS": "Out of Service-Abandoned", "SUBSYSTEM": "Distribution", "OWNER": "COVAV", "OPERATOR": "COVAV", "DIAMETER": "150 mm", "PIPE_CLASS": null, "MATERIAL": "Cast Iron", "LINING_MATERIAL": "blank", "COATING_MATERIAL": "blank", "FACET": "O15", "CONNECTION_TYPE": null, "DOMESTIC_DIAMETER": null, "DOMESTIC_MATERIAL": null, "FIRE_LIN_DIAMETER": null, "INSTALLED_BY": "City of Vancouver", "FIRE_LIN_MATERIAL": null, "MAP_TOOLTIP": "150 CI n/a 1958", "UPDATED_DATE_iso": "2013-10-02", "COV_DATE_UPDATE_iso": "2013-10-02", "INSTALLATION_DATE_iso": "1958-01-01"}, "geometry": {"type": "LineString", "coordinates": [[-123.11256918981518, 49.25108868251341], [-123.11168052819879, 49.25107300272339]]}}, {"type": "Feature", "properties": {"SHAPE_Length": 4.23467826417329, "OBJECTID": 21268600, "COV_SOURCE_KEY": "396129", "UPDATED_DATE": 1270102339000, "COV_DATE_UPDATE": 1270102339000, "TBFID": 464908, "ORACLE_ID": "__FJA9HR", "UNIT_ID_1": "T__FP5FDL", "UNIT_ID_2": "T__FP58G9", "MAIN_COMP1": 43, "MAIN_KEY_1": 135926, "MAIN_COMP2": 43, "MAIN_KEY_2": 125299, "ADDRESS_KEY": 152470, "INSTALLATION_DATE": -126201600000, "DEPTH_OF_COVER_M": 0, "RESTRAINED_JOINT": 0, "CATHODICALLY_PROTECTED": 0, "REMARKS": null, "ASSET_DESCRIPTION": "3300 COLUMBIA ST", "SPLIT_ON_CITYSIDE": null, "COMPKEY": 271357, "COMPTYPE": 41, "COATING_DATE": null, "LINING_DATE": null, "UPDATED_BY": "enfoz", "WATERMAIN_KEY": 49710, "BUN": null, "PIPE_LENGTH_M": 4.23463641, "PARALLEL_LINE_NUMBER": null, "PRESSURE_ZONE": null, "PIPE_USE": "Water Main", "SERVICE_STATUS": "Out of Service-Abandoned", "SUBSYSTEM": "<blank>", "OWNER": "COVAV", "OPERATOR": "COVAV", "DIAMETER": "150 mm", "PIPE_CLASS": null, "MATERIAL": "Cast Iron", "LINING_MATERIAL": "Cement Lined", "COATING_MATERIAL": "blank", "FACET": "P14", "CONNECTION_TYPE": null, "DOMESTIC_DIAMETER": null, "DOMESTIC_MATERIAL": null, "FIRE_LIN_DIAMETER": null, "INSTALLED_BY": "City of Vancouver", "FIRE_LIN_MATERIAL": null, "MAP_TOOLTIP": "150 CI CL 1966", "UPDATED_DATE_iso": "2010-04-01", "COV_DATE_UPDATE_iso": "2010-04-01", "INSTALLATION_DATE_iso": "1966-01-01"}, "geometry": {"type": "LineString", "coordinates": [[-123.10970341514634, 49.25563264131324], [-123.1097260123113, 49.255597538500716]]}}, {"type": "Feature", "properties": {"SHAPE_Length": 94.85144411174142, "OBJECTID": 21270024, "COV_SOURCE_KEY": "376112", "UPDATED_DATE": 1270092698000, "COV_DATE_UPDATE": 1270092698000, "TBFID": 444896, "ORACLE_ID": "__FJ9Q5Y", "UNIT_ID_1": "T__FP670Y", "UNIT_ID_2": "T__FP57WR", "MAIN_COMP1": 43, "MAIN_KEY_1": 178765, "MAIN_COMP2": 43, "MAIN_KEY_2": 124444, "ADDRESS_KEY": 149322, "INSTALLATION_DATE": -126201600000, "DEPTH_OF_COVER_M": 0, "RESTRAINED_JOINT": 0, "CATHODICALLY_PROTECTED": 0, "REMARKS": null, "ASSET_DESCRIPTION": "1000 W 26TH AV", "SPLIT_ON_CITYSIDE": null, "COMPKEY": 244355, "COMPTYPE": 41, "COATING_DATE": null, "LINING_DATE": null, "UPDATED_BY": "enfoz", "WATERMAIN_KEY": 29860, "BUN": null, "PIPE_LENGTH_M": 94.85123787, "PARALLEL_LINE_NUMBER": null, "PRESSURE_ZONE": null, "PIPE_USE": "Water Main", "SERVICE_STATUS": "Out of Service-Abandoned", "SUBSYSTEM": "<blank>", "OWNER": "COVAV", "OPERATOR": "COVAV", "DIAMETER": "150 mm", "PIPE_CLASS": null, "MATERIAL": "Cast Iron", "LINING_MATERIAL": "Cement Lined", "COATING_MATERIAL": "blank", "FACET": "N16", "CONNECTION_TYPE": null, "DOMESTIC_DIAMETER": null, "DOMESTIC_MATERIAL": null, "FIRE_LIN_DIAMETER": null, "INSTALLED_BY": "City of Vancouver", "FIRE_LIN_MATERIAL": null, "MAP_TOOLTIP": "150 CI CL 1966", "UPDATED_DATE_iso": "2010-04-01", "COV_DATE_UPDATE_iso": "2010-04-01", "INSTALLATION_DATE_iso": "1966-01-01"}, "geometry": {"type": "LineString", "coordinates": [[-123.12974602871746, 49.24816489580876], [-123.1284431039271, 49.24814473613294]]}}, {"type": "Feature", "properties": {"SHAPE_Length": 1.6605812232783406, "OBJECTID": 21270764, "COV_SOURCE_KEY": "395964", "UPDATED_DATE": 1591908454000, "COV_DATE_UPDATE": 1591908454000, "TBFID": 466454, "ORACLE_ID": "__FJA9GD", "UNIT_ID_1": "143882", "UNIT_ID_2": "64543", "MAIN_COMP1": 43, "MAIN_KEY_1": 44540, "MAIN_COMP2": 46, "MAIN_KEY_2": 56213, "ADDRESS_KEY": 153642, "INSTALLATION_DATE": -126201600000, "DEPTH_OF_COVER_M": 0.9100000262260437, "RESTRAINED_JOINT": 0, "CATHODICALLY_PROTECTED": 0, "REMARKS": null, "ASSET_DESCRIPTION": "0 W 19TH AV", "SPLIT_ON_CITYSIDE": null, "COMPKEY": 271308, "COMPTYPE": 41, "COATING_DATE": null, "LINING_DATE": null, "UPDATED_BY": "enyamw", "WATERMAIN_KEY": 49671, "BUN": null, "PIPE_LENGTH_M": 1.66058122, "PARALLEL_LINE_NUMBER": null, "PRESSURE_ZONE": 172, "PIPE_USE": "Water Main", "SERVICE_STATUS": "Out of Service-Abandoned", "SUBSYSTEM": "Distribution", "OWNER": "COVAV", "OPERATOR": "COVAV", "DIAMETER": "150 mm", "PIPE_CLASS": null, "MATERIAL": "Cast Iron", "LINING_MATERIAL": "Cement Lined", "COATING_MATERIAL": "blank", "FACET": "P15", "CONNECTION_TYPE": null, "DOMESTIC_DIAMETER": null, "DOMESTIC_MATERIAL": null, "FIRE_LIN_DIAMETER": null, "INSTALLED_BY": "City of Vancouver", "FIRE_LIN_MATERIAL": null, "MAP_TOOLTIP": "150 CI CL 1966", "UPDATED_DATE_iso": "2020-06-11", "COV_DATE_UPDATE_iso": "2020-06-11", "INSTALLATION_DATE_iso": "1966-01-01"}, "geometry": {"type": "LineString", "coordinates": [[-123.10493767299737, 49.25380512853028], [-123.10491490063379, 49.25380416873209]]}}, {"type": "Feature", "properties": {"SHAPE_Length": 12.478255406864157, "OBJECTID": 21271280, "COV_SOURCE_KEY": "388035", "UPDATED_DATE": 1270097835000, "COV_DATE_UPDATE": 1270097835000, "TBFID": 457412, "ORACLE_ID": "__FJA1XY", "UNIT_ID_1": "T__FP5USQ", "UNIT_ID_2": "T__FP63RB", "MAIN_COMP1": 43, "MAIN_KEY_1": 160340, "MAIN_COMP2": 43, "MAIN_KEY_2": 173734, "ADDRESS_KEY": 148584, "INSTALLATION_DATE": null, "DEPTH_OF_COVER_M": 0, "RESTRAINED_JOINT": 0, "CATHODICALLY_PROTECTED": 0, "REMARKS": null, "ASSET_DESCRIPTION": "3400 COLUMBIA ST", "SPLIT_ON_CITYSIDE": null, "COMPKEY": 260951, "COMPTYPE": 41, "COATING_DATE": null, "LINING_DATE": null, "UPDATED_BY": "enfoz", "WATERMAIN_KEY": 41742, "BUN": null, "PIPE_LENGTH_M": 12.47804298, "PARALLEL_LINE_NUMBER": null, "PRESSURE_ZONE": null, "PIPE_USE": "Water Main", "SERVICE_STATUS": "Out of Service-Abandoned", "SUBSYSTEM": "<blank>", "OWNER": "COVAV", "OPERATOR": "COVAV", "DIAMETER": "150 mm", "PIPE_CLASS": null, "MATERIAL": "Cast Iron", "LINING_MATERIAL": "blank", "COATING_MATERIAL": "blank", "FACET": "P14", "CONNECTION_TYPE": null, "DOMESTIC_DIAMETER": null, "DOMESTIC_MATERIAL": null, "FIRE_LIN_DIAMETER": null, "INSTALLED_BY": "City of Vancouver", "FIRE_LIN_MATERIAL": null, "MAP_TOOLTIP": "150 CI n/a ", "UPDATED_DATE_iso": "2010-04-01", "COV_DATE_UPDATE_iso": "2010-04-01"}, "geometry": {"type": "LineString", "coordinates": [[-123.10976653600828, 49.25467911505278], [-123.10976435250853, 49.254791350492475]]}}, {"type": "Feature", "properties": {"SHAPE_Length": 2.270198228786664, "OBJECTID": 21271789, "COV_SOURCE_KEY": "385376", "UPDATED_DATE": 1270096877000, "COV_DATE_UPDATE": 1270096877000, "TBFID": 451056, "ORACLE_ID": "__FJ9Y3X", "UNIT_ID_1": "T__FP5U11", "UNIT_ID_2": "T__FP5SR1", "MAIN_COMP1": 43, "MAIN_KEY_1": 159154, "MAIN_COMP2": 43, "MAIN_KEY_2": 157234, "ADDRESS_KEY": 157026, "INSTALLATION_DATE": null, "DEPTH_OF_COVER_M": 0.9100000262260437, "RESTRAINED_JOINT": 0, "CATHODICALLY_PROTECTED": 0, "REMARKS": null, "ASSET_DESCRIPTION": "500 W KING EDWARD AV", "SPLIT_ON_CITYSIDE": null, "COMPKEY": 255275, "COMPTYPE": 41, "COATING_DATE": null, "LINING_DATE": null, "UPDATED_BY": "enfoz", "WATERMAIN_KEY": 37780, "BUN": null, "PIPE_LENGTH_M": 2.27018423, "PARALLEL_LINE_NUMBER": null, "PRESSURE_ZONE": null, "PIPE_USE": "Water Main", "SERVICE_STATUS": "Out of Service-Abandoned", "SUBSYSTEM": "Distribution", "OWNER": "COVAV", "OPERATOR": "COVAV", "DIAMETER": "200 mm", "PIPE_CLASS": null, "MATERIAL": "Cast Iron", "LINING_MATERIAL": "blank", "COATING_MATERIAL": "blank", "FACET": "O16", "CONNECTION_TYPE": null, "DOMESTIC_DIAMETER": null, "DOMESTIC_MATERIAL": null, "FIRE_LIN_DIAMETER": null, "INSTALLED_BY": "City of Vancouver", "FIRE_LIN_MATERIAL": null, "MAP_TOOLTIP": "200 CI n/a ", "UPDATED_DATE_iso": "2010-04-01", "COV_DATE_UPDATE_iso": "2010-04-01"}, "geometry": {"type": "LineString", "coordinates": [[-123.11568725989663, 49.2489764643033], [-123.11568689538936, 49.248996883839695]]}}, {"type": "Feature", "properties": {"SHAPE_Length": 2.802893148141638, "OBJECTID": 21271882, "COV_SOURCE_KEY": "376363", "UPDATED_DATE": 1270092822000, "COV_DATE_UPDATE": 1270092822000, "TBFID": 445836, "ORACLE_ID": "__FJ9Q7Y", "UNIT_ID_1": "T__FP63RP", "UNIT_ID_2": "T__FP581M", "MAIN_COMP1": 43, "MAIN_KEY_1": 173750, "MAIN_COMP2": 43, "MAIN_KEY_2": 124664, "ADDRESS_KEY": 153398, "INSTALLATION_DATE": -378662400000, "DEPTH_OF_COVER_M": 0, "RESTRAINED_JOINT": 0, "CATHODICALLY_PROTECTED": 0, "REMARKS": null, "ASSET_DESCRIPTION": "800 W 27TH AV", "SPLIT_ON_CITYSIDE": null, "COMPKEY": 244434, "COMPTYPE": 41, "COATING_DATE": null, "LINING_DATE": null, "UPDATED_BY": "enfoz", "WATERMAIN_KEY": 29922, "BUN": null, "PIPE_LENGTH_M": 2.80290923, "PARALLEL_LINE_NUMBER": null, "PRESSURE_ZONE": null, "PIPE_USE": "Water Main", "SERVICE_STATUS": "Out of Service-Abandoned", "SUBSYSTEM": "<blank>", "OWNER": "COVAV", "OPERATOR": "COVAV", "DIAMETER": "150 mm", "PIPE_CLASS": null, "MATERIAL": "Cast Iron", "LINING_MATERIAL": "blank", "COATING_MATERIAL": "blank", "FACET": "N16", "CONNECTION_TYPE": null, "DOMESTIC_DIAMETER": null, "DOMESTIC_MATERIAL": null, "FIRE_LIN_DIAMETER": null, "INSTALLED_BY": "City of Vancouver", "FIRE_LIN_MATERIAL": null, "MAP_TOOLTIP": "150 CI n/a 1958", "UPDATED_DATE_iso": "2010-04-01", "COV_DATE_UPDATE_iso": "2010-04-01", "INSTALLATION_DATE_iso": "1958-01-01"}, "geometry": {"type": "LineString", "coordinates": [[-123.12253886144316, 49.24719189772158], [-123.12250037332578, 49.247191012028374]]}}, {"type": "Feature", "properties": {"SHAPE_Length": 0.550363516030294, "OBJECTID": 21271883, "COV_SOURCE_KEY": "376365", "UPDATED_DATE": 1270092823000, "COV_DATE_UPDATE": 1270092823000, "TBFID": 445838, "ORACLE_ID": "__FJ9Q80", "UNIT_ID_1": "T__FP6F9H", "UNIT_ID_2": "T__FP64IC", "MAIN_COMP1": 43, "MAIN_KEY_1": 190934, "MAIN_COMP2": 43, "MAIN_KEY_2": 174989, "ADDRESS_KEY": 153398, "INSTALLATION_DATE": -1420041600000, "DEPTH_OF_COVER_M": 0, "RESTRAINED_JOINT": 0, "CATHODICALLY_PROTECTED": 0, "REMARKS": null, "ASSET_DESCRIPTION": "800 W 27TH AV", "SPLIT_ON_CITYSIDE": null, "COMPKEY": 244437, "COMPTYPE": 41, "COATING_DATE": null, "LINING_DATE": null, "UPDATED_BY": "enfoz", "WATERMAIN_KEY": 29924, "BUN": null, "PIPE_LENGTH_M": 0.55036676, "PARALLEL_LINE_NUMBER": null, "PRESSURE_ZONE": null, "PIPE_USE": "Water Main", "SERVICE_STATUS": "Out of Service-Abandoned", "SUBSYSTEM": "<blank>", "OWNER": "COVAV", "OPERATOR": "COVAV", "DIAMETER": "100 mm", "PIPE_CLASS": null, "MATERIAL": "Cast Iron", "LINING_MATERIAL": "blank", "COATING_MATERIAL": "blank", "FACET": "N16", "CONNECTION_TYPE": null, "DOMESTIC_DIAMETER": null, "DOMESTIC_MATERIAL": null, "FIRE_LIN_DIAMETER": null, "INSTALLED_BY": "City of Vancouver", "FIRE_LIN_MATERIAL": null, "MAP_TOOLTIP": "100 CI n/a 1925", "UPDATED_DATE_iso": "2010-04-01", "COV_DATE_UPDATE_iso": "2010-04-01", "INSTALLATION_DATE_iso": "1925-01-01"}, "geometry": {"type": "LineString", "coordinates": [[-123.12465697367114, 49.24722951660452], [-123.12466453114594, 49.24722968835456]]}}, {"type": "Feature", "properties": {"SHAPE_Length": 6.75293277028647, "OBJECTID": 21271943, "COV_SOURCE_KEY": "382982", "UPDATED_DATE": 1270096022000, "COV_DATE_UPDATE": 1270096022000, "TBFID": 453871, "ORACLE_ID": "__FJ9WKD", "UNIT_ID_1": "T__FP6DGE", "UNIT_ID_2": "T__FP60R3", "MAIN_COMP1": 43, "MAIN_KEY_1": 188287, "MAIN_COMP2": 43, "MAIN_KEY_2": 169301, "ADDRESS_KEY": 148537, "INSTALLATION_DATE": 568022400000, "DEPTH_OF_COVER_M": 0, "RESTRAINED_JOINT": 0, "CATHODICALLY_PROTECTED": 0, "REMARKS": null, "ASSET_DESCRIPTION": "3100 HEATHER ST", "SPLIT_ON_CITYSIDE": null, "COMPKEY": 253000, "COMPTYPE": 41, "COATING_DATE": null, "LINING_DATE": null, "UPDATED_BY": "enfoz", "WATERMAIN_KEY": 36185, "BUN": null, "PIPE_LENGTH_M": 6.75291161, "PARALLEL_LINE_NUMBER": null, "PRESSURE_ZONE": null, "PIPE_USE": "Water Main", "SERVICE_STATUS": "Out of Service-Abandoned", "SUBSYSTEM": "<blank>", "OWNER": "COVAV", "OPERATOR": "COVAV", "DIAMETER": "150 mm", "PIPE_CLASS": null, "MATERIAL": "Ductile Iron", "LINING_MATERIAL": "Cement Lined", "COATING_MATERIAL": "blank", "FACET": "O14", "CONNECTION_TYPE": null, "DOMESTIC_DIAMETER": null, "DOMESTIC_MATERIAL": null, "FIRE_LIN_DIAMETER": null, "INSTALLED_BY": "City of Vancouver", "FIRE_LIN_MATERIAL": null, "MAP_TOOLTIP": "150 DI CL 1988", "UPDATED_DATE_iso": "2010-04-01", "COV_DATE_UPDATE_iso": "2010-04-01", "INSTALLATION_DATE_iso": "1988-01-01"}, "geometry": {"type": "LineString", "coordinates": [[-123.12018835011799, 49.25711529041195], [-123.12019093750202, 49.2570545700041]]}}, {"type": "Feature", "properties": {"SHAPE_Length": 53.95765729643552, "OBJECTID": 21271989, "COV_SOURCE_KEY": "382756", "UPDATED_DATE": 1270095942000, "COV_DATE_UPDATE": 1270095942000, "TBFID": 446920, "ORACLE_ID": "__FJ9WUV", "UNIT_ID_1": "T__FP5EDX", "UNIT_ID_2": "T__FP6DJ6", "MAIN_COMP1": 43, "MAIN_KEY_1": 134260, "MAIN_COMP2": 43, "MAIN_KEY_2": 188386, "ADDRESS_KEY": 151762, "INSTALLATION_DATE": -1262275200000, "DEPTH_OF_COVER_M": 0, "RESTRAINED_JOINT": 0, "CATHODICALLY_PROTECTED": 0, "REMARKS": null, "ASSET_DESCRIPTION": "3300 HEATHER ST", "SPLIT_ON_CITYSIDE": null, "COMPKEY": 253406, "COMPTYPE": 41, "COATING_DATE": null, "LINING_DATE": null, "UPDATED_BY": "enfoz", "WATERMAIN_KEY": 36463, "BUN": null, "PIPE_LENGTH_M": 53.9574865, "PARALLEL_LINE_NUMBER": null, "PRESSURE_ZONE": null, "PIPE_USE": "Water Main", "SERVICE_STATUS": "Out of Service-Abandoned", "SUBSYSTEM": "<blank>", "OWNER": "COVAV", "OPERATOR": "COVAV", "DIAMETER": "150 mm", "PIPE_CLASS": null, "MATERIAL": "Cast Iron", "LINING_MATERIAL": "blank", "COATING_MATERIAL": "blank", "FACET": "O14", "CONNECTION_TYPE": null, "DOMESTIC_DIAMETER": null, "DOMESTIC_MATERIAL": null, "FIRE_LIN_DIAMETER": null, "INSTALLED_BY": "City of Vancouver", "FIRE_LIN_MATERIAL": null, "MAP_TOOLTIP": "150 CI n/a 1930", "UPDATED_DATE_iso": "2010-04-01", "COV_DATE_UPDATE_iso": "2010-04-01", "INSTALLATION_DATE_iso": "1930-01-01"}, "geometry": {"type": "LineString", "coordinates": [[-123.12008184066661, 49.256054864955246], [-123.12009315524698, 49.255569561118236]]}}, {"type": "Feature", "properties": {"SHAPE_Length": 52.046853123023254, "OBJECTID": 21271990, "COV_SOURCE_KEY": "382757", "UPDATED_DATE": 1270095942000, "COV_DATE_UPDATE": 1270095942000, "TBFID": 446921, "ORACLE_ID": "__FJ9WUW", "UNIT_ID_1": "T__FP5DQK", "UNIT_ID_2": "T__FP5EMQ", "MAIN_COMP1": 43, "MAIN_KEY_1": 133219, "MAIN_COMP2": 43, "MAIN_KEY_2": 134668, "ADDRESS_KEY": 154813, "INSTALLATION_DATE": -220896000000, "DEPTH_OF_COVER_M": 0, "RESTRAINED_JOINT": 0, "CATHODICALLY_PROTECTED": 0, "REMARKS": null, "ASSET_DESCRIPTION": "3200 WILLOW ST", "SPLIT_ON_CITYSIDE": null, "COMPKEY": 253408, "COMPTYPE": 41, "COATING_DATE": null, "LINING_DATE": null, "UPDATED_BY": "enfoz", "WATERMAIN_KEY": 36464, "BUN": null, "PIPE_LENGTH_M": 52.04764659, "PARALLEL_LINE_NUMBER": null, "PRESSURE_ZONE": null, "PIPE_USE": "Water Main", "SERVICE_STATUS": "Out of Service-Abandoned", "SUBSYSTEM": "<blank>", "OWNER": "COVAV", "OPERATOR": "COVAV", "DIAMETER": "150 mm", "PIPE_CLASS": null, "MATERIAL": "Cast Iron", "LINING_MATERIAL": "Cement Lined", "COATING_MATERIAL": "blank", "FACET": "O14", "CONNECTION_TYPE": null, "DOMESTIC_DIAMETER": null, "DOMESTIC_MATERIAL": null, "FIRE_LIN_DIAMETER": null, "INSTALLED_BY": "City of Vancouver", "FIRE_LIN_MATERIAL": null, "MAP_TOOLTIP": "150 CI CL 1963", "UPDATED_DATE_iso": "2010-04-01", "COV_DATE_UPDATE_iso": "2010-04-01", "INSTALLATION_DATE_iso": "1963-01-01"}, "geometry": {"type": "LineString", "coordinates": [[-123.12211072293532, 49.25671958099479], [-123.12210547276516, 49.2562514214137]]}}, {"type": "Feature", "properties": {"SHAPE_Length": 27.763810977377656, "OBJECTID": 21271991, "COV_SOURCE_KEY": "382758", "UPDATED_DATE": 1270095943000, "COV_DATE_UPDATE": 1270095943000, "TBFID": 446922, "ORACLE_ID": "__FJ9WUY", "UNIT_ID_1": "T__FP6DJ6", "UNIT_ID_2": "T__FP6H61", "MAIN_COMP1": 43, "MAIN_KEY_1": 188386, "MAIN_COMP2": 43, "MAIN_KEY_2": 193740, "ADDRESS_KEY": 151762, "INSTALLATION_DATE": -1262275200000, "DEPTH_OF_COVER_M": 0, "RESTRAINED_JOINT": 0, "CATHODICALLY_PROTECTED": 0, "REMARKS": null, "ASSET_DESCRIPTION": "3300 HEATHER ST", "SPLIT_ON_CITYSIDE": null, "COMPKEY": 253409, "COMPTYPE": 41, "COATING_DATE": null, "LINING_DATE": null, "UPDATED_BY": "enfoz", "WATERMAIN_KEY": 36465, "BUN": null, "PIPE_LENGTH_M": 27.76408843, "PARALLEL_LINE_NUMBER": null, "PRESSURE_ZONE": null, "PIPE_USE": "Water Main", "SERVICE_STATUS": "Out of Service-Abandoned", "SUBSYSTEM": "<blank>", "OWNER": "COVAV", "OPERATOR": "COVAV", "DIAMETER": "150 mm", "PIPE_CLASS": null, "MATERIAL": "Cast Iron", "LINING_MATERIAL": "blank", "COATING_MATERIAL": "blank", "FACET": "O14", "CONNECTION_TYPE": null, "DOMESTIC_DIAMETER": null, "DOMESTIC_MATERIAL": null, "FIRE_LIN_DIAMETER": null, "INSTALLED_BY": "City of Vancouver", "FIRE_LIN_MATERIAL": null, "MAP_TOOLTIP": "150 CI n/a 1930", "UPDATED_DATE_iso": "2010-04-01", "COV_DATE_UPDATE_iso": "2010-04-01", "INSTALLATION_DATE_iso": "1930-01-01"}, "geometry": {"type": "LineString", "coordinates": [[-123.12009315524698, 49.255569561118236], [-123.12009887090836, 49.25531984787558]]}}, {"type": "Feature", "properties": {"SHAPE_Length": 0.6200806409714602, "OBJECTID": 21272196, "COV_SOURCE_KEY": "386202", "UPDATED_DATE": 1270097173000, "COV_DATE_UPDATE": 1270097173000, "TBFID": 452279, "ORACLE_ID": "__FJ9YZ0", "UNIT_ID_1": "T__FP5AT8", "UNIT_ID_2": "T__FP5EDX", "MAIN_COMP1": 43, "MAIN_KEY_1": 129109, "MAIN_COMP2": 43, "MAIN_KEY_2": 134260, "ADDRESS_KEY": 151762, "INSTALLATION_DATE": 631180800000, "DEPTH_OF_COVER_M": 0, "RESTRAINED_JOINT": 0, "CATHODICALLY_PROTECTED": 0, "REMARKS": null, "ASSET_DESCRIPTION": "3300 HEATHER ST", "SPLIT_ON_CITYSIDE": null, "COMPKEY": 256537, "COMPTYPE": 41, "COATING_DATE": null, "LINING_DATE": null, "UPDATED_BY": "enfoz", "WATERMAIN_KEY": 38670, "BUN": null, "PIPE_LENGTH_M": 0.62007868, "PARALLEL_LINE_NUMBER": null, "PRESSURE_ZONE": null, "PIPE_USE": "Water Main", "SERVICE_STATUS": "Out of Service-Abandoned", "SUBSYSTEM": "<blank>", "OWNER": "COVAV", "OPERATOR": "COVAV", "DIAMETER": "150 mm", "PIPE_CLASS": null, "MATERIAL": "Ductile Iron", "LINING_MATERIAL": "Cement Lined", "COATING_MATERIAL": "blank", "FACET": "O14", "CONNECTION_TYPE": null, "DOMESTIC_DIAMETER": null, "DOMESTIC_MATERIAL": null, "FIRE_LIN_DIAMETER": null, "INSTALLED_BY": "City of Vancouver", "FIRE_LIN_MATERIAL": null, "MAP_TOOLTIP": "150 DI CL 1990", "UPDATED_DATE_iso": "2010-04-01", "COV_DATE_UPDATE_iso": "2010-04-01", "INSTALLATION_DATE_iso": "1990-01-01"}, "geometry": {"type": "LineString", "coordinates": [[-123.12008171677063, 49.25606044211972], [-123.12008184066661, 49.256054864955246]]}}, {"type": "Feature", "properties": {"SHAPE_Length": 1.530294088699253, "OBJECTID": 21272296, "COV_SOURCE_KEY": "386201", "UPDATED_DATE": 1270097173000, "COV_DATE_UPDATE": 1270097173000, "TBFID": 452278, "ORACLE_ID": "__FJ9YYZ", "UNIT_ID_1": "T__FP68Z7", "UNIT_ID_2": "T__FP5AT8", "MAIN_COMP1": 43, "MAIN_KEY_1": 181665, "MAIN_COMP2": 43, "MAIN_KEY_2": 129109, "ADDRESS_KEY": 151762, "INSTALLATION_DATE": 631180800000, "DEPTH_OF_COVER_M": 0, "RESTRAINED_JOINT": 0, "CATHODICALLY_PROTECTED": 0, "REMARKS": null, "ASSET_DESCRIPTION": "3300 HEATHER ST", "SPLIT_ON_CITYSIDE": null, "COMPKEY": 256535, "COMPTYPE": 41, "COATING_DATE": null, "LINING_DATE": null, "UPDATED_BY": "enfoz", "WATERMAIN_KEY": 38669, "BUN": null, "PIPE_LENGTH_M": 1.53028927, "PARALLEL_LINE_NUMBER": null, "PRESSURE_ZONE": null, "PIPE_USE": "Water Main", "SERVICE_STATUS": "Out of Service-Abandoned", "SUBSYSTEM": "<blank>", "OWNER": "COVAV", "OPERATOR": "COVAV", "DIAMETER": "150 mm", "PIPE_CLASS": null, "MATERIAL": "Ductile Iron", "LINING_MATERIAL": "Cement Lined", "COATING_MATERIAL": "blank", "FACET": "O14", "CONNECTION_TYPE": null, "DOMESTIC_DIAMETER": null, "DOMESTIC_MATERIAL": null, "FIRE_LIN_DIAMETER": null, "INSTALLED_BY": "City of Vancouver", "FIRE_LIN_MATERIAL": null, "MAP_TOOLTIP": "150 DI CL 1990", "UPDATED_DATE_iso": "2010-04-01", "COV_DATE_UPDATE_iso": "2010-04-01", "INSTALLATION_DATE_iso": "1990-01-01"}, "geometry": {"type": "LineString", "coordinates": [[-123.12008133788171, 49.25607420519828], [-123.12008171677063, 49.25606044211972]]}}, {"type": "Feature", "properties": {"SHAPE_Length": 44.937732530926944, "OBJECTID": 21273161, "COV_SOURCE_KEY": "382244", "UPDATED_DATE": 1439508325000, "COV_DATE_UPDATE": 1439508325000, "TBFID": 446870, "ORACLE_ID": "__FJ9UG2", "UNIT_ID_1": "T__FJEQD3", "UNIT_ID_2": "T__FJBA75", "MAIN_COMP1": 43, "MAIN_KEY_1": 70693, "MAIN_COMP2": 43, "MAIN_KEY_2": 61709, "ADDRESS_KEY": 149981, "INSTALLATION_DATE": -1230739200000, "DEPTH_OF_COVER_M": 0.9100000262260437, "RESTRAINED_JOINT": 0, "CATHODICALLY_PROTECTED": 0, "REMARKS": null, "ASSET_DESCRIPTION": "3200 LAUREL ST", "SPLIT_ON_CITYSIDE": null, "COMPKEY": 249778, "COMPTYPE": 41, "COATING_DATE": null, "LINING_DATE": null, "UPDATED_BY": "enjcr", "WATERMAIN_KEY": 34018, "BUN": null, "PIPE_LENGTH_M": 44.93773253, "PARALLEL_LINE_NUMBER": null, "PRESSURE_ZONE": 172, "PIPE_USE": "Water Main", "SERVICE_STATUS": "Out of Service-Abandoned", "SUBSYSTEM": "Distribution", "OWNER": "COVAV", "OPERATOR": "COVAV", "DIAMETER": "150 mm", "PIPE_CLASS": null, "MATERIAL": "Cast Iron", "LINING_MATERIAL": "blank", "COATING_MATERIAL": "blank", "FACET": "N14", "CONNECTION_TYPE": null, "DOMESTIC_DIAMETER": null, "DOMESTIC_MATERIAL": null, "FIRE_LIN_DIAMETER": null, "INSTALLED_BY": "City of Vancouver", "FIRE_LIN_MATERIAL": null, "MAP_TOOLTIP": "150 CI n/a 1931", "UPDATED_DATE_iso": "2015-08-13", "COV_DATE_UPDATE_iso": "2015-08-13", "INSTALLATION_DATE_iso": "1931-01-01"}, "geometry": {"type": "LineString", "coordinates": [[-123.1244984761399, 49.25669708134827], [-123.12451379973407, 49.25629298163573]]}}, {"type": "Feature", "properties": {"SHAPE_Length": 98.60112616506625, "OBJECTID": 21273393, "COV_SOURCE_KEY": "376121", "UPDATED_DATE": 1270092704000, "COV_DATE_UPDATE": 1270092704000, "TBFID": 444905, "ORACLE_ID": "__FJ9Q67", "UNIT_ID_1": "T__FP5XK6", "UNIT_ID_2": "T__FP59YC", "MAIN_COMP1": 43, "MAIN_KEY_1": 164595, "MAIN_COMP2": 43, "MAIN_KEY_2": 127785, "ADDRESS_KEY": 156983, "INSTALLATION_DATE": -189360000000, "DEPTH_OF_COVER_M": 0, "RESTRAINED_JOINT": 0, "CATHODICALLY_PROTECTED": 0, "REMARKS": null, "ASSET_DESCRIPTION": "1000 W 27TH AV", "SPLIT_ON_CITYSIDE": null, "COMPKEY": 244366, "COMPTYPE": 41, "COATING_DATE": null, "LINING_DATE": null, "UPDATED_BY": "enfoz", "WATERMAIN_KEY": 29869, "BUN": null, "PIPE_LENGTH_M": 98.60096168, "PARALLEL_LINE_NUMBER": null, "PRESSURE_ZONE": null, "PIPE_USE": "Water Main", "SERVICE_STATUS": "Out of Service-Abandoned", "SUBSYSTEM": "<blank>", "OWNER": "COVAV", "OPERATOR": "COVAV", "DIAMETER": "150 mm", "PIPE_CLASS": null, "MATERIAL": "Cast Iron", "LINING_MATERIAL": "Cement Lined", "COATING_MATERIAL": "blank", "FACET": "N16", "CONNECTION_TYPE": null, "DOMESTIC_DIAMETER": null, "DOMESTIC_MATERIAL": null, "FIRE_LIN_DIAMETER": null, "INSTALLED_BY": "City of Vancouver", "FIRE_LIN_MATERIAL": null, "MAP_TOOLTIP": "150 CI CL 1964", "UPDATED_DATE_iso": "2010-04-01", "COV_DATE_UPDATE_iso": "2010-04-01", "INSTALLATION_DATE_iso": "1964-01-01"}, "geometry": {"type": "LineString", "coordinates": [[-123.12977932790494, 49.24724465513004], [-123.12842478696587, 49.24722780949536]]}}, {"type": "Feature", "properties": {"SHAPE_Length": 11.356679972536257, "OBJECTID": 21273511, "COV_SOURCE_KEY": "389931", "UPDATED_DATE": 1270098839000, "COV_DATE_UPDATE": 1270098839000, "TBFID": 454729, "ORACLE_ID": "__FJA2DN", "UNIT_ID_1": "T__FP60HR", "UNIT_ID_2": "T__FP5FW0", "MAIN_COMP1": 43, "MAIN_KEY_1": 168937, "MAIN_COMP2": 43, "MAIN_KEY_2": 136761, "ADDRESS_KEY": 157506, "INSTALLATION_DATE": 28800000, "DEPTH_OF_COVER_M": 0, "RESTRAINED_JOINT": 0, "CATHODICALLY_PROTECTED": 0, "REMARKS": null, "ASSET_DESCRIPTION": "500 W 22ND AV", "SPLIT_ON_CITYSIDE": null, "COMPKEY": 261615, "COMPTYPE": 41, "COATING_DATE": null, "LINING_DATE": null, "UPDATED_BY": "enfoz", "WATERMAIN_KEY": 42209, "BUN": null, "PIPE_LENGTH_M": 11.35764827, "PARALLEL_LINE_NUMBER": null, "PRESSURE_ZONE": null, "PIPE_USE": "Water Main", "SERVICE_STATUS": "Out of Service-Abandoned", "SUBSYSTEM": "<blank>", "OWNER": "COVAV", "OPERATOR": "COVAV", "DIAMETER": "100 mm", "PIPE_CLASS": null, "MATERIAL": "Ductile Iron", "LINING_MATERIAL": "Cement Lined", "COATING_MATERIAL": "blank", "FACET": "O15", "CONNECTION_TYPE": null, "DOMESTIC_DIAMETER": null, "DOMESTIC_MATERIAL": null, "FIRE_LIN_DIAMETER": null, "INSTALLED_BY": "City of Vancouver", "FIRE_LIN_MATERIAL": null, "MAP_TOOLTIP": "100 DI CL 1970", "UPDATED_DATE_iso": "2010-04-01", "COV_DATE_UPDATE_iso": "2010-04-01", "INSTALLATION_DATE_iso": "1970-01-01"}, "geometry": {"type": "LineString", "coordinates": [[-123.11630635193211, 49.25149059358089], [-123.11615035464825, 49.25148781807039]]}}, {"type": "Feature", "properties": {"SHAPE_Length": 4.077352203986845, "OBJECTID": 21273602, "COV_SOURCE_KEY": "382245", "UPDATED_DATE": 1467184810000, "COV_DATE_UPDATE": 1467184810000, "TBFID": 446871, "ORACLE_ID": "__FJ9UG3", "UNIT_ID_1": "4270379", "UNIT_ID_2": "60546", "MAIN_COMP1": 43, "MAIN_KEY_1": 861997, "MAIN_COMP2": 46, "MAIN_KEY_2": 101319, "ADDRESS_KEY": 154601, "INSTALLATION_DATE": null, "DEPTH_OF_COVER_M": 0.9100000262260437, "RESTRAINED_JOINT": 0, "CATHODICALLY_PROTECTED": 0, "REMARKS": null, "ASSET_DESCRIPTION": "900 W 17TH AV", "SPLIT_ON_CITYSIDE": null, "COMPKEY": 249780, "COMPTYPE": 41, "COATING_DATE": null, "LINING_DATE": null, "UPDATED_BY": "ENHANMGETASK", "WATERMAIN_KEY": 34019, "BUN": null, "PIPE_LENGTH_M": 4.0773522, "PARALLEL_LINE_NUMBER": null, "PRESSURE_ZONE": 172, "PIPE_USE": "Water Main", "SERVICE_STATUS": "Out of Service-Abandoned", "SUBSYSTEM": "Distribution", "OWNER": "COVAV", "OPERATOR": "COVAV", "DIAMETER": "150 mm", "PIPE_CLASS": null, "MATERIAL": "Cast Iron", "LINING_MATERIAL": "blank", "COATING_MATERIAL": "blank", "FACET": "N14", "CONNECTION_TYPE": null, "DOMESTIC_DIAMETER": null, "DOMESTIC_MATERIAL": null, "FIRE_LIN_DIAMETER": null, "INSTALLED_BY": "City of Vancouver", "FIRE_LIN_MATERIAL": null, "MAP_TOOLTIP": "150 CI n/a ", "UPDATED_DATE_iso": "2016-06-29", "COV_DATE_UPDATE_iso": "2016-06-29"}, "geometry": {"type": "LineString", "coordinates": [[-123.12451885172003, 49.25614883680513], [-123.12452020245442, 49.256112170837]]}}, {"type": "Feature", "properties": {"SHAPE_Length": 1.7511510501884409, "OBJECTID": 21273603, "COV_SOURCE_KEY": "382246", "UPDATED_DATE": 1467184810000, "COV_DATE_UPDATE": 1467184810000, "TBFID": 446872, "ORACLE_ID": "__FJ9UG4", "UNIT_ID_1": "4270177", "UNIT_ID_2": "60547", "MAIN_COMP1": 43, "MAIN_KEY_1": 862033, "MAIN_COMP2": 46, "MAIN_KEY_2": 101314, "ADDRESS_KEY": 154601, "INSTALLATION_DATE": null, "DEPTH_OF_COVER_M": 0.9100000262260437, "RESTRAINED_JOINT": 0, "CATHODICALLY_PROTECTED": 0, "REMARKS": null, "ASSET_DESCRIPTION": "3300 LAUREL ST", "SPLIT_ON_CITYSIDE": null, "COMPKEY": 249781, "COMPTYPE": 41, "COATING_DATE": null, "LINING_DATE": null, "UPDATED_BY": "ENHANMGETASK", "WATERMAIN_KEY": 34020, "BUN": null, "PIPE_LENGTH_M": 1.75115105, "PARALLEL_LINE_NUMBER": null, "PRESSURE_ZONE": 172, "PIPE_USE": "Water Main", "SERVICE_STATUS": "Out of Service-Abandoned", "SUBSYSTEM": "Distribution", "OWNER": "COVAV", "OPERATOR": "COVAV", "DIAMETER": "150 mm", "PIPE_CLASS": null, "MATERIAL": "Cast Iron", "LINING_MATERIAL": "blank", "COATING_MATERIAL": "blank", "FACET": "N14", "CONNECTION_TYPE": null, "DOMESTIC_DIAMETER": null, "DOMESTIC_MATERIAL": null, "FIRE_LIN_DIAMETER": null, "INSTALLED_BY": "City of Vancouver", "FIRE_LIN_MATERIAL": null, "MAP_TOOLTIP": "150 CI n/a ", "UPDATED_DATE_iso": "2016-06-29", "COV_DATE_UPDATE_iso": "2016-06-29"}, "geometry": {"type": "LineString", "coordinates": [[-123.12453319473306, 49.25540425104794], [-123.12453347118219, 49.255388500119594]]}}, {"type": "Feature", "properties": {"SHAPE_Length": 0.9102906130864239, "OBJECTID": 21273604, "COV_SOURCE_KEY": "382247", "UPDATED_DATE": 1467184810000, "COV_DATE_UPDATE": 1467184810000, "TBFID": 446873, "ORACLE_ID": "__FJ9UG5", "UNIT_ID_1": "60547", "UNIT_ID_2": "4270168", "MAIN_COMP1": 46, "MAIN_KEY_1": 101314, "MAIN_COMP2": 43, "MAIN_KEY_2": 862032, "ADDRESS_KEY": 154601, "INSTALLATION_DATE": null, "DEPTH_OF_COVER_M": 0.9100000262260437, "RESTRAINED_JOINT": 0, "CATHODICALLY_PROTECTED": 0, "REMARKS": null, "ASSET_DESCRIPTION": "3300 LAUREL ST", "SPLIT_ON_CITYSIDE": null, "COMPKEY": 249783, "COMPTYPE": 41, "COATING_DATE": null, "LINING_DATE": null, "UPDATED_BY": "ENHANMGETASK", "WATERMAIN_KEY": 34021, "BUN": null, "PIPE_LENGTH_M": 0.91029061, "PARALLEL_LINE_NUMBER": null, "PRESSURE_ZONE": 172, "PIPE_USE": "Water Main", "SERVICE_STATUS": "Out of Service-Abandoned", "SUBSYSTEM": "Distribution", "OWNER": "COVAV", "OPERATOR": "COVAV", "DIAMETER": "150 mm", "PIPE_CLASS": null, "MATERIAL": "Cast Iron", "LINING_MATERIAL": "blank", "COATING_MATERIAL": "blank", "FACET": "N14", "CONNECTION_TYPE": null, "DOMESTIC_DIAMETER": null, "DOMESTIC_MATERIAL": null, "FIRE_LIN_DIAMETER": null, "INSTALLED_BY": "City of Vancouver", "FIRE_LIN_MATERIAL": null, "MAP_TOOLTIP": "150 CI n/a ", "UPDATED_DATE_iso": "2016-06-29", "COV_DATE_UPDATE_iso": "2016-06-29"}, "geometry": {"type": "LineString", "coordinates": [[-123.12453347118219, 49.255388500119594], [-123.12453376666247, 49.255380314150806]]}}, {"type": "Feature", "properties": {"SHAPE_Length": 1.0110929727637843, "OBJECTID": 21273667, "COV_SOURCE_KEY": "390276", "UPDATED_DATE": 1270099243000, "COV_DATE_UPDATE": 1270099243000, "TBFID": 456161, "ORACLE_ID": "__FJA2GO", "UNIT_ID_1": "T__FP5MB5", "UNIT_ID_2": "T__FP5HJ7", "MAIN_COMP1": 43, "MAIN_KEY_1": 147362, "MAIN_COMP2": 43, "MAIN_KEY_2": 139755, "ADDRESS_KEY": 148306, "INSTALLATION_DATE": -220896000000, "DEPTH_OF_COVER_M": 0, "RESTRAINED_JOINT": 0, "CATHODICALLY_PROTECTED": 0, "REMARKS": null, "ASSET_DESCRIPTION": "3200 WILLOW ST", "SPLIT_ON_CITYSIDE": null, "COMPKEY": 261730, "COMPTYPE": 41, "COATING_DATE": null, "LINING_DATE": null, "UPDATED_BY": "enfoz", "WATERMAIN_KEY": 42302, "BUN": null, "PIPE_LENGTH_M": 1.01109111, "PARALLEL_LINE_NUMBER": null, "PRESSURE_ZONE": null, "PIPE_USE": "Water Main", "SERVICE_STATUS": "Out of Service-Abandoned", "SUBSYSTEM": "<blank>", "OWNER": "COVAV", "OPERATOR": "COVAV", "DIAMETER": "150 mm", "PIPE_CLASS": null, "MATERIAL": "Cast Iron", "LINING_MATERIAL": "Cement Lined", "COATING_MATERIAL": "blank", "FACET": "O14", "CONNECTION_TYPE": null, "DOMESTIC_DIAMETER": null, "DOMESTIC_MATERIAL": null, "FIRE_LIN_DIAMETER": null, "INSTALLED_BY": "City of Vancouver", "FIRE_LIN_MATERIAL": null, "MAP_TOOLTIP": "150 CI CL 1963", "UPDATED_DATE_iso": "2010-04-01", "COV_DATE_UPDATE_iso": "2010-04-01", "INSTALLATION_DATE_iso": "1963-01-01"}, "geometry": {"type": "LineString", "coordinates": [[-123.12210464843433, 49.256251512237064], [-123.12211852944799, 49.25625192034159]]}}, {"type": "Feature", "properties": {"SHAPE_Length": 26.445633022869327, "OBJECTID": 21273706, "COV_SOURCE_KEY": "376278", "UPDATED_DATE": 1270092783000, "COV_DATE_UPDATE": 1270092783000, "TBFID": 445553, "ORACLE_ID": "__FJ9Q76", "UNIT_ID_1": "T__FP5Z1X", "UNIT_ID_2": "T__FP5QFU", "MAIN_COMP1": 43, "MAIN_KEY_1": 166795, "MAIN_COMP2": 43, "MAIN_KEY_2": 153732, "ADDRESS_KEY": 156983, "INSTALLATION_DATE": -568051200000, "DEPTH_OF_COVER_M": 0, "RESTRAINED_JOINT": 0, "CATHODICALLY_PROTECTED": 0, "REMARKS": null, "ASSET_DESCRIPTION": "1000 W 27TH AV", "SPLIT_ON_CITYSIDE": null, "COMPKEY": 244405, "COMPTYPE": 41, "COATING_DATE": null, "LINING_DATE": null, "UPDATED_BY": "enfoz", "WATERMAIN_KEY": 29900, "BUN": null, "PIPE_LENGTH_M": 26.44557737, "PARALLEL_LINE_NUMBER": null, "PRESSURE_ZONE": null, "PIPE_USE": "Water Main", "SERVICE_STATUS": "Out of Service-Abandoned", "SUBSYSTEM": "<blank>", "OWNER": "COVAV", "OPERATOR": "COVAV", "DIAMETER": "150 mm", "PIPE_CLASS": null, "MATERIAL": "Cast Iron", "LINING_MATERIAL": "blank", "COATING_MATERIAL": "blank", "FACET": "N16", "CONNECTION_TYPE": null, "DOMESTIC_DIAMETER": null, "DOMESTIC_MATERIAL": null, "FIRE_LIN_DIAMETER": null, "INSTALLED_BY": "City of Vancouver", "FIRE_LIN_MATERIAL": null, "MAP_TOOLTIP": "150 CI n/a 1952", "UPDATED_DATE_iso": "2010-04-01", "COV_DATE_UPDATE_iso": "2010-04-01", "INSTALLATION_DATE_iso": "1952-01-01"}, "geometry": {"type": "LineString", "coordinates": [[-123.12819575425866, 49.24728643392601], [-123.12783244199986, 49.247282383848685]]}}, {"type": "Feature", "properties": {"SHAPE_Length": 2.1005951534053113, "OBJECTID": 21273707, "COV_SOURCE_KEY": "376279", "UPDATED_DATE": 1270092783000, "COV_DATE_UPDATE": 1270092783000, "TBFID": 445554, "ORACLE_ID": "__FJ9Q77", "UNIT_ID_1": "T__FP5QFU", "UNIT_ID_2": "T__FP5S99", "MAIN_COMP1": 43, "MAIN_KEY_1": 153732, "MAIN_COMP2": 43, "MAIN_KEY_2": 156442, "ADDRESS_KEY": 156983, "INSTALLATION_DATE": -568051200000, "DEPTH_OF_COVER_M": 0, "RESTRAINED_JOINT": 0, "CATHODICALLY_PROTECTED": 0, "REMARKS": null, "ASSET_DESCRIPTION": "1000 W 27TH AV", "SPLIT_ON_CITYSIDE": null, "COMPKEY": 244406, "COMPTYPE": 41, "COATING_DATE": null, "LINING_DATE": null, "UPDATED_BY": "enfoz", "WATERMAIN_KEY": 29901, "BUN": null, "PIPE_LENGTH_M": 2.1005907, "PARALLEL_LINE_NUMBER": null, "PRESSURE_ZONE": null, "PIPE_USE": "Water Main", "SERVICE_STATUS": "Out of Service-Abandoned", "SUBSYSTEM": "<blank>", "OWNER": "COVAV", "OPERATOR": "COVAV", "DIAMETER": "150 mm", "PIPE_CLASS": null, "MATERIAL": "Cast Iron", "LINING_MATERIAL": "blank", "COATING_MATERIAL": "blank", "FACET": "N16", "CONNECTION_TYPE": null, "DOMESTIC_DIAMETER": null, "DOMESTIC_MATERIAL": null, "FIRE_LIN_DIAMETER": null, "INSTALLED_BY": "City of Vancouver", "FIRE_LIN_MATERIAL": null, "MAP_TOOLTIP": "150 CI n/a 1952", "UPDATED_DATE_iso": "2010-04-01", "COV_DATE_UPDATE_iso": "2010-04-01", "INSTALLATION_DATE_iso": "1952-01-01"}, "geometry": {"type": "LineString", "coordinates": [[-123.12783244199986, 49.247282383848685], [-123.12780358672815, 49.247281966010725]]}}, {"type": "Feature", "properties": {"SHAPE_Length": 101.74372943762177, "OBJECTID": 21273877, "COV_SOURCE_KEY": "381895", "UPDATED_DATE": 1270095637000, "COV_DATE_UPDATE": 1270095637000, "TBFID": 447507, "ORACLE_ID": "__FJ9VBO", "UNIT_ID_1": "T__FP5K59", "UNIT_ID_2": "T__FP5GYV", "MAIN_COMP1": 43, "MAIN_KEY_1": 143962, "MAIN_COMP2": 43, "MAIN_KEY_2": 138666, "ADDRESS_KEY": 155857, "INSTALLATION_DATE": -1293811200000, "DEPTH_OF_COVER_M": 0, "RESTRAINED_JOINT": 0, "CATHODICALLY_PROTECTED": 0, "REMARKS": null, "ASSET_DESCRIPTION": "1000 DOUGLAS CRESCENT", "SPLIT_ON_CITYSIDE": null, "COMPKEY": 251141, "COMPTYPE": 41, "COATING_DATE": null, "LINING_DATE": null, "UPDATED_BY": "enfoz", "WATERMAIN_KEY": 34929, "BUN": null, "PIPE_LENGTH_M": 101.74281615, "PARALLEL_LINE_NUMBER": null, "PRESSURE_ZONE": null, "PIPE_USE": "Water Main", "SERVICE_STATUS": "Out of Service-Abandoned", "SUBSYSTEM": "<blank>", "OWNER": "COVAV", "OPERATOR": "COVAV", "DIAMETER": "150 mm", "PIPE_CLASS": null, "MATERIAL": "Cast Iron", "LINING_MATERIAL": "blank", "COATING_MATERIAL": "blank", "FACET": "N14", "CONNECTION_TYPE": null, "DOMESTIC_DIAMETER": null, "DOMESTIC_MATERIAL": null, "FIRE_LIN_DIAMETER": null, "INSTALLED_BY": "City of Vancouver", "FIRE_LIN_MATERIAL": null, "MAP_TOOLTIP": "150 CI n/a 1929", "UPDATED_DATE_iso": "2010-04-01", "COV_DATE_UPDATE_iso": "2010-04-01", "INSTALLATION_DATE_iso": "1929-01-01"}, "geometry": {"type": "LineString", "coordinates": [[-123.1288677782471, 49.25469166373619], [-123.12884962274283, 49.25468556723451], [-123.12878194260864, 49.25466441397058], [-123.12871359197615, 49.25464434084053], [-123.1286442824916, 49.25462543811639], [-123.12857442618004, 49.25460761538575], [-123.12850388608373, 49.25459105270439], [-123.12843266222126, 49.254575759066256], [-123.1283608914954, 49.25456153642309], [-123.12828856064945, 49.254548573688325], [-123.12821583435009, 49.25453678072589], [-123.12814254792052, 49.25452624766993], [-123.12806886626024, 49.254516974336624], [-123.12799491304244, 49.2545089605882], [-123.12792068802905, 49.254502116472146], [-123.1278461914473, 49.25449653193996], [-123.12777156071213, 49.25449220683911], [-123.12769665839734, 49.254489141321265], [-123.12762175933828, 49.254487335082295], [-123.12751868930945, 49.25448564984287]]}}, {"type": "Feature", "properties": {"SHAPE_Length": 122.88026836371203, "OBJECTID": 21274247, "COV_SOURCE_KEY": "377462", "UPDATED_DATE": 1757711102000, "COV_DATE_UPDATE": 1757711102000, "TBFID": 442166, "ORACLE_ID": "__FJ9RJK", "UNIT_ID_1": "61768", "UNIT_ID_2": "61566", "MAIN_COMP1": 46, "MAIN_KEY_1": 59898, "MAIN_COMP2": 46, "MAIN_KEY_2": 99706, "ADDRESS_KEY": 156037, "INSTALLATION_DATE": -820512000000, "DEPTH_OF_COVER_M": 0.9100000262260437, "RESTRAINED_JOINT": 0, "CATHODICALLY_PROTECTED": 0, "REMARKS": null, "ASSET_DESCRIPTION": "700 W 28TH AV", "SPLIT_ON_CITYSIDE": null, "COMPKEY": 246003, "COMPTYPE": 41, "COATING_DATE": null, "LINING_DATE": null, "UPDATED_BY": "enyamw", "WATERMAIN_KEY": 31170, "BUN": null, "PIPE_LENGTH_M": 122.88045476, "PARALLEL_LINE_NUMBER": null, "PRESSURE_ZONE": null, "PIPE_USE": "Water Main", "SERVICE_STATUS": "Out of Service-Abandoned", "SUBSYSTEM": "Distribution", "OWNER": "COVAV", "OPERATOR": "COVAV", "DIAMETER": "150 mm", "PIPE_CLASS": null, "MATERIAL": "Cast Iron", "LINING_MATERIAL": "blank", "COATING_MATERIAL": "blank", "FACET": "O16", "CONNECTION_TYPE": null, "DOMESTIC_DIAMETER": null, "DOMESTIC_MATERIAL": null, "FIRE_LIN_DIAMETER": null, "INSTALLED_BY": "City of Vancouver", "FIRE_LIN_MATERIAL": null, "MAP_TOOLTIP": "150 CI n/a 1944", "UPDATED_DATE_iso": "2025-09-12", "COV_DATE_UPDATE_iso": "2025-09-12", "INSTALLATION_DATE_iso": "1944-01-01"}, "geometry": {"type": "LineString", "coordinates": [[-123.12231167881991, 49.24626674481267], [-123.12062390642093, 49.24623786354188]]}}, {"type": "Feature", "properties": {"SHAPE_Length": 120.42291815897137, "OBJECTID": 21275459, "COV_SOURCE_KEY": "369010", "UPDATED_DATE": 1591908490000, "COV_DATE_UPDATE": 1591908490000, "TBFID": 435305, "ORACLE_ID": "__FJ9H2U", "UNIT_ID_1": "4608858", "UNIT_ID_2": "64497", "MAIN_COMP1": 43, "MAIN_KEY_1": 938672, "MAIN_COMP2": 46, "MAIN_KEY_2": 56243, "ADDRESS_KEY": 153360, "INSTALLATION_DATE": -1293811200000, "DEPTH_OF_COVER_M": 0.9100000262260437, "RESTRAINED_JOINT": 0, "CATHODICALLY_PROTECTED": 0, "REMARKS": null, "ASSET_DESCRIPTION": "0 E 19TH AV", "SPLIT_ON_CITYSIDE": null, "COMPKEY": 232642, "COMPTYPE": 41, "COATING_DATE": null, "LINING_DATE": null, "UPDATED_BY": "enyamw", "WATERMAIN_KEY": 20784, "BUN": null, "PIPE_LENGTH_M": 120.42291816, "PARALLEL_LINE_NUMBER": null, "PRESSURE_ZONE": 172, "PIPE_USE": "Water Main", "SERVICE_STATUS": "Out of Service-Abandoned", "SUBSYSTEM": "Distribution", "OWNER": "COVAV", "OPERATOR": "COVAV", "DIAMETER": "150 mm", "PIPE_CLASS": null, "MATERIAL": "Cast Iron", "LINING_MATERIAL": "blank", "COATING_MATERIAL": "blank", "FACET": "P15", "CONNECTION_TYPE": null, "DOMESTIC_DIAMETER": null, "DOMESTIC_MATERIAL": null, "FIRE_LIN_DIAMETER": null, "INSTALLED_BY": "City of Vancouver", "FIRE_LIN_MATERIAL": null, "MAP_TOOLTIP": "150 CI n/a 1929", "UPDATED_DATE_iso": "2020-06-11", "COV_DATE_UPDATE_iso": "2020-06-11", "INSTALLATION_DATE_iso": "1929-01-01"}, "geometry": {"type": "LineString", "coordinates": [[-123.10462786011743, 49.25379780854344], [-123.10297364477876, 49.25376810829062]]}}, {"type": "Feature", "properties": {"SHAPE_Length": 7.658002349907559, "OBJECTID": 21275935, "COV_SOURCE_KEY": "368272", "UPDATED_DATE": 1270086837000, "COV_DATE_UPDATE": 1270086837000, "TBFID": 436511, "ORACLE_ID": "__FJ9H7F", "UNIT_ID_1": "T__FP6FT5", "UNIT_ID_2": "T__FP62CE", "MAIN_COMP1": 43, "MAIN_KEY_1": 191745, "MAIN_COMP2": 43, "MAIN_KEY_2": 171642, "ADDRESS_KEY": 150712, "INSTALLATION_DATE": -1230739200000, "DEPTH_OF_COVER_M": 0, "RESTRAINED_JOINT": 0, "CATHODICALLY_PROTECTED": 0, "REMARKS": null, "ASSET_DESCRIPTION": "3200 YUKON ST", "SPLIT_ON_CITYSIDE": null, "COMPKEY": 232827, "COMPTYPE": 41, "COATING_DATE": null, "LINING_DATE": null, "UPDATED_BY": "enfoz", "WATERMAIN_KEY": 20928, "BUN": null, "PIPE_LENGTH_M": 7.65799055, "PARALLEL_LINE_NUMBER": null, "PRESSURE_ZONE": null, "PIPE_USE": "Water Main", "SERVICE_STATUS": "Out of Service-Abandoned", "SUBSYSTEM": "<blank>", "OWNER": "COVAV", "OPERATOR": "COVAV", "DIAMETER": "150 mm", "PIPE_CLASS": null, "MATERIAL": "Cast Iron", "LINING_MATERIAL": "blank", "COATING_MATERIAL": "blank", "FACET": "O14", "CONNECTION_TYPE": null, "DOMESTIC_DIAMETER": null, "DOMESTIC_MATERIAL": null, "FIRE_LIN_DIAMETER": null, "INSTALLED_BY": "City of Vancouver", "FIRE_LIN_MATERIAL": null, "MAP_TOOLTIP": "150 CI n/a 1931", "UPDATED_DATE_iso": "2010-04-01", "COV_DATE_UPDATE_iso": "2010-04-01", "INSTALLATION_DATE_iso": "1931-01-01"}, "geometry": {"type": "LineString", "coordinates": [[-123.11245800165094, 49.25678942265312], [-123.11235286285508, 49.256786376614684]]}}, {"type": "Feature", "properties": {"SHAPE_Length": 3.6530808918708364, "OBJECTID": 21275936, "COV_SOURCE_KEY": "368273", "UPDATED_DATE": 1270086837000, "COV_DATE_UPDATE": 1270086837000, "TBFID": 436512, "ORACLE_ID": "__FJ9H7G", "UNIT_ID_1": "T__FP66YJ", "UNIT_ID_2": "T__FP6FT5", "MAIN_COMP1": 43, "MAIN_KEY_1": 178655, "MAIN_COMP2": 43, "MAIN_KEY_2": 191745, "ADDRESS_KEY": 157138, "INSTALLATION_DATE": -1230739200000, "DEPTH_OF_COVER_M": 0, "RESTRAINED_JOINT": 0, "CATHODICALLY_PROTECTED": 0, "REMARKS": null, "ASSET_DESCRIPTION": "300 W 16TH AV", "SPLIT_ON_CITYSIDE": null, "COMPKEY": 232829, "COMPTYPE": 41, "COATING_DATE": null, "LINING_DATE": null, "UPDATED_BY": "enfoz", "WATERMAIN_KEY": 20929, "BUN": null, "PIPE_LENGTH_M": 3.65303523, "PARALLEL_LINE_NUMBER": null, "PRESSURE_ZONE": null, "PIPE_USE": "Water Main", "SERVICE_STATUS": "Out of Service-Abandoned", "SUBSYSTEM": "<blank>", "OWNER": "COVAV", "OPERATOR": "COVAV", "DIAMETER": "150 mm", "PIPE_CLASS": null, "MATERIAL": "Cast Iron", "LINING_MATERIAL": "blank", "COATING_MATERIAL": "blank", "FACET": "O14", "CONNECTION_TYPE": null, "DOMESTIC_DIAMETER": null, "DOMESTIC_MATERIAL": null, "FIRE_LIN_DIAMETER": null, "INSTALLED_BY": "City of Vancouver", "FIRE_LIN_MATERIAL": null, "MAP_TOOLTIP": "150 CI n/a 1931", "UPDATED_DATE_iso": "2010-04-01", "COV_DATE_UPDATE_iso": "2010-04-01", "INSTALLATION_DATE_iso": "1931-01-01"}, "geometry": {"type": "LineString", "coordinates": [[-123.11245601483628, 49.25682225713011], [-123.11245800165094, 49.25678942265312]]}}, {"type": "Feature", "properties": {"SHAPE_Length": 4.001249804762477, "OBJECTID": 21275937, "COV_SOURCE_KEY": "368274", "UPDATED_DATE": 1270086838000, "COV_DATE_UPDATE": 1270086838000, "TBFID": 436513, "ORACLE_ID": "__FJ9H7H", "UNIT_ID_1": "T__FP6FT5", "UNIT_ID_2": "T__FP6F5O", "MAIN_COMP1": 43, "MAIN_KEY_1": 191745, "MAIN_COMP2": 43, "MAIN_KEY_2": 190762, "ADDRESS_KEY": 157138, "INSTALLATION_DATE": -1230739200000, "DEPTH_OF_COVER_M": 0, "RESTRAINED_JOINT": 0, "CATHODICALLY_PROTECTED": 0, "REMARKS": null, "ASSET_DESCRIPTION": "3200 YUKON ST", "SPLIT_ON_CITYSIDE": null, "COMPKEY": 232830, "COMPTYPE": 41, "COATING_DATE": null, "LINING_DATE": null, "UPDATED_BY": "enfoz", "WATERMAIN_KEY": 20930, "BUN": null, "PIPE_LENGTH_M": 4.0011998, "PARALLEL_LINE_NUMBER": null, "PRESSURE_ZONE": null, "PIPE_USE": "Water Main", "SERVICE_STATUS": "Out of Service-Abandoned", "SUBSYSTEM": "<blank>", "OWNER": "COVAV", "OPERATOR": "COVAV", "DIAMETER": "150 mm", "PIPE_CLASS": null, "MATERIAL": "Cast Iron", "LINING_MATERIAL": "blank", "COATING_MATERIAL": "blank", "FACET": "O14", "CONNECTION_TYPE": null, "DOMESTIC_DIAMETER": null, "DOMESTIC_MATERIAL": null, "FIRE_LIN_DIAMETER": null, "INSTALLED_BY": "City of Vancouver", "FIRE_LIN_MATERIAL": null, "MAP_TOOLTIP": "150 CI n/a 1931", "UPDATED_DATE_iso": "2010-04-01", "COV_DATE_UPDATE_iso": "2010-04-01", "INSTALLATION_DATE_iso": "1931-01-01"}, "geometry": {"type": "LineString", "coordinates": [[-123.11245800165094, 49.25678942265312], [-123.11245929417584, 49.25675344052559]]}}, {"type": "Feature", "properties": {"SHAPE_Length": 4.671665227024707, "OBJECTID": 21276064, "COV_SOURCE_KEY": "368788", "UPDATED_DATE": 1270087141000, "COV_DATE_UPDATE": 1270087141000, "TBFID": 434391, "ORACLE_ID": "__FJ9HCB", "UNIT_ID_1": "T__FP5Q4S", "UNIT_ID_2": "T__FP5SOZ", "MAIN_COMP1": 43, "MAIN_KEY_1": 153275, "MAIN_COMP2": 43, "MAIN_KEY_2": 157171, "ADDRESS_KEY": 152470, "INSTALLATION_DATE": -631123200000, "DEPTH_OF_COVER_M": 0, "RESTRAINED_JOINT": 0, "CATHODICALLY_PROTECTED": 0, "REMARKS": null, "ASSET_DESCRIPTION": "3300 COLUMBIA ST", "SPLIT_ON_CITYSIDE": null, "COMPKEY": 233009, "COMPTYPE": 41, "COATING_DATE": null, "LINING_DATE": null, "UPDATED_BY": "enfoz", "WATERMAIN_KEY": 21066, "BUN": null, "PIPE_LENGTH_M": 4.67160754, "PARALLEL_LINE_NUMBER": null, "PRESSURE_ZONE": null, "PIPE_USE": "Water Main", "SERVICE_STATUS": "Out of Service-Abandoned", "SUBSYSTEM": "<blank>", "OWNER": "COVAV", "OPERATOR": "COVAV", "DIAMETER": "150 mm", "PIPE_CLASS": null, "MATERIAL": "Cast Iron", "LINING_MATERIAL": "blank", "COATING_MATERIAL": "blank", "FACET": "P14", "CONNECTION_TYPE": null, "DOMESTIC_DIAMETER": null, "DOMESTIC_MATERIAL": null, "FIRE_LIN_DIAMETER": null, "INSTALLED_BY": "City of Vancouver", "FIRE_LIN_MATERIAL": null, "MAP_TOOLTIP": "150 CI n/a 1950", "UPDATED_DATE_iso": "2010-04-01", "COV_DATE_UPDATE_iso": "2010-04-01", "INSTALLATION_DATE_iso": "1950-01-01"}, "geometry": {"type": "LineString", "coordinates": [[-123.10970731209105, 49.25571059018053], [-123.10971037982212, 49.25566861557604]]}}, {"type": "Feature", "properties": {"SHAPE_Length": 15.81138830064163, "OBJECTID": 21276978, "COV_SOURCE_KEY": "396057", "UPDATED_DATE": 1270102303000, "COV_DATE_UPDATE": 1270102303000, "TBFID": 466745, "ORACLE_ID": "__FJA9HH", "UNIT_ID_1": "T__FP5E1E", "UNIT_ID_2": "T__FP6FT5", "MAIN_COMP1": 43, "MAIN_KEY_1": 133715, "MAIN_COMP2": 43, "MAIN_KEY_2": 191745, "ADDRESS_KEY": 151617, "INSTALLATION_DATE": -1230739200000, "DEPTH_OF_COVER_M": 0, "RESTRAINED_JOINT": 0, "CATHODICALLY_PROTECTED": 0, "REMARKS": null, "ASSET_DESCRIPTION": "400 W 16TH AV", "SPLIT_ON_CITYSIDE": null, "COMPKEY": 271346, "COMPTYPE": 41, "COATING_DATE": null, "LINING_DATE": null, "UPDATED_BY": "enfoz", "WATERMAIN_KEY": 49701, "BUN": null, "PIPE_LENGTH_M": 15.81136397, "PARALLEL_LINE_NUMBER": null, "PRESSURE_ZONE": null, "PIPE_USE": "Water Main", "SERVICE_STATUS": "Out of Service-Abandoned", "SUBSYSTEM": "<blank>", "OWNER": "COVAV", "OPERATOR": "COVAV", "DIAMETER": "150 mm", "PIPE_CLASS": null, "MATERIAL": "Cast Iron", "LINING_MATERIAL": "blank", "COATING_MATERIAL": "blank", "FACET": "O14", "CONNECTION_TYPE": null, "DOMESTIC_DIAMETER": null, "DOMESTIC_MATERIAL": null, "FIRE_LIN_DIAMETER": null, "INSTALLED_BY": "City of Vancouver", "FIRE_LIN_MATERIAL": null, "MAP_TOOLTIP": "150 CI n/a 1931", "UPDATED_DATE_iso": "2010-04-01", "COV_DATE_UPDATE_iso": "2010-04-01", "INSTALLATION_DATE_iso": "1931-01-01"}, "geometry": {"type": "LineString", "coordinates": [[-123.11267514858393, 49.256794608222314], [-123.11245800165094, 49.25678942265312]]}}, {"type": "Feature", "properties": {"SHAPE_Length": 7.771904527921956, "OBJECTID": 21276980, "COV_SOURCE_KEY": "396059", "UPDATED_DATE": 1329854312000, "COV_DATE_UPDATE": 1329854312000, "TBFID": 466747, "ORACLE_ID": "__FJA9HJ", "UNIT_ID_1": "4171730", "UNIT_ID_2": "4171726", "MAIN_COMP1": 43, "MAIN_KEY_1": 792721, "MAIN_COMP2": 43, "MAIN_KEY_2": 792709, "ADDRESS_KEY": 148119, "INSTALLATION_DATE": -126201600000, "DEPTH_OF_COVER_M": 0.9100000262260437, "RESTRAINED_JOINT": 0, "CATHODICALLY_PROTECTED": 0, "REMARKS": null, "ASSET_DESCRIPTION": "500 W 16TH AV", "SPLIT_ON_CITYSIDE": null, "COMPKEY": 271348, "COMPTYPE": 41, "COATING_DATE": null, "LINING_DATE": null, "UPDATED_BY": "enyamw", "WATERMAIN_KEY": 49703, "BUN": null, "PIPE_LENGTH_M": 7.77188476, "PARALLEL_LINE_NUMBER": null, "PRESSURE_ZONE": null, "PIPE_USE": "Water Main", "SERVICE_STATUS": "Out of Service-Abandoned", "SUBSYSTEM": "Distribution", "OWNER": "COVAV", "OPERATOR": "COVAV", "DIAMETER": "100 mm", "PIPE_CLASS": null, "MATERIAL": "Cast Iron", "LINING_MATERIAL": "Cement Lined", "COATING_MATERIAL": "blank", "FACET": "O14", "CONNECTION_TYPE": null, "DOMESTIC_DIAMETER": null, "DOMESTIC_MATERIAL": null, "FIRE_LIN_DIAMETER": null, "INSTALLED_BY": "City of Vancouver", "FIRE_LIN_MATERIAL": null, "MAP_TOOLTIP": "100 CI CL 1966", "UPDATED_DATE_iso": "2012-02-21", "COV_DATE_UPDATE_iso": "2012-02-21", "INSTALLATION_DATE_iso": "1966-01-01"}, "geometry": {"type": "LineString", "coordinates": [[-123.11620179015857, 49.25690982504401], [-123.11613295093534, 49.25685637271459]]}}, {"type": "Feature", "properties": {"SHAPE_Length": 0.9993382809141244, "OBJECTID": 21277331, "COV_SOURCE_KEY": "401996", "UPDATED_DATE": 1270104792000, "COV_DATE_UPDATE": 1270104792000, "TBFID": 467778, "ORACLE_ID": "__FJAEJB", "UNIT_ID_1": "T__FP64NI", "UNIT_ID_2": "T__FP58FX", "MAIN_COMP1": 43, "MAIN_KEY_1": 175226, "MAIN_COMP2": 43, "MAIN_KEY_2": 125278, "ADDRESS_KEY": 156983, "INSTALLATION_DATE": 883641600000, "DEPTH_OF_COVER_M": 0, "RESTRAINED_JOINT": 0, "CATHODICALLY_PROTECTED": 0, "REMARKS": null, "ASSET_DESCRIPTION": "1000 W 27TH AV", "SPLIT_ON_CITYSIDE": null, "COMPKEY": 277717, "COMPTYPE": 41, "COATING_DATE": null, "LINING_DATE": null, "UPDATED_BY": "enfoz", "WATERMAIN_KEY": 54820, "BUN": null, "PIPE_LENGTH_M": 0.99933618, "PARALLEL_LINE_NUMBER": null, "PRESSURE_ZONE": null, "PIPE_USE": "Water Main", "SERVICE_STATUS": "Out of Service-Abandoned", "SUBSYSTEM": "<blank>", "OWNER": "COVAV", "OPERATOR": "COVAV", "DIAMETER": "150 mm", "PIPE_CLASS": null, "MATERIAL": "Ductile Iron", "LINING_MATERIAL": "Cement Lined", "COATING_MATERIAL": "blank", "FACET": "N16", "CONNECTION_TYPE": null, "DOMESTIC_DIAMETER": null, "DOMESTIC_MATERIAL": null, "FIRE_LIN_DIAMETER": null, "INSTALLED_BY": "City of Vancouver", "FIRE_LIN_MATERIAL": null, "MAP_TOOLTIP": "150 DI CL 1998", "UPDATED_DATE_iso": "2010-04-01", "COV_DATE_UPDATE_iso": "2010-04-01", "INSTALLATION_DATE_iso": "1998-01-01"}, "geometry": {"type": "LineString", "coordinates": [[-123.1283918369103, 49.247227288413214], [-123.1283781100068, 49.24722706979111]]}}, {"type": "Feature", "properties": {"SHAPE_Length": 1.1843141473933902, "OBJECTID": 21277355, "COV_SOURCE_KEY": "396943", "UPDATED_DATE": 1270102738000, "COV_DATE_UPDATE": 1270102738000, "TBFID": 466018, "ORACLE_ID": "__FJA9CZ", "UNIT_ID_1": "T__FP5KB2", "UNIT_ID_2": "T__FP6D2S", "MAIN_COMP1": 43, "MAIN_KEY_1": 144236, "MAIN_COMP2": 43, "MAIN_KEY_2": 187712, "ADDRESS_KEY": 157453, "INSTALLATION_DATE": -820512000000, "DEPTH_OF_COVER_M": 0, "RESTRAINED_JOINT": 0, "CATHODICALLY_PROTECTED": 0, "REMARKS": null, "ASSET_DESCRIPTION": "200 300  MIDLOTHIAN AV", "SPLIT_ON_CITYSIDE": null, "COMPKEY": 271193, "COMPTYPE": 41, "COATING_DATE": null, "LINING_DATE": null, "UPDATED_BY": "enfoz", "WATERMAIN_KEY": 49579, "BUN": null, "PIPE_LENGTH_M": 1.18431859, "PARALLEL_LINE_NUMBER": null, "PRESSURE_ZONE": null, "PIPE_USE": "Water Main", "SERVICE_STATUS": "Out of Service-Abandoned", "SUBSYSTEM": "<blank>", "OWNER": "COVAV", "OPERATOR": "COVAV", "DIAMETER": "300 mm", "PIPE_CLASS": null, "MATERIAL": "Cast Iron", "LINING_MATERIAL": "blank", "COATING_MATERIAL": "blank", "FACET": "O17", "CONNECTION_TYPE": null, "DOMESTIC_DIAMETER": null, "DOMESTIC_MATERIAL": null, "FIRE_LIN_DIAMETER": null, "INSTALLED_BY": "City of Vancouver", "FIRE_LIN_MATERIAL": null, "MAP_TOOLTIP": "300 CI n/a 1944", "UPDATED_DATE_iso": "2010-04-01", "COV_DATE_UPDATE_iso": "2010-04-01", "INSTALLATION_DATE_iso": "1944-01-01"}, "geometry": {"type": "LineString", "coordinates": [[-123.11140347630277, 49.24483019301185], [-123.11141238686503, 49.24482127913567]]}}, {"type": "Feature", "properties": {"SHAPE_Length": 5.384013372182237, "OBJECTID": 21277357, "COV_SOURCE_KEY": "396945", "UPDATED_DATE": 1270102739000, "COV_DATE_UPDATE": 1270102739000, "TBFID": 466020, "ORACLE_ID": "__FJA9D1", "UNIT_ID_1": "T__FP5HRL", "UNIT_ID_2": "T__FP60LZ", "MAIN_COMP1": 43, "MAIN_KEY_1": 140097, "MAIN_COMP2": 43, "MAIN_KEY_2": 169096, "ADDRESS_KEY": 150736, "INSTALLATION_DATE": -347126400000, "DEPTH_OF_COVER_M": 0, "RESTRAINED_JOINT": 0, "CATHODICALLY_PROTECTED": 0, "REMARKS": null, "ASSET_DESCRIPTION": "0 MIDLOTHIAN AV", "SPLIT_ON_CITYSIDE": null, "COMPKEY": 271196, "COMPTYPE": 41, "COATING_DATE": null, "LINING_DATE": null, "UPDATED_BY": "enfoz", "WATERMAIN_KEY": 49581, "BUN": null, "PIPE_LENGTH_M": 5.38396199, "PARALLEL_LINE_NUMBER": null, "PRESSURE_ZONE": null, "PIPE_USE": "Water Main", "SERVICE_STATUS": "Out of Service-Abandoned", "SUBSYSTEM": "<blank>", "OWNER": "COVAV", "OPERATOR": "COVAV", "DIAMETER": "600 mm", "PIPE_CLASS": null, "MATERIAL": "Steel", "LINING_MATERIAL": "Coal Tar", "COATING_MATERIAL": "blank", "FACET": "P17", "CONNECTION_TYPE": null, "DOMESTIC_DIAMETER": null, "DOMESTIC_MATERIAL": null, "FIRE_LIN_DIAMETER": null, "INSTALLED_BY": "City of Vancouver", "FIRE_LIN_MATERIAL": null, "MAP_TOOLTIP": "600 S CTAR 1959", "UPDATED_DATE_iso": "2010-04-01", "COV_DATE_UPDATE_iso": "2010-04-01", "INSTALLATION_DATE_iso": "1959-01-01"}, "geometry": {"type": "LineString", "coordinates": [[-123.10683138362567, 49.2409443403392], [-123.10678678812172, 49.24090570202853]]}}, {"type": "Feature", "properties": {"SHAPE_Length": 70.86728091967326, "OBJECTID": 21277858, "COV_SOURCE_KEY": "389002", "UPDATED_DATE": 1329854312000, "COV_DATE_UPDATE": 1329854312000, "TBFID": 457225, "ORACLE_ID": "__FJA1K1", "UNIT_ID_1": "149804", "UNIT_ID_2": "4171869", "MAIN_COMP1": 43, "MAIN_KEY_1": 792697, "MAIN_COMP2": 43, "MAIN_KEY_2": 792704, "ADDRESS_KEY": 148119, "INSTALLATION_DATE": -126201600000, "DEPTH_OF_COVER_M": 0.9100000262260437, "RESTRAINED_JOINT": 0, "CATHODICALLY_PROTECTED": 0, "REMARKS": null, "ASSET_DESCRIPTION": "500 W 16TH AV", "SPLIT_ON_CITYSIDE": null, "COMPKEY": 260382, "COMPTYPE": 41, "COATING_DATE": null, "LINING_DATE": null, "UPDATED_BY": "enyamw", "WATERMAIN_KEY": 41344, "BUN": null, "PIPE_LENGTH_M": 70.86728092, "PARALLEL_LINE_NUMBER": null, "PRESSURE_ZONE": 172, "PIPE_USE": "Water Main", "SERVICE_STATUS": "Out of Service-Abandoned", "SUBSYSTEM": "Distribution", "OWNER": "COVAV", "OPERATOR": "COVAV", "DIAMETER": "100 mm", "PIPE_CLASS": null, "MATERIAL": "Cast Iron", "LINING_MATERIAL": "blank", "COATING_MATERIAL": "blank", "FACET": "O14", "CONNECTION_TYPE": null, "DOMESTIC_DIAMETER": null, "DOMESTIC_MATERIAL": null, "FIRE_LIN_DIAMETER": null, "INSTALLED_BY": "City of Vancouver", "FIRE_LIN_MATERIAL": null, "MAP_TOOLTIP": "100 CI n/a 1966", "UPDATED_DATE_iso": "2012-02-21", "COV_DATE_UPDATE_iso": "2012-02-21", "INSTALLATION_DATE_iso": "1966-01-01"}, "geometry": {"type": "LineString", "coordinates": [[-123.11808300295033, 49.25694737973653], [-123.11710951648577, 49.25692854510106]]}}, {"type": "Feature", "properties": {"SHAPE_Length": 178.93701150114185, "OBJECTID": 21277943, "COV_SOURCE_KEY": "397706", "UPDATED_DATE": 1757711089000, "COV_DATE_UPDATE": 1757711089000, "TBFID": 462999, "ORACLE_ID": "__FJA9W8", "UNIT_ID_1": "64635", "UNIT_ID_2": "64619", "MAIN_COMP1": 46, "MAIN_KEY_1": 96040, "MAIN_COMP2": 46, "MAIN_KEY_2": 96070, "ADDRESS_KEY": 153265, "INSTALLATION_DATE": -1262275200000, "DEPTH_OF_COVER_M": 0.9100000262260437, "RESTRAINED_JOINT": 0, "CATHODICALLY_PROTECTED": 0, "REMARKS": null, "ASSET_DESCRIPTION": "500 W 28TH AV", "SPLIT_ON_CITYSIDE": null, "COMPKEY": 271857, "COMPTYPE": 41, "COATING_DATE": null, "LINING_DATE": null, "UPDATED_BY": "enyamw", "WATERMAIN_KEY": 50110, "BUN": null, "PIPE_LENGTH_M": 178.937, "PARALLEL_LINE_NUMBER": null, "PRESSURE_ZONE": 172, "PIPE_USE": "Water Main", "SERVICE_STATUS": "Out of Service-Abandoned", "SUBSYSTEM": "Distribution", "OWNER": "COVAV", "OPERATOR": "COVAV", "DIAMETER": "150 mm", "PIPE_CLASS": null, "MATERIAL": "Cast Iron", "LINING_MATERIAL": "blank", "COATING_MATERIAL": "blank", "FACET": "O16", "CONNECTION_TYPE": null, "DOMESTIC_DIAMETER": null, "DOMESTIC_MATERIAL": null, "FIRE_LIN_DIAMETER": null, "INSTALLED_BY": "City of Vancouver", "FIRE_LIN_MATERIAL": null, "MAP_TOOLTIP": "150 CI n/a 1930", "UPDATED_DATE_iso": "2025-09-12", "COV_DATE_UPDATE_iso": "2025-09-12", "INSTALLATION_DATE_iso": "1930-01-01"}, "geometry": {"type": "LineString", "coordinates": [[-123.11596451939333, 49.24616137138421], [-123.11842216242957, 49.24620516787499]]}}, {"type": "Feature", "properties": {"SHAPE_Length": 4.6514231554790735, "OBJECTID": 21278401, "COV_SOURCE_KEY": "398205", "UPDATED_DATE": 1270103309000, "COV_DATE_UPDATE": 1270103309000, "TBFID": 463003, "ORACLE_ID": "__FJAA0R", "UNIT_ID_1": "T__FP63HT", "UNIT_ID_2": "T__FP6EFA", "MAIN_COMP1": 43, "MAIN_KEY_1": 173361, "MAIN_COMP2": 43, "MAIN_KEY_2": 189666, "ADDRESS_KEY": 148239, "INSTALLATION_DATE": -347126400000, "DEPTH_OF_COVER_M": 0, "RESTRAINED_JOINT": 0, "CATHODICALLY_PROTECTED": 0, "REMARKS": null, "ASSET_DESCRIPTION": "200 300  MIDLOTHIAN AV", "SPLIT_ON_CITYSIDE": null, "COMPKEY": 272007, "COMPTYPE": 41, "COATING_DATE": null, "LINING_DATE": null, "UPDATED_BY": "enfoz", "WATERMAIN_KEY": 50231, "BUN": null, "PIPE_LENGTH_M": 4.65140629, "PARALLEL_LINE_NUMBER": null, "PRESSURE_ZONE": null, "PIPE_USE": "Water Main", "SERVICE_STATUS": "Out of Service-Abandoned", "SUBSYSTEM": "<blank>", "OWNER": "COVAV", "OPERATOR": "COVAV", "DIAMETER": "600 mm", "PIPE_CLASS": null, "MATERIAL": "Steel", "LINING_MATERIAL": "Coal Tar", "COATING_MATERIAL": "blank", "FACET": "O17", "CONNECTION_TYPE": null, "DOMESTIC_DIAMETER": null, "DOMESTIC_MATERIAL": null, "FIRE_LIN_DIAMETER": null, "INSTALLED_BY": "City of Vancouver", "FIRE_LIN_MATERIAL": null, "MAP_TOOLTIP": "600 S CTAR 1959", "UPDATED_DATE_iso": "2010-04-01", "COV_DATE_UPDATE_iso": "2010-04-01", "INSTALLATION_DATE_iso": "1959-01-01"}, "geometry": {"type": "LineString", "coordinates": [[-123.1114701347738, 49.24484011342773], [-123.11145789477764, 49.244834818047586], [-123.11144565458166, 49.24482943271399], [-123.11143355178213, 49.24482404724653], [-123.11142144878285, 49.244818571825675], [-123.1114171853258, 49.24481668693782]]}}, {"type": "Feature", "properties": {"SHAPE_Length": 14.250075789978906, "OBJECTID": 21278414, "COV_SOURCE_KEY": "398218", "UPDATED_DATE": 1533923265000, "COV_DATE_UPDATE": 1533923265000, "TBFID": 463016, "ORACLE_ID": "__FJAA1D", "UNIT_ID_1": "73011", "UNIT_ID_2": "233573", "MAIN_COMP1": 46, "MAIN_KEY_1": 56042, "MAIN_COMP2": 43, "MAIN_KEY_2": 160552, "ADDRESS_KEY": 157256, "INSTALLATION_DATE": -599587200000, "DEPTH_OF_COVER_M": 0.9100000262260437, "RESTRAINED_JOINT": 0, "CATHODICALLY_PROTECTED": 0, "REMARKS": null, "ASSET_DESCRIPTION": "400 500  W 33RD AV", "SPLIT_ON_CITYSIDE": null, "COMPKEY": 272023, "COMPTYPE": 41, "COATING_DATE": null, "LINING_DATE": null, "UPDATED_BY": "enyamw", "WATERMAIN_KEY": 50244, "BUN": null, "PIPE_LENGTH_M": 14.25007579, "PARALLEL_LINE_NUMBER": null, "PRESSURE_ZONE": 173, "PIPE_USE": "Water Main", "SERVICE_STATUS": "Out of Service-Abandoned", "SUBSYSTEM": "Distribution", "OWNER": "COVAV", "OPERATOR": "COVAV", "DIAMETER": "150 mm", "PIPE_CLASS": null, "MATERIAL": "Cast Iron", "LINING_MATERIAL": "blank", "COATING_MATERIAL": "blank", "FACET": "O17", "CONNECTION_TYPE": null, "DOMESTIC_DIAMETER": null, "DOMESTIC_MATERIAL": null, "FIRE_LIN_DIAMETER": null, "INSTALLED_BY": "City of Vancouver", "FIRE_LIN_MATERIAL": null, "MAP_TOOLTIP": "150 CI n/a 1951", "UPDATED_DATE_iso": "2018-08-10", "COV_DATE_UPDATE_iso": "2018-08-10", "INSTALLATION_DATE_iso": "1951-01-01"}, "geometry": {"type": "LineString", "coordinates": [[-123.1181242789047, 49.241019115315765], [-123.11792881982771, 49.241011866940106]]}}, {"type": "Feature", "properties": {"SHAPE_Length": 30.658150661978002, "OBJECTID": 21278482, "COV_SOURCE_KEY": "387016", "UPDATED_DATE": 1270097465000, "COV_DATE_UPDATE": 1270097465000, "TBFID": 457612, "ORACLE_ID": "__FJ9Y79", "UNIT_ID_1": "T__FP66EI", "UNIT_ID_2": "T__FP68CZ", "MAIN_COMP1": 43, "MAIN_KEY_1": 177852, "MAIN_COMP2": 43, "MAIN_KEY_2": 180779, "ADDRESS_KEY": 149212, "INSTALLATION_DATE": -220896000000, "DEPTH_OF_COVER_M": 0.9100000262260437, "RESTRAINED_JOINT": 0, "CATHODICALLY_PROTECTED": 0, "REMARKS": null, "ASSET_DESCRIPTION": "3900 ASH ST", "SPLIT_ON_CITYSIDE": null, "COMPKEY": 255391, "COMPTYPE": 41, "COATING_DATE": null, "LINING_DATE": null, "UPDATED_BY": "enfoz", "WATERMAIN_KEY": 37873, "BUN": null, "PIPE_LENGTH_M": 30.65860759, "PARALLEL_LINE_NUMBER": null, "PRESSURE_ZONE": null, "PIPE_USE": "Water Main", "SERVICE_STATUS": "Out of Service-Abandoned", "SUBSYSTEM": "Distribution", "OWNER": "COVAV", "OPERATOR": "COVAV", "DIAMETER": "150 mm", "PIPE_CLASS": null, "MATERIAL": "Cast Iron", "LINING_MATERIAL": "Cement Lined", "COATING_MATERIAL": "blank", "FACET": "O15", "CONNECTION_TYPE": null, "DOMESTIC_DIAMETER": null, "DOMESTIC_MATERIAL": null, "FIRE_LIN_DIAMETER": null, "INSTALLED_BY": "City of Vancouver", "FIRE_LIN_MATERIAL": null, "MAP_TOOLTIP": "150 CI CL 1963", "UPDATED_DATE_iso": "2010-04-01", "COV_DATE_UPDATE_iso": "2010-04-01", "INSTALLATION_DATE_iso": "1963-01-01"}, "geometry": {"type": "LineString", "coordinates": [[-123.11834192943897, 49.250566021019246], [-123.1183515624014, 49.250290316422344]]}}, {"type": "Feature", "properties": {"SHAPE_Length": 13.304969973665173, "OBJECTID": 21278774, "COV_SOURCE_KEY": "377784", "UPDATED_DATE": 1270093968000, "COV_DATE_UPDATE": 1270093968000, "TBFID": 443374, "ORACLE_ID": "__FJ9Q8I", "UNIT_ID_1": "T__FP62UK", "UNIT_ID_2": "T__FP64IC", "MAIN_COMP1": 43, "MAIN_KEY_1": 172416, "MAIN_COMP2": 43, "MAIN_KEY_2": 174989, "ADDRESS_KEY": 153398, "INSTALLATION_DATE": -252432000000, "DEPTH_OF_COVER_M": 0, "RESTRAINED_JOINT": 0, "CATHODICALLY_PROTECTED": 0, "REMARKS": null, "ASSET_DESCRIPTION": "4200 LAUREL ST", "SPLIT_ON_CITYSIDE": null, "COMPKEY": 244454, "COMPTYPE": 41, "COATING_DATE": null, "LINING_DATE": null, "UPDATED_BY": "enfoz", "WATERMAIN_KEY": 29937, "BUN": null, "PIPE_LENGTH_M": 13.30504883, "PARALLEL_LINE_NUMBER": null, "PRESSURE_ZONE": null, "PIPE_USE": "Water Main", "SERVICE_STATUS": "Out of Service-Abandoned", "SUBSYSTEM": "<blank>", "OWNER": "COVAV", "OPERATOR": "COVAV", "DIAMETER": "150 mm", "PIPE_CLASS": null, "MATERIAL": "Cast Iron", "LINING_MATERIAL": "Cement Lined", "COATING_MATERIAL": "blank", "FACET": "N16", "CONNECTION_TYPE": null, "DOMESTIC_DIAMETER": null, "DOMESTIC_MATERIAL": null, "FIRE_LIN_DIAMETER": null, "INSTALLED_BY": "City of Vancouver", "FIRE_LIN_MATERIAL": null, "MAP_TOOLTIP": "150 CI CL 1962", "UPDATED_DATE_iso": "2010-04-01", "COV_DATE_UPDATE_iso": "2010-04-01", "INSTALLATION_DATE_iso": "1962-01-01"}, "geometry": {"type": "LineString", "coordinates": [[-123.12484729478557, 49.24723241445085], [-123.12466453114594, 49.24722968835456]]}}, {"type": "Feature", "properties": {"SHAPE_Length": 47.45957235265726, "OBJECTID": 21278829, "COV_SOURCE_KEY": "369035", "UPDATED_DATE": 1304706390000, "COV_DATE_UPDATE": 1304706390000, "TBFID": 435429, "ORACLE_ID": "__FJ9HDX", "UNIT_ID_1": "4147760", "UNIT_ID_2": "4147764", "MAIN_COMP1": 43, "MAIN_KEY_1": 776175, "MAIN_COMP2": 43, "MAIN_KEY_2": 776174, "ADDRESS_KEY": 153375, "INSTALLATION_DATE": -283968000000, "DEPTH_OF_COVER_M": 0.9100000262260437, "RESTRAINED_JOINT": 0, "CATHODICALLY_PROTECTED": 0, "REMARKS": null, "ASSET_DESCRIPTION": "3300 QUEBEC PLACE", "SPLIT_ON_CITYSIDE": null, "COMPKEY": 233084, "COMPTYPE": 41, "COATING_DATE": null, "LINING_DATE": null, "UPDATED_BY": "enyamw", "WATERMAIN_KEY": 21124, "BUN": null, "PIPE_LENGTH_M": 47.45985163, "PARALLEL_LINE_NUMBER": null, "PRESSURE_ZONE": null, "PIPE_USE": "Water Main", "SERVICE_STATUS": "Out of Service-Abandoned", "SUBSYSTEM": "Distribution", "OWNER": "COVAV", "OPERATOR": "COVAV", "DIAMETER": "25 mm", "PIPE_CLASS": null, "MATERIAL": "Copper", "LINING_MATERIAL": "blank", "COATING_MATERIAL": "blank", "FACET": "P14", "CONNECTION_TYPE": null, "DOMESTIC_DIAMETER": null, "DOMESTIC_MATERIAL": null, "FIRE_LIN_DIAMETER": null, "INSTALLED_BY": "City of Vancouver", "FIRE_LIN_MATERIAL": null, "MAP_TOOLTIP": "25 COP n/a 1961", "UPDATED_DATE_iso": "2011-05-06", "COV_DATE_UPDATE_iso": "2011-05-06", "INSTALLATION_DATE_iso": "1961-01-01"}, "geometry": {"type": "LineString", "coordinates": [[-123.10397399429087, 49.255211637919345], [-123.10398749962516, 49.25478482057739]]}}, {"type": "Feature", "properties": {"SHAPE_Length": 7.934886136731618, "OBJECTID": 21278830, "COV_SOURCE_KEY": "369036", "UPDATED_DATE": 1304706390000, "COV_DATE_UPDATE": 1304706390000, "TBFID": 435430, "ORACLE_ID": "__FJ9HDY", "UNIT_ID_1": "4147768", "UNIT_ID_2": "4147772", "MAIN_COMP1": 43, "MAIN_KEY_1": 776173, "MAIN_COMP2": 43, "MAIN_KEY_2": 776176, "ADDRESS_KEY": 153375, "INSTALLATION_DATE": -283968000000, "DEPTH_OF_COVER_M": 0.9100000262260437, "RESTRAINED_JOINT": 0, "CATHODICALLY_PROTECTED": 0, "REMARKS": null, "ASSET_DESCRIPTION": "3300 QUEBEC PLACE", "SPLIT_ON_CITYSIDE": null, "COMPKEY": 233086, "COMPTYPE": 41, "COATING_DATE": null, "LINING_DATE": null, "UPDATED_BY": "enyamw", "WATERMAIN_KEY": 21125, "BUN": null, "PIPE_LENGTH_M": 7.93488614, "PARALLEL_LINE_NUMBER": null, "PRESSURE_ZONE": 172, "PIPE_USE": "Water Main", "SERVICE_STATUS": "Out of Service-Abandoned", "SUBSYSTEM": "Distribution", "OWNER": "COVAV", "OPERATOR": "COVAV", "DIAMETER": "25 mm", "PIPE_CLASS": null, "MATERIAL": "Copper", "LINING_MATERIAL": "blank", "COATING_MATERIAL": "blank", "FACET": "P14", "CONNECTION_TYPE": null, "DOMESTIC_DIAMETER": null, "DOMESTIC_MATERIAL": null, "FIRE_LIN_DIAMETER": null, "INSTALLED_BY": "City of Vancouver", "FIRE_LIN_MATERIAL": null, "MAP_TOOLTIP": "25 COP n/a 1961", "UPDATED_DATE_iso": "2011-05-06", "COV_DATE_UPDATE_iso": "2011-05-06", "INSTALLATION_DATE_iso": "1961-01-01"}, "geometry": {"type": "LineString", "coordinates": [[-123.10398819321006, 49.25476827774336], [-123.10399042069938, 49.2546969166568]]}}, {"type": "Feature", "properties": {"SHAPE_Length": 2.989999999292195, "OBJECTID": 21279630, "COV_SOURCE_KEY": "367847", "UPDATED_DATE": 1336413800000, "COV_DATE_UPDATE": 1336413800000, "TBFID": 436745, "ORACLE_ID": "__FJ9GSD", "UNIT_ID_1": "4150200", "UNIT_ID_2": "4150204", "MAIN_COMP1": 43, "MAIN_KEY_1": 780739, "MAIN_COMP2": 43, "MAIN_KEY_2": 780738, "ADDRESS_KEY": 151817, "INSTALLATION_DATE": -378662400000, "DEPTH_OF_COVER_M": 0.9100000262260437, "RESTRAINED_JOINT": 0, "CATHODICALLY_PROTECTED": 0, "REMARKS": null, "ASSET_DESCRIPTION": "4400 CAMBIE ST", "SPLIT_ON_CITYSIDE": null, "COMPKEY": 232252, "COMPTYPE": 41, "COATING_DATE": null, "LINING_DATE": null, "UPDATED_BY": "enyamw", "WATERMAIN_KEY": 20483, "BUN": null, "PIPE_LENGTH_M": 2.9899584, "PARALLEL_LINE_NUMBER": null, "PRESSURE_ZONE": null, "PIPE_USE": "Water Main", "SERVICE_STATUS": "Out of Service-Abandoned", "SUBSYSTEM": "Distribution", "OWNER": "COVAV", "OPERATOR": "COVAV", "DIAMETER": "300 mm", "PIPE_CLASS": null, "MATERIAL": "Cast Iron", "LINING_MATERIAL": "blank", "COATING_MATERIAL": "blank", "FACET": "O16", "CONNECTION_TYPE": null, "DOMESTIC_DIAMETER": null, "DOMESTIC_MATERIAL": null, "FIRE_LIN_DIAMETER": null, "INSTALLED_BY": "City of Vancouver", "FIRE_LIN_MATERIAL": null, "MAP_TOOLTIP": "300 CI n/a 1958", "UPDATED_DATE_iso": "2012-05-07", "COV_DATE_UPDATE_iso": "2012-05-07", "INSTALLATION_DATE_iso": "1958-01-01"}, "geometry": {"type": "LineString", "coordinates": [[-123.11566366548152, 49.245263957533815], [-123.11563893438345, 49.24526398229058], [-123.11563895938009, 49.245274686595806]]}}, {"type": "Feature", "properties": {"SHAPE_Length": 198.36076521774066, "OBJECTID": 21279710, "COV_SOURCE_KEY": "367345", "UPDATED_DATE": 1270086303000, "COV_DATE_UPDATE": 1270086303000, "TBFID": 436837, "ORACLE_ID": "__FJ9GNE", "UNIT_ID_1": "T__FP57H2", "UNIT_ID_2": "T__FP60HL", "MAIN_COMP1": 43, "MAIN_KEY_1": 123718, "MAIN_COMP2": 43, "MAIN_KEY_2": 168929, "ADDRESS_KEY": 157453, "INSTALLATION_DATE": -347126400000, "DEPTH_OF_COVER_M": 0, "RESTRAINED_JOINT": 0, "CATHODICALLY_PROTECTED": 0, "REMARKS": null, "ASSET_DESCRIPTION": "100 200  MIDLOTHIAN AV", "SPLIT_ON_CITYSIDE": null, "COMPKEY": 232091, "COMPTYPE": 41, "COATING_DATE": null, "LINING_DATE": null, "UPDATED_BY": "enfoz", "WATERMAIN_KEY": 20359, "BUN": null, "PIPE_LENGTH_M": 198.3609981, "PARALLEL_LINE_NUMBER": null, "PRESSURE_ZONE": null, "PIPE_USE": "Water Main", "SERVICE_STATUS": "Out of Service-Abandoned", "SUBSYSTEM": "<blank>", "OWNER": "COVAV", "OPERATOR": "COVAV", "DIAMETER": "600 mm", "PIPE_CLASS": null, "MATERIAL": "Steel", "LINING_MATERIAL": "Coal Tar", "COATING_MATERIAL": "blank", "FACET": "P17", "CONNECTION_TYPE": null, "DOMESTIC_DIAMETER": null, "DOMESTIC_MATERIAL": null, "FIRE_LIN_DIAMETER": null, "INSTALLED_BY": "City of Vancouver", "FIRE_LIN_MATERIAL": null, "MAP_TOOLTIP": "600 S CTAR 1959", "UPDATED_DATE_iso": "2010-04-01", "COV_DATE_UPDATE_iso": "2010-04-01", "INSTALLATION_DATE_iso": "1959-01-01"}, "geometry": {"type": "LineString", "coordinates": [[-123.11089227802891, 49.24448223634815], [-123.10926586035728, 49.243050511845524]]}}, {"type": "Feature", "properties": {"SHAPE_Length": 4.577614443813349, "OBJECTID": 21283502, "COV_SOURCE_KEY": "368791", "UPDATED_DATE": 1270087144000, "COV_DATE_UPDATE": 1270087144000, "TBFID": 434394, "ORACLE_ID": "__FJ9HCE", "UNIT_ID_1": "T__FP589R", "UNIT_ID_2": "T__FP5EU5", "MAIN_COMP1": 43, "MAIN_KEY_1": 125035, "MAIN_COMP2": 43, "MAIN_KEY_2": 135032, "ADDRESS_KEY": 152470, "INSTALLATION_DATE": null, "DEPTH_OF_COVER_M": 0, "RESTRAINED_JOINT": 0, "CATHODICALLY_PROTECTED": 0, "REMARKS": null, "ASSET_DESCRIPTION": "3300 COLUMBIA ST", "SPLIT_ON_CITYSIDE": null, "COMPKEY": 233013, "COMPTYPE": 41, "COATING_DATE": null, "LINING_DATE": null, "UPDATED_BY": "enfoz", "WATERMAIN_KEY": 21069, "BUN": null, "PIPE_LENGTH_M": 4.5775365, "PARALLEL_LINE_NUMBER": null, "PRESSURE_ZONE": null, "PIPE_USE": "Water Main", "SERVICE_STATUS": "Out of Service-Abandoned", "SUBSYSTEM": "<blank>", "OWNER": "COVAV", "OPERATOR": "COVAV", "DIAMETER": "150 mm", "PIPE_CLASS": null, "MATERIAL": "Cast Iron", "LINING_MATERIAL": "blank", "COATING_MATERIAL": "blank", "FACET": "P14", "CONNECTION_TYPE": null, "DOMESTIC_DIAMETER": null, "DOMESTIC_MATERIAL": null, "FIRE_LIN_DIAMETER": null, "INSTALLED_BY": "City of Vancouver", "FIRE_LIN_MATERIAL": null, "MAP_TOOLTIP": "150 CI n/a ", "UPDATED_DATE_iso": "2010-04-01", "COV_DATE_UPDATE_iso": "2010-04-01"}, "geometry": {"type": "LineString", "coordinates": [[-123.10976378110246, 49.254818741481195], [-123.10976284172862, 49.25485991349677]]}}, {"type": "Feature", "properties": {"SHAPE_Length": 2.000899797606713, "OBJECTID": 21283784, "COV_SOURCE_KEY": "377457", "UPDATED_DATE": 1757711105000, "COV_DATE_UPDATE": 1757711105000, "TBFID": 442064, "ORACLE_ID": "__FJ9RJD", "UNIT_ID_1": "222651", "UNIT_ID_2": "232448", "MAIN_COMP1": 43, "MAIN_KEY_1": 165453, "MAIN_COMP2": 43, "MAIN_KEY_2": 144380, "ADDRESS_KEY": 154632, "INSTALLATION_DATE": 315561600000, "DEPTH_OF_COVER_M": 0.9100000262260437, "RESTRAINED_JOINT": 0, "CATHODICALLY_PROTECTED": 0, "REMARKS": null, "ASSET_DESCRIPTION": "600 W 26TH AV", "SPLIT_ON_CITYSIDE": null, "COMPKEY": 245996, "COMPTYPE": 41, "COATING_DATE": null, "LINING_DATE": null, "UPDATED_BY": "enyamw", "WATERMAIN_KEY": 31165, "BUN": null, "PIPE_LENGTH_M": 2.00090392, "PARALLEL_LINE_NUMBER": null, "PRESSURE_ZONE": 172, "PIPE_USE": "Water Main", "SERVICE_STATUS": "Out of Service-Abandoned", "SUBSYSTEM": "Distribution", "OWNER": "COVAV", "OPERATOR": "COVAV", "DIAMETER": "150 mm", "PIPE_CLASS": null, "MATERIAL": "Cast Iron", "LINING_MATERIAL": "blank", "COATING_MATERIAL": "blank", "FACET": "O16", "CONNECTION_TYPE": null, "DOMESTIC_DIAMETER": null, "DOMESTIC_MATERIAL": null, "FIRE_LIN_DIAMETER": null, "INSTALLED_BY": "City of Vancouver", "FIRE_LIN_MATERIAL": null, "MAP_TOOLTIP": "150 CI n/a 1980", "UPDATED_DATE_iso": "2025-09-12", "COV_DATE_UPDATE_iso": "2025-09-12", "INSTALLATION_DATE_iso": "1980-01-01"}, "geometry": {"type": "LineString", "coordinates": [[-123.12029806160628, 49.24807371651664], [-123.12027057974278, 49.24807320541481]]}}, {"type": "Feature", "properties": {"SHAPE_Length": 82.75336006379847, "OBJECTID": 21284322, "COV_SOURCE_KEY": "385992", "UPDATED_DATE": 1463123996000, "COV_DATE_UPDATE": 1463123996000, "TBFID": 451379, "ORACLE_ID": "__FJ9YAV", "UNIT_ID_1": "T__FJEZZ2", "UNIT_ID_2": "T__FP5IJT", "MAIN_COMP1": 43, "MAIN_KEY_1": 82971, "MAIN_COMP2": 43, "MAIN_KEY_2": 141445, "ADDRESS_KEY": 149196, "INSTALLATION_DATE": -220896000000, "DEPTH_OF_COVER_M": 0.9100000262260437, "RESTRAINED_JOINT": 0, "CATHODICALLY_PROTECTED": 0, "REMARKS": null, "ASSET_DESCRIPTION": "4000 WILLOW ST", "SPLIT_ON_CITYSIDE": null, "COMPKEY": 255506, "COMPTYPE": 41, "COATING_DATE": null, "LINING_DATE": null, "UPDATED_BY": "ENHANMGETASK", "WATERMAIN_KEY": 37956, "BUN": null, "PIPE_LENGTH_M": 82.75336006, "PARALLEL_LINE_NUMBER": null, "PRESSURE_ZONE": 172, "PIPE_USE": "Water Main", "SERVICE_STATUS": "Out of Service-Abandoned", "SUBSYSTEM": "Distribution", "OWNER": "COVAV", "OPERATOR": "COVAV", "DIAMETER": "150 mm", "PIPE_CLASS": null, "MATERIAL": "Cast Iron", "LINING_MATERIAL": "Cement Lined", "COATING_MATERIAL": "blank", "FACET": "N15", "CONNECTION_TYPE": null, "DOMESTIC_DIAMETER": null, "DOMESTIC_MATERIAL": null, "FIRE_LIN_DIAMETER": null, "INSTALLED_BY": "City of Vancouver", "FIRE_LIN_MATERIAL": null, "MAP_TOOLTIP": "150 CI CL 1963", "UPDATED_DATE_iso": "2016-05-13", "COV_DATE_UPDATE_iso": "2016-05-13", "INSTALLATION_DATE_iso": "1963-01-01"}, "geometry": {"type": "LineString", "coordinates": [[-123.12239569935365, 49.24928574350551], [-123.1223563295795, 49.25002968164652]]}}, {"type": "Feature", "properties": {"SHAPE_Length": 206.41222141374766, "OBJECTID": 21284707, "COV_SOURCE_KEY": "377545", "UPDATED_DATE": 1408995911000, "COV_DATE_UPDATE": 1408995911000, "TBFID": 442445, "ORACLE_ID": "__FJ9RK8", "UNIT_ID_1": "T__FP58Y5", "UNIT_ID_2": "T__FP6LPQ", "MAIN_COMP1": 43, "MAIN_KEY_1": 126158, "MAIN_COMP2": 43, "MAIN_KEY_2": 200524, "ADDRESS_KEY": 157256, "INSTALLATION_DATE": -1798732800000, "DEPTH_OF_COVER_M": 0, "RESTRAINED_JOINT": 1, "CATHODICALLY_PROTECTED": 0, "REMARKS": null, "ASSET_DESCRIPTION": "600 W 33RD AV", "SPLIT_ON_CITYSIDE": null, "COMPKEY": 246028, "COMPTYPE": 41, "COATING_DATE": null, "LINING_DATE": -94665600000, "UPDATED_BY": "enjcr", "WATERMAIN_KEY": 31190, "BUN": null, "PIPE_LENGTH_M": 206.41203946, "PARALLEL_LINE_NUMBER": null, "PRESSURE_ZONE": null, "PIPE_USE": "Water Main", "SERVICE_STATUS": "Out of Service-Abandoned", "SUBSYSTEM": "<blank>", "OWNER": "COVAV", "OPERATOR": "COVAV", "DIAMETER": "450 mm", "PIPE_CLASS": null, "MATERIAL": "Steel", "LINING_MATERIAL": "CENT", "COATING_MATERIAL": "blank", "FACET": "O17", "CONNECTION_TYPE": null, "DOMESTIC_DIAMETER": null, "DOMESTIC_MATERIAL": null, "FIRE_LIN_DIAMETER": null, "INSTALLED_BY": "City of Vancouver", "FIRE_LIN_MATERIAL": null, "MAP_TOOLTIP": "450 S CENT 1913 RJ", "UPDATED_DATE_iso": "2014-08-25", "COV_DATE_UPDATE_iso": "2014-08-25", "INSTALLATION_DATE_iso": "1913-01-01", "LINING_DATE_iso": "1967-01-01"}, "geometry": {"type": "LineString", "coordinates": [[-123.11872768428904, 49.24111785822392], [-123.11589617223473, 49.24101622671471]]}}, {"type": "Feature", "properties": {"SHAPE_Length": 3.219122396250433, "OBJECTID": 21284850, "COV_SOURCE_KEY": "377614", "UPDATED_DATE": 1757711101000, "COV_DATE_UPDATE": 1757711101000, "TBFID": 442711, "ORACLE_ID": "__FJ9RKF", "UNIT_ID_1": "138698", "UNIT_ID_2": "61564", "MAIN_COMP1": 43, "MAIN_KEY_1": 891713, "MAIN_COMP2": 46, "MAIN_KEY_2": 853935, "ADDRESS_KEY": 154632, "INSTALLATION_DATE": 315561600000, "DEPTH_OF_COVER_M": 0.9100000262260437, "RESTRAINED_JOINT": 0, "CATHODICALLY_PROTECTED": 0, "REMARKS": null, "ASSET_DESCRIPTION": "600 W 26TH AV", "SPLIT_ON_CITYSIDE": null, "COMPKEY": 246035, "COMPTYPE": 41, "COATING_DATE": null, "LINING_DATE": null, "UPDATED_BY": "enyamw", "WATERMAIN_KEY": 31196, "BUN": null, "PIPE_LENGTH_M": 3.219, "PARALLEL_LINE_NUMBER": null, "PRESSURE_ZONE": 172, "PIPE_USE": "Water Main", "SERVICE_STATUS": "Out of Service-Abandoned", "SUBSYSTEM": "Distribution", "OWNER": "COVAV", "OPERATOR": "COVAV", "DIAMETER": "150 mm", "PIPE_CLASS": null, "MATERIAL": "Cast Iron", "LINING_MATERIAL": "blank", "COATING_MATERIAL": "blank", "FACET": "O16", "CONNECTION_TYPE": null, "DOMESTIC_DIAMETER": null, "DOMESTIC_MATERIAL": null, "FIRE_LIN_DIAMETER": null, "INSTALLED_BY": "City of Vancouver", "FIRE_LIN_MATERIAL": null, "MAP_TOOLTIP": "150 CI n/a 1980", "UPDATED_DATE_iso": "2025-09-12", "COV_DATE_UPDATE_iso": "2025-09-12", "INSTALLATION_DATE_iso": "1980-01-01"}, "geometry": {"type": "LineString", "coordinates": [[-123.12035915345459, 49.2480747143263], [-123.12031493538683, 49.24807399578834]]}}, {"type": "Feature", "properties": {"SHAPE_Length": 1.2284433240003285, "OBJECTID": 21284851, "COV_SOURCE_KEY": "377615", "UPDATED_DATE": 1757711100000, "COV_DATE_UPDATE": 1757711100000, "TBFID": 442712, "ORACLE_ID": "__FJ9RKG", "UNIT_ID_1": "61564", "UNIT_ID_2": "222651", "MAIN_COMP1": 46, "MAIN_KEY_1": 853935, "MAIN_COMP2": 43, "MAIN_KEY_2": 165453, "ADDRESS_KEY": 154632, "INSTALLATION_DATE": 315561600000, "DEPTH_OF_COVER_M": 0.9100000262260437, "RESTRAINED_JOINT": 0, "CATHODICALLY_PROTECTED": 0, "REMARKS": null, "ASSET_DESCRIPTION": "600 W 26TH AV", "SPLIT_ON_CITYSIDE": null, "COMPKEY": 246037, "COMPTYPE": 41, "COATING_DATE": null, "LINING_DATE": null, "UPDATED_BY": "enyamw", "WATERMAIN_KEY": 31197, "BUN": null, "PIPE_LENGTH_M": 1.228, "PARALLEL_LINE_NUMBER": null, "PRESSURE_ZONE": 172, "PIPE_USE": "Water Main", "SERVICE_STATUS": "Out of Service-Abandoned", "SUBSYSTEM": "Distribution", "OWNER": "COVAV", "OPERATOR": "COVAV", "DIAMETER": "150 mm", "PIPE_CLASS": null, "MATERIAL": "Cast Iron", "LINING_MATERIAL": "blank", "COATING_MATERIAL": "blank", "FACET": "O16", "CONNECTION_TYPE": null, "DOMESTIC_DIAMETER": null, "DOMESTIC_MATERIAL": null, "FIRE_LIN_DIAMETER": null, "INSTALLED_BY": "City of Vancouver", "FIRE_LIN_MATERIAL": null, "MAP_TOOLTIP": "150 CI n/a 1980", "UPDATED_DATE_iso": "2025-09-12", "COV_DATE_UPDATE_iso": "2025-09-12", "INSTALLATION_DATE_iso": "1980-01-01"}, "geometry": {"type": "LineString", "coordinates": [[-123.12031493538683, 49.24807399578834], [-123.12029806160628, 49.24807371651664]]}}, {"type": "Feature", "properties": {"SHAPE_Length": 29.715797472169353, "OBJECTID": 21285228, "COV_SOURCE_KEY": "370558", "UPDATED_DATE": 1270088389000, "COV_DATE_UPDATE": 1270088389000, "TBFID": 441453, "ORACLE_ID": "__FJ9J3F", "UNIT_ID_1": "T__FP5PYW", "UNIT_ID_2": "T__FP57H2", "MAIN_COMP1": 43, "MAIN_KEY_1": 153047, "MAIN_COMP2": 43, "MAIN_KEY_2": 123718, "ADDRESS_KEY": 157453, "INSTALLATION_DATE": -347126400000, "DEPTH_OF_COVER_M": 0, "RESTRAINED_JOINT": 0, "CATHODICALLY_PROTECTED": 0, "REMARKS": null, "ASSET_DESCRIPTION": "100 200  MIDLOTHIAN AV", "SPLIT_ON_CITYSIDE": null, "COMPKEY": 235299, "COMPTYPE": 41, "COATING_DATE": null, "LINING_DATE": null, "UPDATED_BY": "enfoz", "WATERMAIN_KEY": 22836, "BUN": null, "PIPE_LENGTH_M": 29.71547393, "PARALLEL_LINE_NUMBER": null, "PRESSURE_ZONE": null, "PIPE_USE": "Water Main", "SERVICE_STATUS": "Out of Service-Abandoned", "SUBSYSTEM": "<blank>", "OWNER": "COVAV", "OPERATOR": "COVAV", "DIAMETER": "600 mm", "PIPE_CLASS": null, "MATERIAL": "Steel", "LINING_MATERIAL": "Coal Tar", "COATING_MATERIAL": "blank", "FACET": "P17", "CONNECTION_TYPE": null, "DOMESTIC_DIAMETER": null, "DOMESTIC_MATERIAL": null, "FIRE_LIN_DIAMETER": null, "INSTALLED_BY": "City of Vancouver", "FIRE_LIN_MATERIAL": null, "MAP_TOOLTIP": "600 S CTAR 1959", "UPDATED_DATE_iso": "2010-04-01", "COV_DATE_UPDATE_iso": "2010-04-01", "INSTALLATION_DATE_iso": "1959-01-01"}, "geometry": {"type": "LineString", "coordinates": [[-123.11116339015047, 49.24468165206063], [-123.11114784289236, 49.24467195216394], [-123.11113243285202, 49.244662171176024], [-123.11111715998904, 49.24465229110648], [-123.11110202412179, 49.24464223099847], [-123.11108702565402, 49.2446321707563], [-123.11107216438377, 49.24462202042795], [-123.11105744031111, 49.24461178001339], [-123.11104285343599, 49.24460144951272], [-123.11102840375844, 49.24459102892595], [-123.11101409127842, 49.24458051825319], [-123.1110000534092, 49.24456992635768], [-123.11098601532424, 49.24455923551303], [-123.11097211443679, 49.244548454582514], [-123.11095848834137, 49.244537673386404], [-123.11094486184886, 49.244526712284284], [-123.11093151014822, 49.244515750916726], [-123.11091829544347, 49.24450460951133], [-123.11090521813755, 49.244493467972525], [-123.11089227802891, 49.24448223634815]]}}, {"type": "Feature", "properties": {"SHAPE_Length": 2.0893826834885836, "OBJECTID": 21285448, "COV_SOURCE_KEY": "369106", "UPDATED_DATE": 1380721921000, "COV_DATE_UPDATE": 1380721921000, "TBFID": 435698, "ORACLE_ID": "__FJ9H40", "UNIT_ID_1": "4218321", "UNIT_ID_2": "148816", "MAIN_COMP1": 43, "MAIN_KEY_1": 821744, "MAIN_COMP2": 43, "MAIN_KEY_2": 44534, "ADDRESS_KEY": 148584, "INSTALLATION_DATE": -1293811200000, "DEPTH_OF_COVER_M": 0.9100000262260437, "RESTRAINED_JOINT": 0, "CATHODICALLY_PROTECTED": 0, "REMARKS": null, "ASSET_DESCRIPTION": "3400 COLUMBIA ST", "SPLIT_ON_CITYSIDE": null, "COMPKEY": 232684, "COMPTYPE": 41, "COATING_DATE": null, "LINING_DATE": null, "UPDATED_BY": "enyamw", "WATERMAIN_KEY": 20817, "BUN": null, "PIPE_LENGTH_M": 2.08938268, "PARALLEL_LINE_NUMBER": null, "PRESSURE_ZONE": 172, "PIPE_USE": "Water Main", "SERVICE_STATUS": "Out of Service-Abandoned", "SUBSYSTEM": "Distribution", "OWNER": "COVAV", "OPERATOR": "COVAV", "DIAMETER": "150 mm", "PIPE_CLASS": null, "MATERIAL": "Cast Iron", "LINING_MATERIAL": "blank", "COATING_MATERIAL": "blank", "FACET": "P15", "CONNECTION_TYPE": null, "DOMESTIC_DIAMETER": null, "DOMESTIC_MATERIAL": null, "FIRE_LIN_DIAMETER": null, "INSTALLED_BY": "City of Vancouver", "FIRE_LIN_MATERIAL": null, "MAP_TOOLTIP": "150 CI n/a 1929", "UPDATED_DATE_iso": "2013-10-02", "COV_DATE_UPDATE_iso": "2013-10-02", "INSTALLATION_DATE_iso": "1929-01-01"}, "geometry": {"type": "LineString", "coordinates": [[-123.10979607505196, 49.253920250132495], [-123.10979707778012, 49.25390146715663]]}}, {"type": "Feature", "properties": {"SHAPE_Length": 12.940496745077962, "OBJECTID": 21285748, "COV_SOURCE_KEY": "384109", "UPDATED_DATE": 1457972998000, "COV_DATE_UPDATE": 1457972998000, "TBFID": 454073, "ORACLE_ID": "__FJ9XST", "UNIT_ID_1": "4294198", "UNIT_ID_2": "861908", "MAIN_COMP1": 43, "MAIN_KEY_1": 872219, "MAIN_COMP2": 43, "MAIN_KEY_2": 37448, "ADDRESS_KEY": 149183, "INSTALLATION_DATE": -220896000000, "DEPTH_OF_COVER_M": 0.9100000262260437, "RESTRAINED_JOINT": 0, "CATHODICALLY_PROTECTED": 0, "REMARKS": null, "ASSET_DESCRIPTION": "600 W 24TH AV", "SPLIT_ON_CITYSIDE": null, "COMPKEY": 254811, "COMPTYPE": 41, "COATING_DATE": null, "LINING_DATE": null, "UPDATED_BY": "enyamw", "WATERMAIN_KEY": 37458, "BUN": null, "PIPE_LENGTH_M": 12.94049674, "PARALLEL_LINE_NUMBER": null, "PRESSURE_ZONE": 172, "PIPE_USE": "Water Main", "SERVICE_STATUS": "Out of Service-Abandoned", "SUBSYSTEM": "Distribution", "OWNER": "COVAV", "OPERATOR": "COVAV", "DIAMETER": "150 mm", "PIPE_CLASS": null, "MATERIAL": "Cast Iron", "LINING_MATERIAL": "Cement Lined", "COATING_MATERIAL": "blank", "FACET": "O15", "CONNECTION_TYPE": null, "DOMESTIC_DIAMETER": null, "DOMESTIC_MATERIAL": null, "FIRE_LIN_DIAMETER": null, "INSTALLED_BY": "City of Vancouver", "FIRE_LIN_MATERIAL": null, "MAP_TOOLTIP": "150 CI CL 1963", "UPDATED_DATE_iso": "2016-03-14", "COV_DATE_UPDATE_iso": "2016-03-14", "INSTALLATION_DATE_iso": "1963-01-01"}, "geometry": {"type": "LineString", "coordinates": [[-123.12037255399906, 49.250048793495885], [-123.12019482122285, 49.25004529049132]]}}, {"type": "Feature", "properties": {"SHAPE_Length": 11.203160312486661, "OBJECTID": 21286044, "COV_SOURCE_KEY": "389866", "UPDATED_DATE": 1270098807000, "COV_DATE_UPDATE": 1270098807000, "TBFID": 454467, "ORACLE_ID": "__FJA2DJ", "UNIT_ID_1": "T__FP637M", "UNIT_ID_2": "T__FP6J92", "MAIN_COMP1": 43, "MAIN_KEY_1": 172923, "MAIN_COMP2": 43, "MAIN_KEY_2": 196863, "ADDRESS_KEY": 156612, "INSTALLATION_DATE": -220896000000, "DEPTH_OF_COVER_M": 0, "RESTRAINED_JOINT": 0, "CATHODICALLY_PROTECTED": 0, "REMARKS": null, "ASSET_DESCRIPTION": "600 W 22ND AV", "SPLIT_ON_CITYSIDE": null, "COMPKEY": 261612, "COMPTYPE": 41, "COATING_DATE": null, "LINING_DATE": null, "UPDATED_BY": "enfoz", "WATERMAIN_KEY": 42207, "BUN": null, "PIPE_LENGTH_M": 11.203148, "PARALLEL_LINE_NUMBER": null, "PRESSURE_ZONE": null, "PIPE_USE": "Water Main", "SERVICE_STATUS": "Out of Service-Abandoned", "SUBSYSTEM": "<blank>", "OWNER": "COVAV", "OPERATOR": "COVAV", "DIAMETER": "150 mm", "PIPE_CLASS": null, "MATERIAL": "Cast Iron", "LINING_MATERIAL": "Cement Lined", "COATING_MATERIAL": "blank", "FACET": "O15", "CONNECTION_TYPE": null, "DOMESTIC_DIAMETER": null, "DOMESTIC_MATERIAL": null, "FIRE_LIN_DIAMETER": null, "INSTALLED_BY": "City of Vancouver", "FIRE_LIN_MATERIAL": null, "MAP_TOOLTIP": "150 CI CL 1963", "UPDATED_DATE_iso": "2010-04-01", "COV_DATE_UPDATE_iso": "2010-04-01", "INSTALLATION_DATE_iso": "1963-01-01"}, "geometry": {"type": "LineString", "coordinates": [[-123.11848306095473, 49.25152969691169], [-123.11832914063632, 49.25152787570695]]}}, {"type": "Feature", "properties": {"SHAPE_Length": 11.198923966314831, "OBJECTID": 21286045, "COV_SOURCE_KEY": "389867", "UPDATED_DATE": 1270098808000, "COV_DATE_UPDATE": 1270098808000, "TBFID": 454468, "ORACLE_ID": "__FJA2DK", "UNIT_ID_1": "T__FP64ZL", "UNIT_ID_2": "T__FP5ZV3", "MAIN_COMP1": 43, "MAIN_KEY_1": 175702, "MAIN_COMP2": 43, "MAIN_KEY_2": 168028, "ADDRESS_KEY": 157520, "INSTALLATION_DATE": -220896000000, "DEPTH_OF_COVER_M": 0.9100000262260437, "RESTRAINED_JOINT": 0, "CATHODICALLY_PROTECTED": 0, "REMARKS": null, "ASSET_DESCRIPTION": "3700 ASH ST", "SPLIT_ON_CITYSIDE": null, "COMPKEY": 261613, "COMPTYPE": 41, "COATING_DATE": null, "LINING_DATE": null, "UPDATED_BY": "enfoz", "WATERMAIN_KEY": 42208, "BUN": null, "PIPE_LENGTH_M": 11.1992, "PARALLEL_LINE_NUMBER": null, "PRESSURE_ZONE": null, "PIPE_USE": "Water Main", "SERVICE_STATUS": "Out of Service-Abandoned", "SUBSYSTEM": "Distribution", "OWNER": "COVAV", "OPERATOR": "COVAV", "DIAMETER": "150 mm", "PIPE_CLASS": null, "MATERIAL": "Cast Iron", "LINING_MATERIAL": "Cement Lined", "COATING_MATERIAL": "blank", "FACET": "O15", "CONNECTION_TYPE": null, "DOMESTIC_DIAMETER": null, "DOMESTIC_MATERIAL": null, "FIRE_LIN_DIAMETER": null, "INSTALLED_BY": "City of Vancouver", "FIRE_LIN_MATERIAL": null, "MAP_TOOLTIP": "150 CI CL 1963", "UPDATED_DATE_iso": "2010-04-01", "COV_DATE_UPDATE_iso": "2010-04-01", "INSTALLATION_DATE_iso": "1963-01-01"}, "geometry": {"type": "LineString", "coordinates": [[-123.11829853125724, 49.251645474652975], [-123.11830649441669, 49.251544872889724]]}}, {"type": "Feature", "properties": {"SHAPE_Length": 3.795139654644428, "OBJECTID": 21286081, "COV_SOURCE_KEY": "385989", "UPDATED_DATE": 1457972990000, "COV_DATE_UPDATE": 1457972990000, "TBFID": 451376, "ORACLE_ID": "__FJ9YAR", "UNIT_ID_1": "59504", "UNIT_ID_2": "4294055", "MAIN_COMP1": 46, "MAIN_KEY_1": 63271, "MAIN_COMP2": 43, "MAIN_KEY_2": 872214, "ADDRESS_KEY": 156845, "INSTALLATION_DATE": -220896000000, "DEPTH_OF_COVER_M": 0.9100000262260437, "RESTRAINED_JOINT": 0, "CATHODICALLY_PROTECTED": 0, "REMARKS": null, "ASSET_DESCRIPTION": "3900 WILLOW ST", "SPLIT_ON_CITYSIDE": null, "COMPKEY": 255501, "COMPTYPE": 41, "COATING_DATE": null, "LINING_DATE": null, "UPDATED_BY": "enyamw", "WATERMAIN_KEY": 37953, "BUN": null, "PIPE_LENGTH_M": 3.79513965, "PARALLEL_LINE_NUMBER": null, "PRESSURE_ZONE": 172, "PIPE_USE": "Water Main", "SERVICE_STATUS": "Out of Service-Abandoned", "SUBSYSTEM": "Distribution", "OWNER": "COVAV", "OPERATOR": "COVAV", "DIAMETER": "150 mm", "PIPE_CLASS": null, "MATERIAL": "Cast Iron", "LINING_MATERIAL": "Cement Lined", "COATING_MATERIAL": "blank", "FACET": "N15", "CONNECTION_TYPE": null, "DOMESTIC_DIAMETER": null, "DOMESTIC_MATERIAL": null, "FIRE_LIN_DIAMETER": null, "INSTALLED_BY": "City of Vancouver", "FIRE_LIN_MATERIAL": null, "MAP_TOOLTIP": "150 CI CL 1963", "UPDATED_DATE_iso": "2016-03-14", "COV_DATE_UPDATE_iso": "2016-03-14", "INSTALLATION_DATE_iso": "1963-01-01"}, "geometry": {"type": "LineString", "coordinates": [[-123.12234137175084, 49.25063823364928], [-123.12234017816849, 49.25067236280591]]}}, {"type": "Feature", "properties": {"SHAPE_Length": 1.3994377444277208, "OBJECTID": 21286096, "COV_SOURCE_KEY": "384311", "UPDATED_DATE": 1270096496000, "COV_DATE_UPDATE": 1270096496000, "TBFID": 452789, "ORACLE_ID": "__FJ9Y76", "UNIT_ID_1": "T__FP5JXU", "UNIT_ID_2": "T__FP65TG", "MAIN_COMP1": 43, "MAIN_KEY_1": 143639, "MAIN_COMP2": 43, "MAIN_KEY_2": 176940, "ADDRESS_KEY": 149132, "INSTALLATION_DATE": -220896000000, "DEPTH_OF_COVER_M": 0.9100000262260437, "RESTRAINED_JOINT": 0, "CATHODICALLY_PROTECTED": 0, "REMARKS": null, "ASSET_DESCRIPTION": "3800 ASH ST", "SPLIT_ON_CITYSIDE": null, "COMPKEY": 255387, "COMPTYPE": 41, "COATING_DATE": null, "LINING_DATE": null, "UPDATED_BY": "enfoz", "WATERMAIN_KEY": 37870, "BUN": null, "PIPE_LENGTH_M": 1.4, "PARALLEL_LINE_NUMBER": null, "PRESSURE_ZONE": null, "PIPE_USE": "Water Main", "SERVICE_STATUS": "Out of Service-Abandoned", "SUBSYSTEM": "Distribution", "OWNER": "COVAV", "OPERATOR": "COVAV", "DIAMETER": "150 mm", "PIPE_CLASS": null, "MATERIAL": "Cast Iron", "LINING_MATERIAL": "Cement Lined", "COATING_MATERIAL": "blank", "FACET": "O15", "CONNECTION_TYPE": null, "DOMESTIC_DIAMETER": null, "DOMESTIC_MATERIAL": null, "FIRE_LIN_DIAMETER": null, "INSTALLED_BY": "City of Vancouver", "FIRE_LIN_MATERIAL": null, "MAP_TOOLTIP": "150 CI CL 1963", "UPDATED_DATE_iso": "2010-04-01", "COV_DATE_UPDATE_iso": "2010-04-01", "INSTALLATION_DATE_iso": "1963-01-01"}, "geometry": {"type": "LineString", "coordinates": [[-123.11833504107649, 49.250754019327964], [-123.11833549193436, 49.25074143454352]]}}, {"type": "Feature", "properties": {"SHAPE_Length": 11.79399631079034, "OBJECTID": 21286097, "COV_SOURCE_KEY": "384312", "UPDATED_DATE": 1270096497000, "COV_DATE_UPDATE": 1270096497000, "TBFID": 452790, "ORACLE_ID": "__FJ9Y77", "UNIT_ID_1": "T__FP65TG", "UNIT_ID_2": "T__FP6GAX", "MAIN_COMP1": 43, "MAIN_KEY_1": 176940, "MAIN_COMP2": 43, "MAIN_KEY_2": 192488, "ADDRESS_KEY": 149132, "INSTALLATION_DATE": -220896000000, "DEPTH_OF_COVER_M": 0.9100000262260437, "RESTRAINED_JOINT": 0, "CATHODICALLY_PROTECTED": 0, "REMARKS": null, "ASSET_DESCRIPTION": "3800 ASH ST", "SPLIT_ON_CITYSIDE": null, "COMPKEY": 255389, "COMPTYPE": 41, "COATING_DATE": null, "LINING_DATE": null, "UPDATED_BY": "enfoz", "WATERMAIN_KEY": 37871, "BUN": null, "PIPE_LENGTH_M": 11.794, "PARALLEL_LINE_NUMBER": null, "PRESSURE_ZONE": null, "PIPE_USE": "Water Main", "SERVICE_STATUS": "Out of Service-Abandoned", "SUBSYSTEM": "Distribution", "OWNER": "COVAV", "OPERATOR": "COVAV", "DIAMETER": "150 mm", "PIPE_CLASS": null, "MATERIAL": "Cast Iron", "LINING_MATERIAL": "Cement Lined", "COATING_MATERIAL": "blank", "FACET": "O15", "CONNECTION_TYPE": null, "DOMESTIC_DIAMETER": null, "DOMESTIC_MATERIAL": null, "FIRE_LIN_DIAMETER": null, "INSTALLED_BY": "City of Vancouver", "FIRE_LIN_MATERIAL": null, "MAP_TOOLTIP": "150 CI CL 1963", "UPDATED_DATE_iso": "2010-04-01", "COV_DATE_UPDATE_iso": "2010-04-01", "INSTALLATION_DATE_iso": "1963-01-01"}, "geometry": {"type": "LineString", "coordinates": [[-123.11833549193436, 49.25074143454352], [-123.11833945693894, 49.25063537675421]]}}, {"type": "Feature", "properties": {"SHAPE_Length": 79.65590564415884, "OBJECTID": 21286113, "COV_SOURCE_KEY": "386153", "UPDATED_DATE": 1270097156000, "COV_DATE_UPDATE": 1270097156000, "TBFID": 452034, "ORACLE_ID": "__FJ9YC0", "UNIT_ID_1": "T__FP5XN4", "UNIT_ID_2": "T__FP6I09", "MAIN_COMP1": 43, "MAIN_KEY_1": 164726, "MAIN_COMP2": 43, "MAIN_KEY_2": 195030, "ADDRESS_KEY": 156471, "INSTALLATION_DATE": -1262275200000, "DEPTH_OF_COVER_M": 0, "RESTRAINED_JOINT": 0, "CATHODICALLY_PROTECTED": 0, "REMARKS": null, "ASSET_DESCRIPTION": "3500 HEATHER ST", "SPLIT_ON_CITYSIDE": null, "COMPKEY": 255556, "COMPTYPE": 41, "COATING_DATE": null, "LINING_DATE": null, "UPDATED_BY": "enfoz", "WATERMAIN_KEY": 37991, "BUN": null, "PIPE_LENGTH_M": 79.65572389, "PARALLEL_LINE_NUMBER": null, "PRESSURE_ZONE": null, "PIPE_USE": "Water Main", "SERVICE_STATUS": "Out of Service-Abandoned", "SUBSYSTEM": "<blank>", "OWNER": "COVAV", "OPERATOR": "COVAV", "DIAMETER": "150 mm", "PIPE_CLASS": null, "MATERIAL": "Cast Iron", "LINING_MATERIAL": "blank", "COATING_MATERIAL": "blank", "FACET": "O15", "CONNECTION_TYPE": null, "DOMESTIC_DIAMETER": null, "DOMESTIC_MATERIAL": null, "FIRE_LIN_DIAMETER": null, "INSTALLED_BY": "City of Vancouver", "FIRE_LIN_MATERIAL": null, "MAP_TOOLTIP": "150 CI n/a 1930", "UPDATED_DATE_iso": "2010-04-01", "COV_DATE_UPDATE_iso": "2010-04-01", "INSTALLATION_DATE_iso": "1930-01-01"}, "geometry": {"type": "LineString", "coordinates": [[-123.12014167946464, 49.25424450567538], [-123.1201802052021, 49.25352842792726]]}}, {"type": "Feature", "properties": {"SHAPE_Length": 3.3607084068709496, "OBJECTID": 21286115, "COV_SOURCE_KEY": "386155", "UPDATED_DATE": 1270097156000, "COV_DATE_UPDATE": 1270097156000, "TBFID": 452036, "ORACLE_ID": "__FJ9YC3", "UNIT_ID_1": "T__FP6I09", "UNIT_ID_2": "T__FP5AN8", "MAIN_COMP1": 43, "MAIN_KEY_1": 195030, "MAIN_COMP2": 43, "MAIN_KEY_2": 128859, "ADDRESS_KEY": 156471, "INSTALLATION_DATE": -63129600000, "DEPTH_OF_COVER_M": 0, "RESTRAINED_JOINT": 0, "CATHODICALLY_PROTECTED": 0, "REMARKS": null, "ASSET_DESCRIPTION": "3500 HEATHER ST", "SPLIT_ON_CITYSIDE": null, "COMPKEY": 255559, "COMPTYPE": 41, "COATING_DATE": null, "LINING_DATE": null, "UPDATED_BY": "enfoz", "WATERMAIN_KEY": 37993, "BUN": null, "PIPE_LENGTH_M": 3.3607416, "PARALLEL_LINE_NUMBER": null, "PRESSURE_ZONE": null, "PIPE_USE": "Water Main", "SERVICE_STATUS": "Out of Service-Abandoned", "SUBSYSTEM": "<blank>", "OWNER": "COVAV", "OPERATOR": "COVAV", "DIAMETER": "150 mm", "PIPE_CLASS": null, "MATERIAL": "Cast Iron", "LINING_MATERIAL": "Cement Lined", "COATING_MATERIAL": "blank", "FACET": "O15", "CONNECTION_TYPE": null, "DOMESTIC_DIAMETER": null, "DOMESTIC_MATERIAL": null, "FIRE_LIN_DIAMETER": null, "INSTALLED_BY": "City of Vancouver", "FIRE_LIN_MATERIAL": null, "MAP_TOOLTIP": "150 CI CL 1968", "UPDATED_DATE_iso": "2010-04-01", "COV_DATE_UPDATE_iso": "2010-04-01", "INSTALLATION_DATE_iso": "1968-01-01"}, "geometry": {"type": "LineString", "coordinates": [[-123.1201802052021, 49.25352842792726], [-123.12018108001334, 49.253498203068595]]}}, {"type": "Feature", "properties": {"SHAPE_Length": 1.5140013210631784, "OBJECTID": 21286152, "COV_SOURCE_KEY": "386038", "UPDATED_DATE": 1270097115000, "COV_DATE_UPDATE": 1270097115000, "TBFID": 451623, "ORACLE_ID": "__FJ9Z7M", "UNIT_ID_1": "T__FP5ITC", "UNIT_ID_2": "T__FP5JRD", "MAIN_COMP1": 43, "MAIN_KEY_1": 141838, "MAIN_COMP2": 43, "MAIN_KEY_2": 143355, "ADDRESS_KEY": 150736, "INSTALLATION_DATE": 694252800000, "DEPTH_OF_COVER_M": 0, "RESTRAINED_JOINT": 0, "CATHODICALLY_PROTECTED": 0, "REMARKS": null, "ASSET_DESCRIPTION": "0 MIDLOTHIAN AV", "SPLIT_ON_CITYSIDE": null, "COMPKEY": 256908, "COMPTYPE": 41, "COATING_DATE": null, "LINING_DATE": null, "UPDATED_BY": "enfoz", "WATERMAIN_KEY": 38926, "BUN": null, "PIPE_LENGTH_M": 1.51405197, "PARALLEL_LINE_NUMBER": null, "PRESSURE_ZONE": null, "PIPE_USE": "Water Main", "SERVICE_STATUS": "Out of Service-Abandoned", "SUBSYSTEM": "<blank>", "OWNER": "COVAV", "OPERATOR": "COVAV", "DIAMETER": "150 mm", "PIPE_CLASS": null, "MATERIAL": "Ductile Iron", "LINING_MATERIAL": "Cement Lined", "COATING_MATERIAL": "blank", "FACET": "P17", "CONNECTION_TYPE": null, "DOMESTIC_DIAMETER": null, "DOMESTIC_MATERIAL": null, "FIRE_LIN_DIAMETER": null, "INSTALLED_BY": "City of Vancouver", "FIRE_LIN_MATERIAL": null, "MAP_TOOLTIP": "150 DI CL 1992", "UPDATED_DATE_iso": "2010-04-01", "COV_DATE_UPDATE_iso": "2010-04-01", "INSTALLATION_DATE_iso": "1992-01-01"}, "geometry": {"type": "LineString", "coordinates": [[-123.10910347157514, 49.242928150162854], [-123.10908686559227, 49.24293635151127]]}}, {"type": "Feature", "properties": {"SHAPE_Length": 0.6140032570048548, "OBJECTID": 21286153, "COV_SOURCE_KEY": "386039", "UPDATED_DATE": 1285909963000, "COV_DATE_UPDATE": 1285909963000, "TBFID": 451624, "ORACLE_ID": "__FJ9Z7N", "UNIT_ID_1": "T__FP5LAB", "UNIT_ID_2": "T__FP5ITC", "MAIN_COMP1": 43, "MAIN_KEY_1": 145743, "MAIN_COMP2": 43, "MAIN_KEY_2": 141838, "ADDRESS_KEY": 157447, "INSTALLATION_DATE": 694252800000, "DEPTH_OF_COVER_M": 0, "RESTRAINED_JOINT": 0, "CATHODICALLY_PROTECTED": 0, "REMARKS": null, "ASSET_DESCRIPTION": "0 MIDLOTHIAN AV", "SPLIT_ON_CITYSIDE": null, "COMPKEY": 256910, "COMPTYPE": 41, "COATING_DATE": null, "LINING_DATE": null, "UPDATED_BY": "enhanmgetask", "WATERMAIN_KEY": 38927, "BUN": null, "PIPE_LENGTH_M": 0.61402396, "PARALLEL_LINE_NUMBER": null, "PRESSURE_ZONE": null, "PIPE_USE": "Water Main", "SERVICE_STATUS": "Out of Service-Abandoned", "SUBSYSTEM": "<blank>", "OWNER": "COVAV", "OPERATOR": "COVAV", "DIAMETER": "150 mm", "PIPE_CLASS": null, "MATERIAL": "Ductile Iron", "LINING_MATERIAL": "Cement Lined", "COATING_MATERIAL": "blank", "FACET": "P17", "CONNECTION_TYPE": null, "DOMESTIC_DIAMETER": null, "DOMESTIC_MATERIAL": null, "FIRE_LIN_DIAMETER": null, "INSTALLED_BY": "City of Vancouver", "FIRE_LIN_MATERIAL": null, "MAP_TOOLTIP": "150 DI CL 1992", "UPDATED_DATE_iso": "2010-10-01", "COV_DATE_UPDATE_iso": "2010-10-01", "INSTALLATION_DATE_iso": "1992-01-01"}, "geometry": {"type": "LineString", "coordinates": [[-123.1091101962809, 49.24292481557367], [-123.10910347157514, 49.242928150162854]]}}, {"type": "Feature", "properties": {"SHAPE_Length": 0.600000000372529, "OBJECTID": 21286154, "COV_SOURCE_KEY": "386040", "UPDATED_DATE": 1285909963000, "COV_DATE_UPDATE": 1285909963000, "TBFID": 451625, "ORACLE_ID": "__FJ9Z7O", "UNIT_ID_1": "T__FP65QA", "UNIT_ID_2": "T__FP5LAB", "MAIN_COMP1": 43, "MAIN_KEY_1": 176813, "MAIN_COMP2": 43, "MAIN_KEY_2": 145743, "ADDRESS_KEY": 157447, "INSTALLATION_DATE": 694252800000, "DEPTH_OF_COVER_M": 0, "RESTRAINED_JOINT": 0, "CATHODICALLY_PROTECTED": 0, "REMARKS": null, "ASSET_DESCRIPTION": "0 MIDLOTHIAN AV", "SPLIT_ON_CITYSIDE": null, "COMPKEY": 256911, "COMPTYPE": 41, "COATING_DATE": null, "LINING_DATE": null, "UPDATED_BY": "enhanmgetask", "WATERMAIN_KEY": 38928, "BUN": null, "PIPE_LENGTH_M": 0.60002033, "PARALLEL_LINE_NUMBER": null, "PRESSURE_ZONE": null, "PIPE_USE": "Water Main", "SERVICE_STATUS": "Out of Service-Abandoned", "SUBSYSTEM": "<blank>", "OWNER": "COVAV", "OPERATOR": "COVAV", "DIAMETER": "150 mm", "PIPE_CLASS": null, "MATERIAL": "Ductile Iron", "LINING_MATERIAL": "Cement Lined", "COATING_MATERIAL": "blank", "FACET": "P17", "CONNECTION_TYPE": null, "DOMESTIC_DIAMETER": null, "DOMESTIC_MATERIAL": null, "FIRE_LIN_DIAMETER": null, "INSTALLED_BY": "City of Vancouver", "FIRE_LIN_MATERIAL": null, "MAP_TOOLTIP": "150 DI CL 1992", "UPDATED_DATE_iso": "2010-10-01", "COV_DATE_UPDATE_iso": "2010-10-01", "INSTALLATION_DATE_iso": "1992-01-01"}, "geometry": {"type": "LineString", "coordinates": [[-123.10911678379543, 49.24292157106602], [-123.1091101962809, 49.24292481557367]]}}, {"type": "Feature", "properties": {"SHAPE_Length": 17.972058870625133, "OBJECTID": 21286155, "COV_SOURCE_KEY": "386041", "UPDATED_DATE": 1270097116000, "COV_DATE_UPDATE": 1270097116000, "TBFID": 451626, "ORACLE_ID": "__FJ9Z7P", "UNIT_ID_1": "T__FP60HL", "UNIT_ID_2": "T__FP5D1X", "MAIN_COMP1": 43, "MAIN_KEY_1": 168929, "MAIN_COMP2": 43, "MAIN_KEY_2": 132153, "ADDRESS_KEY": 150736, "INSTALLATION_DATE": -347126400000, "DEPTH_OF_COVER_M": 0, "RESTRAINED_JOINT": 0, "CATHODICALLY_PROTECTED": 0, "REMARKS": null, "ASSET_DESCRIPTION": "100 200  MIDLOTHIAN AV", "SPLIT_ON_CITYSIDE": null, "COMPKEY": 256913, "COMPTYPE": 41, "COATING_DATE": null, "LINING_DATE": null, "UPDATED_BY": "enfoz", "WATERMAIN_KEY": 38929, "BUN": null, "PIPE_LENGTH_M": 17.97180509, "PARALLEL_LINE_NUMBER": null, "PRESSURE_ZONE": null, "PIPE_USE": "Water Main", "SERVICE_STATUS": "Out of Service-Abandoned", "SUBSYSTEM": "<blank>", "OWNER": "COVAV", "OPERATOR": "COVAV", "DIAMETER": "600 mm", "PIPE_CLASS": null, "MATERIAL": "Steel", "LINING_MATERIAL": "Coal Tar", "COATING_MATERIAL": "blank", "FACET": "P17", "CONNECTION_TYPE": null, "DOMESTIC_DIAMETER": null, "DOMESTIC_MATERIAL": null, "FIRE_LIN_DIAMETER": null, "INSTALLED_BY": "City of Vancouver", "FIRE_LIN_MATERIAL": null, "MAP_TOOLTIP": "600 S CTAR 1959", "UPDATED_DATE_iso": "2010-04-01", "COV_DATE_UPDATE_iso": "2010-04-01", "INSTALLATION_DATE_iso": "1959-01-01"}, "geometry": {"type": "LineString", "coordinates": [[-123.10926586035728, 49.243050511845524], [-123.109116921184, 49.24292157093626]]}}, {"type": "Feature", "properties": {"SHAPE_Length": 5.711765402238449, "OBJECTID": 21286209, "COV_SOURCE_KEY": "384313", "UPDATED_DATE": 1270096497000, "COV_DATE_UPDATE": 1270096497000, "TBFID": 452791, "ORACLE_ID": "__FJ9Y78", "UNIT_ID_1": "T__FP65DE", "UNIT_ID_2": "T__FP66EI", "MAIN_COMP1": 43, "MAIN_KEY_1": 176279, "MAIN_COMP2": 43, "MAIN_KEY_2": 177852, "ADDRESS_KEY": 149212, "INSTALLATION_DATE": -220896000000, "DEPTH_OF_COVER_M": 0.9100000262260437, "RESTRAINED_JOINT": 0, "CATHODICALLY_PROTECTED": 0, "REMARKS": null, "ASSET_DESCRIPTION": "3900 ASH ST", "SPLIT_ON_CITYSIDE": null, "COMPKEY": 255390, "COMPTYPE": 41, "COATING_DATE": null, "LINING_DATE": null, "UPDATED_BY": "enfoz", "WATERMAIN_KEY": 37872, "BUN": null, "PIPE_LENGTH_M": 5.712, "PARALLEL_LINE_NUMBER": null, "PRESSURE_ZONE": null, "PIPE_USE": "Water Main", "SERVICE_STATUS": "Out of Service-Abandoned", "SUBSYSTEM": "Distribution", "OWNER": "COVAV", "OPERATOR": "COVAV", "DIAMETER": "150 mm", "PIPE_CLASS": null, "MATERIAL": "Cast Iron", "LINING_MATERIAL": "Cement Lined", "COATING_MATERIAL": "blank", "FACET": "O15", "CONNECTION_TYPE": null, "DOMESTIC_DIAMETER": null, "DOMESTIC_MATERIAL": null, "FIRE_LIN_DIAMETER": null, "INSTALLED_BY": "City of Vancouver", "FIRE_LIN_MATERIAL": null, "MAP_TOOLTIP": "150 CI CL 1963", "UPDATED_DATE_iso": "2010-04-01", "COV_DATE_UPDATE_iso": "2010-04-01", "INSTALLATION_DATE_iso": "1963-01-01"}, "geometry": {"type": "LineString", "coordinates": [[-123.1183401009878, 49.25061738564003], [-123.11834192943897, 49.250566021019246]]}}, {"type": "Feature", "properties": {"SHAPE_Length": 9.456479259516072, "OBJECTID": 21286268, "COV_SOURCE_KEY": "382979", "UPDATED_DATE": 1270096021000, "COV_DATE_UPDATE": 1270096021000, "TBFID": 453868, "ORACLE_ID": "__FJ9WKA", "UNIT_ID_1": "T__FP66WK", "UNIT_ID_2": "T__FP6BYS", "MAIN_COMP1": 43, "MAIN_KEY_1": 178569, "MAIN_COMP2": 43, "MAIN_KEY_2": 186036, "ADDRESS_KEY": 154567, "INSTALLATION_DATE": null, "DEPTH_OF_COVER_M": 0, "RESTRAINED_JOINT": 0, "CATHODICALLY_PROTECTED": 0, "REMARKS": null, "ASSET_DESCRIPTION": "700 W 16TH AV", "SPLIT_ON_CITYSIDE": null, "COMPKEY": 252996, "COMPTYPE": 41, "COATING_DATE": null, "LINING_DATE": null, "UPDATED_BY": "enfoz", "WATERMAIN_KEY": 36182, "BUN": null, "PIPE_LENGTH_M": 9.45647326, "PARALLEL_LINE_NUMBER": null, "PRESSURE_ZONE": null, "PIPE_USE": "Water Main", "SERVICE_STATUS": "Out of Service-Abandoned", "SUBSYSTEM": "<blank>", "OWNER": "COVAV", "OPERATOR": "COVAV", "DIAMETER": "100 mm", "PIPE_CLASS": null, "MATERIAL": "Cast Iron", "LINING_MATERIAL": "blank", "COATING_MATERIAL": "blank", "FACET": "O14", "CONNECTION_TYPE": null, "DOMESTIC_DIAMETER": null, "DOMESTIC_MATERIAL": null, "FIRE_LIN_DIAMETER": null, "INSTALLED_BY": "City of Vancouver", "FIRE_LIN_MATERIAL": null, "MAP_TOOLTIP": "100 CI n/a ", "UPDATED_DATE_iso": "2010-04-01", "COV_DATE_UPDATE_iso": "2010-04-01"}, "geometry": {"type": "LineString", "coordinates": [[-123.12019004505511, 49.25697001588939], [-123.12006016847185, 49.25696700259561]]}}, {"type": "Feature", "properties": {"SHAPE_Length": 0.9013878191759602, "OBJECTID": 21286269, "COV_SOURCE_KEY": "382980", "UPDATED_DATE": 1270096022000, "COV_DATE_UPDATE": 1270096022000, "TBFID": 453869, "ORACLE_ID": "__FJ9WKB", "UNIT_ID_1": "T__FP6BYS", "UNIT_ID_2": "T__FP5UAI", "MAIN_COMP1": 43, "MAIN_KEY_1": 186036, "MAIN_COMP2": 43, "MAIN_KEY_2": 159542, "ADDRESS_KEY": 156424, "INSTALLATION_DATE": 568022400000, "DEPTH_OF_COVER_M": 0, "RESTRAINED_JOINT": 0, "CATHODICALLY_PROTECTED": 0, "REMARKS": null, "ASSET_DESCRIPTION": "3200 HEATHER ST", "SPLIT_ON_CITYSIDE": null, "COMPKEY": 252998, "COMPTYPE": 41, "COATING_DATE": null, "LINING_DATE": null, "UPDATED_BY": "enfoz", "WATERMAIN_KEY": 36183, "BUN": null, "PIPE_LENGTH_M": 0.90138716, "PARALLEL_LINE_NUMBER": null, "PRESSURE_ZONE": null, "PIPE_USE": "Water Main", "SERVICE_STATUS": "Out of Service-Abandoned", "SUBSYSTEM": "<blank>", "OWNER": "COVAV", "OPERATOR": "COVAV", "DIAMETER": "150 mm", "PIPE_CLASS": null, "MATERIAL": "Ductile Iron", "LINING_MATERIAL": "Cement Lined", "COATING_MATERIAL": "blank", "FACET": "O14", "CONNECTION_TYPE": null, "DOMESTIC_DIAMETER": null, "DOMESTIC_MATERIAL": null, "FIRE_LIN_DIAMETER": null, "INSTALLED_BY": "City of Vancouver", "FIRE_LIN_MATERIAL": null, "MAP_TOOLTIP": "150 DI CL 1988", "UPDATED_DATE_iso": "2010-04-01", "COV_DATE_UPDATE_iso": "2010-04-01", "INSTALLATION_DATE_iso": "1988-01-01"}, "geometry": {"type": "LineString", "coordinates": [[-123.12006016847185, 49.25696700259561], [-123.12004779891066, 49.256966565687726]]}}, {"type": "Feature", "properties": {"SHAPE_Length": 10.999342616227771, "OBJECTID": 21286479, "COV_SOURCE_KEY": "390711", "UPDATED_DATE": 1270099596000, "COV_DATE_UPDATE": 1270099596000, "TBFID": 455806, "ORACLE_ID": "__FJA3SF", "UNIT_ID_1": "T__FP5KFA", "UNIT_ID_2": "T__FP6KY1", "MAIN_COMP1": 43, "MAIN_KEY_1": 144417, "MAIN_COMP2": 43, "MAIN_KEY_2": 199327, "ADDRESS_KEY": 149322, "INSTALLATION_DATE": 883641600000, "DEPTH_OF_COVER_M": 0, "RESTRAINED_JOINT": 0, "CATHODICALLY_PROTECTED": 0, "REMARKS": null, "ASSET_DESCRIPTION": "4100 LANE", "SPLIT_ON_CITYSIDE": null, "COMPKEY": 263606, "COMPTYPE": 41, "COATING_DATE": null, "LINING_DATE": null, "UPDATED_BY": "enfoz", "WATERMAIN_KEY": 43747, "BUN": null, "PIPE_LENGTH_M": 10.99931253, "PARALLEL_LINE_NUMBER": null, "PRESSURE_ZONE": null, "PIPE_USE": "Water Main", "SERVICE_STATUS": "Out of Service-Abandoned", "SUBSYSTEM": "<blank>", "OWNER": "COVAV", "OPERATOR": "COVAV", "DIAMETER": "150 mm", "PIPE_CLASS": null, "MATERIAL": "Ductile Iron", "LINING_MATERIAL": "Cement Lined", "COATING_MATERIAL": "blank", "FACET": "N16", "CONNECTION_TYPE": null, "DOMESTIC_DIAMETER": null, "DOMESTIC_MATERIAL": null, "FIRE_LIN_DIAMETER": null, "INSTALLED_BY": "City of Vancouver", "FIRE_LIN_MATERIAL": null, "MAP_TOOLTIP": "150 DI CL 1998", "UPDATED_DATE_iso": "2010-04-01", "COV_DATE_UPDATE_iso": "2010-04-01", "INSTALLATION_DATE_iso": "1998-01-01"}, "geometry": {"type": "LineString", "coordinates": [[-123.1283016134275, 49.24821654036696], [-123.12815050593387, 49.248214666158326]]}}, {"type": "Feature", "properties": {"SHAPE_Length": 5.996851339681149, "OBJECTID": 21286480, "COV_SOURCE_KEY": "390712", "UPDATED_DATE": 1270099597000, "COV_DATE_UPDATE": 1270099597000, "TBFID": 455807, "ORACLE_ID": "__FJA3SG", "UNIT_ID_1": "T__FP6BQ2", "UNIT_ID_2": "T__FP57WR", "MAIN_COMP1": 43, "MAIN_KEY_1": 185668, "MAIN_COMP2": 43, "MAIN_KEY_2": 124444, "ADDRESS_KEY": 149322, "INSTALLATION_DATE": 883641600000, "DEPTH_OF_COVER_M": 0, "RESTRAINED_JOINT": 0, "CATHODICALLY_PROTECTED": 0, "REMARKS": null, "ASSET_DESCRIPTION": "1000 W 26TH AV", "SPLIT_ON_CITYSIDE": null, "COMPKEY": 263608, "COMPTYPE": 41, "COATING_DATE": null, "LINING_DATE": null, "UPDATED_BY": "enfoz", "WATERMAIN_KEY": 43748, "BUN": null, "PIPE_LENGTH_M": 5.99683518, "PARALLEL_LINE_NUMBER": null, "PRESSURE_ZONE": null, "PIPE_USE": "Water Main", "SERVICE_STATUS": "Out of Service-Abandoned", "SUBSYSTEM": "<blank>", "OWNER": "COVAV", "OPERATOR": "COVAV", "DIAMETER": "150 mm", "PIPE_CLASS": null, "MATERIAL": "Ductile Iron", "LINING_MATERIAL": "Cement Lined", "COATING_MATERIAL": "blank", "FACET": "N16", "CONNECTION_TYPE": null, "DOMESTIC_DIAMETER": null, "DOMESTIC_MATERIAL": null, "FIRE_LIN_DIAMETER": null, "INSTALLED_BY": "City of Vancouver", "FIRE_LIN_MATERIAL": null, "MAP_TOOLTIP": "150 DI CL 1998", "UPDATED_DATE_iso": "2010-04-01", "COV_DATE_UPDATE_iso": "2010-04-01", "INSTALLATION_DATE_iso": "1998-01-01"}, "geometry": {"type": "LineString", "coordinates": [[-123.12836072740339, 49.248143487395666], [-123.1284431039271, 49.24814473613294]]}}, {"type": "Feature", "properties": {"SHAPE_Length": 10.521697059310073, "OBJECTID": 21286481, "COV_SOURCE_KEY": "390713", "UPDATED_DATE": 1270099598000, "COV_DATE_UPDATE": 1270099598000, "TBFID": 455808, "ORACLE_ID": "__FJA3SH", "UNIT_ID_1": "T__FP6KW2", "UNIT_ID_2": "T__FP5Z1X", "MAIN_COMP1": 43, "MAIN_KEY_1": 199243, "MAIN_COMP2": 43, "MAIN_KEY_2": 166795, "ADDRESS_KEY": 156983, "INSTALLATION_DATE": 883641600000, "DEPTH_OF_COVER_M": 0, "RESTRAINED_JOINT": 0, "CATHODICALLY_PROTECTED": 0, "REMARKS": null, "ASSET_DESCRIPTION": "4200 LANE", "SPLIT_ON_CITYSIDE": null, "COMPKEY": 263609, "COMPTYPE": 41, "COATING_DATE": null, "LINING_DATE": null, "UPDATED_BY": "enfoz", "WATERMAIN_KEY": 43749, "BUN": null, "PIPE_LENGTH_M": 10.52167244, "PARALLEL_LINE_NUMBER": null, "PRESSURE_ZONE": null, "PIPE_USE": "Water Main", "SERVICE_STATUS": "Out of Service-Abandoned", "SUBSYSTEM": "<blank>", "OWNER": "COVAV", "OPERATOR": "COVAV", "DIAMETER": "150 mm", "PIPE_CLASS": null, "MATERIAL": "Ductile Iron", "LINING_MATERIAL": "Cement Lined", "COATING_MATERIAL": "blank", "FACET": "N16", "CONNECTION_TYPE": null, "DOMESTIC_DIAMETER": null, "DOMESTIC_MATERIAL": null, "FIRE_LIN_DIAMETER": null, "INSTALLED_BY": "City of Vancouver", "FIRE_LIN_MATERIAL": null, "MAP_TOOLTIP": "150 DI CL 1998", "UPDATED_DATE_iso": "2010-04-01", "COV_DATE_UPDATE_iso": "2010-04-01", "INSTALLATION_DATE_iso": "1998-01-01"}, "geometry": {"type": "LineString", "coordinates": [[-123.12833983919103, 49.2472941717729], [-123.12819575425866, 49.24728643392601]]}}, {"type": "Feature", "properties": {"SHAPE_Length": 2.3988013673684514, "OBJECTID": 21286482, "COV_SOURCE_KEY": "390714", "UPDATED_DATE": 1270099599000, "COV_DATE_UPDATE": 1270099599000, "TBFID": 455809, "ORACLE_ID": "__FJA3SI", "UNIT_ID_1": "T__FP59YC", "UNIT_ID_2": "T__FP64NI", "MAIN_COMP1": 43, "MAIN_KEY_1": 127785, "MAIN_COMP2": 43, "MAIN_KEY_2": 175226, "ADDRESS_KEY": 156983, "INSTALLATION_DATE": 883641600000, "DEPTH_OF_COVER_M": 0, "RESTRAINED_JOINT": 0, "CATHODICALLY_PROTECTED": 0, "REMARKS": null, "ASSET_DESCRIPTION": "1000 W 27TH AV", "SPLIT_ON_CITYSIDE": null, "COMPKEY": 263611, "COMPTYPE": 41, "COATING_DATE": null, "LINING_DATE": null, "UPDATED_BY": "enfoz", "WATERMAIN_KEY": 43750, "BUN": null, "PIPE_LENGTH_M": 2.39879632, "PARALLEL_LINE_NUMBER": null, "PRESSURE_ZONE": null, "PIPE_USE": "Water Main", "SERVICE_STATUS": "Out of Service-Abandoned", "SUBSYSTEM": "<blank>", "OWNER": "COVAV", "OPERATOR": "COVAV", "DIAMETER": "150 mm", "PIPE_CLASS": null, "MATERIAL": "Ductile Iron", "LINING_MATERIAL": "Cement Lined", "COATING_MATERIAL": "blank", "FACET": "N16", "CONNECTION_TYPE": null, "DOMESTIC_DIAMETER": null, "DOMESTIC_MATERIAL": null, "FIRE_LIN_DIAMETER": null, "INSTALLED_BY": "City of Vancouver", "FIRE_LIN_MATERIAL": null, "MAP_TOOLTIP": "150 DI CL 1998", "UPDATED_DATE_iso": "2010-04-01", "COV_DATE_UPDATE_iso": "2010-04-01", "INSTALLATION_DATE_iso": "1998-01-01"}, "geometry": {"type": "LineString", "coordinates": [[-123.12842478696587, 49.24722780949536], [-123.1283918369103, 49.247227288413214]]}}, {"type": "Feature", "properties": {"SHAPE_Length": 1.1383444120979211, "OBJECTID": 21286483, "COV_SOURCE_KEY": "390715", "UPDATED_DATE": 1270099599000, "COV_DATE_UPDATE": 1270099599000, "TBFID": 455810, "ORACLE_ID": "__FJA3SJ", "UNIT_ID_1": "T__FP5JXD", "UNIT_ID_2": "T__FP6BQ2", "MAIN_COMP1": 43, "MAIN_KEY_1": 143623, "MAIN_COMP2": 43, "MAIN_KEY_2": 185668, "ADDRESS_KEY": 149322, "INSTALLATION_DATE": 883641600000, "DEPTH_OF_COVER_M": 0, "RESTRAINED_JOINT": 0, "CATHODICALLY_PROTECTED": 0, "REMARKS": null, "ASSET_DESCRIPTION": "4200 LANE", "SPLIT_ON_CITYSIDE": null, "COMPKEY": 263612, "COMPTYPE": 41, "COATING_DATE": null, "LINING_DATE": null, "UPDATED_BY": "enfoz", "WATERMAIN_KEY": 43751, "BUN": null, "PIPE_LENGTH_M": 1.13834135, "PARALLEL_LINE_NUMBER": null, "PRESSURE_ZONE": null, "PIPE_USE": "Water Main", "SERVICE_STATUS": "Out of Service-Abandoned", "SUBSYSTEM": "<blank>", "OWNER": "COVAV", "OPERATOR": "COVAV", "DIAMETER": "150 mm", "PIPE_CLASS": null, "MATERIAL": "Ductile Iron", "LINING_MATERIAL": "Cement Lined", "COATING_MATERIAL": "blank", "FACET": "N16", "CONNECTION_TYPE": null, "DOMESTIC_DIAMETER": null, "DOMESTIC_MATERIAL": null, "FIRE_LIN_DIAMETER": null, "INSTALLED_BY": "City of Vancouver", "FIRE_LIN_MATERIAL": null, "MAP_TOOLTIP": "150 DI CL 1998", "UPDATED_DATE_iso": "2010-04-01", "COV_DATE_UPDATE_iso": "2010-04-01", "INSTALLATION_DATE_iso": "1998-01-01"}, "geometry": {"type": "LineString", "coordinates": [[-123.12834509029886, 49.24814325290145], [-123.12836072740339, 49.248143487395666]]}}, {"type": "Feature", "properties": {"SHAPE_Length": 123.70234890569107, "OBJECTID": 21286492, "COV_SOURCE_KEY": "390376", "UPDATED_DATE": 1270099336000, "COV_DATE_UPDATE": 1270099336000, "TBFID": 454482, "ORACLE_ID": "__FJA2S7", "UNIT_ID_1": "T__FP6D0Y", "UNIT_ID_2": "T__FP58Y5", "MAIN_COMP1": 43, "MAIN_KEY_1": 187628, "MAIN_COMP2": 43, "MAIN_KEY_2": 126158, "ADDRESS_KEY": 156147, "INSTALLATION_DATE": -1798732800000, "DEPTH_OF_COVER_M": 0, "RESTRAINED_JOINT": 0, "CATHODICALLY_PROTECTED": 0, "REMARKS": null, "ASSET_DESCRIPTION": "600 W 33RD AV", "SPLIT_ON_CITYSIDE": null, "COMPKEY": 262171, "COMPTYPE": 41, "COATING_DATE": null, "LINING_DATE": -94665600000, "UPDATED_BY": "enfoz", "WATERMAIN_KEY": 42654, "BUN": null, "PIPE_LENGTH_M": 123.70212311, "PARALLEL_LINE_NUMBER": null, "PRESSURE_ZONE": null, "PIPE_USE": "Water Main", "SERVICE_STATUS": "Out of Service-Abandoned", "SUBSYSTEM": "<blank>", "OWNER": "COVAV", "OPERATOR": "COVAV", "DIAMETER": "450 mm", "PIPE_CLASS": null, "MATERIAL": "Steel", "LINING_MATERIAL": "CENT", "COATING_MATERIAL": "blank", "FACET": "O17", "CONNECTION_TYPE": null, "DOMESTIC_DIAMETER": null, "DOMESTIC_MATERIAL": null, "FIRE_LIN_DIAMETER": null, "INSTALLED_BY": "City of Vancouver", "FIRE_LIN_MATERIAL": null, "MAP_TOOLTIP": "450 S CENT 1913", "UPDATED_DATE_iso": "2010-04-01", "COV_DATE_UPDATE_iso": "2010-04-01", "INSTALLATION_DATE_iso": "1913-01-01", "LINING_DATE_iso": "1967-01-01"}, "geometry": {"type": "LineString", "coordinates": [[-123.12042460489333, 49.2411787717073], [-123.11872768428904, 49.24111785822392]]}}, {"type": "Feature", "properties": {"SHAPE_Length": 1.1901680566936534, "OBJECTID": 21286620, "COV_SOURCE_KEY": "384042", "UPDATED_DATE": 1467098411000, "COV_DATE_UPDATE": 1467098411000, "TBFID": 453808, "ORACLE_ID": "__FJ9Y4A", "UNIT_ID_1": "228991", "UNIT_ID_2": "138555", "MAIN_COMP1": 43, "MAIN_KEY_1": 199890, "MAIN_COMP2": 43, "MAIN_KEY_2": 47716, "ADDRESS_KEY": 152235, "INSTALLATION_DATE": -31507200000, "DEPTH_OF_COVER_M": 0.9100000262260437, "RESTRAINED_JOINT": 0, "CATHODICALLY_PROTECTED": 0, "REMARKS": null, "ASSET_DESCRIPTION": "3600 TUPPER ST", "SPLIT_ON_CITYSIDE": null, "COMPKEY": 255288, "COMPTYPE": 41, "COATING_DATE": null, "LINING_DATE": null, "UPDATED_BY": "ENHANMGETASK", "WATERMAIN_KEY": 37790, "BUN": null, "PIPE_LENGTH_M": 1.19015864, "PARALLEL_LINE_NUMBER": null, "PRESSURE_ZONE": null, "PIPE_USE": "Water Main", "SERVICE_STATUS": "Out of Service-Abandoned", "SUBSYSTEM": "Distribution", "OWNER": "COVAV", "OPERATOR": "COVAV", "DIAMETER": "200 mm", "PIPE_CLASS": null, "MATERIAL": "Cast Iron", "LINING_MATERIAL": "Cement Lined", "COATING_MATERIAL": "blank", "FACET": "O15", "CONNECTION_TYPE": null, "DOMESTIC_DIAMETER": null, "DOMESTIC_MATERIAL": null, "FIRE_LIN_DIAMETER": null, "INSTALLED_BY": "City of Vancouver", "FIRE_LIN_MATERIAL": null, "MAP_TOOLTIP": "200 CI CL 1969", "UPDATED_DATE_iso": "2016-06-28", "COV_DATE_UPDATE_iso": "2016-06-28", "INSTALLATION_DATE_iso": "1969-01-01"}, "geometry": {"type": "LineString", "coordinates": [[-123.11607059478159, 49.25329066712706], [-123.11607084451906, 49.25327996256081]]}}, {"type": "Feature", "properties": {"SHAPE_Length": 3.051638904665876, "OBJECTID": 21286621, "COV_SOURCE_KEY": "384043", "UPDATED_DATE": 1467098411000, "COV_DATE_UPDATE": 1467098411000, "TBFID": 453809, "ORACLE_ID": "__FJ9Y4C", "UNIT_ID_1": "59551", "UNIT_ID_2": "138554", "MAIN_COMP1": 46, "MAIN_KEY_1": 63187, "MAIN_COMP2": 43, "MAIN_KEY_2": 47715, "ADDRESS_KEY": 150172, "INSTALLATION_DATE": -1230739200000, "DEPTH_OF_COVER_M": 0.9100000262260437, "RESTRAINED_JOINT": 0, "CATHODICALLY_PROTECTED": 0, "REMARKS": null, "ASSET_DESCRIPTION": "3500 TUPPER ST", "SPLIT_ON_CITYSIDE": null, "COMPKEY": 255289, "COMPTYPE": 41, "COATING_DATE": null, "LINING_DATE": null, "UPDATED_BY": "ENHANMGETASK", "WATERMAIN_KEY": 37791, "BUN": null, "PIPE_LENGTH_M": 3.05161471, "PARALLEL_LINE_NUMBER": null, "PRESSURE_ZONE": null, "PIPE_USE": "Water Main", "SERVICE_STATUS": "Out of Service-Abandoned", "SUBSYSTEM": "Distribution", "OWNER": "COVAV", "OPERATOR": "COVAV", "DIAMETER": "150 mm", "PIPE_CLASS": null, "MATERIAL": "Cast Iron", "LINING_MATERIAL": "blank", "COATING_MATERIAL": "blank", "FACET": "O15", "CONNECTION_TYPE": null, "DOMESTIC_DIAMETER": null, "DOMESTIC_MATERIAL": null, "FIRE_LIN_DIAMETER": null, "INSTALLED_BY": "City of Vancouver", "FIRE_LIN_MATERIAL": null, "MAP_TOOLTIP": "150 CI n/a 1931", "UPDATED_DATE_iso": "2016-06-28", "COV_DATE_UPDATE_iso": "2016-06-28", "INSTALLATION_DATE_iso": "1931-01-01"}, "geometry": {"type": "LineString", "coordinates": [[-123.11608493535564, 49.25342297244772], [-123.11608624519867, 49.25339553570213]]}}, {"type": "Feature", "properties": {"SHAPE_Length": 5.801913562532465, "OBJECTID": 21286622, "COV_SOURCE_KEY": "384044", "UPDATED_DATE": 1467098410000, "COV_DATE_UPDATE": 1467098410000, "TBFID": 453810, "ORACLE_ID": "__FJ9Y4D", "UNIT_ID_1": "138555", "UNIT_ID_2": "74550", "MAIN_COMP1": 43, "MAIN_KEY_1": 47716, "MAIN_COMP2": 46, "MAIN_KEY_2": 102545, "ADDRESS_KEY": 152235, "INSTALLATION_DATE": -1230739200000, "DEPTH_OF_COVER_M": 0.9100000262260437, "RESTRAINED_JOINT": 0, "CATHODICALLY_PROTECTED": 0, "REMARKS": null, "ASSET_DESCRIPTION": "3600 TUPPER ST", "SPLIT_ON_CITYSIDE": null, "COMPKEY": 255290, "COMPTYPE": 41, "COATING_DATE": null, "LINING_DATE": null, "UPDATED_BY": "ENHANMGETASK", "WATERMAIN_KEY": 37792, "BUN": null, "PIPE_LENGTH_M": 5.80189335, "PARALLEL_LINE_NUMBER": null, "PRESSURE_ZONE": null, "PIPE_USE": "Water Main", "SERVICE_STATUS": "Out of Service-Abandoned", "SUBSYSTEM": "Distribution", "OWNER": "COVAV", "OPERATOR": "COVAV", "DIAMETER": "150 mm", "PIPE_CLASS": null, "MATERIAL": "Cast Iron", "LINING_MATERIAL": "blank", "COATING_MATERIAL": "blank", "FACET": "O15", "CONNECTION_TYPE": null, "DOMESTIC_DIAMETER": null, "DOMESTIC_MATERIAL": null, "FIRE_LIN_DIAMETER": null, "INSTALLED_BY": "City of Vancouver", "FIRE_LIN_MATERIAL": null, "MAP_TOOLTIP": "150 CI n/a 1931", "UPDATED_DATE_iso": "2016-06-28", "COV_DATE_UPDATE_iso": "2016-06-28", "INSTALLATION_DATE_iso": "1931-01-01"}, "geometry": {"type": "LineString", "coordinates": [[-123.11607084451906, 49.25327996256081], [-123.11607276971206, 49.25322778833312]]}}, {"type": "Feature", "properties": {"SHAPE_Length": 0.5903388855617465, "OBJECTID": 21286627, "COV_SOURCE_KEY": "382970", "UPDATED_DATE": 1270096018000, "COV_DATE_UPDATE": 1270096018000, "TBFID": 453859, "ORACLE_ID": "__FJ9WK1", "UNIT_ID_1": "T__FP6C31", "UNIT_ID_2": "T__FP5D8Q", "MAIN_COMP1": 43, "MAIN_KEY_1": 186233, "MAIN_COMP2": 43, "MAIN_KEY_2": 132458, "ADDRESS_KEY": 151412, "INSTALLATION_DATE": -1262275200000, "DEPTH_OF_COVER_M": 0, "RESTRAINED_JOINT": 0, "CATHODICALLY_PROTECTED": 0, "REMARKS": null, "ASSET_DESCRIPTION": "3200 HEATHER ST", "SPLIT_ON_CITYSIDE": null, "COMPKEY": 252983, "COMPTYPE": 41, "COATING_DATE": null, "LINING_DATE": null, "UPDATED_BY": "enfoz", "WATERMAIN_KEY": 36173, "BUN": null, "PIPE_LENGTH_M": 0.59033706, "PARALLEL_LINE_NUMBER": null, "PRESSURE_ZONE": null, "PIPE_USE": "Water Main", "SERVICE_STATUS": "Out of Service-Abandoned", "SUBSYSTEM": "<blank>", "OWNER": "COVAV", "OPERATOR": "COVAV", "DIAMETER": "150 mm", "PIPE_CLASS": null, "MATERIAL": "Cast Iron", "LINING_MATERIAL": "blank", "COATING_MATERIAL": "blank", "FACET": "O14", "CONNECTION_TYPE": null, "DOMESTIC_DIAMETER": null, "DOMESTIC_MATERIAL": null, "FIRE_LIN_DIAMETER": null, "INSTALLED_BY": "City of Vancouver", "FIRE_LIN_MATERIAL": null, "MAP_TOOLTIP": "150 CI n/a 1930", "UPDATED_DATE_iso": "2010-04-01", "COV_DATE_UPDATE_iso": "2010-04-01", "INSTALLATION_DATE_iso": "1930-01-01"}, "geometry": {"type": "LineString", "coordinates": [[-123.1200758974767, 49.256210848224576], [-123.12007615945356, 49.256205540773344]]}}, {"type": "Feature", "properties": {"SHAPE_Length": 14.605478423845629, "OBJECTID": 21286628, "COV_SOURCE_KEY": "382971", "UPDATED_DATE": 1270096018000, "COV_DATE_UPDATE": 1270096018000, "TBFID": 453860, "ORACLE_ID": "__FJ9WK2", "UNIT_ID_1": "T__FP5D8Q", "UNIT_ID_2": "T__FP68Z7", "MAIN_COMP1": 43, "MAIN_KEY_1": 132458, "MAIN_COMP2": 43, "MAIN_KEY_2": 181665, "ADDRESS_KEY": 151412, "INSTALLATION_DATE": -1262275200000, "DEPTH_OF_COVER_M": 0, "RESTRAINED_JOINT": 0, "CATHODICALLY_PROTECTED": 0, "REMARKS": null, "ASSET_DESCRIPTION": "3200 HEATHER ST", "SPLIT_ON_CITYSIDE": null, "COMPKEY": 252985, "COMPTYPE": 41, "COATING_DATE": null, "LINING_DATE": null, "UPDATED_BY": "enfoz", "WATERMAIN_KEY": 36174, "BUN": null, "PIPE_LENGTH_M": 14.60543294, "PARALLEL_LINE_NUMBER": null, "PRESSURE_ZONE": null, "PIPE_USE": "Water Main", "SERVICE_STATUS": "Out of Service-Abandoned", "SUBSYSTEM": "<blank>", "OWNER": "COVAV", "OPERATOR": "COVAV", "DIAMETER": "150 mm", "PIPE_CLASS": null, "MATERIAL": "Cast Iron", "LINING_MATERIAL": "blank", "COATING_MATERIAL": "blank", "FACET": "O14", "CONNECTION_TYPE": null, "DOMESTIC_DIAMETER": null, "DOMESTIC_MATERIAL": null, "FIRE_LIN_DIAMETER": null, "INSTALLED_BY": "City of Vancouver", "FIRE_LIN_MATERIAL": null, "MAP_TOOLTIP": "150 CI n/a 1930", "UPDATED_DATE_iso": "2010-04-01", "COV_DATE_UPDATE_iso": "2010-04-01", "INSTALLATION_DATE_iso": "1930-01-01"}, "geometry": {"type": "LineString", "coordinates": [[-123.12007615945356, 49.256205540773344], [-123.12008133788171, 49.25607420519828]]}}, {"type": "Feature", "properties": {"SHAPE_Length": 0.7501306552768142, "OBJECTID": 21286629, "COV_SOURCE_KEY": "382972", "UPDATED_DATE": 1270096019000, "COV_DATE_UPDATE": 1270096019000, "TBFID": 453861, "ORACLE_ID": "__FJ9WK3", "UNIT_ID_1": "T__FP6LAN", "UNIT_ID_2": "T__FP64HK", "MAIN_COMP1": 43, "MAIN_KEY_1": 199864, "MAIN_COMP2": 43, "MAIN_KEY_2": 174956, "ADDRESS_KEY": 154049, "INSTALLATION_DATE": 631180800000, "DEPTH_OF_COVER_M": 0, "RESTRAINED_JOINT": 0, "CATHODICALLY_PROTECTED": 0, "REMARKS": null, "ASSET_DESCRIPTION": "600 W 18TH AV", "SPLIT_ON_CITYSIDE": null, "COMPKEY": 252986, "COMPTYPE": 41, "COATING_DATE": null, "LINING_DATE": null, "UPDATED_BY": "enfoz", "WATERMAIN_KEY": 36175, "BUN": null, "PIPE_LENGTH_M": 0.75013845, "PARALLEL_LINE_NUMBER": null, "PRESSURE_ZONE": null, "PIPE_USE": "Water Main", "SERVICE_STATUS": "Out of Service-Abandoned", "SUBSYSTEM": "<blank>", "OWNER": "COVAV", "OPERATOR": "COVAV", "DIAMETER": "150 mm", "PIPE_CLASS": null, "MATERIAL": "Ductile Iron", "LINING_MATERIAL": "Cement Lined", "COATING_MATERIAL": "blank", "FACET": "O14", "CONNECTION_TYPE": null, "DOMESTIC_DIAMETER": null, "DOMESTIC_MATERIAL": null, "FIRE_LIN_DIAMETER": null, "INSTALLED_BY": "City of Vancouver", "FIRE_LIN_MATERIAL": null, "MAP_TOOLTIP": "150 DI CL 1990", "UPDATED_DATE_iso": "2010-04-01", "COV_DATE_UPDATE_iso": "2010-04-01", "INSTALLATION_DATE_iso": "1990-01-01"}, "geometry": {"type": "LineString", "coordinates": [[-123.12010241252312, 49.25516530631257], [-123.12010258854653, 49.25515855971442]]}}, {"type": "Feature", "properties": {"SHAPE_Length": 0.9004998606073954, "OBJECTID": 21286740, "COV_SOURCE_KEY": "384135", "UPDATED_DATE": 1380721921000, "COV_DATE_UPDATE": 1380721921000, "TBFID": 454198, "ORACLE_ID": "__FJ9Y56", "UNIT_ID_1": "4203259", "UNIT_ID_2": "142134", "MAIN_COMP1": 43, "MAIN_KEY_1": 821728, "MAIN_COMP2": 43, "MAIN_KEY_2": 788033, "ADDRESS_KEY": 148164, "INSTALLATION_DATE": -725817600000, "DEPTH_OF_COVER_M": 0.9100000262260437, "RESTRAINED_JOINT": 0, "CATHODICALLY_PROTECTED": 0, "REMARKS": "CASING", "ASSET_DESCRIPTION": "400 W 22ND AV", "SPLIT_ON_CITYSIDE": null, "COMPKEY": 255325, "COMPTYPE": 41, "COATING_DATE": null, "LINING_DATE": null, "UPDATED_BY": "enyamw", "WATERMAIN_KEY": 37820, "BUN": null, "PIPE_LENGTH_M": 0.90049717, "PARALLEL_LINE_NUMBER": null, "PRESSURE_ZONE": null, "PIPE_USE": "Water Main", "SERVICE_STATUS": "Out of Service-Abandoned", "SUBSYSTEM": "Distribution", "OWNER": "COVAV", "OPERATOR": "COVAV", "DIAMETER": "150 mm", "PIPE_CLASS": null, "MATERIAL": "Cast Iron", "LINING_MATERIAL": "blank", "COATING_MATERIAL": "blank", "FACET": "O15", "CONNECTION_TYPE": null, "DOMESTIC_DIAMETER": null, "DOMESTIC_MATERIAL": null, "FIRE_LIN_DIAMETER": null, "INSTALLED_BY": "City of Vancouver", "FIRE_LIN_MATERIAL": null, "MAP_TOOLTIP": "150 CI n/a 1947", "UPDATED_DATE_iso": "2013-10-02", "COV_DATE_UPDATE_iso": "2013-10-02", "INSTALLATION_DATE_iso": "1947-01-01"}, "geometry": {"type": "LineString", "coordinates": [[-123.11511757108057, 49.25113136346326], [-123.11510520343852, 49.25113110592879]]}}, {"type": "Feature", "properties": {"SHAPE_Length": 13.107692435719702, "OBJECTID": 21286741, "COV_SOURCE_KEY": "384137", "UPDATED_DATE": 1380721921000, "COV_DATE_UPDATE": 1380721921000, "TBFID": 454200, "ORACLE_ID": "__FJ9Y58", "UNIT_ID_1": "59530", "UNIT_ID_2": "148855", "MAIN_COMP1": 46, "MAIN_KEY_1": 63229, "MAIN_COMP2": 43, "MAIN_KEY_2": 47728, "ADDRESS_KEY": 148164, "INSTALLATION_DATE": -378662400000, "DEPTH_OF_COVER_M": 0.9100000262260437, "RESTRAINED_JOINT": 0, "CATHODICALLY_PROTECTED": 0, "REMARKS": null, "ASSET_DESCRIPTION": "400 W 22ND AV", "SPLIT_ON_CITYSIDE": null, "COMPKEY": 255327, "COMPTYPE": 41, "COATING_DATE": null, "LINING_DATE": null, "UPDATED_BY": "enyamw", "WATERMAIN_KEY": 37822, "BUN": null, "PIPE_LENGTH_M": 13.10764278, "PARALLEL_LINE_NUMBER": null, "PRESSURE_ZONE": null, "PIPE_USE": "Water Main", "SERVICE_STATUS": "Out of Service-Abandoned", "SUBSYSTEM": "Distribution", "OWNER": "COVAV", "OPERATOR": "COVAV", "DIAMETER": "150 mm", "PIPE_CLASS": null, "MATERIAL": "Cast Iron", "LINING_MATERIAL": "blank", "COATING_MATERIAL": "blank", "FACET": "O15", "CONNECTION_TYPE": null, "DOMESTIC_DIAMETER": null, "DOMESTIC_MATERIAL": null, "FIRE_LIN_DIAMETER": null, "INSTALLED_BY": "City of Vancouver", "FIRE_LIN_MATERIAL": null, "MAP_TOOLTIP": "150 CI n/a 1958", "UPDATED_DATE_iso": "2013-10-02", "COV_DATE_UPDATE_iso": "2013-10-02", "INSTALLATION_DATE_iso": "1958-01-01"}, "geometry": {"type": "LineString", "coordinates": [[-123.11289555669872, 49.25109510148823], [-123.11271553885186, 49.25109123839652]]}}, {"type": "Feature", "properties": {"SHAPE_Length": 115.66779338282537, "OBJECTID": 21286806, "COV_SOURCE_KEY": "386073", "UPDATED_DATE": 1270097127000, "COV_DATE_UPDATE": 1270097127000, "TBFID": 451757, "ORACLE_ID": "__FJ9YBH", "UNIT_ID_1": "T__FP6L8D", "UNIT_ID_2": "T__FP5XD2", "MAIN_COMP1": 43, "MAIN_KEY_1": 199770, "MAIN_COMP2": 43, "MAIN_KEY_2": 164277, "ADDRESS_KEY": 156612, "INSTALLATION_DATE": null, "DEPTH_OF_COVER_M": 0, "RESTRAINED_JOINT": 0, "CATHODICALLY_PROTECTED": 0, "REMARKS": null, "ASSET_DESCRIPTION": "600 W 22ND AV", "SPLIT_ON_CITYSIDE": null, "COMPKEY": 255533, "COMPTYPE": 41, "COATING_DATE": null, "LINING_DATE": null, "UPDATED_BY": "enfoz", "WATERMAIN_KEY": 37975, "BUN": null, "PIPE_LENGTH_M": 115.66773219, "PARALLEL_LINE_NUMBER": null, "PRESSURE_ZONE": null, "PIPE_USE": "Water Main", "SERVICE_STATUS": "Out of Service-Abandoned", "SUBSYSTEM": "<blank>", "OWNER": "COVAV", "OPERATOR": "COVAV", "DIAMETER": "100 mm", "PIPE_CLASS": null, "MATERIAL": "Cast Iron", "LINING_MATERIAL": "blank", "COATING_MATERIAL": "blank", "FACET": "O15", "CONNECTION_TYPE": null, "DOMESTIC_DIAMETER": null, "DOMESTIC_MATERIAL": null, "FIRE_LIN_DIAMETER": null, "INSTALLED_BY": "City of Vancouver", "FIRE_LIN_MATERIAL": null, "MAP_TOOLTIP": "100 CI n/a ", "UPDATED_DATE_iso": "2010-04-01", "COV_DATE_UPDATE_iso": "2010-04-01"}, "geometry": {"type": "LineString", "coordinates": [[-123.12011828820273, 49.251547662958885], [-123.11852908250862, 49.25153054922933]]}}, {"type": "Feature", "properties": {"SHAPE_Length": 7.00285655998336, "OBJECTID": 21286866, "COV_SOURCE_KEY": "384138", "UPDATED_DATE": 1380721921000, "COV_DATE_UPDATE": 1380721921000, "TBFID": 454201, "ORACLE_ID": "__FJ9Y59", "UNIT_ID_1": "148855", "UNIT_ID_2": "59531", "MAIN_COMP1": 43, "MAIN_KEY_1": 47728, "MAIN_COMP2": 46, "MAIN_KEY_2": 102585, "ADDRESS_KEY": 152794, "INSTALLATION_DATE": -378662400000, "DEPTH_OF_COVER_M": 0.9100000262260437, "RESTRAINED_JOINT": 0, "CATHODICALLY_PROTECTED": 0, "REMARKS": null, "ASSET_DESCRIPTION": "200 300  W 22ND AV", "SPLIT_ON_CITYSIDE": null, "COMPKEY": 255329, "COMPTYPE": 41, "COATING_DATE": null, "LINING_DATE": null, "UPDATED_BY": "enyamw", "WATERMAIN_KEY": 37823, "BUN": null, "PIPE_LENGTH_M": 7.00282995, "PARALLEL_LINE_NUMBER": null, "PRESSURE_ZONE": null, "PIPE_USE": "Water Main", "SERVICE_STATUS": "Out of Service-Abandoned", "SUBSYSTEM": "Distribution", "OWNER": "COVAV", "OPERATOR": "COVAV", "DIAMETER": "150 mm", "PIPE_CLASS": null, "MATERIAL": "Cast Iron", "LINING_MATERIAL": "blank", "COATING_MATERIAL": "blank", "FACET": "O15", "CONNECTION_TYPE": null, "DOMESTIC_DIAMETER": null, "DOMESTIC_MATERIAL": null, "FIRE_LIN_DIAMETER": null, "INSTALLED_BY": "City of Vancouver", "FIRE_LIN_MATERIAL": null, "MAP_TOOLTIP": "150 CI n/a 1958", "UPDATED_DATE_iso": "2013-10-02", "COV_DATE_UPDATE_iso": "2013-10-02", "INSTALLATION_DATE_iso": "1958-01-01"}, "geometry": {"type": "LineString", "coordinates": [[-123.11271553885186, 49.25109123839652], [-123.11261934693745, 49.25108953315563]]}}, {"type": "Feature", "properties": {"SHAPE_Length": 2.0778096654955465, "OBJECTID": 21286920, "COV_SOURCE_KEY": "390262", "UPDATED_DATE": 1270099230000, "COV_DATE_UPDATE": 1270099230000, "TBFID": 456048, "ORACLE_ID": "__FJA25W", "UNIT_ID_1": "T__FP60GZ", "UNIT_ID_2": "T__FP5HWE", "MAIN_COMP1": 43, "MAIN_KEY_1": 168894, "MAIN_COMP2": 43, "MAIN_KEY_2": 140295, "ADDRESS_KEY": 148625, "INSTALLATION_DATE": -1830355200000, "DEPTH_OF_COVER_M": 0, "RESTRAINED_JOINT": 0, "CATHODICALLY_PROTECTED": 0, "REMARKS": null, "ASSET_DESCRIPTION": "3100 ALBERTA ST", "SPLIT_ON_CITYSIDE": null, "COMPKEY": 261284, "COMPTYPE": 41, "COATING_DATE": null, "LINING_DATE": -189360000000, "UPDATED_BY": "enfoz", "WATERMAIN_KEY": 41973, "BUN": null, "PIPE_LENGTH_M": 2.0777847, "PARALLEL_LINE_NUMBER": null, "PRESSURE_ZONE": null, "PIPE_USE": "Water Main", "SERVICE_STATUS": "Out of Service-Abandoned", "SUBSYSTEM": "<blank>", "OWNER": "COVAV", "OPERATOR": "COVAV", "DIAMETER": "200 mm", "PIPE_CLASS": null, "MATERIAL": "Steel", "LINING_MATERIAL": "CENT", "COATING_MATERIAL": "blank", "FACET": "P14", "CONNECTION_TYPE": null, "DOMESTIC_DIAMETER": null, "DOMESTIC_MATERIAL": null, "FIRE_LIN_DIAMETER": null, "INSTALLED_BY": "City of Vancouver", "FIRE_LIN_MATERIAL": null, "MAP_TOOLTIP": "200 S CENT 1912", "UPDATED_DATE_iso": "2010-04-01", "COV_DATE_UPDATE_iso": "2010-04-01", "INSTALLATION_DATE_iso": "1912-01-01", "LINING_DATE_iso": "1964-01-01"}, "geometry": {"type": "LineString", "coordinates": [[-123.11115818570006, 49.25689909085791], [-123.11115894082293, 49.256880407065424]]}}, {"type": "Feature", "properties": {"SHAPE_Length": 77.46242280021815, "OBJECTID": 21286923, "COV_SOURCE_KEY": "390265", "UPDATED_DATE": 1270099233000, "COV_DATE_UPDATE": 1270099233000, "TBFID": 456051, "ORACLE_ID": "__FJA261", "UNIT_ID_1": "T__FP5EP2", "UNIT_ID_2": "T__FP6JN1", "MAIN_COMP1": 43, "MAIN_KEY_1": 134781, "MAIN_COMP2": 43, "MAIN_KEY_2": 197483, "ADDRESS_KEY": 148625, "INSTALLATION_DATE": -1830355200000, "DEPTH_OF_COVER_M": 0, "RESTRAINED_JOINT": 0, "CATHODICALLY_PROTECTED": 0, "REMARKS": null, "ASSET_DESCRIPTION": "3100 ALBERTA ST", "SPLIT_ON_CITYSIDE": null, "COMPKEY": 261288, "COMPTYPE": 41, "COATING_DATE": null, "LINING_DATE": -189360000000, "UPDATED_BY": "enfoz", "WATERMAIN_KEY": 41976, "BUN": null, "PIPE_LENGTH_M": 77.4625188, "PARALLEL_LINE_NUMBER": null, "PRESSURE_ZONE": null, "PIPE_USE": "Water Main", "SERVICE_STATUS": "Out of Service-Abandoned", "SUBSYSTEM": "<blank>", "OWNER": "COVAV", "OPERATOR": "COVAV", "DIAMETER": "200 mm", "PIPE_CLASS": null, "MATERIAL": "Steel", "LINING_MATERIAL": "CENT", "COATING_MATERIAL": "blank", "FACET": "P14", "CONNECTION_TYPE": null, "DOMESTIC_DIAMETER": null, "DOMESTIC_MATERIAL": null, "FIRE_LIN_DIAMETER": null, "INSTALLED_BY": "City of Vancouver", "FIRE_LIN_MATERIAL": null, "MAP_TOOLTIP": "200 S CENT 1912", "UPDATED_DATE_iso": "2010-04-01", "COV_DATE_UPDATE_iso": "2010-04-01", "INSTALLATION_DATE_iso": "1912-01-01", "LINING_DATE_iso": "1964-01-01"}, "geometry": {"type": "LineString", "coordinates": [[-123.11113044086805, 49.25762832377087], [-123.11115720085502, 49.25693175343859]]}}, {"type": "Feature", "properties": {"SHAPE_Length": 12.129938910100517, "OBJECTID": 21286933, "COV_SOURCE_KEY": "390275", "UPDATED_DATE": 1270099242000, "COV_DATE_UPDATE": 1270099242000, "TBFID": 456061, "ORACLE_ID": "__FJA2GN", "UNIT_ID_1": "T__FP67QZ", "UNIT_ID_2": "T__FP6HRV", "MAIN_COMP1": 43, "MAIN_KEY_1": 179839, "MAIN_COMP2": 43, "MAIN_KEY_2": 194674, "ADDRESS_KEY": 154813, "INSTALLATION_DATE": 28800000, "DEPTH_OF_COVER_M": 0, "RESTRAINED_JOINT": 0, "CATHODICALLY_PROTECTED": 0, "REMARKS": null, "ASSET_DESCRIPTION": "3200 WILLOW ST", "SPLIT_ON_CITYSIDE": null, "COMPKEY": 261729, "COMPTYPE": 41, "COATING_DATE": null, "LINING_DATE": null, "UPDATED_BY": "enfoz", "WATERMAIN_KEY": 42301, "BUN": null, "PIPE_LENGTH_M": 12.12989142, "PARALLEL_LINE_NUMBER": null, "PRESSURE_ZONE": null, "PIPE_USE": "Water Main", "SERVICE_STATUS": "Out of Service-Abandoned", "SUBSYSTEM": "<blank>", "OWNER": "COVAV", "OPERATOR": "COVAV", "DIAMETER": "150 mm", "PIPE_CLASS": null, "MATERIAL": "Ductile Iron", "LINING_MATERIAL": "Cement Lined", "COATING_MATERIAL": "blank", "FACET": "O14", "CONNECTION_TYPE": null, "DOMESTIC_DIAMETER": null, "DOMESTIC_MATERIAL": null, "FIRE_LIN_DIAMETER": null, "INSTALLED_BY": "City of Vancouver", "FIRE_LIN_MATERIAL": null, "MAP_TOOLTIP": "150 DI CL 1970", "UPDATED_DATE_iso": "2010-04-01", "COV_DATE_UPDATE_iso": "2010-04-01", "INSTALLATION_DATE_iso": "1970-01-01"}, "geometry": {"type": "LineString", "coordinates": [[-123.12210530893506, 49.25624071727667], [-123.12210870910356, 49.25613162866561]]}}, {"type": "Feature", "properties": {"SHAPE_Length": 8.61324421994018, "OBJECTID": 21287066, "COV_SOURCE_KEY": "389674", "UPDATED_DATE": 1285909969000, "COV_DATE_UPDATE": 1285909969000, "TBFID": 455757, "ORACLE_ID": "__FJA20L", "UNIT_ID_1": "T__FP5JRD", "UNIT_ID_2": "T__FP6A1G", "MAIN_COMP1": 43, "MAIN_KEY_1": 143355, "MAIN_COMP2": 43, "MAIN_KEY_2": 183210, "ADDRESS_KEY": 157447, "INSTALLATION_DATE": 694252800000, "DEPTH_OF_COVER_M": 0, "RESTRAINED_JOINT": 0, "CATHODICALLY_PROTECTED": 0, "REMARKS": null, "ASSET_DESCRIPTION": "0 MIDLOTHIAN AV", "SPLIT_ON_CITYSIDE": null, "COMPKEY": 261075, "COMPTYPE": 41, "COATING_DATE": null, "LINING_DATE": null, "UPDATED_BY": "enhanmgetask", "WATERMAIN_KEY": 41826, "BUN": null, "PIPE_LENGTH_M": 8.61352106, "PARALLEL_LINE_NUMBER": null, "PRESSURE_ZONE": null, "PIPE_USE": "Water Main", "SERVICE_STATUS": "Out of Service-Abandoned", "SUBSYSTEM": "<blank>", "OWNER": "COVAV", "OPERATOR": "COVAV", "DIAMETER": "150 mm", "PIPE_CLASS": null, "MATERIAL": "Ductile Iron", "LINING_MATERIAL": "Cement Lined", "COATING_MATERIAL": "blank", "FACET": "P17", "CONNECTION_TYPE": null, "DOMESTIC_DIAMETER": null, "DOMESTIC_MATERIAL": null, "FIRE_LIN_DIAMETER": null, "INSTALLED_BY": "City of Vancouver", "FIRE_LIN_MATERIAL": null, "MAP_TOOLTIP": "150 DI CL 1992", "UPDATED_DATE_iso": "2010-10-01", "COV_DATE_UPDATE_iso": "2010-10-01", "INSTALLATION_DATE_iso": "1992-01-01"}, "geometry": {"type": "LineString", "coordinates": [[-123.10908686559227, 49.24293635151127], [-123.10899252743867, 49.24298312583899]]}}, {"type": "Feature", "properties": {"SHAPE_Length": 0.6043310354421952, "OBJECTID": 21287312, "COV_SOURCE_KEY": "389859", "UPDATED_DATE": 1270098804000, "COV_DATE_UPDATE": 1270098804000, "TBFID": 454460, "ORACLE_ID": "__FJA2DB", "UNIT_ID_1": "T__FP64HK", "UNIT_ID_2": "T__FP5HCJ", "MAIN_COMP1": 43, "MAIN_KEY_1": 174956, "MAIN_COMP2": 43, "MAIN_KEY_2": 139445, "ADDRESS_KEY": 153701, "INSTALLATION_DATE": 631180800000, "DEPTH_OF_COVER_M": 0, "RESTRAINED_JOINT": 0, "CATHODICALLY_PROTECTED": 0, "REMARKS": null, "ASSET_DESCRIPTION": "3400 HEATHER ST", "SPLIT_ON_CITYSIDE": null, "COMPKEY": 261603, "COMPTYPE": 41, "COATING_DATE": null, "LINING_DATE": null, "UPDATED_BY": "enfoz", "WATERMAIN_KEY": 42200, "BUN": null, "PIPE_LENGTH_M": 0.6043293, "PARALLEL_LINE_NUMBER": null, "PRESSURE_ZONE": null, "PIPE_USE": "Water Main", "SERVICE_STATUS": "Out of Service-Abandoned", "SUBSYSTEM": "<blank>", "OWNER": "COVAV", "OPERATOR": "COVAV", "DIAMETER": "150 mm", "PIPE_CLASS": null, "MATERIAL": "Ductile Iron", "LINING_MATERIAL": "Cement Lined", "COATING_MATERIAL": "blank", "FACET": "O14", "CONNECTION_TYPE": null, "DOMESTIC_DIAMETER": null, "DOMESTIC_MATERIAL": null, "FIRE_LIN_DIAMETER": null, "INSTALLED_BY": "City of Vancouver", "FIRE_LIN_MATERIAL": null, "MAP_TOOLTIP": "150 DI CL 1990", "UPDATED_DATE_iso": "2010-04-01", "COV_DATE_UPDATE_iso": "2010-04-01", "INSTALLATION_DATE_iso": "1990-01-01"}, "geometry": {"type": "LineString", "coordinates": [[-123.12010258854653, 49.25515855971442], [-123.12009428779542, 49.255158388438446]]}}, {"type": "Feature", "properties": {"SHAPE_Length": 97.72753406335434, "OBJECTID": 21287315, "COV_SOURCE_KEY": "389862", "UPDATED_DATE": 1270098805000, "COV_DATE_UPDATE": 1270098805000, "TBFID": 454463, "ORACLE_ID": "__FJA2DF", "UNIT_ID_1": "T__FP64HK", "UNIT_ID_2": "T__FP5IZO", "MAIN_COMP1": 43, "MAIN_KEY_1": 174956, "MAIN_COMP2": 43, "MAIN_KEY_2": 142132, "ADDRESS_KEY": 154049, "INSTALLATION_DATE": -1262275200000, "DEPTH_OF_COVER_M": 0, "RESTRAINED_JOINT": 0, "CATHODICALLY_PROTECTED": 0, "REMARKS": null, "ASSET_DESCRIPTION": "3400 HEATHER ST", "SPLIT_ON_CITYSIDE": null, "COMPKEY": 261607, "COMPTYPE": 41, "COATING_DATE": null, "LINING_DATE": null, "UPDATED_BY": "enfoz", "WATERMAIN_KEY": 42203, "BUN": null, "PIPE_LENGTH_M": 97.72755971, "PARALLEL_LINE_NUMBER": null, "PRESSURE_ZONE": null, "PIPE_USE": "Water Main", "SERVICE_STATUS": "Out of Service-Abandoned", "SUBSYSTEM": "<blank>", "OWNER": "COVAV", "OPERATOR": "COVAV", "DIAMETER": "150 mm", "PIPE_CLASS": null, "MATERIAL": "Cast Iron", "LINING_MATERIAL": "blank", "COATING_MATERIAL": "blank", "FACET": "O14", "CONNECTION_TYPE": null, "DOMESTIC_DIAMETER": null, "DOMESTIC_MATERIAL": null, "FIRE_LIN_DIAMETER": null, "INSTALLED_BY": "City of Vancouver", "FIRE_LIN_MATERIAL": null, "MAP_TOOLTIP": "150 CI n/a 1930", "UPDATED_DATE_iso": "2010-04-01", "COV_DATE_UPDATE_iso": "2010-04-01", "INSTALLATION_DATE_iso": "1930-01-01"}, "geometry": {"type": "LineString", "coordinates": [[-123.12010258854653, 49.25515855971442], [-123.12014007490498, 49.25427982258405]]}}, {"type": "Feature", "properties": {"SHAPE_Length": 346.40950723823767, "OBJECTID": 21287476, "COV_SOURCE_KEY": "385368", "UPDATED_DATE": 1283231586000, "COV_DATE_UPDATE": 1283231586000, "TBFID": 450950, "ORACLE_ID": "__FJ9Y3M", "UNIT_ID_1": "224388", "UNIT_ID_2": "214362", "MAIN_COMP1": 1, "MAIN_KEY_1": 153659, "MAIN_COMP2": 1, "MAIN_KEY_2": 138631, "ADDRESS_KEY": 151238, "INSTALLATION_DATE": null, "DEPTH_OF_COVER_M": 1.2200000286102295, "RESTRAINED_JOINT": 0, "CATHODICALLY_PROTECTED": 0, "REMARKS": null, "ASSET_DESCRIPTION": "500 W KING EDWARD AV", "SPLIT_ON_CITYSIDE": null, "COMPKEY": 255264, "COMPTYPE": 41, "COATING_DATE": null, "LINING_DATE": null, "UPDATED_BY": "enhanmgetask", "WATERMAIN_KEY": 37772, "BUN": null, "PIPE_LENGTH_M": 346.40941616, "PARALLEL_LINE_NUMBER": null, "PRESSURE_ZONE": null, "PIPE_USE": "Water Main", "SERVICE_STATUS": "Out of Service-Abandoned", "SUBSYSTEM": "Transmission", "OWNER": "GVWD", "OPERATOR": "GVWD", "DIAMETER": "600 mm", "PIPE_CLASS": null, "MATERIAL": "Steel", "LINING_MATERIAL": "blank", "COATING_MATERIAL": "blank", "FACET": "O16", "CONNECTION_TYPE": null, "DOMESTIC_DIAMETER": null, "DOMESTIC_MATERIAL": null, "FIRE_LIN_DIAMETER": null, "INSTALLED_BY": "City of Vancouver", "FIRE_LIN_MATERIAL": null, "MAP_TOOLTIP": "600 S n/a  GVWD", "UPDATED_DATE_iso": "2010-08-31", "COV_DATE_UPDATE_iso": "2010-08-31"}, "geometry": {"type": "LineString", "coordinates": [[-123.11552291582258, 49.24897348041849], [-123.11564925363399, 49.245858548002666]]}}, {"type": "Feature", "properties": {"SHAPE_Length": 13.324110552086442, "OBJECTID": 21287477, "COV_SOURCE_KEY": "385369", "UPDATED_DATE": 1270096875000, "COV_DATE_UPDATE": 1270096875000, "TBFID": 450951, "ORACLE_ID": "__FJ9Y3N", "UNIT_ID_1": "T__FP5U11", "UNIT_ID_2": "T__FP6M3K", "MAIN_COMP1": 43, "MAIN_KEY_1": 159154, "MAIN_COMP2": 43, "MAIN_KEY_2": 201227, "ADDRESS_KEY": 151546, "INSTALLATION_DATE": -1325433600000, "DEPTH_OF_COVER_M": 1.2200000286102295, "RESTRAINED_JOINT": 0, "CATHODICALLY_PROTECTED": 0, "REMARKS": null, "ASSET_DESCRIPTION": "500 W KING EDWARD AV", "SPLIT_ON_CITYSIDE": null, "COMPKEY": 255265, "COMPTYPE": 41, "COATING_DATE": null, "LINING_DATE": null, "UPDATED_BY": "enfoz", "WATERMAIN_KEY": 37773, "BUN": null, "PIPE_LENGTH_M": 13.32504751, "PARALLEL_LINE_NUMBER": null, "PRESSURE_ZONE": null, "PIPE_USE": "Water Main", "SERVICE_STATUS": "Out of Service-Abandoned", "SUBSYSTEM": "Transmission", "OWNER": "COVAV", "OPERATOR": "COVAV", "DIAMETER": "450 mm", "PIPE_CLASS": null, "MATERIAL": "Steel", "LINING_MATERIAL": "blank", "COATING_MATERIAL": "blank", "FACET": "O16", "CONNECTION_TYPE": null, "DOMESTIC_DIAMETER": null, "DOMESTIC_MATERIAL": null, "FIRE_LIN_DIAMETER": null, "INSTALLED_BY": "City of Vancouver", "FIRE_LIN_MATERIAL": null, "MAP_TOOLTIP": "450 S n/a 1928", "UPDATED_DATE_iso": "2010-04-01", "COV_DATE_UPDATE_iso": "2010-04-01", "INSTALLATION_DATE_iso": "1928-01-01"}, "geometry": {"type": "LineString", "coordinates": [[-123.11568725989663, 49.2489764643033], [-123.11587027776999, 49.24897960013703]]}}, {"type": "Feature", "properties": {"SHAPE_Length": 15.330084311434025, "OBJECTID": 21287478, "COV_SOURCE_KEY": "385370", "UPDATED_DATE": 1270096875000, "COV_DATE_UPDATE": 1270096875000, "TBFID": 450952, "ORACLE_ID": "__FJ9Y3O", "UNIT_ID_1": "T__FPAM38", "UNIT_ID_2": "T__FPAM3D", "MAIN_COMP1": 43, "MAIN_KEY_1": 201947, "MAIN_COMP2": 43, "MAIN_KEY_2": 201952, "ADDRESS_KEY": 151546, "INSTALLATION_DATE": -1325433600000, "DEPTH_OF_COVER_M": 1.2200000286102295, "RESTRAINED_JOINT": 0, "CATHODICALLY_PROTECTED": 0, "REMARKS": null, "ASSET_DESCRIPTION": "500 W KING EDWARD AV", "SPLIT_ON_CITYSIDE": null, "COMPKEY": 255267, "COMPTYPE": 41, "COATING_DATE": null, "LINING_DATE": null, "UPDATED_BY": "enfoz", "WATERMAIN_KEY": 37774, "BUN": null, "PIPE_LENGTH_M": 15.32978359, "PARALLEL_LINE_NUMBER": null, "PRESSURE_ZONE": null, "PIPE_USE": "Water Main", "SERVICE_STATUS": "Out of Service-Abandoned", "SUBSYSTEM": "Transmission", "OWNER": "COVAV", "OPERATOR": "COVAV", "DIAMETER": "450 mm", "PIPE_CLASS": null, "MATERIAL": "Steel", "LINING_MATERIAL": "blank", "COATING_MATERIAL": "blank", "FACET": "O16", "CONNECTION_TYPE": null, "DOMESTIC_DIAMETER": null, "DOMESTIC_MATERIAL": null, "FIRE_LIN_DIAMETER": null, "INSTALLED_BY": "City of Vancouver", "FIRE_LIN_MATERIAL": null, "MAP_TOOLTIP": "450 S n/a 1928", "UPDATED_DATE_iso": "2010-04-01", "COV_DATE_UPDATE_iso": "2010-04-01", "INSTALLATION_DATE_iso": "1928-01-01"}, "geometry": {"type": "LineString", "coordinates": [[-123.11587607652623, 49.24897970226398], [-123.11608663249211, 49.24898368266929]]}}, {"type": "Feature", "properties": {"SHAPE_Length": 16.507574019219177, "OBJECTID": 21287479, "COV_SOURCE_KEY": "385371", "UPDATED_DATE": 1283231586000, "COV_DATE_UPDATE": 1283231586000, "TBFID": 450953, "ORACLE_ID": "__FJ9Y3P", "UNIT_ID_1": "216063", "UNIT_ID_2": "232659", "MAIN_COMP1": 1, "MAIN_KEY_1": 158763, "MAIN_COMP2": 1, "MAIN_KEY_2": 200442, "ADDRESS_KEY": 150609, "INSTALLATION_DATE": null, "DEPTH_OF_COVER_M": 1.2200000286102295, "RESTRAINED_JOINT": 0, "CATHODICALLY_PROTECTED": 0, "REMARKS": null, "ASSET_DESCRIPTION": "400 W KING EDWARD AV", "SPLIT_ON_CITYSIDE": null, "COMPKEY": 255268, "COMPTYPE": 41, "COATING_DATE": null, "LINING_DATE": null, "UPDATED_BY": "enhanmgetask", "WATERMAIN_KEY": 37775, "BUN": null, "PIPE_LENGTH_M": 16.50749782, "PARALLEL_LINE_NUMBER": null, "PRESSURE_ZONE": null, "PIPE_USE": "Water Main", "SERVICE_STATUS": "Out of Service-Abandoned", "SUBSYSTEM": "Transmission", "OWNER": "GVWD", "OPERATOR": "GVWD", "DIAMETER": "600 mm", "PIPE_CLASS": null, "MATERIAL": "Steel", "LINING_MATERIAL": "blank", "COATING_MATERIAL": "blank", "FACET": "O16", "CONNECTION_TYPE": null, "DOMESTIC_DIAMETER": null, "DOMESTIC_MATERIAL": null, "FIRE_LIN_DIAMETER": null, "INSTALLED_BY": "City of Vancouver", "FIRE_LIN_MATERIAL": null, "MAP_TOOLTIP": "600 S n/a  GVWD", "UPDATED_DATE_iso": "2010-08-31", "COV_DATE_UPDATE_iso": "2010-08-31"}, "geometry": {"type": "LineString", "coordinates": [[-123.11527075926679, 49.24908410374349], [-123.11549748898268, 49.24908837492228]]}}, {"type": "Feature", "properties": {"SHAPE_Length": 1.154593001035613, "OBJECTID": 21287481, "COV_SOURCE_KEY": "384293", "UPDATED_DATE": 1591390069000, "COV_DATE_UPDATE": 1591390069000, "TBFID": 452771, "ORACLE_ID": "__FJ9Y6F", "UNIT_ID_1": "4165295", "UNIT_ID_2": "76128", "MAIN_COMP1": 43, "MAIN_KEY_1": 787932, "MAIN_COMP2": 46, "MAIN_KEY_2": 102596, "ADDRESS_KEY": 152485, "INSTALLATION_DATE": -1230739200000, "DEPTH_OF_COVER_M": 0.9100000262260437, "RESTRAINED_JOINT": 0, "CATHODICALLY_PROTECTED": 0, "REMARKS": null, "ASSET_DESCRIPTION": "3400 YUKON ST", "SPLIT_ON_CITYSIDE": null, "COMPKEY": 255365, "COMPTYPE": 41, "COATING_DATE": null, "LINING_DATE": null, "UPDATED_BY": "enyamw", "WATERMAIN_KEY": 37852, "BUN": null, "PIPE_LENGTH_M": 1.154593, "PARALLEL_LINE_NUMBER": null, "PRESSURE_ZONE": 172, "PIPE_USE": "Water Main", "SERVICE_STATUS": "Out of Service-Abandoned", "SUBSYSTEM": "Distribution", "OWNER": "COVAV", "OPERATOR": "COVAV", "DIAMETER": "150 mm", "PIPE_CLASS": null, "MATERIAL": "Cast Iron", "LINING_MATERIAL": "blank", "COATING_MATERIAL": "blank", "FACET": "O15", "CONNECTION_TYPE": null, "DOMESTIC_DIAMETER": null, "DOMESTIC_MATERIAL": null, "FIRE_LIN_DIAMETER": null, "INSTALLED_BY": "City of Vancouver", "FIRE_LIN_MATERIAL": null, "MAP_TOOLTIP": "150 CI n/a 1931", "UPDATED_DATE_iso": "2020-06-05", "COV_DATE_UPDATE_iso": "2020-06-05", "INSTALLATION_DATE_iso": "1931-01-01"}, "geometry": {"type": "LineString", "coordinates": [[-123.11258260397561, 49.25402064470383], [-123.11258308881992, 49.254010263745556]]}}, {"type": "Feature", "properties": {"SHAPE_Length": 75.24745381096382, "OBJECTID": 21287594, "COV_SOURCE_KEY": "384299", "UPDATED_DATE": 1467098410000, "COV_DATE_UPDATE": 1467098410000, "TBFID": 452777, "ORACLE_ID": "__FJ9Y6O", "UNIT_ID_1": "59543", "UNIT_ID_2": "59551", "MAIN_COMP1": 46, "MAIN_KEY_1": 102566, "MAIN_COMP2": 46, "MAIN_KEY_2": 63187, "ADDRESS_KEY": 150172, "INSTALLATION_DATE": -1230739200000, "DEPTH_OF_COVER_M": 0.9100000262260437, "RESTRAINED_JOINT": 0, "CATHODICALLY_PROTECTED": 0, "REMARKS": null, "ASSET_DESCRIPTION": "3500 TUPPER ST", "SPLIT_ON_CITYSIDE": null, "COMPKEY": 255372, "COMPTYPE": 41, "COATING_DATE": null, "LINING_DATE": null, "UPDATED_BY": "ENHANMGETASK", "WATERMAIN_KEY": 37858, "BUN": null, "PIPE_LENGTH_M": 75.24745381, "PARALLEL_LINE_NUMBER": "0", "PRESSURE_ZONE": 172, "PIPE_USE": "Water Main", "SERVICE_STATUS": "Out of Service-Abandoned", "SUBSYSTEM": "Distribution", "OWNER": "COVAV", "OPERATOR": "COVAV", "DIAMETER": "150 mm", "PIPE_CLASS": null, "MATERIAL": "Cast Iron", "LINING_MATERIAL": "blank", "COATING_MATERIAL": "blank", "FACET": "O15", "CONNECTION_TYPE": null, "DOMESTIC_DIAMETER": null, "DOMESTIC_MATERIAL": null, "FIRE_LIN_DIAMETER": null, "INSTALLED_BY": "City of Vancouver", "FIRE_LIN_MATERIAL": null, "MAP_TOOLTIP": "150 CI n/a 1931", "UPDATED_DATE_iso": "2016-06-28", "COV_DATE_UPDATE_iso": "2016-06-28", "INSTALLATION_DATE_iso": "1931-01-01"}, "geometry": {"type": "LineString", "coordinates": [[-123.11603364144948, 49.25409900592956], [-123.11608493535564, 49.25342297244772]]}}, {"type": "Feature", "properties": {"SHAPE_Length": 5.862494436234043, "OBJECTID": 21287595, "COV_SOURCE_KEY": "384300", "UPDATED_DATE": 1270096493000, "COV_DATE_UPDATE": 1270096493000, "TBFID": 452778, "ORACLE_ID": "__FJ9Y6S", "UNIT_ID_1": "T__FP6HQY", "UNIT_ID_2": "T__FP5BUY", "MAIN_COMP1": 43, "MAIN_KEY_1": 194631, "MAIN_COMP2": 43, "MAIN_KEY_2": 130451, "ADDRESS_KEY": 156485, "INSTALLATION_DATE": null, "DEPTH_OF_COVER_M": 0.9100000262260437, "RESTRAINED_JOINT": 0, "CATHODICALLY_PROTECTED": 0, "REMARKS": null, "ASSET_DESCRIPTION": "4100 ASH ST", "SPLIT_ON_CITYSIDE": null, "COMPKEY": 255373, "COMPTYPE": 41, "COATING_DATE": null, "LINING_DATE": null, "UPDATED_BY": "enfoz", "WATERMAIN_KEY": 37859, "BUN": null, "PIPE_LENGTH_M": 5.8629, "PARALLEL_LINE_NUMBER": null, "PRESSURE_ZONE": null, "PIPE_USE": "Water Main", "SERVICE_STATUS": "Out of Service-Abandoned", "SUBSYSTEM": "Distribution", "OWNER": "COVAV", "OPERATOR": "COVAV", "DIAMETER": "300 mm", "PIPE_CLASS": null, "MATERIAL": "Cast Iron", "LINING_MATERIAL": "blank", "COATING_MATERIAL": "blank", "FACET": "O16", "CONNECTION_TYPE": null, "DOMESTIC_DIAMETER": null, "DOMESTIC_MATERIAL": null, "FIRE_LIN_DIAMETER": null, "INSTALLED_BY": "City of Vancouver", "FIRE_LIN_MATERIAL": null, "MAP_TOOLTIP": "300 CI n/a ", "UPDATED_DATE_iso": "2010-04-01", "COV_DATE_UPDATE_iso": "2010-04-01"}, "geometry": {"type": "LineString", "coordinates": [[-123.11838477160859, 49.248967453044784], [-123.11838254800831, 49.24902016736991]]}}, {"type": "Feature", "properties": {"SHAPE_Length": 11.305419053466428, "OBJECTID": 21287596, "COV_SOURCE_KEY": "384301", "UPDATED_DATE": 1270096493000, "COV_DATE_UPDATE": 1270096493000, "TBFID": 452779, "ORACLE_ID": "__FJ9Y6T", "UNIT_ID_1": "T__FP5TBP", "UNIT_ID_2": "T__FP5TNW", "MAIN_COMP1": 43, "MAIN_KEY_1": 158107, "MAIN_COMP2": 43, "MAIN_KEY_2": 158600, "ADDRESS_KEY": 148951, "INSTALLATION_DATE": null, "DEPTH_OF_COVER_M": 0.9100000262260437, "RESTRAINED_JOINT": 0, "CATHODICALLY_PROTECTED": 0, "REMARKS": null, "ASSET_DESCRIPTION": "500 W KING EDWARD AV", "SPLIT_ON_CITYSIDE": null, "COMPKEY": 255375, "COMPTYPE": 41, "COATING_DATE": null, "LINING_DATE": null, "UPDATED_BY": "enfoz", "WATERMAIN_KEY": 37860, "BUN": null, "PIPE_LENGTH_M": 11.3053451, "PARALLEL_LINE_NUMBER": null, "PRESSURE_ZONE": null, "PIPE_USE": "Water Main", "SERVICE_STATUS": "Out of Service-Abandoned", "SUBSYSTEM": "Distribution", "OWNER": "COVAV", "OPERATOR": "COVAV", "DIAMETER": "300 mm", "PIPE_CLASS": null, "MATERIAL": "Cast Iron", "LINING_MATERIAL": "blank", "COATING_MATERIAL": "blank", "FACET": "O16", "CONNECTION_TYPE": null, "DOMESTIC_DIAMETER": null, "DOMESTIC_MATERIAL": null, "FIRE_LIN_DIAMETER": null, "INSTALLED_BY": "City of Vancouver", "FIRE_LIN_MATERIAL": null, "MAP_TOOLTIP": "300 CI n/a ", "UPDATED_DATE_iso": "2010-04-01", "COV_DATE_UPDATE_iso": "2010-04-01"}, "geometry": {"type": "LineString", "coordinates": [[-123.11838092064751, 49.24908088683797], [-123.1183859728767, 49.24918252775548]]}}, {"type": "Feature", "properties": {"SHAPE_Length": 2.751817581149865, "OBJECTID": 21287597, "COV_SOURCE_KEY": "384302", "UPDATED_DATE": 1270096493000, "COV_DATE_UPDATE": 1270096493000, "TBFID": 452780, "ORACLE_ID": "__FJ9Y6U", "UNIT_ID_1": "T__FP5TNW", "UNIT_ID_2": "T__FP6261", "MAIN_COMP1": 43, "MAIN_KEY_1": 158600, "MAIN_COMP2": 43, "MAIN_KEY_2": 171383, "ADDRESS_KEY": 148951, "INSTALLATION_DATE": null, "DEPTH_OF_COVER_M": 0.9100000262260437, "RESTRAINED_JOINT": 0, "CATHODICALLY_PROTECTED": 0, "REMARKS": null, "ASSET_DESCRIPTION": "4000 ASH ST", "SPLIT_ON_CITYSIDE": null, "COMPKEY": 255376, "COMPTYPE": 41, "COATING_DATE": null, "LINING_DATE": null, "UPDATED_BY": "enfoz", "WATERMAIN_KEY": 37861, "BUN": null, "PIPE_LENGTH_M": 2.75180012, "PARALLEL_LINE_NUMBER": null, "PRESSURE_ZONE": null, "PIPE_USE": "Water Main", "SERVICE_STATUS": "Out of Service-Abandoned", "SUBSYSTEM": "Distribution", "OWNER": "COVAV", "OPERATOR": "COVAV", "DIAMETER": "300 mm", "PIPE_CLASS": null, "MATERIAL": "Cast Iron", "LINING_MATERIAL": "Cement Lined", "COATING_MATERIAL": "blank", "FACET": "O16", "CONNECTION_TYPE": null, "DOMESTIC_DIAMETER": null, "DOMESTIC_MATERIAL": null, "FIRE_LIN_DIAMETER": null, "INSTALLED_BY": "City of Vancouver", "FIRE_LIN_MATERIAL": null, "MAP_TOOLTIP": "300 CI CL ", "UPDATED_DATE_iso": "2010-04-01", "COV_DATE_UPDATE_iso": "2010-04-01"}, "geometry": {"type": "LineString", "coordinates": [[-123.1183859728767, 49.24918252775548], [-123.11838465796322, 49.24920726598395]]}}, {"type": "Feature", "properties": {"SHAPE_Length": 112.55752549261089, "OBJECTID": 21287598, "COV_SOURCE_KEY": "384303", "UPDATED_DATE": 1380721921000, "COV_DATE_UPDATE": 1380721921000, "TBFID": 452781, "ORACLE_ID": "__FJ9Y6V", "UNIT_ID_1": "860414", "UNIT_ID_2": "59538", "MAIN_COMP1": 43, "MAIN_KEY_1": 821750, "MAIN_COMP2": 46, "MAIN_KEY_2": 63239, "ADDRESS_KEY": 152794, "INSTALLATION_DATE": -378662400000, "DEPTH_OF_COVER_M": 0.9100000262260437, "RESTRAINED_JOINT": 0, "CATHODICALLY_PROTECTED": 0, "REMARKS": null, "ASSET_DESCRIPTION": "200 300  W 22ND AV", "SPLIT_ON_CITYSIDE": null, "COMPKEY": 255377, "COMPTYPE": 41, "COATING_DATE": null, "LINING_DATE": null, "UPDATED_BY": "enyamw", "WATERMAIN_KEY": 37862, "BUN": null, "PIPE_LENGTH_M": 112.55792723, "PARALLEL_LINE_NUMBER": null, "PRESSURE_ZONE": null, "PIPE_USE": "Water Main", "SERVICE_STATUS": "Out of Service-Abandoned", "SUBSYSTEM": "Distribution", "OWNER": "COVAV", "OPERATOR": "COVAV", "DIAMETER": "150 mm", "PIPE_CLASS": null, "MATERIAL": "Cast Iron", "LINING_MATERIAL": "blank", "COATING_MATERIAL": "blank", "FACET": "P15", "CONNECTION_TYPE": null, "DOMESTIC_DIAMETER": null, "DOMESTIC_MATERIAL": null, "FIRE_LIN_DIAMETER": null, "INSTALLED_BY": "City of Vancouver", "FIRE_LIN_MATERIAL": null, "MAP_TOOLTIP": "150 CI n/a 1958", "UPDATED_DATE_iso": "2013-10-02", "COV_DATE_UPDATE_iso": "2013-10-02", "INSTALLATION_DATE_iso": "1958-01-01"}, "geometry": {"type": "LineString", "coordinates": [[-123.11165417162863, 49.25107253346017], [-123.11010806745462, 49.25104522356488]]}}, {"type": "Feature", "properties": {"SHAPE_Length": 62.92971759849477, "OBJECTID": 21287600, "COV_SOURCE_KEY": "384305", "UPDATED_DATE": 1270096494000, "COV_DATE_UPDATE": 1270096494000, "TBFID": 452783, "ORACLE_ID": "__FJ9Y70", "UNIT_ID_1": "T__FP60IY", "UNIT_ID_2": "T__FP6M2F", "MAIN_COMP1": 43, "MAIN_KEY_1": 168983, "MAIN_COMP2": 43, "MAIN_KEY_2": 201168, "ADDRESS_KEY": 147901, "INSTALLATION_DATE": -126201600000, "DEPTH_OF_COVER_M": 0.9100000262260437, "RESTRAINED_JOINT": 0, "CATHODICALLY_PROTECTED": 0, "REMARKS": null, "ASSET_DESCRIPTION": "3600 ASH ST", "SPLIT_ON_CITYSIDE": null, "COMPKEY": 255380, "COMPTYPE": 41, "COATING_DATE": null, "LINING_DATE": null, "UPDATED_BY": "enfoz", "WATERMAIN_KEY": 37864, "BUN": null, "PIPE_LENGTH_M": 62.9298, "PARALLEL_LINE_NUMBER": null, "PRESSURE_ZONE": null, "PIPE_USE": "Water Main", "SERVICE_STATUS": "Out of Service-Abandoned", "SUBSYSTEM": "Distribution", "OWNER": "COVAV", "OPERATOR": "COVAV", "DIAMETER": "150 mm", "PIPE_CLASS": null, "MATERIAL": "Cast Iron", "LINING_MATERIAL": "Cement Lined", "COATING_MATERIAL": "blank", "FACET": "O15", "CONNECTION_TYPE": null, "DOMESTIC_DIAMETER": null, "DOMESTIC_MATERIAL": null, "FIRE_LIN_DIAMETER": null, "INSTALLED_BY": "City of Vancouver", "FIRE_LIN_MATERIAL": null, "MAP_TOOLTIP": "150 CI CL 1966", "UPDATED_DATE_iso": "2010-04-01", "COV_DATE_UPDATE_iso": "2010-04-01", "INSTALLATION_DATE_iso": "1966-01-01"}, "geometry": {"type": "LineString", "coordinates": [[-123.11823613025982, 49.25320978107152], [-123.11826179487862, 49.25264396423222]]}}, {"type": "Feature", "properties": {"SHAPE_Length": 2.4399999994784594, "OBJECTID": 21287601, "COV_SOURCE_KEY": "384306", "UPDATED_DATE": 1270096495000, "COV_DATE_UPDATE": 1270096495000, "TBFID": 452784, "ORACLE_ID": "__FJ9Y71", "UNIT_ID_1": "T__FP69BQ", "UNIT_ID_2": "T__FP65KF", "MAIN_COMP1": 43, "MAIN_KEY_1": 182131, "MAIN_COMP2": 43, "MAIN_KEY_2": 176566, "ADDRESS_KEY": 147901, "INSTALLATION_DATE": -126201600000, "DEPTH_OF_COVER_M": 0.9100000262260437, "RESTRAINED_JOINT": 0, "CATHODICALLY_PROTECTED": 0, "REMARKS": null, "ASSET_DESCRIPTION": "3600 ASH ST", "SPLIT_ON_CITYSIDE": null, "COMPKEY": 255381, "COMPTYPE": 41, "COATING_DATE": null, "LINING_DATE": null, "UPDATED_BY": "enfoz", "WATERMAIN_KEY": 37865, "BUN": null, "PIPE_LENGTH_M": 2.43995539, "PARALLEL_LINE_NUMBER": null, "PRESSURE_ZONE": null, "PIPE_USE": "Water Main", "SERVICE_STATUS": "Out of Service-Abandoned", "SUBSYSTEM": "Distribution", "OWNER": "COVAV", "OPERATOR": "COVAV", "DIAMETER": "150 mm", "PIPE_CLASS": null, "MATERIAL": "Cast Iron", "LINING_MATERIAL": "Cement Lined", "COATING_MATERIAL": "blank", "FACET": "O15", "CONNECTION_TYPE": null, "DOMESTIC_DIAMETER": null, "DOMESTIC_MATERIAL": null, "FIRE_LIN_DIAMETER": null, "INSTALLED_BY": "City of Vancouver", "FIRE_LIN_MATERIAL": null, "MAP_TOOLTIP": "150 CI CL 1966", "UPDATED_DATE_iso": "2010-04-01", "COV_DATE_UPDATE_iso": "2010-04-01", "INSTALLATION_DATE_iso": "1966-01-01"}, "geometry": {"type": "LineString", "coordinates": [[-123.11826159075751, 49.25256426675517], [-123.11826153832811, 49.25254231846172]]}}, {"type": "Feature", "properties": {"SHAPE_Length": 12.706844180516045, "OBJECTID": 21287602, "COV_SOURCE_KEY": "384307", "UPDATED_DATE": 1270096495000, "COV_DATE_UPDATE": 1270096495000, "TBFID": 452785, "ORACLE_ID": "__FJ9Y72", "UNIT_ID_1": "T__FP65KF", "UNIT_ID_2": "T__FP5VHI", "MAIN_COMP1": 43, "MAIN_KEY_1": 176566, "MAIN_COMP2": 43, "MAIN_KEY_2": 161413, "ADDRESS_KEY": 147901, "INSTALLATION_DATE": -220896000000, "DEPTH_OF_COVER_M": 0.9100000262260437, "RESTRAINED_JOINT": 0, "CATHODICALLY_PROTECTED": 0, "REMARKS": null, "ASSET_DESCRIPTION": "3600 ASH ST", "SPLIT_ON_CITYSIDE": null, "COMPKEY": 255382, "COMPTYPE": 41, "COATING_DATE": null, "LINING_DATE": null, "UPDATED_BY": "enfoz", "WATERMAIN_KEY": 37866, "BUN": null, "PIPE_LENGTH_M": 12.7071, "PARALLEL_LINE_NUMBER": null, "PRESSURE_ZONE": null, "PIPE_USE": "Water Main", "SERVICE_STATUS": "Out of Service-Abandoned", "SUBSYSTEM": "Distribution", "OWNER": "COVAV", "OPERATOR": "COVAV", "DIAMETER": "150 mm", "PIPE_CLASS": null, "MATERIAL": "Cast Iron", "LINING_MATERIAL": "Cement Lined", "COATING_MATERIAL": "blank", "FACET": "O15", "CONNECTION_TYPE": null, "DOMESTIC_DIAMETER": null, "DOMESTIC_MATERIAL": null, "FIRE_LIN_DIAMETER": null, "INSTALLED_BY": "City of Vancouver", "FIRE_LIN_MATERIAL": null, "MAP_TOOLTIP": "150 CI CL 1963", "UPDATED_DATE_iso": "2010-04-01", "COV_DATE_UPDATE_iso": "2010-04-01", "INSTALLATION_DATE_iso": "1963-01-01"}, "geometry": {"type": "LineString", "coordinates": [[-123.11826153832811, 49.25254231846172], [-123.11826699563774, 49.252428073526445]]}}, {"type": "Feature", "properties": {"SHAPE_Length": 4.8016013984118375, "OBJECTID": 21287603, "COV_SOURCE_KEY": "384308", "UPDATED_DATE": 1270096495000, "COV_DATE_UPDATE": 1270096495000, "TBFID": 452786, "ORACLE_ID": "__FJ9Y73", "UNIT_ID_1": "T__FP69GL", "UNIT_ID_2": "T__FP5FNN", "MAIN_COMP1": 43, "MAIN_KEY_1": 182350, "MAIN_COMP2": 43, "MAIN_KEY_2": 136382, "ADDRESS_KEY": 157520, "INSTALLATION_DATE": -220896000000, "DEPTH_OF_COVER_M": 0.9100000262260437, "RESTRAINED_JOINT": 0, "CATHODICALLY_PROTECTED": 0, "REMARKS": null, "ASSET_DESCRIPTION": "3700 ASH ST", "SPLIT_ON_CITYSIDE": null, "COMPKEY": 255383, "COMPTYPE": 41, "COATING_DATE": null, "LINING_DATE": null, "UPDATED_BY": "enfoz", "WATERMAIN_KEY": 37867, "BUN": null, "PIPE_LENGTH_M": 4.8018, "PARALLEL_LINE_NUMBER": null, "PRESSURE_ZONE": null, "PIPE_USE": "Water Main", "SERVICE_STATUS": "Out of Service-Abandoned", "SUBSYSTEM": "Distribution", "OWNER": "COVAV", "OPERATOR": "COVAV", "DIAMETER": "150 mm", "PIPE_CLASS": null, "MATERIAL": "Cast Iron", "LINING_MATERIAL": "Cement Lined", "COATING_MATERIAL": "blank", "FACET": "O15", "CONNECTION_TYPE": null, "DOMESTIC_DIAMETER": null, "DOMESTIC_MATERIAL": null, "FIRE_LIN_DIAMETER": null, "INSTALLED_BY": "City of Vancouver", "FIRE_LIN_MATERIAL": null, "MAP_TOOLTIP": "150 CI CL 1963", "UPDATED_DATE_iso": "2010-04-01", "COV_DATE_UPDATE_iso": "2010-04-01", "INSTALLATION_DATE_iso": "1963-01-01"}, "geometry": {"type": "LineString", "coordinates": [[-123.1182677634299, 49.25241009128685], [-123.11826936422737, 49.252366912570636]]}}, {"type": "Feature", "properties": {"SHAPE_Length": 0.5892172771191403, "OBJECTID": 21287721, "COV_SOURCE_KEY": "384309", "UPDATED_DATE": 1270096496000, "COV_DATE_UPDATE": 1270096496000, "TBFID": 452787, "ORACLE_ID": "__FJ9Y74", "UNIT_ID_1": "T__FP6428", "UNIT_ID_2": "T__FP64ZL", "MAIN_COMP1": 43, "MAIN_KEY_1": 174224, "MAIN_COMP2": 43, "MAIN_KEY_2": 175702, "ADDRESS_KEY": 157520, "INSTALLATION_DATE": -220896000000, "DEPTH_OF_COVER_M": 0.9100000262260437, "RESTRAINED_JOINT": 0, "CATHODICALLY_PROTECTED": 0, "REMARKS": null, "ASSET_DESCRIPTION": "3700 ASH ST", "SPLIT_ON_CITYSIDE": null, "COMPKEY": 255385, "COMPTYPE": 41, "COATING_DATE": null, "LINING_DATE": null, "UPDATED_BY": "enfoz", "WATERMAIN_KEY": 37868, "BUN": null, "PIPE_LENGTH_M": 0.589, "PARALLEL_LINE_NUMBER": null, "PRESSURE_ZONE": null, "PIPE_USE": "Water Main", "SERVICE_STATUS": "Out of Service-Abandoned", "SUBSYSTEM": "Distribution", "OWNER": "COVAV", "OPERATOR": "COVAV", "DIAMETER": "150 mm", "PIPE_CLASS": null, "MATERIAL": "Cast Iron", "LINING_MATERIAL": "Cement Lined", "COATING_MATERIAL": "blank", "FACET": "O15", "CONNECTION_TYPE": null, "DOMESTIC_DIAMETER": null, "DOMESTIC_MATERIAL": null, "FIRE_LIN_DIAMETER": null, "INSTALLED_BY": "City of Vancouver", "FIRE_LIN_MATERIAL": null, "MAP_TOOLTIP": "150 CI CL 1963", "UPDATED_DATE_iso": "2010-04-01", "COV_DATE_UPDATE_iso": "2010-04-01", "INSTALLATION_DATE_iso": "1963-01-01"}, "geometry": {"type": "LineString", "coordinates": [[-123.11829832405658, 49.25165077305303], [-123.11829853125724, 49.251645474652975]]}}, {"type": "Feature", "properties": {"SHAPE_Length": 5.792458976247848, "OBJECTID": 21287722, "COV_SOURCE_KEY": "384310", "UPDATED_DATE": 1270096496000, "COV_DATE_UPDATE": 1270096496000, "TBFID": 452788, "ORACLE_ID": "__FJ9Y75", "UNIT_ID_1": "T__FP6EW8", "UNIT_ID_2": "T__FP5UWJ", "MAIN_COMP1": 43, "MAIN_KEY_1": 190349, "MAIN_COMP2": 43, "MAIN_KEY_2": 160500, "ADDRESS_KEY": 149132, "INSTALLATION_DATE": -220896000000, "DEPTH_OF_COVER_M": 0.9100000262260437, "RESTRAINED_JOINT": 0, "CATHODICALLY_PROTECTED": 0, "REMARKS": null, "ASSET_DESCRIPTION": "3800 ASH ST", "SPLIT_ON_CITYSIDE": null, "COMPKEY": 255386, "COMPTYPE": 41, "COATING_DATE": null, "LINING_DATE": null, "UPDATED_BY": "enfoz", "WATERMAIN_KEY": 37869, "BUN": null, "PIPE_LENGTH_M": 5.79235342, "PARALLEL_LINE_NUMBER": null, "PRESSURE_ZONE": null, "PIPE_USE": "Water Main", "SERVICE_STATUS": "Out of Service-Abandoned", "SUBSYSTEM": "Distribution", "OWNER": "COVAV", "OPERATOR": "COVAV", "DIAMETER": "150 mm", "PIPE_CLASS": null, "MATERIAL": "Cast Iron", "LINING_MATERIAL": "Cement Lined", "COATING_MATERIAL": "blank", "FACET": "O15", "CONNECTION_TYPE": null, "DOMESTIC_DIAMETER": null, "DOMESTIC_MATERIAL": null, "FIRE_LIN_DIAMETER": null, "INSTALLED_BY": "City of Vancouver", "FIRE_LIN_MATERIAL": null, "MAP_TOOLTIP": "150 CI CL 1963", "UPDATED_DATE_iso": "2010-04-01", "COV_DATE_UPDATE_iso": "2010-04-01", "INSTALLATION_DATE_iso": "1963-01-01"}, "geometry": {"type": "LineString", "coordinates": [[-123.11830811010272, 49.25151945072707], [-123.11830977198296, 49.251467357672176]]}}, {"type": "Feature", "properties": {"SHAPE_Length": 0.5012883384815737, "OBJECTID": 21287771, "COV_SOURCE_KEY": "382902", "UPDATED_DATE": 1270095994000, "COV_DATE_UPDATE": 1270095994000, "TBFID": 453593, "ORACLE_ID": "__FJ9WJW", "UNIT_ID_1": "T__FP5WIA", "UNIT_ID_2": "T__FP5URH", "MAIN_COMP1": 43, "MAIN_KEY_1": 163037, "MAIN_COMP2": 43, "MAIN_KEY_2": 160257, "ADDRESS_KEY": 148537, "INSTALLATION_DATE": 568022400000, "DEPTH_OF_COVER_M": 0, "RESTRAINED_JOINT": 0, "CATHODICALLY_PROTECTED": 0, "REMARKS": null, "ASSET_DESCRIPTION": "3100 HEATHER ST", "SPLIT_ON_CITYSIDE": null, "COMPKEY": 252976, "COMPTYPE": 41, "COATING_DATE": null, "LINING_DATE": null, "UPDATED_BY": "enfoz", "WATERMAIN_KEY": 36168, "BUN": null, "PIPE_LENGTH_M": 0.50128681, "PARALLEL_LINE_NUMBER": null, "PRESSURE_ZONE": null, "PIPE_USE": "Water Main", "SERVICE_STATUS": "Out of Service-Abandoned", "SUBSYSTEM": "<blank>", "OWNER": "COVAV", "OPERATOR": "COVAV", "DIAMETER": "150 mm", "PIPE_CLASS": null, "MATERIAL": "Ductile Iron", "LINING_MATERIAL": "Cement Lined", "COATING_MATERIAL": "blank", "FACET": "O14", "CONNECTION_TYPE": null, "DOMESTIC_DIAMETER": null, "DOMESTIC_MATERIAL": null, "FIRE_LIN_DIAMETER": null, "INSTALLED_BY": "City of Vancouver", "FIRE_LIN_MATERIAL": null, "MAP_TOOLTIP": "150 DI CL 1988", "UPDATED_DATE_iso": "2010-04-01", "COV_DATE_UPDATE_iso": "2010-04-01", "INSTALLATION_DATE_iso": "1988-01-01"}, "geometry": {"type": "LineString", "coordinates": [[-123.1200562983089, 49.257065513242175], [-123.12005652100567, 49.25706100640694]]}}, {"type": "Feature", "properties": {"SHAPE_Length": 1.751292380104388, "OBJECTID": 21287772, "COV_SOURCE_KEY": "382903", "UPDATED_DATE": 1270095995000, "COV_DATE_UPDATE": 1270095995000, "TBFID": 453594, "ORACLE_ID": "__FJ9WJX", "UNIT_ID_1": "T__FP5CU1", "UNIT_ID_2": "T__FP5LQZ", "MAIN_COMP1": 43, "MAIN_KEY_1": 131797, "MAIN_COMP2": 43, "MAIN_KEY_2": 146453, "ADDRESS_KEY": 148537, "INSTALLATION_DATE": 568022400000, "DEPTH_OF_COVER_M": 0, "RESTRAINED_JOINT": 0, "CATHODICALLY_PROTECTED": 0, "REMARKS": null, "ASSET_DESCRIPTION": "3100 HEATHER ST", "SPLIT_ON_CITYSIDE": null, "COMPKEY": 252977, "COMPTYPE": 41, "COATING_DATE": null, "LINING_DATE": null, "UPDATED_BY": "enfoz", "WATERMAIN_KEY": 36169, "BUN": null, "PIPE_LENGTH_M": 1.75128689, "PARALLEL_LINE_NUMBER": null, "PRESSURE_ZONE": null, "PIPE_USE": "Water Main", "SERVICE_STATUS": "Out of Service-Abandoned", "SUBSYSTEM": "<blank>", "OWNER": "COVAV", "OPERATOR": "COVAV", "DIAMETER": "150 mm", "PIPE_CLASS": null, "MATERIAL": "Ductile Iron", "LINING_MATERIAL": "Cement Lined", "COATING_MATERIAL": "blank", "FACET": "O14", "CONNECTION_TYPE": null, "DOMESTIC_DIAMETER": null, "DOMESTIC_MATERIAL": null, "FIRE_LIN_DIAMETER": null, "INSTALLED_BY": "City of Vancouver", "FIRE_LIN_MATERIAL": null, "MAP_TOOLTIP": "150 DI CL 1988", "UPDATED_DATE_iso": "2010-04-01", "COV_DATE_UPDATE_iso": "2010-04-01", "INSTALLATION_DATE_iso": "1988-01-01"}, "geometry": {"type": "LineString", "coordinates": [[-123.12005717829624, 49.257043033279814], [-123.12005757986275, 49.25702728223704]]}}, {"type": "Feature", "properties": {"SHAPE_Length": 6.703954205707284, "OBJECTID": 21287773, "COV_SOURCE_KEY": "382904", "UPDATED_DATE": 1270095995000, "COV_DATE_UPDATE": 1270095995000, "TBFID": 453595, "ORACLE_ID": "__FJ9WJY", "UNIT_ID_1": "T__FP5LQZ", "UNIT_ID_2": "T__FP6BYS", "MAIN_COMP1": 43, "MAIN_KEY_1": 146453, "MAIN_COMP2": 43, "MAIN_KEY_2": 186036, "ADDRESS_KEY": 151412, "INSTALLATION_DATE": 568022400000, "DEPTH_OF_COVER_M": 0, "RESTRAINED_JOINT": 0, "CATHODICALLY_PROTECTED": 0, "REMARKS": null, "ASSET_DESCRIPTION": "600 W 16TH AV", "SPLIT_ON_CITYSIDE": null, "COMPKEY": 252979, "COMPTYPE": 41, "COATING_DATE": null, "LINING_DATE": null, "UPDATED_BY": "enfoz", "WATERMAIN_KEY": 36170, "BUN": null, "PIPE_LENGTH_M": 6.70393354, "PARALLEL_LINE_NUMBER": null, "PRESSURE_ZONE": null, "PIPE_USE": "Water Main", "SERVICE_STATUS": "Out of Service-Abandoned", "SUBSYSTEM": "<blank>", "OWNER": "COVAV", "OPERATOR": "COVAV", "DIAMETER": "150 mm", "PIPE_CLASS": null, "MATERIAL": "Ductile Iron", "LINING_MATERIAL": "Cement Lined", "COATING_MATERIAL": "blank", "FACET": "O14", "CONNECTION_TYPE": null, "DOMESTIC_DIAMETER": null, "DOMESTIC_MATERIAL": null, "FIRE_LIN_DIAMETER": null, "INSTALLED_BY": "City of Vancouver", "FIRE_LIN_MATERIAL": null, "MAP_TOOLTIP": "150 DI CL 1988", "UPDATED_DATE_iso": "2010-04-01", "COV_DATE_UPDATE_iso": "2010-04-01", "INSTALLATION_DATE_iso": "1988-01-01"}, "geometry": {"type": "LineString", "coordinates": [[-123.12005757986275, 49.25702728223704], [-123.12006016847185, 49.25696700259561]]}}, {"type": "Feature", "properties": {"SHAPE_Length": 5.2021630109103425, "OBJECTID": 21287774, "COV_SOURCE_KEY": "382905", "UPDATED_DATE": 1270095995000, "COV_DATE_UPDATE": 1270095995000, "TBFID": 453596, "ORACLE_ID": "__FJ9WJZ", "UNIT_ID_1": "T__FP6BYS", "UNIT_ID_2": "T__FP6GGM", "MAIN_COMP1": 43, "MAIN_KEY_1": 186036, "MAIN_COMP2": 43, "MAIN_KEY_2": 192700, "ADDRESS_KEY": 151412, "INSTALLATION_DATE": 568022400000, "DEPTH_OF_COVER_M": 0, "RESTRAINED_JOINT": 0, "CATHODICALLY_PROTECTED": 0, "REMARKS": null, "ASSET_DESCRIPTION": "3200 HEATHER ST", "SPLIT_ON_CITYSIDE": null, "COMPKEY": 252980, "COMPTYPE": 41, "COATING_DATE": null, "LINING_DATE": null, "UPDATED_BY": "enfoz", "WATERMAIN_KEY": 36171, "BUN": null, "PIPE_LENGTH_M": 5.20214694, "PARALLEL_LINE_NUMBER": null, "PRESSURE_ZONE": null, "PIPE_USE": "Water Main", "SERVICE_STATUS": "Out of Service-Abandoned", "SUBSYSTEM": "<blank>", "OWNER": "COVAV", "OPERATOR": "COVAV", "DIAMETER": "150 mm", "PIPE_CLASS": null, "MATERIAL": "Ductile Iron", "LINING_MATERIAL": "Cement Lined", "COATING_MATERIAL": "blank", "FACET": "O14", "CONNECTION_TYPE": null, "DOMESTIC_DIAMETER": null, "DOMESTIC_MATERIAL": null, "FIRE_LIN_DIAMETER": null, "INSTALLED_BY": "City of Vancouver", "FIRE_LIN_MATERIAL": null, "MAP_TOOLTIP": "150 DI CL 1988", "UPDATED_DATE_iso": "2010-04-01", "COV_DATE_UPDATE_iso": "2010-04-01", "INSTALLATION_DATE_iso": "1988-01-01"}, "geometry": {"type": "LineString", "coordinates": [[-123.12006016847185, 49.25696700259561], [-123.12006211642992, 49.25692022544068]]}}, {"type": "Feature", "properties": {"SHAPE_Length": 12.214745188779915, "OBJECTID": 21287775, "COV_SOURCE_KEY": "382906", "UPDATED_DATE": 1270095996000, "COV_DATE_UPDATE": 1270095996000, "TBFID": 453597, "ORACLE_ID": "__FJ9WK0", "UNIT_ID_1": "T__FP6GGM", "UNIT_ID_2": "T__FP6E2F", "MAIN_COMP1": 43, "MAIN_KEY_1": 192700, "MAIN_COMP2": 43, "MAIN_KEY_2": 189123, "ADDRESS_KEY": 151412, "INSTALLATION_DATE": -1262275200000, "DEPTH_OF_COVER_M": 0, "RESTRAINED_JOINT": 0, "CATHODICALLY_PROTECTED": 0, "REMARKS": null, "ASSET_DESCRIPTION": "3200 HEATHER ST", "SPLIT_ON_CITYSIDE": null, "COMPKEY": 252982, "COMPTYPE": 41, "COATING_DATE": null, "LINING_DATE": null, "UPDATED_BY": "enfoz", "WATERMAIN_KEY": 36172, "BUN": null, "PIPE_LENGTH_M": 12.21470315, "PARALLEL_LINE_NUMBER": null, "PRESSURE_ZONE": null, "PIPE_USE": "Water Main", "SERVICE_STATUS": "Out of Service-Abandoned", "SUBSYSTEM": "<blank>", "OWNER": "COVAV", "OPERATOR": "COVAV", "DIAMETER": "150 mm", "PIPE_CLASS": null, "MATERIAL": "Cast Iron", "LINING_MATERIAL": "blank", "COATING_MATERIAL": "blank", "FACET": "O14", "CONNECTION_TYPE": null, "DOMESTIC_DIAMETER": null, "DOMESTIC_MATERIAL": null, "FIRE_LIN_DIAMETER": null, "INSTALLED_BY": "City of Vancouver", "FIRE_LIN_MATERIAL": null, "MAP_TOOLTIP": "150 CI n/a 1930", "UPDATED_DATE_iso": "2010-04-01", "COV_DATE_UPDATE_iso": "2010-04-01", "INSTALLATION_DATE_iso": "1930-01-01"}, "geometry": {"type": "LineString", "coordinates": [[-123.12006211642992, 49.25692022544068], [-123.1200536046304, 49.25681049263105]]}}, {"type": "Feature", "properties": {"SHAPE_Length": 1.190042017404158, "OBJECTID": 21287998, "COV_SOURCE_KEY": "382894", "UPDATED_DATE": 1270095991000, "COV_DATE_UPDATE": 1270095991000, "TBFID": 453486, "ORACLE_ID": "__FJ9WJO", "UNIT_ID_1": "T__FP5EMQ", "UNIT_ID_2": "T__FP67QZ", "MAIN_COMP1": 43, "MAIN_KEY_1": 134668, "MAIN_COMP2": 43, "MAIN_KEY_2": 179839, "ADDRESS_KEY": 154813, "INSTALLATION_DATE": -220896000000, "DEPTH_OF_COVER_M": 0, "RESTRAINED_JOINT": 0, "CATHODICALLY_PROTECTED": 0, "REMARKS": null, "ASSET_DESCRIPTION": "3200 WILLOW ST", "SPLIT_ON_CITYSIDE": null, "COMPKEY": 252962, "COMPTYPE": 41, "COATING_DATE": null, "LINING_DATE": null, "UPDATED_BY": "enfoz", "WATERMAIN_KEY": 36160, "BUN": null, "PIPE_LENGTH_M": 1.19003728, "PARALLEL_LINE_NUMBER": null, "PRESSURE_ZONE": null, "PIPE_USE": "Water Main", "SERVICE_STATUS": "Out of Service-Abandoned", "SUBSYSTEM": "<blank>", "OWNER": "COVAV", "OPERATOR": "COVAV", "DIAMETER": "150 mm", "PIPE_CLASS": null, "MATERIAL": "Cast Iron", "LINING_MATERIAL": "Cement Lined", "COATING_MATERIAL": "blank", "FACET": "O14", "CONNECTION_TYPE": null, "DOMESTIC_DIAMETER": null, "DOMESTIC_MATERIAL": null, "FIRE_LIN_DIAMETER": null, "INSTALLED_BY": "City of Vancouver", "FIRE_LIN_MATERIAL": null, "MAP_TOOLTIP": "150 CI CL 1963", "UPDATED_DATE_iso": "2010-04-01", "COV_DATE_UPDATE_iso": "2010-04-01", "INSTALLATION_DATE_iso": "1963-01-01"}, "geometry": {"type": "LineString", "coordinates": [[-123.12210547276516, 49.2562514214137], [-123.12210530893506, 49.25624071727667]]}}, {"type": "Feature", "properties": {"SHAPE_Length": 14.052224022146666, "OBJECTID": 21288138, "COV_SOURCE_KEY": "385721", "UPDATED_DATE": 1270097001000, "COV_DATE_UPDATE": 1270097001000, "TBFID": 450320, "ORACLE_ID": "__FJ9Y7A", "UNIT_ID_1": "T__FP68CZ", "UNIT_ID_2": "T__FP69RJ", "MAIN_COMP1": 43, "MAIN_KEY_1": 180779, "MAIN_COMP2": 43, "MAIN_KEY_2": 182781, "ADDRESS_KEY": 149212, "INSTALLATION_DATE": -220896000000, "DEPTH_OF_COVER_M": 0.9100000262260437, "RESTRAINED_JOINT": 0, "CATHODICALLY_PROTECTED": 0, "REMARKS": null, "ASSET_DESCRIPTION": "3900 ASH ST", "SPLIT_ON_CITYSIDE": null, "COMPKEY": 255392, "COMPTYPE": 41, "COATING_DATE": null, "LINING_DATE": null, "UPDATED_BY": "enfoz", "WATERMAIN_KEY": 37874, "BUN": null, "PIPE_LENGTH_M": 14.05196197, "PARALLEL_LINE_NUMBER": null, "PRESSURE_ZONE": null, "PIPE_USE": "Water Main", "SERVICE_STATUS": "Out of Service-Abandoned", "SUBSYSTEM": "Distribution", "OWNER": "COVAV", "OPERATOR": "COVAV", "DIAMETER": "150 mm", "PIPE_CLASS": null, "MATERIAL": "Cast Iron", "LINING_MATERIAL": "Cement Lined", "COATING_MATERIAL": "blank", "FACET": "O15", "CONNECTION_TYPE": null, "DOMESTIC_DIAMETER": null, "DOMESTIC_MATERIAL": null, "FIRE_LIN_DIAMETER": null, "INSTALLED_BY": "City of Vancouver", "FIRE_LIN_MATERIAL": null, "MAP_TOOLTIP": "150 CI CL 1963", "UPDATED_DATE_iso": "2010-04-01", "COV_DATE_UPDATE_iso": "2010-04-01", "INSTALLATION_DATE_iso": "1963-01-01"}, "geometry": {"type": "LineString", "coordinates": [[-123.1183515624014, 49.250290316422344], [-123.11834782508346, 49.25016393729912]]}}, {"type": "Feature", "properties": {"SHAPE_Length": 2.164486082561372, "OBJECTID": 21288139, "COV_SOURCE_KEY": "385722", "UPDATED_DATE": 1270097002000, "COV_DATE_UPDATE": 1270097002000, "TBFID": 450321, "ORACLE_ID": "__FJ9Y7B", "UNIT_ID_1": "T__FP69RJ", "UNIT_ID_2": "T__FP5P73", "MAIN_COMP1": 43, "MAIN_KEY_1": 182781, "MAIN_COMP2": 43, "MAIN_KEY_2": 151843, "ADDRESS_KEY": 149212, "INSTALLATION_DATE": -220896000000, "DEPTH_OF_COVER_M": 0.9100000262260437, "RESTRAINED_JOINT": 0, "CATHODICALLY_PROTECTED": 0, "REMARKS": null, "ASSET_DESCRIPTION": "3900 ASH ST", "SPLIT_ON_CITYSIDE": null, "COMPKEY": 255394, "COMPTYPE": 41, "COATING_DATE": null, "LINING_DATE": null, "UPDATED_BY": "enfoz", "WATERMAIN_KEY": 37875, "BUN": null, "PIPE_LENGTH_M": 2.16444581, "PARALLEL_LINE_NUMBER": null, "PRESSURE_ZONE": null, "PIPE_USE": "Water Main", "SERVICE_STATUS": "Out of Service-Abandoned", "SUBSYSTEM": "Distribution", "OWNER": "COVAV", "OPERATOR": "COVAV", "DIAMETER": "150 mm", "PIPE_CLASS": null, "MATERIAL": "Cast Iron", "LINING_MATERIAL": "Cement Lined", "COATING_MATERIAL": "blank", "FACET": "O15", "CONNECTION_TYPE": null, "DOMESTIC_DIAMETER": null, "DOMESTIC_MATERIAL": null, "FIRE_LIN_DIAMETER": null, "INSTALLED_BY": "City of Vancouver", "FIRE_LIN_MATERIAL": null, "MAP_TOOLTIP": "150 CI CL 1963", "UPDATED_DATE_iso": "2010-04-01", "COV_DATE_UPDATE_iso": "2010-04-01", "INSTALLATION_DATE_iso": "1963-01-01"}, "geometry": {"type": "LineString", "coordinates": [[-123.11834782508346, 49.25016393729912], [-123.11834434364263, 49.25014460112511]]}}, {"type": "Feature", "properties": {"SHAPE_Length": 1.2632418614870755, "OBJECTID": 21288363, "COV_SOURCE_KEY": "377449", "UPDATED_DATE": 1717690595000, "COV_DATE_UPDATE": 1717690595000, "TBFID": 442056, "ORACLE_ID": "__FJ9RJ4", "UNIT_ID_1": "225314", "UNIT_ID_2": "227842", "MAIN_COMP1": 43, "MAIN_KEY_1": 192764, "MAIN_COMP2": 43, "MAIN_KEY_2": 122002, "ADDRESS_KEY": 151222, "INSTALLATION_DATE": -441820800000, "DEPTH_OF_COVER_M": 0.9100000262260437, "RESTRAINED_JOINT": 0, "CATHODICALLY_PROTECTED": 0, "REMARKS": null, "ASSET_DESCRIPTION": "4300 HEATHER ST", "SPLIT_ON_CITYSIDE": null, "COMPKEY": 245986, "COMPTYPE": 41, "COATING_DATE": null, "LINING_DATE": null, "UPDATED_BY": "KAQ2423", "WATERMAIN_KEY": 31157, "BUN": null, "PIPE_LENGTH_M": 1.263, "PARALLEL_LINE_NUMBER": null, "PRESSURE_ZONE": 172, "PIPE_USE": "Water Main", "SERVICE_STATUS": "Out of Service-Abandoned", "SUBSYSTEM": "Distribution", "OWNER": "COVAV", "OPERATOR": "COVAV", "DIAMETER": "200 mm", "PIPE_CLASS": null, "MATERIAL": "Cast Iron", "LINING_MATERIAL": "blank", "COATING_MATERIAL": "blank", "FACET": "O16", "CONNECTION_TYPE": null, "DOMESTIC_DIAMETER": null, "DOMESTIC_MATERIAL": null, "FIRE_LIN_DIAMETER": null, "INSTALLED_BY": "City of Vancouver", "FIRE_LIN_MATERIAL": null, "MAP_TOOLTIP": "200 CI n/a 1956", "UPDATED_DATE_iso": "2024-06-06", "COV_DATE_UPDATE_iso": "2024-06-06", "INSTALLATION_DATE_iso": "1956-01-01"}, "geometry": {"type": "LineString", "coordinates": [[-123.1204215320815, 49.246243183951464], [-123.12043353315522, 49.24625139308592]]}}, {"type": "Feature", "properties": {"SHAPE_Length": 77.13600115365598, "OBJECTID": 21288631, "COV_SOURCE_KEY": "406205", "UPDATED_DATE": 1457972977000, "COV_DATE_UPDATE": 1457972977000, "TBFID": 472178, "ORACLE_ID": "__FJE6D7", "UNIT_ID_1": "217161", "UNIT_ID_2": "142118", "MAIN_COMP1": 43, "MAIN_KEY_1": 166479, "MAIN_COMP2": 43, "MAIN_KEY_2": 47742, "ADDRESS_KEY": 157544, "INSTALLATION_DATE": -220896000000, "DEPTH_OF_COVER_M": 0.9100000262260437, "RESTRAINED_JOINT": 0, "CATHODICALLY_PROTECTED": 0, "REMARKS": null, "ASSET_DESCRIPTION": "700 W 24TH AV", "SPLIT_ON_CITYSIDE": null, "COMPKEY": 281477, "COMPTYPE": 41, "COATING_DATE": null, "LINING_DATE": null, "UPDATED_BY": "enyamw", "WATERMAIN_KEY": 57855, "BUN": null, "PIPE_LENGTH_M": 77.13617875, "PARALLEL_LINE_NUMBER": null, "PRESSURE_ZONE": null, "PIPE_USE": "Water Main", "SERVICE_STATUS": "Out of Service-Abandoned", "SUBSYSTEM": "Distribution", "OWNER": "COVAV", "OPERATOR": "COVAV", "DIAMETER": "150 mm", "PIPE_CLASS": null, "MATERIAL": "Cast Iron", "LINING_MATERIAL": "Cement Lined", "COATING_MATERIAL": "blank", "FACET": "O15", "CONNECTION_TYPE": null, "DOMESTIC_DIAMETER": null, "DOMESTIC_MATERIAL": null, "FIRE_LIN_DIAMETER": null, "INSTALLED_BY": "City of Vancouver", "FIRE_LIN_MATERIAL": null, "MAP_TOOLTIP": "150 CI CL 1963", "UPDATED_DATE_iso": "2016-03-14", "COV_DATE_UPDATE_iso": "2016-03-14", "INSTALLATION_DATE_iso": "1963-01-01"}, "geometry": {"type": "LineString", "coordinates": [[-123.12214498374165, 49.25008628736975], [-123.12108542270542, 49.25006837779082]]}}, {"type": "Feature", "properties": {"SHAPE_Length": 1.1924567085419304, "OBJECTID": 21288632, "COV_SOURCE_KEY": "406206", "UPDATED_DATE": 1457972975000, "COV_DATE_UPDATE": 1457972975000, "TBFID": 472179, "ORACLE_ID": "__FJE6D8", "UNIT_ID_1": "58136", "UNIT_ID_2": "217161", "MAIN_COMP1": 46, "MAIN_KEY_1": 104155, "MAIN_COMP2": 43, "MAIN_KEY_2": 166479, "ADDRESS_KEY": 157544, "INSTALLATION_DATE": -220896000000, "DEPTH_OF_COVER_M": 0.9100000262260437, "RESTRAINED_JOINT": 0, "CATHODICALLY_PROTECTED": 0, "REMARKS": null, "ASSET_DESCRIPTION": "700 W 24TH AV", "SPLIT_ON_CITYSIDE": null, "COMPKEY": 281478, "COMPTYPE": 41, "COATING_DATE": null, "LINING_DATE": null, "UPDATED_BY": "enyamw", "WATERMAIN_KEY": 57856, "BUN": null, "PIPE_LENGTH_M": 1.192459, "PARALLEL_LINE_NUMBER": null, "PRESSURE_ZONE": null, "PIPE_USE": "Water Main", "SERVICE_STATUS": "Out of Service-Abandoned", "SUBSYSTEM": "Distribution", "OWNER": "COVAV", "OPERATOR": "COVAV", "DIAMETER": "150 mm", "PIPE_CLASS": null, "MATERIAL": "Cast Iron", "LINING_MATERIAL": "Cement Lined", "COATING_MATERIAL": "blank", "FACET": "O15", "CONNECTION_TYPE": null, "DOMESTIC_DIAMETER": null, "DOMESTIC_MATERIAL": null, "FIRE_LIN_DIAMETER": null, "INSTALLED_BY": "City of Vancouver", "FIRE_LIN_MATERIAL": null, "MAP_TOOLTIP": "150 CI CL 1963", "UPDATED_DATE_iso": "2016-03-14", "COV_DATE_UPDATE_iso": "2016-03-14", "INSTALLATION_DATE_iso": "1963-01-01"}, "geometry": {"type": "LineString", "coordinates": [[-123.12216136354806, 49.25008656689409], [-123.12214498374165, 49.25008628736975]]}}, {"type": "Feature", "properties": {"SHAPE_Length": 8.218541538335298, "OBJECTID": 21288633, "COV_SOURCE_KEY": "406207", "UPDATED_DATE": 1457972974000, "COV_DATE_UPDATE": 1457972974000, "TBFID": 472180, "ORACLE_ID": "__FJE6DC", "UNIT_ID_1": "219696", "UNIT_ID_2": "4294053", "MAIN_COMP1": 43, "MAIN_KEY_1": 174579, "MAIN_COMP2": 43, "MAIN_KEY_2": 872215, "ADDRESS_KEY": 156845, "INSTALLATION_DATE": -220896000000, "DEPTH_OF_COVER_M": 0.9100000262260437, "RESTRAINED_JOINT": 0, "CATHODICALLY_PROTECTED": 0, "REMARKS": null, "ASSET_DESCRIPTION": "800 W 24TH AV", "SPLIT_ON_CITYSIDE": null, "COMPKEY": 281479, "COMPTYPE": 41, "COATING_DATE": null, "LINING_DATE": null, "UPDATED_BY": "enyamw", "WATERMAIN_KEY": 57857, "BUN": null, "PIPE_LENGTH_M": 8.21854154, "PARALLEL_LINE_NUMBER": null, "PRESSURE_ZONE": 172, "PIPE_USE": "Water Main", "SERVICE_STATUS": "Out of Service-Abandoned", "SUBSYSTEM": "Distribution", "OWNER": "COVAV", "OPERATOR": "COVAV", "DIAMETER": "150 mm", "PIPE_CLASS": null, "MATERIAL": "Cast Iron", "LINING_MATERIAL": "Cement Lined", "COATING_MATERIAL": "blank", "FACET": "N15", "CONNECTION_TYPE": null, "DOMESTIC_DIAMETER": null, "DOMESTIC_MATERIAL": null, "FIRE_LIN_DIAMETER": null, "INSTALLED_BY": "City of Vancouver", "FIRE_LIN_MATERIAL": null, "MAP_TOOLTIP": "150 CI CL 1963", "UPDATED_DATE_iso": "2016-03-14", "COV_DATE_UPDATE_iso": "2016-03-14", "INSTALLATION_DATE_iso": "1963-01-01"}, "geometry": {"type": "LineString", "coordinates": [[-123.12235260395772, 49.25009009754552], [-123.12234794969835, 49.25016396229333]]}}, {"type": "Feature", "properties": {"SHAPE_Length": 0.3141289546467057, "OBJECTID": 21288634, "COV_SOURCE_KEY": "406209", "UPDATED_DATE": 1457972971000, "COV_DATE_UPDATE": 1457972971000, "TBFID": 472182, "ORACLE_ID": "__FJE6DE", "UNIT_ID_1": "219696", "UNIT_ID_2": "4294050", "MAIN_COMP1": 43, "MAIN_KEY_1": 174579, "MAIN_COMP2": 43, "MAIN_KEY_2": 872212, "ADDRESS_KEY": 156499, "INSTALLATION_DATE": -220896000000, "DEPTH_OF_COVER_M": 0.9100000262260437, "RESTRAINED_JOINT": 0, "CATHODICALLY_PROTECTED": 0, "REMARKS": null, "ASSET_DESCRIPTION": "800 W 24TH AV", "SPLIT_ON_CITYSIDE": null, "COMPKEY": 281482, "COMPTYPE": 41, "COATING_DATE": null, "LINING_DATE": null, "UPDATED_BY": "enyamw", "WATERMAIN_KEY": 57859, "BUN": null, "PIPE_LENGTH_M": 0.31412895, "PARALLEL_LINE_NUMBER": null, "PRESSURE_ZONE": 172, "PIPE_USE": "Water Main", "SERVICE_STATUS": "Out of Service-Abandoned", "SUBSYSTEM": "Distribution", "OWNER": "COVAV", "OPERATOR": "COVAV", "DIAMETER": "150 mm", "PIPE_CLASS": null, "MATERIAL": "Cast Iron", "LINING_MATERIAL": "Cement Lined", "COATING_MATERIAL": "blank", "FACET": "N15", "CONNECTION_TYPE": null, "DOMESTIC_DIAMETER": null, "DOMESTIC_MATERIAL": null, "FIRE_LIN_DIAMETER": null, "INSTALLED_BY": "City of Vancouver", "FIRE_LIN_MATERIAL": null, "MAP_TOOLTIP": "150 CI CL 1963", "UPDATED_DATE_iso": "2016-03-14", "COV_DATE_UPDATE_iso": "2016-03-14", "INSTALLATION_DATE_iso": "1963-01-01"}, "geometry": {"type": "LineString", "coordinates": [[-123.12235260395772, 49.25009009754552], [-123.12235691877991, 49.25009017393304]]}}, {"type": "Feature", "properties": {"SHAPE_Length": 13.923186200848464, "OBJECTID": 21288635, "COV_SOURCE_KEY": "406210", "UPDATED_DATE": 1457972970000, "COV_DATE_UPDATE": 1457972970000, "TBFID": 472183, "ORACLE_ID": "__FJE6DF", "UNIT_ID_1": "58136", "UNIT_ID_2": "219696", "MAIN_COMP1": 46, "MAIN_KEY_1": 104155, "MAIN_COMP2": 43, "MAIN_KEY_2": 174579, "ADDRESS_KEY": 157544, "INSTALLATION_DATE": -220896000000, "DEPTH_OF_COVER_M": 0.9100000262260437, "RESTRAINED_JOINT": 0, "CATHODICALLY_PROTECTED": 0, "REMARKS": null, "ASSET_DESCRIPTION": "700 W 24TH AV", "SPLIT_ON_CITYSIDE": null, "COMPKEY": 281483, "COMPTYPE": 41, "COATING_DATE": null, "LINING_DATE": null, "UPDATED_BY": "enyamw", "WATERMAIN_KEY": 57860, "BUN": null, "PIPE_LENGTH_M": 13.92323001, "PARALLEL_LINE_NUMBER": null, "PRESSURE_ZONE": null, "PIPE_USE": "Water Main", "SERVICE_STATUS": "Out of Service-Abandoned", "SUBSYSTEM": "Distribution", "OWNER": "COVAV", "OPERATOR": "COVAV", "DIAMETER": "150 mm", "PIPE_CLASS": null, "MATERIAL": "Cast Iron", "LINING_MATERIAL": "Cement Lined", "COATING_MATERIAL": "blank", "FACET": "N15", "CONNECTION_TYPE": null, "DOMESTIC_DIAMETER": null, "DOMESTIC_MATERIAL": null, "FIRE_LIN_DIAMETER": null, "INSTALLED_BY": "City of Vancouver", "FIRE_LIN_MATERIAL": null, "MAP_TOOLTIP": "150 CI CL 1963", "UPDATED_DATE_iso": "2016-03-14", "COV_DATE_UPDATE_iso": "2016-03-14", "INSTALLATION_DATE_iso": "1963-01-01"}, "geometry": {"type": "LineString", "coordinates": [[-123.12216136354806, 49.25008656689409], [-123.12235260395772, 49.25009009754552]]}}, {"type": "Feature", "properties": {"SHAPE_Length": 275.66498533730146, "OBJECTID": 21289098, "COV_SOURCE_KEY": "371155", "UPDATED_DATE": 1270088671000, "COV_DATE_UPDATE": 1270088671000, "TBFID": 441752, "ORACLE_ID": "__FJ9JMO", "UNIT_ID_1": "T__FP5D1X", "UNIT_ID_2": "T__FP5HRL", "MAIN_COMP1": 43, "MAIN_KEY_1": 132153, "MAIN_COMP2": 43, "MAIN_KEY_2": 140097, "ADDRESS_KEY": 150736, "INSTALLATION_DATE": -347126400000, "DEPTH_OF_COVER_M": 0, "RESTRAINED_JOINT": 0, "CATHODICALLY_PROTECTED": 0, "REMARKS": null, "ASSET_DESCRIPTION": "0 MIDLOTHIAN AV", "SPLIT_ON_CITYSIDE": null, "COMPKEY": 235908, "COMPTYPE": 41, "COATING_DATE": null, "LINING_DATE": null, "UPDATED_BY": "enfoz", "WATERMAIN_KEY": 23307, "BUN": null, "PIPE_LENGTH_M": 275.66504356, "PARALLEL_LINE_NUMBER": null, "PRESSURE_ZONE": null, "PIPE_USE": "Water Main", "SERVICE_STATUS": "Out of Service-Abandoned", "SUBSYSTEM": "<blank>", "OWNER": "COVAV", "OPERATOR": "COVAV", "DIAMETER": "600 mm", "PIPE_CLASS": null, "MATERIAL": "Steel", "LINING_MATERIAL": "Coal Tar", "COATING_MATERIAL": "blank", "FACET": "P17", "CONNECTION_TYPE": null, "DOMESTIC_DIAMETER": null, "DOMESTIC_MATERIAL": null, "FIRE_LIN_DIAMETER": null, "INSTALLED_BY": "City of Vancouver", "FIRE_LIN_MATERIAL": null, "MAP_TOOLTIP": "600 S CTAR 1959", "UPDATED_DATE_iso": "2010-04-01", "COV_DATE_UPDATE_iso": "2010-04-01", "INSTALLATION_DATE_iso": "1959-01-01"}, "geometry": {"type": "LineString", "coordinates": [[-123.109116921184, 49.24292157093626], [-123.10683138362567, 49.2409443403392]]}}, {"type": "Feature", "properties": {"SHAPE_Length": 10.968026258515401, "OBJECTID": 21289099, "COV_SOURCE_KEY": "371156", "UPDATED_DATE": 1285909927000, "COV_DATE_UPDATE": 1285909927000, "TBFID": 441753, "ORACLE_ID": "__FJ9JMP", "UNIT_ID_1": "T__FP5PNK", "UNIT_ID_2": "T__FP6GAF", "MAIN_COMP1": 43, "MAIN_KEY_1": 152574, "MAIN_COMP2": 43, "MAIN_KEY_2": 192475, "ADDRESS_KEY": 98106, "INSTALLATION_DATE": 410256000000, "DEPTH_OF_COVER_M": 0, "RESTRAINED_JOINT": 0, "CATHODICALLY_PROTECTED": 0, "REMARKS": null, "ASSET_DESCRIPTION": "0 MIDLOTHIAN AV", "SPLIT_ON_CITYSIDE": null, "COMPKEY": 235909, "COMPTYPE": 41, "COATING_DATE": null, "LINING_DATE": null, "UPDATED_BY": "enhanmgetask", "WATERMAIN_KEY": 23308, "BUN": null, "PIPE_LENGTH_M": 10.967986, "PARALLEL_LINE_NUMBER": null, "PRESSURE_ZONE": null, "PIPE_USE": "Water Main", "SERVICE_STATUS": "Out of Service-Abandoned", "SUBSYSTEM": "<blank>", "OWNER": "COVAV", "OPERATOR": "COVAV", "DIAMETER": "50 mm", "PIPE_CLASS": null, "MATERIAL": "Copper", "LINING_MATERIAL": "blank", "COATING_MATERIAL": "blank", "FACET": "P17", "CONNECTION_TYPE": null, "DOMESTIC_DIAMETER": null, "DOMESTIC_MATERIAL": null, "FIRE_LIN_DIAMETER": null, "INSTALLED_BY": "City of Vancouver", "FIRE_LIN_MATERIAL": null, "MAP_TOOLTIP": "50 COP n/a 1983", "UPDATED_DATE_iso": "2010-10-01", "COV_DATE_UPDATE_iso": "2010-10-01", "INSTALLATION_DATE_iso": "1983-01-01"}, "geometry": {"type": "LineString", "coordinates": [[-123.10683152100871, 49.24094434021216], [-123.1069517403552, 49.24088486038408]]}}, {"type": "Feature", "properties": {"SHAPE_Length": 11.616884349365208, "OBJECTID": 21289100, "COV_SOURCE_KEY": "371157", "UPDATED_DATE": 1270088671000, "COV_DATE_UPDATE": 1270088671000, "TBFID": 441754, "ORACLE_ID": "__FJ9JMQ", "UNIT_ID_1": "T__FP5MU2", "UNIT_ID_2": "T__FP5KB2", "MAIN_COMP1": 43, "MAIN_KEY_1": 148196, "MAIN_COMP2": 43, "MAIN_KEY_2": 144236, "ADDRESS_KEY": 157453, "INSTALLATION_DATE": -820512000000, "DEPTH_OF_COVER_M": 0, "RESTRAINED_JOINT": 0, "CATHODICALLY_PROTECTED": 0, "REMARKS": null, "ASSET_DESCRIPTION": "4400 DINMONT AV", "SPLIT_ON_CITYSIDE": null, "COMPKEY": 235910, "COMPTYPE": 41, "COATING_DATE": null, "LINING_DATE": null, "UPDATED_BY": "enfoz", "WATERMAIN_KEY": 23309, "BUN": null, "PIPE_LENGTH_M": 11.61692551, "PARALLEL_LINE_NUMBER": null, "PRESSURE_ZONE": null, "PIPE_USE": "Water Main", "SERVICE_STATUS": "Out of Service-Abandoned", "SUBSYSTEM": "<blank>", "OWNER": "COVAV", "OPERATOR": "COVAV", "DIAMETER": "300 mm", "PIPE_CLASS": null, "MATERIAL": "Cast Iron", "LINING_MATERIAL": "blank", "COATING_MATERIAL": "blank", "FACET": "O17", "CONNECTION_TYPE": null, "DOMESTIC_DIAMETER": null, "DOMESTIC_MATERIAL": null, "FIRE_LIN_DIAMETER": null, "INSTALLED_BY": "City of Vancouver", "FIRE_LIN_MATERIAL": null, "MAP_TOOLTIP": "300 CI n/a 1944", "UPDATED_DATE_iso": "2010-04-01", "COV_DATE_UPDATE_iso": "2010-04-01", "INSTALLATION_DATE_iso": "1944-01-01"}, "geometry": {"type": "LineString", "coordinates": [[-123.11131561652319, 49.24491743253999], [-123.11140347630277, 49.24483019301185]]}}, {"type": "Feature", "properties": {"SHAPE_Length": 2.411971185783824, "OBJECTID": 21289358, "COV_SOURCE_KEY": "371486", "UPDATED_DATE": 1346198560000, "COV_DATE_UPDATE": 1346198560000, "TBFID": 440869, "ORACLE_ID": "__FJ9JPY", "UNIT_ID_1": "206126", "UNIT_ID_2": "52450", "MAIN_COMP1": 0, "MAIN_KEY_1": 147935, "MAIN_COMP2": 46, "MAIN_KEY_2": 802577, "ADDRESS_KEY": 157256, "INSTALLATION_DATE": null, "DEPTH_OF_COVER_M": 1.2200000286102295, "RESTRAINED_JOINT": 0, "CATHODICALLY_PROTECTED": 0, "REMARKS": null, "ASSET_DESCRIPTION": "400 500  W 33RD AV", "SPLIT_ON_CITYSIDE": null, "COMPKEY": 236011, "COMPTYPE": 41, "COATING_DATE": null, "LINING_DATE": null, "UPDATED_BY": "ENJCR", "WATERMAIN_KEY": 23387, "BUN": null, "PIPE_LENGTH_M": 2.41197119, "PARALLEL_LINE_NUMBER": null, "PRESSURE_ZONE": 173, "PIPE_USE": "Water Main", "SERVICE_STATUS": "Out of Service-Abandoned", "SUBSYSTEM": "Transmission", "OWNER": "GVWD", "OPERATOR": "GVWD", "DIAMETER": "1200 mm", "PIPE_CLASS": null, "MATERIAL": "<blank>", "LINING_MATERIAL": "blank", "COATING_MATERIAL": "blank", "FACET": "O17", "CONNECTION_TYPE": null, "DOMESTIC_DIAMETER": null, "DOMESTIC_MATERIAL": null, "FIRE_LIN_DIAMETER": null, "INSTALLED_BY": "City of Vancouver", "FIRE_LIN_MATERIAL": null, "MAP_TOOLTIP": "1200 n/a n/a  GVWD", "UPDATED_DATE_iso": "2012-08-29", "COV_DATE_UPDATE_iso": "2012-08-29"}, "geometry": {"type": "LineString", "coordinates": [[-123.1173635595236, 49.24112957860375], [-123.11734004815531, 49.24114486741187]]}}, {"type": "Feature", "properties": {"SHAPE_Length": 2.3609996015788344, "OBJECTID": 21289588, "COV_SOURCE_KEY": "371318", "UPDATED_DATE": 1283231581000, "COV_DATE_UPDATE": 1283231581000, "TBFID": 440208, "ORACLE_ID": "__FJ9JO3", "UNIT_ID_1": "865873", "UNIT_ID_2": "207645", "MAIN_COMP1": 43, "MAIN_KEY_1": 117804, "MAIN_COMP2": 1, "MAIN_KEY_2": 197475, "ADDRESS_KEY": 155167, "INSTALLATION_DATE": -978278400000, "DEPTH_OF_COVER_M": 0.9100000262260437, "RESTRAINED_JOINT": 0, "CATHODICALLY_PROTECTED": 0, "REMARKS": null, "ASSET_DESCRIPTION": "4000 MANITOBA ST", "SPLIT_ON_CITYSIDE": null, "COMPKEY": 235956, "COMPTYPE": 41, "COATING_DATE": null, "LINING_DATE": null, "UPDATED_BY": "enhanmgetask", "WATERMAIN_KEY": 23344, "BUN": null, "PIPE_LENGTH_M": 2.36097923, "PARALLEL_LINE_NUMBER": null, "PRESSURE_ZONE": null, "PIPE_USE": "Water Main", "SERVICE_STATUS": "Out of Service-Abandoned", "SUBSYSTEM": "Distribution", "OWNER": "COVAV", "OPERATOR": "COVAV", "DIAMETER": "200 mm", "PIPE_CLASS": null, "MATERIAL": "Cast Iron", "LINING_MATERIAL": "blank", "COATING_MATERIAL": "blank", "FACET": "P16", "CONNECTION_TYPE": null, "DOMESTIC_DIAMETER": null, "DOMESTIC_MATERIAL": null, "FIRE_LIN_DIAMETER": null, "INSTALLED_BY": "City of Vancouver", "FIRE_LIN_MATERIAL": null, "MAP_TOOLTIP": "200 CI n/a 1939", "UPDATED_DATE_iso": "2010-08-31", "COV_DATE_UPDATE_iso": "2010-08-31", "INSTALLATION_DATE_iso": "1939-01-01"}, "geometry": {"type": "LineString", "coordinates": [[-123.10740956294745, 49.248964576999185], [-123.10739444836483, 49.24896459104993], [-123.10739511100307, 49.248953346397265], [-123.10739511080796, 49.24895325644513]]}}, {"type": "Feature", "properties": {"SHAPE_Length": 0.7824321071866994, "OBJECTID": 21289596, "COV_SOURCE_KEY": "371330", "UPDATED_DATE": 1633376532000, "COV_DATE_UPDATE": 1633376532000, "TBFID": 440220, "ORACLE_ID": "__FJ9JOK", "UNIT_ID_1": "64626", "UNIT_ID_2": "214464", "MAIN_COMP1": 46, "MAIN_KEY_1": 96055, "MAIN_COMP2": 43, "MAIN_KEY_2": 128848, "ADDRESS_KEY": 156485, "INSTALLATION_DATE": -1262275200000, "DEPTH_OF_COVER_M": 0.9100000262260437, "RESTRAINED_JOINT": 0, "CATHODICALLY_PROTECTED": 0, "REMARKS": null, "ASSET_DESCRIPTION": "4100 ASH ST", "SPLIT_ON_CITYSIDE": null, "COMPKEY": 235971, "COMPTYPE": 41, "COATING_DATE": null, "LINING_DATE": null, "UPDATED_BY": "enyamw", "WATERMAIN_KEY": 23356, "BUN": null, "PIPE_LENGTH_M": 0.78243211, "PARALLEL_LINE_NUMBER": null, "PRESSURE_ZONE": 172, "PIPE_USE": "Water Main", "SERVICE_STATUS": "Out of Service-Abandoned", "SUBSYSTEM": "Distribution", "OWNER": "COVAV", "OPERATOR": "COVAV", "DIAMETER": "150 mm", "PIPE_CLASS": null, "MATERIAL": "Cast Iron", "LINING_MATERIAL": "blank", "COATING_MATERIAL": "blank", "FACET": "O16", "CONNECTION_TYPE": null, "DOMESTIC_DIAMETER": null, "DOMESTIC_MATERIAL": null, "FIRE_LIN_DIAMETER": null, "INSTALLED_BY": "City of Vancouver", "FIRE_LIN_MATERIAL": null, "MAP_TOOLTIP": "150 CI n/a 1930", "UPDATED_DATE_iso": "2021-10-04", "COV_DATE_UPDATE_iso": "2021-10-04", "INSTALLATION_DATE_iso": "1930-01-01"}, "geometry": {"type": "LineString", "coordinates": [[-123.11841709261938, 49.248095503231106], [-123.11841675219463, 49.24810253785085]]}}, {"type": "Feature", "properties": {"SHAPE_Length": 1.1073540543619216, "OBJECTID": 21289597, "COV_SOURCE_KEY": "371332", "UPDATED_DATE": 1591041246000, "COV_DATE_UPDATE": 1591041246000, "TBFID": 440222, "ORACLE_ID": "__FJ9JON", "UNIT_ID_1": "64623", "UNIT_ID_2": "219317", "MAIN_COMP1": 46, "MAIN_KEY_1": 96061, "MAIN_COMP2": 43, "MAIN_KEY_2": 178741, "ADDRESS_KEY": 150857, "INSTALLATION_DATE": -1262275200000, "DEPTH_OF_COVER_M": 0.9100000262260437, "RESTRAINED_JOINT": 0, "CATHODICALLY_PROTECTED": 0, "REMARKS": null, "ASSET_DESCRIPTION": "4200 ASH ST", "SPLIT_ON_CITYSIDE": null, "COMPKEY": 235974, "COMPTYPE": 41, "COATING_DATE": null, "LINING_DATE": null, "UPDATED_BY": "enyamw", "WATERMAIN_KEY": 23358, "BUN": null, "PIPE_LENGTH_M": 1.10735405, "PARALLEL_LINE_NUMBER": null, "PRESSURE_ZONE": 172, "PIPE_USE": "Water Main", "SERVICE_STATUS": "Out of Service-Abandoned", "SUBSYSTEM": "Distribution", "OWNER": "COVAV", "OPERATOR": "COVAV", "DIAMETER": "150 mm", "PIPE_CLASS": null, "MATERIAL": "Cast Iron", "LINING_MATERIAL": "blank", "COATING_MATERIAL": "blank", "FACET": "O16", "CONNECTION_TYPE": null, "DOMESTIC_DIAMETER": null, "DOMESTIC_MATERIAL": null, "FIRE_LIN_DIAMETER": null, "INSTALLED_BY": "City of Vancouver", "FIRE_LIN_MATERIAL": null, "MAP_TOOLTIP": "150 CI n/a 1930", "UPDATED_DATE_iso": "2020-06-01", "COV_DATE_UPDATE_iso": "2020-06-01", "INSTALLATION_DATE_iso": "1930-01-01"}, "geometry": {"type": "LineString", "coordinates": [[-123.11845704460268, 49.24717451243898], [-123.11845668370329, 49.247184470531565]]}}, {"type": "Feature", "properties": {"SHAPE_Length": 96.62168204938739, "OBJECTID": 21289667, "COV_SOURCE_KEY": "376671", "UPDATED_DATE": 1462519204000, "COV_DATE_UPDATE": 1462519204000, "TBFID": 443017, "ORACLE_ID": "__FJ9PZ7", "UNIT_ID_1": "4211687", "UNIT_ID_2": "61827", "MAIN_COMP1": 43, "MAIN_KEY_1": 844792, "MAIN_COMP2": 46, "MAIN_KEY_2": 59746, "ADDRESS_KEY": 153040, "INSTALLATION_DATE": -473356800000, "DEPTH_OF_COVER_M": 0.9100000262260437, "RESTRAINED_JOINT": 0, "CATHODICALLY_PROTECTED": 0, "REMARKS": null, "ASSET_DESCRIPTION": "900 W 32ND AV", "SPLIT_ON_CITYSIDE": null, "COMPKEY": 244081, "COMPTYPE": 41, "COATING_DATE": null, "LINING_DATE": null, "UPDATED_BY": "ENHANMGETASK", "WATERMAIN_KEY": 29642, "BUN": null, "PIPE_LENGTH_M": 96.62168205, "PARALLEL_LINE_NUMBER": null, "PRESSURE_ZONE": 173, "PIPE_USE": "Water Main", "SERVICE_STATUS": "Out of Service-Abandoned", "SUBSYSTEM": "Distribution", "OWNER": "COVAV", "OPERATOR": "COVAV", "DIAMETER": "150 mm", "PIPE_CLASS": null, "MATERIAL": "Cast Iron", "LINING_MATERIAL": "blank", "COATING_MATERIAL": "blank", "FACET": "N17", "CONNECTION_TYPE": null, "DOMESTIC_DIAMETER": null, "DOMESTIC_MATERIAL": null, "FIRE_LIN_DIAMETER": null, "INSTALLED_BY": "City of Vancouver", "FIRE_LIN_MATERIAL": null, "MAP_TOOLTIP": "150 CI n/a 1955", "UPDATED_DATE_iso": "2016-05-06", "COV_DATE_UPDATE_iso": "2016-05-06", "INSTALLATION_DATE_iso": "1955-01-01"}, "geometry": {"type": "LineString", "coordinates": [[-123.12508069802746, 49.24242947921526], [-123.12375508320187, 49.242383690800594]]}}, {"type": "Feature", "properties": {"SHAPE_Length": 2.3417547881125444, "OBJECTID": 21289954, "COV_SOURCE_KEY": "385736", "UPDATED_DATE": 1283231586000, "COV_DATE_UPDATE": 1283231586000, "TBFID": 450434, "ORACLE_ID": "__FJ9Y82", "UNIT_ID_1": "218290", "UNIT_ID_2": "232659", "MAIN_COMP1": 1, "MAIN_KEY_1": 161651, "MAIN_COMP2": 1, "MAIN_KEY_2": 200442, "ADDRESS_KEY": 148195, "INSTALLATION_DATE": -1262275200000, "DEPTH_OF_COVER_M": 0.9100000262260437, "RESTRAINED_JOINT": 0, "CATHODICALLY_PROTECTED": 0, "REMARKS": null, "ASSET_DESCRIPTION": "4000 CAMBIE ST", "SPLIT_ON_CITYSIDE": null, "COMPKEY": 255411, "COMPTYPE": 41, "COATING_DATE": null, "LINING_DATE": null, "UPDATED_BY": "enhanmgetask", "WATERMAIN_KEY": 37889, "BUN": null, "PIPE_LENGTH_M": 2.34174036, "PARALLEL_LINE_NUMBER": null, "PRESSURE_ZONE": null, "PIPE_USE": "Water Main", "SERVICE_STATUS": "Out of Service-Abandoned", "SUBSYSTEM": "Distribution", "OWNER": "COVAV", "OPERATOR": "COVAV", "DIAMETER": "300 mm", "PIPE_CLASS": null, "MATERIAL": "Cast Iron", "LINING_MATERIAL": "blank", "COATING_MATERIAL": "blank", "FACET": "O16", "CONNECTION_TYPE": null, "DOMESTIC_DIAMETER": null, "DOMESTIC_MATERIAL": null, "FIRE_LIN_DIAMETER": null, "INSTALLED_BY": "City of Vancouver", "FIRE_LIN_MATERIAL": null, "MAP_TOOLTIP": "300 CI n/a 1930", "UPDATED_DATE_iso": "2010-08-31", "COV_DATE_UPDATE_iso": "2010-08-31", "INSTALLATION_DATE_iso": "1930-01-01"}, "geometry": {"type": "LineString", "coordinates": [[-123.11551875642051, 49.24907531057676], [-123.11551862132346, 49.24907630018708], [-123.11551834882083, 49.24907728993478], [-123.11551793891262, 49.2490782798199], [-123.11551752900439, 49.249079269705], [-123.11551698148071, 49.249080169775404], [-123.1155162965514, 49.24908106998318], [-123.11551547400667, 49.249081880376245], [-123.11551465167173, 49.249082780721416], [-123.11551369151148, 49.24908350129977], [-123.11551259415543, 49.2490843119676], [-123.11551149637971, 49.24908494273123], [-123.11551039860392, 49.249085573494845], [-123.11550902601688, 49.249086204533214], [-123.11550779041576, 49.249086655530014], [-123.11550641740901, 49.249087106664184], [-123.11550504419236, 49.24908746784625], [-123.11550353357013, 49.24908782916566], [-123.11550202273804, 49.24908810053299], [-123.11550051169607, 49.24908828194818], [-123.1154990004443, 49.2490883734113], [-123.11549748898268, 49.24908837492228]]}}, {"type": "Feature", "properties": {"SHAPE_Length": 11.32452206527666, "OBJECTID": 21289958, "COV_SOURCE_KEY": "385740", "UPDATED_DATE": 1283231586000, "COV_DATE_UPDATE": 1283231586000, "TBFID": 450438, "ORACLE_ID": "__FJ9Y87", "UNIT_ID_1": "218290", "UNIT_ID_2": "224388", "MAIN_COMP1": 1, "MAIN_KEY_1": 161651, "MAIN_COMP2": 1, "MAIN_KEY_2": 153659, "ADDRESS_KEY": 148195, "INSTALLATION_DATE": null, "DEPTH_OF_COVER_M": 1.2200000286102295, "RESTRAINED_JOINT": 0, "CATHODICALLY_PROTECTED": 0, "REMARKS": null, "ASSET_DESCRIPTION": "4000 CAMBIE ST", "SPLIT_ON_CITYSIDE": null, "COMPKEY": 255416, "COMPTYPE": 41, "COATING_DATE": null, "LINING_DATE": null, "UPDATED_BY": "enhanmgetask", "WATERMAIN_KEY": 37893, "BUN": null, "PIPE_LENGTH_M": 11.32444789, "PARALLEL_LINE_NUMBER": null, "PRESSURE_ZONE": null, "PIPE_USE": "Water Main", "SERVICE_STATUS": "Out of Service-Abandoned", "SUBSYSTEM": "Transmission", "OWNER": "GVWD", "OPERATOR": "GVWD", "DIAMETER": "600 mm", "PIPE_CLASS": null, "MATERIAL": "Steel", "LINING_MATERIAL": "blank", "COATING_MATERIAL": "blank", "FACET": "O16", "CONNECTION_TYPE": null, "DOMESTIC_DIAMETER": null, "DOMESTIC_MATERIAL": null, "FIRE_LIN_DIAMETER": null, "INSTALLED_BY": "City of Vancouver", "FIRE_LIN_MATERIAL": null, "MAP_TOOLTIP": "600 S n/a  GVWD", "UPDATED_DATE_iso": "2010-08-31", "COV_DATE_UPDATE_iso": "2010-08-31"}, "geometry": {"type": "LineString", "coordinates": [[-123.11551875642051, 49.24907531057676], [-123.11552291582258, 49.24897348041849]]}}, {"type": "Feature", "properties": {"SHAPE_Length": 10.134150186237482, "OBJECTID": 21289959, "COV_SOURCE_KEY": "385741", "UPDATED_DATE": 1270097008000, "COV_DATE_UPDATE": 1270097008000, "TBFID": 450439, "ORACLE_ID": "__FJ9Y88", "UNIT_ID_1": "T__FP63CI", "UNIT_ID_2": "T__FP5U11", "MAIN_COMP1": 43, "MAIN_KEY_1": 173132, "MAIN_COMP2": 43, "MAIN_KEY_2": 159154, "ADDRESS_KEY": 151546, "INSTALLATION_DATE": -1325433600000, "DEPTH_OF_COVER_M": 1.2200000286102295, "RESTRAINED_JOINT": 0, "CATHODICALLY_PROTECTED": 0, "REMARKS": null, "ASSET_DESCRIPTION": "500 W KING EDWARD AV", "SPLIT_ON_CITYSIDE": null, "COMPKEY": 255418, "COMPTYPE": 41, "COATING_DATE": null, "LINING_DATE": null, "UPDATED_BY": "enfoz", "WATERMAIN_KEY": 37894, "BUN": null, "PIPE_LENGTH_M": 10.13410251, "PARALLEL_LINE_NUMBER": null, "PRESSURE_ZONE": null, "PIPE_USE": "Water Main", "SERVICE_STATUS": "Out of Service-Abandoned", "SUBSYSTEM": "Transmission", "OWNER": "COVAV", "OPERATOR": "COVAV", "DIAMETER": "450 mm", "PIPE_CLASS": null, "MATERIAL": "Steel", "LINING_MATERIAL": "blank", "COATING_MATERIAL": "blank", "FACET": "O16", "CONNECTION_TYPE": null, "DOMESTIC_DIAMETER": null, "DOMESTIC_MATERIAL": null, "FIRE_LIN_DIAMETER": null, "INSTALLED_BY": "City of Vancouver", "FIRE_LIN_MATERIAL": null, "MAP_TOOLTIP": "450 S n/a 1928", "UPDATED_DATE_iso": "2010-04-01", "COV_DATE_UPDATE_iso": "2010-04-01", "INSTALLATION_DATE_iso": "1928-01-01"}, "geometry": {"type": "LineString", "coordinates": [[-123.1155480622489, 49.248973994985455], [-123.11568725989663, 49.2489764643033]]}}, {"type": "Feature", "properties": {"SHAPE_Length": 5.703743068850156, "OBJECTID": 21290131, "COV_SOURCE_KEY": "378694", "UPDATED_DATE": 1752267958000, "COV_DATE_UPDATE": 1752267958000, "TBFID": 442904, "ORACLE_ID": "__FJ9RIM", "UNIT_ID_1": "142743", "UNIT_ID_2": "863507", "MAIN_COMP1": 43, "MAIN_KEY_1": 890803, "MAIN_COMP2": 43, "MAIN_KEY_2": 828604, "ADDRESS_KEY": 150485, "INSTALLATION_DATE": 94723200000, "DEPTH_OF_COVER_M": 0.9100000262260437, "RESTRAINED_JOINT": 0, "CATHODICALLY_PROTECTED": 0, "REMARKS": null, "ASSET_DESCRIPTION": "4900 5000  HEATHER ST", "SPLIT_ON_CITYSIDE": null, "COMPKEY": 245966, "COMPTYPE": 41, "COATING_DATE": null, "LINING_DATE": null, "UPDATED_BY": "enyamw", "WATERMAIN_KEY": 31141, "BUN": null, "PIPE_LENGTH_M": 5.70350268, "PARALLEL_LINE_NUMBER": null, "PRESSURE_ZONE": 173, "PIPE_USE": "Water Main", "SERVICE_STATUS": "Out of Service-Abandoned", "SUBSYSTEM": "Distribution", "OWNER": "COVAV", "OPERATOR": "COVAV", "DIAMETER": "300 mm", "PIPE_CLASS": "Class 52 - (Material is Ductile Iron)", "MATERIAL": "Ductile Iron", "LINING_MATERIAL": "Cement Lined", "COATING_MATERIAL": "blank", "FACET": "O17", "CONNECTION_TYPE": null, "DOMESTIC_DIAMETER": null, "DOMESTIC_MATERIAL": null, "FIRE_LIN_DIAMETER": null, "INSTALLED_BY": "City of Vancouver", "FIRE_LIN_MATERIAL": null, "MAP_TOOLTIP": "300 DI CL 1973", "UPDATED_DATE_iso": "2025-07-11", "COV_DATE_UPDATE_iso": "2025-07-11", "INSTALLATION_DATE_iso": "1973-01-01"}, "geometry": {"type": "LineString", "coordinates": [[-123.12072453005568, 49.24111203781452], [-123.12064619092524, 49.24111085132111]]}}, {"type": "Feature", "properties": {"SHAPE_Length": 0.9132896580337865, "OBJECTID": 21290132, "COV_SOURCE_KEY": "378695", "UPDATED_DATE": 1752267957000, "COV_DATE_UPDATE": 1752267957000, "TBFID": 442905, "ORACLE_ID": "__FJ9RIN", "UNIT_ID_1": "4668321", "UNIT_ID_2": "4668311", "MAIN_COMP1": 43, "MAIN_KEY_1": 976969, "MAIN_COMP2": 43, "MAIN_KEY_2": 976970, "ADDRESS_KEY": 156147, "INSTALLATION_DATE": -788889600000, "DEPTH_OF_COVER_M": 0.9100000262260437, "RESTRAINED_JOINT": 0, "CATHODICALLY_PROTECTED": 0, "REMARKS": null, "ASSET_DESCRIPTION": "4900 5000  HEATHER ST", "SPLIT_ON_CITYSIDE": null, "COMPKEY": 245967, "COMPTYPE": 41, "COATING_DATE": null, "LINING_DATE": null, "UPDATED_BY": "enyamw", "WATERMAIN_KEY": 31142, "BUN": null, "PIPE_LENGTH_M": 0.984, "PARALLEL_LINE_NUMBER": null, "PRESSURE_ZONE": 173, "PIPE_USE": "Water Main", "SERVICE_STATUS": "Out of Service-Abandoned", "SUBSYSTEM": "Distribution", "OWNER": "COVAV", "OPERATOR": "COVAV", "DIAMETER": "300 mm", "PIPE_CLASS": "Class 22 (Material is Cast Iron)", "MATERIAL": "Cast Iron", "LINING_MATERIAL": "blank", "COATING_MATERIAL": "blank", "FACET": "O17", "CONNECTION_TYPE": null, "DOMESTIC_DIAMETER": null, "DOMESTIC_MATERIAL": null, "FIRE_LIN_DIAMETER": null, "INSTALLED_BY": "City of Vancouver", "FIRE_LIN_MATERIAL": null, "MAP_TOOLTIP": "300 CI n/a 1945", "UPDATED_DATE_iso": "2025-07-11", "COV_DATE_UPDATE_iso": "2025-07-11", "INSTALLATION_DATE_iso": "1945-01-01"}, "geometry": {"type": "LineString", "coordinates": [[-123.1206093157196, 49.241110278147346], [-123.12059677210765, 49.24111008435134]]}}, {"type": "Feature", "properties": {"SHAPE_Length": 4.454408266647571, "OBJECTID": 21290133, "COV_SOURCE_KEY": "378696", "UPDATED_DATE": 1752267954000, "COV_DATE_UPDATE": 1752267954000, "TBFID": 442906, "ORACLE_ID": "__FJ9RIO", "UNIT_ID_1": "4668311", "UNIT_ID_2": "61561", "MAIN_COMP1": 43, "MAIN_KEY_1": 976970, "MAIN_COMP2": 46, "MAIN_KEY_2": 99709, "ADDRESS_KEY": 156147, "INSTALLATION_DATE": -788889600000, "DEPTH_OF_COVER_M": 0.9100000262260437, "RESTRAINED_JOINT": 0, "CATHODICALLY_PROTECTED": 0, "REMARKS": null, "ASSET_DESCRIPTION": "4900 5000  HEATHER ST", "SPLIT_ON_CITYSIDE": null, "COMPKEY": 245969, "COMPTYPE": 41, "COATING_DATE": null, "LINING_DATE": null, "UPDATED_BY": "enyamw", "WATERMAIN_KEY": 31143, "BUN": null, "PIPE_LENGTH_M": 4.408, "PARALLEL_LINE_NUMBER": null, "PRESSURE_ZONE": 173, "PIPE_USE": "Water Main", "SERVICE_STATUS": "Out of Service-Abandoned", "SUBSYSTEM": "Distribution", "OWNER": "COVAV", "OPERATOR": "COVAV", "DIAMETER": "300 mm", "PIPE_CLASS": "Class 22 (Material is Cast Iron)", "MATERIAL": "Cast Iron", "LINING_MATERIAL": "blank", "COATING_MATERIAL": "blank", "FACET": "O17", "CONNECTION_TYPE": null, "DOMESTIC_DIAMETER": null, "DOMESTIC_MATERIAL": null, "FIRE_LIN_DIAMETER": null, "INSTALLED_BY": "City of Vancouver", "FIRE_LIN_MATERIAL": null, "MAP_TOOLTIP": "300 CI n/a 1945", "UPDATED_DATE_iso": "2025-07-11", "COV_DATE_UPDATE_iso": "2025-07-11", "INSTALLATION_DATE_iso": "1945-01-01"}, "geometry": {"type": "LineString", "coordinates": [[-123.12059677210765, 49.24111008435134], [-123.12053559280942, 49.241109140731105]]}}, {"type": "Feature", "properties": {"SHAPE_Length": 138.06217602590877, "OBJECTID": 21290230, "COV_SOURCE_KEY": "385734", "UPDATED_DATE": 1270097006000, "COV_DATE_UPDATE": 1270097006000, "TBFID": 450432, "ORACLE_ID": "__FJ9Y80", "UNIT_ID_1": "T__FP59KP", "UNIT_ID_2": "T__FP60HR", "MAIN_COMP1": 43, "MAIN_KEY_1": 127187, "MAIN_COMP2": 43, "MAIN_KEY_2": 168937, "ADDRESS_KEY": 157506, "INSTALLATION_DATE": null, "DEPTH_OF_COVER_M": 0, "RESTRAINED_JOINT": 0, "CATHODICALLY_PROTECTED": 0, "REMARKS": null, "ASSET_DESCRIPTION": "500 W 22ND AV", "SPLIT_ON_CITYSIDE": null, "COMPKEY": 255409, "COMPTYPE": 41, "COATING_DATE": null, "LINING_DATE": null, "UPDATED_BY": "enfoz", "WATERMAIN_KEY": 37887, "BUN": null, "PIPE_LENGTH_M": 138.0620845, "PARALLEL_LINE_NUMBER": null, "PRESSURE_ZONE": null, "PIPE_USE": "Water Main", "SERVICE_STATUS": "Out of Service-Abandoned", "SUBSYSTEM": "<blank>", "OWNER": "COVAV", "OPERATOR": "COVAV", "DIAMETER": "100 mm", "PIPE_CLASS": null, "MATERIAL": "Cast Iron", "LINING_MATERIAL": "blank", "COATING_MATERIAL": "blank", "FACET": "O15", "CONNECTION_TYPE": null, "DOMESTIC_DIAMETER": null, "DOMESTIC_MATERIAL": null, "FIRE_LIN_DIAMETER": null, "INSTALLED_BY": "City of Vancouver", "FIRE_LIN_MATERIAL": null, "MAP_TOOLTIP": "100 CI n/a ", "UPDATED_DATE_iso": "2010-04-01", "COV_DATE_UPDATE_iso": "2010-04-01"}, "geometry": {"type": "LineString", "coordinates": [[-123.11820273006751, 49.25152593620332], [-123.11630635193211, 49.25149059358089]]}}, {"type": "Feature", "properties": {"SHAPE_Length": 5.809287219638172, "OBJECTID": 21290247, "COV_SOURCE_KEY": "378697", "UPDATED_DATE": 1752267953000, "COV_DATE_UPDATE": 1752267953000, "TBFID": 442907, "ORACLE_ID": "__FJ9RIP", "UNIT_ID_1": "4668321", "UNIT_ID_2": "61560", "MAIN_COMP1": 43, "MAIN_KEY_1": 976969, "MAIN_COMP2": 46, "MAIN_KEY_2": 99712, "ADDRESS_KEY": 156683, "INSTALLATION_DATE": -568051200000, "DEPTH_OF_COVER_M": 0.9100000262260437, "RESTRAINED_JOINT": 0, "CATHODICALLY_PROTECTED": 0, "REMARKS": null, "ASSET_DESCRIPTION": "4900 5000  HEATHER ST", "SPLIT_ON_CITYSIDE": null, "COMPKEY": 245970, "COMPTYPE": 41, "COATING_DATE": null, "LINING_DATE": null, "UPDATED_BY": "enyamw", "WATERMAIN_KEY": 31144, "BUN": null, "PIPE_LENGTH_M": 5.57201938, "PARALLEL_LINE_NUMBER": null, "PRESSURE_ZONE": 173, "PIPE_USE": "Water Main", "SERVICE_STATUS": "Out of Service-Abandoned", "SUBSYSTEM": "Distribution", "OWNER": "COVAV", "OPERATOR": "COVAV", "DIAMETER": "150 mm", "PIPE_CLASS": null, "MATERIAL": "Cast Iron", "LINING_MATERIAL": "blank", "COATING_MATERIAL": "blank", "FACET": "O17", "CONNECTION_TYPE": null, "DOMESTIC_DIAMETER": null, "DOMESTIC_MATERIAL": null, "FIRE_LIN_DIAMETER": null, "INSTALLED_BY": "City of Vancouver", "FIRE_LIN_MATERIAL": null, "MAP_TOOLTIP": "150 CI n/a 1952", "UPDATED_DATE_iso": "2025-07-11", "COV_DATE_UPDATE_iso": "2025-07-11", "INSTALLATION_DATE_iso": "1952-01-01"}, "geometry": {"type": "LineString", "coordinates": [[-123.1206093157196, 49.241110278147346], [-123.12061142786389, 49.24105804057036]]}}, {"type": "Feature", "properties": {"SHAPE_Length": 1.1703349947010477, "OBJECTID": 21290248, "COV_SOURCE_KEY": "378698", "UPDATED_DATE": 1752267952000, "COV_DATE_UPDATE": 1752267952000, "TBFID": 442908, "ORACLE_ID": "__FJ9RIQ", "UNIT_ID_1": "61560", "UNIT_ID_2": "142757", "MAIN_COMP1": 46, "MAIN_KEY_1": 99712, "MAIN_COMP2": 43, "MAIN_KEY_2": 46951, "ADDRESS_KEY": 156683, "INSTALLATION_DATE": -568051200000, "DEPTH_OF_COVER_M": 0.9100000262260437, "RESTRAINED_JOINT": 0, "CATHODICALLY_PROTECTED": 0, "REMARKS": null, "ASSET_DESCRIPTION": "4900 5000  HEATHER ST", "SPLIT_ON_CITYSIDE": null, "COMPKEY": 245971, "COMPTYPE": 41, "COATING_DATE": null, "LINING_DATE": null, "UPDATED_BY": "enyamw", "WATERMAIN_KEY": 31145, "BUN": null, "PIPE_LENGTH_M": 0.9962319, "PARALLEL_LINE_NUMBER": null, "PRESSURE_ZONE": 173, "PIPE_USE": "Water Main", "SERVICE_STATUS": "Out of Service-Abandoned", "SUBSYSTEM": "Distribution", "OWNER": "COVAV", "OPERATOR": "COVAV", "DIAMETER": "150 mm", "PIPE_CLASS": null, "MATERIAL": "Cast Iron", "LINING_MATERIAL": "blank", "COATING_MATERIAL": "blank", "FACET": "O17", "CONNECTION_TYPE": null, "DOMESTIC_DIAMETER": null, "DOMESTIC_MATERIAL": null, "FIRE_LIN_DIAMETER": null, "INSTALLED_BY": "City of Vancouver", "FIRE_LIN_MATERIAL": null, "MAP_TOOLTIP": "150 CI n/a 1952", "UPDATED_DATE_iso": "2025-07-11", "COV_DATE_UPDATE_iso": "2025-07-11", "INSTALLATION_DATE_iso": "1952-01-01"}, "geometry": {"type": "LineString", "coordinates": [[-123.12061142786389, 49.24105804057036], [-123.12061178690755, 49.24104751576197]]}}, {"type": "Feature", "properties": {"SHAPE_Length": 4.685412467303623, "OBJECTID": 21290249, "COV_SOURCE_KEY": "378699", "UPDATED_DATE": 1752267951000, "COV_DATE_UPDATE": 1752267951000, "TBFID": 442909, "ORACLE_ID": "__FJ9RIR", "UNIT_ID_1": "142757", "UNIT_ID_2": "142758", "MAIN_COMP1": 43, "MAIN_KEY_1": 46951, "MAIN_COMP2": 43, "MAIN_KEY_2": 46952, "ADDRESS_KEY": 156683, "INSTALLATION_DATE": -568051200000, "DEPTH_OF_COVER_M": 0.9100000262260437, "RESTRAINED_JOINT": 0, "CATHODICALLY_PROTECTED": 0, "REMARKS": null, "ASSET_DESCRIPTION": "4900 5000  HEATHER ST", "SPLIT_ON_CITYSIDE": null, "COMPKEY": 245973, "COMPTYPE": 41, "COATING_DATE": null, "LINING_DATE": null, "UPDATED_BY": "enyamw", "WATERMAIN_KEY": 31146, "BUN": null, "PIPE_LENGTH_M": 5.82338771, "PARALLEL_LINE_NUMBER": null, "PRESSURE_ZONE": 173, "PIPE_USE": "Water Main", "SERVICE_STATUS": "Out of Service-Abandoned", "SUBSYSTEM": "Distribution", "OWNER": "COVAV", "OPERATOR": "COVAV", "DIAMETER": "150 mm", "PIPE_CLASS": null, "MATERIAL": "Cast Iron", "LINING_MATERIAL": "blank", "COATING_MATERIAL": "blank", "FACET": "O17", "CONNECTION_TYPE": null, "DOMESTIC_DIAMETER": null, "DOMESTIC_MATERIAL": null, "FIRE_LIN_DIAMETER": null, "INSTALLED_BY": "City of Vancouver", "FIRE_LIN_MATERIAL": null, "MAP_TOOLTIP": "150 CI n/a 1952", "UPDATED_DATE_iso": "2025-07-11", "COV_DATE_UPDATE_iso": "2025-07-11", "INSTALLATION_DATE_iso": "1952-01-01"}, "geometry": {"type": "LineString", "coordinates": [[-123.12061178690755, 49.24104751576197], [-123.12056587009111, 49.24101797833779]]}}, {"type": "Feature", "properties": {"SHAPE_Length": 64.13249744885724, "OBJECTID": 21290252, "COV_SOURCE_KEY": "378702", "UPDATED_DATE": 1757711113000, "COV_DATE_UPDATE": 1757711113000, "TBFID": 442912, "ORACLE_ID": "__FJ9RIV", "UNIT_ID_1": "64616", "UNIT_ID_2": "863515", "MAIN_COMP1": 46, "MAIN_KEY_1": 56089, "MAIN_COMP2": 43, "MAIN_KEY_2": 36098, "ADDRESS_KEY": 150386, "INSTALLATION_DATE": -820512000000, "DEPTH_OF_COVER_M": 0.9100000262260437, "RESTRAINED_JOINT": 0, "CATHODICALLY_PROTECTED": 0, "REMARKS": null, "ASSET_DESCRIPTION": "600 W 29TH AV", "SPLIT_ON_CITYSIDE": null, "COMPKEY": 245976, "COMPTYPE": 41, "COATING_DATE": null, "LINING_DATE": null, "UPDATED_BY": "enyamw", "WATERMAIN_KEY": 31149, "BUN": null, "PIPE_LENGTH_M": 64.13249745, "PARALLEL_LINE_NUMBER": null, "PRESSURE_ZONE": 172, "PIPE_USE": "Water Main", "SERVICE_STATUS": "Out of Service-Abandoned", "SUBSYSTEM": "Distribution", "OWNER": "COVAV", "OPERATOR": "COVAV", "DIAMETER": "150 mm", "PIPE_CLASS": null, "MATERIAL": "Cast Iron", "LINING_MATERIAL": "blank", "COATING_MATERIAL": "blank", "FACET": "O16", "CONNECTION_TYPE": null, "DOMESTIC_DIAMETER": null, "DOMESTIC_MATERIAL": null, "FIRE_LIN_DIAMETER": null, "INSTALLED_BY": "City of Vancouver", "FIRE_LIN_MATERIAL": null, "MAP_TOOLTIP": "150 CI n/a 1944", "UPDATED_DATE_iso": "2025-09-12", "COV_DATE_UPDATE_iso": "2025-09-12", "INSTALLATION_DATE_iso": "1944-01-01"}, "geometry": {"type": "LineString", "coordinates": [[-123.11873711718036, 49.245333143386596], [-123.1196180588144, 49.24534570950537]]}}, {"type": "Feature", "properties": {"SHAPE_Length": 3.761032437512087, "OBJECTID": 21290253, "COV_SOURCE_KEY": "378703", "UPDATED_DATE": 1757711112000, "COV_DATE_UPDATE": 1757711112000, "TBFID": 442913, "ORACLE_ID": "__FJ9RIW", "UNIT_ID_1": "61567", "UNIT_ID_2": "217395", "MAIN_COMP1": 46, "MAIN_KEY_1": 852340, "MAIN_COMP2": 43, "MAIN_KEY_2": 159379, "ADDRESS_KEY": 151222, "INSTALLATION_DATE": -820512000000, "DEPTH_OF_COVER_M": 0.9100000262260437, "RESTRAINED_JOINT": 0, "CATHODICALLY_PROTECTED": 0, "REMARKS": null, "ASSET_DESCRIPTION": "600 W 28TH AV", "SPLIT_ON_CITYSIDE": null, "COMPKEY": 245978, "COMPTYPE": 41, "COATING_DATE": null, "LINING_DATE": null, "UPDATED_BY": "enyamw", "WATERMAIN_KEY": 31150, "BUN": null, "PIPE_LENGTH_M": 3.761, "PARALLEL_LINE_NUMBER": null, "PRESSURE_ZONE": 172, "PIPE_USE": "Water Main", "SERVICE_STATUS": "Out of Service-Abandoned", "SUBSYSTEM": "Distribution", "OWNER": "COVAV", "OPERATOR": "COVAV", "DIAMETER": "150 mm", "PIPE_CLASS": null, "MATERIAL": "Cast Iron", "LINING_MATERIAL": "blank", "COATING_MATERIAL": "blank", "FACET": "O16", "CONNECTION_TYPE": null, "DOMESTIC_DIAMETER": null, "DOMESTIC_MATERIAL": null, "FIRE_LIN_DIAMETER": null, "INSTALLED_BY": "City of Vancouver", "FIRE_LIN_MATERIAL": null, "MAP_TOOLTIP": "150 CI n/a 1944", "UPDATED_DATE_iso": "2025-09-12", "COV_DATE_UPDATE_iso": "2025-09-12", "INSTALLATION_DATE_iso": "1944-01-01"}, "geometry": {"type": "LineString", "coordinates": [[-123.12035803097989, 49.24623363421726], [-123.12040966832193, 49.2462349386917]]}}, {"type": "Feature", "properties": {"SHAPE_Length": 1.259272806187963, "OBJECTID": 21290254, "COV_SOURCE_KEY": "378704", "UPDATED_DATE": 1717690596000, "COV_DATE_UPDATE": 1717690596000, "TBFID": 442914, "ORACLE_ID": "__FJ9RIX", "UNIT_ID_1": "217395", "UNIT_ID_2": "225314", "MAIN_COMP1": 43, "MAIN_KEY_1": 159379, "MAIN_COMP2": 43, "MAIN_KEY_2": 192764, "ADDRESS_KEY": 151222, "INSTALLATION_DATE": -820512000000, "DEPTH_OF_COVER_M": 0.9100000262260437, "RESTRAINED_JOINT": 0, "CATHODICALLY_PROTECTED": 0, "REMARKS": null, "ASSET_DESCRIPTION": "600 W 28TH AV", "SPLIT_ON_CITYSIDE": null, "COMPKEY": 245979, "COMPTYPE": 41, "COATING_DATE": null, "LINING_DATE": null, "UPDATED_BY": "KAQ2423", "WATERMAIN_KEY": 31151, "BUN": null, "PIPE_LENGTH_M": 1.259, "PARALLEL_LINE_NUMBER": null, "PRESSURE_ZONE": 172, "PIPE_USE": "Water Main", "SERVICE_STATUS": "Out of Service-Abandoned", "SUBSYSTEM": "Distribution", "OWNER": "COVAV", "OPERATOR": "COVAV", "DIAMETER": "150 mm", "PIPE_CLASS": null, "MATERIAL": "Cast Iron", "LINING_MATERIAL": "blank", "COATING_MATERIAL": "blank", "FACET": "O16", "CONNECTION_TYPE": null, "DOMESTIC_DIAMETER": null, "DOMESTIC_MATERIAL": null, "FIRE_LIN_DIAMETER": null, "INSTALLED_BY": "City of Vancouver", "FIRE_LIN_MATERIAL": null, "MAP_TOOLTIP": "150 CI n/a 1944", "UPDATED_DATE_iso": "2024-06-06", "COV_DATE_UPDATE_iso": "2024-06-06", "INSTALLATION_DATE_iso": "1944-01-01"}, "geometry": {"type": "LineString", "coordinates": [[-123.12040966832193, 49.2462349386917], [-123.1204215320815, 49.246243183951464]]}}, {"type": "Feature", "properties": {"SHAPE_Length": 120.91452658779122, "OBJECTID": 21290255, "COV_SOURCE_KEY": "378705", "UPDATED_DATE": 1757711111000, "COV_DATE_UPDATE": 1757711111000, "TBFID": 442915, "ORACLE_ID": "__FJ9RIZ", "UNIT_ID_1": "64622", "UNIT_ID_2": "61574", "MAIN_COMP1": 46, "MAIN_KEY_1": 56093, "MAIN_COMP2": 46, "MAIN_KEY_2": 60174, "ADDRESS_KEY": 157064, "INSTALLATION_DATE": -599587200000, "DEPTH_OF_COVER_M": 0.9100000262260437, "RESTRAINED_JOINT": 0, "CATHODICALLY_PROTECTED": 0, "REMARKS": null, "ASSET_DESCRIPTION": "600 W 27TH AV", "SPLIT_ON_CITYSIDE": null, "COMPKEY": 245980, "COMPTYPE": 41, "COATING_DATE": null, "LINING_DATE": null, "UPDATED_BY": "enyamw", "WATERMAIN_KEY": 31152, "BUN": null, "PIPE_LENGTH_M": 120.915, "PARALLEL_LINE_NUMBER": null, "PRESSURE_ZONE": 172, "PIPE_USE": "Water Main", "SERVICE_STATUS": "Out of Service-Abandoned", "SUBSYSTEM": "Distribution", "OWNER": "COVAV", "OPERATOR": "COVAV", "DIAMETER": "150 mm", "PIPE_CLASS": null, "MATERIAL": "Cast Iron", "LINING_MATERIAL": "blank", "COATING_MATERIAL": "blank", "FACET": "O16", "CONNECTION_TYPE": null, "DOMESTIC_DIAMETER": null, "DOMESTIC_MATERIAL": null, "FIRE_LIN_DIAMETER": null, "INSTALLED_BY": "City of Vancouver", "FIRE_LIN_MATERIAL": null, "MAP_TOOLTIP": "150 CI n/a 1951", "UPDATED_DATE_iso": "2025-09-12", "COV_DATE_UPDATE_iso": "2025-09-12", "INSTALLATION_DATE_iso": "1951-01-01"}, "geometry": {"type": "LineString", "coordinates": [[-123.11866069690043, 49.247144637174735], [-123.12032149878247, 49.24717308947838]]}}, {"type": "Feature", "properties": {"SHAPE_Length": 12.214745187849717, "OBJECTID": 21290420, "COV_SOURCE_KEY": "376754", "UPDATED_DATE": 1270093114000, "COV_DATE_UPDATE": 1270093114000, "TBFID": 443297, "ORACLE_ID": "__FJ9PZT", "UNIT_ID_1": "T__FP6GEE", "UNIT_ID_2": "T__FP6KM9", "MAIN_COMP1": 43, "MAIN_KEY_1": 192612, "MAIN_COMP2": 43, "MAIN_KEY_2": 198868, "ADDRESS_KEY": 148734, "INSTALLATION_DATE": -252432000000, "DEPTH_OF_COVER_M": 0, "RESTRAINED_JOINT": 0, "CATHODICALLY_PROTECTED": 0, "REMARKS": null, "ASSET_DESCRIPTION": "1000 W 32ND AV", "SPLIT_ON_CITYSIDE": null, "COMPKEY": 244106, "COMPTYPE": 41, "COATING_DATE": null, "LINING_DATE": null, "UPDATED_BY": "enfoz", "WATERMAIN_KEY": 29662, "BUN": null, "PIPE_LENGTH_M": 12.21475418, "PARALLEL_LINE_NUMBER": null, "PRESSURE_ZONE": null, "PIPE_USE": "Water Main", "SERVICE_STATUS": "Out of Service-Abandoned", "SUBSYSTEM": "<blank>", "OWNER": "COVAV", "OPERATOR": "COVAV", "DIAMETER": "150 mm", "PIPE_CLASS": null, "MATERIAL": "Cast Iron", "LINING_MATERIAL": "Cement Lined", "COATING_MATERIAL": "blank", "FACET": "N17", "CONNECTION_TYPE": null, "DOMESTIC_DIAMETER": null, "DOMESTIC_MATERIAL": null, "FIRE_LIN_DIAMETER": null, "INSTALLED_BY": "City of Vancouver", "FIRE_LIN_MATERIAL": null, "MAP_TOOLTIP": "150 CI CL 1962", "UPDATED_DATE_iso": "2010-04-01", "COV_DATE_UPDATE_iso": "2010-04-01", "INSTALLATION_DATE_iso": "1962-01-01"}, "geometry": {"type": "LineString", "coordinates": [[-123.12797023650919, 49.24243162184562], [-123.1281378347676, 49.242426038933665]]}}, {"type": "Feature", "properties": {"SHAPE_Length": 99.51776343846453, "OBJECTID": 21290421, "COV_SOURCE_KEY": "376755", "UPDATED_DATE": 1270093114000, "COV_DATE_UPDATE": 1270093114000, "TBFID": 443298, "ORACLE_ID": "__FJ9PZV", "UNIT_ID_1": "T__FP5F3B", "UNIT_ID_2": "T__FP58AI", "MAIN_COMP1": 43, "MAIN_KEY_1": 135441, "MAIN_COMP2": 43, "MAIN_KEY_2": 125069, "ADDRESS_KEY": 148734, "INSTALLATION_DATE": -189360000000, "DEPTH_OF_COVER_M": 0, "RESTRAINED_JOINT": 0, "CATHODICALLY_PROTECTED": 0, "REMARKS": null, "ASSET_DESCRIPTION": "1000 W 32ND AV", "SPLIT_ON_CITYSIDE": null, "COMPKEY": 244107, "COMPTYPE": 41, "COATING_DATE": null, "LINING_DATE": null, "UPDATED_BY": "enfoz", "WATERMAIN_KEY": 29663, "BUN": null, "PIPE_LENGTH_M": 99.51792543, "PARALLEL_LINE_NUMBER": null, "PRESSURE_ZONE": null, "PIPE_USE": "Water Main", "SERVICE_STATUS": "Out of Service-Abandoned", "SUBSYSTEM": "<blank>", "OWNER": "COVAV", "OPERATOR": "COVAV", "DIAMETER": "150 mm", "PIPE_CLASS": null, "MATERIAL": "Cast Iron", "LINING_MATERIAL": "Cement Lined", "COATING_MATERIAL": "blank", "FACET": "N17", "CONNECTION_TYPE": null, "DOMESTIC_DIAMETER": null, "DOMESTIC_MATERIAL": null, "FIRE_LIN_DIAMETER": null, "INSTALLED_BY": "City of Vancouver", "FIRE_LIN_MATERIAL": null, "MAP_TOOLTIP": "150 CI CL 1964", "UPDATED_DATE_iso": "2010-04-01", "COV_DATE_UPDATE_iso": "2010-04-01", "INSTALLATION_DATE_iso": "1964-01-01"}, "geometry": {"type": "LineString", "coordinates": [[-123.12989916484992, 49.24243481227062], [-123.12886997661458, 49.242374833231146], [-123.12853611008725, 49.2423689084994]]}}, {"type": "Feature", "properties": {"SHAPE_Length": 27.960323406897988, "OBJECTID": 21290422, "COV_SOURCE_KEY": "376756", "UPDATED_DATE": 1270093115000, "COV_DATE_UPDATE": 1270093115000, "TBFID": 443299, "ORACLE_ID": "__FJ9PZW", "UNIT_ID_1": "T__FP6L2P", "UNIT_ID_2": "T__FP6KM9", "MAIN_COMP1": 43, "MAIN_KEY_1": 199513, "MAIN_COMP2": 43, "MAIN_KEY_2": 198868, "ADDRESS_KEY": 148734, "INSTALLATION_DATE": -252432000000, "DEPTH_OF_COVER_M": 0, "RESTRAINED_JOINT": 0, "CATHODICALLY_PROTECTED": 0, "REMARKS": null, "ASSET_DESCRIPTION": "4700 LANE", "SPLIT_ON_CITYSIDE": null, "COMPKEY": 244109, "COMPTYPE": 41, "COATING_DATE": null, "LINING_DATE": null, "UPDATED_BY": "enfoz", "WATERMAIN_KEY": 29664, "BUN": null, "PIPE_LENGTH_M": 27.96035424, "PARALLEL_LINE_NUMBER": null, "PRESSURE_ZONE": null, "PIPE_USE": "Water Main", "SERVICE_STATUS": "Out of Service-Abandoned", "SUBSYSTEM": "<blank>", "OWNER": "COVAV", "OPERATOR": "COVAV", "DIAMETER": "150 mm", "PIPE_CLASS": null, "MATERIAL": "Cast Iron", "LINING_MATERIAL": "Cement Lined", "COATING_MATERIAL": "blank", "FACET": "N17", "CONNECTION_TYPE": null, "DOMESTIC_DIAMETER": null, "DOMESTIC_MATERIAL": null, "FIRE_LIN_DIAMETER": null, "INSTALLED_BY": "City of Vancouver", "FIRE_LIN_MATERIAL": null, "MAP_TOOLTIP": "150 CI CL 1962", "UPDATED_DATE_iso": "2010-04-01", "COV_DATE_UPDATE_iso": "2010-04-01", "INSTALLATION_DATE_iso": "1962-01-01"}, "geometry": {"type": "LineString", "coordinates": [[-123.12852186216621, 49.24243210692065], [-123.1281378347676, 49.242426038933665]]}}, {"type": "Feature", "properties": {"SHAPE_Length": 0.6100819620688842, "OBJECTID": 21290585, "COV_SOURCE_KEY": "401060", "UPDATED_DATE": 1270104424000, "COV_DATE_UPDATE": 1270104424000, "TBFID": 470034, "ORACLE_ID": "__FJADDP", "UNIT_ID_1": "T__FP5UAI", "UNIT_ID_2": "T__FP5LDS", "MAIN_COMP1": 43, "MAIN_KEY_1": 159542, "MAIN_COMP2": 43, "MAIN_KEY_2": 145918, "ADDRESS_KEY": 156424, "INSTALLATION_DATE": 568022400000, "DEPTH_OF_COVER_M": 0, "RESTRAINED_JOINT": 0, "CATHODICALLY_PROTECTED": 0, "REMARKS": null, "ASSET_DESCRIPTION": "3200 HEATHER ST", "SPLIT_ON_CITYSIDE": null, "COMPKEY": 276190, "COMPTYPE": 41, "COATING_DATE": null, "LINING_DATE": null, "UPDATED_BY": "enfoz", "WATERMAIN_KEY": 53590, "BUN": null, "PIPE_LENGTH_M": 0.61008163, "PARALLEL_LINE_NUMBER": null, "PRESSURE_ZONE": null, "PIPE_USE": "Water Main", "SERVICE_STATUS": "Out of Service-Abandoned", "SUBSYSTEM": "<blank>", "OWNER": "COVAV", "OPERATOR": "COVAV", "DIAMETER": "150 mm", "PIPE_CLASS": null, "MATERIAL": "Ductile Iron", "LINING_MATERIAL": "Cement Lined", "COATING_MATERIAL": "blank", "FACET": "O14", "CONNECTION_TYPE": null, "DOMESTIC_DIAMETER": null, "DOMESTIC_MATERIAL": null, "FIRE_LIN_DIAMETER": null, "INSTALLED_BY": "City of Vancouver", "FIRE_LIN_MATERIAL": null, "MAP_TOOLTIP": "150 DI CL 1988", "UPDATED_DATE_iso": "2010-04-01", "COV_DATE_UPDATE_iso": "2010-04-01", "INSTALLATION_DATE_iso": "1988-01-01"}, "geometry": {"type": "LineString", "coordinates": [[-123.12004779891066, 49.256966565687726], [-123.1200394156182, 49.25696648444571]]}}, {"type": "Feature", "properties": {"SHAPE_Length": 1.8481612475011366, "OBJECTID": 21290683, "COV_SOURCE_KEY": "400388", "UPDATED_DATE": 1467098411000, "COV_DATE_UPDATE": 1467098411000, "TBFID": 469460, "ORACLE_ID": "__FJAD82", "UNIT_ID_1": "861909", "UNIT_ID_2": "225226", "MAIN_COMP1": 43, "MAIN_KEY_1": 37446, "MAIN_COMP2": 43, "MAIN_KEY_2": 152032, "ADDRESS_KEY": 150172, "INSTALLATION_DATE": -725817600000, "DEPTH_OF_COVER_M": 0.9100000262260437, "RESTRAINED_JOINT": 0, "CATHODICALLY_PROTECTED": 0, "REMARKS": null, "ASSET_DESCRIPTION": "3500 TUPPER ST", "SPLIT_ON_CITYSIDE": null, "COMPKEY": 275979, "COMPTYPE": 41, "COATING_DATE": null, "LINING_DATE": null, "UPDATED_BY": "ENHANMGETASK", "WATERMAIN_KEY": 53422, "BUN": null, "PIPE_LENGTH_M": 1.84814842, "PARALLEL_LINE_NUMBER": null, "PRESSURE_ZONE": null, "PIPE_USE": "Water Main", "SERVICE_STATUS": "Out of Service-Abandoned", "SUBSYSTEM": "Distribution", "OWNER": "COVAV", "OPERATOR": "COVAV", "DIAMETER": "200 mm", "PIPE_CLASS": null, "MATERIAL": "Cast Iron", "LINING_MATERIAL": "blank", "COATING_MATERIAL": "blank", "FACET": "O15", "CONNECTION_TYPE": null, "DOMESTIC_DIAMETER": null, "DOMESTIC_MATERIAL": null, "FIRE_LIN_DIAMETER": null, "INSTALLED_BY": "City of Vancouver", "FIRE_LIN_MATERIAL": null, "MAP_TOOLTIP": "200 CI n/a 1947", "UPDATED_DATE_iso": "2016-06-28", "COV_DATE_UPDATE_iso": "2016-06-28", "INSTALLATION_DATE_iso": "1947-01-01"}, "geometry": {"type": "LineString", "coordinates": [[-123.11606896466488, 49.25335147647169], [-123.11607532361936, 49.25336757153217]]}}, {"type": "Feature", "properties": {"SHAPE_Length": 81.62425684287928, "OBJECTID": 21290701, "COV_SOURCE_KEY": "400471", "UPDATED_DATE": 1270104195000, "COV_DATE_UPDATE": 1270104195000, "TBFID": 469740, "ORACLE_ID": "__FJAD8O", "UNIT_ID_1": "T__FP5Q7E", "UNIT_ID_2": "T__FP5AUL", "MAIN_COMP1": 43, "MAIN_KEY_1": 153384, "MAIN_COMP2": 43, "MAIN_KEY_2": 129163, "ADDRESS_KEY": 152621, "INSTALLATION_DATE": -220896000000, "DEPTH_OF_COVER_M": 0, "RESTRAINED_JOINT": 0, "CATHODICALLY_PROTECTED": 0, "REMARKS": null, "ASSET_DESCRIPTION": "4000 HEATHER ST", "SPLIT_ON_CITYSIDE": null, "COMPKEY": 276005, "COMPTYPE": 41, "COATING_DATE": null, "LINING_DATE": null, "UPDATED_BY": "enfoz", "WATERMAIN_KEY": 53442, "BUN": null, "PIPE_LENGTH_M": 81.62459602, "PARALLEL_LINE_NUMBER": null, "PRESSURE_ZONE": null, "PIPE_USE": "Water Main", "SERVICE_STATUS": "Out of Service-Abandoned", "SUBSYSTEM": "<blank>", "OWNER": "COVAV", "OPERATOR": "COVAV", "DIAMETER": "200 mm", "PIPE_CLASS": null, "MATERIAL": "Cast Iron", "LINING_MATERIAL": "Cement Lined", "COATING_MATERIAL": "blank", "FACET": "O16", "CONNECTION_TYPE": null, "DOMESTIC_DIAMETER": null, "DOMESTIC_MATERIAL": null, "FIRE_LIN_DIAMETER": null, "INSTALLED_BY": "City of Vancouver", "FIRE_LIN_MATERIAL": null, "MAP_TOOLTIP": "200 CI CL 1963", "UPDATED_DATE_iso": "2010-04-01", "COV_DATE_UPDATE_iso": "2010-04-01", "INSTALLATION_DATE_iso": "1963-01-01"}, "geometry": {"type": "LineString", "coordinates": [[-123.12030887180345, 49.24999499640036], [-123.12032947154003, 49.24926089230688]]}}, {"type": "Feature", "properties": {"SHAPE_Length": 0.7394227478964398, "OBJECTID": 21290735, "COV_SOURCE_KEY": "399749", "UPDATED_DATE": 1757711084000, "COV_DATE_UPDATE": 1757711084000, "TBFID": 469151, "ORACLE_ID": "__FJABR6", "UNIT_ID_1": "142744", "UNIT_ID_2": "138698", "MAIN_COMP1": 43, "MAIN_KEY_1": 46958, "MAIN_COMP2": 43, "MAIN_KEY_2": 891713, "ADDRESS_KEY": 154632, "INSTALLATION_DATE": 315561600000, "DEPTH_OF_COVER_M": 0.9100000262260437, "RESTRAINED_JOINT": 0, "CATHODICALLY_PROTECTED": 0, "REMARKS": null, "ASSET_DESCRIPTION": "4100 HEATHER ST", "SPLIT_ON_CITYSIDE": null, "COMPKEY": 274162, "COMPTYPE": 41, "COATING_DATE": null, "LINING_DATE": null, "UPDATED_BY": "enyamw", "WATERMAIN_KEY": 51965, "BUN": null, "PIPE_LENGTH_M": 0.739, "PARALLEL_LINE_NUMBER": null, "PRESSURE_ZONE": 172, "PIPE_USE": "Water Main", "SERVICE_STATUS": "Out of Service-Abandoned", "SUBSYSTEM": "Distribution", "OWNER": "COVAV", "OPERATOR": "COVAV", "DIAMETER": "150 mm", "PIPE_CLASS": null, "MATERIAL": "Cast Iron", "LINING_MATERIAL": "blank", "COATING_MATERIAL": "blank", "FACET": "O16", "CONNECTION_TYPE": null, "DOMESTIC_DIAMETER": null, "DOMESTIC_MATERIAL": null, "FIRE_LIN_DIAMETER": null, "INSTALLED_BY": "City of Vancouver", "FIRE_LIN_MATERIAL": null, "MAP_TOOLTIP": "150 CI n/a 1980", "UPDATED_DATE_iso": "2025-09-12", "COV_DATE_UPDATE_iso": "2025-09-12", "INSTALLATION_DATE_iso": "1980-01-01"}, "geometry": {"type": "LineString", "coordinates": [[-123.1203693080656, 49.248074928627844], [-123.12035915345459, 49.2480747143263]]}}, {"type": "Feature", "properties": {"SHAPE_Length": 0.8285801105546964, "OBJECTID": 21291034, "COV_SOURCE_KEY": "401711", "UPDATED_DATE": 1270104680000, "COV_DATE_UPDATE": 1270104680000, "TBFID": 468545, "ORACLE_ID": "__FJAE69", "UNIT_ID_1": "T__FP6EPI", "UNIT_ID_2": "T__FP6EW8", "MAIN_COMP1": 43, "MAIN_KEY_1": 190072, "MAIN_COMP2": 43, "MAIN_KEY_2": 190349, "ADDRESS_KEY": 149132, "INSTALLATION_DATE": 852105600000, "DEPTH_OF_COVER_M": 0.9100000262260437, "RESTRAINED_JOINT": 0, "CATHODICALLY_PROTECTED": 0, "REMARKS": null, "ASSET_DESCRIPTION": "500 W 22ND AV", "SPLIT_ON_CITYSIDE": null, "COMPKEY": 277232, "COMPTYPE": 41, "COATING_DATE": null, "LINING_DATE": null, "UPDATED_BY": "enfoz", "WATERMAIN_KEY": 54429, "BUN": null, "PIPE_LENGTH_M": 0.8281, "PARALLEL_LINE_NUMBER": null, "PRESSURE_ZONE": null, "PIPE_USE": "Water Main", "SERVICE_STATUS": "Out of Service-Abandoned", "SUBSYSTEM": "Distribution", "OWNER": "COVAV", "OPERATOR": "COVAV", "DIAMETER": "150 mm", "PIPE_CLASS": null, "MATERIAL": "Ductile Iron", "LINING_MATERIAL": "Cement Lined", "COATING_MATERIAL": "blank", "FACET": "O15", "CONNECTION_TYPE": null, "DOMESTIC_DIAMETER": null, "DOMESTIC_MATERIAL": null, "FIRE_LIN_DIAMETER": null, "INSTALLED_BY": "City of Vancouver", "FIRE_LIN_MATERIAL": null, "MAP_TOOLTIP": "150 DI CL 1997", "UPDATED_DATE_iso": "2010-04-01", "COV_DATE_UPDATE_iso": "2010-04-01", "INSTALLATION_DATE_iso": "1997-01-01"}, "geometry": {"type": "LineString", "coordinates": [[-123.11830770192239, 49.25152689919206], [-123.11830811010272, 49.25151945072707]]}}, {"type": "Feature", "properties": {"SHAPE_Length": 149.5676443917683, "OBJECTID": 21291079, "COV_SOURCE_KEY": "408308", "UPDATED_DATE": 1717690596000, "COV_DATE_UPDATE": 1717690596000, "TBFID": 478477, "ORACLE_ID": "__FMUBFO", "UNIT_ID_1": "T__FMUBFM", "UNIT_ID_2": "T__FJB8BQ", "MAIN_COMP1": 43, "MAIN_KEY_1": 109930, "MAIN_COMP2": 43, "MAIN_KEY_2": 59915, "ADDRESS_KEY": 149098, "INSTALLATION_DATE": -599587200000, "DEPTH_OF_COVER_M": 0.9100000262260437, "RESTRAINED_JOINT": 0, "CATHODICALLY_PROTECTED": 0, "REMARKS": null, "ASSET_DESCRIPTION": "800 W 28TH AV", "SPLIT_ON_CITYSIDE": null, "COMPKEY": 285411, "COMPTYPE": 41, "COATING_DATE": null, "LINING_DATE": null, "UPDATED_BY": "KAQ2423", "WATERMAIN_KEY": 61027, "BUN": null, "PIPE_LENGTH_M": 149.56844343, "PARALLEL_LINE_NUMBER": null, "PRESSURE_ZONE": null, "PIPE_USE": "Water Main", "SERVICE_STATUS": "Out of Service-Abandoned", "SUBSYSTEM": "Distribution", "OWNER": "COVAV", "OPERATOR": "COVAV", "DIAMETER": "150 mm", "PIPE_CLASS": null, "MATERIAL": "Cast Iron", "LINING_MATERIAL": "blank", "COATING_MATERIAL": "blank", "FACET": "N16", "CONNECTION_TYPE": null, "DOMESTIC_DIAMETER": null, "DOMESTIC_MATERIAL": null, "FIRE_LIN_DIAMETER": null, "INSTALLED_BY": "City of Vancouver", "FIRE_LIN_MATERIAL": null, "MAP_TOOLTIP": "150 CI n/a 1951", "UPDATED_DATE_iso": "2024-06-06", "COV_DATE_UPDATE_iso": "2024-06-06", "INSTALLATION_DATE_iso": "1951-01-01"}, "geometry": {"type": "LineString", "coordinates": [[-123.12264694406952, 49.24627235322697], [-123.12470133632276, 49.246305847139226]]}}, {"type": "Feature", "properties": {"SHAPE_Length": 2.2051077069088207, "OBJECTID": 21291527, "COV_SOURCE_KEY": "400405", "UPDATED_DATE": 1457972979000, "COV_DATE_UPDATE": 1457972979000, "TBFID": 469477, "ORACLE_ID": "__FJAD8L", "UNIT_ID_1": "142121", "UNIT_ID_2": "142120", "MAIN_COMP1": 43, "MAIN_KEY_1": 47741, "MAIN_COMP2": 43, "MAIN_KEY_2": 47740, "ADDRESS_KEY": 156845, "INSTALLATION_DATE": -220896000000, "DEPTH_OF_COVER_M": 0.9100000262260437, "RESTRAINED_JOINT": 0, "CATHODICALLY_PROTECTED": 0, "REMARKS": null, "ASSET_DESCRIPTION": "3900 WILLOW ST", "SPLIT_ON_CITYSIDE": null, "COMPKEY": 276001, "COMPTYPE": 41, "COATING_DATE": null, "LINING_DATE": null, "UPDATED_BY": "enyamw", "WATERMAIN_KEY": 53439, "BUN": null, "PIPE_LENGTH_M": 2.20509972, "PARALLEL_LINE_NUMBER": null, "PRESSURE_ZONE": null, "PIPE_USE": "Water Main", "SERVICE_STATUS": "Out of Service-Abandoned", "SUBSYSTEM": "Distribution", "OWNER": "COVAV", "OPERATOR": "COVAV", "DIAMETER": "150 mm", "PIPE_CLASS": null, "MATERIAL": "Cast Iron", "LINING_MATERIAL": "Cement Lined", "COATING_MATERIAL": "blank", "FACET": "N15", "CONNECTION_TYPE": null, "DOMESTIC_DIAMETER": null, "DOMESTIC_MATERIAL": null, "FIRE_LIN_DIAMETER": null, "INSTALLED_BY": "City of Vancouver", "FIRE_LIN_MATERIAL": null, "MAP_TOOLTIP": "150 CI CL 1963", "UPDATED_DATE_iso": "2016-03-14", "COV_DATE_UPDATE_iso": "2016-03-14", "INSTALLATION_DATE_iso": "1963-01-01"}, "geometry": {"type": "LineString", "coordinates": [[-123.12232550849882, 49.250613513570556], [-123.12234203879554, 49.250630137238225]]}}, {"type": "Feature", "properties": {"SHAPE_Length": 2.130844902700095, "OBJECTID": 21291561, "COV_SOURCE_KEY": "401075", "UPDATED_DATE": 1270104430000, "COV_DATE_UPDATE": 1270104430000, "TBFID": 470148, "ORACLE_ID": "__FJADE7", "UNIT_ID_1": "T__FP61N9", "UNIT_ID_2": "T__FP5DG4", "MAIN_COMP1": 43, "MAIN_KEY_1": 170598, "MAIN_COMP2": 43, "MAIN_KEY_2": 132764, "ADDRESS_KEY": 150364, "INSTALLATION_DATE": 662716800000, "DEPTH_OF_COVER_M": 0.9100000262260437, "RESTRAINED_JOINT": 0, "CATHODICALLY_PROTECTED": 0, "REMARKS": null, "ASSET_DESCRIPTION": "900 W 17TH AV", "SPLIT_ON_CITYSIDE": null, "COMPKEY": 276208, "COMPTYPE": 41, "COATING_DATE": null, "LINING_DATE": null, "UPDATED_BY": "enfoz", "WATERMAIN_KEY": 53605, "BUN": null, "PIPE_LENGTH_M": 2.13083439, "PARALLEL_LINE_NUMBER": null, "PRESSURE_ZONE": null, "PIPE_USE": "Water Main", "SERVICE_STATUS": "Out of Service-Abandoned", "SUBSYSTEM": "Distribution", "OWNER": "COVAV", "OPERATOR": "COVAV", "DIAMETER": "150 mm", "PIPE_CLASS": null, "MATERIAL": "Ductile Iron", "LINING_MATERIAL": "Cement Lined", "COATING_MATERIAL": "blank", "FACET": "N14", "CONNECTION_TYPE": null, "DOMESTIC_DIAMETER": null, "DOMESTIC_MATERIAL": null, "FIRE_LIN_DIAMETER": null, "INSTALLED_BY": "City of Vancouver", "FIRE_LIN_MATERIAL": null, "MAP_TOOLTIP": "150 DI CL 1991", "UPDATED_DATE_iso": "2010-04-01", "COV_DATE_UPDATE_iso": "2010-04-01", "INSTALLATION_DATE_iso": "1991-01-01"}, "geometry": {"type": "LineString", "coordinates": [[-123.12530520265679, 49.25617679834067], [-123.12527592971726, 49.256176290371414]]}}, {"type": "Feature", "properties": {"SHAPE_Length": 6.3133707317404175, "OBJECTID": 21291564, "COV_SOURCE_KEY": "401079", "UPDATED_DATE": 1270104432000, "COV_DATE_UPDATE": 1270104432000, "TBFID": 470152, "ORACLE_ID": "__FJADED", "UNIT_ID_1": "T__FP6IY4", "UNIT_ID_2": "T__FP66GJ", "MAIN_COMP1": 43, "MAIN_KEY_1": 196424, "MAIN_COMP2": 43, "MAIN_KEY_2": 177945, "ADDRESS_KEY": 156801, "INSTALLATION_DATE": 631180800000, "DEPTH_OF_COVER_M": 0, "RESTRAINED_JOINT": 0, "CATHODICALLY_PROTECTED": 0, "REMARKS": null, "ASSET_DESCRIPTION": "900 W 18TH AV", "SPLIT_ON_CITYSIDE": null, "COMPKEY": 276213, "COMPTYPE": 41, "COATING_DATE": null, "LINING_DATE": null, "UPDATED_BY": "enfoz", "WATERMAIN_KEY": 53609, "BUN": null, "PIPE_LENGTH_M": 6.31337731, "PARALLEL_LINE_NUMBER": null, "PRESSURE_ZONE": null, "PIPE_USE": "Water Main", "SERVICE_STATUS": "Out of Service-Abandoned", "SUBSYSTEM": "<blank>", "OWNER": "COVAV", "OPERATOR": "COVAV", "DIAMETER": "150 mm", "PIPE_CLASS": null, "MATERIAL": "Ductile Iron", "LINING_MATERIAL": "Cement Lined", "COATING_MATERIAL": "blank", "FACET": "N14", "CONNECTION_TYPE": null, "DOMESTIC_DIAMETER": null, "DOMESTIC_MATERIAL": null, "FIRE_LIN_DIAMETER": null, "INSTALLED_BY": "City of Vancouver", "FIRE_LIN_MATERIAL": null, "MAP_TOOLTIP": "150 DI CL 1990", "UPDATED_DATE_iso": "2010-04-01", "COV_DATE_UPDATE_iso": "2010-04-01", "INSTALLATION_DATE_iso": "1990-01-01"}, "geometry": {"type": "LineString", "coordinates": [[-123.12463843145763, 49.2552669424713], [-123.12455170007237, 49.25526547982896]]}}, {"type": "Feature", "properties": {"SHAPE_Length": 3.208769233888821, "OBJECTID": 21291578, "COV_SOURCE_KEY": "400233", "UPDATED_DATE": 1467098410000, "COV_DATE_UPDATE": 1467098410000, "TBFID": 471017, "ORACLE_ID": "__FJAD6Y", "UNIT_ID_1": "225226", "UNIT_ID_2": "138554", "MAIN_COMP1": 43, "MAIN_KEY_1": 152032, "MAIN_COMP2": 43, "MAIN_KEY_2": 47715, "ADDRESS_KEY": 150172, "INSTALLATION_DATE": -725817600000, "DEPTH_OF_COVER_M": 0.9100000262260437, "RESTRAINED_JOINT": 0, "CATHODICALLY_PROTECTED": 0, "REMARKS": null, "ASSET_DESCRIPTION": "3500 TUPPER ST", "SPLIT_ON_CITYSIDE": null, "COMPKEY": 275942, "COMPTYPE": 41, "COATING_DATE": null, "LINING_DATE": null, "UPDATED_BY": "ENHANMGETASK", "WATERMAIN_KEY": 53393, "BUN": null, "PIPE_LENGTH_M": 3.208747, "PARALLEL_LINE_NUMBER": null, "PRESSURE_ZONE": null, "PIPE_USE": "Water Main", "SERVICE_STATUS": "Out of Service-Abandoned", "SUBSYSTEM": "Distribution", "OWNER": "COVAV", "OPERATOR": "COVAV", "DIAMETER": "200 mm", "PIPE_CLASS": null, "MATERIAL": "Cast Iron", "LINING_MATERIAL": "blank", "COATING_MATERIAL": "blank", "FACET": "O15", "CONNECTION_TYPE": null, "DOMESTIC_DIAMETER": null, "DOMESTIC_MATERIAL": null, "FIRE_LIN_DIAMETER": null, "INSTALLED_BY": "City of Vancouver", "FIRE_LIN_MATERIAL": null, "MAP_TOOLTIP": "200 CI n/a 1947", "UPDATED_DATE_iso": "2016-06-28", "COV_DATE_UPDATE_iso": "2016-06-28", "INSTALLATION_DATE_iso": "1947-01-01"}, "geometry": {"type": "LineString", "coordinates": [[-123.11607532361936, 49.25336757153217], [-123.11608624519867, 49.25339553570213]]}}, {"type": "Feature", "properties": {"SHAPE_Length": 77.32266789298421, "OBJECTID": 21291770, "COV_SOURCE_KEY": "400393", "UPDATED_DATE": 1270104165000, "COV_DATE_UPDATE": 1270104165000, "TBFID": 469465, "ORACLE_ID": "__FJAD88", "UNIT_ID_1": "T__FP5UWJ", "UNIT_ID_2": "T__FP5O9S", "MAIN_COMP1": 43, "MAIN_KEY_1": 160500, "MAIN_COMP2": 43, "MAIN_KEY_2": 150423, "ADDRESS_KEY": 149132, "INSTALLATION_DATE": -220896000000, "DEPTH_OF_COVER_M": 0.9100000262260437, "RESTRAINED_JOINT": 0, "CATHODICALLY_PROTECTED": 0, "REMARKS": null, "ASSET_DESCRIPTION": "3800 ASH ST", "SPLIT_ON_CITYSIDE": null, "COMPKEY": 275986, "COMPTYPE": 41, "COATING_DATE": null, "LINING_DATE": null, "UPDATED_BY": "enfoz", "WATERMAIN_KEY": 53427, "BUN": null, "PIPE_LENGTH_M": 77.3233, "PARALLEL_LINE_NUMBER": null, "PRESSURE_ZONE": null, "PIPE_USE": "Water Main", "SERVICE_STATUS": "Out of Service-Abandoned", "SUBSYSTEM": "Distribution", "OWNER": "COVAV", "OPERATOR": "COVAV", "DIAMETER": "150 mm", "PIPE_CLASS": null, "MATERIAL": "Cast Iron", "LINING_MATERIAL": "Cement Lined", "COATING_MATERIAL": "blank", "FACET": "O15", "CONNECTION_TYPE": null, "DOMESTIC_DIAMETER": null, "DOMESTIC_MATERIAL": null, "FIRE_LIN_DIAMETER": null, "INSTALLED_BY": "City of Vancouver", "FIRE_LIN_MATERIAL": null, "MAP_TOOLTIP": "150 CI CL 1963", "UPDATED_DATE_iso": "2010-04-01", "COV_DATE_UPDATE_iso": "2010-04-01", "INSTALLATION_DATE_iso": "1963-01-01"}, "geometry": {"type": "LineString", "coordinates": [[-123.11830977198296, 49.251467357672176], [-123.11833439702411, 49.250772010441686]]}}, {"type": "Feature", "properties": {"SHAPE_Length": 14.06517845592187, "OBJECTID": 21291771, "COV_SOURCE_KEY": "400394", "UPDATED_DATE": 1625850455000, "COV_DATE_UPDATE": 1625850455000, "TBFID": 469466, "ORACLE_ID": "__FJAD89", "UNIT_ID_1": "76130", "UNIT_ID_2": "229981", "MAIN_COMP1": 46, "MAIN_KEY_1": 63207, "MAIN_COMP2": 43, "MAIN_KEY_2": 126423, "ADDRESS_KEY": 153622, "INSTALLATION_DATE": -788889600000, "DEPTH_OF_COVER_M": 0.9100000262260437, "RESTRAINED_JOINT": 0, "CATHODICALLY_PROTECTED": 0, "REMARKS": null, "ASSET_DESCRIPTION": "500 W 24TH AV", "SPLIT_ON_CITYSIDE": null, "COMPKEY": 275987, "COMPTYPE": 41, "COATING_DATE": null, "LINING_DATE": null, "UPDATED_BY": "enyamw", "WATERMAIN_KEY": 53428, "BUN": null, "PIPE_LENGTH_M": 14.06517846, "PARALLEL_LINE_NUMBER": null, "PRESSURE_ZONE": 172, "PIPE_USE": "Water Main", "SERVICE_STATUS": "Out of Service-Abandoned", "SUBSYSTEM": "Distribution", "OWNER": "COVAV", "OPERATOR": "COVAV", "DIAMETER": "150 mm", "PIPE_CLASS": null, "MATERIAL": "Cast Iron", "LINING_MATERIAL": "blank", "COATING_MATERIAL": "blank", "FACET": "O15", "CONNECTION_TYPE": null, "DOMESTIC_DIAMETER": null, "DOMESTIC_MATERIAL": null, "FIRE_LIN_DIAMETER": null, "INSTALLED_BY": "City of Vancouver", "FIRE_LIN_MATERIAL": null, "MAP_TOOLTIP": "150 CI n/a 1945", "UPDATED_DATE_iso": "2021-07-09", "COV_DATE_UPDATE_iso": "2021-07-09", "INSTALLATION_DATE_iso": "1945-01-01"}, "geometry": {"type": "LineString", "coordinates": [[-123.11636182954923, 49.24998392715243], [-123.11616859999081, 49.24998143203115]]}}, {"type": "Feature", "properties": {"SHAPE_Length": 49.25171381822724, "OBJECTID": 21292189, "COV_SOURCE_KEY": "406028", "UPDATED_DATE": 1270106420000, "COV_DATE_UPDATE": 1270106420000, "TBFID": 471410, "ORACLE_ID": "__FJFO6O", "UNIT_ID_1": "T__FP58JA", "UNIT_ID_2": "T__FP61N9", "MAIN_COMP1": 43, "MAIN_KEY_1": 125449, "MAIN_COMP2": 43, "MAIN_KEY_2": 170598, "ADDRESS_KEY": 150364, "INSTALLATION_DATE": -536428800000, "DEPTH_OF_COVER_M": 0.9100000262260437, "RESTRAINED_JOINT": 0, "CATHODICALLY_PROTECTED": 0, "REMARKS": null, "ASSET_DESCRIPTION": "900 W 17TH AV", "SPLIT_ON_CITYSIDE": null, "COMPKEY": 282661, "COMPTYPE": 41, "COATING_DATE": null, "LINING_DATE": null, "UPDATED_BY": "enfoz", "WATERMAIN_KEY": 58810, "BUN": null, "PIPE_LENGTH_M": 49.25149922, "PARALLEL_LINE_NUMBER": null, "PRESSURE_ZONE": null, "PIPE_USE": "Water Main", "SERVICE_STATUS": "Out of Service-Abandoned", "SUBSYSTEM": "Distribution", "OWNER": "COVAV", "OPERATOR": "COVAV", "DIAMETER": "150 mm", "PIPE_CLASS": null, "MATERIAL": "Cast Iron", "LINING_MATERIAL": "blank", "COATING_MATERIAL": "blank", "FACET": "N14", "CONNECTION_TYPE": null, "DOMESTIC_DIAMETER": null, "DOMESTIC_MATERIAL": null, "FIRE_LIN_DIAMETER": null, "INSTALLED_BY": "City of Vancouver", "FIRE_LIN_MATERIAL": null, "MAP_TOOLTIP": "150 CI n/a 1953", "UPDATED_DATE_iso": "2010-04-01", "COV_DATE_UPDATE_iso": "2010-04-01", "INSTALLATION_DATE_iso": "1953-01-01"}, "geometry": {"type": "LineString", "coordinates": [[-123.12598184512578, 49.25618760338146], [-123.12530520265679, 49.25617679834067]]}}, {"type": "Feature", "properties": {"SHAPE_Length": 81.88276038901967, "OBJECTID": 21292190, "COV_SOURCE_KEY": "406029", "UPDATED_DATE": 1270106420000, "COV_DATE_UPDATE": 1270106420000, "TBFID": 471411, "ORACLE_ID": "__FJFO6P", "UNIT_ID_1": "T__FP5Q0Z", "UNIT_ID_2": "T__FP58JA", "MAIN_COMP1": 43, "MAIN_KEY_1": 153124, "MAIN_COMP2": 43, "MAIN_KEY_2": 125449, "ADDRESS_KEY": 150364, "INSTALLATION_DATE": -536428800000, "DEPTH_OF_COVER_M": 0.9100000262260437, "RESTRAINED_JOINT": 0, "CATHODICALLY_PROTECTED": 0, "REMARKS": null, "ASSET_DESCRIPTION": "900 W 17TH AV", "SPLIT_ON_CITYSIDE": null, "COMPKEY": 282662, "COMPTYPE": 41, "COATING_DATE": null, "LINING_DATE": null, "UPDATED_BY": "enfoz", "WATERMAIN_KEY": 58811, "BUN": null, "PIPE_LENGTH_M": 81.88241775, "PARALLEL_LINE_NUMBER": null, "PRESSURE_ZONE": null, "PIPE_USE": "Water Main", "SERVICE_STATUS": "Out of Service-Abandoned", "SUBSYSTEM": "Distribution", "OWNER": "COVAV", "OPERATOR": "COVAV", "DIAMETER": "150 mm", "PIPE_CLASS": null, "MATERIAL": "Cast Iron", "LINING_MATERIAL": "blank", "COATING_MATERIAL": "blank", "FACET": "N14", "CONNECTION_TYPE": null, "DOMESTIC_DIAMETER": null, "DOMESTIC_MATERIAL": null, "FIRE_LIN_DIAMETER": null, "INSTALLED_BY": "City of Vancouver", "FIRE_LIN_MATERIAL": null, "MAP_TOOLTIP": "150 CI n/a 1953", "UPDATED_DATE_iso": "2010-04-01", "COV_DATE_UPDATE_iso": "2010-04-01", "INSTALLATION_DATE_iso": "1953-01-01"}, "geometry": {"type": "LineString", "coordinates": [[-123.12710678875307, 49.25620554908061], [-123.12598184512578, 49.25618760338146]]}}, {"type": "Feature", "properties": {"SHAPE_Length": 21.97223076917218, "OBJECTID": 21292204, "COV_SOURCE_KEY": "410920", "UPDATED_DATE": 1270108393000, "COV_DATE_UPDATE": 1270108393000, "TBFID": 476605, "ORACLE_ID": "__FNEYN1", "UNIT_ID_1": "T__FP5SN3", "UNIT_ID_2": "T__FP584N", "MAIN_COMP1": 43, "MAIN_KEY_1": 157068, "MAIN_COMP2": 43, "MAIN_KEY_2": 124804, "ADDRESS_KEY": 151535, "INSTALLATION_DATE": -725817600000, "DEPTH_OF_COVER_M": 0.9100000262260437, "RESTRAINED_JOINT": 0, "CATHODICALLY_PROTECTED": 0, "REMARKS": null, "ASSET_DESCRIPTION": "500 W 20TH AV", "SPLIT_ON_CITYSIDE": null, "COMPKEY": 288254, "COMPTYPE": 41, "COATING_DATE": null, "LINING_DATE": null, "UPDATED_BY": "enfoz", "WATERMAIN_KEY": 63325, "BUN": null, "PIPE_LENGTH_M": 21.9725, "PARALLEL_LINE_NUMBER": null, "PRESSURE_ZONE": null, "PIPE_USE": "Water Main", "SERVICE_STATUS": "Out of Service-Abandoned", "SUBSYSTEM": "Distribution", "OWNER": "COVAV", "OPERATOR": "COVAV", "DIAMETER": "200 mm", "PIPE_CLASS": null, "MATERIAL": "Cast Iron", "LINING_MATERIAL": "blank", "COATING_MATERIAL": "blank", "FACET": "O15", "CONNECTION_TYPE": null, "DOMESTIC_DIAMETER": null, "DOMESTIC_MATERIAL": null, "FIRE_LIN_DIAMETER": null, "INSTALLED_BY": "City of Vancouver", "FIRE_LIN_MATERIAL": null, "MAP_TOOLTIP": "200 CI n/a 1947", "UPDATED_DATE_iso": "2010-04-01", "COV_DATE_UPDATE_iso": "2010-04-01", "INSTALLATION_DATE_iso": "1947-01-01"}, "geometry": {"type": "LineString", "coordinates": [[-123.11539543252232, 49.25310697734596], [-123.11513506924057, 49.253006895382605]]}}, {"type": "Feature", "properties": {"SHAPE_Length": 17.29625176161441, "OBJECTID": 21292331, "COV_SOURCE_KEY": "399893", "UPDATED_DATE": 1270103971000, "COV_DATE_UPDATE": 1270103971000, "TBFID": 469690, "ORACLE_ID": "__FJABG1", "UNIT_ID_1": "T__FP5BUZ", "UNIT_ID_2": "T__FP6LCE", "MAIN_COMP1": 43, "MAIN_KEY_1": 130453, "MAIN_COMP2": 43, "MAIN_KEY_2": 199957, "ADDRESS_KEY": 149322, "INSTALLATION_DATE": -1262275200000, "DEPTH_OF_COVER_M": 0, "RESTRAINED_JOINT": 0, "CATHODICALLY_PROTECTED": 0, "REMARKS": null, "ASSET_DESCRIPTION": "1000 W 26TH AV", "SPLIT_ON_CITYSIDE": null, "COMPKEY": 273795, "COMPTYPE": 41, "COATING_DATE": null, "LINING_DATE": null, "UPDATED_BY": "enfoz", "WATERMAIN_KEY": 51668, "BUN": null, "PIPE_LENGTH_M": 17.29627397, "PARALLEL_LINE_NUMBER": null, "PRESSURE_ZONE": null, "PIPE_USE": "Water Main", "SERVICE_STATUS": "Out of Service-Abandoned", "SUBSYSTEM": "<blank>", "OWNER": "COVAV", "OPERATOR": "COVAV", "DIAMETER": "150 mm", "PIPE_CLASS": null, "MATERIAL": "Cast Iron", "LINING_MATERIAL": "blank", "COATING_MATERIAL": "blank", "FACET": "N16", "CONNECTION_TYPE": null, "DOMESTIC_DIAMETER": null, "DOMESTIC_MATERIAL": null, "FIRE_LIN_DIAMETER": null, "INSTALLED_BY": "City of Vancouver", "FIRE_LIN_MATERIAL": null, "MAP_TOOLTIP": "150 CI n/a 1930", "UPDATED_DATE_iso": "2010-04-01", "COV_DATE_UPDATE_iso": "2010-04-01", "INSTALLATION_DATE_iso": "1930-01-01"}, "geometry": {"type": "LineString", "coordinates": [[-123.12777988526105, 49.248208492150916], [-123.12754230452894, 49.24820457188902]]}}, {"type": "Feature", "properties": {"SHAPE_Length": 16.468276413010656, "OBJECTID": 21292334, "COV_SOURCE_KEY": "399898", "UPDATED_DATE": 1270103973000, "COV_DATE_UPDATE": 1270103973000, "TBFID": 469695, "ORACLE_ID": "__FJABG6", "UNIT_ID_1": "T__FP5S99", "UNIT_ID_2": "T__FP6GI6", "MAIN_COMP1": 43, "MAIN_KEY_1": 156442, "MAIN_COMP2": 43, "MAIN_KEY_2": 192752, "ADDRESS_KEY": 156983, "INSTALLATION_DATE": -1262275200000, "DEPTH_OF_COVER_M": 0, "RESTRAINED_JOINT": 0, "CATHODICALLY_PROTECTED": 0, "REMARKS": null, "ASSET_DESCRIPTION": "1000 W 27TH AV", "SPLIT_ON_CITYSIDE": null, "COMPKEY": 273801, "COMPTYPE": 41, "COATING_DATE": null, "LINING_DATE": null, "UPDATED_BY": "enfoz", "WATERMAIN_KEY": 51673, "BUN": null, "PIPE_LENGTH_M": 16.46833151, "PARALLEL_LINE_NUMBER": null, "PRESSURE_ZONE": null, "PIPE_USE": "Water Main", "SERVICE_STATUS": "Out of Service-Abandoned", "SUBSYSTEM": "<blank>", "OWNER": "COVAV", "OPERATOR": "COVAV", "DIAMETER": "150 mm", "PIPE_CLASS": null, "MATERIAL": "Cast Iron", "LINING_MATERIAL": "blank", "COATING_MATERIAL": "blank", "FACET": "N16", "CONNECTION_TYPE": null, "DOMESTIC_DIAMETER": null, "DOMESTIC_MATERIAL": null, "FIRE_LIN_DIAMETER": null, "INSTALLED_BY": "City of Vancouver", "FIRE_LIN_MATERIAL": null, "MAP_TOOLTIP": "150 CI n/a 1930", "UPDATED_DATE_iso": "2010-04-01", "COV_DATE_UPDATE_iso": "2010-04-01", "INSTALLATION_DATE_iso": "1930-01-01"}, "geometry": {"type": "LineString", "coordinates": [[-123.12780358672815, 49.247281966010725], [-123.12757751841538, 49.24727563135888]]}}, {"type": "Feature", "properties": {"SHAPE_Length": 17.159848542029845, "OBJECTID": 21292343, "COV_SOURCE_KEY": "399722", "UPDATED_DATE": 1270103906000, "COV_DATE_UPDATE": 1270103906000, "TBFID": 469025, "ORACLE_ID": "__FJABEL", "UNIT_ID_1": "T__FP5CYH", "UNIT_ID_2": "T__FP6GEE", "MAIN_COMP1": 43, "MAIN_KEY_1": 131987, "MAIN_COMP2": 43, "MAIN_KEY_2": 192612, "ADDRESS_KEY": 148734, "INSTALLATION_DATE": -1262275200000, "DEPTH_OF_COVER_M": 0, "RESTRAINED_JOINT": 0, "CATHODICALLY_PROTECTED": 0, "REMARKS": null, "ASSET_DESCRIPTION": "4700 OAK ST", "SPLIT_ON_CITYSIDE": null, "COMPKEY": 273739, "COMPTYPE": 41, "COATING_DATE": null, "LINING_DATE": null, "UPDATED_BY": "enfoz", "WATERMAIN_KEY": 51623, "BUN": null, "PIPE_LENGTH_M": 17.1598631, "PARALLEL_LINE_NUMBER": null, "PRESSURE_ZONE": null, "PIPE_USE": "Water Main", "SERVICE_STATUS": "Out of Service-Abandoned", "SUBSYSTEM": "<blank>", "OWNER": "COVAV", "OPERATOR": "COVAV", "DIAMETER": "150 mm", "PIPE_CLASS": null, "MATERIAL": "Cast Iron", "LINING_MATERIAL": "blank", "COATING_MATERIAL": "blank", "FACET": "N17", "CONNECTION_TYPE": null, "DOMESTIC_DIAMETER": null, "DOMESTIC_MATERIAL": null, "FIRE_LIN_DIAMETER": null, "INSTALLED_BY": "City of Vancouver", "FIRE_LIN_MATERIAL": null, "MAP_TOOLTIP": "150 CI n/a 1930", "UPDATED_DATE_iso": "2010-04-01", "COV_DATE_UPDATE_iso": "2010-04-01", "INSTALLATION_DATE_iso": "1930-01-01"}, "geometry": {"type": "LineString", "coordinates": [[-123.12773459116295, 49.24242692624851], [-123.12797023650919, 49.24243162184562]]}}, {"type": "Feature", "properties": {"SHAPE_Length": 120.53848441868897, "OBJECTID": 21292355, "COV_SOURCE_KEY": "399736", "UPDATED_DATE": 1757711088000, "COV_DATE_UPDATE": 1757711088000, "TBFID": 469039, "ORACLE_ID": "__FJABQQ", "UNIT_ID_1": "64618", "UNIT_ID_2": "61567", "MAIN_COMP1": 46, "MAIN_KEY_1": 56091, "MAIN_COMP2": 46, "MAIN_KEY_2": 852340, "ADDRESS_KEY": 151222, "INSTALLATION_DATE": -820512000000, "DEPTH_OF_COVER_M": 0.9100000262260437, "RESTRAINED_JOINT": 0, "CATHODICALLY_PROTECTED": 0, "REMARKS": null, "ASSET_DESCRIPTION": "600 W 28TH AV", "SPLIT_ON_CITYSIDE": null, "COMPKEY": 274147, "COMPTYPE": 41, "COATING_DATE": null, "LINING_DATE": null, "UPDATED_BY": "enyamw", "WATERMAIN_KEY": 51952, "BUN": null, "PIPE_LENGTH_M": 120.538, "PARALLEL_LINE_NUMBER": null, "PRESSURE_ZONE": 172, "PIPE_USE": "Water Main", "SERVICE_STATUS": "Out of Service-Abandoned", "SUBSYSTEM": "Distribution", "OWNER": "COVAV", "OPERATOR": "COVAV", "DIAMETER": "150 mm", "PIPE_CLASS": null, "MATERIAL": "Cast Iron", "LINING_MATERIAL": "blank", "COATING_MATERIAL": "blank", "FACET": "O16", "CONNECTION_TYPE": null, "DOMESTIC_DIAMETER": null, "DOMESTIC_MATERIAL": null, "FIRE_LIN_DIAMETER": null, "INSTALLED_BY": "City of Vancouver", "FIRE_LIN_MATERIAL": null, "MAP_TOOLTIP": "150 CI n/a 1944", "UPDATED_DATE_iso": "2025-09-12", "COV_DATE_UPDATE_iso": "2025-09-12", "INSTALLATION_DATE_iso": "1944-01-01"}, "geometry": {"type": "LineString", "coordinates": [[-123.11870233635929, 49.24620759691312], [-123.12035803097989, 49.24623363421726]]}}, {"type": "Feature", "properties": {"SHAPE_Length": 119.9937316070922, "OBJECTID": 21292356, "COV_SOURCE_KEY": "399737", "UPDATED_DATE": 1757711087000, "COV_DATE_UPDATE": 1757711087000, "TBFID": 469040, "ORACLE_ID": "__FJABQR", "UNIT_ID_1": "64624", "UNIT_ID_2": "232448", "MAIN_COMP1": 46, "MAIN_KEY_1": 56095, "MAIN_COMP2": 43, "MAIN_KEY_2": 144380, "ADDRESS_KEY": 154632, "INSTALLATION_DATE": -915120000000, "DEPTH_OF_COVER_M": 0.9100000262260437, "RESTRAINED_JOINT": 0, "CATHODICALLY_PROTECTED": 0, "REMARKS": null, "ASSET_DESCRIPTION": "600 W 26TH AV", "SPLIT_ON_CITYSIDE": null, "COMPKEY": 274148, "COMPTYPE": 41, "COATING_DATE": null, "LINING_DATE": null, "UPDATED_BY": "enyamw", "WATERMAIN_KEY": 51953, "BUN": null, "PIPE_LENGTH_M": 119.994, "PARALLEL_LINE_NUMBER": null, "PRESSURE_ZONE": 172, "PIPE_USE": "Water Main", "SERVICE_STATUS": "Out of Service-Abandoned", "SUBSYSTEM": "Distribution", "OWNER": "COVAV", "OPERATOR": "COVAV", "DIAMETER": "150 mm", "PIPE_CLASS": null, "MATERIAL": "Cast Iron", "LINING_MATERIAL": "blank", "COATING_MATERIAL": "blank", "FACET": "O16", "CONNECTION_TYPE": null, "DOMESTIC_DIAMETER": null, "DOMESTIC_MATERIAL": null, "FIRE_LIN_DIAMETER": null, "INSTALLED_BY": "City of Vancouver", "FIRE_LIN_MATERIAL": null, "MAP_TOOLTIP": "150 CI n/a 1941", "UPDATED_DATE_iso": "2025-09-12", "COV_DATE_UPDATE_iso": "2025-09-12", "INSTALLATION_DATE_iso": "1941-01-01"}, "geometry": {"type": "LineString", "coordinates": [[-123.11862223482946, 49.24804931815901], [-123.12027057974278, 49.24807320541481]]}}, {"type": "Feature", "properties": {"SHAPE_Length": 6.116575839973435, "OBJECTID": 21292424, "COV_SOURCE_KEY": "400306", "UPDATED_DATE": 1380721921000, "COV_DATE_UPDATE": 1380721921000, "TBFID": 469082, "ORACLE_ID": "__FJAD78", "UNIT_ID_1": "142134", "UNIT_ID_2": "142133", "MAIN_COMP1": 43, "MAIN_KEY_1": 788033, "MAIN_COMP2": 43, "MAIN_KEY_2": 47723, "ADDRESS_KEY": 148164, "INSTALLATION_DATE": -378662400000, "DEPTH_OF_COVER_M": 0.9100000262260437, "RESTRAINED_JOINT": 0, "CATHODICALLY_PROTECTED": 0, "REMARKS": null, "ASSET_DESCRIPTION": "400 W 22ND AV", "SPLIT_ON_CITYSIDE": null, "COMPKEY": 275955, "COMPTYPE": 41, "COATING_DATE": null, "LINING_DATE": null, "UPDATED_BY": "enyamw", "WATERMAIN_KEY": 53403, "BUN": null, "PIPE_LENGTH_M": 6.11655297, "PARALLEL_LINE_NUMBER": null, "PRESSURE_ZONE": null, "PIPE_USE": "Water Main", "SERVICE_STATUS": "Out of Service-Abandoned", "SUBSYSTEM": "Distribution", "OWNER": "COVAV", "OPERATOR": "COVAV", "DIAMETER": "150 mm", "PIPE_CLASS": null, "MATERIAL": "Cast Iron", "LINING_MATERIAL": "blank", "COATING_MATERIAL": "blank", "FACET": "O15", "CONNECTION_TYPE": null, "DOMESTIC_DIAMETER": null, "DOMESTIC_MATERIAL": null, "FIRE_LIN_DIAMETER": null, "INSTALLED_BY": "City of Vancouver", "FIRE_LIN_MATERIAL": null, "MAP_TOOLTIP": "150 CI n/a 1958", "UPDATED_DATE_iso": "2013-10-02", "COV_DATE_UPDATE_iso": "2013-10-02", "INSTALLATION_DATE_iso": "1958-01-01"}, "geometry": {"type": "LineString", "coordinates": [[-123.11510520343852, 49.25113110592879], [-123.11502139196553, 49.25113523724984]]}}, {"type": "Feature", "properties": {"SHAPE_Length": 0.7504505313662553, "OBJECTID": 21292543, "COV_SOURCE_KEY": "409426", "UPDATED_DATE": 1533923264000, "COV_DATE_UPDATE": 1533923264000, "TBFID": 478680, "ORACLE_ID": "__FNCADS", "UNIT_ID_1": "865683", "UNIT_ID_2": "73011", "MAIN_COMP1": 43, "MAIN_KEY_1": 114657, "MAIN_COMP2": 46, "MAIN_KEY_2": 56042, "ADDRESS_KEY": 157256, "INSTALLATION_DATE": -599587200000, "DEPTH_OF_COVER_M": 0.9100000262260437, "RESTRAINED_JOINT": 0, "CATHODICALLY_PROTECTED": 0, "REMARKS": null, "ASSET_DESCRIPTION": "400 500  W 33RD AV", "SPLIT_ON_CITYSIDE": null, "COMPKEY": 287392, "COMPTYPE": 41, "COATING_DATE": null, "LINING_DATE": null, "UPDATED_BY": "enyamw", "WATERMAIN_KEY": 62629, "BUN": null, "PIPE_LENGTH_M": 0.75045053, "PARALLEL_LINE_NUMBER": null, "PRESSURE_ZONE": 173, "PIPE_USE": "Water Main", "SERVICE_STATUS": "Out of Service-Abandoned", "SUBSYSTEM": "Distribution", "OWNER": "COVAV", "OPERATOR": "COVAV", "DIAMETER": "150 mm", "PIPE_CLASS": null, "MATERIAL": "Cast Iron", "LINING_MATERIAL": "blank", "COATING_MATERIAL": "blank", "FACET": "O17", "CONNECTION_TYPE": null, "DOMESTIC_DIAMETER": null, "DOMESTIC_MATERIAL": null, "FIRE_LIN_DIAMETER": null, "INSTALLED_BY": "City of Vancouver", "FIRE_LIN_MATERIAL": null, "MAP_TOOLTIP": "150 CI n/a 1951", "UPDATED_DATE_iso": "2018-08-10", "COV_DATE_UPDATE_iso": "2018-08-10", "INSTALLATION_DATE_iso": "1951-01-01"}, "geometry": {"type": "LineString", "coordinates": [[-123.11813458320263, 49.24101933865581], [-123.1181242789047, 49.241019115315765]]}}, {"type": "Feature", "properties": {"SHAPE_Length": 13.029301324544603, "OBJECTID": 21292544, "COV_SOURCE_KEY": "409427", "UPDATED_DATE": 1533923264000, "COV_DATE_UPDATE": 1533923264000, "TBFID": 478681, "ORACLE_ID": "__FNCADT", "UNIT_ID_1": "4543674", "UNIT_ID_2": "865682", "MAIN_COMP1": 43, "MAIN_KEY_1": 915806, "MAIN_COMP2": 43, "MAIN_KEY_2": 114655, "ADDRESS_KEY": 156147, "INSTALLATION_DATE": -599587200000, "DEPTH_OF_COVER_M": 0.9100000262260437, "RESTRAINED_JOINT": 0, "CATHODICALLY_PROTECTED": 0, "REMARKS": null, "ASSET_DESCRIPTION": "600 W 33RD AV", "SPLIT_ON_CITYSIDE": null, "COMPKEY": 287393, "COMPTYPE": 41, "COATING_DATE": null, "LINING_DATE": null, "UPDATED_BY": "enyamw", "WATERMAIN_KEY": 62630, "BUN": null, "PIPE_LENGTH_M": 13.02930132, "PARALLEL_LINE_NUMBER": null, "PRESSURE_ZONE": 173, "PIPE_USE": "Water Main", "SERVICE_STATUS": "Out of Service-Abandoned", "SUBSYSTEM": "Distribution", "OWNER": "COVAV", "OPERATOR": "COVAV", "DIAMETER": "150 mm", "PIPE_CLASS": null, "MATERIAL": "Cast Iron", "LINING_MATERIAL": "blank", "COATING_MATERIAL": "blank", "FACET": "O17", "CONNECTION_TYPE": null, "DOMESTIC_DIAMETER": null, "DOMESTIC_MATERIAL": null, "FIRE_LIN_DIAMETER": null, "INSTALLED_BY": "City of Vancouver", "FIRE_LIN_MATERIAL": null, "MAP_TOOLTIP": "150 CI n/a 1951", "UPDATED_DATE_iso": "2018-08-10", "COV_DATE_UPDATE_iso": "2018-08-10", "INSTALLATION_DATE_iso": "1951-01-01"}, "geometry": {"type": "LineString", "coordinates": [[-123.11861527469824, 49.241036647706565], [-123.11843656391682, 49.241029976678966]]}}, {"type": "Feature", "properties": {"SHAPE_Length": 66.68239335851914, "OBJECTID": 21292617, "COV_SOURCE_KEY": "400463", "UPDATED_DATE": 1270104192000, "COV_DATE_UPDATE": 1270104192000, "TBFID": 469732, "ORACLE_ID": "__FJACX8", "UNIT_ID_1": "T__FP6E2F", "UNIT_ID_2": "T__FP6C31", "MAIN_COMP1": 43, "MAIN_KEY_1": 189123, "MAIN_COMP2": 43, "MAIN_KEY_2": 186233, "ADDRESS_KEY": 151412, "INSTALLATION_DATE": -1262275200000, "DEPTH_OF_COVER_M": 0, "RESTRAINED_JOINT": 0, "CATHODICALLY_PROTECTED": 0, "REMARKS": null, "ASSET_DESCRIPTION": "3200 HEATHER ST", "SPLIT_ON_CITYSIDE": null, "COMPKEY": 275600, "COMPTYPE": 41, "COATING_DATE": null, "LINING_DATE": null, "UPDATED_BY": "enfoz", "WATERMAIN_KEY": 53119, "BUN": null, "PIPE_LENGTH_M": 66.6822119, "PARALLEL_LINE_NUMBER": null, "PRESSURE_ZONE": null, "PIPE_USE": "Water Main", "SERVICE_STATUS": "Out of Service-Abandoned", "SUBSYSTEM": "<blank>", "OWNER": "COVAV", "OPERATOR": "COVAV", "DIAMETER": "150 mm", "PIPE_CLASS": null, "MATERIAL": "Cast Iron", "LINING_MATERIAL": "blank", "COATING_MATERIAL": "blank", "FACET": "O14", "CONNECTION_TYPE": null, "DOMESTIC_DIAMETER": null, "DOMESTIC_MATERIAL": null, "FIRE_LIN_DIAMETER": null, "INSTALLED_BY": "City of Vancouver", "FIRE_LIN_MATERIAL": null, "MAP_TOOLTIP": "150 CI n/a 1930", "UPDATED_DATE_iso": "2010-04-01", "COV_DATE_UPDATE_iso": "2010-04-01", "INSTALLATION_DATE_iso": "1930-01-01"}, "geometry": {"type": "LineString", "coordinates": [[-123.1200536046304, 49.25681049263105], [-123.1200758974767, 49.256210848224576]]}}, {"type": "Feature", "properties": {"SHAPE_Length": 169.01704521129273, "OBJECTID": 21292884, "COV_SOURCE_KEY": "368934", "UPDATED_DATE": 1591908499000, "COV_DATE_UPDATE": 1591908499000, "TBFID": 435031, "ORACLE_ID": "__FJ9H2C", "UNIT_ID_1": "64558", "UNIT_ID_2": "64541", "MAIN_COMP1": 46, "MAIN_KEY_1": 56181, "MAIN_COMP2": 46, "MAIN_KEY_2": 56211, "ADDRESS_KEY": 157464, "INSTALLATION_DATE": -126201600000, "DEPTH_OF_COVER_M": 0.9100000262260437, "RESTRAINED_JOINT": 0, "CATHODICALLY_PROTECTED": 0, "REMARKS": null, "ASSET_DESCRIPTION": "100 W 19TH AV", "SPLIT_ON_CITYSIDE": null, "COMPKEY": 232624, "COMPTYPE": 41, "COATING_DATE": null, "LINING_DATE": null, "UPDATED_BY": "enyamw", "WATERMAIN_KEY": 20771, "BUN": null, "PIPE_LENGTH_M": 169.01704521, "PARALLEL_LINE_NUMBER": null, "PRESSURE_ZONE": 172, "PIPE_USE": "Water Main", "SERVICE_STATUS": "Out of Service-Abandoned", "SUBSYSTEM": "Distribution", "OWNER": "COVAV", "OPERATOR": "COVAV", "DIAMETER": "150 mm", "PIPE_CLASS": null, "MATERIAL": "Cast Iron", "LINING_MATERIAL": "Cement Lined", "COATING_MATERIAL": "blank", "FACET": "P15", "CONNECTION_TYPE": null, "DOMESTIC_DIAMETER": null, "DOMESTIC_MATERIAL": null, "FIRE_LIN_DIAMETER": null, "INSTALLED_BY": "City of Vancouver", "FIRE_LIN_MATERIAL": null, "MAP_TOOLTIP": "150 CI CL 1966", "UPDATED_DATE_iso": "2020-06-11", "COV_DATE_UPDATE_iso": "2020-06-11", "INSTALLATION_DATE_iso": "1966-01-01"}, "geometry": {"type": "LineString", "coordinates": [[-123.10970477655242, 49.25392156020862], [-123.10738293662456, 49.25388221957206]]}}, {"type": "Feature", "properties": {"SHAPE_Length": 154.77077892841154, "OBJECTID": 21292886, "COV_SOURCE_KEY": "368936", "UPDATED_DATE": 1591908496000, "COV_DATE_UPDATE": 1591908496000, "TBFID": 435033, "ORACLE_ID": "__FJ9H2E", "UNIT_ID_1": "64542", "UNIT_ID_2": "143881", "MAIN_COMP1": 46, "MAIN_KEY_1": 96189, "MAIN_COMP2": 43, "MAIN_KEY_2": 44538, "ADDRESS_KEY": 153642, "INSTALLATION_DATE": -126201600000, "DEPTH_OF_COVER_M": 0.9100000262260437, "RESTRAINED_JOINT": 0, "CATHODICALLY_PROTECTED": 0, "REMARKS": null, "ASSET_DESCRIPTION": "0 W 19TH AV", "SPLIT_ON_CITYSIDE": null, "COMPKEY": 232627, "COMPTYPE": 41, "COATING_DATE": null, "LINING_DATE": null, "UPDATED_BY": "enyamw", "WATERMAIN_KEY": 20773, "BUN": null, "PIPE_LENGTH_M": 154.77040826, "PARALLEL_LINE_NUMBER": null, "PRESSURE_ZONE": null, "PIPE_USE": "Water Main", "SERVICE_STATUS": "Out of Service-Abandoned", "SUBSYSTEM": "Distribution", "OWNER": "COVAV", "OPERATOR": "COVAV", "DIAMETER": "150 mm", "PIPE_CLASS": null, "MATERIAL": "Cast Iron", "LINING_MATERIAL": "Cement Lined", "COATING_MATERIAL": "blank", "FACET": "P15", "CONNECTION_TYPE": null, "DOMESTIC_DIAMETER": null, "DOMESTIC_MATERIAL": null, "FIRE_LIN_DIAMETER": null, "INSTALLED_BY": "City of Vancouver", "FIRE_LIN_MATERIAL": null, "MAP_TOOLTIP": "150 CI CL 1966", "UPDATED_DATE_iso": "2020-06-11", "COV_DATE_UPDATE_iso": "2020-06-11", "INSTALLATION_DATE_iso": "1966-01-01"}, "geometry": {"type": "LineString", "coordinates": [[-123.10710705242265, 49.25387523450294], [-123.10498107911427, 49.25383538500455]]}}, {"type": "Feature", "properties": {"SHAPE_Length": 1.701058494201738, "OBJECTID": 21292999, "COV_SOURCE_KEY": "377913", "UPDATED_DATE": 1270094020000, "COV_DATE_UPDATE": 1270094020000, "TBFID": 443898, "ORACLE_ID": "__FJ9R14", "UNIT_ID_1": "T__FP6HOC", "UNIT_ID_2": "T__FP63RP", "MAIN_COMP1": 43, "MAIN_KEY_1": 194522, "MAIN_COMP2": 43, "MAIN_KEY_2": 173750, "ADDRESS_KEY": 153398, "INSTALLATION_DATE": -378662400000, "DEPTH_OF_COVER_M": 0, "RESTRAINED_JOINT": 0, "CATHODICALLY_PROTECTED": 0, "REMARKS": null, "ASSET_DESCRIPTION": "800 W 27TH AV", "SPLIT_ON_CITYSIDE": null, "COMPKEY": 245330, "COMPTYPE": 41, "COATING_DATE": null, "LINING_DATE": null, "UPDATED_BY": "enfoz", "WATERMAIN_KEY": 30634, "BUN": null, "PIPE_LENGTH_M": 1.70106827, "PARALLEL_LINE_NUMBER": null, "PRESSURE_ZONE": null, "PIPE_USE": "Water Main", "SERVICE_STATUS": "Out of Service-Abandoned", "SUBSYSTEM": "<blank>", "OWNER": "COVAV", "OPERATOR": "COVAV", "DIAMETER": "150 mm", "PIPE_CLASS": null, "MATERIAL": "Cast Iron", "LINING_MATERIAL": "blank", "COATING_MATERIAL": "blank", "FACET": "N16", "CONNECTION_TYPE": null, "DOMESTIC_DIAMETER": null, "DOMESTIC_MATERIAL": null, "FIRE_LIN_DIAMETER": null, "INSTALLED_BY": "City of Vancouver", "FIRE_LIN_MATERIAL": null, "MAP_TOOLTIP": "150 CI n/a 1958", "UPDATED_DATE_iso": "2010-04-01", "COV_DATE_UPDATE_iso": "2010-04-01", "INSTALLATION_DATE_iso": "1958-01-01"}, "geometry": {"type": "LineString", "coordinates": [[-123.1225622208308, 49.247192412657206], [-123.12253886144316, 49.24719189772158]]}}, {"type": "Feature", "properties": {"SHAPE_Length": 32.613491747651274, "OBJECTID": 21293000, "COV_SOURCE_KEY": "377914", "UPDATED_DATE": 1270094021000, "COV_DATE_UPDATE": 1270094021000, "TBFID": 443899, "ORACLE_ID": "__FJ9R15", "UNIT_ID_1": "T__FP6HOC", "UNIT_ID_2": "T__FP5GPQ", "MAIN_COMP1": 43, "MAIN_KEY_1": 194522, "MAIN_COMP2": 43, "MAIN_KEY_2": 138050, "ADDRESS_KEY": 153398, "INSTALLATION_DATE": -1420041600000, "DEPTH_OF_COVER_M": 0, "RESTRAINED_JOINT": 0, "CATHODICALLY_PROTECTED": 0, "REMARKS": null, "ASSET_DESCRIPTION": "800 W 27TH AV", "SPLIT_ON_CITYSIDE": null, "COMPKEY": 245332, "COMPTYPE": 41, "COATING_DATE": null, "LINING_DATE": null, "UPDATED_BY": "enfoz", "WATERMAIN_KEY": 30635, "BUN": null, "PIPE_LENGTH_M": 32.61370978, "PARALLEL_LINE_NUMBER": null, "PRESSURE_ZONE": null, "PIPE_USE": "Water Main", "SERVICE_STATUS": "Out of Service-Abandoned", "SUBSYSTEM": "<blank>", "OWNER": "COVAV", "OPERATOR": "COVAV", "DIAMETER": "100 mm", "PIPE_CLASS": null, "MATERIAL": "Cast Iron", "LINING_MATERIAL": "blank", "COATING_MATERIAL": "blank", "FACET": "N16", "CONNECTION_TYPE": null, "DOMESTIC_DIAMETER": null, "DOMESTIC_MATERIAL": null, "FIRE_LIN_DIAMETER": null, "INSTALLED_BY": "City of Vancouver", "FIRE_LIN_MATERIAL": null, "MAP_TOOLTIP": "100 CI n/a 1925", "UPDATED_DATE_iso": "2010-04-01", "COV_DATE_UPDATE_iso": "2010-04-01", "INSTALLATION_DATE_iso": "1925-01-01"}, "geometry": {"type": "LineString", "coordinates": [[-123.1225622208308, 49.247192412657206], [-123.12301016678197, 49.24720037411538]]}}, {"type": "Feature", "properties": {"SHAPE_Length": 119.8982439283385, "OBJECTID": 21293001, "COV_SOURCE_KEY": "377915", "UPDATED_DATE": 1270094021000, "COV_DATE_UPDATE": 1270094021000, "TBFID": 443900, "ORACLE_ID": "__FJ9R17", "UNIT_ID_1": "T__FP5GPQ", "UNIT_ID_2": "T__FP6F9H", "MAIN_COMP1": 43, "MAIN_KEY_1": 138050, "MAIN_COMP2": 43, "MAIN_KEY_2": 190934, "ADDRESS_KEY": 153398, "INSTALLATION_DATE": -1420041600000, "DEPTH_OF_COVER_M": 0, "RESTRAINED_JOINT": 0, "CATHODICALLY_PROTECTED": 0, "REMARKS": null, "ASSET_DESCRIPTION": "800 W 27TH AV", "SPLIT_ON_CITYSIDE": null, "COMPKEY": 245333, "COMPTYPE": 41, "COATING_DATE": null, "LINING_DATE": null, "UPDATED_BY": "enfoz", "WATERMAIN_KEY": 30636, "BUN": null, "PIPE_LENGTH_M": 119.89800427, "PARALLEL_LINE_NUMBER": null, "PRESSURE_ZONE": null, "PIPE_USE": "Water Main", "SERVICE_STATUS": "Out of Service-Abandoned", "SUBSYSTEM": "<blank>", "OWNER": "COVAV", "OPERATOR": "COVAV", "DIAMETER": "100 mm", "PIPE_CLASS": null, "MATERIAL": "Cast Iron", "LINING_MATERIAL": "blank", "COATING_MATERIAL": "blank", "FACET": "N16", "CONNECTION_TYPE": null, "DOMESTIC_DIAMETER": null, "DOMESTIC_MATERIAL": null, "FIRE_LIN_DIAMETER": null, "INSTALLED_BY": "City of Vancouver", "FIRE_LIN_MATERIAL": null, "MAP_TOOLTIP": "100 CI n/a 1925", "UPDATED_DATE_iso": "2010-04-01", "COV_DATE_UPDATE_iso": "2010-04-01", "INSTALLATION_DATE_iso": "1925-01-01"}, "geometry": {"type": "LineString", "coordinates": [[-123.12301016678197, 49.24720037411538], [-123.12465697367114, 49.24722951660452]]}}, {"type": "Feature", "properties": {"SHAPE_Length": 0.8942958117478143, "OBJECTID": 21293109, "COV_SOURCE_KEY": "368356", "UPDATED_DATE": 1270086885000, "COV_DATE_UPDATE": 1270086885000, "TBFID": 436398, "ORACLE_ID": "__FJ9H87", "UNIT_ID_1": "T__FP59SY", "UNIT_ID_2": "T__FP60GZ", "MAIN_COMP1": 43, "MAIN_KEY_1": 127547, "MAIN_COMP2": 43, "MAIN_KEY_2": 168894, "ADDRESS_KEY": 148625, "INSTALLATION_DATE": -1830355200000, "DEPTH_OF_COVER_M": 0, "RESTRAINED_JOINT": 0, "CATHODICALLY_PROTECTED": 0, "REMARKS": null, "ASSET_DESCRIPTION": "3100 ALBERTA ST", "SPLIT_ON_CITYSIDE": null, "COMPKEY": 232855, "COMPTYPE": 41, "COATING_DATE": null, "LINING_DATE": -189360000000, "UPDATED_BY": "enfoz", "WATERMAIN_KEY": 20949, "BUN": null, "PIPE_LENGTH_M": 0.89428506, "PARALLEL_LINE_NUMBER": null, "PRESSURE_ZONE": null, "PIPE_USE": "Water Main", "SERVICE_STATUS": "Out of Service-Abandoned", "SUBSYSTEM": "<blank>", "OWNER": "COVAV", "OPERATOR": "COVAV", "DIAMETER": "200 mm", "PIPE_CLASS": null, "MATERIAL": "Steel", "LINING_MATERIAL": "CENT", "COATING_MATERIAL": "blank", "FACET": "P14", "CONNECTION_TYPE": null, "DOMESTIC_DIAMETER": null, "DOMESTIC_MATERIAL": null, "FIRE_LIN_DIAMETER": null, "INSTALLED_BY": "City of Vancouver", "FIRE_LIN_MATERIAL": null, "MAP_TOOLTIP": "200 S CENT 1912", "UPDATED_DATE_iso": "2010-04-01", "COV_DATE_UPDATE_iso": "2010-04-01", "INSTALLATION_DATE_iso": "1912-01-01", "LINING_DATE_iso": "1964-01-01"}, "geometry": {"type": "LineString", "coordinates": [[-123.11115788767593, 49.256907132868704], [-123.11115818570006, 49.25689909085791]]}}, {"type": "Feature", "properties": {"SHAPE_Length": 79.59548545659231, "OBJECTID": 21293112, "COV_SOURCE_KEY": "368360", "UPDATED_DATE": 1270086887000, "COV_DATE_UPDATE": 1270086887000, "TBFID": 436402, "ORACLE_ID": "__FJ9H8B", "UNIT_ID_1": "T__FP58G9", "UNIT_ID_2": "T__FP5XS8", "MAIN_COMP1": 43, "MAIN_KEY_1": 125299, "MAIN_COMP2": 43, "MAIN_KEY_2": 164966, "ADDRESS_KEY": 152470, "INSTALLATION_DATE": -126201600000, "DEPTH_OF_COVER_M": 0, "RESTRAINED_JOINT": 0, "CATHODICALLY_PROTECTED": 0, "REMARKS": null, "ASSET_DESCRIPTION": "3300 COLUMBIA ST", "SPLIT_ON_CITYSIDE": null, "COMPKEY": 232860, "COMPTYPE": 41, "COATING_DATE": null, "LINING_DATE": null, "UPDATED_BY": "enfoz", "WATERMAIN_KEY": 20953, "BUN": null, "PIPE_LENGTH_M": 79.59614597, "PARALLEL_LINE_NUMBER": null, "PRESSURE_ZONE": null, "PIPE_USE": "Water Main", "SERVICE_STATUS": "Out of Service-Abandoned", "SUBSYSTEM": "<blank>", "OWNER": "COVAV", "OPERATOR": "COVAV", "DIAMETER": "150 mm", "PIPE_CLASS": null, "MATERIAL": "Cast Iron", "LINING_MATERIAL": "Cement Lined", "COATING_MATERIAL": "blank", "FACET": "P14", "CONNECTION_TYPE": null, "DOMESTIC_DIAMETER": null, "DOMESTIC_MATERIAL": null, "FIRE_LIN_DIAMETER": null, "INSTALLED_BY": "City of Vancouver", "FIRE_LIN_MATERIAL": null, "MAP_TOOLTIP": "150 CI CL 1966", "UPDATED_DATE_iso": "2010-04-01", "COV_DATE_UPDATE_iso": "2010-04-01", "INSTALLATION_DATE_iso": "1966-01-01"}, "geometry": {"type": "LineString", "coordinates": [[-123.1097260123113, 49.255597538500716], [-123.10976220348512, 49.25488195239263]]}}, {"type": "Feature", "properties": {"SHAPE_Length": 2.450510150219866, "OBJECTID": 21293113, "COV_SOURCE_KEY": "368361", "UPDATED_DATE": 1270086887000, "COV_DATE_UPDATE": 1270086887000, "TBFID": 436403, "ORACLE_ID": "__FJ9H8C", "UNIT_ID_1": "T__FP5XS8", "UNIT_ID_2": "T__FP5EU5", "MAIN_COMP1": 43, "MAIN_KEY_1": 164966, "MAIN_COMP2": 43, "MAIN_KEY_2": 135032, "ADDRESS_KEY": 152470, "INSTALLATION_DATE": null, "DEPTH_OF_COVER_M": 0, "RESTRAINED_JOINT": 0, "CATHODICALLY_PROTECTED": 0, "REMARKS": null, "ASSET_DESCRIPTION": "3300 COLUMBIA ST", "SPLIT_ON_CITYSIDE": null, "COMPKEY": 232861, "COMPTYPE": 41, "COATING_DATE": null, "LINING_DATE": null, "UPDATED_BY": "enfoz", "WATERMAIN_KEY": 20954, "BUN": null, "PIPE_LENGTH_M": 2.45046841, "PARALLEL_LINE_NUMBER": null, "PRESSURE_ZONE": null, "PIPE_USE": "Water Main", "SERVICE_STATUS": "Out of Service-Abandoned", "SUBSYSTEM": "<blank>", "OWNER": "COVAV", "OPERATOR": "COVAV", "DIAMETER": "150 mm", "PIPE_CLASS": null, "MATERIAL": "Cast Iron", "LINING_MATERIAL": "blank", "COATING_MATERIAL": "blank", "FACET": "P14", "CONNECTION_TYPE": null, "DOMESTIC_DIAMETER": null, "DOMESTIC_MATERIAL": null, "FIRE_LIN_DIAMETER": null, "INSTALLED_BY": "City of Vancouver", "FIRE_LIN_MATERIAL": null, "MAP_TOOLTIP": "150 CI n/a ", "UPDATED_DATE_iso": "2010-04-01", "COV_DATE_UPDATE_iso": "2010-04-01"}, "geometry": {"type": "LineString", "coordinates": [[-123.10976220348512, 49.25488195239263], [-123.10976284172862, 49.25485991349677]]}}, {"type": "Feature", "properties": {"SHAPE_Length": 3.351492206479904, "OBJECTID": 21293114, "COV_SOURCE_KEY": "368362", "UPDATED_DATE": 1270086888000, "COV_DATE_UPDATE": 1270086888000, "TBFID": 436404, "ORACLE_ID": "__FJ9H8D", "UNIT_ID_1": "T__FP5USQ", "UNIT_ID_2": "T__FP6GDG", "MAIN_COMP1": 43, "MAIN_KEY_1": 160340, "MAIN_COMP2": 43, "MAIN_KEY_2": 192585, "ADDRESS_KEY": 148584, "INSTALLATION_DATE": null, "DEPTH_OF_COVER_M": 0, "RESTRAINED_JOINT": 0, "CATHODICALLY_PROTECTED": 0, "REMARKS": null, "ASSET_DESCRIPTION": "3400 COLUMBIA ST", "SPLIT_ON_CITYSIDE": null, "COMPKEY": 232862, "COMPTYPE": 41, "COATING_DATE": null, "LINING_DATE": null, "UPDATED_BY": "enfoz", "WATERMAIN_KEY": 20955, "BUN": null, "PIPE_LENGTH_M": 3.35143509, "PARALLEL_LINE_NUMBER": null, "PRESSURE_ZONE": null, "PIPE_USE": "Water Main", "SERVICE_STATUS": "Out of Service-Abandoned", "SUBSYSTEM": "<blank>", "OWNER": "COVAV", "OPERATOR": "COVAV", "DIAMETER": "150 mm", "PIPE_CLASS": null, "MATERIAL": "Cast Iron", "LINING_MATERIAL": "blank", "COATING_MATERIAL": "blank", "FACET": "P14", "CONNECTION_TYPE": null, "DOMESTIC_DIAMETER": null, "DOMESTIC_MATERIAL": null, "FIRE_LIN_DIAMETER": null, "INSTALLED_BY": "City of Vancouver", "FIRE_LIN_MATERIAL": null, "MAP_TOOLTIP": "150 CI n/a ", "UPDATED_DATE_iso": "2010-04-01", "COV_DATE_UPDATE_iso": "2010-04-01"}, "geometry": {"type": "LineString", "coordinates": [[-123.10976653600828, 49.25467911505278], [-123.10976784340173, 49.25464897982186]]}}, {"type": "Feature", "properties": {"SHAPE_Length": 0.5899999998509884, "OBJECTID": 21293578, "COV_SOURCE_KEY": "368026", "UPDATED_DATE": 1283231580000, "COV_DATE_UPDATE": 1283231580000, "TBFID": 437418, "ORACLE_ID": "__FJ9GU1", "UNIT_ID_1": "207645", "UNIT_ID_2": "208330", "MAIN_COMP1": 1, "MAIN_KEY_1": 197475, "MAIN_COMP2": 1, "MAIN_KEY_2": 126031, "ADDRESS_KEY": 152037, "INSTALLATION_DATE": -978278400000, "DEPTH_OF_COVER_M": 0.9100000262260437, "RESTRAINED_JOINT": 0, "CATHODICALLY_PROTECTED": 0, "REMARKS": null, "ASSET_DESCRIPTION": "4000 MANITOBA ST", "SPLIT_ON_CITYSIDE": null, "COMPKEY": 232321, "COMPTYPE": 41, "COATING_DATE": null, "LINING_DATE": null, "UPDATED_BY": "enhanmgetask", "WATERMAIN_KEY": 20536, "BUN": null, "PIPE_LENGTH_M": 0.58999469, "PARALLEL_LINE_NUMBER": null, "PRESSURE_ZONE": null, "PIPE_USE": "Water Main", "SERVICE_STATUS": "Out of Service-Abandoned", "SUBSYSTEM": "Distribution", "OWNER": "COVAV", "OPERATOR": "COVAV", "DIAMETER": "200 mm", "PIPE_CLASS": null, "MATERIAL": "Cast Iron", "LINING_MATERIAL": "blank", "COATING_MATERIAL": "blank", "FACET": "P16", "CONNECTION_TYPE": null, "DOMESTIC_DIAMETER": null, "DOMESTIC_MATERIAL": null, "FIRE_LIN_DIAMETER": null, "INSTALLED_BY": "City of Vancouver", "FIRE_LIN_MATERIAL": null, "MAP_TOOLTIP": "200 CI n/a 1939", "UPDATED_DATE_iso": "2010-08-31", "COV_DATE_UPDATE_iso": "2010-08-31", "INSTALLATION_DATE_iso": "1939-01-01"}, "geometry": {"type": "LineString", "coordinates": [[-123.10739511080796, 49.24895325644513], [-123.10739509929672, 49.24894794927051]]}}, {"type": "Feature", "properties": {"SHAPE_Length": 91.42839088246095, "OBJECTID": 21293769, "COV_SOURCE_KEY": "413955", "UPDATED_DATE": 1270109647000, "COV_DATE_UPDATE": 1270109647000, "TBFID": 480393, "ORACLE_ID": "__FNK8XE", "UNIT_ID_1": "T__FP5BMY", "UNIT_ID_2": "T__FP5A64", "MAIN_COMP1": 43, "MAIN_KEY_1": 130194, "MAIN_COMP2": 43, "MAIN_KEY_2": 128127, "ADDRESS_KEY": 155893, "INSTALLATION_DATE": -473356800000, "DEPTH_OF_COVER_M": 0, "RESTRAINED_JOINT": 0, "CATHODICALLY_PROTECTED": 0, "REMARKS": null, "ASSET_DESCRIPTION": "1000 WOLFE AV", "SPLIT_ON_CITYSIDE": null, "COMPKEY": 292465, "COMPTYPE": 41, "COATING_DATE": null, "LINING_DATE": null, "UPDATED_BY": "enfoz", "WATERMAIN_KEY": 66737, "BUN": null, "PIPE_LENGTH_M": 91.42875036, "PARALLEL_LINE_NUMBER": null, "PRESSURE_ZONE": null, "PIPE_USE": "Water Main", "SERVICE_STATUS": "Out of Service-Abandoned", "SUBSYSTEM": "<blank>", "OWNER": "COVAV", "OPERATOR": "COVAV", "DIAMETER": "150 mm", "PIPE_CLASS": null, "MATERIAL": "Cast Iron", "LINING_MATERIAL": "blank", "COATING_MATERIAL": "blank", "FACET": "N15", "CONNECTION_TYPE": null, "DOMESTIC_DIAMETER": null, "DOMESTIC_MATERIAL": null, "FIRE_LIN_DIAMETER": null, "INSTALLED_BY": "City of Vancouver", "FIRE_LIN_MATERIAL": null, "MAP_TOOLTIP": "150 CI n/a 1955", "UPDATED_DATE_iso": "2010-04-01", "COV_DATE_UPDATE_iso": "2010-04-01", "INSTALLATION_DATE_iso": "1955-01-01"}, "geometry": {"type": "LineString", "coordinates": [[-123.12759554933834, 49.25260377330069], [-123.12763320484022, 49.252605170944435], [-123.12767072640848, 49.25260791800761], [-123.12770797686288, 49.25261210459423], [-123.12774481855914, 49.252617640904454], [-123.12778097666948, 49.252624527242666], [-123.12781658861186, 49.2526327634575], [-123.1278513793259, 49.2526422599015], [-123.12788534904614, 49.25265310652748], [-123.12791837386844, 49.25266521352104], [-123.1279501510156, 49.25267840131387], [-123.12798083211086, 49.25269284964345], [-123.12801014185926, 49.252708378911215], [-123.12803808026145, 49.252724989118185], [-123.12806464731787, 49.25274268026536], [-123.12808943008338, 49.25276118295474], [-123.12811270385434, 49.25278067678669], [-123.12813433074894, 49.25280098201056], [-123.12815403593432, 49.25282209893213], [-123.12817181892, 49.25284383865315], [-123.12818781716676, 49.25286621901248], [-123.12838697005252, 49.25316642936609], [-123.12838752181943, 49.25316723832308]]}}, {"type": "Feature", "properties": {"SHAPE_Length": 18.83425997897906, "OBJECTID": 21293770, "COV_SOURCE_KEY": "413956", "UPDATED_DATE": 1270109648000, "COV_DATE_UPDATE": 1270109648000, "TBFID": 480394, "ORACLE_ID": "__FNK8XF", "UNIT_ID_1": "T__FP6D1O", "UNIT_ID_2": "T__FP5NEK", "MAIN_COMP1": 43, "MAIN_KEY_1": 187670, "MAIN_COMP2": 43, "MAIN_KEY_2": 149127, "ADDRESS_KEY": 155893, "INSTALLATION_DATE": -473356800000, "DEPTH_OF_COVER_M": 0, "RESTRAINED_JOINT": 0, "CATHODICALLY_PROTECTED": 0, "REMARKS": null, "ASSET_DESCRIPTION": "1000 WOLFE AV", "SPLIT_ON_CITYSIDE": null, "COMPKEY": 292466, "COMPTYPE": 41, "COATING_DATE": null, "LINING_DATE": null, "UPDATED_BY": "enfoz", "WATERMAIN_KEY": 66738, "BUN": null, "PIPE_LENGTH_M": 18.83413704, "PARALLEL_LINE_NUMBER": null, "PRESSURE_ZONE": null, "PIPE_USE": "Water Main", "SERVICE_STATUS": "Out of Service-Abandoned", "SUBSYSTEM": "<blank>", "OWNER": "COVAV", "OPERATOR": "COVAV", "DIAMETER": "150 mm", "PIPE_CLASS": null, "MATERIAL": "Cast Iron", "LINING_MATERIAL": "blank", "COATING_MATERIAL": "blank", "FACET": "N15", "CONNECTION_TYPE": null, "DOMESTIC_DIAMETER": null, "DOMESTIC_MATERIAL": null, "FIRE_LIN_DIAMETER": null, "INSTALLED_BY": "City of Vancouver", "FIRE_LIN_MATERIAL": null, "MAP_TOOLTIP": "150 CI n/a 1955", "UPDATED_DATE_iso": "2010-04-01", "COV_DATE_UPDATE_iso": "2010-04-01", "INSTALLATION_DATE_iso": "1955-01-01"}, "geometry": {"type": "LineString", "coordinates": [[-123.12839008703432, 49.25317080657633], [-123.12850240958053, 49.25332343859077]]}}, {"type": "Feature", "properties": {"SHAPE_Length": 0.6103277811071323, "OBJECTID": 21293844, "COV_SOURCE_KEY": "367269", "UPDATED_DATE": 1270086260000, "COV_DATE_UPDATE": 1270086260000, "TBFID": 436465, "ORACLE_ID": "__FJ9GMV", "UNIT_ID_1": "T__FP6D2S", "UNIT_ID_2": "T__FP5L1P", "MAIN_COMP1": 43, "MAIN_KEY_1": 187712, "MAIN_COMP2": 43, "MAIN_KEY_2": 145340, "ADDRESS_KEY": 157453, "INSTALLATION_DATE": -820512000000, "DEPTH_OF_COVER_M": 0, "RESTRAINED_JOINT": 0, "CATHODICALLY_PROTECTED": 0, "REMARKS": null, "ASSET_DESCRIPTION": "200 300  MIDLOTHIAN AV", "SPLIT_ON_CITYSIDE": null, "COMPKEY": 232074, "COMPTYPE": 41, "COATING_DATE": null, "LINING_DATE": null, "UPDATED_BY": "enfoz", "WATERMAIN_KEY": 20346, "BUN": null, "PIPE_LENGTH_M": 0.61033034, "PARALLEL_LINE_NUMBER": null, "PRESSURE_ZONE": null, "PIPE_USE": "Water Main", "SERVICE_STATUS": "Out of Service-Abandoned", "SUBSYSTEM": "<blank>", "OWNER": "COVAV", "OPERATOR": "COVAV", "DIAMETER": "300 mm", "PIPE_CLASS": null, "MATERIAL": "Cast Iron", "LINING_MATERIAL": "blank", "COATING_MATERIAL": "blank", "FACET": "O17", "CONNECTION_TYPE": null, "DOMESTIC_DIAMETER": null, "DOMESTIC_MATERIAL": null, "FIRE_LIN_DIAMETER": null, "INSTALLED_BY": "City of Vancouver", "FIRE_LIN_MATERIAL": null, "MAP_TOOLTIP": "300 CI n/a 1944", "UPDATED_DATE_iso": "2010-04-01", "COV_DATE_UPDATE_iso": "2010-04-01", "INSTALLATION_DATE_iso": "1944-01-01"}, "geometry": {"type": "LineString", "coordinates": [[-123.11141238686503, 49.24482127913567], [-123.1114171855282, 49.24481677688998]]}}, {"type": "Feature", "properties": {"SHAPE_Length": 6.0887273705511875, "OBJECTID": 21293847, "COV_SOURCE_KEY": "367272", "UPDATED_DATE": 1270086262000, "COV_DATE_UPDATE": 1270086262000, "TBFID": 436468, "ORACLE_ID": "__FJ9GMY", "UNIT_ID_1": "T__FP63HT", "UNIT_ID_2": "T__FP5I0S", "MAIN_COMP1": 43, "MAIN_KEY_1": 173361, "MAIN_COMP2": 43, "MAIN_KEY_2": 140523, "ADDRESS_KEY": 148239, "INSTALLATION_DATE": 410256000000, "DEPTH_OF_COVER_M": 0, "RESTRAINED_JOINT": 0, "CATHODICALLY_PROTECTED": 0, "REMARKS": null, "ASSET_DESCRIPTION": "200 300  MIDLOTHIAN AV", "SPLIT_ON_CITYSIDE": null, "COMPKEY": 232078, "COMPTYPE": 41, "COATING_DATE": null, "LINING_DATE": null, "UPDATED_BY": "enfoz", "WATERMAIN_KEY": 20349, "BUN": null, "PIPE_LENGTH_M": 6.08792312, "PARALLEL_LINE_NUMBER": null, "PRESSURE_ZONE": null, "PIPE_USE": "Water Main", "SERVICE_STATUS": "Out of Service-Abandoned", "SUBSYSTEM": "<blank>", "OWNER": "COVAV", "OPERATOR": "COVAV", "DIAMETER": "50 mm", "PIPE_CLASS": null, "MATERIAL": "Copper", "LINING_MATERIAL": "blank", "COATING_MATERIAL": "blank", "FACET": "O17", "CONNECTION_TYPE": null, "DOMESTIC_DIAMETER": null, "DOMESTIC_MATERIAL": null, "FIRE_LIN_DIAMETER": null, "INSTALLED_BY": "City of Vancouver", "FIRE_LIN_MATERIAL": null, "MAP_TOOLTIP": "50 COP n/a 1983", "UPDATED_DATE_iso": "2010-04-01", "COV_DATE_UPDATE_iso": "2010-04-01", "INSTALLATION_DATE_iso": "1983-01-01"}, "geometry": {"type": "LineString", "coordinates": [[-123.1114701347738, 49.24484011342773], [-123.1115167463617, 49.24479463350808]]}}, {"type": "Feature", "properties": {"SHAPE_Length": 1.0004204116568365, "OBJECTID": 21296155, "COV_SOURCE_KEY": "412844", "UPDATED_DATE": 1270109194000, "COV_DATE_UPDATE": 1270109194000, "TBFID": 482074, "ORACLE_ID": "__FNHO2V", "UNIT_ID_1": "T__FP6HFP", "UNIT_ID_2": "T__FP5I35", "MAIN_COMP1": 43, "MAIN_KEY_1": 194141, "MAIN_COMP2": 43, "MAIN_KEY_2": 140619, "ADDRESS_KEY": 149345, "INSTALLATION_DATE": null, "DEPTH_OF_COVER_M": 0.9100000262260437, "RESTRAINED_JOINT": 0, "CATHODICALLY_PROTECTED": 0, "REMARKS": null, "ASSET_DESCRIPTION": "600 W KING EDWARD AV", "SPLIT_ON_CITYSIDE": null, "COMPKEY": 289697, "COMPTYPE": 41, "COATING_DATE": null, "LINING_DATE": null, "UPDATED_BY": "enfoz", "WATERMAIN_KEY": 64494, "BUN": null, "PIPE_LENGTH_M": 1.00000004, "PARALLEL_LINE_NUMBER": null, "PRESSURE_ZONE": null, "PIPE_USE": "Water Main", "SERVICE_STATUS": "Out of Service-Abandoned", "SUBSYSTEM": "Distribution", "OWNER": "COVAV", "OPERATOR": "COVAV", "DIAMETER": "300 mm", "PIPE_CLASS": null, "MATERIAL": "Cast Iron", "LINING_MATERIAL": "blank", "COATING_MATERIAL": "blank", "FACET": "O16", "CONNECTION_TYPE": null, "DOMESTIC_DIAMETER": null, "DOMESTIC_MATERIAL": null, "FIRE_LIN_DIAMETER": null, "INSTALLED_BY": "City of Vancouver", "FIRE_LIN_MATERIAL": null, "MAP_TOOLTIP": "300 CI n/a ", "UPDATED_DATE_iso": "2010-04-01", "COV_DATE_UPDATE_iso": "2010-04-01"}, "geometry": {"type": "LineString", "coordinates": [[-123.1186404773705, 49.24903374645116], [-123.11865421853916, 49.24903399320135]]}}, {"type": "Feature", "properties": {"SHAPE_Length": 108.99486514895875, "OBJECTID": 21296156, "COV_SOURCE_KEY": "412845", "UPDATED_DATE": 1270109194000, "COV_DATE_UPDATE": 1270109194000, "TBFID": 482075, "ORACLE_ID": "__FNHO2W", "UNIT_ID_1": "T__FP5I35", "UNIT_ID_2": "T__FP5XAB", "MAIN_COMP1": 43, "MAIN_KEY_1": 140619, "MAIN_COMP2": 43, "MAIN_KEY_2": 164168, "ADDRESS_KEY": 149345, "INSTALLATION_DATE": null, "DEPTH_OF_COVER_M": 0.9100000262260437, "RESTRAINED_JOINT": 0, "CATHODICALLY_PROTECTED": 0, "REMARKS": null, "ASSET_DESCRIPTION": "600 W KING EDWARD AV", "SPLIT_ON_CITYSIDE": null, "COMPKEY": 289698, "COMPTYPE": 41, "COATING_DATE": null, "LINING_DATE": null, "UPDATED_BY": "enfoz", "WATERMAIN_KEY": 64495, "BUN": null, "PIPE_LENGTH_M": 108.99478829, "PARALLEL_LINE_NUMBER": null, "PRESSURE_ZONE": null, "PIPE_USE": "Water Main", "SERVICE_STATUS": "Out of Service-Abandoned", "SUBSYSTEM": "Distribution", "OWNER": "COVAV", "OPERATOR": "COVAV", "DIAMETER": "300 mm", "PIPE_CLASS": null, "MATERIAL": "Cast Iron", "LINING_MATERIAL": "blank", "COATING_MATERIAL": "blank", "FACET": "O16", "CONNECTION_TYPE": null, "DOMESTIC_DIAMETER": null, "DOMESTIC_MATERIAL": null, "FIRE_LIN_DIAMETER": null, "INSTALLED_BY": "City of Vancouver", "FIRE_LIN_MATERIAL": null, "MAP_TOOLTIP": "300 CI n/a ", "UPDATED_DATE_iso": "2010-04-01", "COV_DATE_UPDATE_iso": "2010-04-01"}, "geometry": {"type": "LineString", "coordinates": [[-123.11865421853916, 49.24903399320135], [-123.12015131895504, 49.249060574048585]]}}, {"type": "Feature", "properties": {"SHAPE_Length": 0.5588604478622319, "OBJECTID": 21296157, "COV_SOURCE_KEY": "412846", "UPDATED_DATE": 1633376511000, "COV_DATE_UPDATE": 1633376511000, "TBFID": 482076, "ORACLE_ID": "__FNHO2X", "UNIT_ID_1": "227002", "UNIT_ID_2": "77578", "MAIN_COMP1": 43, "MAIN_KEY_1": 132994, "MAIN_COMP2": 46, "MAIN_KEY_2": 113686, "ADDRESS_KEY": 156485, "INSTALLATION_DATE": -1262275200000, "DEPTH_OF_COVER_M": 0.9100000262260437, "RESTRAINED_JOINT": 0, "CATHODICALLY_PROTECTED": 0, "REMARKS": null, "ASSET_DESCRIPTION": "4100 ASH ST", "SPLIT_ON_CITYSIDE": null, "COMPKEY": 289699, "COMPTYPE": 41, "COATING_DATE": null, "LINING_DATE": null, "UPDATED_BY": "enyamw", "WATERMAIN_KEY": 64496, "BUN": null, "PIPE_LENGTH_M": 0.55886045, "PARALLEL_LINE_NUMBER": null, "PRESSURE_ZONE": 172, "PIPE_USE": "Water Main", "SERVICE_STATUS": "Out of Service-Abandoned", "SUBSYSTEM": "Distribution", "OWNER": "COVAV", "OPERATOR": "COVAV", "DIAMETER": "150 mm", "PIPE_CLASS": null, "MATERIAL": "Cast Iron", "LINING_MATERIAL": "blank", "COATING_MATERIAL": "blank", "FACET": "O16", "CONNECTION_TYPE": null, "DOMESTIC_DIAMETER": null, "DOMESTIC_MATERIAL": null, "FIRE_LIN_DIAMETER": null, "INSTALLED_BY": "City of Vancouver", "FIRE_LIN_MATERIAL": null, "MAP_TOOLTIP": "150 CI n/a 1930", "UPDATED_DATE_iso": "2021-10-04", "COV_DATE_UPDATE_iso": "2021-10-04", "INSTALLATION_DATE_iso": "1930-01-01"}, "geometry": {"type": "LineString", "coordinates": [[-123.118381808528, 49.24888903566664], [-123.118381394573, 49.248894055429105]]}}, {"type": "Feature", "properties": {"SHAPE_Length": 1.0747674160345058, "OBJECTID": 21296158, "COV_SOURCE_KEY": "412847", "UPDATED_DATE": 1633376508000, "COV_DATE_UPDATE": 1633376508000, "TBFID": 482077, "ORACLE_ID": "__FNHO2Y", "UNIT_ID_1": "77578", "UNIT_ID_2": "148475", "MAIN_COMP1": 46, "MAIN_KEY_1": 113686, "MAIN_COMP2": 43, "MAIN_KEY_2": 115429, "ADDRESS_KEY": 156485, "INSTALLATION_DATE": -1262275200000, "DEPTH_OF_COVER_M": 0.9100000262260437, "RESTRAINED_JOINT": 0, "CATHODICALLY_PROTECTED": 0, "REMARKS": null, "ASSET_DESCRIPTION": "4100 ASH ST", "SPLIT_ON_CITYSIDE": null, "COMPKEY": 289701, "COMPTYPE": 41, "COATING_DATE": null, "LINING_DATE": null, "UPDATED_BY": "enyamw", "WATERMAIN_KEY": 64497, "BUN": null, "PIPE_LENGTH_M": 1.07476742, "PARALLEL_LINE_NUMBER": null, "PRESSURE_ZONE": 172, "PIPE_USE": "Water Main", "SERVICE_STATUS": "Out of Service-Abandoned", "SUBSYSTEM": "Distribution", "OWNER": "COVAV", "OPERATOR": "COVAV", "DIAMETER": "150 mm", "PIPE_CLASS": null, "MATERIAL": "Cast Iron", "LINING_MATERIAL": "blank", "COATING_MATERIAL": "blank", "FACET": "O16", "CONNECTION_TYPE": null, "DOMESTIC_DIAMETER": null, "DOMESTIC_MATERIAL": null, "FIRE_LIN_DIAMETER": null, "INSTALLED_BY": "City of Vancouver", "FIRE_LIN_MATERIAL": null, "MAP_TOOLTIP": "150 CI n/a 1930", "UPDATED_DATE_iso": "2021-10-04", "COV_DATE_UPDATE_iso": "2021-10-04", "INSTALLATION_DATE_iso": "1930-01-01"}, "geometry": {"type": "LineString", "coordinates": [[-123.118381394573, 49.248894055429105], [-123.11838732417505, 49.248902909654696]]}}, {"type": "Feature", "properties": {"SHAPE_Length": 13.6150582078675, "OBJECTID": 21296201, "COV_SOURCE_KEY": "414071", "UPDATED_DATE": 1270109695000, "COV_DATE_UPDATE": 1270109695000, "TBFID": 480801, "ORACLE_ID": "__FNK3X0", "UNIT_ID_1": "T__FP5ZHK", "UNIT_ID_2": "T__FP5OQZ", "MAIN_COMP1": 43, "MAIN_KEY_1": 167474, "MAIN_COMP2": 43, "MAIN_KEY_2": 151176, "ADDRESS_KEY": 156473, "INSTALLATION_DATE": -504892800000, "DEPTH_OF_COVER_M": 0.9100000262260437, "RESTRAINED_JOINT": 0, "CATHODICALLY_PROTECTED": 0, "REMARKS": null, "ASSET_DESCRIPTION": "4700 HEATHER ST", "SPLIT_ON_CITYSIDE": null, "COMPKEY": 291676, "COMPTYPE": 41, "COATING_DATE": null, "LINING_DATE": null, "UPDATED_BY": "enfoz", "WATERMAIN_KEY": 66097, "BUN": null, "PIPE_LENGTH_M": 13.615, "PARALLEL_LINE_NUMBER": null, "PRESSURE_ZONE": null, "PIPE_USE": "Water Main", "SERVICE_STATUS": "Out of Service-Abandoned", "SUBSYSTEM": "Distribution", "OWNER": "COVAV", "OPERATOR": "COVAV", "DIAMETER": "150 mm", "PIPE_CLASS": null, "MATERIAL": "Cast Iron", "LINING_MATERIAL": "blank", "COATING_MATERIAL": "blank", "FACET": "O17", "CONNECTION_TYPE": null, "DOMESTIC_DIAMETER": null, "DOMESTIC_MATERIAL": null, "FIRE_LIN_DIAMETER": null, "INSTALLED_BY": "City of Vancouver", "FIRE_LIN_MATERIAL": null, "MAP_TOOLTIP": "150 CI n/a 1954", "UPDATED_DATE_iso": "2010-04-01", "COV_DATE_UPDATE_iso": "2010-04-01", "INSTALLATION_DATE_iso": "1954-01-01"}, "geometry": {"type": "LineString", "coordinates": [[-123.1205970315215, 49.24227733358164], [-123.12078385156613, 49.24228344407952]]}}, {"type": "Feature", "properties": {"SHAPE_Length": 9.553045849967393, "OBJECTID": 21296629, "COV_SOURCE_KEY": "4165313", "UPDATED_DATE": 1591390047000, "COV_DATE_UPDATE": 1591390047000, "TBFID": 4165314, "ORACLE_ID": "__FPHOKQ", "UNIT_ID_1": "4165284", "UNIT_ID_2": "57212", "MAIN_COMP1": 43, "MAIN_KEY_1": 787931, "MAIN_COMP2": 46, "MAIN_KEY_2": 787929, "ADDRESS_KEY": 152485, "INSTALLATION_DATE": -1230739200000, "DEPTH_OF_COVER_M": 0.9100000262260437, "RESTRAINED_JOINT": 0, "CATHODICALLY_PROTECTED": 0, "REMARKS": "Adding Topobase Watermain to Hansen, which was previously missing in Hansen. This add was requested by Hao Mei and approved by Jeanette", "ASSET_DESCRIPTION": "200 300  W 18TH AV", "SPLIT_ON_CITYSIDE": null, "COMPKEY": 810798, "COMPTYPE": 41, "COATING_DATE": null, "LINING_DATE": null, "UPDATED_BY": "enyamw", "WATERMAIN_KEY": 77279, "BUN": null, "PIPE_LENGTH_M": 9.55304585, "PARALLEL_LINE_NUMBER": null, "PRESSURE_ZONE": 172, "PIPE_USE": "Water Main", "SERVICE_STATUS": "Out of Service-Abandoned", "SUBSYSTEM": "Distribution", "OWNER": "COVAV", "OPERATOR": "COVAV", "DIAMETER": "150 mm", "PIPE_CLASS": null, "MATERIAL": "Cast Iron", "LINING_MATERIAL": "blank", "COATING_MATERIAL": "blank", "FACET": "O15", "CONNECTION_TYPE": null, "DOMESTIC_DIAMETER": null, "DOMESTIC_MATERIAL": null, "FIRE_LIN_DIAMETER": null, "INSTALLED_BY": "City of Vancouver", "FIRE_LIN_MATERIAL": null, "MAP_TOOLTIP": "150 CI n/a 1931", "UPDATED_DATE_iso": "2020-06-05", "COV_DATE_UPDATE_iso": "2020-06-05", "INSTALLATION_DATE_iso": "1931-01-01"}, "geometry": {"type": "LineString", "coordinates": [[-123.1125455721792, 49.25481975325384], [-123.11254919720935, 49.254733854362186]]}}, {"type": "Feature", "properties": {"SHAPE_Length": 77.256567209388, "OBJECTID": 21296811, "COV_SOURCE_KEY": "4165639", "UPDATED_DATE": 1380721921000, "COV_DATE_UPDATE": 1380721921000, "TBFID": 4165640, "ORACLE_ID": "__FPHOWI", "UNIT_ID_1": "142133", "UNIT_ID_2": "4165631", "MAIN_COMP1": 43, "MAIN_KEY_1": 47723, "MAIN_COMP2": 43, "MAIN_KEY_2": 788032, "ADDRESS_KEY": 148164, "INSTALLATION_DATE": -378662400000, "DEPTH_OF_COVER_M": 0.9100000262260437, "RESTRAINED_JOINT": 0, "CATHODICALLY_PROTECTED": 0, "REMARKS": null, "ASSET_DESCRIPTION": "400 W 22ND AV", "SPLIT_ON_CITYSIDE": null, "COMPKEY": 788034, "COMPTYPE": 41, "COATING_DATE": null, "LINING_DATE": null, "UPDATED_BY": "enyamw", "WATERMAIN_KEY": 72914, "BUN": null, "PIPE_LENGTH_M": 77.25656721, "PARALLEL_LINE_NUMBER": null, "PRESSURE_ZONE": 172, "PIPE_USE": "Water Main", "SERVICE_STATUS": "Out of Service-Abandoned", "SUBSYSTEM": "Distribution", "OWNER": "COVAV", "OPERATOR": "COVAV", "DIAMETER": "150 mm", "PIPE_CLASS": null, "MATERIAL": "Cast Iron", "LINING_MATERIAL": "blank", "COATING_MATERIAL": "blank", "FACET": "O15", "CONNECTION_TYPE": null, "DOMESTIC_DIAMETER": null, "DOMESTIC_MATERIAL": null, "FIRE_LIN_DIAMETER": null, "INSTALLED_BY": "City of Vancouver", "FIRE_LIN_MATERIAL": null, "MAP_TOOLTIP": "150 CI n/a 1958", "UPDATED_DATE_iso": "2013-10-02", "COV_DATE_UPDATE_iso": "2013-10-02", "INSTALLATION_DATE_iso": "1958-01-01"}, "geometry": {"type": "LineString", "coordinates": [[-123.11502139196553, 49.25113523724984], [-123.11396023971648, 49.251115204000456]]}}, {"type": "Feature", "properties": {"SHAPE_Length": 77.51366127997213, "OBJECTID": 21297060, "COV_SOURCE_KEY": "384136", "UPDATED_DATE": 1380721921000, "COV_DATE_UPDATE": 1380721921000, "TBFID": 4165633, "ORACLE_ID": "__FJ9Y57", "UNIT_ID_1": "4165631", "UNIT_ID_2": "59530", "MAIN_COMP1": 43, "MAIN_KEY_1": 788032, "MAIN_COMP2": 46, "MAIN_KEY_2": 63229, "ADDRESS_KEY": 148164, "INSTALLATION_DATE": -378662400000, "DEPTH_OF_COVER_M": 0.9100000262260437, "RESTRAINED_JOINT": 0, "CATHODICALLY_PROTECTED": 0, "REMARKS": null, "ASSET_DESCRIPTION": "400 W 22ND AV", "SPLIT_ON_CITYSIDE": null, "COMPKEY": 255326, "COMPTYPE": 41, "COATING_DATE": null, "LINING_DATE": null, "UPDATED_BY": "enyamw", "WATERMAIN_KEY": 37821, "BUN": null, "PIPE_LENGTH_M": 154.77076653, "PARALLEL_LINE_NUMBER": null, "PRESSURE_ZONE": 172, "PIPE_USE": "Water Main", "SERVICE_STATUS": "Out of Service-Abandoned", "SUBSYSTEM": "Distribution", "OWNER": "COVAV", "OPERATOR": "COVAV", "DIAMETER": "150 mm", "PIPE_CLASS": null, "MATERIAL": "Cast Iron", "LINING_MATERIAL": "blank", "COATING_MATERIAL": "blank", "FACET": "O15", "CONNECTION_TYPE": null, "DOMESTIC_DIAMETER": null, "DOMESTIC_MATERIAL": null, "FIRE_LIN_DIAMETER": null, "INSTALLED_BY": "City of Vancouver", "FIRE_LIN_MATERIAL": null, "MAP_TOOLTIP": "150 CI n/a 1958", "UPDATED_DATE_iso": "2013-10-02", "COV_DATE_UPDATE_iso": "2013-10-02", "INSTALLATION_DATE_iso": "1958-01-01"}, "geometry": {"type": "LineString", "coordinates": [[-123.11396023971648, 49.251115204000456], [-123.11289555669872, 49.25109510148823]]}}, {"type": "Feature", "properties": {"SHAPE_Length": 6.670065966293084, "OBJECTID": 21297607, "COV_SOURCE_KEY": "415839", "UPDATED_DATE": 1270110417000, "COV_DATE_UPDATE": 1270110417000, "TBFID": 480015, "ORACLE_ID": "__FPALD9", "UNIT_ID_1": "T__FPAM3G", "UNIT_ID_2": "T__FPAM30", "MAIN_COMP1": 43, "MAIN_KEY_1": 201955, "MAIN_COMP2": 43, "MAIN_KEY_2": 201936, "ADDRESS_KEY": 157026, "INSTALLATION_DATE": -1262275200000, "DEPTH_OF_COVER_M": 0.9100000262260437, "RESTRAINED_JOINT": 0, "CATHODICALLY_PROTECTED": 0, "REMARKS": null, "ASSET_DESCRIPTION": "500 W KING EDWARD AV", "SPLIT_ON_CITYSIDE": null, "COMPKEY": 294426, "COMPTYPE": 41, "COATING_DATE": null, "LINING_DATE": null, "UPDATED_BY": "enfoz", "WATERMAIN_KEY": 68327, "BUN": null, "PIPE_LENGTH_M": 6.66995589, "PARALLEL_LINE_NUMBER": null, "PRESSURE_ZONE": null, "PIPE_USE": "Water Main", "SERVICE_STATUS": "Out of Service-Abandoned", "SUBSYSTEM": "Distribution", "OWNER": "COVAV", "OPERATOR": "COVAV", "DIAMETER": "200 mm", "PIPE_CLASS": null, "MATERIAL": "Cast Iron", "LINING_MATERIAL": "blank", "COATING_MATERIAL": "blank", "FACET": "O16", "CONNECTION_TYPE": null, "DOMESTIC_DIAMETER": null, "DOMESTIC_MATERIAL": null, "FIRE_LIN_DIAMETER": null, "INSTALLED_BY": "City of Vancouver", "FIRE_LIN_MATERIAL": null, "MAP_TOOLTIP": "200 CI n/a 1930", "UPDATED_DATE_iso": "2010-04-01", "COV_DATE_UPDATE_iso": "2010-04-01", "INSTALLATION_DATE_iso": "1930-01-01"}, "geometry": {"type": "LineString", "coordinates": [[-123.11587295330098, 49.24891335658172], [-123.1158708127401, 49.24897333892062]]}}, {"type": "Feature", "properties": {"SHAPE_Length": 23.978474451579913, "OBJECTID": 21298490, "COV_SOURCE_KEY": "4118997", "UPDATED_DATE": 1279119290000, "COV_DATE_UPDATE": 1279119290000, "TBFID": 4118996, "ORACLE_ID": "__FPCQ0I", "UNIT_ID_1": null, "UNIT_ID_2": null, "MAIN_COMP1": null, "MAIN_KEY_1": null, "MAIN_COMP2": null, "MAIN_KEY_2": null, "ADDRESS_KEY": 1, "INSTALLATION_DATE": 1199174400000, "DEPTH_OF_COVER_M": null, "RESTRAINED_JOINT": 0, "CATHODICALLY_PROTECTED": 0, "REMARKS": null, "ASSET_DESCRIPTION": null, "SPLIT_ON_CITYSIDE": null, "COMPKEY": null, "COMPTYPE": 41, "COATING_DATE": null, "LINING_DATE": null, "UPDATED_BY": "enwwio", "WATERMAIN_KEY": null, "BUN": null, "PIPE_LENGTH_M": null, "PARALLEL_LINE_NUMBER": null, "PRESSURE_ZONE": 172, "PIPE_USE": "Water Main", "SERVICE_STATUS": "Out of Service-Abandoned", "SUBSYSTEM": "Distribution", "OWNER": "GVWD", "OPERATOR": "GVWD", "DIAMETER": null, "PIPE_CLASS": null, "MATERIAL": "Ductile Iron Concrete Lined", "LINING_MATERIAL": null, "COATING_MATERIAL": null, "FACET": null, "CONNECTION_TYPE": null, "DOMESTIC_DIAMETER": null, "DOMESTIC_MATERIAL": null, "FIRE_LIN_DIAMETER": null, "INSTALLED_BY": "Contr", "FIRE_LIN_MATERIAL": null, "MAP_TOOLTIP": " DICL  2008 GVWD", "UPDATED_DATE_iso": "2010-07-14", "COV_DATE_UPDATE_iso": "2010-07-14", "INSTALLATION_DATE_iso": "2008-01-01"}, "geometry": {"type": "LineString", "coordinates": [[-123.11520359000764, 49.248367268893716], [-123.11553294684583, 49.24837300279299]]}}, {"type": "Feature", "properties": {"SHAPE_Length": 6.776000072463667, "OBJECTID": 21299368, "COV_SOURCE_KEY": "410336", "UPDATED_DATE": 1270108159000, "COV_DATE_UPDATE": 1270108159000, "TBFID": 476317, "ORACLE_ID": "__FNEDA7", "UNIT_ID_1": "T__FP6M2F", "UNIT_ID_2": "T__FP617X", "MAIN_COMP1": 43, "MAIN_KEY_1": 201168, "MAIN_COMP2": 43, "MAIN_KEY_2": 169984, "ADDRESS_KEY": 147901, "INSTALLATION_DATE": -126201600000, "DEPTH_OF_COVER_M": 0.9100000262260437, "RESTRAINED_JOINT": 0, "CATHODICALLY_PROTECTED": 0, "REMARKS": null, "ASSET_DESCRIPTION": "3600 ASH ST", "SPLIT_ON_CITYSIDE": null, "COMPKEY": 287660, "COMPTYPE": 41, "COATING_DATE": null, "LINING_DATE": null, "UPDATED_BY": "enfoz", "WATERMAIN_KEY": 62846, "BUN": null, "PIPE_LENGTH_M": 6.77622605, "PARALLEL_LINE_NUMBER": null, "PRESSURE_ZONE": null, "PIPE_USE": "Water Main", "SERVICE_STATUS": "Out of Service-Abandoned", "SUBSYSTEM": "Distribution", "OWNER": "COVAV", "OPERATOR": "COVAV", "DIAMETER": "150 mm", "PIPE_CLASS": null, "MATERIAL": "Cast Iron", "LINING_MATERIAL": "Cement Lined", "COATING_MATERIAL": "blank", "FACET": "O15", "CONNECTION_TYPE": null, "DOMESTIC_DIAMETER": null, "DOMESTIC_MATERIAL": null, "FIRE_LIN_DIAMETER": null, "INSTALLED_BY": "City of Vancouver", "FIRE_LIN_MATERIAL": null, "MAP_TOOLTIP": "150 CI CL 1966", "UPDATED_DATE_iso": "2010-04-01", "COV_DATE_UPDATE_iso": "2010-04-01", "INSTALLATION_DATE_iso": "1966-01-01"}, "geometry": {"type": "LineString", "coordinates": [[-123.11826179487862, 49.25264396423222], [-123.1182616355375, 49.25258301275658]]}}, {"type": "Feature", "properties": {"SHAPE_Length": 0.10099999979138374, "OBJECTID": 21299369, "COV_SOURCE_KEY": "410337", "UPDATED_DATE": 1270108159000, "COV_DATE_UPDATE": 1270108159000, "TBFID": 476318, "ORACLE_ID": "__FNEDA8", "UNIT_ID_1": "T__FP617X", "UNIT_ID_2": "T__FP6HR5", "MAIN_COMP1": 43, "MAIN_KEY_1": 169984, "MAIN_COMP2": 43, "MAIN_KEY_2": 194641, "ADDRESS_KEY": 147901, "INSTALLATION_DATE": -126201600000, "DEPTH_OF_COVER_M": 0.9100000262260437, "RESTRAINED_JOINT": 0, "CATHODICALLY_PROTECTED": 0, "REMARKS": null, "ASSET_DESCRIPTION": "3600 ASH ST", "SPLIT_ON_CITYSIDE": null, "COMPKEY": 287661, "COMPTYPE": 41, "COATING_DATE": null, "LINING_DATE": null, "UPDATED_BY": "enfoz", "WATERMAIN_KEY": 62847, "BUN": null, "PIPE_LENGTH_M": 0.1004, "PARALLEL_LINE_NUMBER": null, "PRESSURE_ZONE": null, "PIPE_USE": "Water Main", "SERVICE_STATUS": "Out of Service-Abandoned", "SUBSYSTEM": "Distribution", "OWNER": "COVAV", "OPERATOR": "COVAV", "DIAMETER": "150 mm", "PIPE_CLASS": null, "MATERIAL": "Cast Iron", "LINING_MATERIAL": "Cement Lined", "COATING_MATERIAL": "blank", "FACET": "O15", "CONNECTION_TYPE": null, "DOMESTIC_DIAMETER": null, "DOMESTIC_MATERIAL": null, "FIRE_LIN_DIAMETER": null, "INSTALLED_BY": "City of Vancouver", "FIRE_LIN_MATERIAL": null, "MAP_TOOLTIP": "150 CI CL 1966", "UPDATED_DATE_iso": "2010-04-01", "COV_DATE_UPDATE_iso": "2010-04-01", "INSTALLATION_DATE_iso": "1966-01-01"}, "geometry": {"type": "LineString", "coordinates": [[-123.1182616355375, 49.25258301275658], [-123.11826163336723, 49.252582104241164]]}}, {"type": "Feature", "properties": {"SHAPE_Length": 41.430829837865346, "OBJECTID": 21299944, "COV_SOURCE_KEY": "412075", "UPDATED_DATE": 1296586159000, "COV_DATE_UPDATE": 1296586159000, "TBFID": 483191, "ORACLE_ID": "__FNJVMS", "UNIT_ID_1": "863044", "UNIT_ID_2": "149607", "MAIN_COMP1": 43, "MAIN_KEY_1": 35918, "MAIN_COMP2": 43, "MAIN_KEY_2": 117021, "ADDRESS_KEY": 152932, "INSTALLATION_DATE": -441820800000, "DEPTH_OF_COVER_M": 0.9100000262260437, "RESTRAINED_JOINT": 0, "CATHODICALLY_PROTECTED": 0, "REMARKS": null, "ASSET_DESCRIPTION": "1000 NANTON AV", "SPLIT_ON_CITYSIDE": null, "COMPKEY": 291054, "COMPTYPE": 41, "COATING_DATE": null, "LINING_DATE": null, "UPDATED_BY": "enwwio", "WATERMAIN_KEY": 65593, "BUN": null, "PIPE_LENGTH_M": 36.57979104, "PARALLEL_LINE_NUMBER": null, "PRESSURE_ZONE": 173, "PIPE_USE": "Water Main", "SERVICE_STATUS": "Out of Service-Abandoned", "SUBSYSTEM": "Distribution", "OWNER": "COVAV", "OPERATOR": "COVAV", "DIAMETER": "150 mm", "PIPE_CLASS": null, "MATERIAL": "Cast Iron", "LINING_MATERIAL": "blank", "COATING_MATERIAL": "blank", "FACET": "N16", "CONNECTION_TYPE": null, "DOMESTIC_DIAMETER": null, "DOMESTIC_MATERIAL": null, "FIRE_LIN_DIAMETER": null, "INSTALLED_BY": "City of Vancouver", "FIRE_LIN_MATERIAL": null, "MAP_TOOLTIP": "150 CI n/a 1956", "UPDATED_DATE_iso": "2011-02-01", "COV_DATE_UPDATE_iso": "2011-02-01", "INSTALLATION_DATE_iso": "1956-01-01"}, "geometry": {"type": "LineString", "coordinates": [[-123.12779294038604, 49.246361783373594], [-123.12836205212655, 49.246370057744066]]}}, {"type": "Feature", "properties": {"SHAPE_Length": 1.3024438568965695, "OBJECTID": 21301179, "COV_SOURCE_KEY": "410582", "UPDATED_DATE": 1270108258000, "COV_DATE_UPDATE": 1270108258000, "TBFID": 475191, "ORACLE_ID": "__FNHL05", "UNIT_ID_1": "T__FP5XZQ", "UNIT_ID_2": "T__FP5NCR", "MAIN_COMP1": 43, "MAIN_KEY_1": 165256, "MAIN_COMP2": 43, "MAIN_KEY_2": 149047, "ADDRESS_KEY": 150364, "INSTALLATION_DATE": -536428800000, "DEPTH_OF_COVER_M": 0.9100000262260437, "RESTRAINED_JOINT": 0, "CATHODICALLY_PROTECTED": 0, "REMARKS": null, "ASSET_DESCRIPTION": "900 W 17TH AV", "SPLIT_ON_CITYSIDE": null, "COMPKEY": 289416, "COMPTYPE": 41, "COATING_DATE": null, "LINING_DATE": null, "UPDATED_BY": "enfoz", "WATERMAIN_KEY": 64267, "BUN": null, "PIPE_LENGTH_M": 1.3019, "PARALLEL_LINE_NUMBER": null, "PRESSURE_ZONE": null, "PIPE_USE": "Water Main", "SERVICE_STATUS": "Out of Service-Abandoned", "SUBSYSTEM": "Distribution", "OWNER": "COVAV", "OPERATOR": "COVAV", "DIAMETER": "150 mm", "PIPE_CLASS": null, "MATERIAL": "Cast Iron", "LINING_MATERIAL": "blank", "COATING_MATERIAL": "blank", "FACET": "N14", "CONNECTION_TYPE": null, "DOMESTIC_DIAMETER": null, "DOMESTIC_MATERIAL": null, "FIRE_LIN_DIAMETER": null, "INSTALLED_BY": "City of Vancouver", "FIRE_LIN_MATERIAL": null, "MAP_TOOLTIP": "150 CI n/a 1953", "UPDATED_DATE_iso": "2010-04-01", "COV_DATE_UPDATE_iso": "2010-04-01", "INSTALLATION_DATE_iso": "1953-01-01"}, "geometry": {"type": "LineString", "coordinates": [[-123.12459869657559, 49.25616546384301], [-123.12458080304478, 49.25616517730095]]}}, {"type": "Feature", "properties": {"SHAPE_Length": 12.497806567491251, "OBJECTID": 21301435, "COV_SOURCE_KEY": "400309", "UPDATED_DATE": 1591908439000, "COV_DATE_UPDATE": 1591908439000, "TBFID": 4154730, "ORACLE_ID": "__FJAD7F", "UNIT_ID_1": "59534", "UNIT_ID_2": "4154728", "MAIN_COMP1": 46, "MAIN_KEY_1": 63233, "MAIN_COMP2": 43, "MAIN_KEY_2": 821742, "ADDRESS_KEY": 155590, "INSTALLATION_DATE": -126201600000, "DEPTH_OF_COVER_M": 0.9100000262260437, "RESTRAINED_JOINT": 0, "CATHODICALLY_PROTECTED": 0, "REMARKS": null, "ASSET_DESCRIPTION": "200 300  W 19TH AV", "SPLIT_ON_CITYSIDE": null, "COMPKEY": 275959, "COMPTYPE": 41, "COATING_DATE": null, "LINING_DATE": null, "UPDATED_BY": "enyamw", "WATERMAIN_KEY": 53406, "BUN": null, "PIPE_LENGTH_M": 12.49780657, "PARALLEL_LINE_NUMBER": null, "PRESSURE_ZONE": 172, "PIPE_USE": "Water Main", "SERVICE_STATUS": "Out of Service-Abandoned", "SUBSYSTEM": "Distribution", "OWNER": "COVAV", "OPERATOR": "COVAV", "DIAMETER": "150 mm", "PIPE_CLASS": null, "MATERIAL": "Cast Iron", "LINING_MATERIAL": "Cement Lined", "COATING_MATERIAL": "blank", "FACET": "P15", "CONNECTION_TYPE": null, "DOMESTIC_DIAMETER": null, "DOMESTIC_MATERIAL": null, "FIRE_LIN_DIAMETER": null, "INSTALLED_BY": "City of Vancouver", "FIRE_LIN_MATERIAL": null, "MAP_TOOLTIP": "150 CI CL 1966", "UPDATED_DATE_iso": "2020-06-11", "COV_DATE_UPDATE_iso": "2020-06-11", "INSTALLATION_DATE_iso": "1966-01-01"}, "geometry": {"type": "LineString", "coordinates": [[-123.10997440826188, 49.25392830215536], [-123.10980278946083, 49.25392401274941]]}}, {"type": "Feature", "properties": {"SHAPE_Length": 10.227107998344177, "OBJECTID": 21301607, "COV_SOURCE_KEY": "376356", "UPDATED_DATE": 1296586159000, "COV_DATE_UPDATE": 1296586159000, "TBFID": 4129034, "ORACLE_ID": "__FJ9Q7M", "UNIT_ID_1": "138710", "UNIT_ID_2": "863049", "MAIN_COMP1": 43, "MAIN_KEY_1": 46844, "MAIN_COMP2": 43, "MAIN_KEY_2": 751754, "ADDRESS_KEY": 154625, "INSTALLATION_DATE": -1262275200000, "DEPTH_OF_COVER_M": 0.9100000262260437, "RESTRAINED_JOINT": 0, "CATHODICALLY_PROTECTED": 0, "REMARKS": null, "ASSET_DESCRIPTION": "900 W 28TH AV", "SPLIT_ON_CITYSIDE": null, "COMPKEY": 244426, "COMPTYPE": 41, "COATING_DATE": null, "LINING_DATE": null, "UPDATED_BY": "enwwio", "WATERMAIN_KEY": 29915, "BUN": null, "PIPE_LENGTH_M": 14.7217564, "PARALLEL_LINE_NUMBER": null, "PRESSURE_ZONE": 173, "PIPE_USE": "Water Main", "SERVICE_STATUS": "Out of Service-Abandoned", "SUBSYSTEM": "Distribution", "OWNER": "COVAV", "OPERATOR": "COVAV", "DIAMETER": "150 mm", "PIPE_CLASS": null, "MATERIAL": "Cast Iron", "LINING_MATERIAL": "blank", "COATING_MATERIAL": "blank", "FACET": "N16", "CONNECTION_TYPE": null, "DOMESTIC_DIAMETER": null, "DOMESTIC_MATERIAL": null, "FIRE_LIN_DIAMETER": null, "INSTALLED_BY": "City of Vancouver", "FIRE_LIN_MATERIAL": null, "MAP_TOOLTIP": "150 CI n/a 1930", "UPDATED_DATE_iso": "2011-02-01", "COV_DATE_UPDATE_iso": "2011-02-01", "INSTALLATION_DATE_iso": "1930-01-01"}, "geometry": {"type": "LineString", "coordinates": [[-123.12763384684543, 49.246356463153475], [-123.12777418384506, 49.24636113847183]]}}, {"type": "Feature", "properties": {"SHAPE_Length": 2.0998011823955793, "OBJECTID": 21301931, "COV_SOURCE_KEY": "410776", "UPDATED_DATE": 1270108335000, "COV_DATE_UPDATE": 1270108335000, "TBFID": 475972, "ORACLE_ID": "__FNFFM9", "UNIT_ID_1": "T__FP64TJ", "UNIT_ID_2": "T__FP6LKT", "MAIN_COMP1": 43, "MAIN_KEY_1": 175439, "MAIN_COMP2": 43, "MAIN_KEY_2": 200313, "ADDRESS_KEY": 147901, "INSTALLATION_DATE": 1155711600000, "DEPTH_OF_COVER_M": 0.8999999761581421, "RESTRAINED_JOINT": 0, "CATHODICALLY_PROTECTED": 0, "REMARKS": null, "ASSET_DESCRIPTION": "3600 ASH ST", "SPLIT_ON_CITYSIDE": null, "COMPKEY": 288623, "COMPTYPE": 41, "COATING_DATE": null, "LINING_DATE": null, "UPDATED_BY": "enfoz", "WATERMAIN_KEY": 63622, "BUN": null, "PIPE_LENGTH_M": 2.1, "PARALLEL_LINE_NUMBER": null, "PRESSURE_ZONE": null, "PIPE_USE": "Water Main", "SERVICE_STATUS": "Out of Service-Abandoned", "SUBSYSTEM": "Distribution", "OWNER": "COVAV", "OPERATOR": "COVAV", "DIAMETER": "150 mm", "PIPE_CLASS": null, "MATERIAL": "Ductile Iron Concrete Lined", "LINING_MATERIAL": "blank", "COATING_MATERIAL": "blank", "FACET": "O15", "CONNECTION_TYPE": null, "DOMESTIC_DIAMETER": null, "DOMESTIC_MATERIAL": null, "FIRE_LIN_DIAMETER": null, "INSTALLED_BY": "City of Vancouver", "FIRE_LIN_MATERIAL": null, "MAP_TOOLTIP": "150 DICL n/a 2006", "UPDATED_DATE_iso": "2010-04-01", "COV_DATE_UPDATE_iso": "2010-04-01", "INSTALLATION_DATE_iso": "2006-08-16"}, "geometry": {"type": "LineString", "coordinates": [[-123.11823571200861, 49.25321877672274], [-123.11823496008283, 49.25323765846569]]}}, {"type": "Feature", "properties": {"SHAPE_Length": 43.299708566333635, "OBJECTID": 21302398, "COV_SOURCE_KEY": "410760", "UPDATED_DATE": 1270108329000, "COV_DATE_UPDATE": 1270108329000, "TBFID": 475956, "ORACLE_ID": "__FNEW82", "UNIT_ID_1": "T__FP61CA", "UNIT_ID_2": "T__FP5P3V", "MAIN_COMP1": 43, "MAIN_KEY_1": 170153, "MAIN_COMP2": 43, "MAIN_KEY_2": 151705, "ADDRESS_KEY": 148951, "INSTALLATION_DATE": -220896000000, "DEPTH_OF_COVER_M": 0.9100000262260437, "RESTRAINED_JOINT": 0, "CATHODICALLY_PROTECTED": 0, "REMARKS": null, "ASSET_DESCRIPTION": "500 LANE", "SPLIT_ON_CITYSIDE": null, "COMPKEY": 288212, "COMPTYPE": 41, "COATING_DATE": null, "LINING_DATE": null, "UPDATED_BY": "enfoz", "WATERMAIN_KEY": 63291, "BUN": null, "PIPE_LENGTH_M": 43.2999, "PARALLEL_LINE_NUMBER": null, "PRESSURE_ZONE": null, "PIPE_USE": "Water Main", "SERVICE_STATUS": "Out of Service-Abandoned", "SUBSYSTEM": "Distribution", "OWNER": "COVAV", "OPERATOR": "COVAV", "DIAMETER": "150 mm", "PIPE_CLASS": null, "MATERIAL": "Cast Iron", "LINING_MATERIAL": "Cement Lined", "COATING_MATERIAL": "blank", "FACET": "O16", "CONNECTION_TYPE": null, "DOMESTIC_DIAMETER": null, "DOMESTIC_MATERIAL": null, "FIRE_LIN_DIAMETER": null, "INSTALLED_BY": "City of Vancouver", "FIRE_LIN_MATERIAL": null, "MAP_TOOLTIP": "150 CI CL 1963", "UPDATED_DATE_iso": "2010-04-01", "COV_DATE_UPDATE_iso": "2010-04-01", "INSTALLATION_DATE_iso": "1963-01-01"}, "geometry": {"type": "LineString", "coordinates": [[-123.11836653607247, 49.249610441727086], [-123.11838400405475, 49.24922111930736]]}}, {"type": "Feature", "properties": {"SHAPE_Length": 4.30154681446133, "OBJECTID": 21302400, "COV_SOURCE_KEY": "410762", "UPDATED_DATE": 1270108330000, "COV_DATE_UPDATE": 1270108330000, "TBFID": 475958, "ORACLE_ID": "__FNEW8B", "UNIT_ID_1": "T__FP6LG7", "UNIT_ID_2": "T__FP68VT", "MAIN_COMP1": 43, "MAIN_KEY_1": 200120, "MAIN_COMP2": 43, "MAIN_KEY_2": 181528, "ADDRESS_KEY": 151546, "INSTALLATION_DATE": -1325433600000, "DEPTH_OF_COVER_M": 1.2200000286102295, "RESTRAINED_JOINT": 0, "CATHODICALLY_PROTECTED": 0, "REMARKS": null, "ASSET_DESCRIPTION": "500 W KING EDWARD AV", "SPLIT_ON_CITYSIDE": null, "COMPKEY": 288214, "COMPTYPE": 41, "COATING_DATE": null, "LINING_DATE": null, "UPDATED_BY": "enfoz", "WATERMAIN_KEY": 63293, "BUN": null, "PIPE_LENGTH_M": 4.30182804, "PARALLEL_LINE_NUMBER": null, "PRESSURE_ZONE": null, "PIPE_USE": "Water Main", "SERVICE_STATUS": "Out of Service-Abandoned", "SUBSYSTEM": "Transmission", "OWNER": "COVAV", "OPERATOR": "COVAV", "DIAMETER": "450 mm", "PIPE_CLASS": null, "MATERIAL": "Steel", "LINING_MATERIAL": "blank", "COATING_MATERIAL": "blank", "FACET": "O16", "CONNECTION_TYPE": null, "DOMESTIC_DIAMETER": null, "DOMESTIC_MATERIAL": null, "FIRE_LIN_DIAMETER": null, "INSTALLED_BY": "City of Vancouver", "FIRE_LIN_MATERIAL": null, "MAP_TOOLTIP": "450 S n/a 1928", "UPDATED_DATE_iso": "2010-04-01", "COV_DATE_UPDATE_iso": "2010-04-01", "INSTALLATION_DATE_iso": "1928-01-01"}, "geometry": {"type": "LineString", "coordinates": [[-123.11830247159494, 49.2490274455769], [-123.1183615453671, 49.24902871636632]]}}, {"type": "Feature", "properties": {"SHAPE_Length": 24.009873572847006, "OBJECTID": 21302794, "COV_SOURCE_KEY": "411767", "UPDATED_DATE": 1270108733000, "COV_DATE_UPDATE": 1270108733000, "TBFID": 475626, "ORACLE_ID": "__FNF9W5", "UNIT_ID_1": "T__FP5CRE", "UNIT_ID_2": "T__FP5CF7", "MAIN_COMP1": 43, "MAIN_KEY_1": 131659, "MAIN_COMP2": 43, "MAIN_KEY_2": 131166, "ADDRESS_KEY": 148195, "INSTALLATION_DATE": -725817600000, "DEPTH_OF_COVER_M": 0.9100000262260437, "RESTRAINED_JOINT": 0, "CATHODICALLY_PROTECTED": 0, "REMARKS": null, "ASSET_DESCRIPTION": "4000 CAMBIE ST", "SPLIT_ON_CITYSIDE": null, "COMPKEY": 288522, "COMPTYPE": 41, "COATING_DATE": null, "LINING_DATE": null, "UPDATED_BY": "enfoz", "WATERMAIN_KEY": 63542, "BUN": null, "PIPE_LENGTH_M": 24.0099, "PARALLEL_LINE_NUMBER": null, "PRESSURE_ZONE": null, "PIPE_USE": "Water Main", "SERVICE_STATUS": "Out of Service-Abandoned", "SUBSYSTEM": "Distribution", "OWNER": "COVAV", "OPERATOR": "COVAV", "DIAMETER": "300 mm", "PIPE_CLASS": null, "MATERIAL": "Cast Iron", "LINING_MATERIAL": "blank", "COATING_MATERIAL": "blank", "FACET": "O16", "CONNECTION_TYPE": null, "DOMESTIC_DIAMETER": null, "DOMESTIC_MATERIAL": null, "FIRE_LIN_DIAMETER": null, "INSTALLED_BY": "City of Vancouver", "FIRE_LIN_MATERIAL": null, "MAP_TOOLTIP": "300 CI n/a 1947", "UPDATED_DATE_iso": "2010-04-01", "COV_DATE_UPDATE_iso": "2010-04-01", "INSTALLATION_DATE_iso": "1947-01-01"}, "geometry": {"type": "LineString", "coordinates": [[-123.11525330106258, 49.24946451141389], [-123.11526317273766, 49.24924863405803]]}}, {"type": "Feature", "properties": {"SHAPE_Length": 35.11879553739189, "OBJECTID": 21302812, "COV_SOURCE_KEY": "410759", "UPDATED_DATE": 1270108329000, "COV_DATE_UPDATE": 1270108329000, "TBFID": 475955, "ORACLE_ID": "__FNEW81", "UNIT_ID_1": "T__FP6A8X", "UNIT_ID_2": "T__FP6JDH", "MAIN_COMP1": 43, "MAIN_KEY_1": 183500, "MAIN_COMP2": 43, "MAIN_KEY_2": 197035, "ADDRESS_KEY": 148951, "INSTALLATION_DATE": -220896000000, "DEPTH_OF_COVER_M": 0.9100000262260437, "RESTRAINED_JOINT": 0, "CATHODICALLY_PROTECTED": 0, "REMARKS": null, "ASSET_DESCRIPTION": "4000 ASH ST", "SPLIT_ON_CITYSIDE": null, "COMPKEY": 288211, "COMPTYPE": 41, "COATING_DATE": null, "LINING_DATE": null, "UPDATED_BY": "enfoz", "WATERMAIN_KEY": 63290, "BUN": null, "PIPE_LENGTH_M": 35.118, "PARALLEL_LINE_NUMBER": null, "PRESSURE_ZONE": null, "PIPE_USE": "Water Main", "SERVICE_STATUS": "Out of Service-Abandoned", "SUBSYSTEM": "Distribution", "OWNER": "COVAV", "OPERATOR": "COVAV", "DIAMETER": "150 mm", "PIPE_CLASS": null, "MATERIAL": "Cast Iron", "LINING_MATERIAL": "Cement Lined", "COATING_MATERIAL": "blank", "FACET": "O15", "CONNECTION_TYPE": null, "DOMESTIC_DIAMETER": null, "DOMESTIC_MATERIAL": null, "FIRE_LIN_DIAMETER": null, "INSTALLED_BY": "City of Vancouver", "FIRE_LIN_MATERIAL": null, "MAP_TOOLTIP": "150 CI CL 1963", "UPDATED_DATE_iso": "2010-04-01", "COV_DATE_UPDATE_iso": "2010-04-01", "INSTALLATION_DATE_iso": "1963-01-01"}, "geometry": {"type": "LineString", "coordinates": [[-123.11835196394011, 49.249935193402706], [-123.11836613159339, 49.249619428375084]]}}, {"type": "Feature", "properties": {"SHAPE_Length": 16.304518545877343, "OBJECTID": 21303845, "COV_SOURCE_KEY": "412917", "UPDATED_DATE": 1270109224000, "COV_DATE_UPDATE": 1270109224000, "TBFID": 482339, "ORACLE_ID": "__FNHO41", "UNIT_ID_1": "T__FP6HFP", "UNIT_ID_2": "T__FPAM3I", "MAIN_COMP1": 43, "MAIN_KEY_1": 194141, "MAIN_COMP2": 43, "MAIN_KEY_2": 201958, "ADDRESS_KEY": 149345, "INSTALLATION_DATE": 1172736000000, "DEPTH_OF_COVER_M": 1.2000000476837158, "RESTRAINED_JOINT": 1, "CATHODICALLY_PROTECTED": 0, "REMARKS": null, "ASSET_DESCRIPTION": "600 W KING EDWARD AV", "SPLIT_ON_CITYSIDE": null, "COMPKEY": 289708, "COMPTYPE": 41, "COATING_DATE": null, "LINING_DATE": null, "UPDATED_BY": "enfoz", "WATERMAIN_KEY": 64503, "BUN": null, "PIPE_LENGTH_M": 16.30474828, "PARALLEL_LINE_NUMBER": null, "PRESSURE_ZONE": null, "PIPE_USE": "Water Main", "SERVICE_STATUS": "Out of Service-Abandoned", "SUBSYSTEM": "Distribution", "OWNER": "COVAV", "OPERATOR": "COVAV", "DIAMETER": "300 mm", "PIPE_CLASS": null, "MATERIAL": "Ductile Iron Concrete Lined", "LINING_MATERIAL": "blank", "COATING_MATERIAL": "blank", "FACET": "O16", "CONNECTION_TYPE": null, "DOMESTIC_DIAMETER": null, "DOMESTIC_MATERIAL": null, "FIRE_LIN_DIAMETER": null, "INSTALLED_BY": "City of Vancouver", "FIRE_LIN_MATERIAL": null, "MAP_TOOLTIP": "300 DICL n/a 2007 RJ", "UPDATED_DATE_iso": "2010-04-01", "COV_DATE_UPDATE_iso": "2010-04-01", "INSTALLATION_DATE_iso": "2007-03-01"}, "geometry": {"type": "LineString", "coordinates": [[-123.1186404773705, 49.24903374645116], [-123.11841652407327, 49.24902982940874]]}}, {"type": "Feature", "properties": {"SHAPE_Length": 2.170466539633804, "OBJECTID": 21303846, "COV_SOURCE_KEY": "412918", "UPDATED_DATE": 1270109224000, "COV_DATE_UPDATE": 1270109224000, "TBFID": 482340, "ORACLE_ID": "__FNHO45", "UNIT_ID_1": "T__FPAM32", "UNIT_ID_2": "T__FP68VT", "MAIN_COMP1": 43, "MAIN_KEY_1": 201939, "MAIN_COMP2": 43, "MAIN_KEY_2": 181528, "ADDRESS_KEY": 151546, "INSTALLATION_DATE": 1172736000000, "DEPTH_OF_COVER_M": 1.2000000476837158, "RESTRAINED_JOINT": 1, "CATHODICALLY_PROTECTED": 0, "REMARKS": null, "ASSET_DESCRIPTION": "500 W KING EDWARD AV", "SPLIT_ON_CITYSIDE": null, "COMPKEY": 289709, "COMPTYPE": 41, "COATING_DATE": null, "LINING_DATE": null, "UPDATED_BY": "enfoz", "WATERMAIN_KEY": 64504, "BUN": null, "PIPE_LENGTH_M": 2.17017008, "PARALLEL_LINE_NUMBER": null, "PRESSURE_ZONE": null, "PIPE_USE": "Water Main", "SERVICE_STATUS": "Out of Service-Abandoned", "SUBSYSTEM": "Transmission", "OWNER": "COVAV", "OPERATOR": "COVAV", "DIAMETER": "450 mm", "PIPE_CLASS": null, "MATERIAL": "Steel", "LINING_MATERIAL": "blank", "COATING_MATERIAL": "blank", "FACET": "O16", "CONNECTION_TYPE": null, "DOMESTIC_DIAMETER": null, "DOMESTIC_MATERIAL": null, "FIRE_LIN_DIAMETER": null, "INSTALLED_BY": "City of Vancouver", "FIRE_LIN_MATERIAL": null, "MAP_TOOLTIP": "450 S n/a 2007 RJ", "UPDATED_DATE_iso": "2010-04-01", "COV_DATE_UPDATE_iso": "2010-04-01", "INSTALLATION_DATE_iso": "2007-03-01"}, "geometry": {"type": "LineString", "coordinates": [[-123.11839136331166, 49.24902909060004], [-123.1183615453671, 49.24902871636632]]}}, {"type": "Feature", "properties": {"SHAPE_Length": 7.474570221837718, "OBJECTID": 21304299, "COV_SOURCE_KEY": "415379", "UPDATED_DATE": 1636133279000, "COV_DATE_UPDATE": 1636133279000, "TBFID": 4118950, "ORACLE_ID": "__FNKJSZ", "UNIT_ID_1": "865978", "UNIT_ID_2": "T__FP5TRJ", "MAIN_COMP1": 43, "MAIN_KEY_1": 119944, "MAIN_COMP2": 43, "MAIN_KEY_2": 158763, "ADDRESS_KEY": 150609, "INSTALLATION_DATE": null, "DEPTH_OF_COVER_M": 1.2200000286102295, "RESTRAINED_JOINT": 0, "CATHODICALLY_PROTECTED": 0, "REMARKS": null, "ASSET_DESCRIPTION": "400 W KING EDWARD AV", "SPLIT_ON_CITYSIDE": null, "COMPKEY": 293345, "COMPTYPE": 41, "COATING_DATE": null, "LINING_DATE": null, "UPDATED_BY": "enyamw", "WATERMAIN_KEY": 67451, "BUN": null, "PIPE_LENGTH_M": 9.53524824, "PARALLEL_LINE_NUMBER": null, "PRESSURE_ZONE": 172, "PIPE_USE": "Water Main", "SERVICE_STATUS": "Out of Service-Abandoned", "SUBSYSTEM": "Transmission", "OWNER": "GVWD", "OPERATOR": "GVWD", "DIAMETER": "600 mm", "PIPE_CLASS": null, "MATERIAL": "Steel", "LINING_MATERIAL": "blank", "COATING_MATERIAL": "blank", "FACET": "O16", "CONNECTION_TYPE": null, "DOMESTIC_DIAMETER": null, "DOMESTIC_MATERIAL": null, "FIRE_LIN_DIAMETER": null, "INSTALLED_BY": "City of Vancouver", "FIRE_LIN_MATERIAL": null, "MAP_TOOLTIP": "600 S n/a  GVWD", "UPDATED_DATE_iso": "2021-11-05", "COV_DATE_UPDATE_iso": "2021-11-05"}, "geometry": {"type": "LineString", "coordinates": [[-123.11516808570765, 49.24908244307267], [-123.11527075926679, 49.24908410374349]]}}, {"type": "Feature", "properties": {"SHAPE_Length": 359.76743074594776, "OBJECTID": 21304381, "COV_SOURCE_KEY": "370041", "UPDATED_DATE": 1339796830000, "COV_DATE_UPDATE": 1339796830000, "TBFID": 4118885, "ORACLE_ID": "__FJ9IN2", "UNIT_ID_1": "T__FP5Z9C", "UNIT_ID_2": "T__FP5TSJ", "MAIN_COMP1": 43, "MAIN_KEY_1": 167102, "MAIN_COMP2": 43, "MAIN_KEY_2": 158808, "ADDRESS_KEY": 153297, "INSTALLATION_DATE": null, "DEPTH_OF_COVER_M": 1.2200000286102295, "RESTRAINED_JOINT": 0, "CATHODICALLY_PROTECTED": 0, "REMARKS": null, "ASSET_DESCRIPTION": "4400 CAMBIE ST", "SPLIT_ON_CITYSIDE": null, "COMPKEY": 234715, "COMPTYPE": 41, "COATING_DATE": null, "LINING_DATE": null, "UPDATED_BY": "ENJCR", "WATERMAIN_KEY": 22383, "BUN": null, "PIPE_LENGTH_M": 359.76743074, "PARALLEL_LINE_NUMBER": null, "PRESSURE_ZONE": 173, "PIPE_USE": "Water Main", "SERVICE_STATUS": "Out of Service-Abandoned", "SUBSYSTEM": "Transmission", "OWNER": "GVWD", "OPERATOR": "GVWD", "DIAMETER": "600 mm", "PIPE_CLASS": null, "MATERIAL": "Steel", "LINING_MATERIAL": "blank", "COATING_MATERIAL": "blank", "FACET": "O17", "CONNECTION_TYPE": null, "DOMESTIC_DIAMETER": null, "DOMESTIC_MATERIAL": null, "FIRE_LIN_DIAMETER": null, "INSTALLED_BY": "City of Vancouver", "FIRE_LIN_MATERIAL": null, "MAP_TOOLTIP": "600 S n/a  GVWD", "UPDATED_DATE_iso": "2012-06-15", "COV_DATE_UPDATE_iso": "2012-06-15"}, "geometry": {"type": "LineString", "coordinates": [[-123.1157235171622, 49.24425955247932], [-123.11587377143597, 49.24102485763131]]}}, {"type": "Feature", "properties": {"SHAPE_Length": 62.36006145755634, "OBJECTID": 21304626, "COV_SOURCE_KEY": "370407", "UPDATED_DATE": 1329854312000, "COV_DATE_UPDATE": 1329854312000, "TBFID": 4171882, "ORACLE_ID": "__FJ9J2K", "UNIT_ID_1": "4171872", "UNIT_ID_2": "4171734", "MAIN_COMP1": 43, "MAIN_KEY_1": 792703, "MAIN_COMP2": 43, "MAIN_KEY_2": 792722, "ADDRESS_KEY": 148119, "INSTALLATION_DATE": -126201600000, "DEPTH_OF_COVER_M": 0.9100000262260437, "RESTRAINED_JOINT": 0, "CATHODICALLY_PROTECTED": 0, "REMARKS": null, "ASSET_DESCRIPTION": "500 W 16TH AV", "SPLIT_ON_CITYSIDE": null, "COMPKEY": 235267, "COMPTYPE": 41, "COATING_DATE": null, "LINING_DATE": null, "UPDATED_BY": "enyamw", "WATERMAIN_KEY": 22811, "BUN": null, "PIPE_LENGTH_M": 62.36006146, "PARALLEL_LINE_NUMBER": null, "PRESSURE_ZONE": 172, "PIPE_USE": "Water Main", "SERVICE_STATUS": "Out of Service-Abandoned", "SUBSYSTEM": "Distribution", "OWNER": "COVAV", "OPERATOR": "COVAV", "DIAMETER": "100 mm", "PIPE_CLASS": null, "MATERIAL": "Cast Iron", "LINING_MATERIAL": "blank", "COATING_MATERIAL": "blank", "FACET": "O14", "CONNECTION_TYPE": null, "DOMESTIC_DIAMETER": null, "DOMESTIC_MATERIAL": null, "FIRE_LIN_DIAMETER": null, "INSTALLED_BY": "City of Vancouver", "FIRE_LIN_MATERIAL": null, "MAP_TOOLTIP": "100 CI n/a 1966", "UPDATED_DATE_iso": "2012-02-21", "COV_DATE_UPDATE_iso": "2012-02-21", "INSTALLATION_DATE_iso": "1966-01-01"}, "geometry": {"type": "LineString", "coordinates": [[-123.11707489502412, 49.25692709597722], [-123.11621828249169, 49.25691025821671]]}}, {"type": "Feature", "properties": {"SHAPE_Length": 11.398060054355945, "OBJECTID": 21304627, "COV_SOURCE_KEY": "371278", "UPDATED_DATE": 1329854312000, "COV_DATE_UPDATE": 1329854312000, "TBFID": 4171910, "ORACLE_ID": "__FJ9KEF", "UNIT_ID_1": "4171722", "UNIT_ID_2": "4171904", "MAIN_COMP1": 43, "MAIN_KEY_1": 792698, "MAIN_COMP2": 43, "MAIN_KEY_2": 792702, "ADDRESS_KEY": 148119, "INSTALLATION_DATE": -126201600000, "DEPTH_OF_COVER_M": 0.9100000262260437, "RESTRAINED_JOINT": 0, "CATHODICALLY_PROTECTED": 0, "REMARKS": null, "ASSET_DESCRIPTION": "3200 TUPPER ST", "SPLIT_ON_CITYSIDE": null, "COMPKEY": 236803, "COMPTYPE": 41, "COATING_DATE": null, "LINING_DATE": null, "UPDATED_BY": "enyamw", "WATERMAIN_KEY": 23997, "BUN": null, "PIPE_LENGTH_M": 13.39899608, "PARALLEL_LINE_NUMBER": null, "PRESSURE_ZONE": 172, "PIPE_USE": "Water Main", "SERVICE_STATUS": "Out of Service-Abandoned", "SUBSYSTEM": "Distribution", "OWNER": "COVAV", "OPERATOR": "COVAV", "DIAMETER": "100 mm", "PIPE_CLASS": null, "MATERIAL": "Cast Iron", "LINING_MATERIAL": "Cement Lined", "COATING_MATERIAL": "blank", "FACET": "O14", "CONNECTION_TYPE": null, "DOMESTIC_DIAMETER": null, "DOMESTIC_MATERIAL": null, "FIRE_LIN_DIAMETER": null, "INSTALLED_BY": "City of Vancouver", "FIRE_LIN_MATERIAL": null, "MAP_TOOLTIP": "100 CI CL 1966", "UPDATED_DATE_iso": "2012-02-21", "COV_DATE_UPDATE_iso": "2012-02-21", "INSTALLATION_DATE_iso": "1966-01-01"}, "geometry": {"type": "LineString", "coordinates": [[-123.116119895355, 49.25685638583659], [-123.11596339646694, 49.256852027417764]]}}, {"type": "Feature", "properties": {"SHAPE_Length": 147.4298774910162, "OBJECTID": 21304909, "COV_SOURCE_KEY": "4172026", "UPDATED_DATE": 1457972919000, "COV_DATE_UPDATE": 1457972919000, "TBFID": 4172027, "ORACLE_ID": "__FPI39N", "UNIT_ID_1": "4169684", "UNIT_ID_2": "59502", "MAIN_COMP1": 43, "MAIN_KEY_1": 790459, "MAIN_COMP2": 46, "MAIN_KEY_2": 63266, "ADDRESS_KEY": 156499, "INSTALLATION_DATE": -220896000000, "DEPTH_OF_COVER_M": 0.9100000262260437, "RESTRAINED_JOINT": 0, "CATHODICALLY_PROTECTED": 0, "REMARKS": null, "ASSET_DESCRIPTION": "800 W 24TH AV", "SPLIT_ON_CITYSIDE": null, "COMPKEY": 872261, "COMPTYPE": 41, "COATING_DATE": null, "LINING_DATE": null, "UPDATED_BY": "enyamw", "WATERMAIN_KEY": 86437, "BUN": null, "PIPE_LENGTH_M": 147.42987749, "PARALLEL_LINE_NUMBER": null, "PRESSURE_ZONE": 172, "PIPE_USE": "Water Main", "SERVICE_STATUS": "Out of Service-Abandoned", "SUBSYSTEM": "Distribution", "OWNER": "COVAV", "OPERATOR": "COVAV", "DIAMETER": "150 mm", "PIPE_CLASS": null, "MATERIAL": "Cast Iron", "LINING_MATERIAL": "Cement Lined", "COATING_MATERIAL": "blank", "FACET": "N15", "CONNECTION_TYPE": null, "DOMESTIC_DIAMETER": null, "DOMESTIC_MATERIAL": null, "FIRE_LIN_DIAMETER": null, "INSTALLED_BY": "City of Vancouver", "FIRE_LIN_MATERIAL": null, "MAP_TOOLTIP": "150 CI CL 1963", "UPDATED_DATE_iso": "2016-03-14", "COV_DATE_UPDATE_iso": "2016-03-14", "INSTALLATION_DATE_iso": "1963-01-01"}, "geometry": {"type": "LineString", "coordinates": [[-123.12446277763894, 49.25012364457674], [-123.12243755389127, 49.250091662673]]}}, {"type": "Feature", "properties": {"SHAPE_Length": 3.0923688331318147, "OBJECTID": 21305482, "COV_SOURCE_KEY": "385993", "UPDATED_DATE": 1457972989000, "COV_DATE_UPDATE": 1457972989000, "TBFID": 4171898, "ORACLE_ID": "__FJ9YAW", "UNIT_ID_1": "59502", "UNIT_ID_2": "4172016", "MAIN_COMP1": 46, "MAIN_KEY_1": 63266, "MAIN_COMP2": 43, "MAIN_KEY_2": 872211, "ADDRESS_KEY": 156499, "INSTALLATION_DATE": -220896000000, "DEPTH_OF_COVER_M": 0.9100000262260437, "RESTRAINED_JOINT": 0, "CATHODICALLY_PROTECTED": 0, "REMARKS": null, "ASSET_DESCRIPTION": "800 W 24TH AV", "SPLIT_ON_CITYSIDE": null, "COMPKEY": 255508, "COMPTYPE": 41, "COATING_DATE": null, "LINING_DATE": null, "UPDATED_BY": "enyamw", "WATERMAIN_KEY": 37957, "BUN": null, "PIPE_LENGTH_M": 3.09236883, "PARALLEL_LINE_NUMBER": null, "PRESSURE_ZONE": 172, "PIPE_USE": "Water Main", "SERVICE_STATUS": "Out of Service-Abandoned", "SUBSYSTEM": "Distribution", "OWNER": "COVAV", "OPERATOR": "COVAV", "DIAMETER": "150 mm", "PIPE_CLASS": null, "MATERIAL": "Cast Iron", "LINING_MATERIAL": "Cement Lined", "COATING_MATERIAL": "blank", "FACET": "N15", "CONNECTION_TYPE": null, "DOMESTIC_DIAMETER": null, "DOMESTIC_MATERIAL": null, "FIRE_LIN_DIAMETER": null, "INSTALLED_BY": "City of Vancouver", "FIRE_LIN_MATERIAL": null, "MAP_TOOLTIP": "150 CI CL 1963", "UPDATED_DATE_iso": "2016-03-14", "COV_DATE_UPDATE_iso": "2016-03-14", "INSTALLATION_DATE_iso": "1963-01-01"}, "geometry": {"type": "LineString", "coordinates": [[-123.12243755389127, 49.250091662673], [-123.12239507892382, 49.25009088011708]]}}, {"type": "Feature", "properties": {"SHAPE_Length": 1.0699467277766788, "OBJECTID": 21305669, "COV_SOURCE_KEY": "4171993", "UPDATED_DATE": 1457972918000, "COV_DATE_UPDATE": 1457972918000, "TBFID": 4171994, "ORACLE_ID": "__FPI395", "UNIT_ID_1": "59503", "UNIT_ID_2": "4171984", "MAIN_COMP1": 46, "MAIN_KEY_1": 63269, "MAIN_COMP2": 43, "MAIN_KEY_2": 872208, "ADDRESS_KEY": 156845, "INSTALLATION_DATE": -220896000000, "DEPTH_OF_COVER_M": 0.9100000262260437, "RESTRAINED_JOINT": 0, "CATHODICALLY_PROTECTED": 0, "REMARKS": null, "ASSET_DESCRIPTION": "3900 WILLOW ST", "SPLIT_ON_CITYSIDE": null, "COMPKEY": 872260, "COMPTYPE": 41, "COATING_DATE": null, "LINING_DATE": null, "UPDATED_BY": "enyamw", "WATERMAIN_KEY": 86436, "BUN": null, "PIPE_LENGTH_M": 1.06994673, "PARALLEL_LINE_NUMBER": null, "PRESSURE_ZONE": 172, "PIPE_USE": "Water Main", "SERVICE_STATUS": "Out of Service-Abandoned", "SUBSYSTEM": "Distribution", "OWNER": "COVAV", "OPERATOR": "COVAV", "DIAMETER": "150 mm", "PIPE_CLASS": null, "MATERIAL": "Cast Iron", "LINING_MATERIAL": "Cement Lined", "COATING_MATERIAL": "blank", "FACET": "N15", "CONNECTION_TYPE": null, "DOMESTIC_DIAMETER": null, "DOMESTIC_MATERIAL": null, "FIRE_LIN_DIAMETER": null, "INSTALLED_BY": "City of Vancouver", "FIRE_LIN_MATERIAL": null, "MAP_TOOLTIP": "150 CI CL 1963", "UPDATED_DATE_iso": "2016-03-14", "COV_DATE_UPDATE_iso": "2016-03-14", "INSTALLATION_DATE_iso": "1963-01-01"}, "geometry": {"type": "LineString", "coordinates": [[-123.1223451103977, 49.25021049761513], [-123.12234570497537, 49.250200881086684]]}}, {"type": "Feature", "properties": {"SHAPE_Length": 100.55113352455422, "OBJECTID": 21306009, "COV_SOURCE_KEY": "411151", "UPDATED_DATE": 1296586159000, "COV_DATE_UPDATE": 1296586159000, "TBFID": 475467, "ORACLE_ID": "__FNEOU6", "UNIT_ID_1": "4129358", "UNIT_ID_2": "149472", "MAIN_COMP1": 43, "MAIN_KEY_1": 751750, "MAIN_COMP2": 43, "MAIN_KEY_2": 113327, "ADDRESS_KEY": 152932, "INSTALLATION_DATE": -441820800000, "DEPTH_OF_COVER_M": 0.9100000262260437, "RESTRAINED_JOINT": 0, "CATHODICALLY_PROTECTED": 0, "REMARKS": null, "ASSET_DESCRIPTION": "1000 NANTON AV", "SPLIT_ON_CITYSIDE": null, "COMPKEY": 287917, "COMPTYPE": 41, "COATING_DATE": null, "LINING_DATE": null, "UPDATED_BY": "enwwio", "WATERMAIN_KEY": 63053, "BUN": null, "PIPE_LENGTH_M": 99.99324365, "PARALLEL_LINE_NUMBER": null, "PRESSURE_ZONE": 173, "PIPE_USE": "Water Main", "SERVICE_STATUS": "Out of Service-Abandoned", "SUBSYSTEM": "Distribution", "OWNER": "COVAV", "OPERATOR": "COVAV", "DIAMETER": "150 mm", "PIPE_CLASS": null, "MATERIAL": "Cast Iron", "LINING_MATERIAL": "blank", "COATING_MATERIAL": "blank", "FACET": "N16", "CONNECTION_TYPE": null, "DOMESTIC_DIAMETER": null, "DOMESTIC_MATERIAL": null, "FIRE_LIN_DIAMETER": null, "INSTALLED_BY": "City of Vancouver", "FIRE_LIN_MATERIAL": null, "MAP_TOOLTIP": "150 CI n/a 1956", "UPDATED_DATE_iso": "2011-02-01", "COV_DATE_UPDATE_iso": "2011-02-01", "INSTALLATION_DATE_iso": "1956-01-01"}, "geometry": {"type": "LineString", "coordinates": [[-123.12982159950683, 49.2463145094542], [-123.12844065043181, 49.24628778093306]]}}, {"type": "Feature", "properties": {"SHAPE_Length": 11.991596765812167, "OBJECTID": 21306177, "COV_SOURCE_KEY": "409272", "UPDATED_DATE": 1270107736000, "COV_DATE_UPDATE": 1270107736000, "TBFID": 478034, "ORACLE_ID": "__FNEEM3", "UNIT_ID_1": "T__FP5U11", "UNIT_ID_2": "T__FP5UL3", "MAIN_COMP1": 43, "MAIN_KEY_1": 159154, "MAIN_COMP2": 43, "MAIN_KEY_2": 159979, "ADDRESS_KEY": 151546, "INSTALLATION_DATE": -1325433600000, "DEPTH_OF_COVER_M": 1.2200000286102295, "RESTRAINED_JOINT": 0, "CATHODICALLY_PROTECTED": 0, "REMARKS": null, "ASSET_DESCRIPTION": "500 W KING EDWARD AV", "SPLIT_ON_CITYSIDE": null, "COMPKEY": 287748, "COMPTYPE": 41, "COATING_DATE": null, "LINING_DATE": null, "UPDATED_BY": "enfoz", "WATERMAIN_KEY": 62916, "BUN": null, "PIPE_LENGTH_M": 11.9925, "PARALLEL_LINE_NUMBER": null, "PRESSURE_ZONE": null, "PIPE_USE": "Water Main", "SERVICE_STATUS": "Out of Service-Abandoned", "SUBSYSTEM": "Transmission", "OWNER": "COVAV", "OPERATOR": "COVAV", "DIAMETER": "450 mm", "PIPE_CLASS": null, "MATERIAL": "Steel", "LINING_MATERIAL": "blank", "COATING_MATERIAL": "blank", "FACET": "O16", "CONNECTION_TYPE": null, "DOMESTIC_DIAMETER": null, "DOMESTIC_MATERIAL": null, "FIRE_LIN_DIAMETER": null, "INSTALLED_BY": "City of Vancouver", "FIRE_LIN_MATERIAL": null, "MAP_TOOLTIP": "450 S n/a 1928", "UPDATED_DATE_iso": "2010-04-01", "COV_DATE_UPDATE_iso": "2010-04-01", "INSTALLATION_DATE_iso": "1928-01-01"}, "geometry": {"type": "LineString", "coordinates": [[-123.11568725989663, 49.2489764643033], [-123.11585197460549, 49.24897928566856]]}}, {"type": "Feature", "properties": {"SHAPE_Length": 0.9904852348565802, "OBJECTID": 21307633, "COV_SOURCE_KEY": "410993", "UPDATED_DATE": 1270108422000, "COV_DATE_UPDATE": 1270108422000, "TBFID": 476876, "ORACLE_ID": "__FNENVO", "UNIT_ID_1": "T__FP5CF7", "UNIT_ID_2": "T__FP69ZJ", "MAIN_COMP1": 43, "MAIN_KEY_1": 131166, "MAIN_COMP2": 43, "MAIN_KEY_2": 183135, "ADDRESS_KEY": 148195, "INSTALLATION_DATE": -725817600000, "DEPTH_OF_COVER_M": 0.9100000262260437, "RESTRAINED_JOINT": 0, "CATHODICALLY_PROTECTED": 0, "REMARKS": null, "ASSET_DESCRIPTION": "4000 CAMBIE ST", "SPLIT_ON_CITYSIDE": null, "COMPKEY": 287876, "COMPTYPE": 41, "COATING_DATE": null, "LINING_DATE": null, "UPDATED_BY": "enfoz", "WATERMAIN_KEY": 63020, "BUN": null, "PIPE_LENGTH_M": 0.9901353, "PARALLEL_LINE_NUMBER": null, "PRESSURE_ZONE": null, "PIPE_USE": "Water Main", "SERVICE_STATUS": "Out of Service-Abandoned", "SUBSYSTEM": "Distribution", "OWNER": "COVAV", "OPERATOR": "COVAV", "DIAMETER": "300 mm", "PIPE_CLASS": null, "MATERIAL": "Cast Iron", "LINING_MATERIAL": "blank", "COATING_MATERIAL": "blank", "FACET": "O16", "CONNECTION_TYPE": null, "DOMESTIC_DIAMETER": null, "DOMESTIC_MATERIAL": null, "FIRE_LIN_DIAMETER": null, "INSTALLED_BY": "City of Vancouver", "FIRE_LIN_MATERIAL": null, "MAP_TOOLTIP": "300 CI n/a 1947", "UPDATED_DATE_iso": "2010-04-01", "COV_DATE_UPDATE_iso": "2010-04-01", "INSTALLATION_DATE_iso": "1947-01-01"}, "geometry": {"type": "LineString", "coordinates": [[-123.11526317273766, 49.24924863405803], [-123.11526357796551, 49.249239728376786]]}}, {"type": "Feature", "properties": {"SHAPE_Length": 15.218603156396377, "OBJECTID": 21307634, "COV_SOURCE_KEY": "410994", "UPDATED_DATE": 1270108423000, "COV_DATE_UPDATE": 1270108423000, "TBFID": 476877, "ORACLE_ID": "__FNENVP", "UNIT_ID_1": "T__FP5B99", "UNIT_ID_2": "T__FP60C4", "MAIN_COMP1": 43, "MAIN_KEY_1": 129757, "MAIN_COMP2": 43, "MAIN_KEY_2": 168713, "ADDRESS_KEY": 148195, "INSTALLATION_DATE": -725817600000, "DEPTH_OF_COVER_M": 0.9100000262260437, "RESTRAINED_JOINT": 0, "CATHODICALLY_PROTECTED": 0, "REMARKS": null, "ASSET_DESCRIPTION": "4000 CAMBIE ST", "SPLIT_ON_CITYSIDE": null, "COMPKEY": 287878, "COMPTYPE": 41, "COATING_DATE": null, "LINING_DATE": null, "UPDATED_BY": "enfoz", "WATERMAIN_KEY": 63021, "BUN": null, "PIPE_LENGTH_M": 15.2184, "PARALLEL_LINE_NUMBER": null, "PRESSURE_ZONE": null, "PIPE_USE": "Water Main", "SERVICE_STATUS": "Out of Service-Abandoned", "SUBSYSTEM": "Distribution", "OWNER": "COVAV", "OPERATOR": "COVAV", "DIAMETER": "300 mm", "PIPE_CLASS": null, "MATERIAL": "Cast Iron", "LINING_MATERIAL": "blank", "COATING_MATERIAL": "blank", "FACET": "O16", "CONNECTION_TYPE": null, "DOMESTIC_DIAMETER": null, "DOMESTIC_MATERIAL": null, "FIRE_LIN_DIAMETER": null, "INSTALLED_BY": "City of Vancouver", "FIRE_LIN_MATERIAL": null, "MAP_TOOLTIP": "300 CI n/a 1947", "UPDATED_DATE_iso": "2010-04-01", "COV_DATE_UPDATE_iso": "2010-04-01", "INSTALLATION_DATE_iso": "1947-01-01"}, "geometry": {"type": "LineString", "coordinates": [[-123.11526399674536, 49.24923074172494], [-123.1152702874328, 49.24909390901443]]}}, {"type": "Feature", "properties": {"SHAPE_Length": 4.265352740156085, "OBJECTID": 21308849, "COV_SOURCE_KEY": "369639", "UPDATED_DATE": 1346198560000, "COV_DATE_UPDATE": 1346198560000, "TBFID": 4182592, "ORACLE_ID": "__FJ9IUO", "UNIT_ID_1": "52450", "UNIT_ID_2": "233357", "MAIN_COMP1": 46, "MAIN_KEY_1": 802577, "MAIN_COMP2": 0, "MAIN_KEY_2": 128096, "ADDRESS_KEY": 157256, "INSTALLATION_DATE": null, "DEPTH_OF_COVER_M": 1.2200000286102295, "RESTRAINED_JOINT": 0, "CATHODICALLY_PROTECTED": 0, "REMARKS": null, "ASSET_DESCRIPTION": "400 500  W 33RD AV", "SPLIT_ON_CITYSIDE": null, "COMPKEY": 235009, "COMPTYPE": 41, "COATING_DATE": null, "LINING_DATE": null, "UPDATED_BY": "ENJCR", "WATERMAIN_KEY": 22611, "BUN": null, "PIPE_LENGTH_M": 4.26535274, "PARALLEL_LINE_NUMBER": null, "PRESSURE_ZONE": 173, "PIPE_USE": "Water Main", "SERVICE_STATUS": "Out of Service-Abandoned", "SUBSYSTEM": "Transmission", "OWNER": "GVWD", "OPERATOR": "GVWD", "DIAMETER": "1200 mm", "PIPE_CLASS": null, "MATERIAL": "<blank>", "LINING_MATERIAL": "blank", "COATING_MATERIAL": "blank", "FACET": "O17", "CONNECTION_TYPE": null, "DOMESTIC_DIAMETER": null, "DOMESTIC_MATERIAL": null, "FIRE_LIN_DIAMETER": null, "INSTALLED_BY": "City of Vancouver", "FIRE_LIN_MATERIAL": null, "MAP_TOOLTIP": "1200 n/a n/a  GVWD", "UPDATED_DATE_iso": "2012-08-29", "COV_DATE_UPDATE_iso": "2012-08-29"}, "geometry": {"type": "LineString", "coordinates": [[-123.11734004815531, 49.24114486741187], [-123.1172984160946, 49.24117186842941]]}}, {"type": "Feature", "properties": {"SHAPE_Length": 4.481594358509076, "OBJECTID": 21308851, "COV_SOURCE_KEY": "4182610", "UPDATED_DATE": 1346198287000, "COV_DATE_UPDATE": 1346198287000, "TBFID": 4182611, "ORACLE_ID": "__FPIP64", "UNIT_ID_1": "4187301", "UNIT_ID_2": "233357", "MAIN_COMP1": 43, "MAIN_KEY_1": 802596, "MAIN_COMP2": 0, "MAIN_KEY_2": 128096, "ADDRESS_KEY": 157480, "INSTALLATION_DATE": -31507200000, "DEPTH_OF_COVER_M": 1.2200000286102295, "RESTRAINED_JOINT": 0, "CATHODICALLY_PROTECTED": 0, "REMARKS": null, "ASSET_DESCRIPTION": "4900 5000  KERSLAND DRIVE", "SPLIT_ON_CITYSIDE": null, "COMPKEY": 802621, "COMPTYPE": 41, "COATING_DATE": null, "LINING_DATE": null, "UPDATED_BY": "ENJCR", "WATERMAIN_KEY": 75674, "BUN": null, "PIPE_LENGTH_M": 4.48159436, "PARALLEL_LINE_NUMBER": null, "PRESSURE_ZONE": 173, "PIPE_USE": "Water Main", "SERVICE_STATUS": "Out of Service-Abandoned", "SUBSYSTEM": "Transmission", "OWNER": "GVWD", "OPERATOR": "GVWD", "DIAMETER": "1500 mm", "PIPE_CLASS": null, "MATERIAL": "Steel", "LINING_MATERIAL": "blank", "COATING_MATERIAL": "blank", "FACET": "O17", "CONNECTION_TYPE": null, "DOMESTIC_DIAMETER": null, "DOMESTIC_MATERIAL": null, "FIRE_LIN_DIAMETER": null, "INSTALLED_BY": "City of Vancouver", "FIRE_LIN_MATERIAL": null, "MAP_TOOLTIP": "1500 S n/a 1969 GVWD", "UPDATED_DATE_iso": "2012-08-28", "COV_DATE_UPDATE_iso": "2012-08-28", "INSTALLATION_DATE_iso": "1969-01-01"}, "geometry": {"type": "LineString", "coordinates": [[-123.11725202747063, 49.24114536156484], [-123.1172984160946, 49.24117186842941]]}}, {"type": "Feature", "properties": {"SHAPE_Length": 1.000312451196438, "OBJECTID": 21309088, "COV_SOURCE_KEY": "410580", "UPDATED_DATE": 1446240808000, "COV_DATE_UPDATE": 1446240808000, "TBFID": 475189, "ORACLE_ID": "__FNHKZY", "UNIT_ID_1": "150929", "UNIT_ID_2": "213685", "MAIN_COMP1": 43, "MAIN_KEY_1": 115124, "MAIN_COMP2": 43, "MAIN_KEY_2": 172792, "ADDRESS_KEY": 150364, "INSTALLATION_DATE": 631180800000, "DEPTH_OF_COVER_M": 0.9100000262260437, "RESTRAINED_JOINT": 0, "CATHODICALLY_PROTECTED": 0, "REMARKS": null, "ASSET_DESCRIPTION": "900 W 17TH AV", "SPLIT_ON_CITYSIDE": null, "COMPKEY": 289414, "COMPTYPE": 41, "COATING_DATE": null, "LINING_DATE": null, "UPDATED_BY": "enyamw", "WATERMAIN_KEY": 64265, "BUN": null, "PIPE_LENGTH_M": 1.00000102, "PARALLEL_LINE_NUMBER": null, "PRESSURE_ZONE": null, "PIPE_USE": "Water Main", "SERVICE_STATUS": "Out of Service-Abandoned", "SUBSYSTEM": "Distribution", "OWNER": "COVAV", "OPERATOR": "COVAV", "DIAMETER": "150 mm", "PIPE_CLASS": null, "MATERIAL": "Ductile Iron", "LINING_MATERIAL": "Cement Lined", "COATING_MATERIAL": "blank", "FACET": "N14", "CONNECTION_TYPE": null, "DOMESTIC_DIAMETER": null, "DOMESTIC_MATERIAL": null, "FIRE_LIN_DIAMETER": null, "INSTALLED_BY": "City of Vancouver", "FIRE_LIN_MATERIAL": null, "MAP_TOOLTIP": "150 DI CL 1990", "UPDATED_DATE_iso": "2015-10-30", "COV_DATE_UPDATE_iso": "2015-10-30", "INSTALLATION_DATE_iso": "1990-01-01"}, "geometry": {"type": "LineString", "coordinates": [[-123.12453175367641, 49.25616977276438], [-123.12451801058944, 49.25616956269598]]}}, {"type": "Feature", "properties": {"SHAPE_Length": 47.29507511371003, "OBJECTID": 21309089, "COV_SOURCE_KEY": "410581", "UPDATED_DATE": 1270108257000, "COV_DATE_UPDATE": 1270108257000, "TBFID": 475190, "ORACLE_ID": "__FNHL04", "UNIT_ID_1": "T__FP5DG4", "UNIT_ID_2": "T__FP6HI2", "MAIN_COMP1": 43, "MAIN_KEY_1": 132764, "MAIN_COMP2": 43, "MAIN_KEY_2": 194244, "ADDRESS_KEY": 150364, "INSTALLATION_DATE": -536428800000, "DEPTH_OF_COVER_M": 0.9100000262260437, "RESTRAINED_JOINT": 0, "CATHODICALLY_PROTECTED": 0, "REMARKS": null, "ASSET_DESCRIPTION": "900 W 17TH AV", "SPLIT_ON_CITYSIDE": null, "COMPKEY": 289415, "COMPTYPE": 41, "COATING_DATE": null, "LINING_DATE": null, "UPDATED_BY": "enfoz", "WATERMAIN_KEY": 64266, "BUN": null, "PIPE_LENGTH_M": 47.2953, "PARALLEL_LINE_NUMBER": null, "PRESSURE_ZONE": null, "PIPE_USE": "Water Main", "SERVICE_STATUS": "Out of Service-Abandoned", "SUBSYSTEM": "Distribution", "OWNER": "COVAV", "OPERATOR": "COVAV", "DIAMETER": "150 mm", "PIPE_CLASS": null, "MATERIAL": "Cast Iron", "LINING_MATERIAL": "blank", "COATING_MATERIAL": "blank", "FACET": "N14", "CONNECTION_TYPE": null, "DOMESTIC_DIAMETER": null, "DOMESTIC_MATERIAL": null, "FIRE_LIN_DIAMETER": null, "INSTALLED_BY": "City of Vancouver", "FIRE_LIN_MATERIAL": null, "MAP_TOOLTIP": "150 CI n/a 1953", "UPDATED_DATE_iso": "2010-04-01", "COV_DATE_UPDATE_iso": "2010-04-01", "INSTALLATION_DATE_iso": "1953-01-01"}, "geometry": {"type": "LineString", "coordinates": [[-123.12527592971726, 49.256176290371414], [-123.12462616905077, 49.256165901964195]]}}, {"type": "Feature", "properties": {"SHAPE_Length": 157.91872291709092, "OBJECTID": 21309322, "COV_SOURCE_KEY": "384298", "UPDATED_DATE": 1591908457000, "COV_DATE_UPDATE": 1591908457000, "TBFID": 4192084, "ORACLE_ID": "__FJ9Y6M", "UNIT_ID_1": "4192082", "UNIT_ID_2": "59534", "MAIN_COMP1": 43, "MAIN_KEY_1": 806539, "MAIN_COMP2": 46, "MAIN_KEY_2": 63233, "ADDRESS_KEY": 155590, "INSTALLATION_DATE": -126201600000, "DEPTH_OF_COVER_M": 0.9100000262260437, "RESTRAINED_JOINT": 0, "CATHODICALLY_PROTECTED": 0, "REMARKS": null, "ASSET_DESCRIPTION": "200 300  W 19TH AV", "SPLIT_ON_CITYSIDE": null, "COMPKEY": 255371, "COMPTYPE": 41, "COATING_DATE": null, "LINING_DATE": null, "UPDATED_BY": "enyamw", "WATERMAIN_KEY": 37857, "BUN": null, "PIPE_LENGTH_M": 157.91872292, "PARALLEL_LINE_NUMBER": null, "PRESSURE_ZONE": 172, "PIPE_USE": "Water Main", "SERVICE_STATUS": "Out of Service-Abandoned", "SUBSYSTEM": "Distribution", "OWNER": "COVAV", "OPERATOR": "COVAV", "DIAMETER": "150 mm", "PIPE_CLASS": null, "MATERIAL": "Cast Iron", "LINING_MATERIAL": "Cement Lined", "COATING_MATERIAL": "blank", "FACET": "P15", "CONNECTION_TYPE": null, "DOMESTIC_DIAMETER": null, "DOMESTIC_MATERIAL": null, "FIRE_LIN_DIAMETER": null, "INSTALLED_BY": "City of Vancouver", "FIRE_LIN_MATERIAL": null, "MAP_TOOLTIP": "150 CI CL 1966", "UPDATED_DATE_iso": "2020-06-11", "COV_DATE_UPDATE_iso": "2020-06-11", "INSTALLATION_DATE_iso": "1966-01-01"}, "geometry": {"type": "LineString", "coordinates": [[-123.1121435583861, 49.25397049155716], [-123.10997440826188, 49.25392830215536]]}}, {"type": "Feature", "properties": {"SHAPE_Length": 14.766162737980263, "OBJECTID": 21309905, "COV_SOURCE_KEY": "377672", "UPDATED_DATE": 1462519214000, "COV_DATE_UPDATE": 1462519214000, "TBFID": 4210682, "ORACLE_ID": "__FJ9QZ7", "UNIT_ID_1": "61827", "UNIT_ID_2": "4210681", "MAIN_COMP1": 46, "MAIN_KEY_1": 59746, "MAIN_COMP2": 43, "MAIN_KEY_2": 844789, "ADDRESS_KEY": 153040, "INSTALLATION_DATE": -473356800000, "DEPTH_OF_COVER_M": 0.9100000262260437, "RESTRAINED_JOINT": 0, "CATHODICALLY_PROTECTED": 0, "REMARKS": null, "ASSET_DESCRIPTION": "800 W 32ND AV", "SPLIT_ON_CITYSIDE": null, "COMPKEY": 245265, "COMPTYPE": 41, "COATING_DATE": null, "LINING_DATE": null, "UPDATED_BY": "ENHANMGETASK", "WATERMAIN_KEY": 30582, "BUN": null, "PIPE_LENGTH_M": 15.86639955, "PARALLEL_LINE_NUMBER": null, "PRESSURE_ZONE": 173, "PIPE_USE": "Water Main", "SERVICE_STATUS": "Out of Service-Abandoned", "SUBSYSTEM": "Distribution", "OWNER": "COVAV", "OPERATOR": "COVAV", "DIAMETER": "150 mm", "PIPE_CLASS": null, "MATERIAL": "Cast Iron", "LINING_MATERIAL": "blank", "COATING_MATERIAL": "blank", "FACET": "N17", "CONNECTION_TYPE": null, "DOMESTIC_DIAMETER": null, "DOMESTIC_MATERIAL": null, "FIRE_LIN_DIAMETER": null, "INSTALLED_BY": "City of Vancouver", "FIRE_LIN_MATERIAL": null, "MAP_TOOLTIP": "150 CI n/a 1955", "UPDATED_DATE_iso": "2016-05-06", "COV_DATE_UPDATE_iso": "2016-05-06", "INSTALLATION_DATE_iso": "1955-01-01"}, "geometry": {"type": "LineString", "coordinates": [[-123.12375508320187, 49.242383690800594], [-123.12355240868646, 49.24237788991167]]}}, {"type": "Feature", "properties": {"SHAPE_Length": 114.44792723685057, "OBJECTID": 21309906, "COV_SOURCE_KEY": "377675", "UPDATED_DATE": 1462519201000, "COV_DATE_UPDATE": 1462519201000, "TBFID": 4210691, "ORACLE_ID": "__FJ9QZB", "UNIT_ID_1": "4211691", "UNIT_ID_2": "4210690", "MAIN_COMP1": 43, "MAIN_KEY_1": 844791, "MAIN_COMP2": 43, "MAIN_KEY_2": 844788, "ADDRESS_KEY": 150282, "INSTALLATION_DATE": -725817600000, "DEPTH_OF_COVER_M": 0.9100000262260437, "RESTRAINED_JOINT": 0, "CATHODICALLY_PROTECTED": 0, "REMARKS": null, "ASSET_DESCRIPTION": "900 W 32ND AV", "SPLIT_ON_CITYSIDE": null, "COMPKEY": 245269, "COMPTYPE": 41, "COATING_DATE": null, "LINING_DATE": null, "UPDATED_BY": "ENHANMGETASK", "WATERMAIN_KEY": 30585, "BUN": null, "PIPE_LENGTH_M": 116.43249072, "PARALLEL_LINE_NUMBER": null, "PRESSURE_ZONE": 173, "PIPE_USE": "Water Main", "SERVICE_STATUS": "Out of Service-Abandoned", "SUBSYSTEM": "Distribution", "OWNER": "COVAV", "OPERATOR": "COVAV", "DIAMETER": "150 mm", "PIPE_CLASS": null, "MATERIAL": "Cast Iron", "LINING_MATERIAL": "blank", "COATING_MATERIAL": "blank", "FACET": "N17", "CONNECTION_TYPE": null, "DOMESTIC_DIAMETER": null, "DOMESTIC_MATERIAL": null, "FIRE_LIN_DIAMETER": null, "INSTALLED_BY": "City of Vancouver", "FIRE_LIN_MATERIAL": null, "MAP_TOOLTIP": "150 CI n/a 1947", "UPDATED_DATE_iso": "2016-05-06", "COV_DATE_UPDATE_iso": "2016-05-06", "INSTALLATION_DATE_iso": "1947-01-01"}, "geometry": {"type": "LineString", "coordinates": [[-123.12515174743186, 49.24243199289939], [-123.12672178974447, 49.24248798589016]]}}, {"type": "Feature", "properties": {"SHAPE_Length": 31.496874307949675, "OBJECTID": 21309907, "COV_SOURCE_KEY": "377674", "UPDATED_DATE": 1462519200000, "COV_DATE_UPDATE": 1462519200000, "TBFID": 4210709, "ORACLE_ID": "__FJ9QZA", "UNIT_ID_1": "4210698", "UNIT_ID_2": "4210708", "MAIN_COMP1": 43, "MAIN_KEY_1": 844787, "MAIN_COMP2": 43, "MAIN_KEY_2": 844790, "ADDRESS_KEY": 150282, "INSTALLATION_DATE": -725817600000, "DEPTH_OF_COVER_M": 0.9100000262260437, "RESTRAINED_JOINT": 0, "CATHODICALLY_PROTECTED": 0, "REMARKS": null, "ASSET_DESCRIPTION": "900 W 32ND AV", "SPLIT_ON_CITYSIDE": null, "COMPKEY": 245268, "COMPTYPE": 41, "COATING_DATE": null, "LINING_DATE": null, "UPDATED_BY": "ENHANMGETASK", "WATERMAIN_KEY": 30584, "BUN": null, "PIPE_LENGTH_M": 62.6694225, "PARALLEL_LINE_NUMBER": null, "PRESSURE_ZONE": 173, "PIPE_USE": "Water Main", "SERVICE_STATUS": "Out of Service-Abandoned", "SUBSYSTEM": "Distribution", "OWNER": "COVAV", "OPERATOR": "COVAV", "DIAMETER": "150 mm", "PIPE_CLASS": null, "MATERIAL": "Cast Iron", "LINING_MATERIAL": "blank", "COATING_MATERIAL": "blank", "FACET": "N17", "CONNECTION_TYPE": null, "DOMESTIC_DIAMETER": null, "DOMESTIC_MATERIAL": null, "FIRE_LIN_DIAMETER": null, "INSTALLED_BY": "City of Vancouver", "FIRE_LIN_MATERIAL": null, "MAP_TOOLTIP": "150 CI n/a 1947", "UPDATED_DATE_iso": "2016-05-06", "COV_DATE_UPDATE_iso": "2016-05-06", "INSTALLATION_DATE_iso": "1947-01-01"}, "geometry": {"type": "LineString", "coordinates": [[-123.1268232445381, 49.242491022896225], [-123.12684875873082, 49.24249153459947], [-123.12689560870172, 49.24249184295942], [-123.12694245752034, 49.2424917015396], [-123.1269893047241, 49.242490930435714], [-123.1270361507727, 49.242489709552075], [-123.12708285804679, 49.242487949087696], [-123.12712956367812, 49.24248554994415], [-123.12717626817303, 49.242482710016205], [-123.12722283388882, 49.24247933050777], [-123.1272549205134, 49.24247656061594]]}}, {"type": "Feature", "properties": {"SHAPE_Length": 12.177087747158769, "OBJECTID": 21310640, "COV_SOURCE_KEY": "384215", "UPDATED_DATE": 1380721921000, "COV_DATE_UPDATE": 1380721921000, "TBFID": 4203339, "ORACLE_ID": "__FJ9Y5Y", "UNIT_ID_1": "59538", "UNIT_ID_2": "4203335", "MAIN_COMP1": 46, "MAIN_KEY_1": 63239, "MAIN_COMP2": 43, "MAIN_KEY_2": 821725, "ADDRESS_KEY": 152794, "INSTALLATION_DATE": -378662400000, "DEPTH_OF_COVER_M": 0.9100000262260437, "RESTRAINED_JOINT": 0, "CATHODICALLY_PROTECTED": 0, "REMARKS": null, "ASSET_DESCRIPTION": "200 300  W 22ND AV", "SPLIT_ON_CITYSIDE": null, "COMPKEY": 255346, "COMPTYPE": 41, "COATING_DATE": null, "LINING_DATE": null, "UPDATED_BY": "enyamw", "WATERMAIN_KEY": 37837, "BUN": null, "PIPE_LENGTH_M": 12.177, "PARALLEL_LINE_NUMBER": null, "PRESSURE_ZONE": 172, "PIPE_USE": "Water Main", "SERVICE_STATUS": "Out of Service-Abandoned", "SUBSYSTEM": "Distribution", "OWNER": "COVAV", "OPERATOR": "COVAV", "DIAMETER": "150 mm", "PIPE_CLASS": null, "MATERIAL": "Cast Iron", "LINING_MATERIAL": "blank", "COATING_MATERIAL": "blank", "FACET": "P15", "CONNECTION_TYPE": null, "DOMESTIC_DIAMETER": null, "DOMESTIC_MATERIAL": null, "FIRE_LIN_DIAMETER": null, "INSTALLED_BY": "City of Vancouver", "FIRE_LIN_MATERIAL": null, "MAP_TOOLTIP": "150 CI n/a 1958", "UPDATED_DATE_iso": "2013-10-02", "COV_DATE_UPDATE_iso": "2013-10-02", "INSTALLATION_DATE_iso": "1958-01-01"}, "geometry": {"type": "LineString", "coordinates": [[-123.11010806745462, 49.25104522356488], [-123.10994081676427, 49.25104191967611]]}}, {"type": "Feature", "properties": {"SHAPE_Length": 4.600161409506324, "OBJECTID": 21311718, "COV_SOURCE_KEY": "369105", "UPDATED_DATE": 1380721921000, "COV_DATE_UPDATE": 1380721921000, "TBFID": 4218196, "ORACLE_ID": "__FJ9H3Z", "UNIT_ID_1": "150268", "UNIT_ID_2": "4218192", "MAIN_COMP1": 43, "MAIN_KEY_1": 821737, "MAIN_COMP2": 43, "MAIN_KEY_2": 821739, "ADDRESS_KEY": 148584, "INSTALLATION_DATE": -1293811200000, "DEPTH_OF_COVER_M": 0.9100000262260437, "RESTRAINED_JOINT": 0, "CATHODICALLY_PROTECTED": 0, "REMARKS": null, "ASSET_DESCRIPTION": "3400 COLUMBIA ST", "SPLIT_ON_CITYSIDE": null, "COMPKEY": 232683, "COMPTYPE": 41, "COATING_DATE": null, "LINING_DATE": null, "UPDATED_BY": "enyamw", "WATERMAIN_KEY": 20816, "BUN": null, "PIPE_LENGTH_M": 4.90129593, "PARALLEL_LINE_NUMBER": null, "PRESSURE_ZONE": 172, "PIPE_USE": "Water Main", "SERVICE_STATUS": "Out of Service-Abandoned", "SUBSYSTEM": "Distribution", "OWNER": "COVAV", "OPERATOR": "COVAV", "DIAMETER": "150 mm", "PIPE_CLASS": null, "MATERIAL": "Cast Iron", "LINING_MATERIAL": "blank", "COATING_MATERIAL": "blank", "FACET": "P15", "CONNECTION_TYPE": null, "DOMESTIC_DIAMETER": null, "DOMESTIC_MATERIAL": null, "FIRE_LIN_DIAMETER": null, "INSTALLED_BY": "City of Vancouver", "FIRE_LIN_MATERIAL": null, "MAP_TOOLTIP": "150 CI n/a 1929", "UPDATED_DATE_iso": "2013-10-02", "COV_DATE_UPDATE_iso": "2013-10-02", "INSTALLATION_DATE_iso": "1929-01-01"}, "geometry": {"type": "LineString", "coordinates": [[-123.1097937949019, 49.253970274726996], [-123.10979564078119, 49.25392891294369]]}}, {"type": "Feature", "properties": {"SHAPE_Length": 11.98420443675036, "OBJECTID": 21311721, "COV_SOURCE_KEY": "370927", "UPDATED_DATE": 1380721921000, "COV_DATE_UPDATE": 1380721921000, "TBFID": 4218245, "ORACLE_ID": "__FJ9JXQ", "UNIT_ID_1": "148816", "UNIT_ID_2": "4218326", "MAIN_COMP1": 43, "MAIN_KEY_1": 44534, "MAIN_COMP2": 43, "MAIN_KEY_2": 821745, "ADDRESS_KEY": 148584, "INSTALLATION_DATE": -1293811200000, "DEPTH_OF_COVER_M": 0.9100000262260437, "RESTRAINED_JOINT": 0, "CATHODICALLY_PROTECTED": 0, "REMARKS": null, "ASSET_DESCRIPTION": "3400 COLUMBIA ST", "SPLIT_ON_CITYSIDE": null, "COMPKEY": 236263, "COMPTYPE": 41, "COATING_DATE": null, "LINING_DATE": null, "UPDATED_BY": "enyamw", "WATERMAIN_KEY": 23583, "BUN": null, "PIPE_LENGTH_M": 1.60502523, "PARALLEL_LINE_NUMBER": null, "PRESSURE_ZONE": 172, "PIPE_USE": "Water Main", "SERVICE_STATUS": "Out of Service-Abandoned", "SUBSYSTEM": "Distribution", "OWNER": "COVAV", "OPERATOR": "COVAV", "DIAMETER": "150 mm", "PIPE_CLASS": null, "MATERIAL": "Cast Iron", "LINING_MATERIAL": "blank", "COATING_MATERIAL": "blank", "FACET": "P15", "CONNECTION_TYPE": null, "DOMESTIC_DIAMETER": null, "DOMESTIC_MATERIAL": null, "FIRE_LIN_DIAMETER": null, "INSTALLED_BY": "City of Vancouver", "FIRE_LIN_MATERIAL": null, "MAP_TOOLTIP": "150 CI n/a 1929", "UPDATED_DATE_iso": "2013-10-02", "COV_DATE_UPDATE_iso": "2013-10-02", "INSTALLATION_DATE_iso": "1929-01-01"}, "geometry": {"type": "LineString", "coordinates": [[-123.10979707778012, 49.25390146715663], [-123.10979587676384, 49.253793669559734]]}}, {"type": "Feature", "properties": {"SHAPE_Length": 75.71167641813331, "OBJECTID": 21312690, "COV_SOURCE_KEY": "384051", "UPDATED_DATE": 1449607749000, "COV_DATE_UPDATE": 1449607749000, "TBFID": 4233054, "ORACLE_ID": "__FJ9Y4L", "UNIT_ID_1": "4233052", "UNIT_ID_2": "59555", "MAIN_COMP1": 43, "MAIN_KEY_1": 863392, "MAIN_COMP2": 46, "MAIN_KEY_2": 63197, "ADDRESS_KEY": 154038, "INSTALLATION_DATE": null, "DEPTH_OF_COVER_M": 0.9100000262260437, "RESTRAINED_JOINT": 0, "CATHODICALLY_PROTECTED": 0, "REMARKS": null, "ASSET_DESCRIPTION": "3700 TUPPER ST", "SPLIT_ON_CITYSIDE": null, "COMPKEY": 255299, "COMPTYPE": 41, "COATING_DATE": null, "LINING_DATE": null, "UPDATED_BY": "enyamw", "WATERMAIN_KEY": 37799, "BUN": null, "PIPE_LENGTH_M": 78.51639842, "PARALLEL_LINE_NUMBER": null, "PRESSURE_ZONE": 172, "PIPE_USE": "Water Main", "SERVICE_STATUS": "Out of Service-Abandoned", "SUBSYSTEM": "Distribution", "OWNER": "COVAV", "OPERATOR": "COVAV", "DIAMETER": "150 mm", "PIPE_CLASS": null, "MATERIAL": "Cast Iron", "LINING_MATERIAL": "blank", "COATING_MATERIAL": "blank", "FACET": "O15", "CONNECTION_TYPE": null, "DOMESTIC_DIAMETER": null, "DOMESTIC_MATERIAL": null, "FIRE_LIN_DIAMETER": null, "INSTALLED_BY": "City of Vancouver", "FIRE_LIN_MATERIAL": null, "MAP_TOOLTIP": "150 CI n/a ", "UPDATED_DATE_iso": "2015-12-08", "COV_DATE_UPDATE_iso": "2015-12-08"}, "geometry": {"type": "LineString", "coordinates": [[-123.11610295225537, 49.25228683061032], [-123.11612319035473, 49.2516059167087]]}}, {"type": "Feature", "properties": {"SHAPE_Length": 7.658655561894359, "OBJECTID": 21312695, "COV_SOURCE_KEY": "401712", "UPDATED_DATE": 1449607729000, "COV_DATE_UPDATE": 1449607729000, "TBFID": 4233072, "ORACLE_ID": "__FJAE6A", "UNIT_ID_1": "59555", "UNIT_ID_2": "4233071", "MAIN_COMP1": 46, "MAIN_KEY_1": 63197, "MAIN_COMP2": 43, "MAIN_KEY_2": 863377, "ADDRESS_KEY": 154038, "INSTALLATION_DATE": null, "DEPTH_OF_COVER_M": 0.9100000262260437, "RESTRAINED_JOINT": 0, "CATHODICALLY_PROTECTED": 0, "REMARKS": null, "ASSET_DESCRIPTION": "3700 TUPPER ST", "SPLIT_ON_CITYSIDE": null, "COMPKEY": 277233, "COMPTYPE": 41, "COATING_DATE": null, "LINING_DATE": null, "UPDATED_BY": "enyamw", "WATERMAIN_KEY": 54430, "BUN": null, "PIPE_LENGTH_M": 12.26232667, "PARALLEL_LINE_NUMBER": null, "PRESSURE_ZONE": 172, "PIPE_USE": "Water Main", "SERVICE_STATUS": "Out of Service-Abandoned", "SUBSYSTEM": "Distribution", "OWNER": "COVAV", "OPERATOR": "COVAV", "DIAMETER": "150 mm", "PIPE_CLASS": null, "MATERIAL": "Cast Iron", "LINING_MATERIAL": "blank", "COATING_MATERIAL": "blank", "FACET": "O15", "CONNECTION_TYPE": null, "DOMESTIC_DIAMETER": null, "DOMESTIC_MATERIAL": null, "FIRE_LIN_DIAMETER": null, "INSTALLED_BY": "City of Vancouver", "FIRE_LIN_MATERIAL": null, "MAP_TOOLTIP": "150 CI n/a ", "UPDATED_DATE_iso": "2015-12-08", "COV_DATE_UPDATE_iso": "2015-12-08"}, "geometry": {"type": "LineString", "coordinates": [[-123.11612319035473, 49.2516059167087], [-123.1161266977801, 49.25153706372611]]}}, {"type": "Feature", "properties": {"SHAPE_Length": 135.68526164954756, "OBJECTID": 21312921, "COV_SOURCE_KEY": "400387", "UPDATED_DATE": 1467184811000, "COV_DATE_UPDATE": 1467184811000, "TBFID": 4232760, "ORACLE_ID": "__FJAD80", "UNIT_ID_1": "4232733", "UNIT_ID_2": "4232759", "MAIN_COMP1": 43, "MAIN_KEY_1": 863376, "MAIN_COMP2": 43, "MAIN_KEY_2": 863380, "ADDRESS_KEY": 156922, "INSTALLATION_DATE": -126201600000, "DEPTH_OF_COVER_M": 0.9100000262260437, "RESTRAINED_JOINT": 0, "CATHODICALLY_PROTECTED": 0, "REMARKS": null, "ASSET_DESCRIPTION": "500 W 19TH AV", "SPLIT_ON_CITYSIDE": null, "COMPKEY": 275978, "COMPTYPE": 41, "COATING_DATE": null, "LINING_DATE": null, "UPDATED_BY": "ENHANMGETASK", "WATERMAIN_KEY": 53421, "BUN": null, "PIPE_LENGTH_M": 145.46659284, "PARALLEL_LINE_NUMBER": null, "PRESSURE_ZONE": 172, "PIPE_USE": "Water Main", "SERVICE_STATUS": "Out of Service-Abandoned", "SUBSYSTEM": "Distribution", "OWNER": "COVAV", "OPERATOR": "COVAV", "DIAMETER": "150 mm", "PIPE_CLASS": null, "MATERIAL": "Cast Iron", "LINING_MATERIAL": "Cement Lined", "COATING_MATERIAL": "blank", "FACET": "O14", "CONNECTION_TYPE": null, "DOMESTIC_DIAMETER": null, "DOMESTIC_MATERIAL": null, "FIRE_LIN_DIAMETER": null, "INSTALLED_BY": "City of Vancouver", "FIRE_LIN_MATERIAL": null, "MAP_TOOLTIP": "150 CI CL 1966", "UPDATED_DATE_iso": "2016-06-29", "COV_DATE_UPDATE_iso": "2016-06-29", "INSTALLATION_DATE_iso": "1966-01-01"}, "geometry": {"type": "LineString", "coordinates": [[-123.11802386152753, 49.2542184344987], [-123.11616004573808, 49.254183353039146]]}}, {"type": "Feature", "properties": {"SHAPE_Length": 6.342920856513461, "OBJECTID": 21312922, "COV_SOURCE_KEY": "400312", "UPDATED_DATE": 1467098411000, "COV_DATE_UPDATE": 1467098411000, "TBFID": 4232777, "ORACLE_ID": "__FJAD7I", "UNIT_ID_1": "4232785", "UNIT_ID_2": "207142", "MAIN_COMP1": 43, "MAIN_KEY_1": 863438, "MAIN_COMP2": 43, "MAIN_KEY_2": 152397, "ADDRESS_KEY": 148540, "INSTALLATION_DATE": -1230739200000, "DEPTH_OF_COVER_M": 0.9100000262260437, "RESTRAINED_JOINT": 0, "CATHODICALLY_PROTECTED": 0, "REMARKS": null, "ASSET_DESCRIPTION": "3400 TUPPER ST", "SPLIT_ON_CITYSIDE": null, "COMPKEY": 275962, "COMPTYPE": 41, "COATING_DATE": null, "LINING_DATE": null, "UPDATED_BY": "ENHANMGETASK", "WATERMAIN_KEY": 53409, "BUN": null, "PIPE_LENGTH_M": 10.40964661, "PARALLEL_LINE_NUMBER": null, "PRESSURE_ZONE": 172, "PIPE_USE": "Water Main", "SERVICE_STATUS": "Out of Service-Abandoned", "SUBSYSTEM": "Distribution", "OWNER": "COVAV", "OPERATOR": "COVAV", "DIAMETER": "150 mm", "PIPE_CLASS": null, "MATERIAL": "Cast Iron", "LINING_MATERIAL": "blank", "COATING_MATERIAL": "blank", "FACET": "O14", "CONNECTION_TYPE": null, "DOMESTIC_DIAMETER": null, "DOMESTIC_MATERIAL": null, "FIRE_LIN_DIAMETER": null, "INSTALLED_BY": "City of Vancouver", "FIRE_LIN_MATERIAL": null, "MAP_TOOLTIP": "150 CI n/a 1931", "UPDATED_DATE_iso": "2016-06-28", "COV_DATE_UPDATE_iso": "2016-06-28", "INSTALLATION_DATE_iso": "1931-01-01"}, "geometry": {"type": "LineString", "coordinates": [[-123.11602443318625, 49.25427442199766], [-123.11602806489162, 49.254217415632084]]}}, {"type": "Feature", "properties": {"SHAPE_Length": 0.4834563071208853, "OBJECTID": 21312923, "COV_SOURCE_KEY": "400312", "UPDATED_DATE": 1467098411000, "COV_DATE_UPDATE": 1467098411000, "TBFID": 4232787, "ORACLE_ID": "__FJAD7I", "UNIT_ID_1": "4232785", "UNIT_ID_2": "207142", "MAIN_COMP1": 43, "MAIN_KEY_1": 863438, "MAIN_COMP2": 43, "MAIN_KEY_2": 152397, "ADDRESS_KEY": 148540, "INSTALLATION_DATE": -1230739200000, "DEPTH_OF_COVER_M": 0.9100000262260437, "RESTRAINED_JOINT": 0, "CATHODICALLY_PROTECTED": 0, "REMARKS": null, "ASSET_DESCRIPTION": "3400 TUPPER ST", "SPLIT_ON_CITYSIDE": null, "COMPKEY": 275962, "COMPTYPE": 41, "COATING_DATE": null, "LINING_DATE": null, "UPDATED_BY": "ENHANMGETASK", "WATERMAIN_KEY": 53409, "BUN": null, "PIPE_LENGTH_M": 10.40964661, "PARALLEL_LINE_NUMBER": null, "PRESSURE_ZONE": 172, "PIPE_USE": "Water Main", "SERVICE_STATUS": "Out of Service-Abandoned", "SUBSYSTEM": "Distribution", "OWNER": "COVAV", "OPERATOR": "COVAV", "DIAMETER": "150 mm", "PIPE_CLASS": null, "MATERIAL": "Cast Iron", "LINING_MATERIAL": "blank", "COATING_MATERIAL": "blank", "FACET": "O14", "CONNECTION_TYPE": null, "DOMESTIC_DIAMETER": null, "DOMESTIC_MATERIAL": null, "FIRE_LIN_DIAMETER": null, "INSTALLED_BY": "City of Vancouver", "FIRE_LIN_MATERIAL": null, "MAP_TOOLTIP": "150 CI n/a 1931", "UPDATED_DATE_iso": "2016-06-28", "COV_DATE_UPDATE_iso": "2016-06-28", "INSTALLATION_DATE_iso": "1931-01-01"}, "geometry": {"type": "LineString", "coordinates": [[-123.11603011942103, 49.254185210675665], [-123.11603039781927, 49.254180865704036]]}}, {"type": "Feature", "properties": {"SHAPE_Length": 2.66926581780374, "OBJECTID": 21312924, "COV_SOURCE_KEY": "384219", "UPDATED_DATE": 1467098411000, "COV_DATE_UPDATE": 1467098411000, "TBFID": 4232798, "ORACLE_ID": "__FJ9Y62", "UNIT_ID_1": "4232806", "UNIT_ID_2": "234969", "MAIN_COMP1": 43, "MAIN_KEY_1": 863417, "MAIN_COMP2": 43, "MAIN_KEY_2": 130911, "ADDRESS_KEY": 148540, "INSTALLATION_DATE": -1230739200000, "DEPTH_OF_COVER_M": 0.9100000262260437, "RESTRAINED_JOINT": 0, "CATHODICALLY_PROTECTED": 0, "REMARKS": null, "ASSET_DESCRIPTION": "3400 TUPPER ST", "SPLIT_ON_CITYSIDE": null, "COMPKEY": 255351, "COMPTYPE": 41, "COATING_DATE": null, "LINING_DATE": null, "UPDATED_BY": "ENHANMGETASK", "WATERMAIN_KEY": 37841, "BUN": null, "PIPE_LENGTH_M": 6.0573841, "PARALLEL_LINE_NUMBER": null, "PRESSURE_ZONE": 172, "PIPE_USE": "Water Main", "SERVICE_STATUS": "Out of Service-Abandoned", "SUBSYSTEM": "Distribution", "OWNER": "COVAV", "OPERATOR": "COVAV", "DIAMETER": "150 mm", "PIPE_CLASS": null, "MATERIAL": "Cast Iron", "LINING_MATERIAL": "blank", "COATING_MATERIAL": "blank", "FACET": "O14", "CONNECTION_TYPE": null, "DOMESTIC_DIAMETER": null, "DOMESTIC_MATERIAL": null, "FIRE_LIN_DIAMETER": null, "INSTALLED_BY": "City of Vancouver", "FIRE_LIN_MATERIAL": null, "MAP_TOOLTIP": "150 CI n/a 1931", "UPDATED_DATE_iso": "2016-06-28", "COV_DATE_UPDATE_iso": "2016-06-28", "INSTALLATION_DATE_iso": "1931-01-01"}, "geometry": {"type": "LineString", "coordinates": [[-123.11602043812987, 49.25432884709892], [-123.11602219587142, 49.25430486407363]]}}, {"type": "Feature", "properties": {"SHAPE_Length": 0.40149844384797423, "OBJECTID": 21312925, "COV_SOURCE_KEY": "384219", "UPDATED_DATE": 1467098411000, "COV_DATE_UPDATE": 1467098411000, "TBFID": 4232808, "ORACLE_ID": "__FJ9Y62", "UNIT_ID_1": "4232806", "UNIT_ID_2": "234969", "MAIN_COMP1": 43, "MAIN_KEY_1": 863417, "MAIN_COMP2": 43, "MAIN_KEY_2": 130911, "ADDRESS_KEY": 148540, "INSTALLATION_DATE": -1230739200000, "DEPTH_OF_COVER_M": 0.9100000262260437, "RESTRAINED_JOINT": 0, "CATHODICALLY_PROTECTED": 0, "REMARKS": null, "ASSET_DESCRIPTION": "3400 TUPPER ST", "SPLIT_ON_CITYSIDE": null, "COMPKEY": 255351, "COMPTYPE": 41, "COATING_DATE": null, "LINING_DATE": null, "UPDATED_BY": "ENHANMGETASK", "WATERMAIN_KEY": 37841, "BUN": null, "PIPE_LENGTH_M": 6.0573841, "PARALLEL_LINE_NUMBER": null, "PRESSURE_ZONE": 172, "PIPE_USE": "Water Main", "SERVICE_STATUS": "Out of Service-Abandoned", "SUBSYSTEM": "Distribution", "OWNER": "COVAV", "OPERATOR": "COVAV", "DIAMETER": "150 mm", "PIPE_CLASS": null, "MATERIAL": "Cast Iron", "LINING_MATERIAL": "blank", "COATING_MATERIAL": "blank", "FACET": "O14", "CONNECTION_TYPE": null, "DOMESTIC_DIAMETER": null, "DOMESTIC_MATERIAL": null, "FIRE_LIN_DIAMETER": null, "INSTALLED_BY": "City of Vancouver", "FIRE_LIN_MATERIAL": null, "MAP_TOOLTIP": "150 CI n/a 1931", "UPDATED_DATE_iso": "2016-06-28", "COV_DATE_UPDATE_iso": "2016-06-28", "INSTALLATION_DATE_iso": "1931-01-01"}, "geometry": {"type": "LineString", "coordinates": [[-123.11602416680027, 49.254278029348974], [-123.11602443318625, 49.25427442199766]]}}, {"type": "Feature", "properties": {"SHAPE_Length": 3.4953576346709676, "OBJECTID": 21312926, "COV_SOURCE_KEY": "4214074", "UPDATED_DATE": 1449607726000, "COV_DATE_UPDATE": 1449607726000, "TBFID": 4232836, "ORACLE_ID": "__FPKX6R", "UNIT_ID_1": "4232834", "UNIT_ID_2": "59542", "MAIN_COMP1": 43, "MAIN_KEY_1": 863425, "MAIN_COMP2": 46, "MAIN_KEY_2": 63249, "ADDRESS_KEY": 148540, "INSTALLATION_DATE": -1230739200000, "DEPTH_OF_COVER_M": 0.9100000262260437, "RESTRAINED_JOINT": 0, "CATHODICALLY_PROTECTED": 0, "REMARKS": null, "ASSET_DESCRIPTION": "3400 TUPPER ST", "SPLIT_ON_CITYSIDE": null, "COMPKEY": 816848, "COMPTYPE": 41, "COATING_DATE": null, "LINING_DATE": null, "UPDATED_BY": "enyamw", "WATERMAIN_KEY": 78742, "BUN": null, "PIPE_LENGTH_M": 5.2185247, "PARALLEL_LINE_NUMBER": null, "PRESSURE_ZONE": 172, "PIPE_USE": "Water Main", "SERVICE_STATUS": "Out of Service-Abandoned", "SUBSYSTEM": "Distribution", "OWNER": "COVAV", "OPERATOR": "COVAV", "DIAMETER": "150 mm", "PIPE_CLASS": null, "MATERIAL": "Cast Iron", "LINING_MATERIAL": "blank", "COATING_MATERIAL": "blank", "FACET": "O14", "CONNECTION_TYPE": null, "DOMESTIC_DIAMETER": null, "DOMESTIC_MATERIAL": null, "FIRE_LIN_DIAMETER": null, "INSTALLED_BY": "City of Vancouver", "FIRE_LIN_MATERIAL": null, "MAP_TOOLTIP": "150 CI n/a 1931", "UPDATED_DATE_iso": "2015-12-08", "COV_DATE_UPDATE_iso": "2015-12-08", "INSTALLATION_DATE_iso": "1931-01-01"}, "geometry": {"type": "LineString", "coordinates": [[-123.11601982470893, 49.25436028601342], [-123.11602043812987, 49.25432884709892]]}}, {"type": "Feature", "properties": {"SHAPE_Length": 65.65565798944235, "OBJECTID": 21312927, "COV_SOURCE_KEY": "384218", "UPDATED_DATE": 1467098411000, "COV_DATE_UPDATE": 1467098411000, "TBFID": 4232855, "ORACLE_ID": "__FJ9Y61", "UNIT_ID_1": "4232853", "UNIT_ID_2": "4232825", "MAIN_COMP1": 43, "MAIN_KEY_1": 863428, "MAIN_COMP2": 43, "MAIN_KEY_2": 863420, "ADDRESS_KEY": 148540, "INSTALLATION_DATE": -1230739200000, "DEPTH_OF_COVER_M": 0.9100000262260437, "RESTRAINED_JOINT": 0, "CATHODICALLY_PROTECTED": 0, "REMARKS": null, "ASSET_DESCRIPTION": "3400 TUPPER ST", "SPLIT_ON_CITYSIDE": null, "COMPKEY": 255350, "COMPTYPE": 41, "COATING_DATE": null, "LINING_DATE": null, "UPDATED_BY": "ENHANMGETASK", "WATERMAIN_KEY": 37840, "BUN": null, "PIPE_LENGTH_M": 70.488, "PARALLEL_LINE_NUMBER": null, "PRESSURE_ZONE": 172, "PIPE_USE": "Water Main", "SERVICE_STATUS": "Out of Service-Abandoned", "SUBSYSTEM": "Distribution", "OWNER": "COVAV", "OPERATOR": "COVAV", "DIAMETER": "150 mm", "PIPE_CLASS": null, "MATERIAL": "Cast Iron", "LINING_MATERIAL": "blank", "COATING_MATERIAL": "blank", "FACET": "O14", "CONNECTION_TYPE": null, "DOMESTIC_DIAMETER": null, "DOMESTIC_MATERIAL": null, "FIRE_LIN_DIAMETER": null, "INSTALLED_BY": "City of Vancouver", "FIRE_LIN_MATERIAL": null, "MAP_TOOLTIP": "150 CI n/a 1931", "UPDATED_DATE_iso": "2016-06-28", "COV_DATE_UPDATE_iso": "2016-06-28", "INSTALLATION_DATE_iso": "1931-01-01"}, "geometry": {"type": "LineString", "coordinates": [[-123.11600777195962, 49.25498147208426], [-123.11601923691612, 49.25439093332255]]}}, {"type": "Feature", "properties": {"SHAPE_Length": 25.22418468472201, "OBJECTID": 21312928, "COV_SOURCE_KEY": "400389", "UPDATED_DATE": 1467098410000, "COV_DATE_UPDATE": 1467098410000, "TBFID": 4232892, "ORACLE_ID": "__FJAD83", "UNIT_ID_1": "206014", "UNIT_ID_2": "4232891", "MAIN_COMP1": 43, "MAIN_KEY_1": 190573, "MAIN_COMP2": 43, "MAIN_KEY_2": 863433, "ADDRESS_KEY": 152235, "INSTALLATION_DATE": -1230739200000, "DEPTH_OF_COVER_M": 0.9100000262260437, "RESTRAINED_JOINT": 0, "CATHODICALLY_PROTECTED": 0, "REMARKS": null, "ASSET_DESCRIPTION": "3600 TUPPER ST", "SPLIT_ON_CITYSIDE": null, "COMPKEY": 275981, "COMPTYPE": 41, "COATING_DATE": null, "LINING_DATE": null, "UPDATED_BY": "ENHANMGETASK", "WATERMAIN_KEY": 53423, "BUN": null, "PIPE_LENGTH_M": 28.05800066, "PARALLEL_LINE_NUMBER": null, "PRESSURE_ZONE": 172, "PIPE_USE": "Water Main", "SERVICE_STATUS": "Out of Service-Abandoned", "SUBSYSTEM": "Distribution", "OWNER": "COVAV", "OPERATOR": "COVAV", "DIAMETER": "150 mm", "PIPE_CLASS": null, "MATERIAL": "Cast Iron", "LINING_MATERIAL": "blank", "COATING_MATERIAL": "blank", "FACET": "O15", "CONNECTION_TYPE": null, "DOMESTIC_DIAMETER": null, "DOMESTIC_MATERIAL": null, "FIRE_LIN_DIAMETER": null, "INSTALLED_BY": "City of Vancouver", "FIRE_LIN_MATERIAL": null, "MAP_TOOLTIP": "150 CI n/a 1931", "UPDATED_DATE_iso": "2016-06-28", "COV_DATE_UPDATE_iso": "2016-06-28", "INSTALLATION_DATE_iso": "1931-01-01"}, "geometry": {"type": "LineString", "coordinates": [[-123.11607328120682, 49.253211506465476], [-123.1160810218427, 49.25298466614324]]}}, {"type": "Feature", "properties": {"SHAPE_Length": 40.009303980129935, "OBJECTID": 21312929, "COV_SOURCE_KEY": "400234", "UPDATED_DATE": 1467098411000, "COV_DATE_UPDATE": 1467098411000, "TBFID": 4232902, "ORACLE_ID": "__FJAD6Z", "UNIT_ID_1": "4232900", "UNIT_ID_2": "4232873", "MAIN_COMP1": 43, "MAIN_KEY_1": 863435, "MAIN_COMP2": 43, "MAIN_KEY_2": 863432, "ADDRESS_KEY": 152235, "INSTALLATION_DATE": -1230739200000, "DEPTH_OF_COVER_M": 0.9100000262260437, "RESTRAINED_JOINT": 0, "CATHODICALLY_PROTECTED": 0, "REMARKS": null, "ASSET_DESCRIPTION": "3600 TUPPER ST", "SPLIT_ON_CITYSIDE": null, "COMPKEY": 275944, "COMPTYPE": 41, "COATING_DATE": null, "LINING_DATE": null, "UPDATED_BY": "ENHANMGETASK", "WATERMAIN_KEY": 53394, "BUN": null, "PIPE_LENGTH_M": 45.75250125, "PARALLEL_LINE_NUMBER": null, "PRESSURE_ZONE": 172, "PIPE_USE": "Water Main", "SERVICE_STATUS": "Out of Service-Abandoned", "SUBSYSTEM": "Distribution", "OWNER": "COVAV", "OPERATOR": "COVAV", "DIAMETER": "150 mm", "PIPE_CLASS": null, "MATERIAL": "Cast Iron", "LINING_MATERIAL": "blank", "COATING_MATERIAL": "blank", "FACET": "O15", "CONNECTION_TYPE": null, "DOMESTIC_DIAMETER": null, "DOMESTIC_MATERIAL": null, "FIRE_LIN_DIAMETER": null, "INSTALLED_BY": "City of Vancouver", "FIRE_LIN_MATERIAL": null, "MAP_TOOLTIP": "150 CI n/a 1931", "UPDATED_DATE_iso": "2016-06-28", "COV_DATE_UPDATE_iso": "2016-06-28", "INSTALLATION_DATE_iso": "1931-01-01"}, "geometry": {"type": "LineString", "coordinates": [[-123.1160827580903, 49.25293396731918], [-123.11609498265847, 49.25257416407402]]}}, {"type": "Feature", "properties": {"SHAPE_Length": 0.39415352370763374, "OBJECTID": 21313684, "COV_SOURCE_KEY": "4258423", "UPDATED_DATE": 1717690596000, "COV_DATE_UPDATE": 1717690596000, "TBFID": 4258424, "ORACLE_ID": "__FX7FF9", "UNIT_ID_1": "4258355", "UNIT_ID_2": "4258369", "MAIN_COMP1": 43, "MAIN_KEY_1": 847711, "MAIN_COMP2": 46, "MAIN_KEY_2": 847707, "ADDRESS_KEY": 154978, "INSTALLATION_DATE": 1425884400000, "DEPTH_OF_COVER_M": 1, "RESTRAINED_JOINT": 0, "CATHODICALLY_PROTECTED": 0, "REMARKS": null, "ASSET_DESCRIPTION": "500 W 29TH AV", "SPLIT_ON_CITYSIDE": null, "COMPKEY": 847713, "COMPTYPE": 41, "COATING_DATE": null, "LINING_DATE": null, "UPDATED_BY": "KAQ2423", "WATERMAIN_KEY": 83630, "BUN": null, "PIPE_LENGTH_M": 0.394, "PARALLEL_LINE_NUMBER": null, "PRESSURE_ZONE": 172, "PIPE_USE": "Water Main", "SERVICE_STATUS": "Out of Service-Abandoned", "SUBSYSTEM": "Distribution", "OWNER": "COVAV", "OPERATOR": "COVAV", "DIAMETER": "200 mm", "PIPE_CLASS": null, "MATERIAL": "Ductile Iron Concrete Lined", "LINING_MATERIAL": "blank", "COATING_MATERIAL": "blank", "FACET": "O16", "CONNECTION_TYPE": null, "DOMESTIC_DIAMETER": null, "DOMESTIC_MATERIAL": null, "FIRE_LIN_DIAMETER": null, "INSTALLED_BY": "City of Vancouver", "FIRE_LIN_MATERIAL": null, "MAP_TOOLTIP": "200 DICL n/a 2015", "UPDATED_DATE_iso": "2024-06-06", "COV_DATE_UPDATE_iso": "2024-06-06", "INSTALLATION_DATE_iso": "2015-03-09"}, "geometry": {"type": "LineString", "coordinates": [[-123.1163372436888, 49.2452922188938], [-123.11633183009083, 49.245292125397434]]}}, {"type": "Feature", "properties": {"SHAPE_Length": 24.261336174431584, "OBJECTID": 21313686, "COV_SOURCE_KEY": "4258428", "UPDATED_DATE": 1757711077000, "COV_DATE_UPDATE": 1757711077000, "TBFID": 4258429, "ORACLE_ID": "__FX7FFA", "UNIT_ID_1": "4258334", "UNIT_ID_2": "64585", "MAIN_COMP1": 43, "MAIN_KEY_1": 847712, "MAIN_COMP2": 46, "MAIN_KEY_2": 96129, "ADDRESS_KEY": 154978, "INSTALLATION_DATE": -1262275200000, "DEPTH_OF_COVER_M": 0.9100000262260437, "RESTRAINED_JOINT": 0, "CATHODICALLY_PROTECTED": 0, "REMARKS": null, "ASSET_DESCRIPTION": "500 W 29TH AV", "SPLIT_ON_CITYSIDE": null, "COMPKEY": 847715, "COMPTYPE": 41, "COATING_DATE": null, "LINING_DATE": null, "UPDATED_BY": "enyamw", "WATERMAIN_KEY": 83632, "BUN": null, "PIPE_LENGTH_M": 24.262, "PARALLEL_LINE_NUMBER": null, "PRESSURE_ZONE": 172, "PIPE_USE": "Water Main", "SERVICE_STATUS": "Out of Service-Abandoned", "SUBSYSTEM": "Distribution", "OWNER": "COVAV", "OPERATOR": "COVAV", "DIAMETER": "200 mm", "PIPE_CLASS": null, "MATERIAL": "Cast Iron", "LINING_MATERIAL": "blank", "COATING_MATERIAL": "blank", "FACET": "O16", "CONNECTION_TYPE": null, "DOMESTIC_DIAMETER": null, "DOMESTIC_MATERIAL": null, "FIRE_LIN_DIAMETER": null, "INSTALLED_BY": "City of Vancouver", "FIRE_LIN_MATERIAL": null, "MAP_TOOLTIP": "200 CI n/a 1930", "UPDATED_DATE_iso": "2025-09-12", "COV_DATE_UPDATE_iso": "2025-09-12", "INSTALLATION_DATE_iso": "1930-01-01"}, "geometry": {"type": "LineString", "coordinates": [[-123.11631501221659, 49.24529183649259], [-123.11598178752718, 49.24528611770325]]}}, {"type": "Feature", "properties": {"SHAPE_Length": 0.7793105928611896, "OBJECTID": 21313687, "COV_SOURCE_KEY": "4258408", "UPDATED_DATE": 1757711078000, "COV_DATE_UPDATE": 1757711078000, "TBFID": 4258409, "ORACLE_ID": "__FX7FF6", "UNIT_ID_1": "4258343", "UNIT_ID_2": "4258334", "MAIN_COMP1": 43, "MAIN_KEY_1": 847708, "MAIN_COMP2": 43, "MAIN_KEY_2": 847712, "ADDRESS_KEY": 154978, "INSTALLATION_DATE": 1425884400000, "DEPTH_OF_COVER_M": 1, "RESTRAINED_JOINT": 0, "CATHODICALLY_PROTECTED": 0, "REMARKS": null, "ASSET_DESCRIPTION": "500 W 29TH AV", "SPLIT_ON_CITYSIDE": null, "COMPKEY": 847714, "COMPTYPE": 41, "COATING_DATE": null, "LINING_DATE": null, "UPDATED_BY": "enyamw", "WATERMAIN_KEY": 83631, "BUN": null, "PIPE_LENGTH_M": 0.779, "PARALLEL_LINE_NUMBER": null, "PRESSURE_ZONE": 172, "PIPE_USE": "Water Main", "SERVICE_STATUS": "Out of Service-Abandoned", "SUBSYSTEM": "Distribution", "OWNER": "COVAV", "OPERATOR": "COVAV", "DIAMETER": "200 mm", "PIPE_CLASS": null, "MATERIAL": "Ductile Iron Concrete Lined", "LINING_MATERIAL": "blank", "COATING_MATERIAL": "blank", "FACET": "O16", "CONNECTION_TYPE": null, "DOMESTIC_DIAMETER": null, "DOMESTIC_MATERIAL": null, "FIRE_LIN_DIAMETER": null, "INSTALLED_BY": "City of Vancouver", "FIRE_LIN_MATERIAL": null, "MAP_TOOLTIP": "200 DICL n/a 2015", "UPDATED_DATE_iso": "2025-09-12", "COV_DATE_UPDATE_iso": "2025-09-12", "INSTALLATION_DATE_iso": "2015-03-09"}, "geometry": {"type": "LineString", "coordinates": [[-123.1163257157569, 49.24529202361114], [-123.11631501221659, 49.24529183649259]]}}, {"type": "Feature", "properties": {"SHAPE_Length": 0.44516176865016616, "OBJECTID": 21313688, "COV_SOURCE_KEY": "4258418", "UPDATED_DATE": 1717690596000, "COV_DATE_UPDATE": 1717690596000, "TBFID": 4258419, "ORACLE_ID": "__FX7FF8", "UNIT_ID_1": "4258369", "UNIT_ID_2": "4258343", "MAIN_COMP1": 46, "MAIN_KEY_1": 847707, "MAIN_COMP2": 43, "MAIN_KEY_2": 847708, "ADDRESS_KEY": 154978, "INSTALLATION_DATE": 1425884400000, "DEPTH_OF_COVER_M": 1, "RESTRAINED_JOINT": 0, "CATHODICALLY_PROTECTED": 0, "REMARKS": null, "ASSET_DESCRIPTION": "500 W 29TH AV", "SPLIT_ON_CITYSIDE": null, "COMPKEY": 847716, "COMPTYPE": 41, "COATING_DATE": null, "LINING_DATE": null, "UPDATED_BY": "KAQ2423", "WATERMAIN_KEY": 83633, "BUN": null, "PIPE_LENGTH_M": 0.445, "PARALLEL_LINE_NUMBER": null, "PRESSURE_ZONE": 172, "PIPE_USE": "Water Main", "SERVICE_STATUS": "Out of Service-Abandoned", "SUBSYSTEM": "Distribution", "OWNER": "COVAV", "OPERATOR": "COVAV", "DIAMETER": "200 mm", "PIPE_CLASS": null, "MATERIAL": "Ductile Iron Concrete Lined", "LINING_MATERIAL": "blank", "COATING_MATERIAL": "blank", "FACET": "O16", "CONNECTION_TYPE": null, "DOMESTIC_DIAMETER": null, "DOMESTIC_MATERIAL": null, "FIRE_LIN_DIAMETER": null, "INSTALLED_BY": "City of Vancouver", "FIRE_LIN_MATERIAL": null, "MAP_TOOLTIP": "200 DICL n/a 2015", "UPDATED_DATE_iso": "2024-06-06", "COV_DATE_UPDATE_iso": "2024-06-06", "INSTALLATION_DATE_iso": "2015-03-09"}, "geometry": {"type": "LineString", "coordinates": [[-123.11633183009083, 49.245292125397434], [-123.1163257157569, 49.24529202361114]]}}, {"type": "Feature", "properties": {"SHAPE_Length": 0.6880770305947129, "OBJECTID": 21315179, "COV_SOURCE_KEY": "4278676", "UPDATED_DATE": 1449607706000, "COV_DATE_UPDATE": 1449607706000, "TBFID": 4278677, "ORACLE_ID": "__G0VIS7", "UNIT_ID_1": "216110", "UNIT_ID_2": "4232930", "MAIN_COMP1": 43, "MAIN_KEY_1": 134622, "MAIN_COMP2": 43, "MAIN_KEY_2": 863401, "ADDRESS_KEY": 151535, "INSTALLATION_DATE": -725817600000, "DEPTH_OF_COVER_M": 0.9100000262260437, "RESTRAINED_JOINT": 0, "CATHODICALLY_PROTECTED": 0, "REMARKS": null, "ASSET_DESCRIPTION": "3500 TUPPER ST", "SPLIT_ON_CITYSIDE": null, "COMPKEY": 863472, "COMPTYPE": 41, "COATING_DATE": null, "LINING_DATE": null, "UPDATED_BY": "enyamw", "WATERMAIN_KEY": 85569, "BUN": null, "PIPE_LENGTH_M": 0.68807703, "PARALLEL_LINE_NUMBER": null, "PRESSURE_ZONE": 172, "PIPE_USE": "Water Main", "SERVICE_STATUS": "Out of Service-Abandoned", "SUBSYSTEM": "Distribution", "OWNER": "COVAV", "OPERATOR": "COVAV", "DIAMETER": "200 mm", "PIPE_CLASS": null, "MATERIAL": "Cast Iron", "LINING_MATERIAL": "blank", "COATING_MATERIAL": "blank", "FACET": "O15", "CONNECTION_TYPE": null, "DOMESTIC_DIAMETER": null, "DOMESTIC_MATERIAL": null, "FIRE_LIN_DIAMETER": null, "INSTALLED_BY": "City of Vancouver", "FIRE_LIN_MATERIAL": null, "MAP_TOOLTIP": "200 CI n/a 1947", "UPDATED_DATE_iso": "2015-12-08", "COV_DATE_UPDATE_iso": "2015-12-08", "INSTALLATION_DATE_iso": "1947-01-01"}, "geometry": {"type": "LineString", "coordinates": [[-123.1160751864128, 49.25336766162223], [-123.11606703019623, 49.25336453048342]]}}, {"type": "Feature", "properties": {"SHAPE_Length": 3.6595349024609414, "OBJECTID": 21315308, "COV_SOURCE_KEY": "4270064", "UPDATED_DATE": 1697008831000, "COV_DATE_UPDATE": 1697008831000, "TBFID": 4270065, "ORACLE_ID": "__FZGRGA", "UNIT_ID_1": "213685", "UNIT_ID_2": "4270337", "MAIN_COMP1": 43, "MAIN_KEY_1": 172792, "MAIN_COMP2": 43, "MAIN_KEY_2": 862001, "ADDRESS_KEY": 154601, "INSTALLATION_DATE": null, "DEPTH_OF_COVER_M": 0.9100000262260437, "RESTRAINED_JOINT": 0, "CATHODICALLY_PROTECTED": 0, "REMARKS": null, "ASSET_DESCRIPTION": "900 W 17TH AV", "SPLIT_ON_CITYSIDE": null, "COMPKEY": 862048, "COMPTYPE": 41, "COATING_DATE": null, "LINING_DATE": null, "UPDATED_BY": "ENHANMGETASK", "WATERMAIN_KEY": 85204, "BUN": null, "PIPE_LENGTH_M": 3.6595349, "PARALLEL_LINE_NUMBER": null, "PRESSURE_ZONE": 172, "PIPE_USE": "Water Main", "SERVICE_STATUS": "Out of Service-Abandoned", "SUBSYSTEM": "Distribution", "OWNER": "COVAV", "OPERATOR": "COVAV", "DIAMETER": "150 mm", "PIPE_CLASS": null, "MATERIAL": "Ductile Iron", "LINING_MATERIAL": "Cement Lined", "COATING_MATERIAL": "blank", "FACET": "N14", "CONNECTION_TYPE": null, "DOMESTIC_DIAMETER": null, "DOMESTIC_MATERIAL": null, "FIRE_LIN_DIAMETER": null, "INSTALLED_BY": "City of Vancouver", "FIRE_LIN_MATERIAL": null, "MAP_TOOLTIP": "150 DI CL ", "UPDATED_DATE_iso": "2023-10-11", "COV_DATE_UPDATE_iso": "2023-10-11"}, "geometry": {"type": "LineString", "coordinates": [[-123.12451801058944, 49.25616956269598], [-123.12451787316424, 49.25616956284408], [-123.1244677511132, 49.2561683935011]]}}, {"type": "Feature", "properties": {"SHAPE_Length": 9.19718435189449, "OBJECTID": 21315311, "COV_SOURCE_KEY": "386363", "UPDATED_DATE": 1439508325000, "COV_DATE_UPDATE": 1439508325000, "TBFID": 4270096, "ORACLE_ID": "__FJ9Z04", "UNIT_ID_1": "T__FJEQDS", "UNIT_ID_2": "T__FJEQD3", "MAIN_COMP1": 43, "MAIN_KEY_1": 70715, "MAIN_COMP2": 43, "MAIN_KEY_2": 70693, "ADDRESS_KEY": 149981, "INSTALLATION_DATE": -1230739200000, "DEPTH_OF_COVER_M": 0.9100000262260437, "RESTRAINED_JOINT": 0, "CATHODICALLY_PROTECTED": 0, "REMARKS": null, "ASSET_DESCRIPTION": "3200 LAUREL ST", "SPLIT_ON_CITYSIDE": null, "COMPKEY": 256589, "COMPTYPE": 41, "COATING_DATE": null, "LINING_DATE": null, "UPDATED_BY": "enjcr", "WATERMAIN_KEY": 38705, "BUN": null, "PIPE_LENGTH_M": 10.69069362, "PARALLEL_LINE_NUMBER": null, "PRESSURE_ZONE": 172, "PIPE_USE": "Water Main", "SERVICE_STATUS": "Out of Service-Abandoned", "SUBSYSTEM": "Distribution", "OWNER": "COVAV", "OPERATOR": "COVAV", "DIAMETER": "150 mm", "PIPE_CLASS": null, "MATERIAL": "Cast Iron", "LINING_MATERIAL": "blank", "COATING_MATERIAL": "blank", "FACET": "N14", "CONNECTION_TYPE": null, "DOMESTIC_DIAMETER": null, "DOMESTIC_MATERIAL": null, "FIRE_LIN_DIAMETER": null, "INSTALLED_BY": "City of Vancouver", "FIRE_LIN_MATERIAL": null, "MAP_TOOLTIP": "150 CI n/a 1931", "UPDATED_DATE_iso": "2015-08-13", "COV_DATE_UPDATE_iso": "2015-08-13", "INSTALLATION_DATE_iso": "1931-01-01"}, "geometry": {"type": "LineString", "coordinates": [[-123.12449535841438, 49.256779786741916], [-123.1244984761399, 49.25669708134827]]}}, {"type": "Feature", "properties": {"SHAPE_Length": 11.823806493997283, "OBJECTID": 21315384, "COV_SOURCE_KEY": "386532", "UPDATED_DATE": 1467184810000, "COV_DATE_UPDATE": 1467184810000, "TBFID": 451523, "ORACLE_ID": "__FJ9Z1L", "UNIT_ID_1": "60545", "UNIT_ID_2": "4270267", "MAIN_COMP1": 46, "MAIN_KEY_1": 61709, "MAIN_COMP2": 43, "MAIN_KEY_2": 862011, "ADDRESS_KEY": 149981, "INSTALLATION_DATE": -1230739200000, "DEPTH_OF_COVER_M": 0.9100000262260437, "RESTRAINED_JOINT": 0, "CATHODICALLY_PROTECTED": 0, "REMARKS": null, "ASSET_DESCRIPTION": "3200 LAUREL ST", "SPLIT_ON_CITYSIDE": null, "COMPKEY": 256650, "COMPTYPE": 41, "COATING_DATE": null, "LINING_DATE": null, "UPDATED_BY": "ENHANMGETASK", "WATERMAIN_KEY": 38748, "BUN": null, "PIPE_LENGTH_M": 11.82378194, "PARALLEL_LINE_NUMBER": null, "PRESSURE_ZONE": null, "PIPE_USE": "Water Main", "SERVICE_STATUS": "Out of Service-Abandoned", "SUBSYSTEM": "Distribution", "OWNER": "COVAV", "OPERATOR": "COVAV", "DIAMETER": "150 mm", "PIPE_CLASS": null, "MATERIAL": "Cast Iron", "LINING_MATERIAL": "blank", "COATING_MATERIAL": "blank", "FACET": "N14", "CONNECTION_TYPE": null, "DOMESTIC_DIAMETER": null, "DOMESTIC_MATERIAL": null, "FIRE_LIN_DIAMETER": null, "INSTALLED_BY": "City of Vancouver", "FIRE_LIN_MATERIAL": null, "MAP_TOOLTIP": "150 CI n/a 1931", "UPDATED_DATE_iso": "2016-06-29", "COV_DATE_UPDATE_iso": "2016-06-29", "INSTALLATION_DATE_iso": "1931-01-01"}, "geometry": {"type": "LineString", "coordinates": [[-123.12451379973407, 49.25629298163573], [-123.12451765504778, 49.256186653994995]]}}, {"type": "Feature", "properties": {"SHAPE_Length": 2.4866292439788498, "OBJECTID": 21316632, "COV_SOURCE_KEY": "385902", "UPDATED_DATE": 1457972995000, "COV_DATE_UPDATE": 1457972995000, "TBFID": 4293799, "ORACLE_ID": "__FJ9Y9Y", "UNIT_ID_1": "4293797", "UNIT_ID_2": "59508", "MAIN_COMP1": 43, "MAIN_KEY_1": 872234, "MAIN_COMP2": 46, "MAIN_KEY_2": 102627, "ADDRESS_KEY": 149196, "INSTALLATION_DATE": -220896000000, "DEPTH_OF_COVER_M": 0.9100000262260437, "RESTRAINED_JOINT": 0, "CATHODICALLY_PROTECTED": 0, "REMARKS": null, "ASSET_DESCRIPTION": "4000 WILLOW ST", "SPLIT_ON_CITYSIDE": null, "COMPKEY": 255466, "COMPTYPE": 41, "COATING_DATE": null, "LINING_DATE": null, "UPDATED_BY": "enyamw", "WATERMAIN_KEY": 37929, "BUN": null, "PIPE_LENGTH_M": 2.75179316, "PARALLEL_LINE_NUMBER": null, "PRESSURE_ZONE": 172, "PIPE_USE": "Water Main", "SERVICE_STATUS": "Out of Service-Abandoned", "SUBSYSTEM": "Distribution", "OWNER": "COVAV", "OPERATOR": "COVAV", "DIAMETER": "150 mm", "PIPE_CLASS": null, "MATERIAL": "Cast Iron", "LINING_MATERIAL": "Cement Lined", "COATING_MATERIAL": "blank", "FACET": "N16", "CONNECTION_TYPE": null, "DOMESTIC_DIAMETER": null, "DOMESTIC_MATERIAL": null, "FIRE_LIN_DIAMETER": null, "INSTALLED_BY": "City of Vancouver", "FIRE_LIN_MATERIAL": null, "MAP_TOOLTIP": "150 CI CL 1963", "UPDATED_DATE_iso": "2016-03-14", "COV_DATE_UPDATE_iso": "2016-03-14", "INSTALLATION_DATE_iso": "1963-01-01"}, "geometry": {"type": "LineString", "coordinates": [[-123.12239686073886, 49.24925529342307], [-123.1223956793412, 49.249277647820115]]}}, {"type": "Feature", "properties": {"SHAPE_Length": 6.100373841675666, "OBJECTID": 21316637, "COV_SOURCE_KEY": "406208", "UPDATED_DATE": 1457972973000, "COV_DATE_UPDATE": 1457972973000, "TBFID": 4293874, "ORACLE_ID": "__FJE6DD", "UNIT_ID_1": "72604", "UNIT_ID_2": "4293871", "MAIN_COMP1": 46, "MAIN_KEY_1": 63267, "MAIN_COMP2": 43, "MAIN_KEY_2": 872230, "ADDRESS_KEY": 149196, "INSTALLATION_DATE": -220896000000, "DEPTH_OF_COVER_M": 0.9100000262260437, "RESTRAINED_JOINT": 0, "CATHODICALLY_PROTECTED": 0, "REMARKS": null, "ASSET_DESCRIPTION": "4000 WILLOW ST", "SPLIT_ON_CITYSIDE": null, "COMPKEY": 281480, "COMPTYPE": 41, "COATING_DATE": null, "LINING_DATE": null, "UPDATED_BY": "enyamw", "WATERMAIN_KEY": 57858, "BUN": null, "PIPE_LENGTH_M": 6.1, "PARALLEL_LINE_NUMBER": null, "PRESSURE_ZONE": 172, "PIPE_USE": "Water Main", "SERVICE_STATUS": "Out of Service-Abandoned", "SUBSYSTEM": "Distribution", "OWNER": "COVAV", "OPERATOR": "COVAV", "DIAMETER": "150 mm", "PIPE_CLASS": null, "MATERIAL": "Cast Iron", "LINING_MATERIAL": "Cement Lined", "COATING_MATERIAL": "blank", "FACET": "N15", "CONNECTION_TYPE": null, "DOMESTIC_DIAMETER": null, "DOMESTIC_MATERIAL": null, "FIRE_LIN_DIAMETER": null, "INSTALLED_BY": "City of Vancouver", "FIRE_LIN_MATERIAL": null, "MAP_TOOLTIP": "150 CI CL 1963", "UPDATED_DATE_iso": "2016-03-14", "COV_DATE_UPDATE_iso": "2016-03-14", "INSTALLATION_DATE_iso": "1963-01-01"}, "geometry": {"type": "LineString", "coordinates": [[-123.1223563295795, 49.25002968164652], [-123.12235294741527, 49.25008451114505]]}}, {"type": "Feature", "properties": {"SHAPE_Length": 117.67241601188074, "OBJECTID": 21316734, "COV_SOURCE_KEY": "386075", "UPDATED_DATE": 1625850472000, "COV_DATE_UPDATE": 1625850472000, "TBFID": 4294179, "ORACLE_ID": "__FJ9YBJ", "UNIT_ID_1": "4294177", "UNIT_ID_2": "77668", "MAIN_COMP1": 43, "MAIN_KEY_1": 872223, "MAIN_COMP2": 46, "MAIN_KEY_2": 114214, "ADDRESS_KEY": 149183, "INSTALLATION_DATE": -788889600000, "DEPTH_OF_COVER_M": 0.9100000262260437, "RESTRAINED_JOINT": 0, "CATHODICALLY_PROTECTED": 0, "REMARKS": null, "ASSET_DESCRIPTION": "600 W 24TH AV", "SPLIT_ON_CITYSIDE": null, "COMPKEY": 255536, "COMPTYPE": 41, "COATING_DATE": null, "LINING_DATE": null, "UPDATED_BY": "enyamw", "WATERMAIN_KEY": 37977, "BUN": null, "PIPE_LENGTH_M": 117.67241601, "PARALLEL_LINE_NUMBER": null, "PRESSURE_ZONE": 172, "PIPE_USE": "Water Main", "SERVICE_STATUS": "Out of Service-Abandoned", "SUBSYSTEM": "Distribution", "OWNER": "COVAV", "OPERATOR": "COVAV", "DIAMETER": "150 mm", "PIPE_CLASS": null, "MATERIAL": "Cast Iron", "LINING_MATERIAL": "blank", "COATING_MATERIAL": "blank", "FACET": "O15", "CONNECTION_TYPE": null, "DOMESTIC_DIAMETER": null, "DOMESTIC_MATERIAL": null, "FIRE_LIN_DIAMETER": null, "INSTALLED_BY": "City of Vancouver", "FIRE_LIN_MATERIAL": null, "MAP_TOOLTIP": "150 CI n/a 1945", "UPDATED_DATE_iso": "2021-07-09", "COV_DATE_UPDATE_iso": "2021-07-09", "INSTALLATION_DATE_iso": "1945-01-01"}, "geometry": {"type": "LineString", "coordinates": [[-123.12017375538333, 49.25004483565792], [-123.11855739306749, 49.25001710021979]]}}, {"type": "Feature", "properties": {"SHAPE_Length": 0.8002499607988751, "OBJECTID": 21316735, "COV_SOURCE_KEY": "4294184", "UPDATED_DATE": 1625850420000, "COV_DATE_UPDATE": 1625850420000, "TBFID": 4294185, "ORACLE_ID": "__G2L8MB", "UNIT_ID_1": "4294144", "UNIT_ID_2": "4294177", "MAIN_COMP1": 43, "MAIN_KEY_1": 872224, "MAIN_COMP2": 43, "MAIN_KEY_2": 872223, "ADDRESS_KEY": 149183, "INSTALLATION_DATE": 1337238000000, "DEPTH_OF_COVER_M": 0.8999999761581421, "RESTRAINED_JOINT": 1, "CATHODICALLY_PROTECTED": 0, "REMARKS": null, "ASSET_DESCRIPTION": "600 W 24TH AV", "SPLIT_ON_CITYSIDE": null, "COMPKEY": 872280, "COMPTYPE": 41, "COATING_DATE": null, "LINING_DATE": null, "UPDATED_BY": "enyamw", "WATERMAIN_KEY": 86456, "BUN": null, "PIPE_LENGTH_M": 0.80024996, "PARALLEL_LINE_NUMBER": null, "PRESSURE_ZONE": 172, "PIPE_USE": "Water Main", "SERVICE_STATUS": "Out of Service-Abandoned", "SUBSYSTEM": "Distribution", "OWNER": "COVAV", "OPERATOR": "COVAV", "DIAMETER": "150 mm", "PIPE_CLASS": null, "MATERIAL": "Ductile Iron Concrete Lined", "LINING_MATERIAL": null, "COATING_MATERIAL": null, "FACET": "O15", "CONNECTION_TYPE": null, "DOMESTIC_DIAMETER": null, "DOMESTIC_MATERIAL": null, "FIRE_LIN_DIAMETER": null, "INSTALLED_BY": "City of Vancouver", "FIRE_LIN_MATERIAL": null, "MAP_TOOLTIP": "150 DICL  2012 RJ", "UPDATED_DATE_iso": "2021-07-09", "COV_DATE_UPDATE_iso": "2021-07-09", "INSTALLATION_DATE_iso": "2012-05-17"}, "geometry": {"type": "LineString", "coordinates": [[-123.1201847484787, 49.25004500412743], [-123.12017375538333, 49.25004483565792]]}}, {"type": "Feature", "properties": {"SHAPE_Length": 0.578249945676819, "OBJECTID": 21316972, "COV_SOURCE_KEY": "4278853", "UPDATED_DATE": 1449607708000, "COV_DATE_UPDATE": 1449607708000, "TBFID": 4278854, "ORACLE_ID": "__G0VIWX", "UNIT_ID_1": "4232961", "UNIT_ID_2": "225714", "MAIN_COMP1": 43, "MAIN_KEY_1": 863397, "MAIN_COMP2": 43, "MAIN_KEY_2": 133278, "ADDRESS_KEY": 151535, "INSTALLATION_DATE": -31507200000, "DEPTH_OF_COVER_M": 0.9100000262260437, "RESTRAINED_JOINT": 0, "CATHODICALLY_PROTECTED": 0, "REMARKS": null, "ASSET_DESCRIPTION": "500 W 20TH AV", "SPLIT_ON_CITYSIDE": null, "COMPKEY": 863475, "COMPTYPE": 41, "COATING_DATE": null, "LINING_DATE": null, "UPDATED_BY": "enyamw", "WATERMAIN_KEY": 85572, "BUN": null, "PIPE_LENGTH_M": 0.57824995, "PARALLEL_LINE_NUMBER": null, "PRESSURE_ZONE": 172, "PIPE_USE": "Water Main", "SERVICE_STATUS": "Out of Service-Abandoned", "SUBSYSTEM": "Distribution", "OWNER": "COVAV", "OPERATOR": "COVAV", "DIAMETER": "300 mm", "PIPE_CLASS": null, "MATERIAL": "Ductile Iron", "LINING_MATERIAL": "Cement Lined", "COATING_MATERIAL": "blank", "FACET": "O15", "CONNECTION_TYPE": null, "DOMESTIC_DIAMETER": null, "DOMESTIC_MATERIAL": null, "FIRE_LIN_DIAMETER": null, "INSTALLED_BY": "City of Vancouver", "FIRE_LIN_MATERIAL": null, "MAP_TOOLTIP": "300 DI CL 1969", "UPDATED_DATE_iso": "2015-12-08", "COV_DATE_UPDATE_iso": "2015-12-08", "INSTALLATION_DATE_iso": "1969-01-01"}, "geometry": {"type": "LineString", "coordinates": [[-123.11607881290338, 49.253290901741664], [-123.11607086982703, 49.253290756802976]]}}, {"type": "Feature", "properties": {"SHAPE_Length": 5.59120469991884, "OBJECTID": 21317647, "COV_SOURCE_KEY": "4264723", "UPDATED_DATE": 1757711075000, "COV_DATE_UPDATE": 1757711075000, "TBFID": 4264724, "ORACLE_ID": "__FYID2F", "UNIT_ID_1": "4264713", "UNIT_ID_2": "4263736", "MAIN_COMP1": 43, "MAIN_KEY_1": 856808, "MAIN_COMP2": 43, "MAIN_KEY_2": 856808, "ADDRESS_KEY": 148298, "INSTALLATION_DATE": -1262275200000, "DEPTH_OF_COVER_M": 0.9100000262260437, "RESTRAINED_JOINT": 0, "CATHODICALLY_PROTECTED": 0, "REMARKS": null, "ASSET_DESCRIPTION": "500 W 26TH AV", "SPLIT_ON_CITYSIDE": null, "COMPKEY": 857255, "COMPTYPE": 41, "COATING_DATE": null, "LINING_DATE": null, "UPDATED_BY": "enyamw", "WATERMAIN_KEY": 84122, "BUN": null, "PIPE_LENGTH_M": 5.5912047, "PARALLEL_LINE_NUMBER": null, "PRESSURE_ZONE": 172, "PIPE_USE": "Water Main", "SERVICE_STATUS": "Out of Service-Abandoned", "SUBSYSTEM": "Distribution", "OWNER": "COVAV", "OPERATOR": "COVAV", "DIAMETER": "150 mm", "PIPE_CLASS": null, "MATERIAL": "Cast Iron", "LINING_MATERIAL": "blank", "COATING_MATERIAL": "blank", "FACET": "O16", "CONNECTION_TYPE": null, "DOMESTIC_DIAMETER": null, "DOMESTIC_MATERIAL": null, "FIRE_LIN_DIAMETER": null, "INSTALLED_BY": "City of Vancouver", "FIRE_LIN_MATERIAL": null, "MAP_TOOLTIP": "150 CI n/a 1930", "UPDATED_DATE_iso": "2025-09-12", "COV_DATE_UPDATE_iso": "2025-09-12", "INSTALLATION_DATE_iso": "1930-01-01"}, "geometry": {"type": "LineString", "coordinates": [[-123.11650898411368, 49.24801186258347], [-123.1165857817574, 49.248013197362916]]}}, {"type": "Feature", "properties": {"SHAPE_Length": 131.17325464055205, "OBJECTID": 21317649, "COV_SOURCE_KEY": "370404", "UPDATED_DATE": 1757711122000, "COV_DATE_UPDATE": 1757711122000, "TBFID": 4313321, "ORACLE_ID": "__FJ9J2H", "UNIT_ID_1": "4313319", "UNIT_ID_2": "64621", "MAIN_COMP1": 43, "MAIN_KEY_1": 883526, "MAIN_COMP2": 46, "MAIN_KEY_2": 96063, "ADDRESS_KEY": 151481, "INSTALLATION_DATE": -1262275200000, "DEPTH_OF_COVER_M": 0.9100000262260437, "RESTRAINED_JOINT": 0, "CATHODICALLY_PROTECTED": 0, "REMARKS": null, "ASSET_DESCRIPTION": "500 W 27TH AV", "SPLIT_ON_CITYSIDE": null, "COMPKEY": 235263, "COMPTYPE": 41, "COATING_DATE": null, "LINING_DATE": null, "UPDATED_BY": "enyamw", "WATERMAIN_KEY": 22808, "BUN": null, "PIPE_LENGTH_M": 131.17325464, "PARALLEL_LINE_NUMBER": null, "PRESSURE_ZONE": 172, "PIPE_USE": "Water Main", "SERVICE_STATUS": "Out of Service-Abandoned", "SUBSYSTEM": "Distribution", "OWNER": "COVAV", "OPERATOR": "COVAV", "DIAMETER": "150 mm", "PIPE_CLASS": null, "MATERIAL": "Cast Iron", "LINING_MATERIAL": "blank", "COATING_MATERIAL": "blank", "FACET": "O16", "CONNECTION_TYPE": null, "DOMESTIC_DIAMETER": null, "DOMESTIC_MATERIAL": null, "FIRE_LIN_DIAMETER": null, "INSTALLED_BY": "City of Vancouver", "FIRE_LIN_MATERIAL": null, "MAP_TOOLTIP": "150 CI n/a 1930", "UPDATED_DATE_iso": "2025-09-12", "COV_DATE_UPDATE_iso": "2025-09-12", "INSTALLATION_DATE_iso": "1930-01-01"}, "geometry": {"type": "LineString", "coordinates": [[-123.11658026087154, 49.24710393790116], [-123.11838169640892, 49.247140992475856]]}}, {"type": "Feature", "properties": {"SHAPE_Length": 47.76165912032295, "OBJECTID": 21317650, "COV_SOURCE_KEY": "4313326", "UPDATED_DATE": 1757711075000, "COV_DATE_UPDATE": 1757711075000, "TBFID": 4313327, "ORACLE_ID": "__G6YXXY", "UNIT_ID_1": "64636", "UNIT_ID_2": "4313319", "MAIN_COMP1": 46, "MAIN_KEY_1": 96037, "MAIN_COMP2": 43, "MAIN_KEY_2": 883526, "ADDRESS_KEY": 151481, "INSTALLATION_DATE": -1262275200000, "DEPTH_OF_COVER_M": 0.9100000262260437, "RESTRAINED_JOINT": 0, "CATHODICALLY_PROTECTED": 0, "REMARKS": null, "ASSET_DESCRIPTION": "500 W 27TH AV", "SPLIT_ON_CITYSIDE": null, "COMPKEY": 883527, "COMPTYPE": 41, "COATING_DATE": null, "LINING_DATE": null, "UPDATED_BY": "enyamw", "WATERMAIN_KEY": 87850, "BUN": null, "PIPE_LENGTH_M": 47.762, "PARALLEL_LINE_NUMBER": null, "PRESSURE_ZONE": 172, "PIPE_USE": "Water Main", "SERVICE_STATUS": "Out of Service-Abandoned", "SUBSYSTEM": "Distribution", "OWNER": "COVAV", "OPERATOR": "COVAV", "DIAMETER": "150 mm", "PIPE_CLASS": null, "MATERIAL": "Cast Iron", "LINING_MATERIAL": "blank", "COATING_MATERIAL": "blank", "FACET": "O16", "CONNECTION_TYPE": null, "DOMESTIC_DIAMETER": null, "DOMESTIC_MATERIAL": null, "FIRE_LIN_DIAMETER": null, "INSTALLED_BY": "City of Vancouver", "FIRE_LIN_MATERIAL": null, "MAP_TOOLTIP": "150 CI n/a 1930", "UPDATED_DATE_iso": "2025-09-12", "COV_DATE_UPDATE_iso": "2025-09-12", "INSTALLATION_DATE_iso": "1930-01-01"}, "geometry": {"type": "LineString", "coordinates": [[-123.11592414044087, 49.247095521918716], [-123.11658026087154, 49.24710393790116]]}}, {"type": "Feature", "properties": {"SHAPE_Length": 36.28633880664237, "OBJECTID": 21318646, "COV_SOURCE_KEY": "4263744", "UPDATED_DATE": 1757711076000, "COV_DATE_UPDATE": 1757711076000, "TBFID": 4542899, "ORACLE_ID": "__FYBRVK", "UNIT_ID_1": "74976", "UNIT_ID_2": "4542898", "MAIN_COMP1": 46, "MAIN_KEY_1": 96029, "MAIN_COMP2": 43, "MAIN_KEY_2": 913131, "ADDRESS_KEY": 148298, "INSTALLATION_DATE": -1262275200000, "DEPTH_OF_COVER_M": 0.9100000262260437, "RESTRAINED_JOINT": 0, "CATHODICALLY_PROTECTED": 0, "REMARKS": null, "ASSET_DESCRIPTION": "500 W 26TH AV", "SPLIT_ON_CITYSIDE": null, "COMPKEY": 856809, "COMPTYPE": 41, "COATING_DATE": null, "LINING_DATE": null, "UPDATED_BY": "enyamw", "WATERMAIN_KEY": 84026, "BUN": null, "PIPE_LENGTH_M": 36.287, "PARALLEL_LINE_NUMBER": null, "PRESSURE_ZONE": 172, "PIPE_USE": "Water Main", "SERVICE_STATUS": "Out of Service-Abandoned", "SUBSYSTEM": "Distribution", "OWNER": "COVAV", "OPERATOR": "COVAV", "DIAMETER": "150 mm", "PIPE_CLASS": null, "MATERIAL": "Cast Iron", "LINING_MATERIAL": "blank", "COATING_MATERIAL": "blank", "FACET": "O16", "CONNECTION_TYPE": null, "DOMESTIC_DIAMETER": null, "DOMESTIC_MATERIAL": null, "FIRE_LIN_DIAMETER": null, "INSTALLED_BY": "City of Vancouver", "FIRE_LIN_MATERIAL": null, "MAP_TOOLTIP": "150 CI n/a 1930", "UPDATED_DATE_iso": "2025-09-12", "COV_DATE_UPDATE_iso": "2025-09-12", "INSTALLATION_DATE_iso": "1930-01-01"}, "geometry": {"type": "LineString", "coordinates": [[-123.11588373406028, 49.24800097752684], [-123.11638214226694, 49.24800965166692]]}}, {"type": "Feature", "properties": {"SHAPE_Length": 6.962759223157334, "OBJECTID": 21318647, "COV_SOURCE_KEY": "4542970", "UPDATED_DATE": 1757711070000, "COV_DATE_UPDATE": 1757711070000, "TBFID": 4542971, "ORACLE_ID": "__GETGPO", "UNIT_ID_1": "4542914", "UNIT_ID_2": "4264713", "MAIN_COMP1": 43, "MAIN_KEY_1": 913129, "MAIN_COMP2": 43, "MAIN_KEY_2": 856808, "ADDRESS_KEY": 148298, "INSTALLATION_DATE": -1262275200000, "DEPTH_OF_COVER_M": 0.9100000262260437, "RESTRAINED_JOINT": 0, "CATHODICALLY_PROTECTED": 0, "REMARKS": null, "ASSET_DESCRIPTION": "500 W 26TH AV", "SPLIT_ON_CITYSIDE": null, "COMPKEY": 913134, "COMPTYPE": 41, "COATING_DATE": null, "LINING_DATE": null, "UPDATED_BY": "enyamw", "WATERMAIN_KEY": 90453, "BUN": null, "PIPE_LENGTH_M": 6.962, "PARALLEL_LINE_NUMBER": null, "PRESSURE_ZONE": 172, "PIPE_USE": "Water Main", "SERVICE_STATUS": "Out of Service-Abandoned", "SUBSYSTEM": "Distribution", "OWNER": "COVAV", "OPERATOR": "COVAV", "DIAMETER": "150 mm", "PIPE_CLASS": null, "MATERIAL": "Cast Iron", "LINING_MATERIAL": "blank", "COATING_MATERIAL": "blank", "FACET": "O16", "CONNECTION_TYPE": null, "DOMESTIC_DIAMETER": null, "DOMESTIC_MATERIAL": null, "FIRE_LIN_DIAMETER": null, "INSTALLED_BY": "City of Vancouver", "FIRE_LIN_MATERIAL": null, "MAP_TOOLTIP": "150 CI n/a 1930", "UPDATED_DATE_iso": "2025-09-12", "COV_DATE_UPDATE_iso": "2025-09-12", "INSTALLATION_DATE_iso": "1930-01-01"}, "geometry": {"type": "LineString", "coordinates": [[-123.11641334775189, 49.24801019592271], [-123.11650898411368, 49.24801186258347]]}}, {"type": "Feature", "properties": {"SHAPE_Length": 17.5822824740511, "OBJECTID": 21319644, "COV_SOURCE_KEY": "410807", "UPDATED_DATE": 1533923263000, "COV_DATE_UPDATE": 1533923263000, "TBFID": 4543696, "ORACLE_ID": "__FNFMF6", "UNIT_ID_1": "865682", "UNIT_ID_2": "4543677", "MAIN_COMP1": 43, "MAIN_KEY_1": 114655, "MAIN_COMP2": 43, "MAIN_KEY_2": 915808, "ADDRESS_KEY": 157256, "INSTALLATION_DATE": 1173427200000, "DEPTH_OF_COVER_M": 1.2000000476837158, "RESTRAINED_JOINT": 0, "CATHODICALLY_PROTECTED": 0, "REMARKS": null, "ASSET_DESCRIPTION": "4900 CAMBIE ST", "SPLIT_ON_CITYSIDE": null, "COMPKEY": 289046, "COMPTYPE": 41, "COATING_DATE": null, "LINING_DATE": null, "UPDATED_BY": "enyamw", "WATERMAIN_KEY": 63968, "BUN": null, "PIPE_LENGTH_M": 17.583, "PARALLEL_LINE_NUMBER": null, "PRESSURE_ZONE": 173, "PIPE_USE": "Water Main", "SERVICE_STATUS": "Out of Service-Abandoned", "SUBSYSTEM": "Distribution", "OWNER": "COVAV", "OPERATOR": "COVAV", "DIAMETER": "150 mm", "PIPE_CLASS": null, "MATERIAL": "Ductile Iron Concrete Lined", "LINING_MATERIAL": "blank", "COATING_MATERIAL": "blank", "FACET": "O17", "CONNECTION_TYPE": null, "DOMESTIC_DIAMETER": null, "DOMESTIC_MATERIAL": null, "FIRE_LIN_DIAMETER": null, "INSTALLED_BY": "City of Vancouver", "FIRE_LIN_MATERIAL": null, "MAP_TOOLTIP": "150 DICL n/a 2007", "UPDATED_DATE_iso": "2018-08-10", "COV_DATE_UPDATE_iso": "2018-08-10", "INSTALLATION_DATE_iso": "2007-03-09"}, "geometry": {"type": "LineString", "coordinates": [[-123.11843656391682, 49.241029976678966], [-123.11819535328802, 49.24102157928105]]}}, {"type": "Feature", "properties": {"SHAPE_Length": 25.61318972684123, "OBJECTID": 21319645, "COV_SOURCE_KEY": "369634", "UPDATED_DATE": 1533923270000, "COV_DATE_UPDATE": 1533923270000, "TBFID": 4543690, "ORACLE_ID": "__FJ9IUG", "UNIT_ID_1": "233573", "UNIT_ID_2": "4543681", "MAIN_COMP1": 43, "MAIN_KEY_1": 160552, "MAIN_COMP2": 43, "MAIN_KEY_2": 915802, "ADDRESS_KEY": 157256, "INSTALLATION_DATE": -599587200000, "DEPTH_OF_COVER_M": 0.9100000262260437, "RESTRAINED_JOINT": 0, "CATHODICALLY_PROTECTED": 0, "REMARKS": null, "ASSET_DESCRIPTION": "400 500  W 33RD AV", "SPLIT_ON_CITYSIDE": null, "COMPKEY": 235003, "COMPTYPE": 41, "COATING_DATE": null, "LINING_DATE": null, "UPDATED_BY": "enyamw", "WATERMAIN_KEY": 22606, "BUN": null, "PIPE_LENGTH_M": 25.614, "PARALLEL_LINE_NUMBER": null, "PRESSURE_ZONE": 173, "PIPE_USE": "Water Main", "SERVICE_STATUS": "Out of Service-Abandoned", "SUBSYSTEM": "Distribution", "OWNER": "COVAV", "OPERATOR": "COVAV", "DIAMETER": "150 mm", "PIPE_CLASS": null, "MATERIAL": "Cast Iron", "LINING_MATERIAL": "blank", "COATING_MATERIAL": "blank", "FACET": "O17", "CONNECTION_TYPE": null, "DOMESTIC_DIAMETER": null, "DOMESTIC_MATERIAL": null, "FIRE_LIN_DIAMETER": null, "INSTALLED_BY": "City of Vancouver", "FIRE_LIN_MATERIAL": null, "MAP_TOOLTIP": "150 CI n/a 1951", "UPDATED_DATE_iso": "2018-08-10", "COV_DATE_UPDATE_iso": "2018-08-10", "INSTALLATION_DATE_iso": "1951-01-01"}, "geometry": {"type": "LineString", "coordinates": [[-123.11792881982771, 49.241011866940106], [-123.11757747254516, 49.24099916396037]]}}, {"type": "Feature", "properties": {"SHAPE_Length": 26.21891534733385, "OBJECTID": 21320180, "COV_SOURCE_KEY": "4316202", "UPDATED_DATE": 1757711074000, "COV_DATE_UPDATE": 1757711074000, "TBFID": 4316203, "ORACLE_ID": "__G7D4D3", "UNIT_ID_1": "73006", "UNIT_ID_2": "4316195", "MAIN_COMP1": 46, "MAIN_KEY_1": 96076, "MAIN_COMP2": 43, "MAIN_KEY_2": 885841, "ADDRESS_KEY": 154978, "INSTALLATION_DATE": -1262275200000, "DEPTH_OF_COVER_M": 0.9100000262260437, "RESTRAINED_JOINT": 0, "CATHODICALLY_PROTECTED": 0, "REMARKS": null, "ASSET_DESCRIPTION": "500 W 29TH AV", "SPLIT_ON_CITYSIDE": null, "COMPKEY": 885842, "COMPTYPE": 41, "COATING_DATE": null, "LINING_DATE": null, "UPDATED_BY": "enyamw", "WATERMAIN_KEY": 88584, "BUN": null, "PIPE_LENGTH_M": 26.21891535, "PARALLEL_LINE_NUMBER": null, "PRESSURE_ZONE": 172, "PIPE_USE": "Water Main", "SERVICE_STATUS": "Out of Service-Abandoned", "SUBSYSTEM": "Distribution", "OWNER": "COVAV", "OPERATOR": "COVAV", "DIAMETER": "200 mm", "PIPE_CLASS": null, "MATERIAL": "Cast Iron", "LINING_MATERIAL": "blank", "COATING_MATERIAL": "blank", "FACET": "O16", "CONNECTION_TYPE": null, "DOMESTIC_DIAMETER": null, "DOMESTIC_MATERIAL": null, "FIRE_LIN_DIAMETER": null, "INSTALLED_BY": "City of Vancouver", "FIRE_LIN_MATERIAL": null, "MAP_TOOLTIP": "200 CI n/a 1930", "UPDATED_DATE_iso": "2025-09-12", "COV_DATE_UPDATE_iso": "2025-09-12", "INSTALLATION_DATE_iso": "1930-01-01"}, "geometry": {"type": "LineString", "coordinates": [[-123.11845523916051, 49.24532848536257], [-123.11809512472962, 49.2453223684645]]}}, {"type": "Feature", "properties": {"SHAPE_Length": 1.2168459227083535, "OBJECTID": 21321293, "COV_SOURCE_KEY": "4550141", "UPDATED_DATE": 1533923247000, "COV_DATE_UPDATE": 1533923247000, "TBFID": 4550142, "ORACLE_ID": "__GFN3X9", "UNIT_ID_1": "4543679", "UNIT_ID_2": "865683", "MAIN_COMP1": 43, "MAIN_KEY_1": 915803, "MAIN_COMP2": 43, "MAIN_KEY_2": 114657, "ADDRESS_KEY": 157256, "INSTALLATION_DATE": 1173427200000, "DEPTH_OF_COVER_M": 1.2000000476837158, "RESTRAINED_JOINT": 0, "CATHODICALLY_PROTECTED": 0, "REMARKS": null, "ASSET_DESCRIPTION": "4900 CAMBIE ST", "SPLIT_ON_CITYSIDE": null, "COMPKEY": 915838, "COMPTYPE": 41, "COATING_DATE": null, "LINING_DATE": null, "UPDATED_BY": "enyamw", "WATERMAIN_KEY": 90975, "BUN": null, "PIPE_LENGTH_M": 1.21684592, "PARALLEL_LINE_NUMBER": null, "PRESSURE_ZONE": 173, "PIPE_USE": "Water Main", "SERVICE_STATUS": "Out of Service-Abandoned", "SUBSYSTEM": "Distribution", "OWNER": "COVAV", "OPERATOR": "COVAV", "DIAMETER": "150 mm", "PIPE_CLASS": null, "MATERIAL": "Ductile Iron Concrete Lined", "LINING_MATERIAL": "blank", "COATING_MATERIAL": "blank", "FACET": "O17", "CONNECTION_TYPE": null, "DOMESTIC_DIAMETER": null, "DOMESTIC_MATERIAL": null, "FIRE_LIN_DIAMETER": null, "INSTALLED_BY": "City of Vancouver", "FIRE_LIN_MATERIAL": null, "MAP_TOOLTIP": "150 DICL n/a 2007", "UPDATED_DATE_iso": "2018-08-10", "COV_DATE_UPDATE_iso": "2018-08-10", "INSTALLATION_DATE_iso": "2007-03-09"}, "geometry": {"type": "LineString", "coordinates": [[-123.11815127669934, 49.2410199242658], [-123.11813458320263, 49.24101933865581]]}}, {"type": "Feature", "properties": {"SHAPE_Length": 32.43957219171794, "OBJECTID": 21321798, "COV_SOURCE_KEY": "4554184", "UPDATED_DATE": 1625850407000, "COV_DATE_UPDATE": 1625850407000, "TBFID": 4554185, "ORACLE_ID": "__GGHKQN", "UNIT_ID_1": "77669", "UNIT_ID_2": "4554177", "MAIN_COMP1": 46, "MAIN_KEY_1": 114217, "MAIN_COMP2": 43, "MAIN_KEY_2": 917654, "ADDRESS_KEY": 153622, "INSTALLATION_DATE": -788889600000, "DEPTH_OF_COVER_M": 0.9100000262260437, "RESTRAINED_JOINT": 0, "CATHODICALLY_PROTECTED": 0, "REMARKS": null, "ASSET_DESCRIPTION": "500 W 24TH AV", "SPLIT_ON_CITYSIDE": null, "COMPKEY": 917655, "COMPTYPE": 41, "COATING_DATE": null, "LINING_DATE": null, "UPDATED_BY": "enyamw", "WATERMAIN_KEY": 91246, "BUN": null, "PIPE_LENGTH_M": 32.43957219, "PARALLEL_LINE_NUMBER": null, "PRESSURE_ZONE": 172, "PIPE_USE": "Water Main", "SERVICE_STATUS": "Out of Service-Abandoned", "SUBSYSTEM": "Distribution", "OWNER": "COVAV", "OPERATOR": "COVAV", "DIAMETER": "150 mm", "PIPE_CLASS": null, "MATERIAL": "Cast Iron", "LINING_MATERIAL": "blank", "COATING_MATERIAL": "blank", "FACET": "O15", "CONNECTION_TYPE": null, "DOMESTIC_DIAMETER": null, "DOMESTIC_MATERIAL": null, "FIRE_LIN_DIAMETER": null, "INSTALLED_BY": "City of Vancouver", "FIRE_LIN_MATERIAL": null, "MAP_TOOLTIP": "150 CI n/a 1945", "UPDATED_DATE_iso": "2021-07-09", "COV_DATE_UPDATE_iso": "2021-07-09", "INSTALLATION_DATE_iso": "1945-01-01"}, "geometry": {"type": "LineString", "coordinates": [[-123.11827364704175, 49.250012407685475], [-123.11782801552725, 49.25000577478369]]}}, {"type": "Feature", "properties": {"SHAPE_Length": 2.0769366863042173, "OBJECTID": 21324494, "COV_SOURCE_KEY": "4606870", "UPDATED_DATE": 1633376454000, "COV_DATE_UPDATE": 1633376454000, "TBFID": 4606869, "ORACLE_ID": "__GPOSP4", "UNIT_ID_1": "4606742", "UNIT_ID_2": "4606740", "MAIN_COMP1": 43, "MAIN_KEY_1": 938291, "MAIN_COMP2": 43, "MAIN_KEY_2": 938290, "ADDRESS_KEY": 150857, "INSTALLATION_DATE": 1583910000000, "DEPTH_OF_COVER_M": 0.8100000023841858, "RESTRAINED_JOINT": 1, "CATHODICALLY_PROTECTED": 0, "REMARKS": "TR-Flex", "ASSET_DESCRIPTION": "4200 ASH ST", "SPLIT_ON_CITYSIDE": null, "COMPKEY": 938316, "COMPTYPE": 41, "COATING_DATE": 1583910000000, "LINING_DATE": null, "UPDATED_BY": "enyamw", "WATERMAIN_KEY": 94706, "BUN": null, "PIPE_LENGTH_M": 2.07693669, "PARALLEL_LINE_NUMBER": null, "PRESSURE_ZONE": 172, "PIPE_USE": "Water Main", "SERVICE_STATUS": "Out of Service-Abandoned", "SUBSYSTEM": "Distribution", "OWNER": "COVAV", "OPERATOR": "COVAV", "DIAMETER": "150 mm", "PIPE_CLASS": null, "MATERIAL": "Ductile Iron Concrete Lined", "LINING_MATERIAL": null, "COATING_MATERIAL": "Poly Bagged", "FACET": "O16", "CONNECTION_TYPE": null, "DOMESTIC_DIAMETER": null, "DOMESTIC_MATERIAL": null, "FIRE_LIN_DIAMETER": null, "INSTALLED_BY": "City of Vancouver", "FIRE_LIN_MATERIAL": null, "MAP_TOOLTIP": "150 DICL  2020 RJ", "UPDATED_DATE_iso": "2021-10-04", "COV_DATE_UPDATE_iso": "2021-10-04", "INSTALLATION_DATE_iso": "2020-03-11", "COATING_DATE_iso": "2020-03-11"}, "geometry": {"type": "LineString", "coordinates": [[-123.11847007243543, 49.247198426399464], [-123.11845520260763, 49.24721437220334]]}}, {"type": "Feature", "properties": {"SHAPE_Length": 0.3921033026986447, "OBJECTID": 21324555, "COV_SOURCE_KEY": "4608134", "UPDATED_DATE": 1638992299000, "COV_DATE_UPDATE": 1638992299000, "TBFID": 4608135, "ORACLE_ID": "__GPWL0M", "UNIT_ID_1": "4165301", "UNIT_ID_2": "4608125", "MAIN_COMP1": 43, "MAIN_KEY_1": 787933, "MAIN_COMP2": 43, "MAIN_KEY_2": 938493, "ADDRESS_KEY": 151922, "INSTALLATION_DATE": -504892800000, "DEPTH_OF_COVER_M": 0.9100000262260437, "RESTRAINED_JOINT": 0, "CATHODICALLY_PROTECTED": 0, "REMARKS": null, "ASSET_DESCRIPTION": "200 300  W 18TH AV", "SPLIT_ON_CITYSIDE": null, "COMPKEY": 938536, "COMPTYPE": 41, "COATING_DATE": null, "LINING_DATE": null, "UPDATED_BY": "ENHANMGETASK", "WATERMAIN_KEY": 94759, "BUN": null, "PIPE_LENGTH_M": 0.3921033, "PARALLEL_LINE_NUMBER": null, "PRESSURE_ZONE": 172, "PIPE_USE": "Water Main", "SERVICE_STATUS": "Out of Service-Abandoned", "SUBSYSTEM": "Distribution", "OWNER": "COVAV", "OPERATOR": "COVAV", "DIAMETER": "150 mm", "PIPE_CLASS": null, "MATERIAL": "Cast Iron", "LINING_MATERIAL": "blank", "COATING_MATERIAL": "blank", "FACET": "O14", "CONNECTION_TYPE": null, "DOMESTIC_DIAMETER": null, "DOMESTIC_MATERIAL": null, "FIRE_LIN_DIAMETER": null, "INSTALLED_BY": "City of Vancouver", "FIRE_LIN_MATERIAL": null, "MAP_TOOLTIP": "150 CI n/a 1954", "UPDATED_DATE_iso": "2021-12-08", "COV_DATE_UPDATE_iso": "2021-12-08", "INSTALLATION_DATE_iso": "1954-01-01"}, "geometry": {"type": "LineString", "coordinates": [[-123.11254398177306, 49.254857642671325], [-123.11253859466112, 49.25485756696176]]}}, {"type": "Feature", "properties": {"SHAPE_Length": 5.547386051191232, "OBJECTID": 21324556, "COV_SOURCE_KEY": "400314", "UPDATED_DATE": 1591390056000, "COV_DATE_UPDATE": 1591390056000, "TBFID": 4608118, "ORACLE_ID": "__FJAD7K", "UNIT_ID_1": "4608114", "UNIT_ID_2": "59514", "MAIN_COMP1": 43, "MAIN_KEY_1": 938492, "MAIN_COMP2": 46, "MAIN_KEY_2": 102619, "ADDRESS_KEY": 151922, "INSTALLATION_DATE": -504892800000, "DEPTH_OF_COVER_M": 0.9100000262260437, "RESTRAINED_JOINT": 0, "CATHODICALLY_PROTECTED": 0, "REMARKS": null, "ASSET_DESCRIPTION": "200 300  W 18TH AV", "SPLIT_ON_CITYSIDE": null, "COMPKEY": 275966, "COMPTYPE": 41, "COATING_DATE": null, "LINING_DATE": null, "UPDATED_BY": "enyamw", "WATERMAIN_KEY": 53411, "BUN": null, "PIPE_LENGTH_M": 5.548, "PARALLEL_LINE_NUMBER": null, "PRESSURE_ZONE": 172, "PIPE_USE": "Water Main", "SERVICE_STATUS": "Out of Service-Abandoned", "SUBSYSTEM": "Distribution", "OWNER": "COVAV", "OPERATOR": "COVAV", "DIAMETER": "150 mm", "PIPE_CLASS": null, "MATERIAL": "Cast Iron", "LINING_MATERIAL": "blank", "COATING_MATERIAL": "blank", "FACET": "O14", "CONNECTION_TYPE": null, "DOMESTIC_DIAMETER": null, "DOMESTIC_MATERIAL": null, "FIRE_LIN_DIAMETER": null, "INSTALLED_BY": "City of Vancouver", "FIRE_LIN_MATERIAL": null, "MAP_TOOLTIP": "150 CI n/a 1954", "UPDATED_DATE_iso": "2020-06-05", "COV_DATE_UPDATE_iso": "2020-06-05", "INSTALLATION_DATE_iso": "1954-01-01"}, "geometry": {"type": "LineString", "coordinates": [[-123.11253301513848, 49.25485748244411], [-123.1124567985689, 49.254856441246304]]}}, {"type": "Feature", "properties": {"SHAPE_Length": 0.7522931612617242, "OBJECTID": 21324559, "COV_SOURCE_KEY": "4608139", "UPDATED_DATE": 1638992300000, "COV_DATE_UPDATE": 1638992300000, "TBFID": 4608140, "ORACLE_ID": "__GPWL0O", "UNIT_ID_1": "4165301", "UNIT_ID_2": "4608107", "MAIN_COMP1": 43, "MAIN_KEY_1": 787933, "MAIN_COMP2": 43, "MAIN_KEY_2": 938494, "ADDRESS_KEY": 152485, "INSTALLATION_DATE": -1230739200000, "DEPTH_OF_COVER_M": 0.9100000262260437, "RESTRAINED_JOINT": 0, "CATHODICALLY_PROTECTED": 0, "REMARKS": null, "ASSET_DESCRIPTION": "200 300  W 18TH AV", "SPLIT_ON_CITYSIDE": null, "COMPKEY": 938535, "COMPTYPE": 41, "COATING_DATE": null, "LINING_DATE": null, "UPDATED_BY": "ENHANMGETASK", "WATERMAIN_KEY": 94758, "BUN": null, "PIPE_LENGTH_M": 0.75229316, "PARALLEL_LINE_NUMBER": null, "PRESSURE_ZONE": 172, "PIPE_USE": "Water Main", "SERVICE_STATUS": "Out of Service-Abandoned", "SUBSYSTEM": "Distribution", "OWNER": "COVAV", "OPERATOR": "COVAV", "DIAMETER": "150 mm", "PIPE_CLASS": null, "MATERIAL": "Cast Iron", "LINING_MATERIAL": "blank", "COATING_MATERIAL": "blank", "FACET": "O15", "CONNECTION_TYPE": null, "DOMESTIC_DIAMETER": null, "DOMESTIC_MATERIAL": null, "FIRE_LIN_DIAMETER": null, "INSTALLED_BY": "City of Vancouver", "FIRE_LIN_MATERIAL": null, "MAP_TOOLTIP": "150 CI n/a 1931", "UPDATED_DATE_iso": "2021-12-08", "COV_DATE_UPDATE_iso": "2021-12-08", "INSTALLATION_DATE_iso": "1931-01-01"}, "geometry": {"type": "LineString", "coordinates": [[-123.11254398177306, 49.254857642671325], [-123.11254425497984, 49.25485087799947]]}}, {"type": "Feature", "properties": {"SHAPE_Length": 3.0413025161118643, "OBJECTID": 21324560, "COV_SOURCE_KEY": "4165307", "UPDATED_DATE": 1591390053000, "COV_DATE_UPDATE": 1591390053000, "TBFID": 4607717, "ORACLE_ID": "__FPHOKP", "UNIT_ID_1": "4607715", "UNIT_ID_2": "4165284", "MAIN_COMP1": 43, "MAIN_KEY_1": 938477, "MAIN_COMP2": 43, "MAIN_KEY_2": 787931, "ADDRESS_KEY": 152485, "INSTALLATION_DATE": -1230739200000, "DEPTH_OF_COVER_M": 0.9100000262260437, "RESTRAINED_JOINT": 0, "CATHODICALLY_PROTECTED": 0, "REMARKS": null, "ASSET_DESCRIPTION": "200 300  W 18TH AV", "SPLIT_ON_CITYSIDE": null, "COMPKEY": 787937, "COMPTYPE": 41, "COATING_DATE": null, "LINING_DATE": null, "UPDATED_BY": "enyamw", "WATERMAIN_KEY": 72895, "BUN": null, "PIPE_LENGTH_M": 3.042, "PARALLEL_LINE_NUMBER": null, "PRESSURE_ZONE": 172, "PIPE_USE": "Water Main", "SERVICE_STATUS": "Out of Service-Abandoned", "SUBSYSTEM": "Distribution", "OWNER": "COVAV", "OPERATOR": "COVAV", "DIAMETER": "150 mm", "PIPE_CLASS": null, "MATERIAL": "Cast Iron", "LINING_MATERIAL": "blank", "COATING_MATERIAL": "blank", "FACET": "O15", "CONNECTION_TYPE": null, "DOMESTIC_DIAMETER": null, "DOMESTIC_MATERIAL": null, "FIRE_LIN_DIAMETER": null, "INSTALLED_BY": "City of Vancouver", "FIRE_LIN_MATERIAL": null, "MAP_TOOLTIP": "150 CI n/a 1931", "UPDATED_DATE_iso": "2020-06-05", "COV_DATE_UPDATE_iso": "2020-06-05", "INSTALLATION_DATE_iso": "1931-01-01"}, "geometry": {"type": "LineString", "coordinates": [[-123.11254441129661, 49.25484709985466], [-123.1125455721792, 49.25481975325384]]}}, {"type": "Feature", "properties": {"SHAPE_Length": 15.186757685257328, "OBJECTID": 21324563, "COV_SOURCE_KEY": "400239", "UPDATED_DATE": 1591390059000, "COV_DATE_UPDATE": 1591390059000, "TBFID": 4607739, "ORACLE_ID": "__FJAD74", "UNIT_ID_1": "4607737", "UNIT_ID_2": "150093", "MAIN_COMP1": 43, "MAIN_KEY_1": 938500, "MAIN_COMP2": 43, "MAIN_KEY_2": 47726, "ADDRESS_KEY": 149790, "INSTALLATION_DATE": -1293811200000, "DEPTH_OF_COVER_M": 0.9100000262260437, "RESTRAINED_JOINT": 0, "CATHODICALLY_PROTECTED": 0, "REMARKS": null, "ASSET_DESCRIPTION": "3400 YUKON ST", "SPLIT_ON_CITYSIDE": null, "COMPKEY": 275950, "COMPTYPE": 41, "COATING_DATE": null, "LINING_DATE": null, "UPDATED_BY": "enyamw", "WATERMAIN_KEY": 53399, "BUN": null, "PIPE_LENGTH_M": 15.18675769, "PARALLEL_LINE_NUMBER": null, "PRESSURE_ZONE": 172, "PIPE_USE": "Water Main", "SERVICE_STATUS": "Out of Service-Abandoned", "SUBSYSTEM": "Distribution", "OWNER": "COVAV", "OPERATOR": "COVAV", "DIAMETER": "150 mm", "PIPE_CLASS": null, "MATERIAL": "Cast Iron", "LINING_MATERIAL": "blank", "COATING_MATERIAL": "blank", "FACET": "O15", "CONNECTION_TYPE": null, "DOMESTIC_DIAMETER": null, "DOMESTIC_MATERIAL": null, "FIRE_LIN_DIAMETER": null, "INSTALLED_BY": "City of Vancouver", "FIRE_LIN_MATERIAL": null, "MAP_TOOLTIP": "150 CI n/a 1929", "UPDATED_DATE_iso": "2020-06-05", "COV_DATE_UPDATE_iso": "2020-06-05", "INSTALLATION_DATE_iso": "1929-01-01"}, "geometry": {"type": "LineString", "coordinates": [[-123.11258507371174, 49.25396458407547], [-123.11259098824463, 49.253828030843984]]}}, {"type": "Feature", "properties": {"SHAPE_Length": 0.23303433222127598, "OBJECTID": 21324673, "COV_SOURCE_KEY": "369184", "UPDATED_DATE": 1591908481000, "COV_DATE_UPDATE": 1591908481000, "TBFID": 4608309, "ORACLE_ID": "__FJ9H4H", "UNIT_ID_1": "64543", "UNIT_ID_2": "4608367", "MAIN_COMP1": 46, "MAIN_KEY_1": 56213, "MAIN_COMP2": 43, "MAIN_KEY_2": 938679, "ADDRESS_KEY": 153360, "INSTALLATION_DATE": -1293811200000, "DEPTH_OF_COVER_M": 0.9100000262260437, "RESTRAINED_JOINT": 0, "CATHODICALLY_PROTECTED": 0, "REMARKS": null, "ASSET_DESCRIPTION": "0 W 19TH AV", "SPLIT_ON_CITYSIDE": null, "COMPKEY": 232705, "COMPTYPE": 41, "COATING_DATE": null, "LINING_DATE": null, "UPDATED_BY": "enyamw", "WATERMAIN_KEY": 20833, "BUN": null, "PIPE_LENGTH_M": 14.161, "PARALLEL_LINE_NUMBER": null, "PRESSURE_ZONE": 172, "PIPE_USE": "Water Main", "SERVICE_STATUS": "Out of Service-Abandoned", "SUBSYSTEM": "Distribution", "OWNER": "COVAV", "OPERATOR": "COVAV", "DIAMETER": "150 mm", "PIPE_CLASS": null, "MATERIAL": "Cast Iron", "LINING_MATERIAL": "blank", "COATING_MATERIAL": "blank", "FACET": "P15", "CONNECTION_TYPE": null, "DOMESTIC_DIAMETER": null, "DOMESTIC_MATERIAL": null, "FIRE_LIN_DIAMETER": null, "INSTALLED_BY": "City of Vancouver", "FIRE_LIN_MATERIAL": null, "MAP_TOOLTIP": "150 CI n/a 1929", "UPDATED_DATE_iso": "2020-06-11", "COV_DATE_UPDATE_iso": "2020-06-11", "INSTALLATION_DATE_iso": "1929-01-01"}, "geometry": {"type": "LineString", "coordinates": [[-123.10491490063379, 49.25380416873209], [-123.10491169870092, 49.25380413565872]]}}, {"type": "Feature", "properties": {"SHAPE_Length": 75.45229258251679, "OBJECTID": 21324725, "COV_SOURCE_KEY": "385735", "UPDATED_DATE": 1625850479000, "COV_DATE_UPDATE": 1625850479000, "TBFID": 4594816, "ORACLE_ID": "__FJ9Y81", "UNIT_ID_1": "4594812", "UNIT_ID_2": "76130", "MAIN_COMP1": 43, "MAIN_KEY_1": 933569, "MAIN_COMP2": 46, "MAIN_KEY_2": 63207, "ADDRESS_KEY": 153622, "INSTALLATION_DATE": -788889600000, "DEPTH_OF_COVER_M": 0.9100000262260437, "RESTRAINED_JOINT": 0, "CATHODICALLY_PROTECTED": 0, "REMARKS": null, "ASSET_DESCRIPTION": "500 W 24TH AV", "SPLIT_ON_CITYSIDE": null, "COMPKEY": 255410, "COMPTYPE": 41, "COATING_DATE": null, "LINING_DATE": null, "UPDATED_BY": "enyamw", "WATERMAIN_KEY": 37888, "BUN": null, "PIPE_LENGTH_M": 75.45229258, "PARALLEL_LINE_NUMBER": null, "PRESSURE_ZONE": 172, "PIPE_USE": "Water Main", "SERVICE_STATUS": "Out of Service-Abandoned", "SUBSYSTEM": "Distribution", "OWNER": "COVAV", "OPERATOR": "COVAV", "DIAMETER": "150 mm", "PIPE_CLASS": null, "MATERIAL": "Cast Iron", "LINING_MATERIAL": "blank", "COATING_MATERIAL": "blank", "FACET": "O15", "CONNECTION_TYPE": null, "DOMESTIC_DIAMETER": null, "DOMESTIC_MATERIAL": null, "FIRE_LIN_DIAMETER": null, "INSTALLED_BY": "City of Vancouver", "FIRE_LIN_MATERIAL": null, "MAP_TOOLTIP": "150 CI n/a 1945", "UPDATED_DATE_iso": "2021-07-09", "COV_DATE_UPDATE_iso": "2021-07-09", "INSTALLATION_DATE_iso": "1945-01-01"}, "geometry": {"type": "LineString", "coordinates": [[-123.11739833780912, 49.24999937581933], [-123.11636182954923, 49.24998392715243]]}}, {"type": "Feature", "properties": {"SHAPE_Length": 31.278234621213773, "OBJECTID": 21324726, "COV_SOURCE_KEY": "4594821", "UPDATED_DATE": 1625850404000, "COV_DATE_UPDATE": 1625850404000, "TBFID": 4594822, "ORACLE_ID": "__GNIGP6", "UNIT_ID_1": "4554177", "UNIT_ID_2": "4594812", "MAIN_COMP1": 43, "MAIN_KEY_1": 917654, "MAIN_COMP2": 43, "MAIN_KEY_2": 933569, "ADDRESS_KEY": 153622, "INSTALLATION_DATE": -788889600000, "DEPTH_OF_COVER_M": 0.9100000262260437, "RESTRAINED_JOINT": 0, "CATHODICALLY_PROTECTED": 0, "REMARKS": null, "ASSET_DESCRIPTION": "500 W 24TH AV", "SPLIT_ON_CITYSIDE": null, "COMPKEY": 933570, "COMPTYPE": 41, "COATING_DATE": null, "LINING_DATE": null, "UPDATED_BY": "enyamw", "WATERMAIN_KEY": 93917, "BUN": null, "PIPE_LENGTH_M": 31.27823462, "PARALLEL_LINE_NUMBER": null, "PRESSURE_ZONE": 172, "PIPE_USE": "Water Main", "SERVICE_STATUS": "Out of Service-Abandoned", "SUBSYSTEM": "Distribution", "OWNER": "COVAV", "OPERATOR": "COVAV", "DIAMETER": "150 mm", "PIPE_CLASS": null, "MATERIAL": "Cast Iron", "LINING_MATERIAL": "blank", "COATING_MATERIAL": "blank", "FACET": "O15", "CONNECTION_TYPE": null, "DOMESTIC_DIAMETER": null, "DOMESTIC_MATERIAL": null, "FIRE_LIN_DIAMETER": null, "INSTALLED_BY": "City of Vancouver", "FIRE_LIN_MATERIAL": null, "MAP_TOOLTIP": "150 CI n/a 1945", "UPDATED_DATE_iso": "2021-07-09", "COV_DATE_UPDATE_iso": "2021-07-09", "INSTALLATION_DATE_iso": "1945-01-01"}, "geometry": {"type": "LineString", "coordinates": [[-123.11782801552725, 49.25000577478369], [-123.11739833780912, 49.24999937581933]]}}, {"type": "Feature", "properties": {"SHAPE_Length": 0.8144476649373494, "OBJECTID": 21324969, "COV_SOURCE_KEY": "4607964", "UPDATED_DATE": 1638992299000, "COV_DATE_UPDATE": 1638992299000, "TBFID": 4607965, "ORACLE_ID": "__GPVT31", "UNIT_ID_1": "4607908", "UNIT_ID_2": "4607941", "MAIN_COMP1": 43, "MAIN_KEY_1": 938505, "MAIN_COMP2": 43, "MAIN_KEY_2": 938487, "ADDRESS_KEY": 156045, "INSTALLATION_DATE": -473356800000, "DEPTH_OF_COVER_M": 0.9100000262260437, "RESTRAINED_JOINT": 0, "CATHODICALLY_PROTECTED": 0, "REMARKS": null, "ASSET_DESCRIPTION": "400 W 19TH AV", "SPLIT_ON_CITYSIDE": null, "COMPKEY": 938513, "COMPTYPE": 41, "COATING_DATE": null, "LINING_DATE": null, "UPDATED_BY": "ENHANMGETASK", "WATERMAIN_KEY": 94736, "BUN": null, "PIPE_LENGTH_M": 0.81444767, "PARALLEL_LINE_NUMBER": null, "PRESSURE_ZONE": 172, "PIPE_USE": "Water Main", "SERVICE_STATUS": "Out of Service-Abandoned", "SUBSYSTEM": "Distribution", "OWNER": "COVAV", "OPERATOR": "COVAV", "DIAMETER": "150 mm", "PIPE_CLASS": null, "MATERIAL": "Cast Iron", "LINING_MATERIAL": "blank", "COATING_MATERIAL": "blank", "FACET": "O15", "CONNECTION_TYPE": null, "DOMESTIC_DIAMETER": null, "DOMESTIC_MATERIAL": null, "FIRE_LIN_DIAMETER": null, "INSTALLED_BY": "City of Vancouver", "FIRE_LIN_MATERIAL": null, "MAP_TOOLTIP": "150 CI n/a 1955", "UPDATED_DATE_iso": "2021-12-08", "COV_DATE_UPDATE_iso": "2021-12-08", "INSTALLATION_DATE_iso": "1955-01-01"}, "geometry": {"type": "LineString", "coordinates": [[-123.11259809439788, 49.25397977331148], [-123.11258690792327, 49.253979541341884]]}}, {"type": "Feature", "properties": {"SHAPE_Length": 4.357844077354802, "OBJECTID": 21324971, "COV_SOURCE_KEY": "384060", "UPDATED_DATE": 1591390090000, "COV_DATE_UPDATE": 1591390090000, "TBFID": 4607901, "ORACLE_ID": "__FJ9Y4U", "UNIT_ID_1": "4607746", "UNIT_ID_2": "4607900", "MAIN_COMP1": 43, "MAIN_KEY_1": 938503, "MAIN_COMP2": 43, "MAIN_KEY_2": 938486, "ADDRESS_KEY": 156045, "INSTALLATION_DATE": -473356800000, "DEPTH_OF_COVER_M": 0.9100000262260437, "RESTRAINED_JOINT": 0, "CATHODICALLY_PROTECTED": 0, "REMARKS": null, "ASSET_DESCRIPTION": "400 W 19TH AV", "SPLIT_ON_CITYSIDE": null, "COMPKEY": 255310, "COMPTYPE": 41, "COATING_DATE": null, "LINING_DATE": null, "UPDATED_BY": "enyamw", "WATERMAIN_KEY": 37808, "BUN": null, "PIPE_LENGTH_M": 4.358, "PARALLEL_LINE_NUMBER": null, "PRESSURE_ZONE": 172, "PIPE_USE": "Water Main", "SERVICE_STATUS": "Out of Service-Abandoned", "SUBSYSTEM": "Distribution", "OWNER": "COVAV", "OPERATOR": "COVAV", "DIAMETER": "150 mm", "PIPE_CLASS": null, "MATERIAL": "Cast Iron", "LINING_MATERIAL": "blank", "COATING_MATERIAL": "blank", "FACET": "O15", "CONNECTION_TYPE": null, "DOMESTIC_DIAMETER": null, "DOMESTIC_MATERIAL": null, "FIRE_LIN_DIAMETER": null, "INSTALLED_BY": "City of Vancouver", "FIRE_LIN_MATERIAL": null, "MAP_TOOLTIP": "150 CI n/a 1955", "UPDATED_DATE_iso": "2020-06-05", "COV_DATE_UPDATE_iso": "2020-06-05", "INSTALLATION_DATE_iso": "1955-01-01"}, "geometry": {"type": "LineString", "coordinates": [[-123.11266647834373, 49.25398153267671], [-123.11260664228088, 49.25397994488514]]}}, {"type": "Feature", "properties": {"SHAPE_Length": 6.360875490660443, "OBJECTID": 21324973, "COV_SOURCE_KEY": "384061", "UPDATED_DATE": 1591390086000, "COV_DATE_UPDATE": 1591390086000, "TBFID": 4607928, "ORACLE_ID": "__FJ9Y4V", "UNIT_ID_1": "4607723", "UNIT_ID_2": "59525", "MAIN_COMP1": 43, "MAIN_KEY_1": 938476, "MAIN_COMP2": 46, "MAIN_KEY_2": 102599, "ADDRESS_KEY": 155590, "INSTALLATION_DATE": -473356800000, "DEPTH_OF_COVER_M": 0.9100000262260437, "RESTRAINED_JOINT": 0, "CATHODICALLY_PROTECTED": 0, "REMARKS": null, "ASSET_DESCRIPTION": "200 300 W 19TH AV", "SPLIT_ON_CITYSIDE": null, "COMPKEY": 255311, "COMPTYPE": 41, "COATING_DATE": null, "LINING_DATE": null, "UPDATED_BY": "enyamw", "WATERMAIN_KEY": 37809, "BUN": null, "PIPE_LENGTH_M": 6.361, "PARALLEL_LINE_NUMBER": null, "PRESSURE_ZONE": 172, "PIPE_USE": "Water Main", "SERVICE_STATUS": "Out of Service-Abandoned", "SUBSYSTEM": "Distribution", "OWNER": "COVAV", "OPERATOR": "COVAV", "DIAMETER": "150 mm", "PIPE_CLASS": null, "MATERIAL": "Cast Iron", "LINING_MATERIAL": "blank", "COATING_MATERIAL": "blank", "FACET": "O15", "CONNECTION_TYPE": null, "DOMESTIC_DIAMETER": null, "DOMESTIC_MATERIAL": null, "FIRE_LIN_DIAMETER": null, "INSTALLED_BY": "City of Vancouver", "FIRE_LIN_MATERIAL": null, "MAP_TOOLTIP": "150 CI n/a 1955", "UPDATED_DATE_iso": "2020-06-05", "COV_DATE_UPDATE_iso": "2020-06-05", "INSTALLATION_DATE_iso": "1955-01-01"}, "geometry": {"type": "LineString", "coordinates": [[-123.11258128721241, 49.253979429881056], [-123.11249393848438, 49.25397727515205]]}}, {"type": "Feature", "properties": {"SHAPE_Length": 2.2669609611596853, "OBJECTID": 21324975, "COV_SOURCE_KEY": "4607984", "UPDATED_DATE": 1638992299000, "COV_DATE_UPDATE": 1638992299000, "TBFID": 4607991, "ORACLE_ID": "__GPVT38", "UNIT_ID_1": "59514", "UNIT_ID_2": "4607990", "MAIN_COMP1": 46, "MAIN_KEY_1": 102619, "MAIN_COMP2": 43, "MAIN_KEY_2": 938488, "ADDRESS_KEY": 151922, "INSTALLATION_DATE": -504892800000, "DEPTH_OF_COVER_M": 0.9100000262260437, "RESTRAINED_JOINT": 0, "CATHODICALLY_PROTECTED": 0, "REMARKS": null, "ASSET_DESCRIPTION": "200 300  W 18TH AV", "SPLIT_ON_CITYSIDE": null, "COMPKEY": 938512, "COMPTYPE": 41, "COATING_DATE": null, "LINING_DATE": null, "UPDATED_BY": "ENHANMGETASK", "WATERMAIN_KEY": 94735, "BUN": null, "PIPE_LENGTH_M": 2.267, "PARALLEL_LINE_NUMBER": null, "PRESSURE_ZONE": 172, "PIPE_USE": "Water Main", "SERVICE_STATUS": "Out of Service-Abandoned", "SUBSYSTEM": "Distribution", "OWNER": "COVAV", "OPERATOR": "COVAV", "DIAMETER": "150 mm", "PIPE_CLASS": null, "MATERIAL": "Cast Iron", "LINING_MATERIAL": "blank", "COATING_MATERIAL": "blank", "FACET": "O14", "CONNECTION_TYPE": null, "DOMESTIC_DIAMETER": null, "DOMESTIC_MATERIAL": null, "FIRE_LIN_DIAMETER": null, "INSTALLED_BY": "City of Vancouver", "FIRE_LIN_MATERIAL": null, "MAP_TOOLTIP": "150 CI n/a 1954", "UPDATED_DATE_iso": "2021-12-08", "COV_DATE_UPDATE_iso": "2021-12-08", "INSTALLATION_DATE_iso": "1954-01-01"}, "geometry": {"type": "LineString", "coordinates": [[-123.1124567985689, 49.254856441246304], [-123.11242565747996, 49.25485587786832]]}}, {"type": "Feature", "properties": {"SHAPE_Length": 1.9778323997291571, "OBJECTID": 21324979, "COV_SOURCE_KEY": "4608041", "UPDATED_DATE": 1638992298000, "COV_DATE_UPDATE": 1638992298000, "TBFID": 4608042, "ORACLE_ID": "__GPWKVJ", "UNIT_ID_1": "861901", "UNIT_ID_2": "59515", "MAIN_COMP1": 43, "MAIN_KEY_1": 787934, "MAIN_COMP2": 46, "MAIN_KEY_2": 63258, "ADDRESS_KEY": 154493, "INSTALLATION_DATE": -126201600000, "DEPTH_OF_COVER_M": 0.9100000262260437, "RESTRAINED_JOINT": 0, "CATHODICALLY_PROTECTED": 0, "REMARKS": null, "ASSET_DESCRIPTION": "400 W 18TH AV", "SPLIT_ON_CITYSIDE": null, "COMPKEY": 938518, "COMPTYPE": 41, "COATING_DATE": null, "LINING_DATE": null, "UPDATED_BY": "ENHANMGETASK", "WATERMAIN_KEY": 94741, "BUN": null, "PIPE_LENGTH_M": 1.9778324, "PARALLEL_LINE_NUMBER": null, "PRESSURE_ZONE": 172, "PIPE_USE": "Water Main", "SERVICE_STATUS": "Out of Service-Abandoned", "SUBSYSTEM": "Distribution", "OWNER": "COVAV", "OPERATOR": "COVAV", "DIAMETER": "150 mm", "PIPE_CLASS": null, "MATERIAL": "Cast Iron", "LINING_MATERIAL": "Cement Lined", "COATING_MATERIAL": "blank", "FACET": "O14", "CONNECTION_TYPE": null, "DOMESTIC_DIAMETER": null, "DOMESTIC_MATERIAL": null, "FIRE_LIN_DIAMETER": null, "INSTALLED_BY": "City of Vancouver", "FIRE_LIN_MATERIAL": null, "MAP_TOOLTIP": "150 CI CL 1966", "UPDATED_DATE_iso": "2021-12-08", "COV_DATE_UPDATE_iso": "2021-12-08", "INSTALLATION_DATE_iso": "1966-01-01"}, "geometry": {"type": "LineString", "coordinates": [[-123.11275472975952, 49.25485663661675], [-123.1127280916949, 49.25486017074612]]}}, {"type": "Feature", "properties": {"SHAPE_Length": 1.4806842304880814, "OBJECTID": 21324981, "COV_SOURCE_KEY": "368275", "UPDATED_DATE": 1591390099000, "COV_DATE_UPDATE": 1591390099000, "TBFID": 4608081, "ORACLE_ID": "__FJ9H7I", "UNIT_ID_1": "863526", "UNIT_ID_2": "4608080", "MAIN_COMP1": 43, "MAIN_KEY_1": 787936, "MAIN_COMP2": 43, "MAIN_KEY_2": 938485, "ADDRESS_KEY": 156212, "INSTALLATION_DATE": 252489600000, "DEPTH_OF_COVER_M": 0.9100000262260437, "RESTRAINED_JOINT": 0, "CATHODICALLY_PROTECTED": 0, "REMARKS": null, "ASSET_DESCRIPTION": "3300 YUKON ST", "SPLIT_ON_CITYSIDE": null, "COMPKEY": 232831, "COMPTYPE": 41, "COATING_DATE": null, "LINING_DATE": null, "UPDATED_BY": "enyamw", "WATERMAIN_KEY": 20931, "BUN": null, "PIPE_LENGTH_M": 1.481, "PARALLEL_LINE_NUMBER": null, "PRESSURE_ZONE": 172, "PIPE_USE": "Water Main", "SERVICE_STATUS": "Out of Service-Abandoned", "SUBSYSTEM": "Distribution", "OWNER": "COVAV", "OPERATOR": "COVAV", "DIAMETER": "25 mm", "PIPE_CLASS": null, "MATERIAL": "Copper", "LINING_MATERIAL": "blank", "COATING_MATERIAL": "blank", "FACET": "O14", "CONNECTION_TYPE": null, "DOMESTIC_DIAMETER": null, "DOMESTIC_MATERIAL": null, "FIRE_LIN_DIAMETER": null, "INSTALLED_BY": "City of Vancouver", "FIRE_LIN_MATERIAL": null, "MAP_TOOLTIP": "25 COP n/a 1978", "UPDATED_DATE_iso": "2020-06-05", "COV_DATE_UPDATE_iso": "2020-06-05", "INSTALLATION_DATE_iso": "1978-01-01"}, "geometry": {"type": "LineString", "coordinates": [[-123.11254087651508, 49.254930390042674], [-123.11254047163193, 49.254939682499554], [-123.11253432858862, 49.25493956255002]]}}, {"type": "Feature", "properties": {"SHAPE_Length": 1.1825180760059795, "OBJECTID": 21324983, "COV_SOURCE_KEY": "4608086", "UPDATED_DATE": 1638992300000, "COV_DATE_UPDATE": 1638992300000, "TBFID": 4608087, "ORACLE_ID": "__GPWKYJ", "UNIT_ID_1": "59513", "UNIT_ID_2": "863526", "MAIN_COMP1": 46, "MAIN_KEY_1": 63256, "MAIN_COMP2": 43, "MAIN_KEY_2": 787936, "ADDRESS_KEY": 156212, "INSTALLATION_DATE": 252489600000, "DEPTH_OF_COVER_M": 0.9100000262260437, "RESTRAINED_JOINT": 0, "CATHODICALLY_PROTECTED": 0, "REMARKS": null, "ASSET_DESCRIPTION": "3300 YUKON ST", "SPLIT_ON_CITYSIDE": null, "COMPKEY": 938530, "COMPTYPE": 41, "COATING_DATE": null, "LINING_DATE": null, "UPDATED_BY": "ENHANMGETASK", "WATERMAIN_KEY": 94753, "BUN": null, "PIPE_LENGTH_M": 1.18251808, "PARALLEL_LINE_NUMBER": null, "PRESSURE_ZONE": 172, "PIPE_USE": "Water Main", "SERVICE_STATUS": "Out of Service-Abandoned", "SUBSYSTEM": "Distribution", "OWNER": "COVAV", "OPERATOR": "COVAV", "DIAMETER": "25 mm", "PIPE_CLASS": null, "MATERIAL": "Copper", "LINING_MATERIAL": "blank", "COATING_MATERIAL": "blank", "FACET": "O14", "CONNECTION_TYPE": null, "DOMESTIC_DIAMETER": null, "DOMESTIC_MATERIAL": null, "FIRE_LIN_DIAMETER": null, "INSTALLED_BY": "City of Vancouver", "FIRE_LIN_MATERIAL": null, "MAP_TOOLTIP": "25 COP n/a 1978", "UPDATED_DATE_iso": "2021-12-08", "COV_DATE_UPDATE_iso": "2021-12-08", "INSTALLATION_DATE_iso": "1978-01-01"}, "geometry": {"type": "LineString", "coordinates": [[-123.11254133331978, 49.25491975724738], [-123.11254087651508, 49.254930390042674]]}}, {"type": "Feature", "properties": {"SHAPE_Length": 1.1545007570690637, "OBJECTID": 21324988, "COV_SOURCE_KEY": "4607979", "UPDATED_DATE": 1638992299000, "COV_DATE_UPDATE": 1638992299000, "TBFID": 4608225, "ORACLE_ID": "__GPVT34", "UNIT_ID_1": "4607951", "UNIT_ID_2": "4608231", "MAIN_COMP1": 43, "MAIN_KEY_1": 938483, "MAIN_COMP2": 43, "MAIN_KEY_2": 938491, "ADDRESS_KEY": 149790, "INSTALLATION_DATE": -1293811200000, "DEPTH_OF_COVER_M": 0.9100000262260437, "RESTRAINED_JOINT": 0, "CATHODICALLY_PROTECTED": 0, "REMARKS": null, "ASSET_DESCRIPTION": "3400 YUKON ST", "SPLIT_ON_CITYSIDE": null, "COMPKEY": 938514, "COMPTYPE": 41, "COATING_DATE": null, "LINING_DATE": null, "UPDATED_BY": "ENHANMGETASK", "WATERMAIN_KEY": 94737, "BUN": null, "PIPE_LENGTH_M": 1.155, "PARALLEL_LINE_NUMBER": null, "PRESSURE_ZONE": 172, "PIPE_USE": "Water Main", "SERVICE_STATUS": "Out of Service-Abandoned", "SUBSYSTEM": "Distribution", "OWNER": "COVAV", "OPERATOR": "COVAV", "DIAMETER": "150 mm", "PIPE_CLASS": null, "MATERIAL": "Cast Iron", "LINING_MATERIAL": "blank", "COATING_MATERIAL": "blank", "FACET": "O15", "CONNECTION_TYPE": null, "DOMESTIC_DIAMETER": null, "DOMESTIC_MATERIAL": null, "FIRE_LIN_DIAMETER": null, "INSTALLED_BY": "City of Vancouver", "FIRE_LIN_MATERIAL": null, "MAP_TOOLTIP": "150 CI n/a 1929", "UPDATED_DATE_iso": "2021-12-08", "COV_DATE_UPDATE_iso": "2021-12-08", "INSTALLATION_DATE_iso": "1929-01-01"}, "geometry": {"type": "LineString", "coordinates": [[-123.11258451265611, 49.25397770865073], [-123.11258495627388, 49.25396732773255]]}}, {"type": "Feature", "properties": {"SHAPE_Length": 25.298182168212385, "OBJECTID": 21324989, "COV_SOURCE_KEY": "4192090", "UPDATED_DATE": 1638992299000, "COV_DATE_UPDATE": 1638992299000, "TBFID": 4608238, "ORACLE_ID": "__FPJ8UO", "UNIT_ID_1": "4608236", "UNIT_ID_2": "4192082", "MAIN_COMP1": 43, "MAIN_KEY_1": 938479, "MAIN_COMP2": 43, "MAIN_KEY_2": 806539, "ADDRESS_KEY": 155590, "INSTALLATION_DATE": -126201600000, "DEPTH_OF_COVER_M": 0.9100000262260437, "RESTRAINED_JOINT": 0, "CATHODICALLY_PROTECTED": 0, "REMARKS": null, "ASSET_DESCRIPTION": "200 300  W 19TH AV", "SPLIT_ON_CITYSIDE": null, "COMPKEY": 806540, "COMPTYPE": 41, "COATING_DATE": null, "LINING_DATE": null, "UPDATED_BY": "ENHANMGETASK", "WATERMAIN_KEY": 76215, "BUN": null, "PIPE_LENGTH_M": 25.50829826, "PARALLEL_LINE_NUMBER": null, "PRESSURE_ZONE": 172, "PIPE_USE": "Water Main", "SERVICE_STATUS": "Out of Service-Abandoned", "SUBSYSTEM": "Distribution", "OWNER": "COVAV", "OPERATOR": "COVAV", "DIAMETER": "150 mm", "PIPE_CLASS": null, "MATERIAL": "Cast Iron", "LINING_MATERIAL": "Cement Lined", "COATING_MATERIAL": "blank", "FACET": "P15", "CONNECTION_TYPE": null, "DOMESTIC_DIAMETER": null, "DOMESTIC_MATERIAL": null, "FIRE_LIN_DIAMETER": null, "INSTALLED_BY": "City of Vancouver", "FIRE_LIN_MATERIAL": null, "MAP_TOOLTIP": "150 CI CL 1966", "UPDATED_DATE_iso": "2021-12-08", "COV_DATE_UPDATE_iso": "2021-12-08", "INSTALLATION_DATE_iso": "1966-01-01"}, "geometry": {"type": "LineString", "coordinates": [[-123.11249105253839, 49.2539772149954], [-123.1121435583861, 49.25397049155716]]}}, {"type": "Feature", "properties": {"SHAPE_Length": 2.37106326279601, "OBJECTID": 21324990, "COV_SOURCE_KEY": "384059", "UPDATED_DATE": 1591390093000, "COV_DATE_UPDATE": 1591390093000, "TBFID": 4608245, "ORACLE_ID": "__FJ9Y4T", "UNIT_ID_1": "861904", "UNIT_ID_2": "4607725", "MAIN_COMP1": 43, "MAIN_KEY_1": 787935, "MAIN_COMP2": 43, "MAIN_KEY_2": 938501, "ADDRESS_KEY": 152485, "INSTALLATION_DATE": -1293811200000, "DEPTH_OF_COVER_M": 0.9100000262260437, "RESTRAINED_JOINT": 0, "CATHODICALLY_PROTECTED": 0, "REMARKS": null, "ASSET_DESCRIPTION": "3400 YUKON ST", "SPLIT_ON_CITYSIDE": null, "COMPKEY": 255309, "COMPTYPE": 41, "COATING_DATE": null, "LINING_DATE": null, "UPDATED_BY": "enyamw", "WATERMAIN_KEY": 37807, "BUN": null, "PIPE_LENGTH_M": 2.372, "PARALLEL_LINE_NUMBER": null, "PRESSURE_ZONE": 172, "PIPE_USE": "Water Main", "SERVICE_STATUS": "Out of Service-Abandoned", "SUBSYSTEM": "Distribution", "OWNER": "COVAV", "OPERATOR": "COVAV", "DIAMETER": "150 mm", "PIPE_CLASS": null, "MATERIAL": "Cast Iron", "LINING_MATERIAL": "blank", "COATING_MATERIAL": "blank", "FACET": "O15", "CONNECTION_TYPE": null, "DOMESTIC_DIAMETER": null, "DOMESTIC_MATERIAL": null, "FIRE_LIN_DIAMETER": null, "INSTALLED_BY": "City of Vancouver", "FIRE_LIN_MATERIAL": null, "MAP_TOOLTIP": "150 CI n/a 1929", "UPDATED_DATE_iso": "2020-06-05", "COV_DATE_UPDATE_iso": "2020-06-05", "INSTALLATION_DATE_iso": "1929-01-01"}, "geometry": {"type": "LineString", "coordinates": [[-123.11258346788138, 49.25400170892036], [-123.112584395075, 49.253980389341386]]}}, {"type": "Feature", "properties": {"SHAPE_Length": 0.951442064680257, "OBJECTID": 21324991, "COV_SOURCE_KEY": "4608250", "UPDATED_DATE": 1638992300000, "COV_DATE_UPDATE": 1638992300000, "TBFID": 4608251, "ORACLE_ID": "__GPWL52", "UNIT_ID_1": "76128", "UNIT_ID_2": "861904", "MAIN_COMP1": 46, "MAIN_KEY_1": 102596, "MAIN_COMP2": 43, "MAIN_KEY_2": 787935, "ADDRESS_KEY": 152485, "INSTALLATION_DATE": -1293811200000, "DEPTH_OF_COVER_M": 0.9100000262260437, "RESTRAINED_JOINT": 0, "CATHODICALLY_PROTECTED": 0, "REMARKS": null, "ASSET_DESCRIPTION": "3400 YUKON ST", "SPLIT_ON_CITYSIDE": null, "COMPKEY": 938527, "COMPTYPE": 41, "COATING_DATE": null, "LINING_DATE": null, "UPDATED_BY": "ENHANMGETASK", "WATERMAIN_KEY": 94750, "BUN": null, "PIPE_LENGTH_M": 0.95144206, "PARALLEL_LINE_NUMBER": null, "PRESSURE_ZONE": 172, "PIPE_USE": "Water Main", "SERVICE_STATUS": "Out of Service-Abandoned", "SUBSYSTEM": "Distribution", "OWNER": "COVAV", "OPERATOR": "COVAV", "DIAMETER": "150 mm", "PIPE_CLASS": null, "MATERIAL": "Cast Iron", "LINING_MATERIAL": "blank", "COATING_MATERIAL": "blank", "FACET": "O15", "CONNECTION_TYPE": null, "DOMESTIC_DIAMETER": null, "DOMESTIC_MATERIAL": null, "FIRE_LIN_DIAMETER": null, "INSTALLED_BY": "City of Vancouver", "FIRE_LIN_MATERIAL": null, "MAP_TOOLTIP": "150 CI n/a 1929", "UPDATED_DATE_iso": "2021-12-08", "COV_DATE_UPDATE_iso": "2021-12-08", "INSTALLATION_DATE_iso": "1929-01-01"}, "geometry": {"type": "LineString", "coordinates": [[-123.11258308881992, 49.254010263745556], [-123.11258346788138, 49.25400170892036]]}}, {"type": "Feature", "properties": {"SHAPE_Length": 0.47837746611932724, "OBJECTID": 21325076, "COV_SOURCE_KEY": "4218230", "UPDATED_DATE": 1591908404000, "COV_DATE_UPDATE": 1591908404000, "TBFID": 4608535, "ORACLE_ID": "__FPTHSK", "UNIT_ID_1": "4154728", "UNIT_ID_2": "4608236", "MAIN_COMP1": 43, "MAIN_KEY_1": 821742, "MAIN_COMP2": 43, "MAIN_KEY_2": 938479, "ADDRESS_KEY": 157464, "INSTALLATION_DATE": 1342422000000, "DEPTH_OF_COVER_M": 1, "RESTRAINED_JOINT": 0, "CATHODICALLY_PROTECTED": 0, "REMARKS": null, "ASSET_DESCRIPTION": "3400 COLUMBIA ST", "SPLIT_ON_CITYSIDE": null, "COMPKEY": 821775, "COMPTYPE": 41, "COATING_DATE": null, "LINING_DATE": null, "UPDATED_BY": "enyamw", "WATERMAIN_KEY": 79479, "BUN": null, "PIPE_LENGTH_M": 0.479, "PARALLEL_LINE_NUMBER": null, "PRESSURE_ZONE": 172, "PIPE_USE": "Water Main", "SERVICE_STATUS": "Out of Service-Abandoned", "SUBSYSTEM": "Distribution", "OWNER": "COVAV", "OPERATOR": "COVAV", "DIAMETER": "150 mm", "PIPE_CLASS": null, "MATERIAL": "Ductile Iron Concrete Lined", "LINING_MATERIAL": null, "COATING_MATERIAL": "blank", "FACET": "P15", "CONNECTION_TYPE": null, "DOMESTIC_DIAMETER": null, "DOMESTIC_MATERIAL": null, "FIRE_LIN_DIAMETER": null, "INSTALLED_BY": "City of Vancouver", "FIRE_LIN_MATERIAL": null, "MAP_TOOLTIP": "150 DICL  2012", "UPDATED_DATE_iso": "2020-06-11", "COV_DATE_UPDATE_iso": "2020-06-11", "INSTALLATION_DATE_iso": "2012-07-16"}, "geometry": {"type": "LineString", "coordinates": [[-123.10980278946083, 49.25392401274941], [-123.10979622045112, 49.253923848082984]]}}, {"type": "Feature", "properties": {"SHAPE_Length": 6.239890543370495, "OBJECTID": 21325077, "COV_SOURCE_KEY": "395976", "UPDATED_DATE": 1591908448000, "COV_DATE_UPDATE": 1591908448000, "TBFID": 4608547, "ORACLE_ID": "__FJA9GT", "UNIT_ID_1": "4608543", "UNIT_ID_2": "64558", "MAIN_COMP1": 43, "MAIN_KEY_1": 938654, "MAIN_COMP2": 46, "MAIN_KEY_2": 56181, "ADDRESS_KEY": 157464, "INSTALLATION_DATE": -126201600000, "DEPTH_OF_COVER_M": 0.9100000262260437, "RESTRAINED_JOINT": 0, "CATHODICALLY_PROTECTED": 0, "REMARKS": null, "ASSET_DESCRIPTION": "3400 COLUMBIA ST", "SPLIT_ON_CITYSIDE": null, "COMPKEY": 271323, "COMPTYPE": 41, "COATING_DATE": null, "LINING_DATE": null, "UPDATED_BY": "enyamw", "WATERMAIN_KEY": 49683, "BUN": null, "PIPE_LENGTH_M": 6.24, "PARALLEL_LINE_NUMBER": null, "PRESSURE_ZONE": 172, "PIPE_USE": "Water Main", "SERVICE_STATUS": "Out of Service-Abandoned", "SUBSYSTEM": "Distribution", "OWNER": "COVAV", "OPERATOR": "COVAV", "DIAMETER": "150 mm", "PIPE_CLASS": null, "MATERIAL": "Cast Iron", "LINING_MATERIAL": "Cement Lined", "COATING_MATERIAL": "blank", "FACET": "P15", "CONNECTION_TYPE": null, "DOMESTIC_DIAMETER": null, "DOMESTIC_MATERIAL": null, "FIRE_LIN_DIAMETER": null, "INSTALLED_BY": "City of Vancouver", "FIRE_LIN_MATERIAL": null, "MAP_TOOLTIP": "150 CI CL 1966", "UPDATED_DATE_iso": "2020-06-11", "COV_DATE_UPDATE_iso": "2020-06-11", "INSTALLATION_DATE_iso": "1966-01-01"}, "geometry": {"type": "LineString", "coordinates": [[-123.10979046225378, 49.25392370063618], [-123.10970477655242, 49.25392156020862]]}}, {"type": "Feature", "properties": {"SHAPE_Length": 13.068509479098129, "OBJECTID": 21325158, "COV_SOURCE_KEY": "369181", "UPDATED_DATE": 1591908487000, "COV_DATE_UPDATE": 1591908487000, "TBFID": 4608372, "ORACLE_ID": "__FJ9H4E", "UNIT_ID_1": "64541", "UNIT_ID_2": "4608371", "MAIN_COMP1": 46, "MAIN_KEY_1": 56211, "MAIN_COMP2": 43, "MAIN_KEY_2": 938678, "ADDRESS_KEY": 157464, "INSTALLATION_DATE": -126201600000, "DEPTH_OF_COVER_M": 0.9100000262260437, "RESTRAINED_JOINT": 0, "CATHODICALLY_PROTECTED": 0, "REMARKS": null, "ASSET_DESCRIPTION": "100 W 19TH AV", "SPLIT_ON_CITYSIDE": null, "COMPKEY": 232701, "COMPTYPE": 41, "COATING_DATE": null, "LINING_DATE": null, "UPDATED_BY": "enyamw", "WATERMAIN_KEY": 20830, "BUN": null, "PIPE_LENGTH_M": 13.068, "PARALLEL_LINE_NUMBER": null, "PRESSURE_ZONE": 172, "PIPE_USE": "Water Main", "SERVICE_STATUS": "Out of Service-Abandoned", "SUBSYSTEM": "Distribution", "OWNER": "COVAV", "OPERATOR": "COVAV", "DIAMETER": "150 mm", "PIPE_CLASS": null, "MATERIAL": "Cast Iron", "LINING_MATERIAL": "Cement Lined", "COATING_MATERIAL": "blank", "FACET": "P15", "CONNECTION_TYPE": null, "DOMESTIC_DIAMETER": null, "DOMESTIC_MATERIAL": null, "FIRE_LIN_DIAMETER": null, "INSTALLED_BY": "City of Vancouver", "FIRE_LIN_MATERIAL": null, "MAP_TOOLTIP": "150 CI CL 1966", "UPDATED_DATE_iso": "2020-06-11", "COV_DATE_UPDATE_iso": "2020-06-11", "INSTALLATION_DATE_iso": "1966-01-01"}, "geometry": {"type": "LineString", "coordinates": [[-123.10738293662456, 49.25388221957206], [-123.10720348475746, 49.253877672723625]]}}, {"type": "Feature", "properties": {"SHAPE_Length": 28.50089549491872, "OBJECTID": 21325276, "COV_SOURCE_KEY": "371331", "UPDATED_DATE": 1633376529000, "COV_DATE_UPDATE": 1633376529000, "TBFID": 4607009, "ORACLE_ID": "__FJ9JOM", "UNIT_ID_1": "4606808", "UNIT_ID_2": "4606734", "MAIN_COMP1": 43, "MAIN_KEY_1": 938272, "MAIN_COMP2": 43, "MAIN_KEY_2": 938289, "ADDRESS_KEY": 150857, "INSTALLATION_DATE": -1262275200000, "DEPTH_OF_COVER_M": 0.9100000262260437, "RESTRAINED_JOINT": 0, "CATHODICALLY_PROTECTED": 0, "REMARKS": null, "ASSET_DESCRIPTION": "4200 ASH ST", "SPLIT_ON_CITYSIDE": null, "COMPKEY": 235973, "COMPTYPE": 41, "COATING_DATE": null, "LINING_DATE": null, "UPDATED_BY": "enyamw", "WATERMAIN_KEY": 23357, "BUN": null, "PIPE_LENGTH_M": 28.50089549, "PARALLEL_LINE_NUMBER": null, "PRESSURE_ZONE": 172, "PIPE_USE": "Water Main", "SERVICE_STATUS": "Out of Service-Abandoned", "SUBSYSTEM": "Distribution", "OWNER": "COVAV", "OPERATOR": "COVAV", "DIAMETER": "150 mm", "PIPE_CLASS": null, "MATERIAL": "Cast Iron", "LINING_MATERIAL": "blank", "COATING_MATERIAL": "blank", "FACET": "O16", "CONNECTION_TYPE": null, "DOMESTIC_DIAMETER": null, "DOMESTIC_MATERIAL": null, "FIRE_LIN_DIAMETER": null, "INSTALLED_BY": "City of Vancouver", "FIRE_LIN_MATERIAL": null, "MAP_TOOLTIP": "150 CI n/a 1930", "UPDATED_DATE_iso": "2021-10-04", "COV_DATE_UPDATE_iso": "2021-10-04", "INSTALLATION_DATE_iso": "1930-01-01"}, "geometry": {"type": "LineString", "coordinates": [[-123.11845238922349, 49.247221508307305], [-123.1184421750705, 49.24747779294969]]}}, {"type": "Feature", "properties": {"SHAPE_Length": 0.8193198395377296, "OBJECTID": 21325286, "COV_SOURCE_KEY": "4607029", "UPDATED_DATE": 1633376468000, "COV_DATE_UPDATE": 1633376468000, "TBFID": 4607030, "ORACLE_ID": "__GPR4VC", "UNIT_ID_1": "4606740", "UNIT_ID_2": "4606808", "MAIN_COMP1": 43, "MAIN_KEY_1": 938290, "MAIN_COMP2": 43, "MAIN_KEY_2": 938272, "ADDRESS_KEY": 150857, "INSTALLATION_DATE": 1583910000000, "DEPTH_OF_COVER_M": 0.8100000023841858, "RESTRAINED_JOINT": 1, "CATHODICALLY_PROTECTED": 0, "REMARKS": "TR-Flex", "ASSET_DESCRIPTION": "4200 ASH ST", "SPLIT_ON_CITYSIDE": null, "COMPKEY": 938311, "COMPTYPE": 41, "COATING_DATE": 1583910000000, "LINING_DATE": null, "UPDATED_BY": "enyamw", "WATERMAIN_KEY": 94701, "BUN": null, "PIPE_LENGTH_M": 0.81931984, "PARALLEL_LINE_NUMBER": null, "PRESSURE_ZONE": 172, "PIPE_USE": "Water Main", "SERVICE_STATUS": "Out of Service-Abandoned", "SUBSYSTEM": "Distribution", "OWNER": "COVAV", "OPERATOR": "COVAV", "DIAMETER": "150 mm", "PIPE_CLASS": null, "MATERIAL": "Ductile Iron Concrete Lined", "LINING_MATERIAL": "blank", "COATING_MATERIAL": "Poly Bagged", "FACET": "O16", "CONNECTION_TYPE": null, "DOMESTIC_DIAMETER": null, "DOMESTIC_MATERIAL": null, "FIRE_LIN_DIAMETER": null, "INSTALLED_BY": "City of Vancouver", "FIRE_LIN_MATERIAL": null, "MAP_TOOLTIP": "150 DICL n/a 2020 RJ", "UPDATED_DATE_iso": "2021-10-04", "COV_DATE_UPDATE_iso": "2021-10-04", "INSTALLATION_DATE_iso": "2020-03-11", "COATING_DATE_iso": "2020-03-11"}, "geometry": {"type": "LineString", "coordinates": [[-123.11845520260763, 49.24721437220334], [-123.11845238922349, 49.247221508307305]]}}, {"type": "Feature", "properties": {"SHAPE_Length": 1.7250092766750413, "OBJECTID": 21325533, "COV_SOURCE_KEY": "4607024", "UPDATED_DATE": 1638992298000, "COV_DATE_UPDATE": 1638992298000, "TBFID": 4607061, "ORACLE_ID": "__GPR4VB", "UNIT_ID_1": "4607059", "UNIT_ID_2": "4606790", "MAIN_COMP1": 43, "MAIN_KEY_1": 938267, "MAIN_COMP2": 43, "MAIN_KEY_2": 938293, "ADDRESS_KEY": 150857, "INSTALLATION_DATE": -1262275200000, "DEPTH_OF_COVER_M": 0.9100000262260437, "RESTRAINED_JOINT": 0, "CATHODICALLY_PROTECTED": 0, "REMARKS": null, "ASSET_DESCRIPTION": "4200 ASH ST", "SPLIT_ON_CITYSIDE": null, "COMPKEY": 938310, "COMPTYPE": 41, "COATING_DATE": null, "LINING_DATE": null, "UPDATED_BY": "ENHANMGETASK", "WATERMAIN_KEY": 94700, "BUN": null, "PIPE_LENGTH_M": 1.725, "PARALLEL_LINE_NUMBER": null, "PRESSURE_ZONE": 172, "PIPE_USE": "Water Main", "SERVICE_STATUS": "Out of Service-Abandoned", "SUBSYSTEM": "Distribution", "OWNER": "COVAV", "OPERATOR": "COVAV", "DIAMETER": "150 mm", "PIPE_CLASS": null, "MATERIAL": "Cast Iron", "LINING_MATERIAL": "blank", "COATING_MATERIAL": "blank", "FACET": "O16", "CONNECTION_TYPE": null, "DOMESTIC_DIAMETER": null, "DOMESTIC_MATERIAL": null, "FIRE_LIN_DIAMETER": null, "INSTALLED_BY": "City of Vancouver", "FIRE_LIN_MATERIAL": null, "MAP_TOOLTIP": "150 CI n/a 1930", "UPDATED_DATE_iso": "2021-12-08", "COV_DATE_UPDATE_iso": "2021-12-08", "INSTALLATION_DATE_iso": "1930-01-01"}, "geometry": {"type": "LineString", "coordinates": [[-123.11845613330526, 49.24719562518434], [-123.11845535974139, 49.24721113375851]]}}, {"type": "Feature", "properties": {"SHAPE_Length": 0.8294727239927834, "OBJECTID": 21325535, "COV_SOURCE_KEY": "4607074", "UPDATED_DATE": 1638992297000, "COV_DATE_UPDATE": 1638992297000, "TBFID": 4607075, "ORACLE_ID": "__GPR4WM", "UNIT_ID_1": "219317", "UNIT_ID_2": "4607067", "MAIN_COMP1": 43, "MAIN_KEY_1": 178741, "MAIN_COMP2": 43, "MAIN_KEY_2": 938266, "ADDRESS_KEY": 150857, "INSTALLATION_DATE": -1262275200000, "DEPTH_OF_COVER_M": 0.9100000262260437, "RESTRAINED_JOINT": 0, "CATHODICALLY_PROTECTED": 0, "REMARKS": null, "ASSET_DESCRIPTION": "4200 ASH ST", "SPLIT_ON_CITYSIDE": null, "COMPKEY": 938308, "COMPTYPE": 41, "COATING_DATE": null, "LINING_DATE": null, "UPDATED_BY": "ENHANMGETASK", "WATERMAIN_KEY": 94698, "BUN": null, "PIPE_LENGTH_M": 0.82947272, "PARALLEL_LINE_NUMBER": null, "PRESSURE_ZONE": 172, "PIPE_USE": "Water Main", "SERVICE_STATUS": "Out of Service-Abandoned", "SUBSYSTEM": "Distribution", "OWNER": "COVAV", "OPERATOR": "COVAV", "DIAMETER": "150 mm", "PIPE_CLASS": null, "MATERIAL": "Cast Iron", "LINING_MATERIAL": "blank", "COATING_MATERIAL": "blank", "FACET": "O16", "CONNECTION_TYPE": null, "DOMESTIC_DIAMETER": null, "DOMESTIC_MATERIAL": null, "FIRE_LIN_DIAMETER": null, "INSTALLED_BY": "City of Vancouver", "FIRE_LIN_MATERIAL": null, "MAP_TOOLTIP": "150 CI n/a 1930", "UPDATED_DATE_iso": "2021-12-08", "COV_DATE_UPDATE_iso": "2021-12-08", "INSTALLATION_DATE_iso": "1930-01-01"}, "geometry": {"type": "LineString", "coordinates": [[-123.11845668370329, 49.247184470531565], [-123.1184563168215, 49.2471919279556]]}}, {"type": "Feature", "properties": {"SHAPE_Length": 3.511481738301054, "OBJECTID": 21325538, "COV_SOURCE_KEY": "369646", "UPDATED_DATE": 1591041265000, "COV_DATE_UPDATE": 1591041265000, "TBFID": 4607204, "ORACLE_ID": "__FJ9IUV", "UNIT_ID_1": "4606788", "UNIT_ID_2": "64623", "MAIN_COMP1": 43, "MAIN_KEY_1": 938292, "MAIN_COMP2": 46, "MAIN_KEY_2": 96061, "ADDRESS_KEY": 150857, "INSTALLATION_DATE": -1262275200000, "DEPTH_OF_COVER_M": 0.9100000262260437, "RESTRAINED_JOINT": 0, "CATHODICALLY_PROTECTED": 0, "REMARKS": null, "ASSET_DESCRIPTION": "500 W 27TH AV", "SPLIT_ON_CITYSIDE": null, "COMPKEY": 235018, "COMPTYPE": 41, "COATING_DATE": null, "LINING_DATE": null, "UPDATED_BY": "enyamw", "WATERMAIN_KEY": 22618, "BUN": null, "PIPE_LENGTH_M": 3.512, "PARALLEL_LINE_NUMBER": null, "PRESSURE_ZONE": 172, "PIPE_USE": "Water Main", "SERVICE_STATUS": "Out of Service-Abandoned", "SUBSYSTEM": "Distribution", "OWNER": "COVAV", "OPERATOR": "COVAV", "DIAMETER": "150 mm", "PIPE_CLASS": null, "MATERIAL": "Cast Iron", "LINING_MATERIAL": "blank", "COATING_MATERIAL": "blank", "FACET": "O16", "CONNECTION_TYPE": null, "DOMESTIC_DIAMETER": null, "DOMESTIC_MATERIAL": null, "FIRE_LIN_DIAMETER": null, "INSTALLED_BY": "City of Vancouver", "FIRE_LIN_MATERIAL": null, "MAP_TOOLTIP": "150 CI n/a 1930", "UPDATED_DATE_iso": "2020-06-01", "COV_DATE_UPDATE_iso": "2020-06-01", "INSTALLATION_DATE_iso": "1930-01-01"}, "geometry": {"type": "LineString", "coordinates": [[-123.1184583705533, 49.247142937812754], [-123.11845704460268, 49.24717451243898]]}}, {"type": "Feature", "properties": {"SHAPE_Length": 96.2740928802492, "OBJECTID": 21325539, "COV_SOURCE_KEY": "369645", "UPDATED_DATE": 1591041268000, "COV_DATE_UPDATE": 1591041268000, "TBFID": 4607328, "ORACLE_ID": "__FJ9IUU", "UNIT_ID_1": "4607326", "UNIT_ID_2": "4606780", "MAIN_COMP1": 43, "MAIN_KEY_1": 938282, "MAIN_COMP2": 43, "MAIN_KEY_2": 938295, "ADDRESS_KEY": 151033, "INSTALLATION_DATE": -1262275200000, "DEPTH_OF_COVER_M": 0.9100000262260437, "RESTRAINED_JOINT": 0, "CATHODICALLY_PROTECTED": 0, "REMARKS": null, "ASSET_DESCRIPTION": "4300 ASH ST", "SPLIT_ON_CITYSIDE": null, "COMPKEY": 235017, "COMPTYPE": 41, "COATING_DATE": null, "LINING_DATE": null, "UPDATED_BY": "enyamw", "WATERMAIN_KEY": 22617, "BUN": null, "PIPE_LENGTH_M": 96.274, "PARALLEL_LINE_NUMBER": null, "PRESSURE_ZONE": 172, "PIPE_USE": "Water Main", "SERVICE_STATUS": "Out of Service-Abandoned", "SUBSYSTEM": "Distribution", "OWNER": "COVAV", "OPERATOR": "COVAV", "DIAMETER": "150 mm", "PIPE_CLASS": null, "MATERIAL": "Cast Iron", "LINING_MATERIAL": "blank", "COATING_MATERIAL": "blank", "FACET": "O16", "CONNECTION_TYPE": null, "DOMESTIC_DIAMETER": null, "DOMESTIC_MATERIAL": null, "FIRE_LIN_DIAMETER": null, "INSTALLED_BY": "City of Vancouver", "FIRE_LIN_MATERIAL": null, "MAP_TOOLTIP": "150 CI n/a 1930", "UPDATED_DATE_iso": "2020-06-01", "COV_DATE_UPDATE_iso": "2020-06-01", "INSTALLATION_DATE_iso": "1930-01-01"}, "geometry": {"type": "LineString", "coordinates": [[-123.11849367645611, 49.24627340435773], [-123.11845854000639, 49.24713910566987]]}}, {"type": "Feature", "properties": {"SHAPE_Length": 0.6292574977600459, "OBJECTID": 21325540, "COV_SOURCE_KEY": "4607335", "UPDATED_DATE": 1638992298000, "COV_DATE_UPDATE": 1638992298000, "TBFID": 4607336, "ORACLE_ID": "__GPSOVM", "UNIT_ID_1": "223561", "UNIT_ID_2": "4607318", "MAIN_COMP1": 43, "MAIN_KEY_1": 199700, "MAIN_COMP2": 43, "MAIN_KEY_2": 938281, "ADDRESS_KEY": 151033, "INSTALLATION_DATE": -1262275200000, "DEPTH_OF_COVER_M": 0.9100000262260437, "RESTRAINED_JOINT": 0, "CATHODICALLY_PROTECTED": 0, "REMARKS": null, "ASSET_DESCRIPTION": "4300 ASH ST", "SPLIT_ON_CITYSIDE": null, "COMPKEY": 938331, "COMPTYPE": 41, "COATING_DATE": null, "LINING_DATE": null, "UPDATED_BY": "ENHANMGETASK", "WATERMAIN_KEY": 94721, "BUN": null, "PIPE_LENGTH_M": 0.6292575, "PARALLEL_LINE_NUMBER": null, "PRESSURE_ZONE": 172, "PIPE_USE": "Water Main", "SERVICE_STATUS": "Out of Service-Abandoned", "SUBSYSTEM": "Distribution", "OWNER": "COVAV", "OPERATOR": "COVAV", "DIAMETER": "150 mm", "PIPE_CLASS": null, "MATERIAL": "Cast Iron", "LINING_MATERIAL": "blank", "COATING_MATERIAL": "blank", "FACET": "O16", "CONNECTION_TYPE": null, "DOMESTIC_DIAMETER": null, "DOMESTIC_MATERIAL": null, "FIRE_LIN_DIAMETER": null, "INSTALLED_BY": "City of Vancouver", "FIRE_LIN_MATERIAL": null, "MAP_TOOLTIP": "150 CI n/a 1930", "UPDATED_DATE_iso": "2021-12-08", "COV_DATE_UPDATE_iso": "2021-12-08", "INSTALLATION_DATE_iso": "1930-01-01"}, "geometry": {"type": "LineString", "coordinates": [[-123.11849406598365, 49.24626393197674], [-123.11849383220688, 49.24626959021874]]}}, {"type": "Feature", "properties": {"SHAPE_Length": 1.3033453114028652, "OBJECTID": 21325541, "COV_SOURCE_KEY": "4607258", "UPDATED_DATE": 1757711061000, "COV_DATE_UPDATE": 1757711061000, "TBFID": 4607259, "ORACLE_ID": "__GPRX0H", "UNIT_ID_1": "4607242", "UNIT_ID_2": "4606804", "MAIN_COMP1": 43, "MAIN_KEY_1": 938279, "MAIN_COMP2": 43, "MAIN_KEY_2": 938270, "ADDRESS_KEY": 157064, "INSTALLATION_DATE": 1583910000000, "DEPTH_OF_COVER_M": 0.8100000023841858, "RESTRAINED_JOINT": 0, "CATHODICALLY_PROTECTED": 0, "REMARKS": null, "ASSET_DESCRIPTION": "600 W 27TH AV", "SPLIT_ON_CITYSIDE": null, "COMPKEY": 938322, "COMPTYPE": 41, "COATING_DATE": null, "LINING_DATE": null, "UPDATED_BY": "enyamw", "WATERMAIN_KEY": 94712, "BUN": null, "PIPE_LENGTH_M": 1.30334531, "PARALLEL_LINE_NUMBER": null, "PRESSURE_ZONE": 172, "PIPE_USE": "Water Main", "SERVICE_STATUS": "Out of Service-Abandoned", "SUBSYSTEM": "Distribution", "OWNER": "COVAV", "OPERATOR": "COVAV", "DIAMETER": "150 mm", "PIPE_CLASS": null, "MATERIAL": "Ductile Iron Concrete Lined", "LINING_MATERIAL": "blank", "COATING_MATERIAL": "blank", "FACET": "O16", "CONNECTION_TYPE": null, "DOMESTIC_DIAMETER": null, "DOMESTIC_MATERIAL": null, "FIRE_LIN_DIAMETER": null, "INSTALLED_BY": "City of Vancouver", "FIRE_LIN_MATERIAL": null, "MAP_TOOLTIP": "150 DICL n/a 2020", "UPDATED_DATE_iso": "2025-09-12", "COV_DATE_UPDATE_iso": "2025-09-12", "INSTALLATION_DATE_iso": "2020-03-11"}, "geometry": {"type": "LineString", "coordinates": [[-123.11849598932587, 49.24714231454507], [-123.1185138932161, 49.2471425660375]]}}, {"type": "Feature", "properties": {"SHAPE_Length": 4.695030777623279, "OBJECTID": 21325542, "COV_SOURCE_KEY": "397533", "UPDATED_DATE": 1757711092000, "COV_DATE_UPDATE": 1757711092000, "TBFID": 4607405, "ORACLE_ID": "__FJA9UJ", "UNIT_ID_1": "64619", "UNIT_ID_2": "4606800", "MAIN_COMP1": 46, "MAIN_KEY_1": 96070, "MAIN_COMP2": 43, "MAIN_KEY_2": 938276, "ADDRESS_KEY": 153265, "INSTALLATION_DATE": -1262275200000, "DEPTH_OF_COVER_M": 0.9100000262260437, "RESTRAINED_JOINT": 0, "CATHODICALLY_PROTECTED": 0, "REMARKS": null, "ASSET_DESCRIPTION": "500 W 28TH AV", "SPLIT_ON_CITYSIDE": null, "COMPKEY": 271799, "COMPTYPE": 41, "COATING_DATE": null, "LINING_DATE": null, "UPDATED_BY": "enyamw", "WATERMAIN_KEY": 50063, "BUN": null, "PIPE_LENGTH_M": 4.695, "PARALLEL_LINE_NUMBER": null, "PRESSURE_ZONE": 172, "PIPE_USE": "Water Main", "SERVICE_STATUS": "Out of Service-Abandoned", "SUBSYSTEM": "Distribution", "OWNER": "COVAV", "OPERATOR": "COVAV", "DIAMETER": "150 mm", "PIPE_CLASS": null, "MATERIAL": "Cast Iron", "LINING_MATERIAL": "blank", "COATING_MATERIAL": "blank", "FACET": "O16", "CONNECTION_TYPE": null, "DOMESTIC_DIAMETER": null, "DOMESTIC_MATERIAL": null, "FIRE_LIN_DIAMETER": null, "INSTALLED_BY": "City of Vancouver", "FIRE_LIN_MATERIAL": null, "MAP_TOOLTIP": "150 CI n/a 1930", "UPDATED_DATE_iso": "2025-09-12", "COV_DATE_UPDATE_iso": "2025-09-12", "INSTALLATION_DATE_iso": "1930-01-01"}, "geometry": {"type": "LineString", "coordinates": [[-123.11842216242957, 49.24620516787499], [-123.11848667096253, 49.24620525465367]]}}, {"type": "Feature", "properties": {"SHAPE_Length": 11.699106504989361, "OBJECTID": 21325543, "COV_SOURCE_KEY": "369649", "UPDATED_DATE": 1757711125000, "COV_DATE_UPDATE": 1757711125000, "TBFID": 4607427, "ORACLE_ID": "__FJ9IUY", "UNIT_ID_1": "4606802", "UNIT_ID_2": "64618", "MAIN_COMP1": 43, "MAIN_KEY_1": 938273, "MAIN_COMP2": 46, "MAIN_KEY_2": 56091, "ADDRESS_KEY": 151222, "INSTALLATION_DATE": -820512000000, "DEPTH_OF_COVER_M": 0.9100000262260437, "RESTRAINED_JOINT": 0, "CATHODICALLY_PROTECTED": 0, "REMARKS": null, "ASSET_DESCRIPTION": "500 W 28TH AV", "SPLIT_ON_CITYSIDE": null, "COMPKEY": 235022, "COMPTYPE": 41, "COATING_DATE": null, "LINING_DATE": null, "UPDATED_BY": "enyamw", "WATERMAIN_KEY": 22621, "BUN": null, "PIPE_LENGTH_M": 11.699, "PARALLEL_LINE_NUMBER": null, "PRESSURE_ZONE": 172, "PIPE_USE": "Water Main", "SERVICE_STATUS": "Out of Service-Abandoned", "SUBSYSTEM": "Distribution", "OWNER": "COVAV", "OPERATOR": "COVAV", "DIAMETER": "150 mm", "PIPE_CLASS": null, "MATERIAL": "Cast Iron", "LINING_MATERIAL": "blank", "COATING_MATERIAL": "blank", "FACET": "O16", "CONNECTION_TYPE": null, "DOMESTIC_DIAMETER": null, "DOMESTIC_MATERIAL": null, "FIRE_LIN_DIAMETER": null, "INSTALLED_BY": "City of Vancouver", "FIRE_LIN_MATERIAL": null, "MAP_TOOLTIP": "150 CI n/a 1944", "UPDATED_DATE_iso": "2025-09-12", "COV_DATE_UPDATE_iso": "2025-09-12", "INSTALLATION_DATE_iso": "1944-01-01"}, "geometry": {"type": "LineString", "coordinates": [[-123.11854161761416, 49.24620576498845], [-123.11870233635929, 49.24620759691312]]}}, {"type": "Feature", "properties": {"SHAPE_Length": 0.6000674958252542, "OBJECTID": 21325587, "COV_SOURCE_KEY": "4607439", "UPDATED_DATE": 1757711060000, "COV_DATE_UPDATE": 1757711060000, "TBFID": 4607440, "ORACLE_ID": "__GPSOW8", "UNIT_ID_1": "4606800", "UNIT_ID_2": "4774142", "MAIN_COMP1": 43, "MAIN_KEY_1": 938276, "MAIN_COMP2": 43, "MAIN_KEY_2": 1607397, "ADDRESS_KEY": 153265, "INSTALLATION_DATE": 1583910000000, "DEPTH_OF_COVER_M": 0.8100000023841858, "RESTRAINED_JOINT": 0, "CATHODICALLY_PROTECTED": 0, "REMARKS": null, "ASSET_DESCRIPTION": "500 W 28TH AV", "SPLIT_ON_CITYSIDE": null, "COMPKEY": 938330, "COMPTYPE": 41, "COATING_DATE": null, "LINING_DATE": null, "UPDATED_BY": "enyamw", "WATERMAIN_KEY": 94720, "BUN": null, "PIPE_LENGTH_M": 0.6000675, "PARALLEL_LINE_NUMBER": null, "PRESSURE_ZONE": 172, "PIPE_USE": "Water Main", "SERVICE_STATUS": "Out of Service-Abandoned", "SUBSYSTEM": "Distribution", "OWNER": "COVAV", "OPERATOR": "COVAV", "DIAMETER": "150 mm", "PIPE_CLASS": null, "MATERIAL": "Ductile Iron Concrete Lined", "LINING_MATERIAL": "blank", "COATING_MATERIAL": "blank", "FACET": "O16", "CONNECTION_TYPE": null, "DOMESTIC_DIAMETER": null, "DOMESTIC_MATERIAL": null, "FIRE_LIN_DIAMETER": null, "INSTALLED_BY": "City of Vancouver", "FIRE_LIN_MATERIAL": null, "MAP_TOOLTIP": "150 DICL n/a 2020", "UPDATED_DATE_iso": "2025-09-12", "COV_DATE_UPDATE_iso": "2025-09-12", "INSTALLATION_DATE_iso": "2020-03-11"}, "geometry": {"type": "LineString", "coordinates": [[-123.11848667096253, 49.24620525465367], [-123.11849491501148, 49.2462053271556]]}}, {"type": "Feature", "properties": {"SHAPE_Length": 0.6602734283680282, "OBJECTID": 21325594, "COV_SOURCE_KEY": "4607535", "UPDATED_DATE": 1638992298000, "COV_DATE_UPDATE": 1638992298000, "TBFID": 4607536, "ORACLE_ID": "__GPSP2C", "UNIT_ID_1": "213967", "UNIT_ID_2": "4607526", "MAIN_COMP1": 43, "MAIN_KEY_1": 144039, "MAIN_COMP2": 43, "MAIN_KEY_2": 938278, "ADDRESS_KEY": 154995, "INSTALLATION_DATE": -1262275200000, "DEPTH_OF_COVER_M": 0.9100000262260437, "RESTRAINED_JOINT": 0, "CATHODICALLY_PROTECTED": 0, "REMARKS": null, "ASSET_DESCRIPTION": "4400 ASH ST", "SPLIT_ON_CITYSIDE": null, "COMPKEY": 938318, "COMPTYPE": 41, "COATING_DATE": null, "LINING_DATE": null, "UPDATED_BY": "ENHANMGETASK", "WATERMAIN_KEY": 94708, "BUN": null, "PIPE_LENGTH_M": 0.66027343, "PARALLEL_LINE_NUMBER": null, "PRESSURE_ZONE": 172, "PIPE_USE": "Water Main", "SERVICE_STATUS": "Out of Service-Abandoned", "SUBSYSTEM": "Distribution", "OWNER": "COVAV", "OPERATOR": "COVAV", "DIAMETER": "150 mm", "PIPE_CLASS": null, "MATERIAL": "Cast Iron", "LINING_MATERIAL": "blank", "COATING_MATERIAL": "blank", "FACET": "O16", "CONNECTION_TYPE": null, "DOMESTIC_DIAMETER": null, "DOMESTIC_MATERIAL": null, "FIRE_LIN_DIAMETER": null, "INSTALLED_BY": "City of Vancouver", "FIRE_LIN_MATERIAL": null, "MAP_TOOLTIP": "150 CI n/a 1930", "UPDATED_DATE_iso": "2021-12-08", "COV_DATE_UPDATE_iso": "2021-12-08", "INSTALLATION_DATE_iso": "1930-01-01"}, "geometry": {"type": "LineString", "coordinates": [[-123.11852940826194, 49.245392887140646], [-123.11852916142105, 49.24539882424929]]}}, {"type": "Feature", "properties": {"SHAPE_Length": 88.91718014460993, "OBJECTID": 21325595, "COV_SOURCE_KEY": "369644", "UPDATED_DATE": 1591041272000, "COV_DATE_UPDATE": 1591041272000, "TBFID": 4607520, "ORACLE_ID": "__FJ9IUT", "UNIT_ID_1": "4607518", "UNIT_ID_2": "4606770", "MAIN_COMP1": 43, "MAIN_KEY_1": 938277, "MAIN_COMP2": 43, "MAIN_KEY_2": 938297, "ADDRESS_KEY": 154995, "INSTALLATION_DATE": -1262275200000, "DEPTH_OF_COVER_M": 0.9100000262260437, "RESTRAINED_JOINT": 0, "CATHODICALLY_PROTECTED": 0, "REMARKS": null, "ASSET_DESCRIPTION": "4400 ASH ST", "SPLIT_ON_CITYSIDE": null, "COMPKEY": 235015, "COMPTYPE": 41, "COATING_DATE": null, "LINING_DATE": null, "UPDATED_BY": "enyamw", "WATERMAIN_KEY": 22616, "BUN": null, "PIPE_LENGTH_M": 88.917, "PARALLEL_LINE_NUMBER": null, "PRESSURE_ZONE": 172, "PIPE_USE": "Water Main", "SERVICE_STATUS": "Out of Service-Abandoned", "SUBSYSTEM": "Distribution", "OWNER": "COVAV", "OPERATOR": "COVAV", "DIAMETER": "150 mm", "PIPE_CLASS": null, "MATERIAL": "Cast Iron", "LINING_MATERIAL": "blank", "COATING_MATERIAL": "blank", "FACET": "O16", "CONNECTION_TYPE": null, "DOMESTIC_DIAMETER": null, "DOMESTIC_MATERIAL": null, "FIRE_LIN_DIAMETER": null, "INSTALLED_BY": "City of Vancouver", "FIRE_LIN_MATERIAL": null, "MAP_TOOLTIP": "150 CI n/a 1930", "UPDATED_DATE_iso": "2020-06-01", "COV_DATE_UPDATE_iso": "2020-06-01", "INSTALLATION_DATE_iso": "1930-01-01"}, "geometry": {"type": "LineString", "coordinates": [[-123.11852899301259, 49.24540308816366], [-123.1184965436067, 49.2462026359102]]}}, {"type": "Feature", "properties": {"SHAPE_Length": 5.614950400226197, "OBJECTID": 21325597, "COV_SOURCE_KEY": "369642", "UPDATED_DATE": 1591041275000, "COV_DATE_UPDATE": 1591041275000, "TBFID": 4607553, "ORACLE_ID": "__FJ9IUR", "UNIT_ID_1": "4606768", "UNIT_ID_2": "64617", "MAIN_COMP1": 43, "MAIN_KEY_1": 938296, "MAIN_COMP2": 46, "MAIN_KEY_2": 96073, "ADDRESS_KEY": 154995, "INSTALLATION_DATE": -1262275200000, "DEPTH_OF_COVER_M": 0.9100000262260437, "RESTRAINED_JOINT": 0, "CATHODICALLY_PROTECTED": 0, "REMARKS": null, "ASSET_DESCRIPTION": "4400 ASH ST", "SPLIT_ON_CITYSIDE": null, "COMPKEY": 235013, "COMPTYPE": 41, "COATING_DATE": null, "LINING_DATE": null, "UPDATED_BY": "enyamw", "WATERMAIN_KEY": 22614, "BUN": null, "PIPE_LENGTH_M": 5.615, "PARALLEL_LINE_NUMBER": null, "PRESSURE_ZONE": 172, "PIPE_USE": "Water Main", "SERVICE_STATUS": "Out of Service-Abandoned", "SUBSYSTEM": "Distribution", "OWNER": "COVAV", "OPERATOR": "COVAV", "DIAMETER": "150 mm", "PIPE_CLASS": null, "MATERIAL": "Cast Iron", "LINING_MATERIAL": "blank", "COATING_MATERIAL": "blank", "FACET": "O16", "CONNECTION_TYPE": null, "DOMESTIC_DIAMETER": null, "DOMESTIC_MATERIAL": null, "FIRE_LIN_DIAMETER": null, "INSTALLED_BY": "City of Vancouver", "FIRE_LIN_MATERIAL": null, "MAP_TOOLTIP": "150 CI n/a 1930", "UPDATED_DATE_iso": "2020-06-01", "COV_DATE_UPDATE_iso": "2020-06-01", "INSTALLATION_DATE_iso": "1930-01-01"}, "geometry": {"type": "LineString", "coordinates": [[-123.11853225674493, 49.245331581688326], [-123.11852987698356, 49.24538206539153]]}}, {"type": "Feature", "properties": {"SHAPE_Length": 5.25208568094745, "OBJECTID": 21325688, "COV_SOURCE_KEY": "397534", "UPDATED_DATE": 1591041227000, "COV_DATE_UPDATE": 1591041227000, "TBFID": 4606774, "ORACLE_ID": "__FJA9UK", "UNIT_ID_1": "4606772", "UNIT_ID_2": "64620", "MAIN_COMP1": 43, "MAIN_KEY_1": 938298, "MAIN_COMP2": 46, "MAIN_KEY_2": 96066, "ADDRESS_KEY": 151033, "INSTALLATION_DATE": -1262275200000, "DEPTH_OF_COVER_M": 0.9100000262260437, "RESTRAINED_JOINT": 0, "CATHODICALLY_PROTECTED": 0, "REMARKS": null, "ASSET_DESCRIPTION": "500 W 28TH AV", "SPLIT_ON_CITYSIDE": null, "COMPKEY": 271800, "COMPTYPE": 41, "COATING_DATE": null, "LINING_DATE": null, "UPDATED_BY": "enyamw", "WATERMAIN_KEY": 50064, "BUN": null, "PIPE_LENGTH_M": 5.252, "PARALLEL_LINE_NUMBER": null, "PRESSURE_ZONE": 172, "PIPE_USE": "Water Main", "SERVICE_STATUS": "Out of Service-Abandoned", "SUBSYSTEM": "Distribution", "OWNER": "COVAV", "OPERATOR": "COVAV", "DIAMETER": "150 mm", "PIPE_CLASS": null, "MATERIAL": "Cast Iron", "LINING_MATERIAL": "blank", "COATING_MATERIAL": "blank", "FACET": "O16", "CONNECTION_TYPE": null, "DOMESTIC_DIAMETER": null, "DOMESTIC_MATERIAL": null, "FIRE_LIN_DIAMETER": null, "INSTALLED_BY": "City of Vancouver", "FIRE_LIN_MATERIAL": null, "MAP_TOOLTIP": "150 CI n/a 1930", "UPDATED_DATE_iso": "2020-06-01", "COV_DATE_UPDATE_iso": "2020-06-01", "INSTALLATION_DATE_iso": "1930-01-01"}, "geometry": {"type": "LineString", "coordinates": [[-123.11849636255087, 49.24620735859384], [-123.11849444207265, 49.24625458554279]]}}, {"type": "Feature", "properties": {"SHAPE_Length": 2.206899408939967, "OBJECTID": 21326313, "COV_SOURCE_KEY": "4718435", "UPDATED_DATE": 1757711052000, "COV_DATE_UPDATE": 1757711052000, "TBFID": 4718436, "ORACLE_ID": "__HC2Z3U", "UNIT_ID_1": "64585", "UNIT_ID_2": "4713436", "MAIN_COMP1": 46, "MAIN_KEY_1": 96129, "MAIN_COMP2": 43, "MAIN_KEY_2": 1564641, "ADDRESS_KEY": 154978, "INSTALLATION_DATE": -1262275200000, "DEPTH_OF_COVER_M": 0.9100000262260437, "RESTRAINED_JOINT": 0, "CATHODICALLY_PROTECTED": 0, "REMARKS": null, "ASSET_DESCRIPTION": "500 W 29TH AV", "SPLIT_ON_CITYSIDE": null, "COMPKEY": 1609134, "COMPTYPE": 41, "COATING_DATE": null, "LINING_DATE": null, "UPDATED_BY": "enyamw", "WATERMAIN_KEY": 105725, "BUN": null, "PIPE_LENGTH_M": 2.207, "PARALLEL_LINE_NUMBER": null, "PRESSURE_ZONE": 172, "PIPE_USE": "Water Main", "SERVICE_STATUS": "Out of Service-Abandoned", "SUBSYSTEM": "Distribution", "OWNER": "COVAV", "OPERATOR": "COVAV", "DIAMETER": "200 mm", "PIPE_CLASS": null, "MATERIAL": "Cast Iron", "LINING_MATERIAL": "blank", "COATING_MATERIAL": "blank", "FACET": "O16", "CONNECTION_TYPE": null, "DOMESTIC_DIAMETER": null, "DOMESTIC_MATERIAL": null, "FIRE_LIN_DIAMETER": null, "INSTALLED_BY": "City of Vancouver", "FIRE_LIN_MATERIAL": null, "MAP_TOOLTIP": "200 CI n/a 1930", "UPDATED_DATE_iso": "2025-09-12", "COV_DATE_UPDATE_iso": "2025-09-12", "INSTALLATION_DATE_iso": "1930-01-01"}, "geometry": {"type": "LineString", "coordinates": [[-123.11598178752718, 49.24528611770325], [-123.11595147685242, 49.24528558142826]]}}, {"type": "Feature", "properties": {"SHAPE_Length": 1.6520435827300033, "OBJECTID": 21326314, "COV_SOURCE_KEY": "4718394", "UPDATED_DATE": 1757711034000, "COV_DATE_UPDATE": 1757711034000, "TBFID": 4718395, "ORACLE_ID": "__HC2Z3S", "UNIT_ID_1": "4713649", "UNIT_ID_2": "61769", "MAIN_COMP1": 43, "MAIN_KEY_1": 1564693, "MAIN_COMP2": 46, "MAIN_KEY_2": 99468, "ADDRESS_KEY": 149098, "INSTALLATION_DATE": -378662400000, "DEPTH_OF_COVER_M": 0.9100000262260437, "RESTRAINED_JOINT": 0, "CATHODICALLY_PROTECTED": 0, "REMARKS": null, "ASSET_DESCRIPTION": "800 W 28TH AV", "SPLIT_ON_CITYSIDE": null, "COMPKEY": 1609112, "COMPTYPE": 41, "COATING_DATE": null, "LINING_DATE": null, "UPDATED_BY": "enyamw", "WATERMAIN_KEY": 105707, "BUN": null, "PIPE_LENGTH_M": 1.652, "PARALLEL_LINE_NUMBER": null, "PRESSURE_ZONE": 173, "PIPE_USE": "Water Main", "SERVICE_STATUS": "Out of Service-Abandoned", "SUBSYSTEM": "Distribution", "OWNER": "COVAV", "OPERATOR": "COVAV", "DIAMETER": "150 mm", "PIPE_CLASS": null, "MATERIAL": "Cast Iron", "LINING_MATERIAL": "blank", "COATING_MATERIAL": "blank", "FACET": "N16", "CONNECTION_TYPE": null, "DOMESTIC_DIAMETER": null, "DOMESTIC_MATERIAL": null, "FIRE_LIN_DIAMETER": null, "INSTALLED_BY": "City of Vancouver", "FIRE_LIN_MATERIAL": null, "MAP_TOOLTIP": "150 CI n/a 1958", "UPDATED_DATE_iso": "2025-09-12", "COV_DATE_UPDATE_iso": "2025-09-12", "INSTALLATION_DATE_iso": "1958-01-01"}, "geometry": {"type": "LineString", "coordinates": [[-123.12256286521945, 49.24627035555884], [-123.12258556359448, 49.2462704394197]]}}, {"type": "Feature", "properties": {"SHAPE_Length": 6.211252450316147, "OBJECTID": 21326315, "COV_SOURCE_KEY": "4718400", "UPDATED_DATE": 1757711034000, "COV_DATE_UPDATE": 1757711034000, "TBFID": 4718401, "ORACLE_ID": "__HC2Z3T", "UNIT_ID_1": "4717056", "UNIT_ID_2": "64635", "MAIN_COMP1": 43, "MAIN_KEY_1": 1564604, "MAIN_COMP2": 46, "MAIN_KEY_2": 96040, "ADDRESS_KEY": 153265, "INSTALLATION_DATE": -1262275200000, "DEPTH_OF_COVER_M": 0.9100000262260437, "RESTRAINED_JOINT": 0, "CATHODICALLY_PROTECTED": 0, "REMARKS": null, "ASSET_DESCRIPTION": "500 W 28TH AV", "SPLIT_ON_CITYSIDE": null, "COMPKEY": 1609111, "COMPTYPE": 41, "COATING_DATE": null, "LINING_DATE": null, "UPDATED_BY": "enyamw", "WATERMAIN_KEY": 105706, "BUN": null, "PIPE_LENGTH_M": 6.211, "PARALLEL_LINE_NUMBER": null, "PRESSURE_ZONE": 172, "PIPE_USE": "Water Main", "SERVICE_STATUS": "Out of Service-Abandoned", "SUBSYSTEM": "Distribution", "OWNER": "COVAV", "OPERATOR": "COVAV", "DIAMETER": "150 mm", "PIPE_CLASS": null, "MATERIAL": "Cast Iron", "LINING_MATERIAL": "blank", "COATING_MATERIAL": "blank", "FACET": "O16", "CONNECTION_TYPE": null, "DOMESTIC_DIAMETER": null, "DOMESTIC_MATERIAL": null, "FIRE_LIN_DIAMETER": null, "INSTALLED_BY": "City of Vancouver", "FIRE_LIN_MATERIAL": null, "MAP_TOOLTIP": "150 CI n/a 1930", "UPDATED_DATE_iso": "2025-09-12", "COV_DATE_UPDATE_iso": "2025-09-12", "INSTALLATION_DATE_iso": "1930-01-01"}, "geometry": {"type": "LineString", "coordinates": [[-123.11587918064089, 49.246160953277816], [-123.11596451939333, 49.24616137138421]]}}, {"type": "Feature", "properties": {"SHAPE_Length": 61.04790093890465, "OBJECTID": 21326317, "COV_SOURCE_KEY": "4718445", "UPDATED_DATE": 1757711051000, "COV_DATE_UPDATE": 1757711051000, "TBFID": 4718446, "ORACLE_ID": "__HC2Z3Y", "UNIT_ID_1": "4316195", "UNIT_ID_2": "4713540", "MAIN_COMP1": 43, "MAIN_KEY_1": 885841, "MAIN_COMP2": 43, "MAIN_KEY_2": 1564630, "ADDRESS_KEY": 154978, "INSTALLATION_DATE": -1262275200000, "DEPTH_OF_COVER_M": 0.9100000262260437, "RESTRAINED_JOINT": 0, "CATHODICALLY_PROTECTED": 0, "REMARKS": null, "ASSET_DESCRIPTION": "500 W 29TH AV", "SPLIT_ON_CITYSIDE": null, "COMPKEY": 1609133, "COMPTYPE": 41, "COATING_DATE": null, "LINING_DATE": null, "UPDATED_BY": "enyamw", "WATERMAIN_KEY": 105724, "BUN": null, "PIPE_LENGTH_M": 61.048, "PARALLEL_LINE_NUMBER": null, "PRESSURE_ZONE": 172, "PIPE_USE": "Water Main", "SERVICE_STATUS": "Out of Service-Abandoned", "SUBSYSTEM": "Distribution", "OWNER": "COVAV", "OPERATOR": "COVAV", "DIAMETER": "200 mm", "PIPE_CLASS": null, "MATERIAL": "Cast Iron", "LINING_MATERIAL": "blank", "COATING_MATERIAL": "blank", "FACET": "O16", "CONNECTION_TYPE": null, "DOMESTIC_DIAMETER": null, "DOMESTIC_MATERIAL": null, "FIRE_LIN_DIAMETER": null, "INSTALLED_BY": "City of Vancouver", "FIRE_LIN_MATERIAL": null, "MAP_TOOLTIP": "200 CI n/a 1930", "UPDATED_DATE_iso": "2025-09-12", "COV_DATE_UPDATE_iso": "2025-09-12", "INSTALLATION_DATE_iso": "1930-01-01"}, "geometry": {"type": "LineString", "coordinates": [[-123.11809512472962, 49.2453223684645], [-123.1172566352593, 49.245308182483825]]}}, {"type": "Feature", "properties": {"SHAPE_Length": 63.29036492217256, "OBJECTID": 21326318, "COV_SOURCE_KEY": "4718447", "UPDATED_DATE": 1757711054000, "COV_DATE_UPDATE": 1757711054000, "TBFID": 4718448, "ORACLE_ID": "__HC2Z3Z", "UNIT_ID_1": "4713542", "UNIT_ID_2": "4258355", "MAIN_COMP1": 43, "MAIN_KEY_1": 1564635, "MAIN_COMP2": 43, "MAIN_KEY_2": 847711, "ADDRESS_KEY": 154978, "INSTALLATION_DATE": -1262275200000, "DEPTH_OF_COVER_M": 0.9100000262260437, "RESTRAINED_JOINT": 0, "CATHODICALLY_PROTECTED": 0, "REMARKS": null, "ASSET_DESCRIPTION": "500 W 29TH AV", "SPLIT_ON_CITYSIDE": null, "COMPKEY": 1609137, "COMPTYPE": 41, "COATING_DATE": null, "LINING_DATE": null, "UPDATED_BY": "enyamw", "WATERMAIN_KEY": 105728, "BUN": null, "PIPE_LENGTH_M": 63.29, "PARALLEL_LINE_NUMBER": null, "PRESSURE_ZONE": 172, "PIPE_USE": "Water Main", "SERVICE_STATUS": "Out of Service-Abandoned", "SUBSYSTEM": "Distribution", "OWNER": "COVAV", "OPERATOR": "COVAV", "DIAMETER": "200 mm", "PIPE_CLASS": null, "MATERIAL": "Cast Iron", "LINING_MATERIAL": "blank", "COATING_MATERIAL": "blank", "FACET": "O16", "CONNECTION_TYPE": null, "DOMESTIC_DIAMETER": null, "DOMESTIC_MATERIAL": null, "FIRE_LIN_DIAMETER": null, "INSTALLED_BY": "City of Vancouver", "FIRE_LIN_MATERIAL": null, "MAP_TOOLTIP": "200 CI n/a 1930", "UPDATED_DATE_iso": "2025-09-12", "COV_DATE_UPDATE_iso": "2025-09-12", "INSTALLATION_DATE_iso": "1930-01-01"}, "geometry": {"type": "LineString", "coordinates": [[-123.11720652466735, 49.2453071359131], [-123.1163372436888, 49.2452922188938]]}}, {"type": "Feature", "properties": {"SHAPE_Length": 11.129701029404208, "OBJECTID": 21326320, "COV_SOURCE_KEY": "369648", "UPDATED_DATE": 1757711126000, "COV_DATE_UPDATE": 1757711126000, "TBFID": 4718456, "ORACLE_ID": "__FJ9IUX", "UNIT_ID_1": "4774019", "UNIT_ID_2": "64616", "MAIN_COMP1": 43, "MAIN_KEY_1": 1607123, "MAIN_COMP2": 46, "MAIN_KEY_2": 56089, "ADDRESS_KEY": 150386, "INSTALLATION_DATE": -820512000000, "DEPTH_OF_COVER_M": 0.9100000262260437, "RESTRAINED_JOINT": 0, "CATHODICALLY_PROTECTED": 0, "REMARKS": null, "ASSET_DESCRIPTION": "600 W 29TH AV", "SPLIT_ON_CITYSIDE": null, "COMPKEY": 235021, "COMPTYPE": 41, "COATING_DATE": null, "LINING_DATE": null, "UPDATED_BY": "enyamw", "WATERMAIN_KEY": 22620, "BUN": null, "PIPE_LENGTH_M": 11.13, "PARALLEL_LINE_NUMBER": "2", "PRESSURE_ZONE": 172, "PIPE_USE": "Water Main", "SERVICE_STATUS": "Out of Service-Abandoned", "SUBSYSTEM": "Distribution", "OWNER": "COVAV", "OPERATOR": "COVAV", "DIAMETER": "150 mm", "PIPE_CLASS": null, "MATERIAL": "Cast Iron", "LINING_MATERIAL": "blank", "COATING_MATERIAL": "blank", "FACET": "O16", "CONNECTION_TYPE": null, "DOMESTIC_DIAMETER": null, "DOMESTIC_MATERIAL": null, "FIRE_LIN_DIAMETER": null, "INSTALLED_BY": "City of Vancouver", "FIRE_LIN_MATERIAL": null, "MAP_TOOLTIP": "150 CI n/a 1944", "UPDATED_DATE_iso": "2025-09-12", "COV_DATE_UPDATE_iso": "2025-09-12", "INSTALLATION_DATE_iso": "1944-01-01"}, "geometry": {"type": "LineString", "coordinates": [[-123.11858424513578, 49.24533071876669], [-123.11873711718036, 49.245333143386596]]}}, {"type": "Feature", "properties": {"SHAPE_Length": 4.516988044800277, "OBJECTID": 21326322, "COV_SOURCE_KEY": "397536", "UPDATED_DATE": 1757711090000, "COV_DATE_UPDATE": 1757711090000, "TBFID": 4718467, "ORACLE_ID": "__FJA9UM", "UNIT_ID_1": "4774103", "UNIT_ID_2": "73006", "MAIN_COMP1": 43, "MAIN_KEY_1": 1607412, "MAIN_COMP2": 46, "MAIN_KEY_2": 96076, "ADDRESS_KEY": 154978, "INSTALLATION_DATE": -1262275200000, "DEPTH_OF_COVER_M": 0.9100000262260437, "RESTRAINED_JOINT": 0, "CATHODICALLY_PROTECTED": 0, "REMARKS": null, "ASSET_DESCRIPTION": "500 W 29TH AV", "SPLIT_ON_CITYSIDE": null, "COMPKEY": 271803, "COMPTYPE": 41, "COATING_DATE": null, "LINING_DATE": null, "UPDATED_BY": "enyamw", "WATERMAIN_KEY": 50066, "BUN": null, "PIPE_LENGTH_M": 4.517, "PARALLEL_LINE_NUMBER": null, "PRESSURE_ZONE": 172, "PIPE_USE": "Water Main", "SERVICE_STATUS": "Out of Service-Abandoned", "SUBSYSTEM": "Distribution", "OWNER": "COVAV", "OPERATOR": "COVAV", "DIAMETER": "200 mm", "PIPE_CLASS": null, "MATERIAL": "Cast Iron", "LINING_MATERIAL": "blank", "COATING_MATERIAL": "blank", "FACET": "O16", "CONNECTION_TYPE": null, "DOMESTIC_DIAMETER": null, "DOMESTIC_MATERIAL": null, "FIRE_LIN_DIAMETER": null, "INSTALLED_BY": "City of Vancouver", "FIRE_LIN_MATERIAL": null, "MAP_TOOLTIP": "200 CI n/a 1930", "UPDATED_DATE_iso": "2025-09-12", "COV_DATE_UPDATE_iso": "2025-09-12", "INSTALLATION_DATE_iso": "1930-01-01"}, "geometry": {"type": "LineString", "coordinates": [[-123.11851727595746, 49.24532962710067], [-123.11845523916051, 49.24532848536257]]}}, {"type": "Feature", "properties": {"SHAPE_Length": 0.7330982198951419, "OBJECTID": 21326776, "COV_SOURCE_KEY": "4607454", "UPDATED_DATE": 1717690596000, "COV_DATE_UPDATE": 1717690596000, "TBFID": 4717006, "ORACLE_ID": "__GPSOWQ", "UNIT_ID_1": "4607420", "UNIT_ID_2": "4606802", "MAIN_COMP1": 43, "MAIN_KEY_1": 938280, "MAIN_COMP2": 43, "MAIN_KEY_2": 938273, "ADDRESS_KEY": 153265, "INSTALLATION_DATE": 1583910000000, "DEPTH_OF_COVER_M": 0.8100000023841858, "RESTRAINED_JOINT": 0, "CATHODICALLY_PROTECTED": 0, "REMARKS": null, "ASSET_DESCRIPTION": "600 W 28TH AV", "SPLIT_ON_CITYSIDE": null, "COMPKEY": 938319, "COMPTYPE": 41, "COATING_DATE": null, "LINING_DATE": null, "UPDATED_BY": "KAQ2423", "WATERMAIN_KEY": 94709, "BUN": null, "PIPE_LENGTH_M": 1.00012799, "PARALLEL_LINE_NUMBER": null, "PRESSURE_ZONE": 172, "PIPE_USE": "Water Main", "SERVICE_STATUS": "Out of Service-Abandoned", "SUBSYSTEM": "Distribution", "OWNER": "COVAV", "OPERATOR": "COVAV", "DIAMETER": "150 mm", "PIPE_CLASS": null, "MATERIAL": "Ductile Iron Concrete Lined", "LINING_MATERIAL": "blank", "COATING_MATERIAL": "blank", "FACET": "O16", "CONNECTION_TYPE": null, "DOMESTIC_DIAMETER": null, "DOMESTIC_MATERIAL": null, "FIRE_LIN_DIAMETER": null, "INSTALLED_BY": "City of Vancouver", "FIRE_LIN_MATERIAL": null, "MAP_TOOLTIP": "150 DICL n/a 2020", "UPDATED_DATE_iso": "2024-06-06", "COV_DATE_UPDATE_iso": "2024-06-06", "INSTALLATION_DATE_iso": "2020-03-11"}, "geometry": {"type": "LineString", "coordinates": [[-123.11853154611255, 49.246205667379066], [-123.11854161761416, 49.24620576498845]]}}, {"type": "Feature", "properties": {"SHAPE_Length": 0.26702996084028746, "OBJECTID": 21326779, "COV_SOURCE_KEY": "4607454", "UPDATED_DATE": 1717690596000, "COV_DATE_UPDATE": 1717690596000, "TBFID": 4717005, "ORACLE_ID": "__GPSOWQ", "UNIT_ID_1": "4607420", "UNIT_ID_2": "4606802", "MAIN_COMP1": 43, "MAIN_KEY_1": 938280, "MAIN_COMP2": 43, "MAIN_KEY_2": 938273, "ADDRESS_KEY": 153265, "INSTALLATION_DATE": 1583910000000, "DEPTH_OF_COVER_M": 0.8100000023841858, "RESTRAINED_JOINT": 0, "CATHODICALLY_PROTECTED": 0, "REMARKS": null, "ASSET_DESCRIPTION": "600 W 28TH AV", "SPLIT_ON_CITYSIDE": null, "COMPKEY": 938319, "COMPTYPE": 41, "COATING_DATE": null, "LINING_DATE": null, "UPDATED_BY": "KAQ2423", "WATERMAIN_KEY": 94709, "BUN": null, "PIPE_LENGTH_M": 1.00012799, "PARALLEL_LINE_NUMBER": null, "PRESSURE_ZONE": 172, "PIPE_USE": "Water Main", "SERVICE_STATUS": "Out of Service-Abandoned", "SUBSYSTEM": "Distribution", "OWNER": "COVAV", "OPERATOR": "COVAV", "DIAMETER": "150 mm", "PIPE_CLASS": null, "MATERIAL": "Ductile Iron Concrete Lined", "LINING_MATERIAL": "blank", "COATING_MATERIAL": "blank", "FACET": "O16", "CONNECTION_TYPE": null, "DOMESTIC_DIAMETER": null, "DOMESTIC_MATERIAL": null, "FIRE_LIN_DIAMETER": null, "INSTALLED_BY": "City of Vancouver", "FIRE_LIN_MATERIAL": null, "MAP_TOOLTIP": "150 DICL n/a 2020", "UPDATED_DATE_iso": "2024-06-06", "COV_DATE_UPDATE_iso": "2024-06-06", "INSTALLATION_DATE_iso": "2020-03-11"}, "geometry": {"type": "LineString", "coordinates": [[-123.11852787751081, 49.246205635161935], [-123.11853154611255, 49.246205667379066]]}}, {"type": "Feature", "properties": {"SHAPE_Length": 52.024157321626085, "OBJECTID": 21327878, "COV_SOURCE_KEY": "377455", "UPDATED_DATE": 1757711107000, "COV_DATE_UPDATE": 1757711107000, "TBFID": 4716863, "ORACLE_ID": "__FJ9RJB", "UNIT_ID_1": "863515", "UNIT_ID_2": "4774072", "MAIN_COMP1": 43, "MAIN_KEY_1": 36098, "MAIN_COMP2": 43, "MAIN_KEY_2": 1607409, "ADDRESS_KEY": 150386, "INSTALLATION_DATE": -788889600000, "DEPTH_OF_COVER_M": 0.9100000262260437, "RESTRAINED_JOINT": 0, "CATHODICALLY_PROTECTED": 0, "REMARKS": null, "ASSET_DESCRIPTION": "600 W 29TH AV", "SPLIT_ON_CITYSIDE": null, "COMPKEY": 245994, "COMPTYPE": 41, "COATING_DATE": null, "LINING_DATE": null, "UPDATED_BY": "enyamw", "WATERMAIN_KEY": 31163, "BUN": null, "PIPE_LENGTH_M": 52.024, "PARALLEL_LINE_NUMBER": null, "PRESSURE_ZONE": 172, "PIPE_USE": "Water Main", "SERVICE_STATUS": "Out of Service-Abandoned", "SUBSYSTEM": "Distribution", "OWNER": "COVAV", "OPERATOR": "COVAV", "DIAMETER": "150 mm", "PIPE_CLASS": null, "MATERIAL": "Cast Iron", "LINING_MATERIAL": "blank", "COATING_MATERIAL": "blank", "FACET": "O16", "CONNECTION_TYPE": null, "DOMESTIC_DIAMETER": null, "DOMESTIC_MATERIAL": null, "FIRE_LIN_DIAMETER": null, "INSTALLED_BY": "City of Vancouver", "FIRE_LIN_MATERIAL": null, "MAP_TOOLTIP": "150 CI n/a 1945", "UPDATED_DATE_iso": "2025-09-12", "COV_DATE_UPDATE_iso": "2025-09-12", "INSTALLATION_DATE_iso": "1945-01-01"}, "geometry": {"type": "LineString", "coordinates": [[-123.1196180588144, 49.24534570950537], [-123.1203326392008, 49.245356985073286]]}}, {"type": "Feature", "properties": {"SHAPE_Length": 2.26555180900213, "OBJECTID": 21328757, "COV_SOURCE_KEY": "412848", "UPDATED_DATE": 1633376504000, "COV_DATE_UPDATE": 1633376504000, "TBFID": 4649729, "ORACLE_ID": "__FNHO3L", "UNIT_ID_1": "148475", "UNIT_ID_2": "4640738", "MAIN_COMP1": 43, "MAIN_KEY_1": 115429, "MAIN_COMP2": 43, "MAIN_KEY_2": 952948, "ADDRESS_KEY": 156485, "INSTALLATION_DATE": 1172736000000, "DEPTH_OF_COVER_M": 1.2000000476837158, "RESTRAINED_JOINT": 1, "CATHODICALLY_PROTECTED": 0, "REMARKS": null, "ASSET_DESCRIPTION": "4100 ASH ST", "SPLIT_ON_CITYSIDE": null, "COMPKEY": 289702, "COMPTYPE": 41, "COATING_DATE": null, "LINING_DATE": null, "UPDATED_BY": "enyamw", "WATERMAIN_KEY": 64498, "BUN": null, "PIPE_LENGTH_M": 2.33242614, "PARALLEL_LINE_NUMBER": null, "PRESSURE_ZONE": 172, "PIPE_USE": "Water Main", "SERVICE_STATUS": "Out of Service-Abandoned", "SUBSYSTEM": "Distribution", "OWNER": "COVAV", "OPERATOR": "COVAV", "DIAMETER": "150 mm", "PIPE_CLASS": null, "MATERIAL": "Ductile Iron Concrete Lined", "LINING_MATERIAL": "blank", "COATING_MATERIAL": "blank", "FACET": "O16", "CONNECTION_TYPE": null, "DOMESTIC_DIAMETER": null, "DOMESTIC_MATERIAL": null, "FIRE_LIN_DIAMETER": null, "INSTALLED_BY": "City of Vancouver", "FIRE_LIN_MATERIAL": null, "MAP_TOOLTIP": "150 DICL n/a 2007 RJ", "UPDATED_DATE_iso": "2021-10-04", "COV_DATE_UPDATE_iso": "2021-10-04", "INSTALLATION_DATE_iso": "2007-03-01"}, "geometry": {"type": "LineString", "coordinates": [[-123.11838732417505, 49.248902909654696], [-123.1184026186211, 49.248920659560596]]}}, {"type": "Feature", "properties": {"SHAPE_Length": 2.4271283452701127, "OBJECTID": 21328791, "COV_SOURCE_KEY": "4649891", "UPDATED_DATE": 1638992298000, "COV_DATE_UPDATE": 1638992298000, "TBFID": 4649892, "ORACLE_ID": "__GXGMD0", "UNIT_ID_1": "4640736", "UNIT_ID_2": "227002", "MAIN_COMP1": 43, "MAIN_KEY_1": 952953, "MAIN_COMP2": 43, "MAIN_KEY_2": 132994, "ADDRESS_KEY": 156485, "INSTALLATION_DATE": -1262275200000, "DEPTH_OF_COVER_M": 0.9100000262260437, "RESTRAINED_JOINT": 0, "CATHODICALLY_PROTECTED": 0, "REMARKS": null, "ASSET_DESCRIPTION": "4100 ASH ST", "SPLIT_ON_CITYSIDE": null, "COMPKEY": 952959, "COMPTYPE": 41, "COATING_DATE": null, "LINING_DATE": null, "UPDATED_BY": "ENHANMGETASK", "WATERMAIN_KEY": 97507, "BUN": null, "PIPE_LENGTH_M": 2.42712834, "PARALLEL_LINE_NUMBER": null, "PRESSURE_ZONE": 172, "PIPE_USE": "Water Main", "SERVICE_STATUS": "Out of Service-Abandoned", "SUBSYSTEM": "Distribution", "OWNER": "COVAV", "OPERATOR": "COVAV", "DIAMETER": "150 mm", "PIPE_CLASS": null, "MATERIAL": "Cast Iron", "LINING_MATERIAL": "blank", "COATING_MATERIAL": "blank", "FACET": "O16", "CONNECTION_TYPE": null, "DOMESTIC_DIAMETER": null, "DOMESTIC_MATERIAL": null, "FIRE_LIN_DIAMETER": null, "INSTALLED_BY": "City of Vancouver", "FIRE_LIN_MATERIAL": null, "MAP_TOOLTIP": "150 CI n/a 1930", "UPDATED_DATE_iso": "2021-12-08", "COV_DATE_UPDATE_iso": "2021-12-08", "INSTALLATION_DATE_iso": "1930-01-01"}, "geometry": {"type": "LineString", "coordinates": [[-123.11838277314996, 49.24886721225027], [-123.118381808528, 49.24888903566664]]}}, {"type": "Feature", "properties": {"SHAPE_Length": 84.55770576871808, "OBJECTID": 21328793, "COV_SOURCE_KEY": "385808", "UPDATED_DATE": 1633376522000, "COV_DATE_UPDATE": 1633376522000, "TBFID": 4649885, "ORACLE_ID": "__FJ9Y8G", "UNIT_ID_1": "214464", "UNIT_ID_2": "4640740", "MAIN_COMP1": 43, "MAIN_KEY_1": 128848, "MAIN_COMP2": 43, "MAIN_KEY_2": 952949, "ADDRESS_KEY": 156485, "INSTALLATION_DATE": -1262275200000, "DEPTH_OF_COVER_M": 0.9100000262260437, "RESTRAINED_JOINT": 0, "CATHODICALLY_PROTECTED": 0, "REMARKS": null, "ASSET_DESCRIPTION": "4100 ASH ST", "SPLIT_ON_CITYSIDE": null, "COMPKEY": 255424, "COMPTYPE": 41, "COATING_DATE": null, "LINING_DATE": null, "UPDATED_BY": "enyamw", "WATERMAIN_KEY": 37898, "BUN": null, "PIPE_LENGTH_M": 84.558, "PARALLEL_LINE_NUMBER": null, "PRESSURE_ZONE": 172, "PIPE_USE": "Water Main", "SERVICE_STATUS": "Out of Service-Abandoned", "SUBSYSTEM": "Distribution", "OWNER": "COVAV", "OPERATOR": "COVAV", "DIAMETER": "150 mm", "PIPE_CLASS": null, "MATERIAL": "Cast Iron", "LINING_MATERIAL": "blank", "COATING_MATERIAL": "blank", "FACET": "O16", "CONNECTION_TYPE": null, "DOMESTIC_DIAMETER": null, "DOMESTIC_MATERIAL": null, "FIRE_LIN_DIAMETER": null, "INSTALLED_BY": "City of Vancouver", "FIRE_LIN_MATERIAL": null, "MAP_TOOLTIP": "150 CI n/a 1930", "UPDATED_DATE_iso": "2021-10-04", "COV_DATE_UPDATE_iso": "2021-10-04", "INSTALLATION_DATE_iso": "1930-01-01"}, "geometry": {"type": "LineString", "coordinates": [[-123.11841675219463, 49.24810253785085], [-123.11838296878366, 49.2488628313728]]}}, {"type": "Feature", "properties": {"SHAPE_Length": 10.686854776191115, "OBJECTID": 21329199, "COV_SOURCE_KEY": "369651", "UPDATED_DATE": 1757711123000, "COV_DATE_UPDATE": 1757711123000, "TBFID": 4717453, "ORACLE_ID": "__FJ9IV0", "UNIT_ID_1": "4606804", "UNIT_ID_2": "64622", "MAIN_COMP1": 43, "MAIN_KEY_1": 938270, "MAIN_COMP2": 46, "MAIN_KEY_2": 56093, "ADDRESS_KEY": 157064, "INSTALLATION_DATE": -599587200000, "DEPTH_OF_COVER_M": 0.9100000262260437, "RESTRAINED_JOINT": 0, "CATHODICALLY_PROTECTED": 0, "REMARKS": null, "ASSET_DESCRIPTION": "500 W 27TH AV", "SPLIT_ON_CITYSIDE": null, "COMPKEY": 235024, "COMPTYPE": 41, "COATING_DATE": null, "LINING_DATE": null, "UPDATED_BY": "enyamw", "WATERMAIN_KEY": 22623, "BUN": null, "PIPE_LENGTH_M": 10.687, "PARALLEL_LINE_NUMBER": "2", "PRESSURE_ZONE": 172, "PIPE_USE": "Water Main", "SERVICE_STATUS": "Out of Service-Abandoned", "SUBSYSTEM": "Distribution", "OWNER": "COVAV", "OPERATOR": "COVAV", "DIAMETER": "150 mm", "PIPE_CLASS": null, "MATERIAL": "Cast Iron", "LINING_MATERIAL": "blank", "COATING_MATERIAL": "blank", "FACET": "O16", "CONNECTION_TYPE": null, "DOMESTIC_DIAMETER": null, "DOMESTIC_MATERIAL": null, "FIRE_LIN_DIAMETER": null, "INSTALLED_BY": "City of Vancouver", "FIRE_LIN_MATERIAL": null, "MAP_TOOLTIP": "150 CI n/a 1951", "UPDATED_DATE_iso": "2025-09-12", "COV_DATE_UPDATE_iso": "2025-09-12", "INSTALLATION_DATE_iso": "1951-01-01"}, "geometry": {"type": "LineString", "coordinates": [[-123.1185138932161, 49.2471425660375], [-123.11866069690043, 49.247144637174735]]}}, {"type": "Feature", "properties": {"SHAPE_Length": 3.9984807120580084, "OBJECTID": 21329200, "COV_SOURCE_KEY": "369641", "UPDATED_DATE": 1757711127000, "COV_DATE_UPDATE": 1757711127000, "TBFID": 4717460, "ORACLE_ID": "__FJ9IUQ", "UNIT_ID_1": "64621", "UNIT_ID_2": "4774011", "MAIN_COMP1": 46, "MAIN_KEY_1": 96063, "MAIN_COMP2": 43, "MAIN_KEY_2": 1607150, "ADDRESS_KEY": 151481, "INSTALLATION_DATE": -1262275200000, "DEPTH_OF_COVER_M": 0.9100000262260437, "RESTRAINED_JOINT": 0, "CATHODICALLY_PROTECTED": 0, "REMARKS": null, "ASSET_DESCRIPTION": "500 W 27TH AV", "SPLIT_ON_CITYSIDE": null, "COMPKEY": 235012, "COMPTYPE": 41, "COATING_DATE": null, "LINING_DATE": null, "UPDATED_BY": "enyamw", "WATERMAIN_KEY": 22613, "BUN": null, "PIPE_LENGTH_M": 3.998, "PARALLEL_LINE_NUMBER": "2", "PRESSURE_ZONE": 172, "PIPE_USE": "Water Main", "SERVICE_STATUS": "Out of Service-Abandoned", "SUBSYSTEM": "Distribution", "OWNER": "COVAV", "OPERATOR": "COVAV", "DIAMETER": "150 mm", "PIPE_CLASS": "Class 22 (Material is Cast Iron)", "MATERIAL": "Cast Iron", "LINING_MATERIAL": "blank", "COATING_MATERIAL": "blank", "FACET": "O16", "CONNECTION_TYPE": null, "DOMESTIC_DIAMETER": null, "DOMESTIC_MATERIAL": null, "FIRE_LIN_DIAMETER": null, "INSTALLED_BY": "City of Vancouver", "FIRE_LIN_MATERIAL": null, "MAP_TOOLTIP": "150 CI n/a 1930", "UPDATED_DATE_iso": "2025-09-12", "COV_DATE_UPDATE_iso": "2025-09-12", "INSTALLATION_DATE_iso": "1930-01-01"}, "geometry": {"type": "LineString", "coordinates": [[-123.11838169640892, 49.247140992475856], [-123.11843663033639, 49.24714149387855]]}}, {"type": "Feature", "properties": {"SHAPE_Length": 0.4992894950505435, "OBJECTID": 21329202, "COV_SOURCE_KEY": "4607251", "UPDATED_DATE": 1757711062000, "COV_DATE_UPDATE": 1757711062000, "TBFID": 4717469, "ORACLE_ID": "__GPRX0E", "UNIT_ID_1": "4774027", "UNIT_ID_2": "4607242", "MAIN_COMP1": 43, "MAIN_KEY_1": 1607120, "MAIN_COMP2": 43, "MAIN_KEY_2": 938279, "ADDRESS_KEY": 157064, "INSTALLATION_DATE": 1583910000000, "DEPTH_OF_COVER_M": 0.8100000023841858, "RESTRAINED_JOINT": 0, "CATHODICALLY_PROTECTED": 0, "REMARKS": null, "ASSET_DESCRIPTION": "600 W 27TH AV", "SPLIT_ON_CITYSIDE": null, "COMPKEY": 938320, "COMPTYPE": 41, "COATING_DATE": null, "LINING_DATE": null, "UPDATED_BY": "enyamw", "WATERMAIN_KEY": 94710, "BUN": null, "PIPE_LENGTH_M": 0.499, "PARALLEL_LINE_NUMBER": null, "PRESSURE_ZONE": 172, "PIPE_USE": "Water Main", "SERVICE_STATUS": "Out of Service-Abandoned", "SUBSYSTEM": "Distribution", "OWNER": "COVAV", "OPERATOR": "COVAV", "DIAMETER": "150 mm", "PIPE_CLASS": null, "MATERIAL": "Ductile Iron Concrete Lined", "LINING_MATERIAL": "blank", "COATING_MATERIAL": "blank", "FACET": "O16", "CONNECTION_TYPE": null, "DOMESTIC_DIAMETER": null, "DOMESTIC_MATERIAL": null, "FIRE_LIN_DIAMETER": null, "INSTALLED_BY": "City of Vancouver", "FIRE_LIN_MATERIAL": null, "MAP_TOOLTIP": "150 DICL n/a 2020", "UPDATED_DATE_iso": "2025-09-12", "COV_DATE_UPDATE_iso": "2025-09-12", "INSTALLATION_DATE_iso": "2020-03-11"}, "geometry": {"type": "LineString", "coordinates": [[-123.11848913269058, 49.24714216865841], [-123.11849598932587, 49.24714231454507]]}}, {"type": "Feature", "properties": {"SHAPE_Length": 59.855061356810026, "OBJECTID": 21329250, "COV_SOURCE_KEY": "369647", "UPDATED_DATE": 1757711127000, "COV_DATE_UPDATE": 1757711127000, "TBFID": 4717635, "ORACLE_ID": "__FJ9IUW", "UNIT_ID_1": "4606734", "UNIT_ID_2": "4774015", "MAIN_COMP1": 43, "MAIN_KEY_1": 938289, "MAIN_COMP2": 43, "MAIN_KEY_2": 1607149, "ADDRESS_KEY": 150857, "INSTALLATION_DATE": -1262275200000, "DEPTH_OF_COVER_M": 0.9100000262260437, "RESTRAINED_JOINT": 0, "CATHODICALLY_PROTECTED": 0, "REMARKS": null, "ASSET_DESCRIPTION": "4200 ASH ST", "SPLIT_ON_CITYSIDE": null, "COMPKEY": 235019, "COMPTYPE": 41, "COATING_DATE": null, "LINING_DATE": null, "UPDATED_BY": "enyamw", "WATERMAIN_KEY": 22619, "BUN": null, "PIPE_LENGTH_M": 59.855, "PARALLEL_LINE_NUMBER": "2", "PRESSURE_ZONE": 172, "PIPE_USE": "Water Main", "SERVICE_STATUS": "Out of Service-Abandoned", "SUBSYSTEM": "Distribution", "OWNER": "COVAV", "OPERATOR": "COVAV", "DIAMETER": "150 mm", "PIPE_CLASS": "Class 22 (Material is Cast Iron)", "MATERIAL": "Cast Iron", "LINING_MATERIAL": "blank", "COATING_MATERIAL": "blank", "FACET": "O16", "CONNECTION_TYPE": null, "DOMESTIC_DIAMETER": null, "DOMESTIC_MATERIAL": null, "FIRE_LIN_DIAMETER": null, "INSTALLED_BY": "City of Vancouver", "FIRE_LIN_MATERIAL": null, "MAP_TOOLTIP": "150 CI n/a 1930", "UPDATED_DATE_iso": "2025-09-12", "COV_DATE_UPDATE_iso": "2025-09-12", "INSTALLATION_DATE_iso": "1930-01-01"}, "geometry": {"type": "LineString", "coordinates": [[-123.1184421750705, 49.24747779294969], [-123.11842014521676, 49.2480160092435]]}}, {"type": "Feature", "properties": {"SHAPE_Length": 4.470096419146546, "OBJECTID": 21329251, "COV_SOURCE_KEY": "369640", "UPDATED_DATE": 1757711128000, "COV_DATE_UPDATE": 1757711128000, "TBFID": 4717643, "ORACLE_ID": "__FJ9IUP", "UNIT_ID_1": "64625", "UNIT_ID_2": "4774007", "MAIN_COMP1": 46, "MAIN_KEY_1": 96058, "MAIN_COMP2": 43, "MAIN_KEY_2": 1607148, "ADDRESS_KEY": 148298, "INSTALLATION_DATE": -1262275200000, "DEPTH_OF_COVER_M": 0.9100000262260437, "RESTRAINED_JOINT": 0, "CATHODICALLY_PROTECTED": 0, "REMARKS": null, "ASSET_DESCRIPTION": "500 W 26TH AV", "SPLIT_ON_CITYSIDE": null, "COMPKEY": 235010, "COMPTYPE": 41, "COATING_DATE": null, "LINING_DATE": null, "UPDATED_BY": "enyamw", "WATERMAIN_KEY": 22612, "BUN": null, "PIPE_LENGTH_M": 4.471, "PARALLEL_LINE_NUMBER": "2", "PRESSURE_ZONE": 172, "PIPE_USE": "Water Main", "SERVICE_STATUS": "Out of Service-Abandoned", "SUBSYSTEM": "Distribution", "OWNER": "COVAV", "OPERATOR": "COVAV", "DIAMETER": "150 mm", "PIPE_CLASS": "Class 22 (Material is Cast Iron)", "MATERIAL": "Cast Iron", "LINING_MATERIAL": "blank", "COATING_MATERIAL": "blank", "FACET": "O16", "CONNECTION_TYPE": null, "DOMESTIC_DIAMETER": null, "DOMESTIC_MATERIAL": null, "FIRE_LIN_DIAMETER": null, "INSTALLED_BY": "City of Vancouver", "FIRE_LIN_MATERIAL": null, "MAP_TOOLTIP": "150 CI n/a 1930", "UPDATED_DATE_iso": "2025-09-12", "COV_DATE_UPDATE_iso": "2025-09-12", "INSTALLATION_DATE_iso": "1930-01-01"}, "geometry": {"type": "LineString", "coordinates": [[-123.11834289730504, 49.24804476519335], [-123.11840430469756, 49.248045592804104]]}}, {"type": "Feature", "properties": {"SHAPE_Length": 4.055333771258971, "OBJECTID": 21329252, "COV_SOURCE_KEY": "397535", "UPDATED_DATE": 1757711091000, "COV_DATE_UPDATE": 1757711091000, "TBFID": 4717652, "ORACLE_ID": "__FJA9UL", "UNIT_ID_1": "4774099", "UNIT_ID_2": "64626", "MAIN_COMP1": 43, "MAIN_KEY_1": 1607414, "MAIN_COMP2": 46, "MAIN_KEY_2": 96055, "ADDRESS_KEY": 156485, "INSTALLATION_DATE": -1262275200000, "DEPTH_OF_COVER_M": 0.9100000262260437, "RESTRAINED_JOINT": 0, "CATHODICALLY_PROTECTED": 0, "REMARKS": null, "ASSET_DESCRIPTION": "4100 ASH ST", "SPLIT_ON_CITYSIDE": null, "COMPKEY": 271801, "COMPTYPE": 41, "COATING_DATE": null, "LINING_DATE": null, "UPDATED_BY": "enyamw", "WATERMAIN_KEY": 50065, "BUN": null, "PIPE_LENGTH_M": 4.055, "PARALLEL_LINE_NUMBER": null, "PRESSURE_ZONE": 172, "PIPE_USE": "Water Main", "SERVICE_STATUS": "Out of Service-Abandoned", "SUBSYSTEM": "Distribution", "OWNER": "COVAV", "OPERATOR": "COVAV", "DIAMETER": "150 mm", "PIPE_CLASS": null, "MATERIAL": "Cast Iron", "LINING_MATERIAL": "blank", "COATING_MATERIAL": "blank", "FACET": "O16", "CONNECTION_TYPE": null, "DOMESTIC_DIAMETER": null, "DOMESTIC_MATERIAL": null, "FIRE_LIN_DIAMETER": null, "INSTALLED_BY": "City of Vancouver", "FIRE_LIN_MATERIAL": null, "MAP_TOOLTIP": "150 CI n/a 1930", "UPDATED_DATE_iso": "2025-09-12", "COV_DATE_UPDATE_iso": "2025-09-12", "INSTALLATION_DATE_iso": "1930-01-01"}, "geometry": {"type": "LineString", "coordinates": [[-123.11841843439677, 49.248059035188405], [-123.11841709261938, 49.248095503231106]]}}, {"type": "Feature", "properties": {"SHAPE_Length": 11.426481698492216, "OBJECTID": 21329253, "COV_SOURCE_KEY": "369650", "UPDATED_DATE": 1757711124000, "COV_DATE_UPDATE": 1757711124000, "TBFID": 4717660, "ORACLE_ID": "__FJ9IUZ", "UNIT_ID_1": "4774023", "UNIT_ID_2": "64624", "MAIN_COMP1": 43, "MAIN_KEY_1": 1607124, "MAIN_COMP2": 46, "MAIN_KEY_2": 56095, "ADDRESS_KEY": 154632, "INSTALLATION_DATE": -915120000000, "DEPTH_OF_COVER_M": 0.9100000262260437, "RESTRAINED_JOINT": 0, "CATHODICALLY_PROTECTED": 0, "REMARKS": null, "ASSET_DESCRIPTION": "4100 ASH ST", "SPLIT_ON_CITYSIDE": null, "COMPKEY": 235023, "COMPTYPE": 41, "COATING_DATE": null, "LINING_DATE": null, "UPDATED_BY": "enyamw", "WATERMAIN_KEY": 22622, "BUN": null, "PIPE_LENGTH_M": 11.426, "PARALLEL_LINE_NUMBER": "2", "PRESSURE_ZONE": 172, "PIPE_USE": "Water Main", "SERVICE_STATUS": "Out of Service-Abandoned", "SUBSYSTEM": "Distribution", "OWNER": "COVAV", "OPERATOR": "COVAV", "DIAMETER": "150 mm", "PIPE_CLASS": null, "MATERIAL": "Cast Iron", "LINING_MATERIAL": "blank", "COATING_MATERIAL": "blank", "FACET": "O16", "CONNECTION_TYPE": null, "DOMESTIC_DIAMETER": null, "DOMESTIC_MATERIAL": null, "FIRE_LIN_DIAMETER": null, "INSTALLED_BY": "City of Vancouver", "FIRE_LIN_MATERIAL": null, "MAP_TOOLTIP": "150 CI n/a 1941", "UPDATED_DATE_iso": "2025-09-12", "COV_DATE_UPDATE_iso": "2025-09-12", "INSTALLATION_DATE_iso": "1941-01-01"}, "geometry": {"type": "LineString", "coordinates": [[-123.11846528657415, 49.248046600723164], [-123.11862223482946, 49.24804931815901]]}}, {"type": "Feature", "properties": {"SHAPE_Length": 7.225343244681748, "OBJECTID": 21329254, "COV_SOURCE_KEY": "397039", "UPDATED_DATE": 1757711095000, "COV_DATE_UPDATE": 1757711095000, "TBFID": 4717701, "ORACLE_ID": "__FJA9E6", "UNIT_ID_1": "4774094", "UNIT_ID_2": "74976", "MAIN_COMP1": 43, "MAIN_KEY_1": 1607416, "MAIN_COMP2": 46, "MAIN_KEY_2": 96029, "ADDRESS_KEY": 148298, "INSTALLATION_DATE": -1262275200000, "DEPTH_OF_COVER_M": 0.9100000262260437, "RESTRAINED_JOINT": 0, "CATHODICALLY_PROTECTED": 0, "REMARKS": null, "ASSET_DESCRIPTION": "500 W 26TH AV", "SPLIT_ON_CITYSIDE": null, "COMPKEY": 271235, "COMPTYPE": 41, "COATING_DATE": null, "LINING_DATE": null, "UPDATED_BY": "enyamw", "WATERMAIN_KEY": 49612, "BUN": null, "PIPE_LENGTH_M": 6.253, "PARALLEL_LINE_NUMBER": null, "PRESSURE_ZONE": 172, "PIPE_USE": "Water Main", "SERVICE_STATUS": "Out of Service-Abandoned", "SUBSYSTEM": "Distribution", "OWNER": "COVAV", "OPERATOR": "COVAV", "DIAMETER": "150 mm", "PIPE_CLASS": null, "MATERIAL": "Cast Iron", "LINING_MATERIAL": "blank", "COATING_MATERIAL": "blank", "FACET": "O16", "CONNECTION_TYPE": null, "DOMESTIC_DIAMETER": null, "DOMESTIC_MATERIAL": null, "FIRE_LIN_DIAMETER": null, "INSTALLED_BY": "City of Vancouver", "FIRE_LIN_MATERIAL": null, "MAP_TOOLTIP": "150 CI n/a 1930", "UPDATED_DATE_iso": "2025-09-12", "COV_DATE_UPDATE_iso": "2025-09-12", "INSTALLATION_DATE_iso": "1930-01-01"}, "geometry": {"type": "LineString", "coordinates": [[-123.1157844843042, 49.24799942191263], [-123.11588373406028, 49.24800097752684]]}}, {"type": "Feature", "properties": {"SHAPE_Length": 1.1670038554673883, "OBJECTID": 21329498, "COV_SOURCE_KEY": "385295", "UPDATED_DATE": 1270096848000, "COV_DATE_UPDATE": 1270096848000, "TBFID": 450680, "ORACLE_ID": "__FJ9Y3B", "UNIT_ID_1": "T__FP5D7C", "UNIT_ID_2": "T__FP5QI6", "MAIN_COMP1": 43, "MAIN_KEY_1": 132396, "MAIN_COMP2": 43, "MAIN_KEY_2": 153841, "ADDRESS_KEY": 151546, "INSTALLATION_DATE": -157737600000, "DEPTH_OF_COVER_M": 0.9100000262260437, "RESTRAINED_JOINT": 0, "CATHODICALLY_PROTECTED": 0, "REMARKS": null, "ASSET_DESCRIPTION": "500 W KING EDWARD AV", "SPLIT_ON_CITYSIDE": null, "COMPKEY": 255248, "COMPTYPE": 41, "COATING_DATE": null, "LINING_DATE": null, "UPDATED_BY": "enfoz", "WATERMAIN_KEY": 37762, "BUN": null, "PIPE_LENGTH_M": 1.16699772, "PARALLEL_LINE_NUMBER": null, "PRESSURE_ZONE": null, "PIPE_USE": "Water Main", "SERVICE_STATUS": "Out of Service-Abandoned", "SUBSYSTEM": "Distribution", "OWNER": "COVAV", "OPERATOR": "COVAV", "DIAMETER": "150 mm", "PIPE_CLASS": null, "MATERIAL": "Cast Iron", "LINING_MATERIAL": "blank", "COATING_MATERIAL": "blank", "FACET": "O16", "CONNECTION_TYPE": null, "DOMESTIC_DIAMETER": null, "DOMESTIC_MATERIAL": null, "FIRE_LIN_DIAMETER": null, "INSTALLED_BY": "City of Vancouver", "FIRE_LIN_MATERIAL": null, "MAP_TOOLTIP": "150 CI n/a 1965", "UPDATED_DATE_iso": "2010-04-01", "COV_DATE_UPDATE_iso": "2010-04-01", "INSTALLATION_DATE_iso": "1965-01-01"}, "geometry": {"type": "LineString", "coordinates": [[-123.11609638584463, 49.248994359201745], [-123.11609632000933, 49.24898386183484]]}}, {"type": "Feature", "properties": {"SHAPE_Length": 120.7707265852824, "OBJECTID": 21329839, "COV_SOURCE_KEY": "370403", "UPDATED_DATE": 1757711123000, "COV_DATE_UPDATE": 1757711123000, "TBFID": 4732872, "ORACLE_ID": "__FJ9J2G", "UNIT_ID_1": "4263736", "UNIT_ID_2": "4732871", "MAIN_COMP1": 43, "MAIN_KEY_1": 856808, "MAIN_COMP2": 43, "MAIN_KEY_2": 1606541, "ADDRESS_KEY": 148298, "INSTALLATION_DATE": -1262275200000, "DEPTH_OF_COVER_M": 0.9100000262260437, "RESTRAINED_JOINT": 0, "CATHODICALLY_PROTECTED": 0, "REMARKS": null, "ASSET_DESCRIPTION": "500 W 26TH AV", "SPLIT_ON_CITYSIDE": null, "COMPKEY": 235262, "COMPTYPE": 41, "COATING_DATE": null, "LINING_DATE": null, "UPDATED_BY": "enyamw", "WATERMAIN_KEY": 22807, "BUN": null, "PIPE_LENGTH_M": 120.77, "PARALLEL_LINE_NUMBER": null, "PRESSURE_ZONE": 172, "PIPE_USE": "Water Main", "SERVICE_STATUS": "Out of Service-Abandoned", "SUBSYSTEM": "Distribution", "OWNER": "COVAV", "OPERATOR": "COVAV", "DIAMETER": "150 mm", "PIPE_CLASS": null, "MATERIAL": "Cast Iron", "LINING_MATERIAL": "blank", "COATING_MATERIAL": "blank", "FACET": "O16", "CONNECTION_TYPE": null, "DOMESTIC_DIAMETER": null, "DOMESTIC_MATERIAL": null, "FIRE_LIN_DIAMETER": null, "INSTALLED_BY": "City of Vancouver", "FIRE_LIN_MATERIAL": null, "MAP_TOOLTIP": "150 CI n/a 1930", "UPDATED_DATE_iso": "2025-09-12", "COV_DATE_UPDATE_iso": "2025-09-12", "INSTALLATION_DATE_iso": "1930-01-01"}, "geometry": {"type": "LineString", "coordinates": [[-123.1165857817574, 49.248013197362916], [-123.11824458121045, 49.24804299485059]]}}, {"type": "Feature", "properties": {"SHAPE_Length": 4.583929864596567, "OBJECTID": 21329840, "COV_SOURCE_KEY": "4732878", "UPDATED_DATE": 1757710945000, "COV_DATE_UPDATE": 1757710945000, "TBFID": 4732879, "ORACLE_ID": "__HDKII1", "UNIT_ID_1": "4732863", "UNIT_ID_2": "64625", "MAIN_COMP1": 43, "MAIN_KEY_1": 1606544, "MAIN_COMP2": 46, "MAIN_KEY_2": 96058, "ADDRESS_KEY": 148298, "INSTALLATION_DATE": -1262275200000, "DEPTH_OF_COVER_M": 0.9100000262260437, "RESTRAINED_JOINT": 0, "CATHODICALLY_PROTECTED": 0, "REMARKS": null, "ASSET_DESCRIPTION": "500 W 26TH AV", "SPLIT_ON_CITYSIDE": null, "COMPKEY": 1606749, "COMPTYPE": 41, "COATING_DATE": null, "LINING_DATE": null, "UPDATED_BY": "enyamw", "WATERMAIN_KEY": 105521, "BUN": null, "PIPE_LENGTH_M": 4.584, "PARALLEL_LINE_NUMBER": null, "PRESSURE_ZONE": 172, "PIPE_USE": "Water Main", "SERVICE_STATUS": "Out of Service-Abandoned", "SUBSYSTEM": "Distribution", "OWNER": "COVAV", "OPERATOR": "COVAV", "DIAMETER": "150 mm", "PIPE_CLASS": null, "MATERIAL": "Cast Iron", "LINING_MATERIAL": "blank", "COATING_MATERIAL": "blank", "FACET": "O16", "CONNECTION_TYPE": null, "DOMESTIC_DIAMETER": null, "DOMESTIC_MATERIAL": null, "FIRE_LIN_DIAMETER": null, "INSTALLED_BY": "City of Vancouver", "FIRE_LIN_MATERIAL": null, "MAP_TOOLTIP": "150 CI n/a 1930", "UPDATED_DATE_iso": "2025-09-12", "COV_DATE_UPDATE_iso": "2025-09-12", "INSTALLATION_DATE_iso": "1930-01-01"}, "geometry": {"type": "LineString", "coordinates": [[-123.11827993653355, 49.24804363330243], [-123.11834289730504, 49.24804476519335]]}}, {"type": "Feature", "properties": {"SHAPE_Length": 0.6320284796650532, "OBJECTID": 21331925, "COV_SOURCE_KEY": "4721395", "UPDATED_DATE": 1757711050000, "COV_DATE_UPDATE": 1757711050000, "TBFID": 4721396, "ORACLE_ID": "__HC8TEH", "UNIT_ID_1": "863046", "UNIT_ID_2": "4713843", "MAIN_COMP1": 43, "MAIN_KEY_1": 827984, "MAIN_COMP2": 43, "MAIN_KEY_2": 1564683, "ADDRESS_KEY": 153949, "INSTALLATION_DATE": -946742400000, "DEPTH_OF_COVER_M": 0.9100000262260437, "RESTRAINED_JOINT": 0, "CATHODICALLY_PROTECTED": 0, "REMARKS": null, "ASSET_DESCRIPTION": "700 W 27TH AV", "SPLIT_ON_CITYSIDE": null, "COMPKEY": 1609132, "COMPTYPE": 41, "COATING_DATE": null, "LINING_DATE": null, "UPDATED_BY": "enyamw", "WATERMAIN_KEY": 105723, "BUN": null, "PIPE_LENGTH_M": 0.632, "PARALLEL_LINE_NUMBER": null, "PRESSURE_ZONE": 173, "PIPE_USE": "Water Main", "SERVICE_STATUS": "Out of Service-Abandoned", "SUBSYSTEM": "Distribution", "OWNER": "COVAV", "OPERATOR": "COVAV", "DIAMETER": "150 mm", "PIPE_CLASS": null, "MATERIAL": "Cast Iron", "LINING_MATERIAL": "blank", "COATING_MATERIAL": "blank", "FACET": "N16", "CONNECTION_TYPE": null, "DOMESTIC_DIAMETER": null, "DOMESTIC_MATERIAL": null, "FIRE_LIN_DIAMETER": null, "INSTALLED_BY": "City of Vancouver", "FIRE_LIN_MATERIAL": null, "MAP_TOOLTIP": "150 CI n/a 1940", "UPDATED_DATE_iso": "2025-09-12", "COV_DATE_UPDATE_iso": "2025-09-12", "INSTALLATION_DATE_iso": "1940-01-01"}, "geometry": {"type": "LineString", "coordinates": [[-123.12227619341257, 49.24719222999167], [-123.12226750957996, 49.24719218521065]]}}, {"type": "Feature", "properties": {"SHAPE_Length": 0.5100156867315998, "OBJECTID": 21331926, "COV_SOURCE_KEY": "4721397", "UPDATED_DATE": 1757710939000, "COV_DATE_UPDATE": 1757710939000, "TBFID": 4721398, "ORACLE_ID": "__HC8TEI", "UNIT_ID_1": "61771", "UNIT_ID_2": "863046", "MAIN_COMP1": 46, "MAIN_KEY_1": 99465, "MAIN_COMP2": 43, "MAIN_KEY_2": 827984, "ADDRESS_KEY": 153949, "INSTALLATION_DATE": -946742400000, "DEPTH_OF_COVER_M": 0.9100000262260437, "RESTRAINED_JOINT": 0, "CATHODICALLY_PROTECTED": 0, "REMARKS": null, "ASSET_DESCRIPTION": "700 W 27TH AV", "SPLIT_ON_CITYSIDE": null, "COMPKEY": 1606700, "COMPTYPE": 41, "COATING_DATE": null, "LINING_DATE": null, "UPDATED_BY": "enyamw", "WATERMAIN_KEY": 105515, "BUN": null, "PIPE_LENGTH_M": 0.51, "PARALLEL_LINE_NUMBER": null, "PRESSURE_ZONE": 173, "PIPE_USE": "Water Main", "SERVICE_STATUS": "Out of Service-Abandoned", "SUBSYSTEM": "Distribution", "OWNER": "COVAV", "OPERATOR": "COVAV", "DIAMETER": "150 mm", "PIPE_CLASS": null, "MATERIAL": "Cast Iron", "LINING_MATERIAL": "blank", "COATING_MATERIAL": "blank", "FACET": "N16", "CONNECTION_TYPE": null, "DOMESTIC_DIAMETER": null, "DOMESTIC_MATERIAL": null, "FIRE_LIN_DIAMETER": null, "INSTALLED_BY": "City of Vancouver", "FIRE_LIN_MATERIAL": null, "MAP_TOOLTIP": "150 CI n/a 1940", "UPDATED_DATE_iso": "2025-09-12", "COV_DATE_UPDATE_iso": "2025-09-12", "INSTALLATION_DATE_iso": "1940-01-01"}, "geometry": {"type": "LineString", "coordinates": [[-123.12228320091708, 49.24719225855584], [-123.12227619341257, 49.24719222999167]]}}, {"type": "Feature", "properties": {"SHAPE_Length": 3.240962974400397, "OBJECTID": 21331928, "COV_SOURCE_KEY": "4721491", "UPDATED_DATE": 1757711055000, "COV_DATE_UPDATE": 1757711055000, "TBFID": 4721492, "ORACLE_ID": "__HC8TF2", "UNIT_ID_1": "61574", "UNIT_ID_2": "4717495", "MAIN_COMP1": 46, "MAIN_KEY_1": 60174, "MAIN_COMP2": 43, "MAIN_KEY_2": 1564647, "ADDRESS_KEY": 157064, "INSTALLATION_DATE": -599587200000, "DEPTH_OF_COVER_M": 0.9100000262260437, "RESTRAINED_JOINT": 0, "CATHODICALLY_PROTECTED": 0, "REMARKS": null, "ASSET_DESCRIPTION": "600 W 27TH AV", "SPLIT_ON_CITYSIDE": null, "COMPKEY": 1609138, "COMPTYPE": 41, "COATING_DATE": null, "LINING_DATE": null, "UPDATED_BY": "enyamw", "WATERMAIN_KEY": 105729, "BUN": null, "PIPE_LENGTH_M": 3.241, "PARALLEL_LINE_NUMBER": null, "PRESSURE_ZONE": 172, "PIPE_USE": "Water Main", "SERVICE_STATUS": "Out of Service-Abandoned", "SUBSYSTEM": "Distribution", "OWNER": "COVAV", "OPERATOR": "COVAV", "DIAMETER": "150 mm", "PIPE_CLASS": null, "MATERIAL": "Cast Iron", "LINING_MATERIAL": "blank", "COATING_MATERIAL": "blank", "FACET": "O16", "CONNECTION_TYPE": null, "DOMESTIC_DIAMETER": null, "DOMESTIC_MATERIAL": null, "FIRE_LIN_DIAMETER": null, "INSTALLED_BY": "City of Vancouver", "FIRE_LIN_MATERIAL": null, "MAP_TOOLTIP": "150 CI n/a 1951", "UPDATED_DATE_iso": "2025-09-12", "COV_DATE_UPDATE_iso": "2025-09-12", "INSTALLATION_DATE_iso": "1951-01-01"}, "geometry": {"type": "LineString", "coordinates": [[-123.12032149878247, 49.24717308947838], [-123.12036601819518, 49.2471737537284]]}}, {"type": "Feature", "properties": {"SHAPE_Length": 37.23256710293434, "OBJECTID": 21331979, "COV_SOURCE_KEY": "377633", "UPDATED_DATE": 1752267943000, "COV_DATE_UPDATE": 1752267943000, "TBFID": 4747972, "ORACLE_ID": "__FJ9RL6", "UNIT_ID_1": "142758", "UNIT_ID_2": "4747971", "MAIN_COMP1": 43, "MAIN_KEY_1": 46952, "MAIN_COMP2": 43, "MAIN_KEY_2": 1605357, "ADDRESS_KEY": 156683, "INSTALLATION_DATE": -568051200000, "DEPTH_OF_COVER_M": 0.9100000262260437, "RESTRAINED_JOINT": 0, "CATHODICALLY_PROTECTED": 0, "REMARKS": null, "ASSET_DESCRIPTION": "4900 5000  HEATHER ST", "SPLIT_ON_CITYSIDE": null, "COMPKEY": 246059, "COMPTYPE": 41, "COATING_DATE": null, "LINING_DATE": null, "UPDATED_BY": "enyamw", "WATERMAIN_KEY": 31215, "BUN": null, "PIPE_LENGTH_M": 37.233, "PARALLEL_LINE_NUMBER": null, "PRESSURE_ZONE": 173, "PIPE_USE": "Water Main", "SERVICE_STATUS": "Out of Service-Abandoned", "SUBSYSTEM": "Distribution", "OWNER": "COVAV", "OPERATOR": "COVAV", "DIAMETER": "150 mm", "PIPE_CLASS": null, "MATERIAL": "Cast Iron", "LINING_MATERIAL": "blank", "COATING_MATERIAL": "blank", "FACET": "O17", "CONNECTION_TYPE": null, "DOMESTIC_DIAMETER": null, "DOMESTIC_MATERIAL": null, "FIRE_LIN_DIAMETER": null, "INSTALLED_BY": "City of Vancouver", "FIRE_LIN_MATERIAL": null, "MAP_TOOLTIP": "150 CI n/a 1952", "UPDATED_DATE_iso": "2025-07-11", "COV_DATE_UPDATE_iso": "2025-07-11", "INSTALLATION_DATE_iso": "1952-01-01"}, "geometry": {"type": "LineString", "coordinates": [[-123.12056587009111, 49.24101797833779], [-123.12057724084505, 49.240683145548715]]}}, {"type": "Feature", "properties": {"SHAPE_Length": 0.3280015241338827, "OBJECTID": 21332265, "COV_SOURCE_KEY": "407395", "UPDATED_DATE": 1757711080000, "COV_DATE_UPDATE": 1757711080000, "TBFID": 4718278, "ORACLE_ID": "__FJGSTL", "UNIT_ID_1": "4774112", "UNIT_ID_2": "61566", "MAIN_COMP1": 43, "MAIN_KEY_1": 1607406, "MAIN_COMP2": 46, "MAIN_KEY_2": 99706, "ADDRESS_KEY": 156037, "INSTALLATION_DATE": -820512000000, "DEPTH_OF_COVER_M": 0.9100000262260437, "RESTRAINED_JOINT": 0, "CATHODICALLY_PROTECTED": 0, "REMARKS": null, "ASSET_DESCRIPTION": "700 W 28TH AV", "SPLIT_ON_CITYSIDE": null, "COMPKEY": 283504, "COMPTYPE": 41, "COATING_DATE": null, "LINING_DATE": null, "UPDATED_BY": "enyamw", "WATERMAIN_KEY": 59486, "BUN": null, "PIPE_LENGTH_M": 0.328, "PARALLEL_LINE_NUMBER": null, "PRESSURE_ZONE": 173, "PIPE_USE": "Water Main", "SERVICE_STATUS": "Out of Service-Abandoned", "SUBSYSTEM": "Distribution", "OWNER": "COVAV", "OPERATOR": "COVAV", "DIAMETER": "150 mm", "PIPE_CLASS": null, "MATERIAL": "Cast Iron", "LINING_MATERIAL": "blank", "COATING_MATERIAL": "blank", "FACET": "O16", "CONNECTION_TYPE": null, "DOMESTIC_DIAMETER": null, "DOMESTIC_MATERIAL": null, "FIRE_LIN_DIAMETER": null, "INSTALLED_BY": "City of Vancouver", "FIRE_LIN_MATERIAL": null, "MAP_TOOLTIP": "150 CI n/a 1944", "UPDATED_DATE_iso": "2025-09-12", "COV_DATE_UPDATE_iso": "2025-09-12", "INSTALLATION_DATE_iso": "1944-01-01"}, "geometry": {"type": "LineString", "coordinates": [[-123.12061939975555, 49.24623785925186], [-123.12062390642093, 49.24623786354188]]}}, {"type": "Feature", "properties": {"SHAPE_Length": 4.013734919125299, "OBJECTID": 21333293, "COV_SOURCE_KEY": "367776", "UPDATED_DATE": 1757711132000, "COV_DATE_UPDATE": 1757711132000, "TBFID": 4717289, "ORACLE_ID": "__FJ9GRV", "UNIT_ID_1": "4773994", "UNIT_ID_2": "64636", "MAIN_COMP1": 43, "MAIN_KEY_1": 1607144, "MAIN_COMP2": 46, "MAIN_KEY_2": 96037, "ADDRESS_KEY": 151481, "INSTALLATION_DATE": -1262275200000, "DEPTH_OF_COVER_M": 0.9100000262260437, "RESTRAINED_JOINT": 0, "CATHODICALLY_PROTECTED": 0, "REMARKS": null, "ASSET_DESCRIPTION": "500 W 27TH AV", "SPLIT_ON_CITYSIDE": null, "COMPKEY": 232242, "COMPTYPE": 41, "COATING_DATE": null, "LINING_DATE": null, "UPDATED_BY": "enyamw", "WATERMAIN_KEY": 20475, "BUN": null, "PIPE_LENGTH_M": 4.014, "PARALLEL_LINE_NUMBER": "2", "PRESSURE_ZONE": 172, "PIPE_USE": "Water Main", "SERVICE_STATUS": "Out of Service-Abandoned", "SUBSYSTEM": "Distribution", "OWNER": "COVAV", "OPERATOR": "COVAV", "DIAMETER": "150 mm", "PIPE_CLASS": "Class 22 (Material is Cast Iron)", "MATERIAL": "Cast Iron", "LINING_MATERIAL": "blank", "COATING_MATERIAL": "blank", "FACET": "O16", "CONNECTION_TYPE": null, "DOMESTIC_DIAMETER": null, "DOMESTIC_MATERIAL": null, "FIRE_LIN_DIAMETER": null, "INSTALLED_BY": "City of Vancouver", "FIRE_LIN_MATERIAL": null, "MAP_TOOLTIP": "150 CI n/a 1930", "UPDATED_DATE_iso": "2025-09-12", "COV_DATE_UPDATE_iso": "2025-09-12", "INSTALLATION_DATE_iso": "1930-01-01"}, "geometry": {"type": "LineString", "coordinates": [[-123.11586901304895, 49.24709451578234], [-123.11592414044087, 49.247095521918716]]}}, {"type": "Feature", "properties": {"SHAPE_Length": 0.5112201090812311, "OBJECTID": 21333688, "COV_SOURCE_KEY": "4720020", "UPDATED_DATE": 1757711044000, "COV_DATE_UPDATE": 1757711044000, "TBFID": 4720021, "ORACLE_ID": "__HC6B9C", "UNIT_ID_1": "4717621", "UNIT_ID_2": "142744", "MAIN_COMP1": 43, "MAIN_KEY_1": 1564657, "MAIN_COMP2": 43, "MAIN_KEY_2": 46958, "ADDRESS_KEY": 149565, "INSTALLATION_DATE": 315561600000, "DEPTH_OF_COVER_M": 0.9100000262260437, "RESTRAINED_JOINT": 0, "CATHODICALLY_PROTECTED": 0, "REMARKS": null, "ASSET_DESCRIPTION": "4200 HEATHER ST", "SPLIT_ON_CITYSIDE": null, "COMPKEY": 1609125, "COMPTYPE": 41, "COATING_DATE": null, "LINING_DATE": null, "UPDATED_BY": "enyamw", "WATERMAIN_KEY": 105716, "BUN": null, "PIPE_LENGTH_M": 0.511, "PARALLEL_LINE_NUMBER": null, "PRESSURE_ZONE": 172, "PIPE_USE": "Water Main", "SERVICE_STATUS": "Out of Service-Abandoned", "SUBSYSTEM": "Distribution", "OWNER": "COVAV", "OPERATOR": "COVAV", "DIAMETER": "200 mm", "PIPE_CLASS": null, "MATERIAL": "Ductile Iron", "LINING_MATERIAL": "blank", "COATING_MATERIAL": "blank", "FACET": "O16", "CONNECTION_TYPE": null, "DOMESTIC_DIAMETER": null, "DOMESTIC_MATERIAL": null, "FIRE_LIN_DIAMETER": null, "INSTALLED_BY": "City of Vancouver", "FIRE_LIN_MATERIAL": null, "MAP_TOOLTIP": "200 DI n/a 1980", "UPDATED_DATE_iso": "2025-09-12", "COV_DATE_UPDATE_iso": "2025-09-12", "INSTALLATION_DATE_iso": "1980-01-01"}, "geometry": {"type": "LineString", "coordinates": [[-123.12036950299573, 49.24807033186154], [-123.1203693080656, 49.248074928627844]]}}, {"type": "Feature", "properties": {"SHAPE_Length": 12.380560245066297, "OBJECTID": 21333949, "COV_SOURCE_KEY": "376358", "UPDATED_DATE": 1757711117000, "COV_DATE_UPDATE": 1757711117000, "TBFID": 4713658, "ORACLE_ID": "__FJ9Q7T", "UNIT_ID_1": "61768", "UNIT_ID_2": "4774050", "MAIN_COMP1": 46, "MAIN_KEY_1": 59898, "MAIN_COMP2": 43, "MAIN_KEY_2": 1607133, "ADDRESS_KEY": 156037, "INSTALLATION_DATE": -378662400000, "DEPTH_OF_COVER_M": 0.9100000262260437, "RESTRAINED_JOINT": 0, "CATHODICALLY_PROTECTED": 0, "REMARKS": null, "ASSET_DESCRIPTION": "700 W 28TH AV", "SPLIT_ON_CITYSIDE": null, "COMPKEY": 244428, "COMPTYPE": 41, "COATING_DATE": null, "LINING_DATE": null, "UPDATED_BY": "enyamw", "WATERMAIN_KEY": 29917, "BUN": null, "PIPE_LENGTH_M": 12.38, "PARALLEL_LINE_NUMBER": null, "PRESSURE_ZONE": 173, "PIPE_USE": "Water Main", "SERVICE_STATUS": "Out of Service-Abandoned", "SUBSYSTEM": "Distribution", "OWNER": "COVAV", "OPERATOR": "COVAV", "DIAMETER": "150 mm", "PIPE_CLASS": null, "MATERIAL": "Cast Iron", "LINING_MATERIAL": "blank", "COATING_MATERIAL": "blank", "FACET": "N16", "CONNECTION_TYPE": null, "DOMESTIC_DIAMETER": null, "DOMESTIC_MATERIAL": null, "FIRE_LIN_DIAMETER": null, "INSTALLED_BY": "City of Vancouver", "FIRE_LIN_MATERIAL": null, "MAP_TOOLTIP": "150 CI n/a 1958", "UPDATED_DATE_iso": "2025-09-12", "COV_DATE_UPDATE_iso": "2025-09-12", "INSTALLATION_DATE_iso": "1958-01-01"}, "geometry": {"type": "LineString", "coordinates": [[-123.12231167881991, 49.24626674481267], [-123.12248172973587, 49.24626958705625]]}}, {"type": "Feature", "properties": {"SHAPE_Length": 1.1422771125631046, "OBJECTID": 21334007, "COV_SOURCE_KEY": "408307", "UPDATED_DATE": 1717690596000, "COV_DATE_UPDATE": 1717690596000, "TBFID": 4713767, "ORACLE_ID": "__FMUBFN", "UNIT_ID_1": "T__FJF85H", "UNIT_ID_2": "T__FMUBFM", "MAIN_COMP1": 43, "MAIN_KEY_1": 99468, "MAIN_COMP2": 43, "MAIN_KEY_2": 109930, "ADDRESS_KEY": 149098, "INSTALLATION_DATE": -599587200000, "DEPTH_OF_COVER_M": 0.9100000262260437, "RESTRAINED_JOINT": 0, "CATHODICALLY_PROTECTED": 0, "REMARKS": null, "ASSET_DESCRIPTION": "800 W 28TH AV", "SPLIT_ON_CITYSIDE": null, "COMPKEY": 285409, "COMPTYPE": 41, "COATING_DATE": null, "LINING_DATE": null, "UPDATED_BY": "KAQ2423", "WATERMAIN_KEY": 61026, "BUN": null, "PIPE_LENGTH_M": 4.473, "PARALLEL_LINE_NUMBER": null, "PRESSURE_ZONE": 173, "PIPE_USE": "Water Main", "SERVICE_STATUS": "Out of Service-Abandoned", "SUBSYSTEM": "Distribution", "OWNER": "COVAV", "OPERATOR": "COVAV", "DIAMETER": "150 mm", "PIPE_CLASS": null, "MATERIAL": "Cast Iron", "LINING_MATERIAL": "blank", "COATING_MATERIAL": "blank", "FACET": "N16", "CONNECTION_TYPE": null, "DOMESTIC_DIAMETER": null, "DOMESTIC_MATERIAL": null, "FIRE_LIN_DIAMETER": null, "INSTALLED_BY": "City of Vancouver", "FIRE_LIN_MATERIAL": null, "MAP_TOOLTIP": "150 CI n/a 1951", "UPDATED_DATE_iso": "2024-06-06", "COV_DATE_UPDATE_iso": "2024-06-06", "INSTALLATION_DATE_iso": "1951-01-01"}, "geometry": {"type": "LineString", "coordinates": [[-123.12258556359448, 49.2462704394197], [-123.12260124188009, 49.24627090852578]]}}, {"type": "Feature", "properties": {"SHAPE_Length": 3.3301399363828255, "OBJECTID": 21334008, "COV_SOURCE_KEY": "408307", "UPDATED_DATE": 1717690596000, "COV_DATE_UPDATE": 1717690596000, "TBFID": 4713768, "ORACLE_ID": "__FMUBFN", "UNIT_ID_1": "T__FJF85H", "UNIT_ID_2": "T__FMUBFM", "MAIN_COMP1": 43, "MAIN_KEY_1": 99468, "MAIN_COMP2": 43, "MAIN_KEY_2": 109930, "ADDRESS_KEY": 149098, "INSTALLATION_DATE": -599587200000, "DEPTH_OF_COVER_M": 0.9100000262260437, "RESTRAINED_JOINT": 0, "CATHODICALLY_PROTECTED": 0, "REMARKS": null, "ASSET_DESCRIPTION": "800 W 28TH AV", "SPLIT_ON_CITYSIDE": null, "COMPKEY": 285409, "COMPTYPE": 41, "COATING_DATE": null, "LINING_DATE": null, "UPDATED_BY": "KAQ2423", "WATERMAIN_KEY": 61026, "BUN": null, "PIPE_LENGTH_M": 4.473, "PARALLEL_LINE_NUMBER": null, "PRESSURE_ZONE": 173, "PIPE_USE": "Water Main", "SERVICE_STATUS": "Out of Service-Abandoned", "SUBSYSTEM": "Distribution", "OWNER": "COVAV", "OPERATOR": "COVAV", "DIAMETER": "150 mm", "PIPE_CLASS": null, "MATERIAL": "Cast Iron", "LINING_MATERIAL": "blank", "COATING_MATERIAL": "blank", "FACET": "N16", "CONNECTION_TYPE": null, "DOMESTIC_DIAMETER": null, "DOMESTIC_MATERIAL": null, "FIRE_LIN_DIAMETER": null, "INSTALLED_BY": "City of Vancouver", "FIRE_LIN_MATERIAL": null, "MAP_TOOLTIP": "150 CI n/a 1951", "UPDATED_DATE_iso": "2024-06-06", "COV_DATE_UPDATE_iso": "2024-06-06", "INSTALLATION_DATE_iso": "1951-01-01"}, "geometry": {"type": "LineString", "coordinates": [[-123.12260124188009, 49.24627090852578], [-123.12264694406952, 49.24627235322697]]}}, {"type": "Feature", "properties": {"SHAPE_Length": 13.65836714233348, "OBJECTID": 21334011, "COV_SOURCE_KEY": "376364", "UPDATED_DATE": 1757711115000, "COV_DATE_UPDATE": 1757711115000, "TBFID": 4713837, "ORACLE_ID": "__FJ9Q7Z", "UNIT_ID_1": "4774059", "UNIT_ID_2": "61771", "MAIN_COMP1": 43, "MAIN_KEY_1": 1607135, "MAIN_COMP2": 46, "MAIN_KEY_2": 99465, "ADDRESS_KEY": 153949, "INSTALLATION_DATE": -378662400000, "DEPTH_OF_COVER_M": 0.9100000262260437, "RESTRAINED_JOINT": 0, "CATHODICALLY_PROTECTED": 0, "REMARKS": null, "ASSET_DESCRIPTION": "800 W 27TH AV", "SPLIT_ON_CITYSIDE": null, "COMPKEY": 244436, "COMPTYPE": 41, "COATING_DATE": null, "LINING_DATE": null, "UPDATED_BY": "enyamw", "WATERMAIN_KEY": 29923, "BUN": null, "PIPE_LENGTH_M": 13.658, "PARALLEL_LINE_NUMBER": null, "PRESSURE_ZONE": 173, "PIPE_USE": "Water Main", "SERVICE_STATUS": "Out of Service-Abandoned", "SUBSYSTEM": "Distribution", "OWNER": "COVAV", "OPERATOR": "COVAV", "DIAMETER": "150 mm", "PIPE_CLASS": null, "MATERIAL": "Cast Iron", "LINING_MATERIAL": "blank", "COATING_MATERIAL": "blank", "FACET": "N16", "CONNECTION_TYPE": null, "DOMESTIC_DIAMETER": null, "DOMESTIC_MATERIAL": null, "FIRE_LIN_DIAMETER": null, "INSTALLED_BY": "City of Vancouver", "FIRE_LIN_MATERIAL": null, "MAP_TOOLTIP": "150 CI n/a 1958", "UPDATED_DATE_iso": "2025-09-12", "COV_DATE_UPDATE_iso": "2025-09-12", "INSTALLATION_DATE_iso": "1958-01-01"}, "geometry": {"type": "LineString", "coordinates": [[-123.12247078909218, 49.24719581086647], [-123.12228320091708, 49.24719225855584]]}}, {"type": "Feature", "properties": {"SHAPE_Length": 0.23300858354314605, "OBJECTID": 21334124, "COV_SOURCE_KEY": "377892", "UPDATED_DATE": 1717690596000, "COV_DATE_UPDATE": 1717690596000, "TBFID": 4717219, "ORACLE_ID": "__FJ9QN5", "UNIT_ID_1": "T__FJF85F", "UNIT_ID_2": "T__FJEYYZ", "MAIN_COMP1": 43, "MAIN_KEY_1": 99465, "MAIN_COMP2": 43, "MAIN_KEY_2": 81992, "ADDRESS_KEY": 153949, "INSTALLATION_DATE": -946742400000, "DEPTH_OF_COVER_M": 0.9100000262260437, "RESTRAINED_JOINT": 0, "CATHODICALLY_PROTECTED": 0, "REMARKS": null, "ASSET_DESCRIPTION": "700 W 27TH AV", "SPLIT_ON_CITYSIDE": null, "COMPKEY": 244907, "COMPTYPE": 41, "COATING_DATE": null, "LINING_DATE": null, "UPDATED_BY": "KAQ2423", "WATERMAIN_KEY": 30298, "BUN": null, "PIPE_LENGTH_M": 0.233, "PARALLEL_LINE_NUMBER": null, "PRESSURE_ZONE": 173, "PIPE_USE": "Water Main", "SERVICE_STATUS": "Out of Service-Abandoned", "SUBSYSTEM": "Distribution", "OWNER": "COVAV", "OPERATOR": "COVAV", "DIAMETER": "150 mm", "PIPE_CLASS": null, "MATERIAL": "Cast Iron", "LINING_MATERIAL": "blank", "COATING_MATERIAL": "blank", "FACET": "N16", "CONNECTION_TYPE": null, "DOMESTIC_DIAMETER": null, "DOMESTIC_MATERIAL": null, "FIRE_LIN_DIAMETER": null, "INSTALLED_BY": "City of Vancouver", "FIRE_LIN_MATERIAL": null, "MAP_TOOLTIP": "150 CI n/a 1940", "UPDATED_DATE_iso": "2024-06-06", "COV_DATE_UPDATE_iso": "2024-06-06", "INSTALLATION_DATE_iso": "1940-01-01"}, "geometry": {"type": "LineString", "coordinates": [[-123.12226750957996, 49.24719218521065], [-123.12226430810837, 49.247192170608244]]}}, {"type": "Feature", "properties": {"SHAPE_Length": 5.142000097231009, "OBJECTID": 21334128, "COV_SOURCE_KEY": "4714633", "UPDATED_DATE": 1717690596000, "COV_DATE_UPDATE": 1717690596000, "TBFID": 4717232, "ORACLE_ID": "__HBLI8N", "UNIT_ID_1": null, "UNIT_ID_2": null, "MAIN_COMP1": null, "MAIN_KEY_1": null, "MAIN_COMP2": null, "MAIN_KEY_2": null, "ADDRESS_KEY": 153949, "INSTALLATION_DATE": -946742400000, "DEPTH_OF_COVER_M": 0.9100000262260437, "RESTRAINED_JOINT": 0, "CATHODICALLY_PROTECTED": 0, "REMARKS": null, "ASSET_DESCRIPTION": "700 W 27TH AV", "SPLIT_ON_CITYSIDE": null, "COMPKEY": null, "COMPTYPE": 41, "COATING_DATE": null, "LINING_DATE": null, "UPDATED_BY": "KAQ2423", "WATERMAIN_KEY": null, "BUN": null, "PIPE_LENGTH_M": 5.142, "PARALLEL_LINE_NUMBER": null, "PRESSURE_ZONE": 173, "PIPE_USE": "Water Main", "SERVICE_STATUS": "Out of Service-Abandoned", "SUBSYSTEM": "Distribution", "OWNER": "COVAV", "OPERATOR": "COVAV", "DIAMETER": "150 mm", "PIPE_CLASS": null, "MATERIAL": "Cast Iron", "LINING_MATERIAL": "blank", "COATING_MATERIAL": "blank", "FACET": "O16", "CONNECTION_TYPE": null, "DOMESTIC_DIAMETER": null, "DOMESTIC_MATERIAL": null, "FIRE_LIN_DIAMETER": null, "INSTALLED_BY": "City of Vancouver", "FIRE_LIN_MATERIAL": null, "MAP_TOOLTIP": "150 CI n/a 1940", "UPDATED_DATE_iso": "2024-06-06", "COV_DATE_UPDATE_iso": "2024-06-06", "INSTALLATION_DATE_iso": "1940-01-01"}, "geometry": {"type": "LineString", "coordinates": [[-123.12221844175458, 49.24719135559568], [-123.12214779054005, 49.24719143930917]]}}, {"type": "Feature", "properties": {"SHAPE_Length": 112.23377641772133, "OBJECTID": 21334568, "COV_SOURCE_KEY": "377461", "UPDATED_DATE": 1717690595000, "COV_DATE_UPDATE": 1717690595000, "TBFID": 4714628, "ORACLE_ID": "__FJ9RJJ", "UNIT_ID_1": "4714626", "UNIT_ID_2": "224732", "MAIN_COMP1": 43, "MAIN_KEY_1": 1564068, "MAIN_COMP2": 43, "MAIN_KEY_2": 156831, "ADDRESS_KEY": 153949, "INSTALLATION_DATE": -946742400000, "DEPTH_OF_COVER_M": 0.9100000262260437, "RESTRAINED_JOINT": 0, "CATHODICALLY_PROTECTED": 0, "REMARKS": null, "ASSET_DESCRIPTION": "700 W 27TH AV", "SPLIT_ON_CITYSIDE": null, "COMPKEY": 246001, "COMPTYPE": 41, "COATING_DATE": null, "LINING_DATE": null, "UPDATED_BY": "KAQ2423", "WATERMAIN_KEY": 31169, "BUN": null, "PIPE_LENGTH_M": 112.233, "PARALLEL_LINE_NUMBER": null, "PRESSURE_ZONE": 173, "PIPE_USE": "Water Main", "SERVICE_STATUS": "Out of Service-Abandoned", "SUBSYSTEM": "Distribution", "OWNER": "COVAV", "OPERATOR": "COVAV", "DIAMETER": "150 mm", "PIPE_CLASS": null, "MATERIAL": "Cast Iron", "LINING_MATERIAL": "blank", "COATING_MATERIAL": "blank", "FACET": "O16", "CONNECTION_TYPE": null, "DOMESTIC_DIAMETER": null, "DOMESTIC_MATERIAL": null, "FIRE_LIN_DIAMETER": null, "INSTALLED_BY": "City of Vancouver", "FIRE_LIN_MATERIAL": null, "MAP_TOOLTIP": "150 CI n/a 1940", "UPDATED_DATE_iso": "2024-06-06", "COV_DATE_UPDATE_iso": "2024-06-06", "INSTALLATION_DATE_iso": "1940-01-01"}, "geometry": {"type": "LineString", "coordinates": [[-123.12214779054005, 49.24719143930917], [-123.12060626668168, 49.2471639142608]]}}, {"type": "Feature", "properties": {"SHAPE_Length": 0.5701973345760465, "OBJECTID": 21334777, "COV_SOURCE_KEY": "4721851", "UPDATED_DATE": 1757711045000, "COV_DATE_UPDATE": 1757711045000, "TBFID": 4721852, "ORACLE_ID": "__HC9NF3", "UNIT_ID_1": "4713942", "UNIT_ID_2": "47301", "MAIN_COMP1": 43, "MAIN_KEY_1": 1564598, "MAIN_COMP2": 46, "MAIN_KEY_2": 989438, "ADDRESS_KEY": 154072, "INSTALLATION_DATE": 252489600000, "DEPTH_OF_COVER_M": 0.9100000262260437, "RESTRAINED_JOINT": 0, "CATHODICALLY_PROTECTED": 0, "REMARKS": null, "ASSET_DESCRIPTION": "700 W 26TH AV", "SPLIT_ON_CITYSIDE": null, "COMPKEY": 1609126, "COMPTYPE": 41, "COATING_DATE": null, "LINING_DATE": null, "UPDATED_BY": "enyamw", "WATERMAIN_KEY": 105717, "BUN": null, "PIPE_LENGTH_M": 0.57, "PARALLEL_LINE_NUMBER": null, "PRESSURE_ZONE": 173, "PIPE_USE": "Water Main", "SERVICE_STATUS": "Out of Service-Abandoned", "SUBSYSTEM": "Distribution", "OWNER": "COVAV", "OPERATOR": "COVAV", "DIAMETER": "150 mm", "PIPE_CLASS": "Class 52 - (Material is Ductile Iron)", "MATERIAL": "Ductile Iron", "LINING_MATERIAL": "Cement Lined", "COATING_MATERIAL": "blank", "FACET": "O16", "CONNECTION_TYPE": null, "DOMESTIC_DIAMETER": null, "DOMESTIC_MATERIAL": null, "FIRE_LIN_DIAMETER": null, "INSTALLED_BY": "City of Vancouver", "FIRE_LIN_MATERIAL": null, "MAP_TOOLTIP": "150 DI CL 1978", "UPDATED_DATE_iso": "2025-09-12", "COV_DATE_UPDATE_iso": "2025-09-12", "INSTALLATION_DATE_iso": "1978-01-01"}, "geometry": {"type": "LineString", "coordinates": [[-123.12065488006782, 49.24810040208662], [-123.12064704777747, 49.24810027533737]]}}, {"type": "Feature", "properties": {"SHAPE_Length": 0.1340596878312564, "OBJECTID": 21335883, "COV_SOURCE_KEY": "370844", "UPDATED_DATE": 1591908464000, "COV_DATE_UPDATE": 1591908464000, "TBFID": 4608860, "ORACLE_ID": "__FJ9JWX", "UNIT_ID_1": "64544", "UNIT_ID_2": "4608865", "MAIN_COMP1": 46, "MAIN_KEY_1": 96186, "MAIN_COMP2": 43, "MAIN_KEY_2": 938664, "ADDRESS_KEY": 153360, "INSTALLATION_DATE": -1293811200000, "DEPTH_OF_COVER_M": 0.9100000262260437, "RESTRAINED_JOINT": 0, "CATHODICALLY_PROTECTED": 0, "REMARKS": null, "ASSET_DESCRIPTION": "0 E 19TH AV", "SPLIT_ON_CITYSIDE": null, "COMPKEY": 236238, "COMPTYPE": 41, "COATING_DATE": null, "LINING_DATE": null, "UPDATED_BY": "enyamw", "WATERMAIN_KEY": 23564, "BUN": null, "PIPE_LENGTH_M": 0.13405969, "PARALLEL_LINE_NUMBER": null, "PRESSURE_ZONE": 172, "PIPE_USE": "Water Main", "SERVICE_STATUS": "Out of Service-Abandoned", "SUBSYSTEM": "Distribution", "OWNER": "COVAV", "OPERATOR": "COVAV", "DIAMETER": "150 mm", "PIPE_CLASS": null, "MATERIAL": "Cast Iron", "LINING_MATERIAL": "blank", "COATING_MATERIAL": "blank", "FACET": "P15", "CONNECTION_TYPE": null, "DOMESTIC_DIAMETER": null, "DOMESTIC_MATERIAL": null, "FIRE_LIN_DIAMETER": null, "INSTALLED_BY": "City of Vancouver", "FIRE_LIN_MATERIAL": null, "MAP_TOOLTIP": "150 CI n/a 1929", "UPDATED_DATE_iso": "2020-06-11", "COV_DATE_UPDATE_iso": "2020-06-11", "INSTALLATION_DATE_iso": "1929-01-01"}, "geometry": {"type": "LineString", "coordinates": [[-123.10463521230432, 49.25379793681355], [-123.10463337081741, 49.25379790250036]]}}, {"type": "Feature", "properties": {"SHAPE_Length": 0.6375303915585386, "OBJECTID": 21335952, "COV_SOURCE_KEY": "4640919", "UPDATED_DATE": 1638992298000, "COV_DATE_UPDATE": 1638992298000, "TBFID": 4640920, "ORACLE_ID": "__GW5L79", "UNIT_ID_1": "4640494", "UNIT_ID_2": "229981", "MAIN_COMP1": 43, "MAIN_KEY_1": 950250, "MAIN_COMP2": 43, "MAIN_KEY_2": 126423, "ADDRESS_KEY": 148752, "INSTALLATION_DATE": -788889600000, "DEPTH_OF_COVER_M": 0.9100000262260437, "RESTRAINED_JOINT": 0, "CATHODICALLY_PROTECTED": 0, "REMARKS": null, "ASSET_DESCRIPTION": "3900 TUPPER ST", "SPLIT_ON_CITYSIDE": null, "COMPKEY": 950277, "COMPTYPE": 41, "COATING_DATE": null, "LINING_DATE": null, "UPDATED_BY": "ENHANMGETASK", "WATERMAIN_KEY": 97072, "BUN": null, "PIPE_LENGTH_M": 0.63753039, "PARALLEL_LINE_NUMBER": null, "PRESSURE_ZONE": 172, "PIPE_USE": "Water Main", "SERVICE_STATUS": "Out of Service-Abandoned", "SUBSYSTEM": "Distribution", "OWNER": "COVAV", "OPERATOR": "COVAV", "DIAMETER": "150 mm", "PIPE_CLASS": null, "MATERIAL": "Cast Iron", "LINING_MATERIAL": "blank", "COATING_MATERIAL": "blank", "FACET": "O15", "CONNECTION_TYPE": null, "DOMESTIC_DIAMETER": null, "DOMESTIC_MATERIAL": null, "FIRE_LIN_DIAMETER": null, "INSTALLED_BY": "City of Vancouver", "FIRE_LIN_MATERIAL": null, "MAP_TOOLTIP": "150 CI n/a 1945", "UPDATED_DATE_iso": "2021-12-08", "COV_DATE_UPDATE_iso": "2021-12-08", "INSTALLATION_DATE_iso": "1945-01-01"}, "geometry": {"type": "LineString", "coordinates": [[-123.11616825617382, 49.249987162337185], [-123.11616859999081, 49.24998143203115]]}}, {"type": "Feature", "properties": {"SHAPE_Length": 4.297840620861716, "OBJECTID": 21335954, "COV_SOURCE_KEY": "401638", "UPDATED_DATE": 1625850451000, "COV_DATE_UPDATE": 1625850451000, "TBFID": 4640852, "ORACLE_ID": "__FJAE5Z", "UNIT_ID_1": "229981", "UNIT_ID_2": "4640492", "MAIN_COMP1": 43, "MAIN_KEY_1": 126423, "MAIN_COMP2": 43, "MAIN_KEY_2": 950251, "ADDRESS_KEY": 153622, "INSTALLATION_DATE": -788889600000, "DEPTH_OF_COVER_M": 0.9100000262260437, "RESTRAINED_JOINT": 0, "CATHODICALLY_PROTECTED": 0, "REMARKS": null, "ASSET_DESCRIPTION": "500 W 24TH AV", "SPLIT_ON_CITYSIDE": null, "COMPKEY": 277220, "COMPTYPE": 41, "COATING_DATE": null, "LINING_DATE": null, "UPDATED_BY": "enyamw", "WATERMAIN_KEY": 54419, "BUN": null, "PIPE_LENGTH_M": 4.298, "PARALLEL_LINE_NUMBER": null, "PRESSURE_ZONE": 172, "PIPE_USE": "Water Main", "SERVICE_STATUS": "Out of Service-Abandoned", "SUBSYSTEM": "Distribution", "OWNER": "COVAV", "OPERATOR": "COVAV", "DIAMETER": "150 mm", "PIPE_CLASS": null, "MATERIAL": "Cast Iron", "LINING_MATERIAL": "blank", "COATING_MATERIAL": "blank", "FACET": "O15", "CONNECTION_TYPE": null, "DOMESTIC_DIAMETER": null, "DOMESTIC_MATERIAL": null, "FIRE_LIN_DIAMETER": null, "INSTALLED_BY": "City of Vancouver", "FIRE_LIN_MATERIAL": null, "MAP_TOOLTIP": "150 CI n/a 1945", "UPDATED_DATE_iso": "2021-07-09", "COV_DATE_UPDATE_iso": "2021-07-09", "INSTALLATION_DATE_iso": "1945-01-01"}, "geometry": {"type": "LineString", "coordinates": [[-123.11616859999081, 49.24998143203115], [-123.11610955394681, 49.249980726791854]]}}, {"type": "Feature", "properties": {"SHAPE_Length": 13.777835606560073, "OBJECTID": 21335964, "COV_SOURCE_KEY": "385728", "UPDATED_DATE": 1625850485000, "COV_DATE_UPDATE": 1625850485000, "TBFID": 4641011, "ORACLE_ID": "__FJ9Y7J", "UNIT_ID_1": "77668", "UNIT_ID_2": "4640483", "MAIN_COMP1": 46, "MAIN_KEY_1": 114214, "MAIN_COMP2": 43, "MAIN_KEY_2": 950252, "ADDRESS_KEY": 149183, "INSTALLATION_DATE": 1166428800000, "DEPTH_OF_COVER_M": 0.75, "RESTRAINED_JOINT": 0, "CATHODICALLY_PROTECTED": 0, "REMARKS": null, "ASSET_DESCRIPTION": "600 W 24TH AV", "SPLIT_ON_CITYSIDE": null, "COMPKEY": 255401, "COMPTYPE": 41, "COATING_DATE": null, "LINING_DATE": null, "UPDATED_BY": "enyamw", "WATERMAIN_KEY": 37881, "BUN": null, "PIPE_LENGTH_M": 13.778, "PARALLEL_LINE_NUMBER": null, "PRESSURE_ZONE": 172, "PIPE_USE": "Water Main", "SERVICE_STATUS": "Out of Service-Abandoned", "SUBSYSTEM": "Distribution", "OWNER": "COVAV", "OPERATOR": "COVAV", "DIAMETER": "150 mm", "PIPE_CLASS": null, "MATERIAL": "Ductile Iron Concrete Lined", "LINING_MATERIAL": "blank", "COATING_MATERIAL": "blank", "FACET": "O15", "CONNECTION_TYPE": null, "DOMESTIC_DIAMETER": null, "DOMESTIC_MATERIAL": null, "FIRE_LIN_DIAMETER": null, "INSTALLED_BY": "City of Vancouver", "FIRE_LIN_MATERIAL": null, "MAP_TOOLTIP": "150 DICL n/a 2006", "UPDATED_DATE_iso": "2021-07-09", "COV_DATE_UPDATE_iso": "2021-07-09", "INSTALLATION_DATE_iso": "2006-12-18"}, "geometry": {"type": "LineString", "coordinates": [[-123.11855739306749, 49.25001710021979], [-123.11836813295197, 49.25001401101877]]}}, {"type": "Feature", "properties": {"SHAPE_Length": 0.3764797473111092, "OBJECTID": 21336080, "COV_SOURCE_KEY": "4756044", "UPDATED_DATE": 1752267161000, "COV_DATE_UPDATE": 1752267161000, "TBFID": 4756045, "ORACLE_ID": "__HIGLW4", "UNIT_ID_1": "4756042", "UNIT_ID_2": "57335", "MAIN_COMP1": 43, "MAIN_KEY_1": 1605367, "MAIN_COMP2": 46, "MAIN_KEY_2": 855731, "ADDRESS_KEY": 154811, "INSTALLATION_DATE": 536486400000, "DEPTH_OF_COVER_M": 0.9100000262260437, "RESTRAINED_JOINT": 0, "CATHODICALLY_PROTECTED": 0, "REMARKS": null, "ASSET_DESCRIPTION": "4800 HEATHER ST", "SPLIT_ON_CITYSIDE": null, "COMPKEY": 1605512, "COMPTYPE": 41, "COATING_DATE": null, "LINING_DATE": null, "UPDATED_BY": "enyamw", "WATERMAIN_KEY": 105361, "BUN": null, "PIPE_LENGTH_M": 0.151, "PARALLEL_LINE_NUMBER": null, "PRESSURE_ZONE": 173, "PIPE_USE": "Water Main", "SERVICE_STATUS": "Out of Service-Abandoned", "SUBSYSTEM": "Distribution", "OWNER": "COVAV", "OPERATOR": "COVAV", "DIAMETER": "200 mm", "PIPE_CLASS": "Class 52 - (Material is Ductile Iron)", "MATERIAL": "Ductile Iron", "LINING_MATERIAL": "Cement Lined", "COATING_MATERIAL": "blank", "FACET": "O17", "CONNECTION_TYPE": null, "DOMESTIC_DIAMETER": null, "DOMESTIC_MATERIAL": null, "FIRE_LIN_DIAMETER": null, "INSTALLED_BY": "City of Vancouver", "FIRE_LIN_MATERIAL": null, "MAP_TOOLTIP": "200 DI CL 1987", "UPDATED_DATE_iso": "2025-07-11", "COV_DATE_UPDATE_iso": "2025-07-11", "INSTALLATION_DATE_iso": "1987-01-01"}, "geometry": {"type": "LineString", "coordinates": [[-123.12059597034495, 49.24111934129254], [-123.1205962231381, 49.24111595881758]]}}, {"type": "Feature", "properties": {"SHAPE_Length": 0.6542858711184498, "OBJECTID": 21336139, "COV_SOURCE_KEY": "4668302", "UPDATED_DATE": 1752267886000, "COV_DATE_UPDATE": 1752267886000, "TBFID": 4668303, "ORACLE_ID": "__H1MRX2", "UNIT_ID_1": "57335", "UNIT_ID_2": "4668311", "MAIN_COMP1": 46, "MAIN_KEY_1": 855731, "MAIN_COMP2": 43, "MAIN_KEY_2": 976970, "ADDRESS_KEY": 154811, "INSTALLATION_DATE": 536486400000, "DEPTH_OF_COVER_M": 0.9100000262260437, "RESTRAINED_JOINT": 0, "CATHODICALLY_PROTECTED": 0, "REMARKS": null, "ASSET_DESCRIPTION": "4800 HEATHER ST", "SPLIT_ON_CITYSIDE": null, "COMPKEY": 976972, "COMPTYPE": 41, "COATING_DATE": null, "LINING_DATE": null, "UPDATED_BY": "enyamw", "WATERMAIN_KEY": 98822, "BUN": null, "PIPE_LENGTH_M": 0.042, "PARALLEL_LINE_NUMBER": null, "PRESSURE_ZONE": 173, "PIPE_USE": "Water Main", "SERVICE_STATUS": "Out of Service-Abandoned", "SUBSYSTEM": "Distribution", "OWNER": "COVAV", "OPERATOR": "COVAV", "DIAMETER": "200 mm", "PIPE_CLASS": "Class 52 - (Material is Ductile Iron)", "MATERIAL": "Ductile Iron", "LINING_MATERIAL": "Cement Lined", "COATING_MATERIAL": "blank", "FACET": "O17", "CONNECTION_TYPE": null, "DOMESTIC_DIAMETER": null, "DOMESTIC_MATERIAL": null, "FIRE_LIN_DIAMETER": null, "INSTALLED_BY": "City of Vancouver", "FIRE_LIN_MATERIAL": null, "MAP_TOOLTIP": "200 DI CL 1987", "UPDATED_DATE_iso": "2025-07-11", "COV_DATE_UPDATE_iso": "2025-07-11", "INSTALLATION_DATE_iso": "1987-01-01"}, "geometry": {"type": "LineString", "coordinates": [[-123.1205962231381, 49.24111595881758], [-123.12059677210765, 49.24111008435134]]}}, {"type": "Feature", "properties": {"SHAPE_Length": 0.23317375494788908, "OBJECTID": 21337934, "COV_SOURCE_KEY": "4608552", "UPDATED_DATE": 1638992300000, "COV_DATE_UPDATE": 1638992300000, "TBFID": 4608553, "ORACLE_ID": "__GPXD5W", "UNIT_ID_1": "4218182", "UNIT_ID_2": "4608543", "MAIN_COMP1": 43, "MAIN_KEY_1": 821738, "MAIN_COMP2": 43, "MAIN_KEY_2": 938654, "ADDRESS_KEY": 157464, "INSTALLATION_DATE": -126201600000, "DEPTH_OF_COVER_M": 0.9100000262260437, "RESTRAINED_JOINT": 0, "CATHODICALLY_PROTECTED": 0, "REMARKS": null, "ASSET_DESCRIPTION": "3400 COLUMBIA ST", "SPLIT_ON_CITYSIDE": null, "COMPKEY": 938687, "COMPTYPE": 41, "COATING_DATE": null, "LINING_DATE": null, "UPDATED_BY": "ENHANMGETASK", "WATERMAIN_KEY": 94777, "BUN": null, "PIPE_LENGTH_M": 0.23317375, "PARALLEL_LINE_NUMBER": null, "PRESSURE_ZONE": 172, "PIPE_USE": "Water Main", "SERVICE_STATUS": "Out of Service-Abandoned", "SUBSYSTEM": "Distribution", "OWNER": "COVAV", "OPERATOR": "COVAV", "DIAMETER": "150 mm", "PIPE_CLASS": null, "MATERIAL": "Cast Iron", "LINING_MATERIAL": "Cement Lined", "COATING_MATERIAL": "blank", "FACET": "P15", "CONNECTION_TYPE": null, "DOMESTIC_DIAMETER": null, "DOMESTIC_MATERIAL": null, "FIRE_LIN_DIAMETER": null, "INSTALLED_BY": "City of Vancouver", "FIRE_LIN_MATERIAL": null, "MAP_TOOLTIP": "150 CI CL 1966", "UPDATED_DATE_iso": "2021-12-08", "COV_DATE_UPDATE_iso": "2021-12-08", "INSTALLATION_DATE_iso": "1966-01-01"}, "geometry": {"type": "LineString", "coordinates": [[-123.10979366429721, 49.25392377855034], [-123.10979046225378, 49.25392370063618]]}}, {"type": "Feature", "properties": {"SHAPE_Length": 0.9694957457401232, "OBJECTID": 21337937, "COV_SOURCE_KEY": "4608567", "UPDATED_DATE": 1638992297000, "COV_DATE_UPDATE": 1638992297000, "TBFID": 4608568, "ORACLE_ID": "__GPXD6B", "UNIT_ID_1": "4218182", "UNIT_ID_2": "4608557", "MAIN_COMP1": 43, "MAIN_KEY_1": 821738, "MAIN_COMP2": 43, "MAIN_KEY_2": 938653, "ADDRESS_KEY": 153057, "INSTALLATION_DATE": 1342422000000, "DEPTH_OF_COVER_M": 1, "RESTRAINED_JOINT": 1, "CATHODICALLY_PROTECTED": 0, "REMARKS": "TR FLEX", "ASSET_DESCRIPTION": "3500 COLUMBIA ST", "SPLIT_ON_CITYSIDE": null, "COMPKEY": 938690, "COMPTYPE": 41, "COATING_DATE": 1340953200000, "LINING_DATE": null, "UPDATED_BY": "ENHANMGETASK", "WATERMAIN_KEY": 94780, "BUN": null, "PIPE_LENGTH_M": 0.96949575, "PARALLEL_LINE_NUMBER": null, "PRESSURE_ZONE": 172, "PIPE_USE": "Water Main", "SERVICE_STATUS": "Out of Service-Abandoned", "SUBSYSTEM": "Distribution", "OWNER": "COVAV", "OPERATOR": "COVAV", "DIAMETER": "200 mm", "PIPE_CLASS": null, "MATERIAL": "Ductile Iron Concrete Lined", "LINING_MATERIAL": null, "COATING_MATERIAL": "Poly Bagged", "FACET": "P15", "CONNECTION_TYPE": null, "DOMESTIC_DIAMETER": null, "DOMESTIC_MATERIAL": null, "FIRE_LIN_DIAMETER": null, "INSTALLED_BY": "City of Vancouver", "FIRE_LIN_MATERIAL": null, "MAP_TOOLTIP": "200 DICL  2012 RJ", "UPDATED_DATE_iso": "2021-12-08", "COV_DATE_UPDATE_iso": "2021-12-08", "INSTALLATION_DATE_iso": "2012-07-16", "COATING_DATE_iso": "2012-06-29"}, "geometry": {"type": "LineString", "coordinates": [[-123.10979366429721, 49.25392377855034], [-123.10979407096477, 49.25391506179406]]}}, {"type": "Feature", "properties": {"SHAPE_Length": 6.522184373410125, "OBJECTID": 21337939, "COV_SOURCE_KEY": "396042", "UPDATED_DATE": 1591908445000, "COV_DATE_UPDATE": 1591908445000, "TBFID": 4608665, "ORACLE_ID": "__FJA9GW", "UNIT_ID_1": "4608369", "UNIT_ID_2": "64542", "MAIN_COMP1": 43, "MAIN_KEY_1": 938680, "MAIN_COMP2": 46, "MAIN_KEY_2": 96189, "ADDRESS_KEY": 153642, "INSTALLATION_DATE": -126201600000, "DEPTH_OF_COVER_M": 0.9100000262260437, "RESTRAINED_JOINT": 0, "CATHODICALLY_PROTECTED": 0, "REMARKS": null, "ASSET_DESCRIPTION": "3400 MANITOBA ST", "SPLIT_ON_CITYSIDE": null, "COMPKEY": 271327, "COMPTYPE": 41, "COATING_DATE": null, "LINING_DATE": null, "UPDATED_BY": "enyamw", "WATERMAIN_KEY": 49686, "BUN": null, "PIPE_LENGTH_M": 6.522, "PARALLEL_LINE_NUMBER": null, "PRESSURE_ZONE": 172, "PIPE_USE": "Water Main", "SERVICE_STATUS": "Out of Service-Abandoned", "SUBSYSTEM": "Distribution", "OWNER": "COVAV", "OPERATOR": "COVAV", "DIAMETER": "150 mm", "PIPE_CLASS": null, "MATERIAL": "Cast Iron", "LINING_MATERIAL": "Cement Lined", "COATING_MATERIAL": "blank", "FACET": "P15", "CONNECTION_TYPE": null, "DOMESTIC_DIAMETER": null, "DOMESTIC_MATERIAL": null, "FIRE_LIN_DIAMETER": null, "INSTALLED_BY": "City of Vancouver", "FIRE_LIN_MATERIAL": null, "MAP_TOOLTIP": "150 CI CL 1966", "UPDATED_DATE_iso": "2020-06-11", "COV_DATE_UPDATE_iso": "2020-06-11", "INSTALLATION_DATE_iso": "1966-01-01"}, "geometry": {"type": "LineString", "coordinates": [[-123.10719661340173, 49.25387749019951], [-123.10710705242265, 49.25387523450294]]}}, {"type": "Feature", "properties": {"SHAPE_Length": 1.8578579050804525, "OBJECTID": 21337942, "COV_SOURCE_KEY": "4608706", "UPDATED_DATE": 1638992299000, "COV_DATE_UPDATE": 1638992299000, "TBFID": 4608707, "ORACLE_ID": "__GPY57B", "UNIT_ID_1": "143881", "UNIT_ID_2": "4608691", "MAIN_COMP1": 43, "MAIN_KEY_1": 44538, "MAIN_COMP2": 43, "MAIN_KEY_2": 938657, "ADDRESS_KEY": 153642, "INSTALLATION_DATE": -126201600000, "DEPTH_OF_COVER_M": 0.9100000262260437, "RESTRAINED_JOINT": 0, "CATHODICALLY_PROTECTED": 0, "REMARKS": null, "ASSET_DESCRIPTION": "0 W 19TH AV", "SPLIT_ON_CITYSIDE": null, "COMPKEY": 938708, "COMPTYPE": 41, "COATING_DATE": null, "LINING_DATE": null, "UPDATED_BY": "ENHANMGETASK", "WATERMAIN_KEY": 94798, "BUN": null, "PIPE_LENGTH_M": 1.85785791, "PARALLEL_LINE_NUMBER": null, "PRESSURE_ZONE": 172, "PIPE_USE": "Water Main", "SERVICE_STATUS": "Out of Service-Abandoned", "SUBSYSTEM": "Distribution", "OWNER": "COVAV", "OPERATOR": "COVAV", "DIAMETER": "150 mm", "PIPE_CLASS": null, "MATERIAL": "Cast Iron", "LINING_MATERIAL": "Cement Lined", "COATING_MATERIAL": "blank", "FACET": "P15", "CONNECTION_TYPE": null, "DOMESTIC_DIAMETER": null, "DOMESTIC_MATERIAL": null, "FIRE_LIN_DIAMETER": null, "INSTALLED_BY": "City of Vancouver", "FIRE_LIN_MATERIAL": null, "MAP_TOOLTIP": "150 CI CL 1966", "UPDATED_DATE_iso": "2021-12-08", "COV_DATE_UPDATE_iso": "2021-12-08", "INSTALLATION_DATE_iso": "1966-01-01"}, "geometry": {"type": "LineString", "coordinates": [[-123.10498107911427, 49.25383538500455], [-123.10496360106151, 49.25382320336389]]}}, {"type": "Feature", "properties": {"SHAPE_Length": 13.927870260550447, "OBJECTID": 21337943, "COV_SOURCE_KEY": "369184", "UPDATED_DATE": 1591908481000, "COV_DATE_UPDATE": 1591908481000, "TBFID": 4608715, "ORACLE_ID": "__FJ9H4H", "UNIT_ID_1": "64543", "UNIT_ID_2": "4608367", "MAIN_COMP1": 46, "MAIN_KEY_1": 56213, "MAIN_COMP2": 43, "MAIN_KEY_2": 938679, "ADDRESS_KEY": 153360, "INSTALLATION_DATE": -1293811200000, "DEPTH_OF_COVER_M": 0.9100000262260437, "RESTRAINED_JOINT": 0, "CATHODICALLY_PROTECTED": 0, "REMARKS": null, "ASSET_DESCRIPTION": "0 W 19TH AV", "SPLIT_ON_CITYSIDE": null, "COMPKEY": 232705, "COMPTYPE": 41, "COATING_DATE": null, "LINING_DATE": null, "UPDATED_BY": "enyamw", "WATERMAIN_KEY": 20833, "BUN": null, "PIPE_LENGTH_M": 14.161, "PARALLEL_LINE_NUMBER": null, "PRESSURE_ZONE": 172, "PIPE_USE": "Water Main", "SERVICE_STATUS": "Out of Service-Abandoned", "SUBSYSTEM": "Distribution", "OWNER": "COVAV", "OPERATOR": "COVAV", "DIAMETER": "150 mm", "PIPE_CLASS": null, "MATERIAL": "Cast Iron", "LINING_MATERIAL": "blank", "COATING_MATERIAL": "blank", "FACET": "P15", "CONNECTION_TYPE": null, "DOMESTIC_DIAMETER": null, "DOMESTIC_MATERIAL": null, "FIRE_LIN_DIAMETER": null, "INSTALLED_BY": "City of Vancouver", "FIRE_LIN_MATERIAL": null, "MAP_TOOLTIP": "150 CI n/a 1929", "UPDATED_DATE_iso": "2020-06-11", "COV_DATE_UPDATE_iso": "2020-06-11", "INSTALLATION_DATE_iso": "1929-01-01"}, "geometry": {"type": "LineString", "coordinates": [[-123.10491169870092, 49.25380413565872], [-123.1047204160991, 49.25379983856668]]}}, {"type": "Feature", "properties": {"SHAPE_Length": 2.3248075184340706, "OBJECTID": 21337944, "COV_SOURCE_KEY": "368937", "UPDATED_DATE": 1591908493000, "COV_DATE_UPDATE": 1591908493000, "TBFID": 4608701, "ORACLE_ID": "__FJ9H2F", "UNIT_ID_1": "4608699", "UNIT_ID_2": "143882", "MAIN_COMP1": 43, "MAIN_KEY_1": 938656, "MAIN_COMP2": 43, "MAIN_KEY_2": 44540, "ADDRESS_KEY": 153642, "INSTALLATION_DATE": -126201600000, "DEPTH_OF_COVER_M": 0.9100000262260437, "RESTRAINED_JOINT": 0, "CATHODICALLY_PROTECTED": 0, "REMARKS": null, "ASSET_DESCRIPTION": "0 W 19TH AV", "SPLIT_ON_CITYSIDE": null, "COMPKEY": 232628, "COMPTYPE": 41, "COATING_DATE": null, "LINING_DATE": null, "UPDATED_BY": "enyamw", "WATERMAIN_KEY": 20774, "BUN": null, "PIPE_LENGTH_M": 2.325, "PARALLEL_LINE_NUMBER": null, "PRESSURE_ZONE": 172, "PIPE_USE": "Water Main", "SERVICE_STATUS": "Out of Service-Abandoned", "SUBSYSTEM": "Distribution", "OWNER": "COVAV", "OPERATOR": "COVAV", "DIAMETER": "150 mm", "PIPE_CLASS": null, "MATERIAL": "Cast Iron", "LINING_MATERIAL": "Cement Lined", "COATING_MATERIAL": "blank", "FACET": "P15", "CONNECTION_TYPE": null, "DOMESTIC_DIAMETER": null, "DOMESTIC_MATERIAL": null, "FIRE_LIN_DIAMETER": null, "INSTALLED_BY": "City of Vancouver", "FIRE_LIN_MATERIAL": null, "MAP_TOOLTIP": "150 CI CL 1966", "UPDATED_DATE_iso": "2020-06-11", "COV_DATE_UPDATE_iso": "2020-06-11", "INSTALLATION_DATE_iso": "1966-01-01"}, "geometry": {"type": "LineString", "coordinates": [[-123.10495954119963, 49.25382037355731], [-123.10493767299737, 49.25380512853028]]}}, {"type": "Feature", "properties": {"SHAPE_Length": 5.419402181246991, "OBJECTID": 21337946, "COV_SOURCE_KEY": "396043", "UPDATED_DATE": 1591908442000, "COV_DATE_UPDATE": 1591908442000, "TBFID": 4608722, "ORACLE_ID": "__FJA9GX", "UNIT_ID_1": "4608365", "UNIT_ID_2": "64544", "MAIN_COMP1": 43, "MAIN_KEY_1": 938652, "MAIN_COMP2": 46, "MAIN_KEY_2": 96186, "ADDRESS_KEY": 153360, "INSTALLATION_DATE": -1293811200000, "DEPTH_OF_COVER_M": 0.9100000262260437, "RESTRAINED_JOINT": 0, "CATHODICALLY_PROTECTED": 0, "REMARKS": null, "ASSET_DESCRIPTION": "0 E 19TH AV", "SPLIT_ON_CITYSIDE": null, "COMPKEY": 271328, "COMPTYPE": 41, "COATING_DATE": null, "LINING_DATE": null, "UPDATED_BY": "enyamw", "WATERMAIN_KEY": 49687, "BUN": null, "PIPE_LENGTH_M": 5.419, "PARALLEL_LINE_NUMBER": null, "PRESSURE_ZONE": 172, "PIPE_USE": "Water Main", "SERVICE_STATUS": "Out of Service-Abandoned", "SUBSYSTEM": "Distribution", "OWNER": "COVAV", "OPERATOR": "COVAV", "DIAMETER": "150 mm", "PIPE_CLASS": null, "MATERIAL": "Cast Iron", "LINING_MATERIAL": "blank", "COATING_MATERIAL": "blank", "FACET": "P15", "CONNECTION_TYPE": null, "DOMESTIC_DIAMETER": null, "DOMESTIC_MATERIAL": null, "FIRE_LIN_DIAMETER": null, "INSTALLED_BY": "City of Vancouver", "FIRE_LIN_MATERIAL": null, "MAP_TOOLTIP": "150 CI n/a 1929", "UPDATED_DATE_iso": "2020-06-11", "COV_DATE_UPDATE_iso": "2020-06-11", "INSTALLATION_DATE_iso": "1929-01-01"}, "geometry": {"type": "LineString", "coordinates": [[-123.10470964193804, 49.25379959646545], [-123.10463521230432, 49.25379793681355]]}}, {"type": "Feature", "properties": {"SHAPE_Length": 1.3623582489639667, "OBJECTID": 21338164, "COV_SOURCE_KEY": "4294166", "UPDATED_DATE": 1625850430000, "COV_DATE_UPDATE": 1625850430000, "TBFID": 4640477, "ORACLE_ID": "__G2L8M8", "UNIT_ID_1": "4640475", "UNIT_ID_2": "4294144", "MAIN_COMP1": 43, "MAIN_KEY_1": 950260, "MAIN_COMP2": 43, "MAIN_KEY_2": 872224, "ADDRESS_KEY": 149183, "INSTALLATION_DATE": 1337238000000, "DEPTH_OF_COVER_M": 0.8999999761581421, "RESTRAINED_JOINT": 1, "CATHODICALLY_PROTECTED": 0, "REMARKS": null, "ASSET_DESCRIPTION": "600 W 24TH AV", "SPLIT_ON_CITYSIDE": null, "COMPKEY": 872271, "COMPTYPE": 41, "COATING_DATE": null, "LINING_DATE": null, "UPDATED_BY": "enyamw", "WATERMAIN_KEY": 86447, "BUN": null, "PIPE_LENGTH_M": 1.363, "PARALLEL_LINE_NUMBER": null, "PRESSURE_ZONE": 172, "PIPE_USE": "Water Main", "SERVICE_STATUS": "Out of Service-Abandoned", "SUBSYSTEM": "Distribution", "OWNER": "COVAV", "OPERATOR": "COVAV", "DIAMETER": "150 mm", "PIPE_CLASS": null, "MATERIAL": "Ductile Iron Concrete Lined", "LINING_MATERIAL": null, "COATING_MATERIAL": null, "FACET": "O15", "CONNECTION_TYPE": null, "DOMESTIC_DIAMETER": null, "DOMESTIC_MATERIAL": null, "FIRE_LIN_DIAMETER": null, "INSTALLED_BY": "City of Vancouver", "FIRE_LIN_MATERIAL": null, "MAP_TOOLTIP": "150 DICL  2012 RJ", "UPDATED_DATE_iso": "2021-07-09", "COV_DATE_UPDATE_iso": "2021-07-09", "INSTALLATION_DATE_iso": "2012-05-17"}, "geometry": {"type": "LineString", "coordinates": [[-123.12019705522347, 49.25005423841927], [-123.1201847484787, 49.25004500412743]]}}, {"type": "Feature", "properties": {"SHAPE_Length": 6.118306955735701, "OBJECTID": 21338166, "COV_SOURCE_KEY": "385729", "UPDATED_DATE": 1625850482000, "COV_DATE_UPDATE": 1625850482000, "TBFID": 4640487, "ORACLE_ID": "__FJ9Y7K", "UNIT_ID_1": "4640485", "UNIT_ID_2": "77669", "MAIN_COMP1": 43, "MAIN_KEY_1": 950253, "MAIN_COMP2": 46, "MAIN_KEY_2": 114217, "ADDRESS_KEY": 153622, "INSTALLATION_DATE": 1166428800000, "DEPTH_OF_COVER_M": 0.75, "RESTRAINED_JOINT": 0, "CATHODICALLY_PROTECTED": 0, "REMARKS": null, "ASSET_DESCRIPTION": "4000 ASH ST", "SPLIT_ON_CITYSIDE": null, "COMPKEY": 255403, "COMPTYPE": 41, "COATING_DATE": null, "LINING_DATE": null, "UPDATED_BY": "enyamw", "WATERMAIN_KEY": 37882, "BUN": null, "PIPE_LENGTH_M": 6.118, "PARALLEL_LINE_NUMBER": null, "PRESSURE_ZONE": 172, "PIPE_USE": "Water Main", "SERVICE_STATUS": "Out of Service-Abandoned", "SUBSYSTEM": "Distribution", "OWNER": "COVAV", "OPERATOR": "COVAV", "DIAMETER": "150 mm", "PIPE_CLASS": null, "MATERIAL": "Ductile Iron Concrete Lined", "LINING_MATERIAL": "blank", "COATING_MATERIAL": "blank", "FACET": "O15", "CONNECTION_TYPE": null, "DOMESTIC_DIAMETER": null, "DOMESTIC_MATERIAL": null, "FIRE_LIN_DIAMETER": null, "INSTALLED_BY": "City of Vancouver", "FIRE_LIN_MATERIAL": null, "MAP_TOOLTIP": "150 DICL n/a 2006", "UPDATED_DATE_iso": "2021-07-09", "COV_DATE_UPDATE_iso": "2021-07-09", "INSTALLATION_DATE_iso": "2006-12-18"}, "geometry": {"type": "LineString", "coordinates": [[-123.11835768948048, 49.25001383281814], [-123.11827364704175, 49.250012407685475]]}}, {"type": "Feature", "properties": {"SHAPE_Length": 2.0454950499349995, "OBJECTID": 21339309, "COV_SOURCE_KEY": "378692", "UPDATED_DATE": 1752267962000, "COV_DATE_UPDATE": 1752267962000, "TBFID": 4756242, "ORACLE_ID": "__FJ9RIK", "UNIT_ID_1": "4747957", "UNIT_ID_2": "142743", "MAIN_COMP1": 43, "MAIN_KEY_1": 1605349, "MAIN_COMP2": 43, "MAIN_KEY_2": 890803, "ADDRESS_KEY": 156683, "INSTALLATION_DATE": 504950400000, "DEPTH_OF_COVER_M": 0.9100000262260437, "RESTRAINED_JOINT": 0, "CATHODICALLY_PROTECTED": 0, "REMARKS": null, "ASSET_DESCRIPTION": "700 W 33RD AV", "SPLIT_ON_CITYSIDE": null, "COMPKEY": 245964, "COMPTYPE": 41, "COATING_DATE": null, "LINING_DATE": null, "UPDATED_BY": "enyamw", "WATERMAIN_KEY": 31139, "BUN": null, "PIPE_LENGTH_M": 4.091, "PARALLEL_LINE_NUMBER": null, "PRESSURE_ZONE": 173, "PIPE_USE": "Water Main", "SERVICE_STATUS": "Out of Service-Abandoned", "SUBSYSTEM": "Distribution", "OWNER": "COVAV", "OPERATOR": "COVAV", "DIAMETER": "300 mm", "PIPE_CLASS": null, "MATERIAL": "Ductile Iron", "LINING_MATERIAL": "Cement Lined", "COATING_MATERIAL": "blank", "FACET": "O17", "CONNECTION_TYPE": null, "DOMESTIC_DIAMETER": null, "DOMESTIC_MATERIAL": null, "FIRE_LIN_DIAMETER": null, "INSTALLED_BY": "City of Vancouver", "FIRE_LIN_MATERIAL": null, "MAP_TOOLTIP": "300 DI CL 1986", "UPDATED_DATE_iso": "2025-07-11", "COV_DATE_UPDATE_iso": "2025-07-11", "INSTALLATION_DATE_iso": "1986-01-01"}, "geometry": {"type": "LineString", "coordinates": [[-123.120748444656, 49.2411217006978], [-123.12072453005568, 49.24111203781452]]}}, {"type": "Feature", "properties": {"SHAPE_Length": 2.0454950499349995, "OBJECTID": 21339310, "COV_SOURCE_KEY": "378692", "UPDATED_DATE": 1752267962000, "COV_DATE_UPDATE": 1752267962000, "TBFID": 4756243, "ORACLE_ID": "__FJ9RIK", "UNIT_ID_1": "4747957", "UNIT_ID_2": "142743", "MAIN_COMP1": 43, "MAIN_KEY_1": 1605349, "MAIN_COMP2": 43, "MAIN_KEY_2": 890803, "ADDRESS_KEY": 156683, "INSTALLATION_DATE": 504950400000, "DEPTH_OF_COVER_M": 0.9100000262260437, "RESTRAINED_JOINT": 0, "CATHODICALLY_PROTECTED": 0, "REMARKS": null, "ASSET_DESCRIPTION": "700 W 33RD AV", "SPLIT_ON_CITYSIDE": null, "COMPKEY": 245964, "COMPTYPE": 41, "COATING_DATE": null, "LINING_DATE": null, "UPDATED_BY": "enyamw", "WATERMAIN_KEY": 31139, "BUN": null, "PIPE_LENGTH_M": 4.091, "PARALLEL_LINE_NUMBER": null, "PRESSURE_ZONE": 173, "PIPE_USE": "Water Main", "SERVICE_STATUS": "Out of Service-Abandoned", "SUBSYSTEM": "Distribution", "OWNER": "COVAV", "OPERATOR": "COVAV", "DIAMETER": "300 mm", "PIPE_CLASS": null, "MATERIAL": "Ductile Iron", "LINING_MATERIAL": "Cement Lined", "COATING_MATERIAL": "blank", "FACET": "O17", "CONNECTION_TYPE": null, "DOMESTIC_DIAMETER": null, "DOMESTIC_MATERIAL": null, "FIRE_LIN_DIAMETER": null, "INSTALLED_BY": "City of Vancouver", "FIRE_LIN_MATERIAL": null, "MAP_TOOLTIP": "300 DI CL 1986", "UPDATED_DATE_iso": "2025-07-11", "COV_DATE_UPDATE_iso": "2025-07-11", "INSTALLATION_DATE_iso": "1986-01-01"}, "geometry": {"type": "LineString", "coordinates": [[-123.120748444656, 49.2411217006978], [-123.12072453005568, 49.24111203781452]]}}, {"type": "Feature", "properties": {"SHAPE_Length": 1.8951395722499687, "OBJECTID": 21339312, "COV_SOURCE_KEY": "4756257", "UPDATED_DATE": 1752267263000, "COV_DATE_UPDATE": 1752267263000, "TBFID": 4756258, "ORACLE_ID": "__HIHGU0", "UNIT_ID_1": "61561", "UNIT_ID_2": "4747963", "MAIN_COMP1": 46, "MAIN_KEY_1": 99709, "MAIN_COMP2": 43, "MAIN_KEY_2": 1605350, "ADDRESS_KEY": 156147, "INSTALLATION_DATE": -788889600000, "DEPTH_OF_COVER_M": 0.9100000262260437, "RESTRAINED_JOINT": 0, "CATHODICALLY_PROTECTED": 0, "REMARKS": null, "ASSET_DESCRIPTION": "600 W 33RD AV", "SPLIT_ON_CITYSIDE": null, "COMPKEY": 1605540, "COMPTYPE": 41, "COATING_DATE": null, "LINING_DATE": null, "UPDATED_BY": "enyamw", "WATERMAIN_KEY": 105389, "BUN": null, "PIPE_LENGTH_M": 1.895, "PARALLEL_LINE_NUMBER": null, "PRESSURE_ZONE": 173, "PIPE_USE": "Water Main", "SERVICE_STATUS": "Out of Service-Abandoned", "SUBSYSTEM": "Distribution", "OWNER": "COVAV", "OPERATOR": "COVAV", "DIAMETER": "300 mm", "PIPE_CLASS": "Class 22 (Material is Cast Iron)", "MATERIAL": "Cast Iron", "LINING_MATERIAL": "blank", "COATING_MATERIAL": "blank", "FACET": "O17", "CONNECTION_TYPE": null, "DOMESTIC_DIAMETER": null, "DOMESTIC_MATERIAL": null, "FIRE_LIN_DIAMETER": null, "INSTALLED_BY": "City of Vancouver", "FIRE_LIN_MATERIAL": null, "MAP_TOOLTIP": "300 CI n/a 1945", "UPDATED_DATE_iso": "2025-07-11", "COV_DATE_UPDATE_iso": "2025-07-11", "INSTALLATION_DATE_iso": "1945-01-01"}, "geometry": {"type": "LineString", "coordinates": [[-123.12053559280942, 49.241109140731105], [-123.12050955814442, 49.24110896100055]]}}, {"type": "Feature", "properties": {"SHAPE_Length": 0.41714505906598504, "OBJECTID": 21339356, "COV_SOURCE_KEY": "377627", "UPDATED_DATE": 1752267945000, "COV_DATE_UPDATE": 1752267945000, "TBFID": 4756384, "ORACLE_ID": "__FJ9RKZ", "UNIT_ID_1": "4756383", "UNIT_ID_2": "4668321", "MAIN_COMP1": 43, "MAIN_KEY_1": 1605374, "MAIN_COMP2": 43, "MAIN_KEY_2": 976969, "ADDRESS_KEY": 156147, "INSTALLATION_DATE": -788889600000, "DEPTH_OF_COVER_M": 0.9100000262260437, "RESTRAINED_JOINT": 0, "CATHODICALLY_PROTECTED": 0, "REMARKS": null, "ASSET_DESCRIPTION": "4900 5000  HEATHER ST", "SPLIT_ON_CITYSIDE": null, "COMPKEY": 246052, "COMPTYPE": 41, "COATING_DATE": null, "LINING_DATE": null, "UPDATED_BY": "enyamw", "WATERMAIN_KEY": 31209, "BUN": null, "PIPE_LENGTH_M": 1.194, "PARALLEL_LINE_NUMBER": null, "PRESSURE_ZONE": 173, "PIPE_USE": "Water Main", "SERVICE_STATUS": "Out of Service-Abandoned", "SUBSYSTEM": "Distribution", "OWNER": "COVAV", "OPERATOR": "COVAV", "DIAMETER": "300 mm", "PIPE_CLASS": "Class 22 (Material is Cast Iron)", "MATERIAL": "Cast Iron", "LINING_MATERIAL": "blank", "COATING_MATERIAL": "blank", "FACET": "O17", "CONNECTION_TYPE": null, "DOMESTIC_DIAMETER": null, "DOMESTIC_MATERIAL": null, "FIRE_LIN_DIAMETER": null, "INSTALLED_BY": "City of Vancouver", "FIRE_LIN_MATERIAL": null, "MAP_TOOLTIP": "300 CI n/a 1945", "UPDATED_DATE_iso": "2025-07-11", "COV_DATE_UPDATE_iso": "2025-07-11", "INSTALLATION_DATE_iso": "1945-01-01"}, "geometry": {"type": "LineString", "coordinates": [[-123.12064619092524, 49.24111085132111], [-123.12064046179464, 49.241110758356214]]}}, {"type": "Feature", "properties": {"SHAPE_Length": 0.7772573574419867, "OBJECTID": 21339357, "COV_SOURCE_KEY": "377627", "UPDATED_DATE": 1752267945000, "COV_DATE_UPDATE": 1752267945000, "TBFID": 4756385, "ORACLE_ID": "__FJ9RKZ", "UNIT_ID_1": "4756383", "UNIT_ID_2": "4668321", "MAIN_COMP1": 43, "MAIN_KEY_1": 1605374, "MAIN_COMP2": 43, "MAIN_KEY_2": 976969, "ADDRESS_KEY": 156147, "INSTALLATION_DATE": -788889600000, "DEPTH_OF_COVER_M": 0.9100000262260437, "RESTRAINED_JOINT": 0, "CATHODICALLY_PROTECTED": 0, "REMARKS": null, "ASSET_DESCRIPTION": "4900 5000  HEATHER ST", "SPLIT_ON_CITYSIDE": null, "COMPKEY": 246052, "COMPTYPE": 41, "COATING_DATE": null, "LINING_DATE": null, "UPDATED_BY": "enyamw", "WATERMAIN_KEY": 31209, "BUN": null, "PIPE_LENGTH_M": 1.194, "PARALLEL_LINE_NUMBER": null, "PRESSURE_ZONE": 173, "PIPE_USE": "Water Main", "SERVICE_STATUS": "Out of Service-Abandoned", "SUBSYSTEM": "Distribution", "OWNER": "COVAV", "OPERATOR": "COVAV", "DIAMETER": "300 mm", "PIPE_CLASS": "Class 22 (Material is Cast Iron)", "MATERIAL": "Cast Iron", "LINING_MATERIAL": "blank", "COATING_MATERIAL": "blank", "FACET": "O17", "CONNECTION_TYPE": null, "DOMESTIC_DIAMETER": null, "DOMESTIC_MATERIAL": null, "FIRE_LIN_DIAMETER": null, "INSTALLED_BY": "City of Vancouver", "FIRE_LIN_MATERIAL": null, "MAP_TOOLTIP": "300 CI n/a 1945", "UPDATED_DATE_iso": "2025-07-11", "COV_DATE_UPDATE_iso": "2025-07-11", "INSTALLATION_DATE_iso": "1945-01-01"}, "geometry": {"type": "LineString", "coordinates": [[-123.12061999085113, 49.24111044690714], [-123.1206093157196, 49.241110278147346]]}}]}