{"type": "FeatureCollection", "features": [{"type": "Feature", "properties": {"SHAPE_Length": 18.52011287912092, "OBJECTID": 136435704, "COV_SOURCE_KEY": "482756", "LASTUPDATE": 1764791274000, "TBFID": 482756, "UNIT_DESCRIPTION": null, "INSTALLDATE": 1183014000000, "LANE_LOCATION": null, "PIPE_USE": "Main", "SERVICE_STATUS": "In Service", "EFFLUENT_TYPE": "Sanitary", "TB_LENGTH": 18.52, "GRADE": 0.65, "MATERIAL": "Concrete", "VALIDATION_DATE": null, "BUN": null, "UPSTREAM_INVERT": 67.68, "UPSTRM_INVERT_ESTIMATED": "No", "DWNSTREAM_INVERT": 67.56, "DNSTRM_INVERT_ESTIMATED": "No", "RAMP_TYPE": null, "PIPE_SHAPE": "Round", "HEIGHT_MM": 0, "WIDTH_MM": 0, "SECTION_NAME": null, "FLOW_CATEGORY": "Gravity", "NORMAL_PRESSURE": 0, "LINING_MATERIAL": "blank", "ON_PILES": "No", "ON_SLAB": "No", "NFB_NOTATION": null, "DRAWING_NUMBER": "DB2512", "PP_NUMBER": null, "NFB_ELEVATION": 0, "NFB_TYPE": "blank", "WET_WEATHER_ONLY": "No", "REMARKS": null, "LEGACY_ID": "__FNG7IG", "SOIL_TYPE": "blank", "SOIL_CONDITION": "blank", "TYPE_OF_FILL": null, "OWNEDBY": "COVAV", "OPERATOR": null, "UNIT_ID": "421013", "MAIN_KEY_1": 27261, "MAIN_COMP1": "30", "UNIT_ID_2": "402319", "MAIN_KEY_2": 9691, "MAIN_COMP2": 30, "COMPKEY": 360314, "MAIN_KEY": 3518, "COMPTYPE": 31, "UPDATED_BY": "enklk", "ADDRESS_KEY": 157447, "TB_AREA": "CBC08", "DISTRICT": "1", "FACET_GRID": " ", "CONSTRUCTION_TECHNIQUE": "unknown", "CONNECTN_TYPE": null, "CONNECTN_CONDITION": "{null}", "DATE_OF_PERMIT": null, "SPECIAL_INSTRUCTIONS": null, "TV_CONDITION": "Good", "TV_LAST_INSPECTION_DATE": 1652857200000, "TV_INCOMPLETE": "No", "TV_NEXT_INSPECTED_DATE": null, "LAST_INSPECTED_OK": null, "DATE_LAST_CLEANING_REQ": null, "DT_LAST_CLEANED": null, "INSPECTED_USER_ID": null, "CLEAN_USER_ID": null, "FURTHER_WORK_REQUIRED": "No", "FURTHERWORK_COMPLETED": "No", "WORK_ID": null, "PARALLEL_LINE_NO": null, "DISTANCE": 18.54, "MAP_TOOLTIP": "18.52 - 450 SAN n/a 0.65 % 2007 2", "HC_FID": null, "SUBAREA": " ", "DEPTH_AT_PL": null, "DEPTH_AT_PL_BELOW_CL": null, "OFFSET_DIRECTION": null, "OFFSET_FROM_PL": null, "DIAMETER_INSIDE": 450, "NAMENUMBER": null, "TO_MAIN_FID": null, "PERMIT_NUMBER": null, "STREET_NAME": "CLANCY LORANGER WAY", "HUNDRED_BLOCK": "4500", "HCORACLEID": null, "AS_BUILT": "Yes", "LASTUPDATE_iso": "2025-12-03", "INSTALLDATE_iso": "2007-06-28", "TV_LAST_INSPECTION_DATE_iso": "2022-05-18"}, "geometry": {"type": "LineString", "coordinates": [[-123.1067464607281, 49.24406474146349], [-123.10672332422986, 49.244230644001455]]}}, {"type": "Feature", "properties": {"SHAPE_Length": 2.1539034332380464, "OBJECTID": 136435894, "COV_SOURCE_KEY": "483188", "LASTUPDATE": 1761291042000, "TBFID": 483188, "UNIT_DESCRIPTION": null, "INSTALLDATE": 94723200000, "LANE_LOCATION": "blank", "PIPE_USE": "Main", "SERVICE_STATUS": "In Service", "EFFLUENT_TYPE": "Sanitary", "TB_LENGTH": 2.15390343, "GRADE": 0, "MATERIAL": "Vitrified Clay", "VALIDATION_DATE": null, "BUN": null, "UPSTREAM_INVERT": 0, "UPSTRM_INVERT_ESTIMATED": "No", "DWNSTREAM_INVERT": 0, "DNSTRM_INVERT_ESTIMATED": "No", "RAMP_TYPE": null, "PIPE_SHAPE": "Round", "HEIGHT_MM": 0, "WIDTH_MM": 0, "SECTION_NAME": null, "FLOW_CATEGORY": "Gravity", "NORMAL_PRESSURE": 0, "LINING_MATERIAL": "blank", "ON_PILES": "No", "ON_SLAB": "No", "NFB_NOTATION": null, "DRAWING_NUMBER": null, "PP_NUMBER": "T90", "NFB_ELEVATION": 0, "NFB_TYPE": "blank", "WET_WEATHER_ONLY": "No", "REMARKS": null, "LEGACY_ID": "__FJC0AA", "SOIL_TYPE": "blank", "SOIL_CONDITION": "blank", "TYPE_OF_FILL": null, "OWNEDBY": "COVAV", "OPERATOR": "COVAV", "UNIT_ID": "410003", "MAIN_KEY_1": 16538, "MAIN_COMP1": "30", "UNIT_ID_2": "422159", "MAIN_KEY_2": 27899, "MAIN_COMP2": 30, "COMPKEY": 361015, "MAIN_KEY": 4219, "COMPTYPE": 31, "UPDATED_BY": "ENHANMGETASK", "ADDRESS_KEY": 149380, "TB_AREA": "CBC06", "DISTRICT": "3", "FACET_GRID": "N17", "CONSTRUCTION_TECHNIQUE": "unknown", "CONNECTN_TYPE": null, "CONNECTN_CONDITION": "{null}", "DATE_OF_PERMIT": null, "SPECIAL_INSTRUCTIONS": null, "TV_CONDITION": "Good/Fair", "TV_LAST_INSPECTION_DATE": 1755586800000, "TV_INCOMPLETE": "No", "TV_NEXT_INSPECTED_DATE": null, "LAST_INSPECTED_OK": null, "DATE_LAST_CLEANING_REQ": null, "DT_LAST_CLEANED": null, "INSPECTED_USER_ID": null, "CLEAN_USER_ID": null, "FURTHER_WORK_REQUIRED": "No", "FURTHERWORK_COMPLETED": "No", "WORK_ID": null, "PARALLEL_LINE_NO": null, "DISTANCE": 2.1, "MAP_TOOLTIP": "2.15 - 250 SAN n/a 0.00 % 1973 3", "HC_FID": null, "SUBAREA": "N17", "DEPTH_AT_PL": null, "DEPTH_AT_PL_BELOW_CL": null, "OFFSET_DIRECTION": null, "OFFSET_FROM_PL": null, "DIAMETER_INSIDE": 250, "NAMENUMBER": null, "TO_MAIN_FID": null, "PERMIT_NUMBER": null, "STREET_NAME": "W 33RD AV", "HUNDRED_BLOCK": "800", "HCORACLEID": null, "AS_BUILT": "Yes", "LASTUPDATE_iso": "2025-10-24", "INSTALLDATE_iso": "1973-01-01", "TV_LAST_INSPECTION_DATE_iso": "2025-08-19"}, "geometry": {"type": "LineString", "coordinates": [[-123.1249718046133, 49.24131329661353], [-123.12500107466643, 49.241316143424804]]}}, {"type": "Feature", "properties": {"SHAPE_Length": 80.82202724516985, "OBJECTID": 136435968, "COV_SOURCE_KEY": "2091729", "LASTUPDATE": 1727422218000, "TBFID": 2091729, "UNIT_DESCRIPTION": null, "INSTALLDATE": 1667631600000, "LANE_LOCATION": "Lane North", "PIPE_USE": "Main", "SERVICE_STATUS": "In Service", "EFFLUENT_TYPE": "Sanitary", "TB_LENGTH": 80.82202724, "GRADE": 2.35, "MATERIAL": "Polyvinyl Chloride", "VALIDATION_DATE": null, "BUN": "MN-P16-045", "UPSTREAM_INVERT": 67.56, "UPSTRM_INVERT_ESTIMATED": null, "DWNSTREAM_INVERT": 65.66, "DNSTRM_INVERT_ESTIMATED": null, "RAMP_TYPE": null, "PIPE_SHAPE": null, "HEIGHT_MM": null, "WIDTH_MM": null, "SECTION_NAME": null, "FLOW_CATEGORY": "Gravity", "NORMAL_PRESSURE": null, "LINING_MATERIAL": null, "ON_PILES": null, "ON_SLAB": null, "NFB_NOTATION": null, "DRAWING_NUMBER": "DB4388C", "PP_NUMBER": null, "NFB_ELEVATION": null, "NFB_TYPE": null, "WET_WEATHER_ONLY": null, "REMARKS": null, "LEGACY_ID": "__HA998A", "SOIL_TYPE": null, "SOIL_CONDITION": null, "TYPE_OF_FILL": null, "OWNEDBY": "COVAV", "OPERATOR": "COVAV", "UNIT_ID": "2091847", "MAIN_KEY_1": 1560673, "MAIN_COMP1": "30", "UNIT_ID_2": "1991810", "MAIN_KEY_2": 934865, "MAIN_COMP2": 30, "COMPKEY": 1560697, "MAIN_KEY": 64162, "COMPTYPE": 31, "UPDATED_BY": "ENHANMGETASK", "ADDRESS_KEY": 154733, "TB_AREA": "CBC07", "DISTRICT": "3", "FACET_GRID": "P16", "CONSTRUCTION_TECHNIQUE": null, "CONNECTN_TYPE": null, "CONNECTN_CONDITION": null, "DATE_OF_PERMIT": null, "SPECIAL_INSTRUCTIONS": null, "TV_CONDITION": "Very Good", "TV_LAST_INSPECTION_DATE": 1643875200000, "TV_INCOMPLETE": null, "TV_NEXT_INSPECTED_DATE": null, "LAST_INSPECTED_OK": null, "DATE_LAST_CLEANING_REQ": null, "DT_LAST_CLEANED": null, "INSPECTED_USER_ID": null, "CLEAN_USER_ID": null, "FURTHER_WORK_REQUIRED": "No", "FURTHERWORK_COMPLETED": "No", "WORK_ID": null, "PARALLEL_LINE_NO": null, "DISTANCE": null, "MAP_TOOLTIP": "80.82 - 250 SAN  2.35 % 2022 1", "HC_FID": 2091729, "SUBAREA": "P16", "DEPTH_AT_PL": null, "DEPTH_AT_PL_BELOW_CL": null, "OFFSET_DIRECTION": null, "OFFSET_FROM_PL": null, "DIAMETER_INSIDE": 250, "NAMENUMBER": "MN-P16-045", "TO_MAIN_FID": null, "PERMIT_NUMBER": null, "STREET_NAME": "W 26TH AV", "HUNDRED_BLOCK": "000", "HCORACLEID": "__HA998B", "AS_BUILT": "Yes", "LASTUPDATE_iso": "2024-09-27", "INSTALLDATE_iso": "2022-11-05", "TV_LAST_INSPECTION_DATE_iso": "2022-02-03"}, "geometry": {"type": "LineString", "coordinates": [[-123.10639800625651, 49.24832311865781], [-123.10740598340061, 49.24834058123283], [-123.107419750867, 49.24834039752369], [-123.10746003415613, 49.248338776901875], [-123.10747376043982, 49.248338611215054], [-123.10749845281629, 49.248339029008896], [-123.10750808517693, 49.24833919095543]]}}, {"type": "Feature", "properties": {"SHAPE_Length": 64.43724340767034, "OBJECTID": 136435988, "COV_SOURCE_KEY": "483234", "LASTUPDATE": 1679988644000, "TBFID": 483234, "UNIT_DESCRIPTION": null, "INSTALLDATE": 536486400000, "LANE_LOCATION": "blank", "PIPE_USE": "Main", "SERVICE_STATUS": "In Service", "EFFLUENT_TYPE": "Sanitary", "TB_LENGTH": 64.44, "GRADE": 1.35, "MATERIAL": "Vitrified Clay", "VALIDATION_DATE": null, "BUN": null, "UPSTREAM_INVERT": 50.84, "UPSTRM_INVERT_ESTIMATED": "No", "DWNSTREAM_INVERT": 49.97, "DNSTRM_INVERT_ESTIMATED": "No", "RAMP_TYPE": null, "PIPE_SHAPE": "Round", "HEIGHT_MM": 0, "WIDTH_MM": 0, "SECTION_NAME": null, "FLOW_CATEGORY": "Gravity", "NORMAL_PRESSURE": 0, "LINING_MATERIAL": "blank", "ON_PILES": "No", "ON_SLAB": "No", "NFB_NOTATION": null, "DRAWING_NUMBER": null, "PP_NUMBER": "S39", "NFB_ELEVATION": 0, "NFB_TYPE": "blank", "WET_WEATHER_ONLY": "No", "REMARKS": null, "LEGACY_ID": "__FJC3SO", "SOIL_TYPE": "HARD SAND", "SOIL_CONDITION": "blank", "TYPE_OF_FILL": null, "OWNEDBY": "COVAV", "OPERATOR": null, "UNIT_ID": "410313", "MAIN_KEY_1": 16992, "MAIN_COMP1": "30", "UNIT_ID_2": "404936", "MAIN_KEY_2": 11107, "MAIN_COMP2": 30, "COMPKEY": 362215, "MAIN_KEY": 5418, "COMPTYPE": 31, "UPDATED_BY": "ENHANMGETASK", "ADDRESS_KEY": 156424, "TB_AREA": "CBC07", "DISTRICT": "3", "FACET_GRID": "O14", "CONSTRUCTION_TECHNIQUE": "unknown", "CONNECTN_TYPE": null, "CONNECTN_CONDITION": "{null}", "DATE_OF_PERMIT": null, "SPECIAL_INSTRUCTIONS": null, "TV_CONDITION": "Very Good", "TV_LAST_INSPECTION_DATE": 1676707200000, "TV_INCOMPLETE": "No", "TV_NEXT_INSPECTED_DATE": null, "LAST_INSPECTED_OK": null, "DATE_LAST_CLEANING_REQ": null, "DT_LAST_CLEANED": null, "INSPECTED_USER_ID": null, "CLEAN_USER_ID": null, "FURTHER_WORK_REQUIRED": "No", "FURTHERWORK_COMPLETED": "No", "WORK_ID": null, "PARALLEL_LINE_NO": null, "DISTANCE": 64.6, "MAP_TOOLTIP": "64.44 - 200 SAN n/a 1.35 % 1987 1", "HC_FID": null, "SUBAREA": "O14", "DEPTH_AT_PL": null, "DEPTH_AT_PL_BELOW_CL": null, "OFFSET_DIRECTION": null, "OFFSET_FROM_PL": null, "DIAMETER_INSIDE": 200, "NAMENUMBER": null, "TO_MAIN_FID": null, "PERMIT_NUMBER": null, "STREET_NAME": "W 16TH AV", "HUNDRED_BLOCK": "600", "HCORACLEID": null, "AS_BUILT": "Yes", "LASTUPDATE_iso": "2023-03-28", "INSTALLDATE_iso": "1987-01-01", "TV_LAST_INSPECTION_DATE_iso": "2023-02-18"}, "geometry": {"type": "LineString", "coordinates": [[-123.118137969496, 49.256974264222336], [-123.11902301045838, 49.256993837989995]]}}, {"type": "Feature", "properties": {"SHAPE_Length": 79.10632432984684, "OBJECTID": 136436234, "COV_SOURCE_KEY": "484836", "LASTUPDATE": 1662535825000, "TBFID": 484836, "UNIT_DESCRIPTION": "POOR GROUND", "INSTALLDATE": 631180800000, "LANE_LOCATION": null, "PIPE_USE": "Main", "SERVICE_STATUS": "In Service", "EFFLUENT_TYPE": "Sanitary", "TB_LENGTH": 79.10632433, "GRADE": 1.59, "MATERIAL": "Polyvinyl Chloride", "VALIDATION_DATE": null, "BUN": null, "UPSTREAM_INVERT": 52.45, "UPSTRM_INVERT_ESTIMATED": "No", "DWNSTREAM_INVERT": 51.19, "DNSTRM_INVERT_ESTIMATED": "No", "RAMP_TYPE": null, "PIPE_SHAPE": "Round", "HEIGHT_MM": 0, "WIDTH_MM": 0, "SECTION_NAME": null, "FLOW_CATEGORY": "Gravity", "NORMAL_PRESSURE": 0, "LINING_MATERIAL": "blank", "ON_PILES": "No", "ON_SLAB": "No", "NFB_NOTATION": null, "DRAWING_NUMBER": null, "PP_NUMBER": "E55", "NFB_ELEVATION": 0, "NFB_TYPE": "blank", "WET_WEATHER_ONLY": "No", "REMARKS": null, "LEGACY_ID": "__FJC3QA", "SOIL_TYPE": "PEAT/CLAY", "SOIL_CONDITION": "blank", "TYPE_OF_FILL": null, "OWNEDBY": "COVAV", "OPERATOR": " ", "UNIT_ID": "397513", "MAIN_KEY_1": 3660, "MAIN_COMP1": "30", "UNIT_ID_2": "397511", "MAIN_KEY_2": 3658, "MAIN_COMP2": 30, "COMPKEY": 362460, "MAIN_KEY": 5663, "COMPTYPE": 31, "UPDATED_BY": "ENHANMGETASK", "ADDRESS_KEY": 156801, "TB_AREA": "CBC06", "DISTRICT": "3", "FACET_GRID": "N14", "CONSTRUCTION_TECHNIQUE": "unknown", "CONNECTN_TYPE": null, "CONNECTN_CONDITION": null, "DATE_OF_PERMIT": null, "SPECIAL_INSTRUCTIONS": null, "TV_CONDITION": "Very Good", "TV_LAST_INSPECTION_DATE": 1660201200000, "TV_INCOMPLETE": "No", "TV_NEXT_INSPECTED_DATE": null, "LAST_INSPECTED_OK": null, "DATE_LAST_CLEANING_REQ": null, "DT_LAST_CLEANED": null, "INSPECTED_USER_ID": null, "CLEAN_USER_ID": null, "FURTHER_WORK_REQUIRED": "No", "FURTHERWORK_COMPLETED": "No", "WORK_ID": null, "PARALLEL_LINE_NO": null, "DISTANCE": 78.4, "MAP_TOOLTIP": "79.11 - 200 SAN n/a 1.59 % 1990 1", "HC_FID": null, "SUBAREA": "N14", "DEPTH_AT_PL": null, "DEPTH_AT_PL_BELOW_CL": null, "OFFSET_DIRECTION": null, "OFFSET_FROM_PL": null, "DIAMETER_INSIDE": 200, "NAMENUMBER": null, "TO_MAIN_FID": null, "PERMIT_NUMBER": null, "STREET_NAME": "W 18TH AV", "HUNDRED_BLOCK": "900", "HCORACLEID": null, "AS_BUILT": "Yes", "LASTUPDATE_iso": "2022-09-07", "INSTALLDATE_iso": "1990-01-01", "TV_LAST_INSPECTION_DATE_iso": "2022-08-11"}, "geometry": {"type": "LineString", "coordinates": [[-123.12658465754924, 49.25534187060893], [-123.12549774312289, 49.25532860101801]]}}, {"type": "Feature", "properties": {"SHAPE_Length": 60.15105733127402, "OBJECTID": 136436391, "COV_SOURCE_KEY": "481307", "LASTUPDATE": 1534577417000, "TBFID": 481307, "UNIT_DESCRIPTION": "HBLUECLAYBOTTOM", "INSTALLDATE": 788947200000, "LANE_LOCATION": "Lane North", "PIPE_USE": "Main", "SERVICE_STATUS": "In Service", "EFFLUENT_TYPE": "Sanitary", "TB_LENGTH": 60.15, "GRADE": 3.33, "MATERIAL": "Polyvinyl Chloride", "VALIDATION_DATE": null, "BUN": null, "UPSTREAM_INVERT": 61.38, "UPSTRM_INVERT_ESTIMATED": "No", "DWNSTREAM_INVERT": 59.38, "DNSTRM_INVERT_ESTIMATED": "No", "RAMP_TYPE": null, "PIPE_SHAPE": "Round", "HEIGHT_MM": 0, "WIDTH_MM": 0, "SECTION_NAME": null, "FLOW_CATEGORY": "Gravity", "NORMAL_PRESSURE": 0, "LINING_MATERIAL": "blank", "ON_PILES": "No", "ON_SLAB": "No", "NFB_NOTATION": null, "DRAWING_NUMBER": null, "PP_NUMBER": "T56", "NFB_ELEVATION": 0, "NFB_TYPE": "blank", "WET_WEATHER_ONLY": "No", "REMARKS": null, "LEGACY_ID": "__FJCFCC", "SOIL_TYPE": "SCLAY/SAND", "SOIL_CONDITION": "blank", "TYPE_OF_FILL": null, "OWNEDBY": "COVAV", "OPERATOR": null, "UNIT_ID": "418868", "MAIN_KEY_1": 25183, "MAIN_COMP1": "30", "UNIT_ID_2": "418866", "MAIN_KEY_2": 25181, "MAIN_COMP2": 30, "COMPKEY": 358595, "MAIN_KEY": 1799, "COMPTYPE": 31, "UPDATED_BY": "ENHANMGETASK", "ADDRESS_KEY": 148164, "TB_AREA": "CBC07", "DISTRICT": "3", "FACET_GRID": "O15", "CONSTRUCTION_TECHNIQUE": "unknown", "CONNECTN_TYPE": null, "CONNECTN_CONDITION": "{null}", "DATE_OF_PERMIT": null, "SPECIAL_INSTRUCTIONS": null, "TV_CONDITION": "Very Good", "TV_LAST_INSPECTION_DATE": 1392624000000, "TV_INCOMPLETE": "No", "TV_NEXT_INSPECTED_DATE": null, "LAST_INSPECTED_OK": null, "DATE_LAST_CLEANING_REQ": null, "DT_LAST_CLEANED": null, "INSPECTED_USER_ID": null, "CLEAN_USER_ID": null, "FURTHER_WORK_REQUIRED": "No", "FURTHERWORK_COMPLETED": "No", "WORK_ID": null, "PARALLEL_LINE_NO": null, "DISTANCE": 60, "MAP_TOOLTIP": "60.15 - 200 SAN n/a 3.33 % 1995 1", "HC_FID": null, "SUBAREA": "O15", "DEPTH_AT_PL": null, "DEPTH_AT_PL_BELOW_CL": null, "OFFSET_DIRECTION": null, "OFFSET_FROM_PL": null, "DIAMETER_INSIDE": 200, "NAMENUMBER": null, "TO_MAIN_FID": null, "PERMIT_NUMBER": null, "STREET_NAME": "W 22ND AV", "HUNDRED_BLOCK": "400", "HCORACLEID": null, "AS_BUILT": "Yes", "LASTUPDATE_iso": "2018-08-18", "INSTALLDATE_iso": "1995-01-01", "TV_LAST_INSPECTION_DATE_iso": "2014-02-17"}, "geometry": {"type": "LineString", "coordinates": [[-123.11297634714623, 49.25156753273643], [-123.11380255025338, 49.25158324610837]]}}, {"type": "Feature", "properties": {"SHAPE_Length": 139.0854656425648, "OBJECTID": 136436428, "COV_SOURCE_KEY": "481240", "LASTUPDATE": 1677227423000, "TBFID": 481240, "UNIT_DESCRIPTION": "MAX CONNECTION DEPTH AT 66.2m ELEVATION", "INSTALLDATE": 1181199600000, "LANE_LOCATION": "blank", "PIPE_USE": "Main", "SERVICE_STATUS": "In Service", "EFFLUENT_TYPE": "Sanitary", "TB_LENGTH": 139.08546564, "GRADE": 0.3, "MATERIAL": "Polyvinyl Chloride", "VALIDATION_DATE": null, "BUN": null, "UPSTREAM_INVERT": 65.52, "UPSTRM_INVERT_ESTIMATED": "No", "DWNSTREAM_INVERT": 65.1, "DNSTRM_INVERT_ESTIMATED": "No", "RAMP_TYPE": null, "PIPE_SHAPE": "Round", "HEIGHT_MM": 0, "WIDTH_MM": 0, "SECTION_NAME": null, "FLOW_CATEGORY": "Gravity", "NORMAL_PRESSURE": 0, "LINING_MATERIAL": "blank", "ON_PILES": "No", "ON_SLAB": "No", "NFB_NOTATION": "MAX CONNECTION DEPTH AT 66.2m ELEVATION", "DRAWING_NUMBER": "DB2446", "PP_NUMBER": null, "NFB_ELEVATION": 0, "NFB_TYPE": "blank", "WET_WEATHER_ONLY": "No", "REMARKS": "SEE VANDOCS:\r\nENG - SD - Rezone Workloads.xlsx", "LEGACY_ID": "__FNJG5O", "SOIL_TYPE": "blank", "SOIL_CONDITION": "blank", "TYPE_OF_FILL": null, "OWNEDBY": "COVAV", "OPERATOR": "COVAV", "UNIT_ID": "1647168", "MAIN_KEY_1": 857520, "MAIN_COMP1": "30", "UNIT_ID_2": "410780", "MAIN_KEY_2": 16738, "MAIN_COMP2": 30, "COMPKEY": 358609, "MAIN_KEY": 1813, "COMPTYPE": 31, "UPDATED_BY": "ENHANMGETASK", "ADDRESS_KEY": 151546, "TB_AREA": "CBC07", "DISTRICT": "3", "FACET_GRID": "O16", "CONSTRUCTION_TECHNIQUE": "unknown", "CONNECTN_TYPE": null, "CONNECTN_CONDITION": "{null}", "DATE_OF_PERMIT": null, "SPECIAL_INSTRUCTIONS": null, "TV_CONDITION": "Good", "TV_LAST_INSPECTION_DATE": 1665039600000, "TV_INCOMPLETE": "No", "TV_NEXT_INSPECTED_DATE": null, "LAST_INSPECTED_OK": null, "DATE_LAST_CLEANING_REQ": null, "DT_LAST_CLEANED": null, "INSPECTED_USER_ID": null, "CLEAN_USER_ID": null, "FURTHER_WORK_REQUIRED": "No", "FURTHERWORK_COMPLETED": "No", "WORK_ID": null, "PARALLEL_LINE_NO": null, "DISTANCE": 142.11, "MAP_TOOLTIP": "139.09 - 250 SAN n/a 0.30 % 2007 2", "HC_FID": null, "SUBAREA": "O16", "DEPTH_AT_PL": null, "DEPTH_AT_PL_BELOW_CL": null, "OFFSET_DIRECTION": null, "OFFSET_FROM_PL": null, "DIAMETER_INSIDE": 250, "NAMENUMBER": null, "TO_MAIN_FID": null, "PERMIT_NUMBER": null, "STREET_NAME": "W KING EDWARD AV", "HUNDRED_BLOCK": "500", "HCORACLEID": null, "AS_BUILT": "Yes", "LASTUPDATE_iso": "2023-02-24", "INSTALLDATE_iso": "2007-06-07", "TV_LAST_INSPECTION_DATE_iso": "2022-10-06"}, "geometry": {"type": "LineString", "coordinates": [[-123.11654076568928, 49.24891684966962], [-123.11845110249445, 49.24895239900502]]}}, {"type": "Feature", "properties": {"SHAPE_Length": 26.49289461313682, "OBJECTID": 136436431, "COV_SOURCE_KEY": "481895", "LASTUPDATE": 1738004108000, "TBFID": 481895, "UNIT_DESCRIPTION": null, "INSTALLDATE": 662716800000, "LANE_LOCATION": "blank", "PIPE_USE": "Main", "SERVICE_STATUS": "In Service", "EFFLUENT_TYPE": "Sanitary", "TB_LENGTH": 26.49, "GRADE": 1.55, "MATERIAL": "Polyvinyl Chloride", "VALIDATION_DATE": null, "BUN": null, "UPSTREAM_INVERT": 55.49, "UPSTRM_INVERT_ESTIMATED": "No", "DWNSTREAM_INVERT": 55.08, "DNSTRM_INVERT_ESTIMATED": "No", "RAMP_TYPE": null, "PIPE_SHAPE": "Round", "HEIGHT_MM": 0, "WIDTH_MM": 0, "SECTION_NAME": null, "FLOW_CATEGORY": "Gravity", "NORMAL_PRESSURE": 0, "LINING_MATERIAL": "blank", "ON_PILES": "No", "ON_SLAB": "No", "NFB_NOTATION": null, "DRAWING_NUMBER": "DD332", "PP_NUMBER": "O7", "NFB_ELEVATION": 0, "NFB_TYPE": "blank", "WET_WEATHER_ONLY": "No", "REMARKS": null, "LEGACY_ID": "__FJCFGG", "SOIL_TYPE": "blank", "SOIL_CONDITION": "blank", "TYPE_OF_FILL": null, "OWNEDBY": "COVAV", "OPERATOR": null, "UNIT_ID": "405464", "MAIN_KEY_1": 11635, "MAIN_COMP1": "30", "UNIT_ID_2": "410231", "MAIN_KEY_2": 16982, "MAIN_COMP2": 30, "COMPKEY": 359312, "MAIN_KEY": 2516, "COMPTYPE": 31, "UPDATED_BY": "XUG16", "ADDRESS_KEY": 156442, "TB_AREA": "CBC08", "DISTRICT": "1", "FACET_GRID": "P14", "CONSTRUCTION_TECHNIQUE": "unknown", "CONNECTN_TYPE": null, "CONNECTN_CONDITION": "{null}", "DATE_OF_PERMIT": null, "SPECIAL_INSTRUCTIONS": null, "TV_CONDITION": "Poor", "TV_LAST_INSPECTION_DATE": 1648537200000, "TV_INCOMPLETE": "No", "TV_NEXT_INSPECTED_DATE": null, "LAST_INSPECTED_OK": null, "DATE_LAST_CLEANING_REQ": null, "DT_LAST_CLEANED": null, "INSPECTED_USER_ID": null, "CLEAN_USER_ID": null, "FURTHER_WORK_REQUIRED": "No", "FURTHERWORK_COMPLETED": "No", "WORK_ID": null, "PARALLEL_LINE_NO": null, "DISTANCE": 26.6, "MAP_TOOLTIP": "26.49 - 200 SAN n/a 1.55 % 1991 5", "HC_FID": null, "SUBAREA": "P14", "DEPTH_AT_PL": null, "DEPTH_AT_PL_BELOW_CL": null, "OFFSET_DIRECTION": null, "OFFSET_FROM_PL": null, "DIAMETER_INSIDE": 200, "NAMENUMBER": null, "TO_MAIN_FID": null, "PERMIT_NUMBER": null, "STREET_NAME": "ONTARIO ST", "HUNDRED_BLOCK": "3300", "HCORACLEID": null, "AS_BUILT": "Yes", "LASTUPDATE_iso": "2025-01-27", "INSTALLDATE_iso": "1991-01-01", "TV_LAST_INSPECTION_DATE_iso": "2022-03-29"}, "geometry": {"type": "LineString", "coordinates": [[-123.10507763333912, 49.254950623648874], [-123.10506113946207, 49.255188688142475]]}}, {"type": "Feature", "properties": {"SHAPE_Length": 100.0684765949755, "OBJECTID": 136436592, "COV_SOURCE_KEY": "484770", "LASTUPDATE": 1663745426000, "TBFID": 484770, "UNIT_DESCRIPTION": "SOME ROCKS", "INSTALLDATE": 694252800000, "LANE_LOCATION": "blank", "PIPE_USE": "Main", "SERVICE_STATUS": "In Service", "EFFLUENT_TYPE": "Sanitary", "TB_LENGTH": 100.07, "GRADE": 1.46, "MATERIAL": "Vitrified Clay", "VALIDATION_DATE": null, "BUN": null, "UPSTREAM_INVERT": 50.3, "UPSTRM_INVERT_ESTIMATED": "No", "DWNSTREAM_INVERT": 48.84, "DNSTRM_INVERT_ESTIMATED": "No", "RAMP_TYPE": null, "PIPE_SHAPE": "Round", "HEIGHT_MM": 0, "WIDTH_MM": 0, "SECTION_NAME": null, "FLOW_CATEGORY": "Gravity", "NORMAL_PRESSURE": 0, "LINING_MATERIAL": "blank", "ON_PILES": "No", "ON_SLAB": "No", "NFB_NOTATION": null, "DRAWING_NUMBER": null, "PP_NUMBER": "S135", "NFB_ELEVATION": 0, "NFB_TYPE": "blank", "WET_WEATHER_ONLY": "No", "REMARKS": null, "LEGACY_ID": "__FJC3QH", "SOIL_TYPE": "BLUE CLAY", "SOIL_CONDITION": "blank", "TYPE_OF_FILL": null, "OWNEDBY": "COVAV", "OPERATOR": null, "UNIT_ID": "397493", "MAIN_KEY_1": 3640, "MAIN_COMP1": "30", "UNIT_ID_2": "416250", "MAIN_KEY_2": 22636, "MAIN_COMP2": 30, "COMPKEY": 362438, "MAIN_KEY": 5641, "COMPTYPE": 31, "UPDATED_BY": "ENHANMGETASK", "ADDRESS_KEY": 150364, "TB_AREA": "CBC06", "DISTRICT": "3", "FACET_GRID": "O14", "CONSTRUCTION_TECHNIQUE": "unknown", "CONNECTN_TYPE": null, "CONNECTN_CONDITION": "{null}", "DATE_OF_PERMIT": null, "SPECIAL_INSTRUCTIONS": null, "TV_CONDITION": "Good/Fair", "TV_LAST_INSPECTION_DATE": 1660633200000, "TV_INCOMPLETE": "No", "TV_NEXT_INSPECTED_DATE": null, "LAST_INSPECTED_OK": null, "DATE_LAST_CLEANING_REQ": null, "DT_LAST_CLEANED": null, "INSPECTED_USER_ID": null, "CLEAN_USER_ID": null, "FURTHER_WORK_REQUIRED": "No", "FURTHERWORK_COMPLETED": "No", "WORK_ID": null, "PARALLEL_LINE_NO": null, "DISTANCE": 100.2, "MAP_TOOLTIP": "100.07 - 200 SAN n/a 1.46 % 1992 3", "HC_FID": null, "SUBAREA": "O14", "DEPTH_AT_PL": null, "DEPTH_AT_PL_BELOW_CL": null, "OFFSET_DIRECTION": null, "OFFSET_FROM_PL": null, "DIAMETER_INSIDE": 200, "NAMENUMBER": null, "TO_MAIN_FID": null, "PERMIT_NUMBER": null, "STREET_NAME": "W 17TH AV", "HUNDRED_BLOCK": "900", "HCORACLEID": null, "AS_BUILT": "Yes", "LASTUPDATE_iso": "2022-09-21", "INSTALLDATE_iso": "1992-01-01", "TV_LAST_INSPECTION_DATE_iso": "2022-08-16"}, "geometry": {"type": "LineString", "coordinates": [[-123.12578801189218, 49.25624930588951], [-123.12441343835147, 49.25622220742659]]}}, {"type": "Feature", "properties": {"SHAPE_Length": 65.5363714358016, "OBJECTID": 136436861, "COV_SOURCE_KEY": "482642", "LASTUPDATE": 1658215825000, "TBFID": 482642, "UNIT_DESCRIPTION": null, "INSTALLDATE": 725875200000, "LANE_LOCATION": "blank", "PIPE_USE": "Main", "SERVICE_STATUS": "In Service", "EFFLUENT_TYPE": "Sanitary", "TB_LENGTH": 107.51530456, "GRADE": 0.3, "MATERIAL": "Concrete", "VALIDATION_DATE": null, "BUN": null, "UPSTREAM_INVERT": 58.06, "UPSTRM_INVERT_ESTIMATED": "No", "DWNSTREAM_INVERT": 57.74, "DNSTRM_INVERT_ESTIMATED": "No", "RAMP_TYPE": "blank", "PIPE_SHAPE": "Round", "HEIGHT_MM": 0, "WIDTH_MM": 0, "SECTION_NAME": null, "FLOW_CATEGORY": "Gravity", "NORMAL_PRESSURE": 0, "LINING_MATERIAL": "blank", "ON_PILES": "No", "ON_SLAB": "No", "NFB_NOTATION": null, "DRAWING_NUMBER": null, "PP_NUMBER": "L30", "NFB_ELEVATION": 0, "NFB_TYPE": "blank", "WET_WEATHER_ONLY": "No", "REMARKS": null, "LEGACY_ID": "__FJCF0E", "SOIL_TYPE": "SND S/CLAY", "SOIL_CONDITION": "blank", "TYPE_OF_FILL": "blank", "OWNEDBY": "COVAV", "OPERATOR": null, "UNIT_ID": "426121", "MAIN_KEY_1": 32292, "MAIN_COMP1": "30", "UNIT_ID_2": "425636", "MAIN_KEY_2": 32167, "MAIN_COMP2": 30, "COMPKEY": 360564, "MAIN_KEY": 3768, "COMPTYPE": 31, "UPDATED_BY": "ENHANMGETASK", "ADDRESS_KEY": 148322, "TB_AREA": "CBC06", "DISTRICT": "3", "FACET_GRID": "N15", "CONSTRUCTION_TECHNIQUE": "unknown", "CONNECTN_TYPE": null, "CONNECTN_CONDITION": "{null}", "DATE_OF_PERMIT": null, "SPECIAL_INSTRUCTIONS": null, "TV_CONDITION": "0", "TV_LAST_INSPECTION_DATE": 1396940400000, "TV_INCOMPLETE": "No", "TV_NEXT_INSPECTED_DATE": null, "LAST_INSPECTED_OK": null, "DATE_LAST_CLEANING_REQ": null, "DT_LAST_CLEANED": null, "INSPECTED_USER_ID": null, "CLEAN_USER_ID": null, "FURTHER_WORK_REQUIRED": "No", "FURTHERWORK_COMPLETED": "No", "WORK_ID": null, "PARALLEL_LINE_NO": null, "DISTANCE": 65.4, "MAP_TOOLTIP": "107.52 - 525 SAN n/a 0.30 % 1993 0", "HC_FID": null, "SUBAREA": "N15", "DEPTH_AT_PL": null, "DEPTH_AT_PL_BELOW_CL": null, "OFFSET_DIRECTION": null, "OFFSET_FROM_PL": null, "DIAMETER_INSIDE": 525, "NAMENUMBER": null, "TO_MAIN_FID": null, "PERMIT_NUMBER": null, "STREET_NAME": "LAUREL ST", "HUNDRED_BLOCK": "3900", "HCORACLEID": null, "AS_BUILT": "Yes", "LASTUPDATE_iso": "2022-07-19", "INSTALLDATE_iso": "1993-01-01", "TV_LAST_INSPECTION_DATE_iso": "2014-04-08"}, "geometry": {"type": "LineString", "coordinates": [[-123.1246985872851, 49.25019552303866], [-123.12467452688222, 49.25078482637636]]}}, {"type": "Feature", "properties": {"SHAPE_Length": 47.995619842483954, "OBJECTID": 136436862, "COV_SOURCE_KEY": "482643", "LASTUPDATE": 1537255820000, "TBFID": 482643, "UNIT_DESCRIPTION": null, "INSTALLDATE": 725875200000, "LANE_LOCATION": "blank", "PIPE_USE": "Main", "SERVICE_STATUS": "In Service", "EFFLUENT_TYPE": "Sanitary", "TB_LENGTH": 48, "GRADE": 0.71, "MATERIAL": "Concrete", "VALIDATION_DATE": null, "BUN": null, "UPSTREAM_INVERT": 57.74, "UPSTRM_INVERT_ESTIMATED": "No", "DWNSTREAM_INVERT": 57.4, "DNSTRM_INVERT_ESTIMATED": "No", "RAMP_TYPE": null, "PIPE_SHAPE": "Round", "HEIGHT_MM": 0, "WIDTH_MM": 0, "SECTION_NAME": null, "FLOW_CATEGORY": "Gravity", "NORMAL_PRESSURE": 0, "LINING_MATERIAL": "blank", "ON_PILES": "No", "ON_SLAB": "No", "NFB_NOTATION": null, "DRAWING_NUMBER": null, "PP_NUMBER": "L30", "NFB_ELEVATION": 0, "NFB_TYPE": "blank", "WET_WEATHER_ONLY": "No", "REMARKS": null, "LEGACY_ID": "__FJCF0D", "SOIL_TYPE": "SND S/CLAY", "SOIL_CONDITION": "blank", "TYPE_OF_FILL": null, "OWNEDBY": "COVAV", "OPERATOR": null, "UNIT_ID": "425636", "MAIN_KEY_1": 32167, "MAIN_COMP1": "30", "UNIT_ID_2": "405744", "MAIN_KEY_2": 11338, "MAIN_COMP2": 30, "COMPKEY": 360565, "MAIN_KEY": 3769, "COMPTYPE": 31, "UPDATED_BY": "ENHANMGETASK", "ADDRESS_KEY": 151536, "TB_AREA": "CBC06", "DISTRICT": "3", "FACET_GRID": "N15", "CONSTRUCTION_TECHNIQUE": "unknown", "CONNECTN_TYPE": null, "CONNECTN_CONDITION": "{null}", "DATE_OF_PERMIT": null, "SPECIAL_INSTRUCTIONS": null, "TV_CONDITION": "Very Good", "TV_LAST_INSPECTION_DATE": 1396940400000, "TV_INCOMPLETE": "No", "TV_NEXT_INSPECTED_DATE": null, "LAST_INSPECTED_OK": null, "DATE_LAST_CLEANING_REQ": null, "DT_LAST_CLEANED": null, "INSPECTED_USER_ID": null, "CLEAN_USER_ID": null, "FURTHER_WORK_REQUIRED": "No", "FURTHERWORK_COMPLETED": "No", "WORK_ID": null, "PARALLEL_LINE_NO": null, "DISTANCE": 48, "MAP_TOOLTIP": "48 - 525 SAN n/a 0.71 % 1993 1", "HC_FID": null, "SUBAREA": "N15", "DEPTH_AT_PL": null, "DEPTH_AT_PL_BELOW_CL": null, "OFFSET_DIRECTION": null, "OFFSET_FROM_PL": null, "DIAMETER_INSIDE": 525, "NAMENUMBER": null, "TO_MAIN_FID": null, "PERMIT_NUMBER": null, "STREET_NAME": "LAUREL ST", "HUNDRED_BLOCK": "3800", "HCORACLEID": null, "AS_BUILT": "Yes", "LASTUPDATE_iso": "2018-09-18", "INSTALLDATE_iso": "1993-01-01", "TV_LAST_INSPECTION_DATE_iso": "2014-04-08"}, "geometry": {"type": "LineString", "coordinates": [[-123.12467452688222, 49.25078482637636], [-123.12465406735998, 49.251216349490434]]}}, {"type": "Feature", "properties": {"SHAPE_Length": 15.821423070848281, "OBJECTID": 136436899, "COV_SOURCE_KEY": "481571", "LASTUPDATE": 1735945831000, "TBFID": 481571, "UNIT_DESCRIPTION": null, "INSTALLDATE": 1181199600000, "LANE_LOCATION": "blank", "PIPE_USE": "Main", "SERVICE_STATUS": "In Service", "EFFLUENT_TYPE": "Sanitary", "TB_LENGTH": 15.92, "GRADE": 4.65, "MATERIAL": "Polyvinyl Chloride", "VALIDATION_DATE": null, "BUN": null, "UPSTREAM_INVERT": 54.05, "UPSTRM_INVERT_ESTIMATED": "No", "DWNSTREAM_INVERT": 53.31, "DNSTRM_INVERT_ESTIMATED": "No", "RAMP_TYPE": null, "PIPE_SHAPE": "Round", "HEIGHT_MM": 0, "WIDTH_MM": 0, "SECTION_NAME": null, "FLOW_CATEGORY": "Gravity", "NORMAL_PRESSURE": 0, "LINING_MATERIAL": "blank", "ON_PILES": "No", "ON_SLAB": "No", "NFB_NOTATION": null, "DRAWING_NUMBER": "DB2441", "PP_NUMBER": null, "NFB_ELEVATION": 0, "NFB_TYPE": "blank", "WET_WEATHER_ONLY": "No", "REMARKS": null, "LEGACY_ID": "__FNJGPT", "SOIL_TYPE": "blank", "SOIL_CONDITION": "blank", "TYPE_OF_FILL": null, "OWNEDBY": "COVAV", "OPERATOR": null, "UNIT_ID": "404601", "MAIN_KEY_1": 10268, "MAIN_COMP1": "30", "UNIT_ID_2": "404517", "MAIN_KEY_2": 10256, "MAIN_COMP2": 30, "COMPKEY": 359096, "MAIN_KEY": 2300, "COMPTYPE": 31, "UPDATED_BY": "XUG16", "ADDRESS_KEY": 155793, "TB_AREA": "CBC07", "DISTRICT": "3", "FACET_GRID": "O14", "CONSTRUCTION_TECHNIQUE": "unknown", "CONNECTN_TYPE": null, "CONNECTN_CONDITION": "{null}", "DATE_OF_PERMIT": null, "SPECIAL_INSTRUCTIONS": null, "TV_CONDITION": "Fair/Poor", "TV_LAST_INSPECTION_DATE": 1676707200000, "TV_INCOMPLETE": "No", "TV_NEXT_INSPECTED_DATE": null, "LAST_INSPECTED_OK": null, "DATE_LAST_CLEANING_REQ": null, "DT_LAST_CLEANED": null, "INSPECTED_USER_ID": null, "CLEAN_USER_ID": null, "FURTHER_WORK_REQUIRED": "No", "FURTHERWORK_COMPLETED": "No", "WORK_ID": null, "PARALLEL_LINE_NO": null, "DISTANCE": 15.82, "MAP_TOOLTIP": "15.92 - 200 SAN n/a 4.65 % 2007 4", "HC_FID": null, "SUBAREA": "O14", "DEPTH_AT_PL": null, "DEPTH_AT_PL_BELOW_CL": null, "OFFSET_DIRECTION": null, "OFFSET_FROM_PL": null, "DIAMETER_INSIDE": 200, "NAMENUMBER": null, "TO_MAIN_FID": null, "PERMIT_NUMBER": null, "STREET_NAME": "ASH ST", "HUNDRED_BLOCK": "3400", "HCORACLEID": null, "AS_BUILT": "Yes", "LASTUPDATE_iso": "2025-01-03", "INSTALLDATE_iso": "2007-06-07", "TV_LAST_INSPECTION_DATE_iso": "2023-02-18"}, "geometry": {"type": "LineString", "coordinates": [[-123.11824858719163, 49.25508242056993], [-123.11821871836048, 49.255223388245255]]}}, {"type": "Feature", "properties": {"SHAPE_Length": 31.72331491129764, "OBJECTID": 136436900, "COV_SOURCE_KEY": "481572", "LASTUPDATE": 1735945831000, "TBFID": 481572, "UNIT_DESCRIPTION": "C/R", "INSTALLDATE": 1181199600000, "LANE_LOCATION": "blank", "PIPE_USE": "Main", "SERVICE_STATUS": "In Service", "EFFLUENT_TYPE": "Sanitary", "TB_LENGTH": 31.63, "GRADE": 1.01, "MATERIAL": "Polyvinyl Chloride", "VALIDATION_DATE": null, "BUN": null, "UPSTREAM_INVERT": 54.23, "UPSTRM_INVERT_ESTIMATED": "No", "DWNSTREAM_INVERT": 53.91, "DNSTRM_INVERT_ESTIMATED": "No", "RAMP_TYPE": null, "PIPE_SHAPE": "Round", "HEIGHT_MM": 0, "WIDTH_MM": 0, "SECTION_NAME": null, "FLOW_CATEGORY": "Gravity", "NORMAL_PRESSURE": 0, "LINING_MATERIAL": "blank", "ON_PILES": "No", "ON_SLAB": "No", "NFB_NOTATION": null, "DRAWING_NUMBER": "DB2441", "PP_NUMBER": null, "NFB_ELEVATION": 0, "NFB_TYPE": "blank", "WET_WEATHER_ONLY": "No", "REMARKS": null, "LEGACY_ID": "__FNJGPQ", "SOIL_TYPE": "blank", "SOIL_CONDITION": "blank", "TYPE_OF_FILL": null, "OWNEDBY": "COVAV", "OPERATOR": null, "UNIT_ID": "404592", "MAIN_KEY_1": 10259, "MAIN_COMP1": "30", "UNIT_ID_2": "404517", "MAIN_KEY_2": 10256, "MAIN_COMP2": 30, "COMPKEY": 359097, "MAIN_KEY": 2301, "COMPTYPE": 31, "UPDATED_BY": "XUG16", "ADDRESS_KEY": 151243, "TB_AREA": "CBC07", "DISTRICT": "3", "FACET_GRID": "O14", "CONSTRUCTION_TECHNIQUE": "unknown", "CONNECTN_TYPE": null, "CONNECTN_CONDITION": "{null}", "DATE_OF_PERMIT": null, "SPECIAL_INSTRUCTIONS": null, "TV_CONDITION": "0", "TV_LAST_INSPECTION_DATE": null, "TV_INCOMPLETE": "No", "TV_NEXT_INSPECTED_DATE": null, "LAST_INSPECTED_OK": null, "DATE_LAST_CLEANING_REQ": null, "DT_LAST_CLEANED": null, "INSPECTED_USER_ID": null, "CLEAN_USER_ID": null, "FURTHER_WORK_REQUIRED": "No", "FURTHERWORK_COMPLETED": "No", "WORK_ID": null, "PARALLEL_LINE_NO": null, "DISTANCE": 31.72, "MAP_TOOLTIP": "31.63 - 200 SAN n/a 1.01 % 2007 0", "HC_FID": null, "SUBAREA": "O14", "DEPTH_AT_PL": null, "DEPTH_AT_PL_BELOW_CL": null, "OFFSET_DIRECTION": null, "OFFSET_FROM_PL": null, "DIAMETER_INSIDE": 200, "NAMENUMBER": null, "TO_MAIN_FID": null, "PERMIT_NUMBER": null, "STREET_NAME": "ASH ST", "HUNDRED_BLOCK": "3300", "HCORACLEID": null, "AS_BUILT": "Yes", "LASTUPDATE_iso": "2025-01-03", "INSTALLDATE_iso": "2007-06-07"}, "geometry": {"type": "LineString", "coordinates": [[-123.11819529441101, 49.25550820087016], [-123.11821790718037, 49.2552232271613]]}}, {"type": "Feature", "properties": {"SHAPE_Length": 101.63775525372674, "OBJECTID": 136437000, "COV_SOURCE_KEY": "483299", "LASTUPDATE": 1564817424000, "TBFID": 483299, "UNIT_DESCRIPTION": "VERTICAL SEPARATION", "INSTALLDATE": 852105600000, "LANE_LOCATION": "blank", "PIPE_USE": "Main", "SERVICE_STATUS": "In Service", "EFFLUENT_TYPE": "Sanitary", "TB_LENGTH": 101.64, "GRADE": 3.66, "MATERIAL": "Polyvinyl Chloride", "VALIDATION_DATE": null, "BUN": null, "UPSTREAM_INVERT": 63.99, "UPSTRM_INVERT_ESTIMATED": "No", "DWNSTREAM_INVERT": 60.27, "DNSTRM_INVERT_ESTIMATED": "No", "RAMP_TYPE": null, "PIPE_SHAPE": "blank", "HEIGHT_MM": 0, "WIDTH_MM": 0, "SECTION_NAME": null, "FLOW_CATEGORY": "Gravity", "NORMAL_PRESSURE": 0, "LINING_MATERIAL": "blank", "ON_PILES": "No", "ON_SLAB": "No", "NFB_NOTATION": null, "DRAWING_NUMBER": null, "PP_NUMBER": "T51", "NFB_ELEVATION": 0, "NFB_TYPE": "blank", "WET_WEATHER_ONLY": "No", "REMARKS": null, "LEGACY_ID": "__FJCI22", "SOIL_TYPE": "blank", "SOIL_CONDITION": "blank", "TYPE_OF_FILL": null, "OWNEDBY": "COVAV", "OPERATOR": null, "UNIT_ID": "406781", "MAIN_KEY_1": 13455, "MAIN_COMP1": "30", "UNIT_ID_2": "415311", "MAIN_KEY_2": 20907, "MAIN_COMP2": 30, "COMPKEY": 361336, "MAIN_KEY": 4540, "COMPTYPE": 31, "UPDATED_BY": "ENHANMGETASK", "ADDRESS_KEY": 148447, "TB_AREA": "CBC08", "DISTRICT": "1", "FACET_GRID": "P15", "CONSTRUCTION_TECHNIQUE": "unknown", "CONNECTN_TYPE": null, "CONNECTN_CONDITION": "{null}", "DATE_OF_PERMIT": null, "SPECIAL_INSTRUCTIONS": null, "TV_CONDITION": "Very Good", "TV_LAST_INSPECTION_DATE": 1560409200000, "TV_INCOMPLETE": "No", "TV_NEXT_INSPECTED_DATE": null, "LAST_INSPECTED_OK": null, "DATE_LAST_CLEANING_REQ": null, "DT_LAST_CLEANED": null, "INSPECTED_USER_ID": null, "CLEAN_USER_ID": null, "FURTHER_WORK_REQUIRED": "No", "FURTHERWORK_COMPLETED": "No", "WORK_ID": null, "PARALLEL_LINE_NO": null, "DISTANCE": 101.85, "MAP_TOOLTIP": "101.64 - 200 SAN n/a 3.66 % 1997 1", "HC_FID": null, "SUBAREA": "P15", "DEPTH_AT_PL": null, "DEPTH_AT_PL_BELOW_CL": null, "OFFSET_DIRECTION": null, "OFFSET_FROM_PL": null, "DIAMETER_INSIDE": 200, "NAMENUMBER": null, "TO_MAIN_FID": null, "PERMIT_NUMBER": null, "STREET_NAME": "E 20TH AV", "HUNDRED_BLOCK": "000", "HCORACLEID": null, "AS_BUILT": "Yes", "LASTUPDATE_iso": "2019-08-03", "INSTALLDATE_iso": "1997-01-01", "TV_LAST_INSPECTION_DATE_iso": "2019-06-13"}, "geometry": {"type": "LineString", "coordinates": [[-123.10425863416664, 49.25274969516575], [-123.10286247686557, 49.25272505835358]]}}, {"type": "Feature", "properties": {"SHAPE_Length": 88.03107956736902, "OBJECTID": 136437120, "COV_SOURCE_KEY": "485314", "LASTUPDATE": 1677227425000, "TBFID": 485314, "UNIT_DESCRIPTION": null, "INSTALLDATE": 1121670000000, "LANE_LOCATION": "blank", "PIPE_USE": "Main", "SERVICE_STATUS": "In Service", "EFFLUENT_TYPE": "Sanitary", "TB_LENGTH": 88.03, "GRADE": 1.28, "MATERIAL": "Polyvinyl Chloride", "VALIDATION_DATE": null, "BUN": null, "UPSTREAM_INVERT": 78.5, "UPSTRM_INVERT_ESTIMATED": "No", "DWNSTREAM_INVERT": 77.37, "DNSTRM_INVERT_ESTIMATED": "No", "RAMP_TYPE": null, "PIPE_SHAPE": "Round", "HEIGHT_MM": 0, "WIDTH_MM": 0, "SECTION_NAME": null, "FLOW_CATEGORY": "Gravity", "NORMAL_PRESSURE": 0, "LINING_MATERIAL": "blank", "ON_PILES": "No", "ON_SLAB": "No", "NFB_NOTATION": null, "DRAWING_NUMBER": null, "PP_NUMBER": null, "NFB_ELEVATION": 0, "NFB_TYPE": "blank", "WET_WEATHER_ONLY": "No", "REMARKS": null, "LEGACY_ID": "__FNF16T", "SOIL_TYPE": "blank", "SOIL_CONDITION": "blank", "TYPE_OF_FILL": null, "OWNEDBY": "COVAV", "OPERATOR": null, "UNIT_ID": "404446", "MAIN_KEY_1": 10617, "MAIN_COMP1": "30", "UNIT_ID_2": "404445", "MAIN_KEY_2": 10616, "MAIN_COMP2": 30, "COMPKEY": 363751, "MAIN_KEY": 6954, "COMPTYPE": 31, "UPDATED_BY": "ENHANMGETASK", "ADDRESS_KEY": 157096, "TB_AREA": "CBC08", "DISTRICT": "1", "FACET_GRID": "P16", "CONSTRUCTION_TECHNIQUE": "unknown", "CONNECTN_TYPE": null, "CONNECTN_CONDITION": "{null}", "DATE_OF_PERMIT": null, "SPECIAL_INSTRUCTIONS": null, "TV_CONDITION": "Very Good", "TV_LAST_INSPECTION_DATE": 1666422000000, "TV_INCOMPLETE": "No", "TV_NEXT_INSPECTED_DATE": null, "LAST_INSPECTED_OK": null, "DATE_LAST_CLEANING_REQ": null, "DT_LAST_CLEANED": null, "INSPECTED_USER_ID": null, "CLEAN_USER_ID": null, "FURTHER_WORK_REQUIRED": "No", "FURTHERWORK_COMPLETED": "No", "WORK_ID": null, "PARALLEL_LINE_NO": null, "DISTANCE": 88.03, "MAP_TOOLTIP": "88.03 - 200 SAN n/a 1.28 % 2005 1", "HC_FID": null, "SUBAREA": "P16", "DEPTH_AT_PL": null, "DEPTH_AT_PL_BELOW_CL": null, "OFFSET_DIRECTION": null, "OFFSET_FROM_PL": null, "DIAMETER_INSIDE": 200, "NAMENUMBER": null, "TO_MAIN_FID": null, "PERMIT_NUMBER": null, "STREET_NAME": "JAMES ST", "HUNDRED_BLOCK": "4300", "HCORACLEID": null, "AS_BUILT": "Yes", "LASTUPDATE_iso": "2023-02-24", "INSTALLDATE_iso": "2005-07-18", "TV_LAST_INSPECTION_DATE_iso": "2022-10-22"}, "geometry": {"type": "LineString", "coordinates": [[-123.10390957147004, 49.2468381659433], [-123.1039434826937, 49.24604661788788]]}}, {"type": "Feature", "properties": {"SHAPE_Length": 76.04388086491467, "OBJECTID": 136437385, "COV_SOURCE_KEY": "482925", "LASTUPDATE": 1677227426000, "TBFID": 482925, "UNIT_DESCRIPTION": null, "INSTALLDATE": 757411200000, "LANE_LOCATION": "blank", "PIPE_USE": "Main", "SERVICE_STATUS": "In Service", "EFFLUENT_TYPE": "Sanitary", "TB_LENGTH": 76.04388086, "GRADE": 1.85, "MATERIAL": "Vitrified Clay", "VALIDATION_DATE": null, "BUN": null, "UPSTREAM_INVERT": 51.35, "UPSTRM_INVERT_ESTIMATED": "No", "DWNSTREAM_INVERT": 49.94, "DNSTRM_INVERT_ESTIMATED": "No", "RAMP_TYPE": null, "PIPE_SHAPE": "Round", "HEIGHT_MM": 0, "WIDTH_MM": 0, "SECTION_NAME": null, "FLOW_CATEGORY": "Gravity", "NORMAL_PRESSURE": 0, "LINING_MATERIAL": "blank", "ON_PILES": "No", "ON_SLAB": "No", "NFB_NOTATION": null, "DRAWING_NUMBER": null, "PP_NUMBER": "S135", "NFB_ELEVATION": 0, "NFB_TYPE": "blank", "WET_WEATHER_ONLY": "No", "REMARKS": null, "LEGACY_ID": "__FJCF0V", "SOIL_TYPE": "HCLAY/ROCK", "SOIL_CONDITION": "blank", "TYPE_OF_FILL": null, "OWNEDBY": "COVAV", "OPERATOR": null, "UNIT_ID": "426206", "MAIN_KEY_1": 32305, "MAIN_COMP1": "30", "UNIT_ID_2": "408314", "MAIN_KEY_2": 14629, "MAIN_COMP2": 30, "COMPKEY": 360652, "MAIN_KEY": 3856, "COMPTYPE": 31, "UPDATED_BY": "ENHANMGETASK", "ADDRESS_KEY": 154685, "TB_AREA": "CBC07", "DISTRICT": "3", "FACET_GRID": "O14", "CONSTRUCTION_TECHNIQUE": "unknown", "CONNECTN_TYPE": null, "CONNECTN_CONDITION": "{null}", "DATE_OF_PERMIT": null, "SPECIAL_INSTRUCTIONS": null, "TV_CONDITION": "Very Good", "TV_LAST_INSPECTION_DATE": 1665298800000, "TV_INCOMPLETE": "No", "TV_NEXT_INSPECTED_DATE": null, "LAST_INSPECTED_OK": null, "DATE_LAST_CLEANING_REQ": null, "DT_LAST_CLEANED": null, "INSPECTED_USER_ID": null, "CLEAN_USER_ID": null, "FURTHER_WORK_REQUIRED": "No", "FURTHERWORK_COMPLETED": "No", "WORK_ID": null, "PARALLEL_LINE_NO": null, "DISTANCE": 76.15, "MAP_TOOLTIP": "76.04 - 200 SAN n/a 1.85 % 1994 1", "HC_FID": null, "SUBAREA": "O14", "DEPTH_AT_PL": null, "DEPTH_AT_PL_BELOW_CL": null, "OFFSET_DIRECTION": null, "OFFSET_FROM_PL": null, "DIAMETER_INSIDE": 200, "NAMENUMBER": null, "TO_MAIN_FID": null, "PERMIT_NUMBER": null, "STREET_NAME": "W 17TH AV", "HUNDRED_BLOCK": "600", "HCORACLEID": null, "AS_BUILT": "Yes", "LASTUPDATE_iso": "2023-02-24", "INSTALLDATE_iso": "1994-01-01", "TV_LAST_INSPECTION_DATE_iso": "2022-10-09"}, "geometry": {"type": "LineString", "coordinates": [[-123.11908331428184, 49.25608574457223], [-123.12012794428352, 49.256104776474544]]}}, {"type": "Feature", "properties": {"SHAPE_Length": 67.6290356343307, "OBJECTID": 136437386, "COV_SOURCE_KEY": "482926", "LASTUPDATE": 1741892500000, "TBFID": 482926, "UNIT_DESCRIPTION": null, "INSTALLDATE": 757411200000, "LANE_LOCATION": "blank", "PIPE_USE": "Main", "SERVICE_STATUS": "In Service", "EFFLUENT_TYPE": "Sanitary", "TB_LENGTH": 67.62903564, "GRADE": 0.43, "MATERIAL": "Vitrified Clay", "VALIDATION_DATE": null, "BUN": null, "UPSTREAM_INVERT": 50.24, "UPSTRM_INVERT_ESTIMATED": "No", "DWNSTREAM_INVERT": 49.95, "DNSTRM_INVERT_ESTIMATED": "No", "RAMP_TYPE": null, "PIPE_SHAPE": "Round", "HEIGHT_MM": 0, "WIDTH_MM": 0, "SECTION_NAME": null, "FLOW_CATEGORY": "Gravity", "NORMAL_PRESSURE": 0, "LINING_MATERIAL": "blank", "ON_PILES": "No", "ON_SLAB": "No", "NFB_NOTATION": null, "DRAWING_NUMBER": "DB1537", "PP_NUMBER": "H60", "NFB_ELEVATION": 0, "NFB_TYPE": "blank", "WET_WEATHER_ONLY": "No", "REMARKS": null, "LEGACY_ID": "__FJCF0Z", "SOIL_TYPE": "HARD CLAY", "SOIL_CONDITION": "blank", "TYPE_OF_FILL": null, "OWNEDBY": "COVAV", "OPERATOR": null, "UNIT_ID": "399390", "MAIN_KEY_1": 5202, "MAIN_COMP1": "30", "UNIT_ID_2": "408314", "MAIN_KEY_2": 14629, "MAIN_COMP2": 30, "COMPKEY": 360655, "MAIN_KEY": 3859, "COMPTYPE": 31, "UPDATED_BY": "XUG16", "ADDRESS_KEY": 151412, "TB_AREA": "CBC07", "DISTRICT": "3", "FACET_GRID": "O14", "CONSTRUCTION_TECHNIQUE": "unknown", "CONNECTN_TYPE": null, "CONNECTN_CONDITION": "{null}", "DATE_OF_PERMIT": null, "SPECIAL_INSTRUCTIONS": null, "TV_CONDITION": "Very Good", "TV_LAST_INSPECTION_DATE": 1662879600000, "TV_INCOMPLETE": "No", "TV_NEXT_INSPECTED_DATE": null, "LAST_INSPECTED_OK": null, "DATE_LAST_CLEANING_REQ": null, "DT_LAST_CLEANED": null, "INSPECTED_USER_ID": null, "CLEAN_USER_ID": null, "FURTHER_WORK_REQUIRED": "No", "FURTHERWORK_COMPLETED": "No", "WORK_ID": null, "PARALLEL_LINE_NO": null, "DISTANCE": 67.7, "MAP_TOOLTIP": "67.63 - 200 SAN n/a 0.43 % 1994 1", "HC_FID": null, "SUBAREA": "O14", "DEPTH_AT_PL": null, "DEPTH_AT_PL_BELOW_CL": null, "OFFSET_DIRECTION": null, "OFFSET_FROM_PL": null, "DIAMETER_INSIDE": 200, "NAMENUMBER": null, "TO_MAIN_FID": null, "PERMIT_NUMBER": null, "STREET_NAME": "HEATHER ST", "HUNDRED_BLOCK": "3200", "HCORACLEID": null, "AS_BUILT": "Yes", "LASTUPDATE_iso": "2025-03-13", "INSTALLDATE_iso": "1994-01-01", "TV_LAST_INSPECTION_DATE_iso": "2022-09-11"}, "geometry": {"type": "LineString", "coordinates": [[-123.12010512305338, 49.256712930927605], [-123.120127903056, 49.25610477651741]]}}, {"type": "Feature", "properties": {"SHAPE_Length": 74.02241947490478, "OBJECTID": 136437517, "COV_SOURCE_KEY": "482868", "LASTUPDATE": 1665216764000, "TBFID": 482868, "UNIT_DESCRIPTION": "C/RAMP", "INSTALLDATE": 757411200000, "LANE_LOCATION": null, "PIPE_USE": "Main", "SERVICE_STATUS": "In Service", "EFFLUENT_TYPE": "Sanitary", "TB_LENGTH": 74.02, "GRADE": 1.45, "MATERIAL": "Vitrified Clay", "VALIDATION_DATE": null, "BUN": null, "UPSTREAM_INVERT": 54.89, "UPSTRM_INVERT_ESTIMATED": "No", "DWNSTREAM_INVERT": 53.82, "DNSTRM_INVERT_ESTIMATED": "No", "RAMP_TYPE": "Closed", "PIPE_SHAPE": "Round", "HEIGHT_MM": 0, "WIDTH_MM": 0, "SECTION_NAME": null, "FLOW_CATEGORY": "Gravity", "NORMAL_PRESSURE": 0, "LINING_MATERIAL": "blank", "ON_PILES": "No", "ON_SLAB": "No", "NFB_NOTATION": null, "DRAWING_NUMBER": null, "PP_NUMBER": "T132", "NFB_ELEVATION": 0, "NFB_TYPE": "blank", "WET_WEATHER_ONLY": "No", "REMARKS": null, "LEGACY_ID": "__FJCF0O", "SOIL_TYPE": "SANDY", "SOIL_CONDITION": "blank", "TYPE_OF_FILL": null, "OWNEDBY": "COVAV", "OPERATOR": "COVAV", "UNIT_ID": "426126", "MAIN_KEY_1": 32297, "MAIN_COMP1": "30", "UNIT_ID_2": "426203", "MAIN_KEY_2": 32302, "MAIN_COMP2": 30, "COMPKEY": 360643, "MAIN_KEY": 3847, "COMPTYPE": 31, "UPDATED_BY": "ENHANMGETASK", "ADDRESS_KEY": 151295, "TB_AREA": "CBC07", "DISTRICT": "3", "FACET_GRID": "O14", "CONSTRUCTION_TECHNIQUE": "unknown", "CONNECTN_TYPE": null, "CONNECTN_CONDITION": "{null}", "DATE_OF_PERMIT": null, "SPECIAL_INSTRUCTIONS": null, "TV_CONDITION": "Very Good", "TV_LAST_INSPECTION_DATE": 1662793200000, "TV_INCOMPLETE": "No", "TV_NEXT_INSPECTED_DATE": null, "LAST_INSPECTED_OK": null, "DATE_LAST_CLEANING_REQ": null, "DT_LAST_CLEANED": null, "INSPECTED_USER_ID": null, "CLEAN_USER_ID": null, "FURTHER_WORK_REQUIRED": "No", "FURTHERWORK_COMPLETED": "No", "WORK_ID": null, "PARALLEL_LINE_NO": null, "DISTANCE": 74.1, "MAP_TOOLTIP": "74.02 - 200 SAN n/a 1.45 % 1994 1", "HC_FID": null, "SUBAREA": "O14", "DEPTH_AT_PL": null, "DEPTH_AT_PL_BELOW_CL": null, "OFFSET_DIRECTION": null, "OFFSET_FROM_PL": null, "DIAMETER_INSIDE": 200, "NAMENUMBER": null, "TO_MAIN_FID": null, "PERMIT_NUMBER": null, "STREET_NAME": "TUPPER ST", "HUNDRED_BLOCK": "3300", "HCORACLEID": null, "AS_BUILT": "Yes", "LASTUPDATE_iso": "2022-10-08", "INSTALLDATE_iso": "1994-01-01", "TV_LAST_INSPECTION_DATE_iso": "2022-09-10"}, "geometry": {"type": "LineString", "coordinates": [[-123.11604893503888, 49.255364681090775], [-123.1160304179406, 49.25603041787134]]}}, {"type": "Feature", "properties": {"SHAPE_Length": 62.1089594985626, "OBJECTID": 136437520, "COV_SOURCE_KEY": "482871", "LASTUPDATE": 1652945418000, "TBFID": 482871, "UNIT_DESCRIPTION": null, "INSTALLDATE": 757411200000, "LANE_LOCATION": "blank", "PIPE_USE": "Main", "SERVICE_STATUS": "In Service", "EFFLUENT_TYPE": "Sanitary", "TB_LENGTH": 62.11, "GRADE": 0.56, "MATERIAL": "Vitrified Clay", "VALIDATION_DATE": null, "BUN": null, "UPSTREAM_INVERT": 53.31, "UPSTRM_INVERT_ESTIMATED": "No", "DWNSTREAM_INVERT": 52.96, "DNSTRM_INVERT_ESTIMATED": "No", "RAMP_TYPE": null, "PIPE_SHAPE": "Round", "HEIGHT_MM": 0, "WIDTH_MM": 0, "SECTION_NAME": null, "FLOW_CATEGORY": "Gravity", "NORMAL_PRESSURE": 0, "LINING_MATERIAL": "blank", "ON_PILES": "No", "ON_SLAB": "No", "NFB_NOTATION": null, "DRAWING_NUMBER": null, "PP_NUMBER": "S135", "NFB_ELEVATION": 0, "NFB_TYPE": "blank", "WET_WEATHER_ONLY": "No", "REMARKS": null, "LEGACY_ID": "__FJCF0P", "SOIL_TYPE": "SANDY", "SOIL_CONDITION": "blank", "TYPE_OF_FILL": null, "OWNEDBY": "COVAV", "OPERATOR": null, "UNIT_ID": "426203", "MAIN_KEY_1": 32302, "MAIN_COMP1": "30", "UNIT_ID_2": "426202", "MAIN_KEY_2": 32301, "MAIN_COMP2": 30, "COMPKEY": 360646, "MAIN_KEY": 3850, "COMPTYPE": 31, "UPDATED_BY": "ENHANMGETASK", "ADDRESS_KEY": 155094, "TB_AREA": "CBC07", "DISTRICT": "3", "FACET_GRID": "O14", "CONSTRUCTION_TECHNIQUE": "unknown", "CONNECTN_TYPE": null, "CONNECTN_CONDITION": "{null}", "DATE_OF_PERMIT": null, "SPECIAL_INSTRUCTIONS": null, "TV_CONDITION": "Very Good", "TV_LAST_INSPECTION_DATE": 1651302000000, "TV_INCOMPLETE": "No", "TV_NEXT_INSPECTED_DATE": null, "LAST_INSPECTED_OK": null, "DATE_LAST_CLEANING_REQ": null, "DT_LAST_CLEANED": null, "INSPECTED_USER_ID": null, "CLEAN_USER_ID": null, "FURTHER_WORK_REQUIRED": "No", "FURTHERWORK_COMPLETED": "No", "WORK_ID": null, "PARALLEL_LINE_NO": null, "DISTANCE": 62.1, "MAP_TOOLTIP": "62.11 - 200 SAN n/a 0.56 % 1994 1", "HC_FID": null, "SUBAREA": "O14", "DEPTH_AT_PL": null, "DEPTH_AT_PL_BELOW_CL": null, "OFFSET_DIRECTION": null, "OFFSET_FROM_PL": null, "DIAMETER_INSIDE": 200, "NAMENUMBER": null, "TO_MAIN_FID": null, "PERMIT_NUMBER": null, "STREET_NAME": "W 17TH AV", "HUNDRED_BLOCK": "500", "HCORACLEID": null, "AS_BUILT": "Yes", "LASTUPDATE_iso": "2022-05-19", "INSTALLDATE_iso": "1994-01-01", "TV_LAST_INSPECTION_DATE_iso": "2022-04-30"}, "geometry": {"type": "LineString", "coordinates": [[-123.11603463812814, 49.256030944351004], [-123.11688787705388, 49.256045601046644]]}}, {"type": "Feature", "properties": {"SHAPE_Length": 84.57614631133853, "OBJECTID": 136437850, "COV_SOURCE_KEY": "482592", "LASTUPDATE": 1658388624000, "TBFID": 482592, "UNIT_DESCRIPTION": "S/CLAY", "INSTALLDATE": 757411200000, "LANE_LOCATION": "blank", "PIPE_USE": "Main", "SERVICE_STATUS": "In Service", "EFFLUENT_TYPE": "Sanitary", "TB_LENGTH": 84.58, "GRADE": 0.65, "MATERIAL": "Vitrified Clay", "VALIDATION_DATE": null, "BUN": null, "UPSTREAM_INVERT": 49.01, "UPSTRM_INVERT_ESTIMATED": "No", "DWNSTREAM_INVERT": 48.46, "DNSTRM_INVERT_ESTIMATED": "No", "RAMP_TYPE": null, "PIPE_SHAPE": "Round", "HEIGHT_MM": 0, "WIDTH_MM": 0, "SECTION_NAME": null, "FLOW_CATEGORY": "Gravity", "NORMAL_PRESSURE": 0, "LINING_MATERIAL": "blank", "ON_PILES": "No", "ON_SLAB": "No", "NFB_NOTATION": null, "DRAWING_NUMBER": null, "PP_NUMBER": "L30", "NFB_ELEVATION": 0, "NFB_TYPE": "blank", "WET_WEATHER_ONLY": "No", "REMARKS": null, "LEGACY_ID": "__FJCF09", "SOIL_TYPE": "SANDY", "SOIL_CONDITION": "blank", "TYPE_OF_FILL": null, "OWNEDBY": "COVAV", "OPERATOR": null, "UNIT_ID": "426214", "MAIN_KEY_1": 32313, "MAIN_COMP1": "30", "UNIT_ID_2": "416247", "MAIN_KEY_2": 22633, "MAIN_COMP2": 30, "COMPKEY": 360555, "MAIN_KEY": 3759, "COMPTYPE": 31, "UPDATED_BY": "ENHANMGETASK", "ADDRESS_KEY": 149981, "TB_AREA": "CBC06", "DISTRICT": "3", "FACET_GRID": "N14", "CONSTRUCTION_TECHNIQUE": "unknown", "CONNECTN_TYPE": null, "CONNECTN_CONDITION": "{null}", "DATE_OF_PERMIT": null, "SPECIAL_INSTRUCTIONS": null, "TV_CONDITION": "Good", "TV_LAST_INSPECTION_DATE": 1656313200000, "TV_INCOMPLETE": "No", "TV_NEXT_INSPECTED_DATE": null, "LAST_INSPECTED_OK": null, "DATE_LAST_CLEANING_REQ": null, "DT_LAST_CLEANED": null, "INSPECTED_USER_ID": null, "CLEAN_USER_ID": null, "FURTHER_WORK_REQUIRED": "No", "FURTHERWORK_COMPLETED": "No", "WORK_ID": null, "PARALLEL_LINE_NO": null, "DISTANCE": 85.2, "MAP_TOOLTIP": "84.58 - 200 SAN n/a 0.65 % 1994 2", "HC_FID": null, "SUBAREA": "N14", "DEPTH_AT_PL": null, "DEPTH_AT_PL_BELOW_CL": null, "OFFSET_DIRECTION": null, "OFFSET_FROM_PL": null, "DIAMETER_INSIDE": 200, "NAMENUMBER": null, "TO_MAIN_FID": null, "PERMIT_NUMBER": null, "STREET_NAME": "LAUREL ST", "HUNDRED_BLOCK": "3200", "HCORACLEID": null, "AS_BUILT": "Yes", "LASTUPDATE_iso": "2022-07-21", "INSTALLDATE_iso": "1994-01-01", "TV_LAST_INSPECTION_DATE_iso": "2022-06-27"}, "geometry": {"type": "LineString", "coordinates": [[-123.12439903743102, 49.256343028719954], [-123.12436744367702, 49.25710352745772]]}}, {"type": "Feature", "properties": {"SHAPE_Length": 96.25156946652797, "OBJECTID": 136438197, "COV_SOURCE_KEY": "481445", "LASTUPDATE": 1652945420000, "TBFID": 481445, "UNIT_DESCRIPTION": "VERTICAL SEPARATION", "INSTALLDATE": 852105600000, "LANE_LOCATION": "blank", "PIPE_USE": "Main", "SERVICE_STATUS": "In Service", "EFFLUENT_TYPE": "Sanitary", "TB_LENGTH": 96.25, "GRADE": 0.2, "MATERIAL": "Concrete", "VALIDATION_DATE": null, "BUN": null, "UPSTREAM_INVERT": 44.81, "UPSTRM_INVERT_ESTIMATED": "No", "DWNSTREAM_INVERT": 44.62, "DNSTRM_INVERT_ESTIMATED": "No", "RAMP_TYPE": null, "PIPE_SHAPE": "blank", "HEIGHT_MM": 0, "WIDTH_MM": 0, "SECTION_NAME": null, "FLOW_CATEGORY": "Gravity", "NORMAL_PRESSURE": 0, "LINING_MATERIAL": "blank", "ON_PILES": "No", "ON_SLAB": "No", "NFB_NOTATION": null, "DRAWING_NUMBER": null, "PP_NUMBER": "W37", "NFB_ELEVATION": 0, "NFB_TYPE": "blank", "WET_WEATHER_ONLY": "No", "REMARKS": null, "LEGACY_ID": "__FJCI1E", "SOIL_TYPE": "blank", "SOIL_CONDITION": "blank", "TYPE_OF_FILL": null, "OWNEDBY": "COVAV", "OPERATOR": null, "UNIT_ID": "409940", "MAIN_KEY_1": 16907, "MAIN_COMP1": "30", "UNIT_ID_2": "409937", "MAIN_KEY_2": 16904, "MAIN_COMP2": 30, "COMPKEY": 358895, "MAIN_KEY": 2099, "COMPTYPE": 31, "UPDATED_BY": "ENHANMGETASK", "ADDRESS_KEY": 154813, "TB_AREA": "CBC07", "DISTRICT": "3", "FACET_GRID": "O14", "CONSTRUCTION_TECHNIQUE": "unknown", "CONNECTN_TYPE": null, "CONNECTN_CONDITION": "{null}", "DATE_OF_PERMIT": null, "SPECIAL_INSTRUCTIONS": null, "TV_CONDITION": "Good", "TV_LAST_INSPECTION_DATE": 1651302000000, "TV_INCOMPLETE": "No", "TV_NEXT_INSPECTED_DATE": null, "LAST_INSPECTED_OK": null, "DATE_LAST_CLEANING_REQ": null, "DT_LAST_CLEANED": null, "INSPECTED_USER_ID": null, "CLEAN_USER_ID": null, "FURTHER_WORK_REQUIRED": "No", "FURTHERWORK_COMPLETED": "No", "WORK_ID": null, "PARALLEL_LINE_NO": null, "DISTANCE": 96.5, "MAP_TOOLTIP": "96.25 - 750 SAN n/a 0.20 % 1997 2", "HC_FID": null, "SUBAREA": "O14", "DEPTH_AT_PL": null, "DEPTH_AT_PL_BELOW_CL": null, "OFFSET_DIRECTION": null, "OFFSET_FROM_PL": null, "DIAMETER_INSIDE": 750, "NAMENUMBER": null, "TO_MAIN_FID": null, "PERMIT_NUMBER": null, "STREET_NAME": "WILLOW ST", "HUNDRED_BLOCK": "3200", "HCORACLEID": null, "AS_BUILT": "Yes", "LASTUPDATE_iso": "2022-05-19", "INSTALLDATE_iso": "1997-01-01", "TV_LAST_INSPECTION_DATE_iso": "2022-04-30"}, "geometry": {"type": "LineString", "coordinates": [[-123.12205594567418, 49.25619616214578], [-123.1220242039325, 49.257061715553235]]}}, {"type": "Feature", "properties": {"SHAPE_Length": 3.8218396092240643, "OBJECTID": 136438358, "COV_SOURCE_KEY": "482741", "LASTUPDATE": 1789716625000, "TBFID": 482741, "UNIT_DESCRIPTION": "C/R", "INSTALLDATE": 1184223600000, "LANE_LOCATION": "blank", "PIPE_USE": "Main", "SERVICE_STATUS": "In Service", "EFFLUENT_TYPE": "Sanitary", "TB_LENGTH": 3.82, "GRADE": 12.83, "MATERIAL": "Vitrified Clay", "VALIDATION_DATE": null, "BUN": null, "UPSTREAM_INVERT": 70.35, "UPSTRM_INVERT_ESTIMATED": "No", "DWNSTREAM_INVERT": 69.86, "DNSTRM_INVERT_ESTIMATED": "No", "RAMP_TYPE": null, "PIPE_SHAPE": "Round", "HEIGHT_MM": 0, "WIDTH_MM": 0, "SECTION_NAME": null, "FLOW_CATEGORY": "Gravity", "NORMAL_PRESSURE": 0, "LINING_MATERIAL": "blank", "ON_PILES": "No", "ON_SLAB": "No", "NFB_NOTATION": null, "DRAWING_NUMBER": null, "PP_NUMBER": null, "NFB_ELEVATION": 0, "NFB_TYPE": "blank", "WET_WEATHER_ONLY": "No", "REMARKS": null, "LEGACY_ID": "__FNG9VQ", "SOIL_TYPE": "blank", "SOIL_CONDITION": "blank", "TYPE_OF_FILL": null, "OWNEDBY": "COVAV", "OPERATOR": null, "UNIT_ID": "396501", "MAIN_KEY_1": 2816, "MAIN_COMP1": "30", "UNIT_ID_2": "421015", "MAIN_KEY_2": 27263, "MAIN_COMP2": 30, "COMPKEY": 360020, "MAIN_KEY": 3224, "COMPTYPE": 31, "UPDATED_BY": "ENHANMGETASK", "ADDRESS_KEY": 43775, "TB_AREA": "CBC08", "DISTRICT": "1", "FACET_GRID": " ", "CONSTRUCTION_TECHNIQUE": "unknown", "CONNECTN_TYPE": null, "CONNECTN_CONDITION": "{null}", "DATE_OF_PERMIT": null, "SPECIAL_INSTRUCTIONS": null, "TV_CONDITION": "Good", "TV_LAST_INSPECTION_DATE": 1779346800000, "TV_INCOMPLETE": "No", "TV_NEXT_INSPECTED_DATE": null, "LAST_INSPECTED_OK": null, "DATE_LAST_CLEANING_REQ": null, "DT_LAST_CLEANED": null, "INSPECTED_USER_ID": null, "CLEAN_USER_ID": null, "FURTHER_WORK_REQUIRED": "No", "FURTHERWORK_COMPLETED": "No", "WORK_ID": null, "PARALLEL_LINE_NO": null, "DISTANCE": 4.4, "MAP_TOOLTIP": "3.82 - 250 SAN n/a 12.83 % 2007 2", "HC_FID": null, "SUBAREA": " ", "DEPTH_AT_PL": null, "DEPTH_AT_PL_BELOW_CL": null, "OFFSET_DIRECTION": null, "OFFSET_FROM_PL": null, "DIAMETER_INSIDE": 250, "NAMENUMBER": null, "TO_MAIN_FID": null, "PERMIT_NUMBER": null, "STREET_NAME": "ONTARIO ST", "HUNDRED_BLOCK": "4600", "HCORACLEID": null, "AS_BUILT": "Yes", "LASTUPDATE_iso": "2026-09-18", "INSTALLDATE_iso": "2007-07-12", "TV_LAST_INSPECTION_DATE_iso": "2026-05-21"}, "geometry": {"type": "LineString", "coordinates": [[-123.10636879197632, 49.243652712140054], [-123.10632964356299, 49.243675623066494]]}}, {"type": "Feature", "properties": {"SHAPE_Length": 49.02221562841339, "OBJECTID": 136438514, "COV_SOURCE_KEY": "481269", "LASTUPDATE": 1683790222000, "TBFID": 481269, "UNIT_DESCRIPTION": null, "INSTALLDATE": 852105600000, "LANE_LOCATION": "blank", "PIPE_USE": "Main", "SERVICE_STATUS": "In Service", "EFFLUENT_TYPE": "Sanitary", "TB_LENGTH": 49.02, "GRADE": 0.71, "MATERIAL": "Polyvinyl Chloride", "VALIDATION_DATE": null, "BUN": null, "UPSTREAM_INVERT": 49.78, "UPSTRM_INVERT_ESTIMATED": "No", "DWNSTREAM_INVERT": 49.43, "DNSTRM_INVERT_ESTIMATED": "No", "RAMP_TYPE": null, "PIPE_SHAPE": "blank", "HEIGHT_MM": 0, "WIDTH_MM": 0, "SECTION_NAME": null, "FLOW_CATEGORY": "Gravity", "NORMAL_PRESSURE": 0, "LINING_MATERIAL": "blank", "ON_PILES": "No", "ON_SLAB": "No", "NFB_NOTATION": null, "DRAWING_NUMBER": null, "PP_NUMBER": "H60", "NFB_ELEVATION": 0, "NFB_TYPE": "blank", "WET_WEATHER_ONLY": "No", "REMARKS": null, "LEGACY_ID": "__FJCI13", "SOIL_TYPE": "blank", "SOIL_CONDITION": "blank", "TYPE_OF_FILL": null, "OWNEDBY": "COVAV", "OPERATOR": null, "UNIT_ID": "412247", "MAIN_KEY_1": 18612, "MAIN_COMP1": "30", "UNIT_ID_2": "408397", "MAIN_KEY_2": 14640, "MAIN_COMP2": 30, "COMPKEY": 358629, "MAIN_KEY": 1833, "COMPTYPE": 31, "UPDATED_BY": "ENHANMGETASK", "ADDRESS_KEY": 154049, "TB_AREA": "CBC07", "DISTRICT": "3", "FACET_GRID": "O14", "CONSTRUCTION_TECHNIQUE": "unknown", "CONNECTN_TYPE": null, "CONNECTN_CONDITION": "{null}", "DATE_OF_PERMIT": null, "SPECIAL_INSTRUCTIONS": null, "TV_CONDITION": "Good", "TV_LAST_INSPECTION_DATE": 1679554800000, "TV_INCOMPLETE": "No", "TV_NEXT_INSPECTED_DATE": null, "LAST_INSPECTED_OK": null, "DATE_LAST_CLEANING_REQ": null, "DT_LAST_CLEANED": null, "INSPECTED_USER_ID": null, "CLEAN_USER_ID": null, "FURTHER_WORK_REQUIRED": "No", "FURTHERWORK_COMPLETED": "No", "WORK_ID": null, "PARALLEL_LINE_NO": null, "DISTANCE": 49, "MAP_TOOLTIP": "49.02 - 200 SAN n/a 0.71 % 1997 2", "HC_FID": null, "SUBAREA": "O14", "DEPTH_AT_PL": null, "DEPTH_AT_PL_BELOW_CL": null, "OFFSET_DIRECTION": null, "OFFSET_FROM_PL": null, "DIAMETER_INSIDE": 200, "NAMENUMBER": null, "TO_MAIN_FID": null, "PERMIT_NUMBER": null, "STREET_NAME": "HEATHER ST", "HUNDRED_BLOCK": "3400", "HCORACLEID": null, "AS_BUILT": "Yes", "LASTUPDATE_iso": "2023-05-11", "INSTALLDATE_iso": "1997-01-01", "TV_LAST_INSPECTION_DATE_iso": "2023-03-23"}, "geometry": {"type": "LineString", "coordinates": [[-123.12017053604352, 49.254770291324135], [-123.12014957709646, 49.25521104294569]]}}, {"type": "Feature", "properties": {"SHAPE_Length": 163.83012120119375, "OBJECTID": 136438857, "COV_SOURCE_KEY": "483754", "LASTUPDATE": 1764791274000, "TBFID": 483754, "UNIT_DESCRIPTION": null, "INSTALLDATE": 1183014000000, "LANE_LOCATION": null, "PIPE_USE": "Main", "SERVICE_STATUS": "In Service", "EFFLUENT_TYPE": "Sanitary", "TB_LENGTH": 163.83, "GRADE": 0.63, "MATERIAL": "Concrete", "VALIDATION_DATE": null, "BUN": null, "UPSTREAM_INVERT": 66.91, "UPSTRM_INVERT_ESTIMATED": "No", "DWNSTREAM_INVERT": 65.88, "DNSTRM_INVERT_ESTIMATED": "No", "RAMP_TYPE": null, "PIPE_SHAPE": "Round", "HEIGHT_MM": 0, "WIDTH_MM": 0, "SECTION_NAME": null, "FLOW_CATEGORY": "Gravity", "NORMAL_PRESSURE": 0, "LINING_MATERIAL": "blank", "ON_PILES": "No", "ON_SLAB": "No", "NFB_NOTATION": null, "DRAWING_NUMBER": "DB2512", "PP_NUMBER": null, "NFB_ELEVATION": 0, "NFB_TYPE": "blank", "WET_WEATHER_ONLY": "No", "REMARKS": null, "LEGACY_ID": "__FNG7JA", "SOIL_TYPE": "blank", "SOIL_CONDITION": "blank", "TYPE_OF_FILL": null, "OWNEDBY": "COVAV", "OPERATOR": null, "UNIT_ID": "422340", "MAIN_KEY_1": 29086, "MAIN_COMP1": "30", "UNIT_ID_2": "422413", "MAIN_KEY_2": 29087, "MAIN_COMP2": 30, "COMPKEY": 362087, "MAIN_KEY": 5290, "COMPTYPE": 31, "UPDATED_BY": "enklk", "ADDRESS_KEY": 148793, "TB_AREA": "CBC07", "DISTRICT": "3", "FACET_GRID": " ", "CONSTRUCTION_TECHNIQUE": "unknown", "CONNECTN_TYPE": null, "CONNECTN_CONDITION": "{null}", "DATE_OF_PERMIT": null, "SPECIAL_INSTRUCTIONS": null, "TV_CONDITION": "Good", "TV_LAST_INSPECTION_DATE": 1653462000000, "TV_INCOMPLETE": "No", "TV_NEXT_INSPECTED_DATE": null, "LAST_INSPECTED_OK": null, "DATE_LAST_CLEANING_REQ": null, "DT_LAST_CLEANED": null, "INSPECTED_USER_ID": null, "CLEAN_USER_ID": null, "FURTHER_WORK_REQUIRED": "No", "FURTHERWORK_COMPLETED": "No", "WORK_ID": null, "PARALLEL_LINE_NO": null, "DISTANCE": 163.83, "MAP_TOOLTIP": "163.83 - 450 SAN n/a 0.63 % 2007 2", "HC_FID": null, "SUBAREA": " ", "DEPTH_AT_PL": null, "DEPTH_AT_PL_BELOW_CL": null, "OFFSET_DIRECTION": null, "OFFSET_FROM_PL": null, "DIAMETER_INSIDE": 450, "NAMENUMBER": null, "TO_MAIN_FID": null, "PERMIT_NUMBER": null, "STREET_NAME": "DINMONT AV", "HUNDRED_BLOCK": "4200", "HCORACLEID": null, "AS_BUILT": "Yes", "LASTUPDATE_iso": "2025-12-03", "INSTALLDATE_iso": "2007-06-28", "TV_LAST_INSPECTION_DATE_iso": "2022-05-25"}, "geometry": {"type": "LineString", "coordinates": [[-123.1073948163771, 49.24482633395452], [-123.10874192006176, 49.246006984777225]]}}, {"type": "Feature", "properties": {"SHAPE_Length": 93.56610045347583, "OBJECTID": 136438878, "COV_SOURCE_KEY": "482873", "LASTUPDATE": 1652945419000, "TBFID": 482873, "UNIT_DESCRIPTION": null, "INSTALLDATE": 757411200000, "LANE_LOCATION": "blank", "PIPE_USE": "Main", "SERVICE_STATUS": "In Service", "EFFLUENT_TYPE": "Sanitary", "TB_LENGTH": 93.57, "GRADE": 0.5, "MATERIAL": "Vitrified Clay", "VALIDATION_DATE": null, "BUN": null, "UPSTREAM_INVERT": 52.96, "UPSTRM_INVERT_ESTIMATED": "No", "DWNSTREAM_INVERT": 52.49, "DNSTRM_INVERT_ESTIMATED": "No", "RAMP_TYPE": null, "PIPE_SHAPE": "Round", "HEIGHT_MM": 0, "WIDTH_MM": 0, "SECTION_NAME": null, "FLOW_CATEGORY": "Gravity", "NORMAL_PRESSURE": 0, "LINING_MATERIAL": "blank", "ON_PILES": "No", "ON_SLAB": "No", "NFB_NOTATION": null, "DRAWING_NUMBER": null, "PP_NUMBER": "S135", "NFB_ELEVATION": 0, "NFB_TYPE": "blank", "WET_WEATHER_ONLY": "No", "REMARKS": null, "LEGACY_ID": "__FJCF0R", "SOIL_TYPE": "SANDY", "SOIL_CONDITION": "blank", "TYPE_OF_FILL": null, "OWNEDBY": "COVAV", "OPERATOR": null, "UNIT_ID": "426202", "MAIN_KEY_1": 32301, "MAIN_COMP1": "30", "UNIT_ID_2": "426207", "MAIN_KEY_2": 32306, "MAIN_COMP2": 30, "COMPKEY": 360648, "MAIN_KEY": 3852, "COMPTYPE": 31, "UPDATED_BY": "ENHANMGETASK", "ADDRESS_KEY": 155094, "TB_AREA": "CBC07", "DISTRICT": "3", "FACET_GRID": "O14", "CONSTRUCTION_TECHNIQUE": "unknown", "CONNECTN_TYPE": null, "CONNECTN_CONDITION": "{null}", "DATE_OF_PERMIT": null, "SPECIAL_INSTRUCTIONS": null, "TV_CONDITION": "Very Good", "TV_LAST_INSPECTION_DATE": 1651302000000, "TV_INCOMPLETE": "No", "TV_NEXT_INSPECTED_DATE": null, "LAST_INSPECTED_OK": null, "DATE_LAST_CLEANING_REQ": null, "DT_LAST_CLEANED": null, "INSPECTED_USER_ID": null, "CLEAN_USER_ID": null, "FURTHER_WORK_REQUIRED": "No", "FURTHERWORK_COMPLETED": "No", "WORK_ID": null, "PARALLEL_LINE_NO": null, "DISTANCE": 93.7, "MAP_TOOLTIP": "93.57 - 200 SAN n/a 0.50 % 1994 1", "HC_FID": null, "SUBAREA": "O14", "DEPTH_AT_PL": null, "DEPTH_AT_PL_BELOW_CL": null, "OFFSET_DIRECTION": null, "OFFSET_FROM_PL": null, "DIAMETER_INSIDE": 200, "NAMENUMBER": null, "TO_MAIN_FID": null, "PERMIT_NUMBER": null, "STREET_NAME": "W 17TH AV", "HUNDRED_BLOCK": "500", "HCORACLEID": null, "AS_BUILT": "Yes", "LASTUPDATE_iso": "2022-05-19", "INSTALLDATE_iso": "1994-01-01", "TV_LAST_INSPECTION_DATE_iso": "2022-04-30"}, "geometry": {"type": "LineString", "coordinates": [[-123.11688787726627, 49.25604569099863], [-123.11817320320922, 49.25606932724842]]}}, {"type": "Feature", "properties": {"SHAPE_Length": 66.2510888214587, "OBJECTID": 136438880, "COV_SOURCE_KEY": "482875", "LASTUPDATE": 1652945417000, "TBFID": 482875, "UNIT_DESCRIPTION": null, "INSTALLDATE": 757411200000, "LANE_LOCATION": "blank", "PIPE_USE": "Main", "SERVICE_STATUS": "In Service", "EFFLUENT_TYPE": "Sanitary", "TB_LENGTH": 66.25, "GRADE": 1.72, "MATERIAL": "Vitrified Clay", "VALIDATION_DATE": null, "BUN": null, "UPSTREAM_INVERT": 52.49, "UPSTRM_INVERT_ESTIMATED": "No", "DWNSTREAM_INVERT": 51.35, "DNSTRM_INVERT_ESTIMATED": "No", "RAMP_TYPE": null, "PIPE_SHAPE": "Round", "HEIGHT_MM": 0, "WIDTH_MM": 0, "SECTION_NAME": null, "FLOW_CATEGORY": "Gravity", "NORMAL_PRESSURE": 0, "LINING_MATERIAL": "blank", "ON_PILES": "No", "ON_SLAB": "No", "NFB_NOTATION": null, "DRAWING_NUMBER": null, "PP_NUMBER": "S135", "NFB_ELEVATION": 0, "NFB_TYPE": "blank", "WET_WEATHER_ONLY": "No", "REMARKS": null, "LEGACY_ID": "__FJCF0T", "SOIL_TYPE": "HCLAY/ROCK", "SOIL_CONDITION": "blank", "TYPE_OF_FILL": null, "OWNEDBY": "COVAV", "OPERATOR": null, "UNIT_ID": "426207", "MAIN_KEY_1": 32306, "MAIN_COMP1": "30", "UNIT_ID_2": "426206", "MAIN_KEY_2": 32305, "MAIN_COMP2": 30, "COMPKEY": 360650, "MAIN_KEY": 3854, "COMPTYPE": 31, "UPDATED_BY": "ENHANMGETASK", "ADDRESS_KEY": 154685, "TB_AREA": "CBC07", "DISTRICT": "3", "FACET_GRID": "O14", "CONSTRUCTION_TECHNIQUE": "unknown", "CONNECTN_TYPE": null, "CONNECTN_CONDITION": "{null}", "DATE_OF_PERMIT": null, "SPECIAL_INSTRUCTIONS": null, "TV_CONDITION": "Good/Fair", "TV_LAST_INSPECTION_DATE": 1651302000000, "TV_INCOMPLETE": "No", "TV_NEXT_INSPECTED_DATE": null, "LAST_INSPECTED_OK": null, "DATE_LAST_CLEANING_REQ": null, "DT_LAST_CLEANED": null, "INSPECTED_USER_ID": null, "CLEAN_USER_ID": null, "FURTHER_WORK_REQUIRED": "No", "FURTHERWORK_COMPLETED": "No", "WORK_ID": null, "PARALLEL_LINE_NO": null, "DISTANCE": 66.3, "MAP_TOOLTIP": "66.25 - 200 SAN n/a 1.72 % 1994 3", "HC_FID": null, "SUBAREA": "O14", "DEPTH_AT_PL": null, "DEPTH_AT_PL_BELOW_CL": null, "OFFSET_DIRECTION": null, "OFFSET_FROM_PL": null, "DIAMETER_INSIDE": 200, "NAMENUMBER": null, "TO_MAIN_FID": null, "PERMIT_NUMBER": null, "STREET_NAME": "W 17TH AV", "HUNDRED_BLOCK": "600", "HCORACLEID": null, "AS_BUILT": "Yes", "LASTUPDATE_iso": "2022-05-19", "INSTALLDATE_iso": "1994-01-01", "TV_LAST_INSPECTION_DATE_iso": "2022-04-30"}, "geometry": {"type": "LineString", "coordinates": [[-123.11817320320922, 49.25606932724842], [-123.11908331428184, 49.25608574457223]]}}, {"type": "Feature", "properties": {"SHAPE_Length": 7.399818984724161, "OBJECTID": 136439108, "COV_SOURCE_KEY": "481883", "LASTUPDATE": 1676069239000, "TBFID": 481883, "UNIT_DESCRIPTION": null, "INSTALLDATE": 694252800000, "LANE_LOCATION": "Lane West", "PIPE_USE": "Main", "SERVICE_STATUS": "In Service", "EFFLUENT_TYPE": "Sanitary", "TB_LENGTH": 7.41, "GRADE": 0, "MATERIAL": "Concrete", "VALIDATION_DATE": null, "BUN": null, "UPSTREAM_INVERT": 0, "UPSTRM_INVERT_ESTIMATED": "No", "DWNSTREAM_INVERT": 0, "DNSTRM_INVERT_ESTIMATED": "No", "RAMP_TYPE": null, "PIPE_SHAPE": "Round", "HEIGHT_MM": 0, "WIDTH_MM": 0, "SECTION_NAME": null, "FLOW_CATEGORY": "Gravity", "NORMAL_PRESSURE": 0, "LINING_MATERIAL": "blank", "ON_PILES": "No", "ON_SLAB": "No", "NFB_NOTATION": null, "DRAWING_NUMBER": null, "PP_NUMBER": "T125", "NFB_ELEVATION": 0, "NFB_TYPE": "blank", "WET_WEATHER_ONLY": "No", "REMARKS": null, "LEGACY_ID": "__FJCFGU", "SOIL_TYPE": "SANDY CLAY", "SOIL_CONDITION": "blank", "TYPE_OF_FILL": null, "OWNEDBY": "COVAV", "OPERATOR": "COVAV", "UNIT_ID": "396554", "MAIN_KEY_1": 2701, "MAIN_COMP1": "30", "UNIT_ID_2": "405744", "MAIN_KEY_2": 11338, "MAIN_COMP2": 30, "COMPKEY": 359299, "MAIN_KEY": 2503, "COMPTYPE": 31, "UPDATED_BY": "PEN31", "ADDRESS_KEY": 151536, "TB_AREA": "CBC06", "DISTRICT": "3", "FACET_GRID": " ", "CONSTRUCTION_TECHNIQUE": "unknown", "CONNECTN_TYPE": null, "CONNECTN_CONDITION": "{null}", "DATE_OF_PERMIT": null, "SPECIAL_INSTRUCTIONS": null, "TV_CONDITION": "Good/Fair", "TV_LAST_INSPECTION_DATE": 1674028800000, "TV_INCOMPLETE": "No", "TV_NEXT_INSPECTED_DATE": null, "LAST_INSPECTED_OK": null, "DATE_LAST_CLEANING_REQ": null, "DT_LAST_CLEANED": null, "INSPECTED_USER_ID": null, "CLEAN_USER_ID": null, "FURTHER_WORK_REQUIRED": "No", "FURTHERWORK_COMPLETED": "No", "WORK_ID": null, "PARALLEL_LINE_NO": null, "DISTANCE": 7.4, "MAP_TOOLTIP": "7.41 - 375 SAN n/a 0.00 % 1992 3", "HC_FID": null, "SUBAREA": " ", "DEPTH_AT_PL": null, "DEPTH_AT_PL_BELOW_CL": null, "OFFSET_DIRECTION": null, "OFFSET_FROM_PL": null, "DIAMETER_INSIDE": 375, "NAMENUMBER": null, "TO_MAIN_FID": null, "PERMIT_NUMBER": null, "STREET_NAME": "LAUREL ST", "HUNDRED_BLOCK": "3800", "HCORACLEID": null, "AS_BUILT": "Yes", "LASTUPDATE_iso": "2023-02-10", "INSTALLDATE_iso": "1992-01-01", "TV_LAST_INSPECTION_DATE_iso": "2023-01-18"}, "geometry": {"type": "LineString", "coordinates": [[-123.12475560975545, 49.25121983797938], [-123.12465406735998, 49.251216349490434]]}}, {"type": "Feature", "properties": {"SHAPE_Length": 127.28423752341642, "OBJECTID": 136439286, "COV_SOURCE_KEY": "482082", "LASTUPDATE": 1657783823000, "TBFID": 482082, "UNIT_DESCRIPTION": null, "INSTALLDATE": 599644800000, "LANE_LOCATION": "Lane South", "PIPE_USE": "Main", "SERVICE_STATUS": "In Service", "EFFLUENT_TYPE": "Sanitary", "TB_LENGTH": 127.28423752, "GRADE": 1.3, "MATERIAL": "Polyvinyl Chloride", "VALIDATION_DATE": null, "BUN": null, "UPSTREAM_INVERT": 56.7, "UPSTRM_INVERT_ESTIMATED": "No", "DWNSTREAM_INVERT": 55.04, "DNSTRM_INVERT_ESTIMATED": "No", "RAMP_TYPE": null, "PIPE_SHAPE": "Round", "HEIGHT_MM": 0, "WIDTH_MM": 0, "SECTION_NAME": null, "FLOW_CATEGORY": "Gravity", "NORMAL_PRESSURE": 0, "LINING_MATERIAL": "blank", "ON_PILES": "No", "ON_SLAB": "No", "NFB_NOTATION": null, "DRAWING_NUMBER": null, "PP_NUMBER": "S151", "NFB_ELEVATION": 0, "NFB_TYPE": "blank", "WET_WEATHER_ONLY": "No", "REMARKS": null, "LEGACY_ID": "__FJCFGK", "SOIL_TYPE": "blank", "SOIL_CONDITION": "blank", "TYPE_OF_FILL": null, "OWNEDBY": "COVAV", "OPERATOR": null, "UNIT_ID": "396576", "MAIN_KEY_1": 2723, "MAIN_COMP1": "30", "UNIT_ID_2": "397739", "MAIN_KEY_2": 3934, "MAIN_COMP2": 30, "COMPKEY": 359576, "MAIN_KEY": 2780, "COMPTYPE": 31, "UPDATED_BY": "ENHANMGETASK", "ADDRESS_KEY": 156286, "TB_AREA": "CBC07", "DISTRICT": "3", "FACET_GRID": "O14", "CONSTRUCTION_TECHNIQUE": "unknown", "CONNECTN_TYPE": null, "CONNECTN_CONDITION": "{null}", "DATE_OF_PERMIT": null, "SPECIAL_INSTRUCTIONS": null, "TV_CONDITION": "Good", "TV_LAST_INSPECTION_DATE": 1654844400000, "TV_INCOMPLETE": "No", "TV_NEXT_INSPECTED_DATE": null, "LAST_INSPECTED_OK": null, "DATE_LAST_CLEANING_REQ": null, "DT_LAST_CLEANED": null, "INSPECTED_USER_ID": null, "CLEAN_USER_ID": null, "FURTHER_WORK_REQUIRED": "No", "FURTHERWORK_COMPLETED": "No", "WORK_ID": null, "PARALLEL_LINE_NO": null, "DISTANCE": 127.4, "MAP_TOOLTIP": "127.28 - 200 SAN n/a 1.30 % 1989 2", "HC_FID": null, "SUBAREA": "O14", "DEPTH_AT_PL": null, "DEPTH_AT_PL_BELOW_CL": null, "OFFSET_DIRECTION": null, "OFFSET_FROM_PL": null, "DIAMETER_INSIDE": 200, "NAMENUMBER": null, "TO_MAIN_FID": null, "PERMIT_NUMBER": null, "STREET_NAME": "W 17TH AV", "HUNDRED_BLOCK": "400", "HCORACLEID": null, "AS_BUILT": "Yes", "LASTUPDATE_iso": "2022-07-14", "INSTALLDATE_iso": "1989-01-01", "TV_LAST_INSPECTION_DATE_iso": "2022-06-10"}, "geometry": {"type": "LineString", "coordinates": [[-123.11445215522356, 49.25535743160137], [-123.11270363308168, 49.25532603906071]]}}, {"type": "Feature", "properties": {"SHAPE_Length": 90.94916806667244, "OBJECTID": 136439336, "COV_SOURCE_KEY": "481888", "LASTUPDATE": 1651735830000, "TBFID": 481888, "UNIT_DESCRIPTION": null, "INSTALLDATE": 599644800000, "LANE_LOCATION": "Lane South", "PIPE_USE": "Main", "SERVICE_STATUS": "In Service", "EFFLUENT_TYPE": "Sanitary", "TB_LENGTH": 90.95, "GRADE": 1.28, "MATERIAL": "Polyvinyl Chloride", "VALIDATION_DATE": null, "BUN": null, "UPSTREAM_INVERT": 56.93, "UPSTRM_INVERT_ESTIMATED": "No", "DWNSTREAM_INVERT": 55.77, "DNSTRM_INVERT_ESTIMATED": "No", "RAMP_TYPE": null, "PIPE_SHAPE": "Round", "HEIGHT_MM": 0, "WIDTH_MM": 0, "SECTION_NAME": null, "FLOW_CATEGORY": "Gravity", "NORMAL_PRESSURE": 0, "LINING_MATERIAL": "blank", "ON_PILES": "No", "ON_SLAB": "No", "NFB_NOTATION": null, "DRAWING_NUMBER": null, "PP_NUMBER": "S151", "NFB_ELEVATION": 0, "NFB_TYPE": "blank", "WET_WEATHER_ONLY": "No", "REMARKS": null, "LEGACY_ID": "__FJCFGY", "SOIL_TYPE": "blank", "SOIL_CONDITION": "blank", "TYPE_OF_FILL": null, "OWNEDBY": "COVAV", "OPERATOR": null, "UNIT_ID": "396548", "MAIN_KEY_1": 2695, "MAIN_COMP1": "30", "UNIT_ID_2": "397741", "MAIN_KEY_2": 3936, "MAIN_COMP2": 30, "COMPKEY": 359305, "MAIN_KEY": 2509, "COMPTYPE": 31, "UPDATED_BY": "ENHANMGETASK", "ADDRESS_KEY": 154311, "TB_AREA": "CBC07", "DISTRICT": "3", "FACET_GRID": "P14", "CONSTRUCTION_TECHNIQUE": "unknown", "CONNECTN_TYPE": null, "CONNECTN_CONDITION": "{null}", "DATE_OF_PERMIT": null, "SPECIAL_INSTRUCTIONS": null, "TV_CONDITION": "Very Good", "TV_LAST_INSPECTION_DATE": 1648018800000, "TV_INCOMPLETE": "No", "TV_NEXT_INSPECTED_DATE": null, "LAST_INSPECTED_OK": null, "DATE_LAST_CLEANING_REQ": null, "DT_LAST_CLEANED": null, "INSPECTED_USER_ID": null, "CLEAN_USER_ID": null, "FURTHER_WORK_REQUIRED": "No", "FURTHERWORK_COMPLETED": "No", "WORK_ID": null, "PARALLEL_LINE_NO": null, "DISTANCE": 91, "MAP_TOOLTIP": "90.95 - 200 SAN n/a 1.28 % 1989 1", "HC_FID": null, "SUBAREA": "P14", "DEPTH_AT_PL": null, "DEPTH_AT_PL_BELOW_CL": null, "OFFSET_DIRECTION": null, "OFFSET_FROM_PL": null, "DIAMETER_INSIDE": 200, "NAMENUMBER": null, "TO_MAIN_FID": null, "PERMIT_NUMBER": null, "STREET_NAME": "W 17TH AV", "HUNDRED_BLOCK": "100", "HCORACLEID": null, "AS_BUILT": "Yes", "LASTUPDATE_iso": "2022-05-05", "INSTALLDATE_iso": "1989-01-01", "TV_LAST_INSPECTION_DATE_iso": "2022-03-23"}, "geometry": {"type": "LineString", "coordinates": [[-123.10969398957906, 49.25526752531559], [-123.1084447050157, 49.255242924359464]]}}, {"type": "Feature", "properties": {"SHAPE_Length": 90.22089631555198, "OBJECTID": 136439337, "COV_SOURCE_KEY": "481889", "LASTUPDATE": 1653550224000, "TBFID": 481889, "UNIT_DESCRIPTION": null, "INSTALLDATE": 599644800000, "LANE_LOCATION": "Lane East", "PIPE_USE": "Main", "SERVICE_STATUS": "In Service", "EFFLUENT_TYPE": "Sanitary", "TB_LENGTH": 90.22089632, "GRADE": 1.2, "MATERIAL": "Polyvinyl Chloride", "VALIDATION_DATE": null, "BUN": null, "UPSTREAM_INVERT": 55.77, "UPSTRM_INVERT_ESTIMATED": "No", "DWNSTREAM_INVERT": 54.69, "DNSTRM_INVERT_ESTIMATED": "No", "RAMP_TYPE": null, "PIPE_SHAPE": "Round", "HEIGHT_MM": 0, "WIDTH_MM": 0, "SECTION_NAME": null, "FLOW_CATEGORY": "Gravity", "NORMAL_PRESSURE": 0, "LINING_MATERIAL": "blank", "ON_PILES": "No", "ON_SLAB": "No", "NFB_NOTATION": null, "DRAWING_NUMBER": null, "PP_NUMBER": "S151", "NFB_ELEVATION": 0, "NFB_TYPE": "blank", "WET_WEATHER_ONLY": "No", "REMARKS": null, "LEGACY_ID": "__FJCFGZ", "SOIL_TYPE": "blank", "SOIL_CONDITION": "blank", "TYPE_OF_FILL": null, "OWNEDBY": "COVAV", "OPERATOR": null, "UNIT_ID": "397741", "MAIN_KEY_1": 3936, "MAIN_COMP1": "30", "UNIT_ID_2": "1452487", "MAIN_KEY_2": 781075, "MAIN_COMP2": 30, "COMPKEY": 359306, "MAIN_KEY": 2510, "COMPTYPE": 31, "UPDATED_BY": "ENHANMGETASK", "ADDRESS_KEY": 150548, "TB_AREA": "CBC07", "DISTRICT": "3", "FACET_GRID": " ", "CONSTRUCTION_TECHNIQUE": "unknown", "CONNECTN_TYPE": null, "CONNECTN_CONDITION": "{null}", "DATE_OF_PERMIT": null, "SPECIAL_INSTRUCTIONS": null, "TV_CONDITION": "Very Good", "TV_LAST_INSPECTION_DATE": 1648018800000, "TV_INCOMPLETE": "No", "TV_NEXT_INSPECTED_DATE": null, "LAST_INSPECTED_OK": null, "DATE_LAST_CLEANING_REQ": null, "DT_LAST_CLEANED": null, "INSPECTED_USER_ID": null, "CLEAN_USER_ID": null, "FURTHER_WORK_REQUIRED": "No", "FURTHERWORK_COMPLETED": "No", "WORK_ID": null, "PARALLEL_LINE_NO": null, "DISTANCE": 91.3, "MAP_TOOLTIP": "90.22 - 200 SAN n/a 1.20 % 1989 1", "HC_FID": null, "SUBAREA": " ", "DEPTH_AT_PL": null, "DEPTH_AT_PL_BELOW_CL": null, "OFFSET_DIRECTION": null, "OFFSET_FROM_PL": null, "DIAMETER_INSIDE": 200, "NAMENUMBER": null, "TO_MAIN_FID": null, "PERMIT_NUMBER": null, "STREET_NAME": "MANITOBA ST", "HUNDRED_BLOCK": "3300", "HCORACLEID": null, "AS_BUILT": "Yes", "LASTUPDATE_iso": "2022-05-26", "INSTALLDATE_iso": "1989-01-01", "TV_LAST_INSPECTION_DATE_iso": "2022-03-23"}, "geometry": {"type": "LineString", "coordinates": [[-123.1084447050157, 49.255242924359464], [-123.10720506307626, 49.25522837559414]]}}, {"type": "Feature", "properties": {"SHAPE_Length": 75.7821507349137, "OBJECTID": 136439512, "COV_SOURCE_KEY": "484584", "LASTUPDATE": 1663399829000, "TBFID": 484584, "UNIT_DESCRIPTION": "POOR GROUND", "INSTALLDATE": 631180800000, "LANE_LOCATION": "blank", "PIPE_USE": "Main", "SERVICE_STATUS": "In Service", "EFFLUENT_TYPE": "Sanitary", "TB_LENGTH": 75.78, "GRADE": 2.02, "MATERIAL": "Polyvinyl Chloride", "VALIDATION_DATE": null, "BUN": null, "UPSTREAM_INVERT": 51.19, "UPSTRM_INVERT_ESTIMATED": "No", "DWNSTREAM_INVERT": 49.66, "DNSTRM_INVERT_ESTIMATED": "No", "RAMP_TYPE": null, "PIPE_SHAPE": "Round", "HEIGHT_MM": 0, "WIDTH_MM": 0, "SECTION_NAME": null, "FLOW_CATEGORY": "Gravity", "NORMAL_PRESSURE": 0, "LINING_MATERIAL": "blank", "ON_PILES": "No", "ON_SLAB": "No", "NFB_NOTATION": null, "DRAWING_NUMBER": null, "PP_NUMBER": "E55", "NFB_ELEVATION": 0, "NFB_TYPE": "blank", "WET_WEATHER_ONLY": "No", "REMARKS": null, "LEGACY_ID": "__FJC3Q8", "SOIL_TYPE": "PEAT/CLAY", "SOIL_CONDITION": "blank", "TYPE_OF_FILL": null, "OWNEDBY": "COVAV", "OPERATOR": null, "UNIT_ID": "397511", "MAIN_KEY_1": 3658, "MAIN_COMP1": "30", "UNIT_ID_2": "416549", "MAIN_KEY_2": 22719, "MAIN_COMP2": 30, "COMPKEY": 363231, "MAIN_KEY": 6434, "COMPTYPE": 31, "UPDATED_BY": "ENHANMGETASK", "ADDRESS_KEY": 156801, "TB_AREA": "CBC06", "DISTRICT": "3", "FACET_GRID": "O14", "CONSTRUCTION_TECHNIQUE": "unknown", "CONNECTN_TYPE": null, "CONNECTN_CONDITION": "{null}", "DATE_OF_PERMIT": null, "SPECIAL_INSTRUCTIONS": null, "TV_CONDITION": "Good/Fair", "TV_LAST_INSPECTION_DATE": 1660201200000, "TV_INCOMPLETE": "No", "TV_NEXT_INSPECTED_DATE": null, "LAST_INSPECTED_OK": null, "DATE_LAST_CLEANING_REQ": null, "DT_LAST_CLEANED": null, "INSPECTED_USER_ID": null, "CLEAN_USER_ID": null, "FURTHER_WORK_REQUIRED": "No", "FURTHERWORK_COMPLETED": "No", "WORK_ID": null, "PARALLEL_LINE_NO": null, "DISTANCE": 75.8, "MAP_TOOLTIP": "75.78 - 200 SAN n/a 2.02 % 1990 3", "HC_FID": null, "SUBAREA": "O14", "DEPTH_AT_PL": null, "DEPTH_AT_PL_BELOW_CL": null, "OFFSET_DIRECTION": null, "OFFSET_FROM_PL": null, "DIAMETER_INSIDE": 200, "NAMENUMBER": null, "TO_MAIN_FID": null, "PERMIT_NUMBER": null, "STREET_NAME": "W 18TH AV", "HUNDRED_BLOCK": "900", "HCORACLEID": null, "AS_BUILT": "Yes", "LASTUPDATE_iso": "2022-09-17", "INSTALLDATE_iso": "1990-01-01", "TV_LAST_INSPECTION_DATE_iso": "2022-08-11"}, "geometry": {"type": "LineString", "coordinates": [[-123.12549774312289, 49.25532860101801], [-123.12445685816967, 49.25530672616896]]}}, {"type": "Feature", "properties": {"SHAPE_Length": 152.25400920236203, "OBJECTID": 136439819, "COV_SOURCE_KEY": "484241", "LASTUPDATE": 1522395022000, "TBFID": 484241, "UNIT_DESCRIPTION": "ALL FUTURE LEADS ON REHOOKS ARE 3.4 S/PL", "INSTALLDATE": 1009872000000, "LANE_LOCATION": null, "PIPE_USE": "Main", "SERVICE_STATUS": "In Service", "EFFLUENT_TYPE": "Sanitary", "TB_LENGTH": 152.25, "GRADE": 0.62, "MATERIAL": "Polyvinyl Chloride", "VALIDATION_DATE": null, "BUN": null, "UPSTREAM_INVERT": 67.7, "UPSTRM_INVERT_ESTIMATED": "No", "DWNSTREAM_INVERT": 66.75, "DNSTRM_INVERT_ESTIMATED": "No", "RAMP_TYPE": null, "PIPE_SHAPE": "blank", "HEIGHT_MM": 0, "WIDTH_MM": 0, "SECTION_NAME": null, "FLOW_CATEGORY": "Gravity", "NORMAL_PRESSURE": 0, "LINING_MATERIAL": "blank", "ON_PILES": "No", "ON_SLAB": "No", "NFB_NOTATION": "NFB 70.14", "DRAWING_NUMBER": null, "PP_NUMBER": null, "NFB_ELEVATION": 0, "NFB_TYPE": "blank", "WET_WEATHER_ONLY": "No", "REMARKS": null, "LEGACY_ID": "__FJCJJA", "SOIL_TYPE": "blank", "SOIL_CONDITION": "blank", "TYPE_OF_FILL": null, "OWNEDBY": "COVAV", "OPERATOR": null, "UNIT_ID": "421092", "MAIN_KEY_1": 27267, "MAIN_COMP1": "30", "UNIT_ID_2": "407064", "MAIN_KEY_2": 13162, "MAIN_COMP2": 30, "COMPKEY": 363121, "MAIN_KEY": 6324, "COMPTYPE": 31, "UPDATED_BY": "ENHANMGETASK", "ADDRESS_KEY": 154072, "TB_AREA": "CBC07", "DISTRICT": "3", "FACET_GRID": " ", "CONSTRUCTION_TECHNIQUE": "unknown", "CONNECTN_TYPE": null, "CONNECTN_CONDITION": "{null}", "DATE_OF_PERMIT": null, "SPECIAL_INSTRUCTIONS": null, "TV_CONDITION": "Good", "TV_LAST_INSPECTION_DATE": 1387353600000, "TV_INCOMPLETE": "No", "TV_NEXT_INSPECTED_DATE": null, "LAST_INSPECTED_OK": null, "DATE_LAST_CLEANING_REQ": null, "DT_LAST_CLEANED": null, "INSPECTED_USER_ID": null, "CLEAN_USER_ID": null, "FURTHER_WORK_REQUIRED": "No", "FURTHERWORK_COMPLETED": "No", "WORK_ID": null, "PARALLEL_LINE_NO": null, "DISTANCE": 152.92, "MAP_TOOLTIP": "152.25 - 200 SAN n/a 0.62 % 2002 2", "HC_FID": null, "SUBAREA": " ", "DEPTH_AT_PL": null, "DEPTH_AT_PL_BELOW_CL": null, "OFFSET_DIRECTION": null, "OFFSET_FROM_PL": null, "DIAMETER_INSIDE": 200, "NAMENUMBER": null, "TO_MAIN_FID": null, "PERMIT_NUMBER": null, "STREET_NAME": "W 26TH AV", "HUNDRED_BLOCK": "700", "HCORACLEID": null, "AS_BUILT": "Yes", "LASTUPDATE_iso": "2018-03-30", "INSTALLDATE_iso": "2002-01-01", "TV_LAST_INSPECTION_DATE_iso": "2013-12-18"}, "geometry": {"type": "LineString", "coordinates": [[-123.12443112082633, 49.248112426225795], [-123.12235123830436, 49.24807502357985], [-123.12234425749344, 49.24806916608153]]}}, {"type": "Feature", "properties": {"SHAPE_Length": 124.96180012316623, "OBJECTID": 136439897, "COV_SOURCE_KEY": "488700", "LASTUPDATE": 1750782295000, "TBFID": 488700, "UNIT_DESCRIPTION": "SANDY", "INSTALLDATE": 757411200000, "LANE_LOCATION": "Lane South", "PIPE_USE": "Main", "SERVICE_STATUS": "In Service", "EFFLUENT_TYPE": "Sanitary", "TB_LENGTH": 124.96, "GRADE": 0.93, "MATERIAL": "Polyvinyl Chloride", "VALIDATION_DATE": null, "BUN": null, "UPSTREAM_INVERT": 56.28, "UPSTRM_INVERT_ESTIMATED": "No", "DWNSTREAM_INVERT": 55.12, "DNSTRM_INVERT_ESTIMATED": "No", "RAMP_TYPE": null, "PIPE_SHAPE": "Round", "HEIGHT_MM": 0, "WIDTH_MM": 0, "SECTION_NAME": null, "FLOW_CATEGORY": "Gravity", "NORMAL_PRESSURE": 0, "LINING_MATERIAL": "blank", "ON_PILES": "No", "ON_SLAB": "No", "NFB_NOTATION": null, "DRAWING_NUMBER": "DB1566", "PP_NUMBER": "S64", "NFB_ELEVATION": 0, "NFB_TYPE": "blank", "WET_WEATHER_ONLY": "No", "REMARKS": null, "LEGACY_ID": "__FJCF3C", "SOIL_TYPE": "SOFT CLAY", "SOIL_CONDITION": "blank", "TYPE_OF_FILL": null, "OWNEDBY": "COVAV", "OPERATOR": null, "UNIT_ID": "396958", "MAIN_KEY_1": 3104, "MAIN_COMP1": "30", "UNIT_ID_2": "410231", "MAIN_KEY_2": 16982, "MAIN_COMP2": 30, "COMPKEY": 372306, "MAIN_KEY": 11862, "COMPTYPE": 31, "UPDATED_BY": "XUG16", "ADDRESS_KEY": 157358, "TB_AREA": "CBC08", "DISTRICT": "1", "FACET_GRID": "P14", "CONSTRUCTION_TECHNIQUE": "unknown", "CONNECTN_TYPE": null, "CONNECTN_CONDITION": "{null}", "DATE_OF_PERMIT": null, "SPECIAL_INSTRUCTIONS": null, "TV_CONDITION": "Fair/Poor", "TV_LAST_INSPECTION_DATE": 1706774400000, "TV_INCOMPLETE": "No", "TV_NEXT_INSPECTED_DATE": null, "LAST_INSPECTED_OK": null, "DATE_LAST_CLEANING_REQ": null, "DT_LAST_CLEANED": null, "INSPECTED_USER_ID": null, "CLEAN_USER_ID": null, "FURTHER_WORK_REQUIRED": "No", "FURTHERWORK_COMPLETED": "No", "WORK_ID": null, "PARALLEL_LINE_NO": null, "DISTANCE": 125.6, "MAP_TOOLTIP": "124.96 - 200 SAN n/a 0.93 % 1994 4", "HC_FID": null, "SUBAREA": "P14", "DEPTH_AT_PL": null, "DEPTH_AT_PL_BELOW_CL": null, "OFFSET_DIRECTION": null, "OFFSET_FROM_PL": null, "DIAMETER_INSIDE": 200, "NAMENUMBER": null, "TO_MAIN_FID": null, "PERMIT_NUMBER": null, "STREET_NAME": "W 17TH AV", "HUNDRED_BLOCK": "000", "HCORACLEID": null, "AS_BUILT": "Yes", "LASTUPDATE_iso": "2025-06-24", "INSTALLDATE_iso": "1994-01-01", "TV_LAST_INSPECTION_DATE_iso": "2024-02-01"}, "geometry": {"type": "LineString", "coordinates": [[-123.10678304574712, 49.255213240655465], [-123.10506628731048, 49.255186092838095]]}}, {"type": "Feature", "properties": {"SHAPE_Length": 74.77511501860536, "OBJECTID": 136440091, "COV_SOURCE_KEY": "483584", "LASTUPDATE": 1646728222000, "TBFID": 483584, "UNIT_DESCRIPTION": null, "INSTALLDATE": 599644800000, "LANE_LOCATION": null, "PIPE_USE": "Main", "SERVICE_STATUS": "In Service", "EFFLUENT_TYPE": "Sanitary", "TB_LENGTH": 74.78, "GRADE": 0.31, "MATERIAL": "Concrete", "VALIDATION_DATE": null, "BUN": null, "UPSTREAM_INVERT": 49.55, "UPSTRM_INVERT_ESTIMATED": "No", "DWNSTREAM_INVERT": 49.32, "DNSTRM_INVERT_ESTIMATED": "No", "RAMP_TYPE": null, "PIPE_SHAPE": "Round", "HEIGHT_MM": 0, "WIDTH_MM": 0, "SECTION_NAME": null, "FLOW_CATEGORY": "Gravity", "NORMAL_PRESSURE": 0, "LINING_MATERIAL": "blank", "ON_PILES": "No", "ON_SLAB": "No", "NFB_NOTATION": null, "DRAWING_NUMBER": null, "PP_NUMBER": "N28", "NFB_ELEVATION": 0, "NFB_TYPE": "blank", "WET_WEATHER_ONLY": "No", "REMARKS": null, "LEGACY_ID": "__FJC3S2", "SOIL_TYPE": "blank", "SOIL_CONDITION": "blank", "TYPE_OF_FILL": null, "OWNEDBY": "COVAV", "OPERATOR": " ", "UNIT_ID": "404929", "MAIN_KEY_1": 11100, "MAIN_COMP1": "30", "UNIT_ID_2": "404849", "MAIN_KEY_2": 11092, "MAIN_COMP2": 30, "COMPKEY": 362030, "MAIN_KEY": 5233, "COMPTYPE": 31, "UPDATED_BY": "ENHANMGETASK", "ADDRESS_KEY": 148260, "TB_AREA": "CBC07", "DISTRICT": "3", "FACET_GRID": "O14", "CONSTRUCTION_TECHNIQUE": "unknown", "CONNECTN_TYPE": null, "CONNECTN_CONDITION": null, "DATE_OF_PERMIT": null, "SPECIAL_INSTRUCTIONS": null, "TV_CONDITION": "Good/Fair", "TV_LAST_INSPECTION_DATE": 1639900800000, "TV_INCOMPLETE": "No", "TV_NEXT_INSPECTED_DATE": null, "LAST_INSPECTED_OK": null, "DATE_LAST_CLEANING_REQ": null, "DT_LAST_CLEANED": null, "INSPECTED_USER_ID": null, "CLEAN_USER_ID": null, "FURTHER_WORK_REQUIRED": "No", "FURTHERWORK_COMPLETED": "No", "WORK_ID": null, "PARALLEL_LINE_NO": null, "DISTANCE": 75, "MAP_TOOLTIP": "74.78 - 450 SAN n/a 0.31 % 1989 3", "HC_FID": null, "SUBAREA": "O14", "DEPTH_AT_PL": null, "DEPTH_AT_PL_BELOW_CL": null, "OFFSET_DIRECTION": null, "OFFSET_FROM_PL": null, "DIAMETER_INSIDE": 450, "NAMENUMBER": null, "TO_MAIN_FID": null, "PERMIT_NUMBER": null, "STREET_NAME": "W 19TH AV", "HUNDRED_BLOCK": "700", "HCORACLEID": null, "AS_BUILT": "Yes", "LASTUPDATE_iso": "2022-03-08", "INSTALLDATE_iso": "1989-01-01", "TV_LAST_INSPECTION_DATE_iso": "2021-12-19"}, "geometry": {"type": "LineString", "coordinates": [[-123.12016025691561, 49.254311716642434], [-123.12118731975829, 49.25433267321323]]}}, {"type": "Feature", "properties": {"SHAPE_Length": 97.84036668033991, "OBJECTID": 136440107, "COV_SOURCE_KEY": "483915", "LASTUPDATE": 1665216863000, "TBFID": 483915, "UNIT_DESCRIPTION": null, "INSTALLDATE": 599644800000, "LANE_LOCATION": null, "PIPE_USE": "Main", "SERVICE_STATUS": "In Service", "EFFLUENT_TYPE": "Sanitary", "TB_LENGTH": 97.84036668, "GRADE": 2.36, "MATERIAL": "Polyvinyl Chloride", "VALIDATION_DATE": null, "BUN": null, "UPSTREAM_INVERT": 48.39, "UPSTRM_INVERT_ESTIMATED": "No", "DWNSTREAM_INVERT": 46.08, "DNSTRM_INVERT_ESTIMATED": "No", "RAMP_TYPE": "Closed", "PIPE_SHAPE": "Round", "HEIGHT_MM": 0, "WIDTH_MM": 0, "SECTION_NAME": null, "FLOW_CATEGORY": "Gravity", "NORMAL_PRESSURE": 0, "LINING_MATERIAL": "blank", "ON_PILES": "No", "ON_SLAB": "No", "NFB_NOTATION": null, "DRAWING_NUMBER": null, "PP_NUMBER": "S135", "NFB_ELEVATION": 0, "NFB_TYPE": "blank", "WET_WEATHER_ONLY": "No", "REMARKS": "C/R", "LEGACY_ID": "__FJC3SG", "SOIL_TYPE": "HARD CLAY", "SOIL_CONDITION": "blank", "TYPE_OF_FILL": null, "OWNEDBY": "COVAV", "OPERATOR": "COVAV", "UNIT_ID": "403817", "MAIN_KEY_1": 11237, "MAIN_COMP1": "30", "UNIT_ID_2": "409940", "MAIN_KEY_2": 16907, "MAIN_COMP2": 30, "COMPKEY": 362140, "MAIN_KEY": 5343, "COMPTYPE": 31, "UPDATED_BY": "ENHANMGETASK", "ADDRESS_KEY": 148628, "TB_AREA": "CBC07", "DISTRICT": "3", "FACET_GRID": "O14", "CONSTRUCTION_TECHNIQUE": "unknown", "CONNECTN_TYPE": null, "CONNECTN_CONDITION": null, "DATE_OF_PERMIT": null, "SPECIAL_INSTRUCTIONS": null, "TV_CONDITION": "Very Good", "TV_LAST_INSPECTION_DATE": 1663398000000, "TV_INCOMPLETE": "No", "TV_NEXT_INSPECTED_DATE": null, "LAST_INSPECTED_OK": null, "DATE_LAST_CLEANING_REQ": null, "DT_LAST_CLEANED": null, "INSPECTED_USER_ID": null, "CLEAN_USER_ID": null, "FURTHER_WORK_REQUIRED": "No", "FURTHERWORK_COMPLETED": "No", "WORK_ID": null, "PARALLEL_LINE_NO": null, "DISTANCE": 98.2, "MAP_TOOLTIP": "97.84 - 200 SAN n/a 2.36 % 1989 1", "HC_FID": null, "SUBAREA": "O14", "DEPTH_AT_PL": null, "DEPTH_AT_PL_BELOW_CL": null, "OFFSET_DIRECTION": null, "OFFSET_FROM_PL": null, "DIAMETER_INSIDE": 200, "NAMENUMBER": null, "TO_MAIN_FID": null, "PERMIT_NUMBER": null, "STREET_NAME": "W 17TH AV", "HUNDRED_BLOCK": "700", "HCORACLEID": null, "AS_BUILT": "Yes", "LASTUPDATE_iso": "2022-10-08", "INSTALLDATE_iso": "1989-01-01", "TV_LAST_INSPECTION_DATE_iso": "2022-09-17"}, "geometry": {"type": "LineString", "coordinates": [[-123.1207114641191, 49.25616024449371], [-123.12205509992751, 49.25619314064573]]}}, {"type": "Feature", "properties": {"SHAPE_Length": 71.59937576454786, "OBJECTID": 136440108, "COV_SOURCE_KEY": "483916", "LASTUPDATE": 1654155026000, "TBFID": 483916, "UNIT_DESCRIPTION": "LOOKOUT", "INSTALLDATE": 599644800000, "LANE_LOCATION": null, "PIPE_USE": "Main", "SERVICE_STATUS": "In Service", "EFFLUENT_TYPE": "Sanitary", "TB_LENGTH": 71.6, "GRADE": 0.94, "MATERIAL": "Vitrified Clay", "VALIDATION_DATE": null, "BUN": null, "UPSTREAM_INVERT": 48.64, "UPSTRM_INVERT_ESTIMATED": "No", "DWNSTREAM_INVERT": 47.97, "DNSTRM_INVERT_ESTIMATED": "No", "RAMP_TYPE": null, "PIPE_SHAPE": "Round", "HEIGHT_MM": 0, "WIDTH_MM": 0, "SECTION_NAME": null, "FLOW_CATEGORY": "Gravity", "NORMAL_PRESSURE": 0, "LINING_MATERIAL": "blank", "ON_PILES": "No", "ON_SLAB": "No", "NFB_NOTATION": null, "DRAWING_NUMBER": null, "PP_NUMBER": "E55", "NFB_ELEVATION": 0, "NFB_TYPE": "blank", "WET_WEATHER_ONLY": "No", "REMARKS": null, "LEGACY_ID": "__FJC3SF", "SOIL_TYPE": "blank", "SOIL_CONDITION": "blank", "TYPE_OF_FILL": null, "OWNEDBY": "COVAV", "OPERATOR": null, "UNIT_ID": "403812", "MAIN_KEY_1": 11232, "MAIN_COMP1": "30", "UNIT_ID_2": "403813", "MAIN_KEY_2": 11233, "MAIN_COMP2": 30, "COMPKEY": 362141, "MAIN_KEY": 5344, "COMPTYPE": 31, "UPDATED_BY": "ENHANMGETASK", "ADDRESS_KEY": 149941, "TB_AREA": "CBC07", "DISTRICT": "3", "FACET_GRID": " ", "CONSTRUCTION_TECHNIQUE": "unknown", "CONNECTN_TYPE": null, "CONNECTN_CONDITION": "{null}", "DATE_OF_PERMIT": null, "SPECIAL_INSTRUCTIONS": null, "TV_CONDITION": "Very Good", "TV_LAST_INSPECTION_DATE": 1652511600000, "TV_INCOMPLETE": "No", "TV_NEXT_INSPECTED_DATE": null, "LAST_INSPECTED_OK": null, "DATE_LAST_CLEANING_REQ": null, "DT_LAST_CLEANED": null, "INSPECTED_USER_ID": null, "CLEAN_USER_ID": null, "FURTHER_WORK_REQUIRED": "No", "FURTHERWORK_COMPLETED": "No", "WORK_ID": null, "PARALLEL_LINE_NO": null, "DISTANCE": 71.6, "MAP_TOOLTIP": "71.6 - 200 SAN n/a 0.94 % 1989 1", "HC_FID": null, "SUBAREA": " ", "DEPTH_AT_PL": null, "DEPTH_AT_PL_BELOW_CL": null, "OFFSET_DIRECTION": null, "OFFSET_FROM_PL": null, "DIAMETER_INSIDE": 200, "NAMENUMBER": null, "TO_MAIN_FID": null, "PERMIT_NUMBER": null, "STREET_NAME": "W 18TH AV", "HUNDRED_BLOCK": "700", "HCORACLEID": null, "AS_BUILT": "Yes", "LASTUPDATE_iso": "2022-06-02", "INSTALLDATE_iso": "1989-01-01", "TV_LAST_INSPECTION_DATE_iso": "2022-05-14"}, "geometry": {"type": "LineString", "coordinates": [[-123.12110378862356, 49.25522860384222], [-123.1220655996307, 49.25525145600929], [-123.12208594941208, 49.25525598608933]]}}, {"type": "Feature", "properties": {"SHAPE_Length": 84.10692577932103, "OBJECTID": 136440195, "COV_SOURCE_KEY": "488473", "LASTUPDATE": 1655796624000, "TBFID": 488473, "UNIT_DESCRIPTION": null, "INSTALLDATE": 725875200000, "LANE_LOCATION": "Lane East", "PIPE_USE": "Main", "SERVICE_STATUS": "In Service", "EFFLUENT_TYPE": "Sanitary", "TB_LENGTH": 84.11, "GRADE": 0.73, "MATERIAL": "Polyvinyl Chloride", "VALIDATION_DATE": null, "BUN": null, "UPSTREAM_INVERT": 74.09, "UPSTRM_INVERT_ESTIMATED": "No", "DWNSTREAM_INVERT": 73.48, "DNSTRM_INVERT_ESTIMATED": "No", "RAMP_TYPE": null, "PIPE_SHAPE": "Round", "HEIGHT_MM": 0, "WIDTH_MM": 0, "SECTION_NAME": null, "FLOW_CATEGORY": "Gravity", "NORMAL_PRESSURE": 0, "LINING_MATERIAL": "blank", "ON_PILES": "No", "ON_SLAB": "No", "NFB_NOTATION": null, "DRAWING_NUMBER": null, "PP_NUMBER": "T71", "NFB_ELEVATION": 0, "NFB_TYPE": "blank", "WET_WEATHER_ONLY": "No", "REMARKS": null, "LEGACY_ID": "__FJCF3I", "SOIL_TYPE": "SOFT CLAY", "SOIL_CONDITION": "blank", "TYPE_OF_FILL": null, "OWNEDBY": "COVAV", "OPERATOR": null, "UNIT_ID": "396964", "MAIN_KEY_1": 3110, "MAIN_COMP1": "30", "UNIT_ID_2": "396965", "MAIN_KEY_2": 3111, "MAIN_COMP2": 30, "COMPKEY": 372231, "MAIN_KEY": 11787, "COMPTYPE": 31, "UPDATED_BY": "ENHANMGETASK", "ADDRESS_KEY": 150685, "TB_AREA": "CBC08", "DISTRICT": "1", "FACET_GRID": "P18", "CONSTRUCTION_TECHNIQUE": "unknown", "CONNECTN_TYPE": null, "CONNECTN_CONDITION": "{null}", "DATE_OF_PERMIT": null, "SPECIAL_INSTRUCTIONS": null, "TV_CONDITION": "Good", "TV_LAST_INSPECTION_DATE": 1652770800000, "TV_INCOMPLETE": "No", "TV_NEXT_INSPECTED_DATE": null, "LAST_INSPECTED_OK": null, "DATE_LAST_CLEANING_REQ": null, "DT_LAST_CLEANED": null, "INSPECTED_USER_ID": null, "CLEAN_USER_ID": null, "FURTHER_WORK_REQUIRED": "No", "FURTHERWORK_COMPLETED": "No", "WORK_ID": null, "PARALLEL_LINE_NO": null, "DISTANCE": 84.2, "MAP_TOOLTIP": "84.11 - 200 SAN n/a 0.73 % 1993 2", "HC_FID": null, "SUBAREA": "P18", "DEPTH_AT_PL": null, "DEPTH_AT_PL_BELOW_CL": null, "OFFSET_DIRECTION": null, "OFFSET_FROM_PL": null, "DIAMETER_INSIDE": 200, "NAMENUMBER": null, "TO_MAIN_FID": null, "PERMIT_NUMBER": null, "STREET_NAME": "ONTARIO ST", "HUNDRED_BLOCK": "4900", "HCORACLEID": null, "AS_BUILT": "Yes", "LASTUPDATE_iso": "2022-06-21", "INSTALLDATE_iso": "1993-01-01", "TV_LAST_INSPECTION_DATE_iso": "2022-05-17"}, "geometry": {"type": "LineString", "coordinates": [[-123.10470583500738, 49.24129107391938], [-123.10473847186583, 49.24053481435412]]}}, {"type": "Feature", "properties": {"SHAPE_Length": 48.56952852371384, "OBJECTID": 136440433, "COV_SOURCE_KEY": "487620", "LASTUPDATE": 1655796622000, "TBFID": 487620, "UNIT_DESCRIPTION": "FUT. CAP & LEAD", "INSTALLDATE": 1183014000000, "LANE_LOCATION": null, "PIPE_USE": "Main", "SERVICE_STATUS": "In Service", "EFFLUENT_TYPE": "Sanitary", "TB_LENGTH": 48.57, "GRADE": 1.15, "MATERIAL": "Concrete", "VALIDATION_DATE": null, "BUN": null, "UPSTREAM_INVERT": 69.35, "UPSTRM_INVERT_ESTIMATED": "No", "DWNSTREAM_INVERT": 68.79, "DNSTRM_INVERT_ESTIMATED": "No", "RAMP_TYPE": null, "PIPE_SHAPE": "Round", "HEIGHT_MM": 0, "WIDTH_MM": 0, "SECTION_NAME": null, "FLOW_CATEGORY": "Gravity", "NORMAL_PRESSURE": 0, "LINING_MATERIAL": "blank", "ON_PILES": "No", "ON_SLAB": "No", "NFB_NOTATION": null, "DRAWING_NUMBER": null, "PP_NUMBER": null, "NFB_ELEVATION": 0, "NFB_TYPE": "blank", "WET_WEATHER_ONLY": "No", "REMARKS": null, "LEGACY_ID": "__FNG7FI", "SOIL_TYPE": "blank", "SOIL_CONDITION": "blank", "TYPE_OF_FILL": null, "OWNEDBY": "COVAV", "OPERATOR": " ", "UNIT_ID": "402246", "MAIN_KEY_1": 8560, "MAIN_COMP1": "30", "UNIT_ID_2": "416683", "MAIN_KEY_2": 21989, "MAIN_COMP2": 30, "COMPKEY": 370793, "MAIN_KEY": 10349, "COMPTYPE": 31, "UPDATED_BY": "ENHANMGETASK", "ADDRESS_KEY": 154456, "TB_AREA": "CBC08", "DISTRICT": "1", "FACET_GRID": "P17", "CONSTRUCTION_TECHNIQUE": "unknown", "CONNECTN_TYPE": null, "CONNECTN_CONDITION": null, "DATE_OF_PERMIT": null, "SPECIAL_INSTRUCTIONS": null, "TV_CONDITION": "Very Good", "TV_LAST_INSPECTION_DATE": 1652857200000, "TV_INCOMPLETE": "No", "TV_NEXT_INSPECTED_DATE": null, "LAST_INSPECTED_OK": null, "DATE_LAST_CLEANING_REQ": null, "DT_LAST_CLEANED": null, "INSPECTED_USER_ID": null, "CLEAN_USER_ID": null, "FURTHER_WORK_REQUIRED": "No", "FURTHERWORK_COMPLETED": "No", "WORK_ID": null, "PARALLEL_LINE_NO": null, "DISTANCE": 48.68, "MAP_TOOLTIP": "48.57 - 450 SAN n/a 1.15 % 2007 1", "HC_FID": null, "SUBAREA": "P17", "DEPTH_AT_PL": null, "DEPTH_AT_PL_BELOW_CL": null, "OFFSET_DIRECTION": null, "OFFSET_FROM_PL": null, "DIAMETER_INSIDE": 450, "NAMENUMBER": null, "TO_MAIN_FID": null, "PERMIT_NUMBER": null, "STREET_NAME": "E 30TH AV", "HUNDRED_BLOCK": "000", "HCORACLEID": null, "AS_BUILT": "Yes", "LASTUPDATE_iso": "2022-06-21", "INSTALLDATE_iso": "2007-06-28", "TV_LAST_INSPECTION_DATE_iso": "2022-05-18"}, "geometry": {"type": "LineString", "coordinates": [[-123.10547055369935, 49.243373208063055], [-123.10611721865233, 49.24348100851484]]}}, {"type": "Feature", "properties": {"SHAPE_Length": 77.72759011444764, "OBJECTID": 136440677, "COV_SOURCE_KEY": "483521", "LASTUPDATE": 1638992357000, "TBFID": 483521, "UNIT_DESCRIPTION": null, "INSTALLDATE": 694252800000, "LANE_LOCATION": "Lane North", "PIPE_USE": "Main", "SERVICE_STATUS": "In Service", "EFFLUENT_TYPE": "Sanitary", "TB_LENGTH": 77.73, "GRADE": 4.77, "MATERIAL": "Concrete", "VALIDATION_DATE": null, "BUN": null, "UPSTREAM_INVERT": 62.37, "UPSTRM_INVERT_ESTIMATED": "No", "DWNSTREAM_INVERT": 58.66, "DNSTRM_INVERT_ESTIMATED": "No", "RAMP_TYPE": null, "PIPE_SHAPE": "Round", "HEIGHT_MM": 0, "WIDTH_MM": 0, "SECTION_NAME": null, "FLOW_CATEGORY": "Gravity", "NORMAL_PRESSURE": 0, "LINING_MATERIAL": "blank", "ON_PILES": "No", "ON_SLAB": "No", "NFB_NOTATION": null, "DRAWING_NUMBER": null, "PP_NUMBER": "T125", "NFB_ELEVATION": 0, "NFB_TYPE": "blank", "WET_WEATHER_ONLY": "No", "REMARKS": null, "LEGACY_ID": "__FJC2FZ", "SOIL_TYPE": "S/CLAY", "SOIL_CONDITION": "blank", "TYPE_OF_FILL": null, "OWNEDBY": "COVAV", "OPERATOR": null, "UNIT_ID": "411520", "MAIN_KEY_1": 17692, "MAIN_COMP1": "30", "UNIT_ID_2": "396554", "MAIN_KEY_2": 2701, "MAIN_COMP2": 30, "COMPKEY": 361714, "MAIN_KEY": 4918, "COMPTYPE": 31, "UPDATED_BY": "ENHANMGETASK", "ADDRESS_KEY": 147977, "TB_AREA": "CBC06", "DISTRICT": "3", "FACET_GRID": "N15", "CONSTRUCTION_TECHNIQUE": "unknown", "CONNECTN_TYPE": null, "CONNECTN_CONDITION": "{null}", "DATE_OF_PERMIT": null, "SPECIAL_INSTRUCTIONS": null, "TV_CONDITION": "Good", "TV_LAST_INSPECTION_DATE": 1633762800000, "TV_INCOMPLETE": "No", "TV_NEXT_INSPECTED_DATE": null, "LAST_INSPECTED_OK": null, "DATE_LAST_CLEANING_REQ": null, "DT_LAST_CLEANED": null, "INSPECTED_USER_ID": null, "CLEAN_USER_ID": null, "FURTHER_WORK_REQUIRED": "No", "FURTHERWORK_COMPLETED": "No", "WORK_ID": null, "PARALLEL_LINE_NO": null, "DISTANCE": 77.9, "MAP_TOOLTIP": "77.73 - 375 SAN n/a 4.77 % 1992 2", "HC_FID": null, "SUBAREA": "N15", "DEPTH_AT_PL": null, "DEPTH_AT_PL_BELOW_CL": null, "OFFSET_DIRECTION": null, "OFFSET_FROM_PL": null, "DIAMETER_INSIDE": 375, "NAMENUMBER": null, "TO_MAIN_FID": null, "PERMIT_NUMBER": null, "STREET_NAME": "W 23RD AV", "HUNDRED_BLOCK": "900", "HCORACLEID": null, "AS_BUILT": "Yes", "LASTUPDATE_iso": "2021-12-08", "INSTALLDATE_iso": "1992-01-01", "TV_LAST_INSPECTION_DATE_iso": "2021-10-09"}, "geometry": {"type": "LineString", "coordinates": [[-123.12582346871203, 49.251237641898946], [-123.12475574716694, 49.251219837831]]}}, {"type": "Feature", "properties": {"SHAPE_Length": 126.97876679552853, "OBJECTID": 136440703, "COV_SOURCE_KEY": "488216", "LASTUPDATE": 1534577415000, "TBFID": 488216, "UNIT_DESCRIPTION": null, "INSTALLDATE": 757411200000, "LANE_LOCATION": "Lane South", "PIPE_USE": "Main", "SERVICE_STATUS": "In Service", "EFFLUENT_TYPE": "Sanitary", "TB_LENGTH": 126.98, "GRADE": 0.72, "MATERIAL": "Vitrified Clay", "VALIDATION_DATE": null, "BUN": null, "UPSTREAM_INVERT": 58.58, "UPSTRM_INVERT_ESTIMATED": "No", "DWNSTREAM_INVERT": 57.67, "DNSTRM_INVERT_ESTIMATED": "No", "RAMP_TYPE": null, "PIPE_SHAPE": "Round", "HEIGHT_MM": 0, "WIDTH_MM": 0, "SECTION_NAME": null, "FLOW_CATEGORY": "Gravity", "NORMAL_PRESSURE": 0, "LINING_MATERIAL": "blank", "ON_PILES": "No", "ON_SLAB": "No", "NFB_NOTATION": null, "DRAWING_NUMBER": null, "PP_NUMBER": "N18", "NFB_ELEVATION": 0, "NFB_TYPE": "blank", "WET_WEATHER_ONLY": "No", "REMARKS": null, "LEGACY_ID": "__FJCIN1", "SOIL_TYPE": "S/CLAY", "SOIL_CONDITION": "blank", "TYPE_OF_FILL": null, "OWNEDBY": "COVAV", "OPERATOR": null, "UNIT_ID": "408400", "MAIN_KEY_1": 14643, "MAIN_COMP1": "30", "UNIT_ID_2": "416679", "MAIN_KEY_2": 21985, "MAIN_COMP2": 30, "COMPKEY": 370984, "MAIN_KEY": 10540, "COMPTYPE": 31, "UPDATED_BY": "ENHANMGETASK", "ADDRESS_KEY": 156045, "TB_AREA": "CBC07", "DISTRICT": "3", "FACET_GRID": "O15", "CONSTRUCTION_TECHNIQUE": "unknown", "CONNECTN_TYPE": null, "CONNECTN_CONDITION": "{null}", "DATE_OF_PERMIT": null, "SPECIAL_INSTRUCTIONS": null, "TV_CONDITION": "Good", "TV_LAST_INSPECTION_DATE": 1392969600000, "TV_INCOMPLETE": "No", "TV_NEXT_INSPECTED_DATE": null, "LAST_INSPECTED_OK": null, "DATE_LAST_CLEANING_REQ": null, "DT_LAST_CLEANED": null, "INSPECTED_USER_ID": null, "CLEAN_USER_ID": null, "FURTHER_WORK_REQUIRED": "No", "FURTHERWORK_COMPLETED": "No", "WORK_ID": null, "PARALLEL_LINE_NO": null, "DISTANCE": 127, "MAP_TOOLTIP": "126.98 - 250 SAN n/a 0.72 % 1994 2", "HC_FID": null, "SUBAREA": "O15", "DEPTH_AT_PL": null, "DEPTH_AT_PL_BELOW_CL": null, "OFFSET_DIRECTION": null, "OFFSET_FROM_PL": null, "DIAMETER_INSIDE": 250, "NAMENUMBER": null, "TO_MAIN_FID": null, "PERMIT_NUMBER": null, "STREET_NAME": "W 19TH AV", "HUNDRED_BLOCK": "400", "HCORACLEID": null, "AS_BUILT": "Yes", "LASTUPDATE_iso": "2018-08-18", "INSTALLDATE_iso": "1994-01-01", "TV_LAST_INSPECTION_DATE_iso": "2014-02-21"}, "geometry": {"type": "LineString", "coordinates": [[-123.11278317995279, 49.25342877935079], [-123.11452741740254, 49.25346060669911]]}}, {"type": "Feature", "properties": {"SHAPE_Length": 38.06265325647922, "OBJECTID": 136440724, "COV_SOURCE_KEY": "487978", "LASTUPDATE": 1735945831000, "TBFID": 487978, "UNIT_DESCRIPTION": null, "INSTALLDATE": 1181199600000, "LANE_LOCATION": "blank", "PIPE_USE": "Main", "SERVICE_STATUS": "In Service", "EFFLUENT_TYPE": "Sanitary", "TB_LENGTH": 38.07, "GRADE": 0.97, "MATERIAL": "Polyvinyl Chloride", "VALIDATION_DATE": null, "BUN": null, "UPSTREAM_INVERT": 54.43, "UPSTRM_INVERT_ESTIMATED": "No", "DWNSTREAM_INVERT": 54.06, "DNSTRM_INVERT_ESTIMATED": "No", "RAMP_TYPE": null, "PIPE_SHAPE": "Round", "HEIGHT_MM": 0, "WIDTH_MM": 0, "SECTION_NAME": null, "FLOW_CATEGORY": "Gravity", "NORMAL_PRESSURE": 0, "LINING_MATERIAL": "blank", "ON_PILES": "No", "ON_SLAB": "No", "NFB_NOTATION": null, "DRAWING_NUMBER": "DB2441", "PP_NUMBER": null, "NFB_ELEVATION": 0, "NFB_TYPE": "blank", "WET_WEATHER_ONLY": "No", "REMARKS": null, "LEGACY_ID": "__FNJGOG", "SOIL_TYPE": "blank", "SOIL_CONDITION": "blank", "TYPE_OF_FILL": null, "OWNEDBY": "COVAV", "OPERATOR": null, "UNIT_ID": "415788", "MAIN_KEY_1": 22894, "MAIN_COMP1": "30", "UNIT_ID_2": "404601", "MAIN_KEY_2": 10268, "MAIN_COMP2": 30, "COMPKEY": 371473, "MAIN_KEY": 11029, "COMPTYPE": 31, "UPDATED_BY": "XUG16", "ADDRESS_KEY": 155793, "TB_AREA": "CBC07", "DISTRICT": "3", "FACET_GRID": "O14", "CONSTRUCTION_TECHNIQUE": "unknown", "CONNECTN_TYPE": null, "CONNECTN_CONDITION": "{null}", "DATE_OF_PERMIT": null, "SPECIAL_INSTRUCTIONS": null, "TV_CONDITION": "Very Good", "TV_LAST_INSPECTION_DATE": 1676707200000, "TV_INCOMPLETE": "No", "TV_NEXT_INSPECTED_DATE": null, "LAST_INSPECTED_OK": null, "DATE_LAST_CLEANING_REQ": null, "DT_LAST_CLEANED": null, "INSPECTED_USER_ID": null, "CLEAN_USER_ID": null, "FURTHER_WORK_REQUIRED": "No", "FURTHERWORK_COMPLETED": "No", "WORK_ID": null, "PARALLEL_LINE_NO": null, "DISTANCE": 38.07, "MAP_TOOLTIP": "38.07 - 200 SAN n/a 0.97 % 2007 1", "HC_FID": null, "SUBAREA": "O14", "DEPTH_AT_PL": null, "DEPTH_AT_PL_BELOW_CL": null, "OFFSET_DIRECTION": null, "OFFSET_FROM_PL": null, "DIAMETER_INSIDE": 200, "NAMENUMBER": null, "TO_MAIN_FID": null, "PERMIT_NUMBER": null, "STREET_NAME": "ASH ST", "HUNDRED_BLOCK": "3400", "HCORACLEID": null, "AS_BUILT": "Yes", "LASTUPDATE_iso": "2025-01-03", "INSTALLDATE_iso": "2007-06-07", "TV_LAST_INSPECTION_DATE_iso": "2023-02-18"}, "geometry": {"type": "LineString", "coordinates": [[-123.11825106794335, 49.25474023984155], [-123.11824882128214, 49.255082618225195]]}}, {"type": "Feature", "properties": {"SHAPE_Length": 77.99868194398556, "OBJECTID": 136440888, "COV_SOURCE_KEY": "490390", "LASTUPDATE": 1651735831000, "TBFID": 490390, "UNIT_DESCRIPTION": null, "INSTALLDATE": 599644800000, "LANE_LOCATION": "Lane South", "PIPE_USE": "Main", "SERVICE_STATUS": "In Service", "EFFLUENT_TYPE": "Sanitary", "TB_LENGTH": 78, "GRADE": 1.45, "MATERIAL": "Polyvinyl Chloride", "VALIDATION_DATE": null, "BUN": null, "UPSTREAM_INVERT": 57.73, "UPSTRM_INVERT_ESTIMATED": "No", "DWNSTREAM_INVERT": 56.6, "DNSTRM_INVERT_ESTIMATED": "No", "RAMP_TYPE": null, "PIPE_SHAPE": "Round", "HEIGHT_MM": 0, "WIDTH_MM": 0, "SECTION_NAME": null, "FLOW_CATEGORY": "Gravity", "NORMAL_PRESSURE": 0, "LINING_MATERIAL": "blank", "ON_PILES": "No", "ON_SLAB": "No", "NFB_NOTATION": null, "DRAWING_NUMBER": null, "PP_NUMBER": "E31", "NFB_ELEVATION": 0, "NFB_TYPE": "blank", "WET_WEATHER_ONLY": "No", "REMARKS": null, "LEGACY_ID": "__FJC3U4", "SOIL_TYPE": "SCLAY/SAND", "SOIL_CONDITION": "blank", "TYPE_OF_FILL": null, "OWNEDBY": "COVAV", "OPERATOR": null, "UNIT_ID": "426086", "MAIN_KEY_1": 31898, "MAIN_COMP1": "30", "UNIT_ID_2": "426090", "MAIN_KEY_2": 31902, "MAIN_COMP2": 30, "COMPKEY": 374631, "MAIN_KEY": 14187, "COMPTYPE": 31, "UPDATED_BY": "ENHANMGETASK", "ADDRESS_KEY": 151922, "TB_AREA": "CBC07", "DISTRICT": "3", "FACET_GRID": "P14", "CONSTRUCTION_TECHNIQUE": "unknown", "CONNECTN_TYPE": null, "CONNECTN_CONDITION": "{null}", "DATE_OF_PERMIT": null, "SPECIAL_INSTRUCTIONS": null, "TV_CONDITION": "Very Good", "TV_LAST_INSPECTION_DATE": 1649487600000, "TV_INCOMPLETE": "No", "TV_NEXT_INSPECTED_DATE": null, "LAST_INSPECTED_OK": null, "DATE_LAST_CLEANING_REQ": null, "DT_LAST_CLEANED": null, "INSPECTED_USER_ID": null, "CLEAN_USER_ID": null, "FURTHER_WORK_REQUIRED": "No", "FURTHERWORK_COMPLETED": "No", "WORK_ID": null, "PARALLEL_LINE_NO": null, "DISTANCE": 78.2, "MAP_TOOLTIP": "78 - 200 SAN n/a 1.45 % 1989 1", "HC_FID": null, "SUBAREA": "P14", "DEPTH_AT_PL": null, "DEPTH_AT_PL_BELOW_CL": null, "OFFSET_DIRECTION": null, "OFFSET_FROM_PL": null, "DIAMETER_INSIDE": 200, "NAMENUMBER": null, "TO_MAIN_FID": null, "PERMIT_NUMBER": null, "STREET_NAME": "W 18TH AV", "HUNDRED_BLOCK": "200", "HCORACLEID": null, "AS_BUILT": "Yes", "LASTUPDATE_iso": "2022-05-05", "INSTALLDATE_iso": "1989-01-01", "TV_LAST_INSPECTION_DATE_iso": "2022-04-09"}, "geometry": {"type": "LineString", "coordinates": [[-123.11144748813231, 49.25435531501194], [-123.1125191643378, 49.2543683448252]]}}, {"type": "Feature", "properties": {"SHAPE_Length": 11.49250664540532, "OBJECTID": 136440909, "COV_SOURCE_KEY": "491539", "LASTUPDATE": 1677227430000, "TBFID": 491539, "UNIT_DESCRIPTION": null, "INSTALLDATE": 978336000000, "LANE_LOCATION": null, "PIPE_USE": "Main", "SERVICE_STATUS": "In Service", "EFFLUENT_TYPE": "Sanitary", "TB_LENGTH": 11.49, "GRADE": 0.61, "MATERIAL": "Polyvinyl Chloride", "VALIDATION_DATE": null, "BUN": null, "UPSTREAM_INVERT": 57.27, "UPSTRM_INVERT_ESTIMATED": "No", "DWNSTREAM_INVERT": 57.2, "DNSTRM_INVERT_ESTIMATED": "No", "RAMP_TYPE": null, "PIPE_SHAPE": "blank", "HEIGHT_MM": 0, "WIDTH_MM": 0, "SECTION_NAME": null, "FLOW_CATEGORY": "Gravity", "NORMAL_PRESSURE": 0, "LINING_MATERIAL": "blank", "ON_PILES": "No", "ON_SLAB": "No", "NFB_NOTATION": null, "DRAWING_NUMBER": null, "PP_NUMBER": null, "NFB_ELEVATION": 0, "NFB_TYPE": "blank", "WET_WEATHER_ONLY": "No", "REMARKS": null, "LEGACY_ID": "__FJCJCH", "SOIL_TYPE": "blank", "SOIL_CONDITION": "blank", "TYPE_OF_FILL": null, "OWNEDBY": "COVAV", "OPERATOR": " ", "UNIT_ID": "131797", "MAIN_KEY_1": 354974, "MAIN_COMP1": "32", "UNIT_ID_2": "398925", "MAIN_KEY_2": 5073, "MAIN_COMP2": 30, "COMPKEY": 376186, "MAIN_KEY": 15742, "COMPTYPE": 31, "UPDATED_BY": "ENHANMGETASK", "ADDRESS_KEY": 152235, "TB_AREA": "CBC07", "DISTRICT": "3", "FACET_GRID": "O15", "CONSTRUCTION_TECHNIQUE": "unknown", "CONNECTN_TYPE": null, "CONNECTN_CONDITION": null, "DATE_OF_PERMIT": null, "SPECIAL_INSTRUCTIONS": null, "TV_CONDITION": "Very Good", "TV_LAST_INSPECTION_DATE": 1665039600000, "TV_INCOMPLETE": "No", "TV_NEXT_INSPECTED_DATE": null, "LAST_INSPECTED_OK": null, "DATE_LAST_CLEANING_REQ": null, "DT_LAST_CLEANED": null, "INSPECTED_USER_ID": null, "CLEAN_USER_ID": null, "FURTHER_WORK_REQUIRED": "No", "FURTHERWORK_COMPLETED": "No", "WORK_ID": null, "PARALLEL_LINE_NO": null, "DISTANCE": 11.5, "MAP_TOOLTIP": "11.49 - 200 SAN n/a 0.61 % 2001 1", "HC_FID": null, "SUBAREA": "O15", "DEPTH_AT_PL": null, "DEPTH_AT_PL_BELOW_CL": null, "OFFSET_DIRECTION": null, "OFFSET_FROM_PL": null, "DIAMETER_INSIDE": 200, "NAMENUMBER": null, "TO_MAIN_FID": null, "PERMIT_NUMBER": null, "STREET_NAME": "TUPPER ST", "HUNDRED_BLOCK": "3600", "HCORACLEID": null, "AS_BUILT": "Yes", "LASTUPDATE_iso": "2023-02-24", "INSTALLDATE_iso": "2001-01-01", "TV_LAST_INSPECTION_DATE_iso": "2022-10-06"}, "geometry": {"type": "LineString", "coordinates": [[-123.11607656151517, 49.25256512439215], [-123.1160927690229, 49.25246229269518]]}}, {"type": "Feature", "properties": {"SHAPE_Length": 15.593765421304177, "OBJECTID": 136440926, "COV_SOURCE_KEY": "491235", "LASTUPDATE": 1656574224000, "TBFID": 491235, "UNIT_DESCRIPTION": null, "INSTALLDATE": 788947200000, "LANE_LOCATION": "Lane North", "PIPE_USE": "Main", "SERVICE_STATUS": "In Service", "EFFLUENT_TYPE": "Sanitary", "TB_LENGTH": 15.59, "GRADE": 2.05, "MATERIAL": "Polyvinyl Chloride", "VALIDATION_DATE": null, "BUN": null, "UPSTREAM_INVERT": 53.64, "UPSTRM_INVERT_ESTIMATED": "No", "DWNSTREAM_INVERT": 53.32, "DNSTRM_INVERT_ESTIMATED": "No", "RAMP_TYPE": null, "PIPE_SHAPE": "Round", "HEIGHT_MM": 0, "WIDTH_MM": 0, "SECTION_NAME": null, "FLOW_CATEGORY": "Gravity", "NORMAL_PRESSURE": 0, "LINING_MATERIAL": "blank", "ON_PILES": "No", "ON_SLAB": "No", "NFB_NOTATION": null, "DRAWING_NUMBER": null, "PP_NUMBER": "S39", "NFB_ELEVATION": 0, "NFB_TYPE": "blank", "WET_WEATHER_ONLY": "No", "REMARKS": null, "LEGACY_ID": "__FJCFA9", "SOIL_TYPE": "SOFT CLAY", "SOIL_CONDITION": "blank", "TYPE_OF_FILL": null, "OWNEDBY": "COVAV", "OPERATOR": null, "UNIT_ID": "423731", "MAIN_KEY_1": 29831, "MAIN_COMP1": "30", "UNIT_ID_2": "408487", "MAIN_KEY_2": 14658, "MAIN_COMP2": 30, "COMPKEY": 376367, "MAIN_KEY": 15923, "COMPTYPE": 31, "UPDATED_BY": "ENHANMGETASK", "ADDRESS_KEY": 152827, "TB_AREA": "CBC07", "DISTRICT": "3", "FACET_GRID": "P14", "CONSTRUCTION_TECHNIQUE": "unknown", "CONNECTN_TYPE": null, "CONNECTN_CONDITION": "{null}", "DATE_OF_PERMIT": null, "SPECIAL_INSTRUCTIONS": null, "TV_CONDITION": "Good", "TV_LAST_INSPECTION_DATE": 1650351600000, "TV_INCOMPLETE": "No", "TV_NEXT_INSPECTED_DATE": null, "LAST_INSPECTED_OK": null, "DATE_LAST_CLEANING_REQ": null, "DT_LAST_CLEANED": null, "INSPECTED_USER_ID": null, "CLEAN_USER_ID": null, "FURTHER_WORK_REQUIRED": "No", "FURTHERWORK_COMPLETED": "No", "WORK_ID": null, "PARALLEL_LINE_NO": null, "DISTANCE": 15.5, "MAP_TOOLTIP": "15.59 - 200 SAN n/a 2.05 % 1995 2", "HC_FID": null, "SUBAREA": "P14", "DEPTH_AT_PL": null, "DEPTH_AT_PL_BELOW_CL": null, "OFFSET_DIRECTION": null, "OFFSET_FROM_PL": null, "DIAMETER_INSIDE": 200, "NAMENUMBER": null, "TO_MAIN_FID": null, "PERMIT_NUMBER": null, "STREET_NAME": "W 17TH AV", "HUNDRED_BLOCK": "200", "HCORACLEID": null, "AS_BUILT": "Yes", "LASTUPDATE_iso": "2022-06-30", "INSTALLDATE_iso": "1995-01-01", "TV_LAST_INSPECTION_DATE_iso": "2022-04-19"}, "geometry": {"type": "LineString", "coordinates": [[-123.1098043147134, 49.25624724271939], [-123.11001854205854, 49.25625085289773]]}}, {"type": "Feature", "properties": {"SHAPE_Length": 97.62887053581927, "OBJECTID": 136441155, "COV_SOURCE_KEY": "490384", "LASTUPDATE": 1651735831000, "TBFID": 490384, "UNIT_DESCRIPTION": null, "INSTALLDATE": 599644800000, "LANE_LOCATION": "Lane South", "PIPE_USE": "Main", "SERVICE_STATUS": "In Service", "EFFLUENT_TYPE": "Sanitary", "TB_LENGTH": 97.63, "GRADE": 1.87, "MATERIAL": "Polyvinyl Chloride", "VALIDATION_DATE": null, "BUN": null, "UPSTREAM_INVERT": 59.56, "UPSTRM_INVERT_ESTIMATED": "No", "DWNSTREAM_INVERT": 57.73, "DNSTRM_INVERT_ESTIMATED": "No", "RAMP_TYPE": null, "PIPE_SHAPE": "Round", "HEIGHT_MM": 0, "WIDTH_MM": 0, "SECTION_NAME": null, "FLOW_CATEGORY": "Gravity", "NORMAL_PRESSURE": 0, "LINING_MATERIAL": "blank", "ON_PILES": "No", "ON_SLAB": "No", "NFB_NOTATION": null, "DRAWING_NUMBER": null, "PP_NUMBER": "E31", "NFB_ELEVATION": 0, "NFB_TYPE": "blank", "WET_WEATHER_ONLY": "No", "REMARKS": null, "LEGACY_ID": "__FJC3U3", "SOIL_TYPE": "SCLAY/SAND", "SOIL_CONDITION": "blank", "TYPE_OF_FILL": null, "OWNEDBY": "COVAV", "OPERATOR": null, "UNIT_ID": "410225", "MAIN_KEY_1": 16976, "MAIN_COMP1": "30", "UNIT_ID_2": "426086", "MAIN_KEY_2": 31898, "MAIN_COMP2": 30, "COMPKEY": 374624, "MAIN_KEY": 14180, "COMPTYPE": 31, "UPDATED_BY": "ENHANMGETASK", "ADDRESS_KEY": 151922, "TB_AREA": "CBC07", "DISTRICT": "3", "FACET_GRID": "P14", "CONSTRUCTION_TECHNIQUE": "unknown", "CONNECTN_TYPE": null, "CONNECTN_CONDITION": "{null}", "DATE_OF_PERMIT": null, "SPECIAL_INSTRUCTIONS": null, "TV_CONDITION": "Very Good", "TV_LAST_INSPECTION_DATE": 1649487600000, "TV_INCOMPLETE": "No", "TV_NEXT_INSPECTED_DATE": null, "LAST_INSPECTED_OK": null, "DATE_LAST_CLEANING_REQ": null, "DT_LAST_CLEANED": null, "INSPECTED_USER_ID": null, "CLEAN_USER_ID": null, "FURTHER_WORK_REQUIRED": "No", "FURTHERWORK_COMPLETED": "No", "WORK_ID": null, "PARALLEL_LINE_NO": null, "DISTANCE": 97.5, "MAP_TOOLTIP": "97.63 - 200 SAN n/a 1.87 % 1989 1", "HC_FID": null, "SUBAREA": "P14", "DEPTH_AT_PL": null, "DEPTH_AT_PL_BELOW_CL": null, "OFFSET_DIRECTION": null, "OFFSET_FROM_PL": null, "DIAMETER_INSIDE": 200, "NAMENUMBER": null, "TO_MAIN_FID": null, "PERMIT_NUMBER": null, "STREET_NAME": "W 18TH AV", "HUNDRED_BLOCK": "200", "HCORACLEID": null, "AS_BUILT": "Yes", "LASTUPDATE_iso": "2022-05-05", "INSTALLDATE_iso": "1989-01-01", "TV_LAST_INSPECTION_DATE_iso": "2022-04-09"}, "geometry": {"type": "LineString", "coordinates": [[-123.11010659781452, 49.25432636771985], [-123.11144748813231, 49.25435531501194]]}}, {"type": "Feature", "properties": {"SHAPE_Length": 73.40904658782644, "OBJECTID": 136441224, "COV_SOURCE_KEY": "489590", "LASTUPDATE": 1652945422000, "TBFID": 489590, "UNIT_DESCRIPTION": "NFB SEE ENG", "INSTALLDATE": 946713600000, "LANE_LOCATION": null, "PIPE_USE": "Main", "SERVICE_STATUS": "In Service", "EFFLUENT_TYPE": "Sanitary", "TB_LENGTH": 73.41, "GRADE": 0.33, "MATERIAL": "Concrete", "VALIDATION_DATE": null, "BUN": null, "UPSTREAM_INVERT": 44.52, "UPSTRM_INVERT_ESTIMATED": "No", "DWNSTREAM_INVERT": 44.28, "DNSTRM_INVERT_ESTIMATED": "No", "RAMP_TYPE": null, "PIPE_SHAPE": "blank", "HEIGHT_MM": 0, "WIDTH_MM": 0, "SECTION_NAME": null, "FLOW_CATEGORY": "Gravity", "NORMAL_PRESSURE": 0, "LINING_MATERIAL": "blank", "ON_PILES": "No", "ON_SLAB": "No", "NFB_NOTATION": null, "DRAWING_NUMBER": null, "PP_NUMBER": null, "NFB_ELEVATION": 0, "NFB_TYPE": "blank", "WET_WEATHER_ONLY": "No", "REMARKS": null, "LEGACY_ID": "__FJCISZ", "SOIL_TYPE": "blank", "SOIL_CONDITION": "blank", "TYPE_OF_FILL": null, "OWNEDBY": "COVAV", "OPERATOR": " ", "UNIT_ID": "409937", "MAIN_KEY_1": 16904, "MAIN_COMP1": "30", "UNIT_ID_2": "396995", "MAIN_KEY_2": 3141, "MAIN_COMP2": 30, "COMPKEY": 373515, "MAIN_KEY": 13071, "COMPTYPE": 31, "UPDATED_BY": "ENHANMGETASK", "ADDRESS_KEY": 151908, "TB_AREA": "CBC07", "DISTRICT": "3", "FACET_GRID": "O14", "CONSTRUCTION_TECHNIQUE": "unknown", "CONNECTN_TYPE": null, "CONNECTN_CONDITION": null, "DATE_OF_PERMIT": null, "SPECIAL_INSTRUCTIONS": null, "TV_CONDITION": "Very Good", "TV_LAST_INSPECTION_DATE": 1651302000000, "TV_INCOMPLETE": "No", "TV_NEXT_INSPECTED_DATE": null, "LAST_INSPECTED_OK": null, "DATE_LAST_CLEANING_REQ": null, "DT_LAST_CLEANED": null, "INSPECTED_USER_ID": null, "CLEAN_USER_ID": null, "FURTHER_WORK_REQUIRED": "No", "FURTHERWORK_COMPLETED": "No", "WORK_ID": null, "PARALLEL_LINE_NO": null, "DISTANCE": 73.4, "MAP_TOOLTIP": "73.41 - 750 SAN n/a 0.33 % 2000 1", "HC_FID": null, "SUBAREA": "O14", "DEPTH_AT_PL": null, "DEPTH_AT_PL_BELOW_CL": null, "OFFSET_DIRECTION": null, "OFFSET_FROM_PL": null, "DIAMETER_INSIDE": 750, "NAMENUMBER": null, "TO_MAIN_FID": null, "PERMIT_NUMBER": null, "STREET_NAME": "WILLOW ST", "HUNDRED_BLOCK": "3100", "HCORACLEID": null, "AS_BUILT": "Yes", "LASTUPDATE_iso": "2022-05-19", "INSTALLDATE_iso": "2000-01-01", "TV_LAST_INSPECTION_DATE_iso": "2022-04-30"}, "geometry": {"type": "LineString", "coordinates": [[-123.12201618956925, 49.257060779519385], [-123.1219980821203, 49.25772100258076]]}}, {"type": "Feature", "properties": {"SHAPE_Length": 68.62960659214241, "OBJECTID": 136441532, "COV_SOURCE_KEY": "483869", "LASTUPDATE": 1290017624000, "TBFID": 483869, "UNIT_DESCRIPTION": null, "INSTALLDATE": 536486400000, "LANE_LOCATION": "blank", "PIPE_USE": "Main", "SERVICE_STATUS": "In Service", "EFFLUENT_TYPE": "Sanitary", "TB_LENGTH": 68.63, "GRADE": 1.81, "MATERIAL": "Vitrified Clay", "VALIDATION_DATE": null, "BUN": null, "UPSTREAM_INVERT": 49.25, "UPSTRM_INVERT_ESTIMATED": "No", "DWNSTREAM_INVERT": 48.01, "DNSTRM_INVERT_ESTIMATED": "No", "RAMP_TYPE": null, "PIPE_SHAPE": "Round", "HEIGHT_MM": 0, "WIDTH_MM": 0, "SECTION_NAME": null, "FLOW_CATEGORY": "Gravity", "NORMAL_PRESSURE": 0, "LINING_MATERIAL": "blank", "ON_PILES": "No", "ON_SLAB": "No", "NFB_NOTATION": "NFB ST", "DRAWING_NUMBER": null, "PP_NUMBER": "S39", "NFB_ELEVATION": 0, "NFB_TYPE": "blank", "WET_WEATHER_ONLY": "No", "REMARKS": null, "LEGACY_ID": "__FJC3SQ", "SOIL_TYPE": "HARD CLAY", "SOIL_CONDITION": "blank", "TYPE_OF_FILL": null, "OWNEDBY": "COVAV", "OPERATOR": null, "UNIT_ID": "404941", "MAIN_KEY_1": 11112, "MAIN_COMP1": "30", "UNIT_ID_2": "404932", "MAIN_KEY_2": 11103, "MAIN_COMP2": 30, "COMPKEY": 362126, "MAIN_KEY": 5329, "COMPTYPE": 31, "UPDATED_BY": "ensxw1adm", "ADDRESS_KEY": 154567, "TB_AREA": "CBC07", "DISTRICT": "3", "FACET_GRID": "O14", "CONSTRUCTION_TECHNIQUE": "unknown", "CONNECTN_TYPE": null, "CONNECTN_CONDITION": "{null}", "DATE_OF_PERMIT": null, "SPECIAL_INSTRUCTIONS": null, "TV_CONDITION": "0", "TV_LAST_INSPECTION_DATE": null, "TV_INCOMPLETE": "No", "TV_NEXT_INSPECTED_DATE": null, "LAST_INSPECTED_OK": null, "DATE_LAST_CLEANING_REQ": null, "DT_LAST_CLEANED": null, "INSPECTED_USER_ID": null, "CLEAN_USER_ID": null, "FURTHER_WORK_REQUIRED": "No", "FURTHERWORK_COMPLETED": "No", "WORK_ID": null, "PARALLEL_LINE_NO": null, "DISTANCE": 68.7, "MAP_TOOLTIP": "68.63 - 300 SAN n/a 1.81 % 1987 0", "HC_FID": null, "SUBAREA": "O14", "DEPTH_AT_PL": null, "DEPTH_AT_PL_BELOW_CL": null, "OFFSET_DIRECTION": null, "OFFSET_FROM_PL": null, "DIAMETER_INSIDE": 300, "NAMENUMBER": null, "TO_MAIN_FID": null, "PERMIT_NUMBER": null, "STREET_NAME": "W 16TH AV", "HUNDRED_BLOCK": "700", "HCORACLEID": null, "AS_BUILT": "Yes", "LASTUPDATE_iso": "2010-11-17", "INSTALLDATE_iso": "1987-01-01"}, "geometry": {"type": "LineString", "coordinates": [[-123.12008577921333, 49.25701559512967], [-123.12102838068333, 49.257036865753484]]}}, {"type": "Feature", "properties": {"SHAPE_Length": 2.9983211964359024, "OBJECTID": 136441729, "COV_SOURCE_KEY": "487307", "LASTUPDATE": 1750231834000, "TBFID": 487307, "UNIT_DESCRIPTION": null, "INSTALLDATE": 757411200000, "LANE_LOCATION": "Lane South", "PIPE_USE": "Main", "SERVICE_STATUS": "In Service", "EFFLUENT_TYPE": "Sanitary", "TB_LENGTH": 2.9983212, "GRADE": 0, "MATERIAL": "Polyvinyl Chloride", "VALIDATION_DATE": null, "BUN": null, "UPSTREAM_INVERT": 0, "UPSTRM_INVERT_ESTIMATED": "No", "DWNSTREAM_INVERT": 0, "DNSTRM_INVERT_ESTIMATED": "No", "RAMP_TYPE": null, "PIPE_SHAPE": "blank", "HEIGHT_MM": 0, "WIDTH_MM": 0, "SECTION_NAME": null, "FLOW_CATEGORY": "Gravity", "NORMAL_PRESSURE": 0, "LINING_MATERIAL": "blank", "ON_PILES": "No", "ON_SLAB": "No", "NFB_NOTATION": null, "DRAWING_NUMBER": null, "PP_NUMBER": "S64", "NFB_ELEVATION": 0, "NFB_TYPE": "blank", "WET_WEATHER_ONLY": "No", "REMARKS": null, "LEGACY_ID": "__FJC5BK", "SOIL_TYPE": "blank", "SOIL_CONDITION": "blank", "TYPE_OF_FILL": null, "OWNEDBY": "COVAV", "OPERATOR": "COVAV", "UNIT_ID": "2154606", "MAIN_KEY_1": 1601021, "MAIN_COMP1": "72", "UNIT_ID_2": "396958", "MAIN_KEY_2": 3104, "MAIN_COMP2": 30, "COMPKEY": 370354, "MAIN_KEY": 9936, "COMPTYPE": 31, "UPDATED_BY": "ENHANMGETASK", "ADDRESS_KEY": 157358, "TB_AREA": "CBC08", "DISTRICT": "1", "FACET_GRID": "P14", "CONSTRUCTION_TECHNIQUE": "unknown", "CONNECTN_TYPE": null, "CONNECTN_CONDITION": "{null}", "DATE_OF_PERMIT": null, "SPECIAL_INSTRUCTIONS": null, "TV_CONDITION": "Very Good", "TV_LAST_INSPECTION_DATE": 1742281200000, "TV_INCOMPLETE": "No", "TV_NEXT_INSPECTED_DATE": null, "LAST_INSPECTED_OK": null, "DATE_LAST_CLEANING_REQ": null, "DT_LAST_CLEANED": null, "INSPECTED_USER_ID": null, "CLEAN_USER_ID": null, "FURTHER_WORK_REQUIRED": "No", "FURTHERWORK_COMPLETED": "No", "WORK_ID": null, "PARALLEL_LINE_NO": null, "DISTANCE": 0, "MAP_TOOLTIP": "3 - 200 SAN n/a 0.00 % 1994 1", "HC_FID": null, "SUBAREA": "P14", "DEPTH_AT_PL": null, "DEPTH_AT_PL_BELOW_CL": null, "OFFSET_DIRECTION": null, "OFFSET_FROM_PL": null, "DIAMETER_INSIDE": 200, "NAMENUMBER": null, "TO_MAIN_FID": null, "PERMIT_NUMBER": null, "STREET_NAME": "W 17TH AV", "HUNDRED_BLOCK": "000", "HCORACLEID": null, "AS_BUILT": "Yes", "LASTUPDATE_iso": "2025-06-18", "INSTALLDATE_iso": "1994-01-01", "TV_LAST_INSPECTION_DATE_iso": "2025-03-18"}, "geometry": {"type": "LineString", "coordinates": [[-123.10682423306024, 49.255214012151484], [-123.10678304576653, 49.25521324965065]]}}, {"type": "Feature", "properties": {"SHAPE_Length": 106.52414791961856, "OBJECTID": 136441890, "COV_SOURCE_KEY": "488165", "LASTUPDATE": 1675289169000, "TBFID": 488165, "UNIT_DESCRIPTION": null, "INSTALLDATE": 1181199600000, "LANE_LOCATION": "blank", "PIPE_USE": "Main", "SERVICE_STATUS": "In Service", "EFFLUENT_TYPE": "Sanitary", "TB_LENGTH": 106.5, "GRADE": 0.2, "MATERIAL": "Polyvinyl Chloride", "VALIDATION_DATE": null, "BUN": null, "UPSTREAM_INVERT": 51.05, "UPSTRM_INVERT_ESTIMATED": "No", "DWNSTREAM_INVERT": 50.84, "DNSTRM_INVERT_ESTIMATED": "No", "RAMP_TYPE": null, "PIPE_SHAPE": "Round", "HEIGHT_MM": 0, "WIDTH_MM": 0, "SECTION_NAME": null, "FLOW_CATEGORY": "Gravity", "NORMAL_PRESSURE": 0, "LINING_MATERIAL": "blank", "ON_PILES": "No", "ON_SLAB": "No", "NFB_NOTATION": null, "DRAWING_NUMBER": null, "PP_NUMBER": null, "NFB_ELEVATION": 0, "NFB_TYPE": "blank", "WET_WEATHER_ONLY": "No", "REMARKS": null, "LEGACY_ID": "__FNF0HL", "SOIL_TYPE": "blank", "SOIL_CONDITION": "blank", "TYPE_OF_FILL": null, "OWNEDBY": "COVAV", "OPERATOR": "COVAV", "UNIT_ID": "419641", "MAIN_KEY_1": 25380, "MAIN_COMP1": "30", "UNIT_ID_2": "410313", "MAIN_KEY_2": 16992, "MAIN_COMP2": 30, "COMPKEY": 370973, "MAIN_KEY": 10529, "COMPTYPE": 31, "UPDATED_BY": "PEN31", "ADDRESS_KEY": 148119, "TB_AREA": "CBC07", "DISTRICT": "3", "FACET_GRID": "O14", "CONSTRUCTION_TECHNIQUE": "unknown", "CONNECTN_TYPE": null, "CONNECTN_CONDITION": "{null}", "DATE_OF_PERMIT": null, "SPECIAL_INSTRUCTIONS": null, "TV_CONDITION": "Very Good", "TV_LAST_INSPECTION_DATE": 1672387200000, "TV_INCOMPLETE": "No", "TV_NEXT_INSPECTED_DATE": null, "LAST_INSPECTED_OK": null, "DATE_LAST_CLEANING_REQ": null, "DT_LAST_CLEANED": null, "INSPECTED_USER_ID": null, "CLEAN_USER_ID": null, "FURTHER_WORK_REQUIRED": "No", "FURTHERWORK_COMPLETED": "No", "WORK_ID": null, "PARALLEL_LINE_NO": null, "DISTANCE": 106.5, "MAP_TOOLTIP": "106.5 - 200 SAN n/a 0.20 % 2007 1", "HC_FID": null, "SUBAREA": "O14", "DEPTH_AT_PL": null, "DEPTH_AT_PL_BELOW_CL": null, "OFFSET_DIRECTION": null, "OFFSET_FROM_PL": null, "DIAMETER_INSIDE": 200, "NAMENUMBER": null, "TO_MAIN_FID": null, "PERMIT_NUMBER": null, "STREET_NAME": "W 16TH AV", "HUNDRED_BLOCK": "500", "HCORACLEID": null, "AS_BUILT": "Yes", "LASTUPDATE_iso": "2023-02-01", "INSTALLDATE_iso": "2007-06-07", "TV_LAST_INSPECTION_DATE_iso": "2022-12-30"}, "geometry": {"type": "LineString", "coordinates": [[-123.11813244806704, 49.256975592164814], [-123.11666909421419, 49.256948573260104]]}}, {"type": "Feature", "properties": {"SHAPE_Length": 77.37073685827173, "OBJECTID": 136442448, "COV_SOURCE_KEY": "483870", "LASTUPDATE": 1719991829000, "TBFID": 483870, "UNIT_DESCRIPTION": null, "INSTALLDATE": 536486400000, "LANE_LOCATION": null, "PIPE_USE": "Main", "SERVICE_STATUS": "In Service", "EFFLUENT_TYPE": "Sanitary", "TB_LENGTH": 77.37, "GRADE": 0.79, "MATERIAL": "Vitrified Clay", "VALIDATION_DATE": null, "BUN": null, "UPSTREAM_INVERT": 49.97, "UPSTRM_INVERT_ESTIMATED": "No", "DWNSTREAM_INVERT": 49.36, "DNSTRM_INVERT_ESTIMATED": "No", "RAMP_TYPE": null, "PIPE_SHAPE": "Round", "HEIGHT_MM": 0, "WIDTH_MM": 0, "SECTION_NAME": null, "FLOW_CATEGORY": "Gravity", "NORMAL_PRESSURE": 0, "LINING_MATERIAL": "blank", "ON_PILES": "No", "ON_SLAB": "No", "NFB_NOTATION": null, "DRAWING_NUMBER": null, "PP_NUMBER": "S39", "NFB_ELEVATION": 0, "NFB_TYPE": "blank", "WET_WEATHER_ONLY": "No", "REMARKS": null, "LEGACY_ID": "__FJC3SP", "SOIL_TYPE": "HARD SAND", "SOIL_CONDITION": "blank", "TYPE_OF_FILL": null, "OWNEDBY": "COVAV", "OPERATOR": " ", "UNIT_ID": "404936", "MAIN_KEY_1": 11107, "MAIN_COMP1": "30", "UNIT_ID_2": "404941", "MAIN_KEY_2": 11112, "MAIN_COMP2": 30, "COMPKEY": 362127, "MAIN_KEY": 5330, "COMPTYPE": 31, "UPDATED_BY": "ENHANMGETASK", "ADDRESS_KEY": 156424, "TB_AREA": "CBC07", "DISTRICT": "3", "FACET_GRID": "O14", "CONSTRUCTION_TECHNIQUE": "unknown", "CONNECTN_TYPE": null, "CONNECTN_CONDITION": null, "DATE_OF_PERMIT": null, "SPECIAL_INSTRUCTIONS": null, "TV_CONDITION": "0", "TV_LAST_INSPECTION_DATE": 1676707200000, "TV_INCOMPLETE": "No", "TV_NEXT_INSPECTED_DATE": null, "LAST_INSPECTED_OK": null, "DATE_LAST_CLEANING_REQ": null, "DT_LAST_CLEANED": null, "INSPECTED_USER_ID": null, "CLEAN_USER_ID": null, "FURTHER_WORK_REQUIRED": "No", "FURTHERWORK_COMPLETED": "No", "WORK_ID": null, "PARALLEL_LINE_NO": null, "DISTANCE": 77.7, "MAP_TOOLTIP": "77.37 - 250 SAN n/a 0.79 % 1987 0", "HC_FID": null, "SUBAREA": "O14", "DEPTH_AT_PL": null, "DEPTH_AT_PL_BELOW_CL": null, "OFFSET_DIRECTION": null, "OFFSET_FROM_PL": null, "DIAMETER_INSIDE": 250, "NAMENUMBER": null, "TO_MAIN_FID": null, "PERMIT_NUMBER": null, "STREET_NAME": "W 16TH AV", "HUNDRED_BLOCK": "600", "HCORACLEID": null, "AS_BUILT": "Yes", "LASTUPDATE_iso": "2024-07-03", "INSTALLDATE_iso": "1987-01-01", "TV_LAST_INSPECTION_DATE_iso": "2023-02-18"}, "geometry": {"type": "LineString", "coordinates": [[-123.11902301045838, 49.256993837989995], [-123.12008577921333, 49.25701559512967]]}}, {"type": "Feature", "properties": {"SHAPE_Length": 15.872593139688806, "OBJECTID": 136442733, "COV_SOURCE_KEY": "483878", "LASTUPDATE": 1679988644000, "TBFID": 483878, "UNIT_DESCRIPTION": null, "INSTALLDATE": 1181199600000, "LANE_LOCATION": "blank", "PIPE_USE": "Main", "SERVICE_STATUS": "In Service", "EFFLUENT_TYPE": "Sanitary", "TB_LENGTH": 15.87, "GRADE": 7.18, "MATERIAL": "Polyvinyl Chloride", "VALIDATION_DATE": null, "BUN": null, "UPSTREAM_INVERT": 54.08, "UPSTRM_INVERT_ESTIMATED": "No", "DWNSTREAM_INVERT": 52.94, "DNSTRM_INVERT_ESTIMATED": "No", "RAMP_TYPE": null, "PIPE_SHAPE": "Round", "HEIGHT_MM": 0, "WIDTH_MM": 0, "SECTION_NAME": null, "FLOW_CATEGORY": "Gravity", "NORMAL_PRESSURE": 0, "LINING_MATERIAL": "blank", "ON_PILES": "No", "ON_SLAB": "No", "NFB_NOTATION": null, "DRAWING_NUMBER": null, "PP_NUMBER": null, "NFB_ELEVATION": 0, "NFB_TYPE": "blank", "WET_WEATHER_ONLY": "No", "REMARKS": null, "LEGACY_ID": "__FNJGHB", "SOIL_TYPE": "blank", "SOIL_CONDITION": "blank", "TYPE_OF_FILL": null, "OWNEDBY": "COVAV", "OPERATOR": null, "UNIT_ID": "396682", "MAIN_KEY_1": 2997, "MAIN_COMP1": "30", "UNIT_ID_2": "423614", "MAIN_KEY_2": 29786, "MAIN_COMP2": 30, "COMPKEY": 361255, "MAIN_KEY": 4459, "COMPTYPE": 31, "UPDATED_BY": "ENHANMGETASK", "ADDRESS_KEY": 151661, "TB_AREA": "CBC07", "DISTRICT": "3", "FACET_GRID": "O15", "CONSTRUCTION_TECHNIQUE": "unknown", "CONNECTN_TYPE": null, "CONNECTN_CONDITION": "{null}", "DATE_OF_PERMIT": null, "SPECIAL_INSTRUCTIONS": null, "TV_CONDITION": "Very Good", "TV_LAST_INSPECTION_DATE": 1677052800000, "TV_INCOMPLETE": "No", "TV_NEXT_INSPECTED_DATE": null, "LAST_INSPECTED_OK": null, "DATE_LAST_CLEANING_REQ": null, "DT_LAST_CLEANED": null, "INSPECTED_USER_ID": null, "CLEAN_USER_ID": null, "FURTHER_WORK_REQUIRED": "No", "FURTHERWORK_COMPLETED": "No", "WORK_ID": null, "PARALLEL_LINE_NO": null, "DISTANCE": 15.87, "MAP_TOOLTIP": "15.87 - 200 SAN n/a 7.18 % 2007 1", "HC_FID": null, "SUBAREA": "O15", "DEPTH_AT_PL": null, "DEPTH_AT_PL_BELOW_CL": null, "OFFSET_DIRECTION": null, "OFFSET_FROM_PL": null, "DIAMETER_INSIDE": 200, "NAMENUMBER": null, "TO_MAIN_FID": null, "PERMIT_NUMBER": null, "STREET_NAME": "W 20TH AV", "HUNDRED_BLOCK": "600", "HCORACLEID": null, "AS_BUILT": "Yes", "LASTUPDATE_iso": "2023-03-28", "INSTALLDATE_iso": "2007-06-07", "TV_LAST_INSPECTION_DATE_iso": "2023-02-22"}, "geometry": {"type": "LineString", "coordinates": [[-123.11830267559137, 49.253385578558216], [-123.11851932691758, 49.25340210562157]]}}, {"type": "Feature", "properties": {"SHAPE_Length": 102.18837289001333, "OBJECTID": 136442888, "COV_SOURCE_KEY": "486316", "LASTUPDATE": 1707336970000, "TBFID": 486316, "UNIT_DESCRIPTION": null, "INSTALLDATE": 883641600000, "LANE_LOCATION": "Lane West", "PIPE_USE": "Main", "SERVICE_STATUS": "In Service", "EFFLUENT_TYPE": "Sanitary", "TB_LENGTH": 102.18837289, "GRADE": 0.34, "MATERIAL": "Concrete", "VALIDATION_DATE": null, "BUN": null, "UPSTREAM_INVERT": 62.97, "UPSTRM_INVERT_ESTIMATED": "No", "DWNSTREAM_INVERT": 62.62, "DNSTRM_INVERT_ESTIMATED": "No", "RAMP_TYPE": null, "PIPE_SHAPE": "Round", "HEIGHT_MM": 0, "WIDTH_MM": 0, "SECTION_NAME": null, "FLOW_CATEGORY": "Gravity", "NORMAL_PRESSURE": 0, "LINING_MATERIAL": "blank", "ON_PILES": "No", "ON_SLAB": "No", "NFB_NOTATION": null, "DRAWING_NUMBER": null, "PP_NUMBER": "O11", "NFB_ELEVATION": 0, "NFB_TYPE": "blank", "WET_WEATHER_ONLY": "No", "REMARKS": "PLEASE REFER TO DB3624", "LEGACY_ID": "__FJCH41", "SOIL_TYPE": "blank", "SOIL_CONDITION": "blank", "TYPE_OF_FILL": null, "OWNEDBY": "COVAV", "OPERATOR": "COVAV", "UNIT_ID": "410732", "MAIN_KEY_1": 15970, "MAIN_COMP1": "30", "UNIT_ID_2": "398330", "MAIN_KEY_2": 4477, "MAIN_COMP2": 30, "COMPKEY": 365441, "MAIN_KEY": 7875, "COMPTYPE": 31, "UPDATED_BY": "vux7920", "ADDRESS_KEY": 151751, "TB_AREA": "CBC06", "DISTRICT": "3", "FACET_GRID": "N16", "CONSTRUCTION_TECHNIQUE": "unknown", "CONNECTN_TYPE": null, "CONNECTN_CONDITION": "{null}", "DATE_OF_PERMIT": null, "SPECIAL_INSTRUCTIONS": null, "TV_CONDITION": "0", "TV_LAST_INSPECTION_DATE": 1659078000000, "TV_INCOMPLETE": "No", "TV_NEXT_INSPECTED_DATE": null, "LAST_INSPECTED_OK": null, "DATE_LAST_CLEANING_REQ": null, "DT_LAST_CLEANED": null, "INSPECTED_USER_ID": null, "CLEAN_USER_ID": null, "FURTHER_WORK_REQUIRED": "No", "FURTHERWORK_COMPLETED": "No", "WORK_ID": null, "PARALLEL_LINE_NO": null, "DISTANCE": 103, "MAP_TOOLTIP": "102.19 - 525 SAN n/a 0.34 % 1998 0", "HC_FID": null, "SUBAREA": "N16", "DEPTH_AT_PL": null, "DEPTH_AT_PL_BELOW_CL": null, "OFFSET_DIRECTION": null, "OFFSET_FROM_PL": null, "DIAMETER_INSIDE": 525, "NAMENUMBER": null, "TO_MAIN_FID": null, "PERMIT_NUMBER": null, "STREET_NAME": "OAK ST", "HUNDRED_BLOCK": "4200", "HCORACLEID": null, "AS_BUILT": "Yes", "LASTUPDATE_iso": "2024-02-07", "INSTALLDATE_iso": "1998-01-01", "TV_LAST_INSPECTION_DATE_iso": "2022-07-29"}, "geometry": {"type": "LineString", "coordinates": [[-123.12836970908832, 49.24727255902399], [-123.12833118625849, 49.24819141982122]]}}, {"type": "Feature", "properties": {"SHAPE_Length": 55.238223161569024, "OBJECTID": 136442890, "COV_SOURCE_KEY": "486318", "LASTUPDATE": 1785483049000, "TBFID": 486318, "UNIT_DESCRIPTION": null, "INSTALLDATE": 883641600000, "LANE_LOCATION": "blank", "PIPE_USE": "Main", "SERVICE_STATUS": "In Service", "EFFLUENT_TYPE": "Sanitary", "TB_LENGTH": 55.23822316, "GRADE": 0.34, "MATERIAL": "Concrete", "VALIDATION_DATE": null, "BUN": null, "UPSTREAM_INVERT": 62.58, "UPSTRM_INVERT_ESTIMATED": "No", "DWNSTREAM_INVERT": 62.39, "DNSTRM_INVERT_ESTIMATED": "No", "RAMP_TYPE": null, "PIPE_SHAPE": "Round", "HEIGHT_MM": 0, "WIDTH_MM": 0, "SECTION_NAME": null, "FLOW_CATEGORY": "Gravity", "NORMAL_PRESSURE": 0, "LINING_MATERIAL": "blank", "ON_PILES": "No", "ON_SLAB": "No", "NFB_NOTATION": "NFB ST", "DRAWING_NUMBER": "DD455", "PP_NUMBER": "T95", "NFB_ELEVATION": 0, "NFB_TYPE": "blank", "WET_WEATHER_ONLY": "No", "REMARKS": "PLEASE REFER TO DB3624", "LEGACY_ID": "__FJCH47", "SOIL_TYPE": "blank", "SOIL_CONDITION": "blank", "TYPE_OF_FILL": null, "OWNEDBY": "COVAV", "OPERATOR": "COVAV", "UNIT_ID": "398330", "MAIN_KEY_1": 4477, "MAIN_COMP1": "30", "UNIT_ID_2": "129111", "MAIN_KEY_2": 352944, "MAIN_COMP2": 32, "COMPKEY": 365445, "MAIN_KEY": 7877, "COMPTYPE": 31, "UPDATED_BY": "ENHANMGETASK", "ADDRESS_KEY": 149322, "TB_AREA": "CBC06", "DISTRICT": "3", "FACET_GRID": "N16", "CONSTRUCTION_TECHNIQUE": "unknown", "CONNECTN_TYPE": null, "CONNECTN_CONDITION": "{null}", "DATE_OF_PERMIT": null, "SPECIAL_INSTRUCTIONS": null, "TV_CONDITION": "0", "TV_LAST_INSPECTION_DATE": 1774249200000, "TV_INCOMPLETE": "No", "TV_NEXT_INSPECTED_DATE": null, "LAST_INSPECTED_OK": null, "DATE_LAST_CLEANING_REQ": null, "DT_LAST_CLEANED": null, "INSPECTED_USER_ID": null, "CLEAN_USER_ID": null, "FURTHER_WORK_REQUIRED": "No", "FURTHERWORK_COMPLETED": "No", "WORK_ID": null, "PARALLEL_LINE_NO": null, "DISTANCE": 58, "MAP_TOOLTIP": "55.24 - 600 SAN n/a 0.34 % 1998 0", "HC_FID": null, "SUBAREA": "N16", "DEPTH_AT_PL": null, "DEPTH_AT_PL_BELOW_CL": null, "OFFSET_DIRECTION": null, "OFFSET_FROM_PL": null, "DIAMETER_INSIDE": 600, "NAMENUMBER": null, "TO_MAIN_FID": null, "PERMIT_NUMBER": null, "STREET_NAME": "W 26TH AV", "HUNDRED_BLOCK": "1000", "HCORACLEID": null, "AS_BUILT": "Yes", "LASTUPDATE_iso": "2026-07-31", "INSTALLDATE_iso": "1998-01-01", "TV_LAST_INSPECTION_DATE_iso": "2026-03-23"}, "geometry": {"type": "LineString", "coordinates": [[-123.12832398092094, 49.24819463912218], [-123.12756537681435, 49.248178775077854]]}}, {"type": "Feature", "properties": {"SHAPE_Length": 177.22559576516034, "OBJECTID": 136443201, "COV_SOURCE_KEY": "486402", "LASTUPDATE": 1751009439000, "TBFID": 486402, "UNIT_DESCRIPTION": "LIMIT CONNS TO A DEPTH OF 61.6", "INSTALLDATE": 788947200000, "LANE_LOCATION": "Lane West", "PIPE_USE": "Main", "SERVICE_STATUS": "In Service", "EFFLUENT_TYPE": "Sanitary", "TB_LENGTH": 177.24, "GRADE": 0.92, "MATERIAL": "Polyvinyl Chloride", "VALIDATION_DATE": null, "BUN": null, "UPSTREAM_INVERT": 62.04, "UPSTRM_INVERT_ESTIMATED": "No", "DWNSTREAM_INVERT": 60.41, "DNSTRM_INVERT_ESTIMATED": "No", "RAMP_TYPE": null, "PIPE_SHAPE": "Round", "HEIGHT_MM": 0, "WIDTH_MM": 0, "SECTION_NAME": null, "FLOW_CATEGORY": "Gravity", "NORMAL_PRESSURE": 0, "LINING_MATERIAL": "blank", "ON_PILES": "No", "ON_SLAB": "No", "NFB_NOTATION": null, "DRAWING_NUMBER": null, "PP_NUMBER": "T56", "NFB_ELEVATION": 0, "NFB_TYPE": "blank", "WET_WEATHER_ONLY": "No", "REMARKS": null, "LEGACY_ID": "__FJCFC5", "SOIL_TYPE": "HARD CLAY", "SOIL_CONDITION": "blank", "TYPE_OF_FILL": null, "OWNEDBY": "COVAV", "OPERATOR": null, "UNIT_ID": "400057", "MAIN_KEY_1": 5365, "MAIN_COMP1": "30", "UNIT_ID_2": "418858", "MAIN_KEY_2": 25173, "MAIN_COMP2": 30, "COMPKEY": 366924, "MAIN_KEY": 8482, "COMPTYPE": 31, "UPDATED_BY": "ENHANMGETASK", "ADDRESS_KEY": 151226, "TB_AREA": "CBC07", "DISTRICT": "3", "FACET_GRID": " ", "CONSTRUCTION_TECHNIQUE": "unknown", "CONNECTN_TYPE": null, "CONNECTN_CONDITION": "{null}", "DATE_OF_PERMIT": null, "SPECIAL_INSTRUCTIONS": null, "TV_CONDITION": "0", "TV_LAST_INSPECTION_DATE": 1634799600000, "TV_INCOMPLETE": "No", "TV_NEXT_INSPECTED_DATE": null, "LAST_INSPECTED_OK": null, "DATE_LAST_CLEANING_REQ": null, "DT_LAST_CLEANED": null, "INSPECTED_USER_ID": null, "CLEAN_USER_ID": null, "FURTHER_WORK_REQUIRED": "No", "FURTHERWORK_COMPLETED": "No", "WORK_ID": null, "PARALLEL_LINE_NO": null, "DISTANCE": 177.1, "MAP_TOOLTIP": "177.24 - 200 SAN n/a 0.92 % 1995 0", "HC_FID": null, "SUBAREA": " ", "DEPTH_AT_PL": null, "DEPTH_AT_PL_BELOW_CL": null, "OFFSET_DIRECTION": null, "OFFSET_FROM_PL": null, "DIAMETER_INSIDE": 200, "NAMENUMBER": null, "TO_MAIN_FID": null, "PERMIT_NUMBER": null, "STREET_NAME": "COLUMBIA ST", "HUNDRED_BLOCK": "3700", "HCORACLEID": null, "AS_BUILT": "Yes", "LASTUPDATE_iso": "2025-06-27", "INSTALLDATE_iso": "1995-01-01", "TV_LAST_INSPECTION_DATE_iso": "2021-10-21"}, "geometry": {"type": "LineString", "coordinates": [[-123.11248189149596, 49.251560090388416], [-123.11005455561923, 49.25151329615154], [-123.11004764351769, 49.2515131857976]]}}, {"type": "Feature", "properties": {"SHAPE_Length": 109.6228173368846, "OBJECTID": 136443335, "COV_SOURCE_KEY": "484616", "LASTUPDATE": 1735946314000, "TBFID": 484616, "UNIT_DESCRIPTION": null, "INSTALLDATE": 126259200000, "LANE_LOCATION": null, "PIPE_USE": "Main", "SERVICE_STATUS": "In Service", "EFFLUENT_TYPE": "Sanitary", "TB_LENGTH": 109.62, "GRADE": 2.08, "MATERIAL": "Vitrified Clay", "VALIDATION_DATE": null, "BUN": null, "UPSTREAM_INVERT": 51.87, "UPSTRM_INVERT_ESTIMATED": "No", "DWNSTREAM_INVERT": 49.59, "DNSTRM_INVERT_ESTIMATED": "No", "RAMP_TYPE": null, "PIPE_SHAPE": "Round", "HEIGHT_MM": 0, "WIDTH_MM": 0, "SECTION_NAME": null, "FLOW_CATEGORY": "Gravity", "NORMAL_PRESSURE": 0, "LINING_MATERIAL": "blank", "ON_PILES": "No", "ON_SLAB": "No", "NFB_NOTATION": null, "DRAWING_NUMBER": "DD186", "PP_NUMBER": "E55", "NFB_ELEVATION": 0, "NFB_TYPE": "blank", "WET_WEATHER_ONLY": "No", "REMARKS": null, "LEGACY_ID": "__FJC3S9", "SOIL_TYPE": "blank", "SOIL_CONDITION": "blank", "TYPE_OF_FILL": null, "OWNEDBY": "COVAV", "OPERATOR": " ", "UNIT_ID": "403822", "MAIN_KEY_1": 11242, "MAIN_COMP1": "30", "UNIT_ID_2": "132195", "MAIN_KEY_2": 355090, "MAIN_COMP2": 32, "COMPKEY": 362684, "MAIN_KEY": 5887, "COMPTYPE": 31, "UPDATED_BY": "XUG16", "ADDRESS_KEY": 153701, "TB_AREA": "CBC07", "DISTRICT": "3", "FACET_GRID": "O14", "CONSTRUCTION_TECHNIQUE": "unknown", "CONNECTN_TYPE": null, "CONNECTN_CONDITION": null, "DATE_OF_PERMIT": null, "SPECIAL_INSTRUCTIONS": null, "TV_CONDITION": "Good", "TV_LAST_INSPECTION_DATE": 1639900800000, "TV_INCOMPLETE": "No", "TV_NEXT_INSPECTED_DATE": null, "LAST_INSPECTED_OK": null, "DATE_LAST_CLEANING_REQ": null, "DT_LAST_CLEANED": null, "INSPECTED_USER_ID": null, "CLEAN_USER_ID": null, "FURTHER_WORK_REQUIRED": "No", "FURTHERWORK_COMPLETED": "No", "WORK_ID": null, "PARALLEL_LINE_NO": null, "DISTANCE": 109.7, "MAP_TOOLTIP": "109.62 - 200 SAN n/a 2.08 % 1974 2", "HC_FID": null, "SUBAREA": "O14", "DEPTH_AT_PL": null, "DEPTH_AT_PL_BELOW_CL": null, "OFFSET_DIRECTION": null, "OFFSET_FROM_PL": null, "DIAMETER_INSIDE": 200, "NAMENUMBER": null, "TO_MAIN_FID": null, "PERMIT_NUMBER": null, "STREET_NAME": "W 18TH AV", "HUNDRED_BLOCK": "600", "HCORACLEID": null, "AS_BUILT": "Yes", "LASTUPDATE_iso": "2025-01-03", "INSTALLDATE_iso": "1974-01-01", "TV_LAST_INSPECTION_DATE_iso": "2021-12-19"}, "geometry": {"type": "LineString", "coordinates": [[-123.11858994364222, 49.25521385967006], [-123.12009561333959, 49.255245946533805]]}}, {"type": "Feature", "properties": {"SHAPE_Length": 93.4310197227795, "OBJECTID": 136443717, "COV_SOURCE_KEY": "488445", "LASTUPDATE": 1638992353000, "TBFID": 488445, "UNIT_DESCRIPTION": "LIMIT CONNS TO A DEPTH OF 61.6", "INSTALLDATE": 788947200000, "LANE_LOCATION": null, "PIPE_USE": "Main", "SERVICE_STATUS": "In Service", "EFFLUENT_TYPE": "Sanitary", "TB_LENGTH": 93.43101972, "GRADE": 67.99, "MATERIAL": "Polyvinyl Chloride", "VALIDATION_DATE": null, "BUN": null, "UPSTREAM_INVERT": 63.52, "UPSTRM_INVERT_ESTIMATED": "No", "DWNSTREAM_INVERT": 0, "DNSTRM_INVERT_ESTIMATED": "No", "RAMP_TYPE": null, "PIPE_SHAPE": "blank", "HEIGHT_MM": 0, "WIDTH_MM": 0, "SECTION_NAME": null, "FLOW_CATEGORY": "Gravity", "NORMAL_PRESSURE": 0, "LINING_MATERIAL": "blank", "ON_PILES": "No", "ON_SLAB": "No", "NFB_NOTATION": null, "DRAWING_NUMBER": null, "PP_NUMBER": "T56", "NFB_ELEVATION": 0, "NFB_TYPE": "blank", "WET_WEATHER_ONLY": "No", "REMARKS": null, "LEGACY_ID": "__FJCING", "SOIL_TYPE": "blank", "SOIL_CONDITION": "blank", "TYPE_OF_FILL": null, "OWNEDBY": "COVAV", "OPERATOR": " ", "UNIT_ID": "418859", "MAIN_KEY_1": 25174, "MAIN_COMP1": "30", "UNIT_ID_2": "399077", "MAIN_KEY_2": 6233, "MAIN_COMP2": 30, "COMPKEY": 371074, "MAIN_KEY": 10630, "COMPTYPE": 31, "UPDATED_BY": "ENHANMGETASK", "ADDRESS_KEY": 1, "TB_AREA": "CBC07", "DISTRICT": "3", "FACET_GRID": "P15", "CONSTRUCTION_TECHNIQUE": "unknown", "CONNECTN_TYPE": null, "CONNECTN_CONDITION": null, "DATE_OF_PERMIT": null, "SPECIAL_INSTRUCTIONS": null, "TV_CONDITION": "Poor", "TV_LAST_INSPECTION_DATE": 1633330800000, "TV_INCOMPLETE": "No", "TV_NEXT_INSPECTED_DATE": null, "LAST_INSPECTED_OK": null, "DATE_LAST_CLEANING_REQ": null, "DT_LAST_CLEANED": null, "INSPECTED_USER_ID": null, "CLEAN_USER_ID": null, "FURTHER_WORK_REQUIRED": "No", "FURTHERWORK_COMPLETED": "No", "WORK_ID": null, "PARALLEL_LINE_NO": null, "DISTANCE": 94, "MAP_TOOLTIP": "93.43 - 200 SAN n/a 67.99 % 1995 5", "HC_FID": null, "SUBAREA": "P15", "DEPTH_AT_PL": null, "DEPTH_AT_PL_BELOW_CL": null, "OFFSET_DIRECTION": null, "OFFSET_FROM_PL": null, "DIAMETER_INSIDE": 200, "NAMENUMBER": null, "TO_MAIN_FID": null, "PERMIT_NUMBER": null, "STREET_NAME": " ", "HUNDRED_BLOCK": "000", "HCORACLEID": null, "AS_BUILT": "Yes", "LASTUPDATE_iso": "2021-12-08", "INSTALLDATE_iso": "1995-01-01", "TV_LAST_INSPECTION_DATE_iso": "2021-10-04"}, "geometry": {"type": "LineString", "coordinates": [[-123.10852469544665, 49.25148642633832], [-123.10980280544477, 49.2515086962534], [-123.10980601327718, 49.251511454738896]]}}, {"type": "Feature", "properties": {"SHAPE_Length": 72.01089698808029, "OBJECTID": 136443932, "COV_SOURCE_KEY": "483907", "LASTUPDATE": null, "TBFID": 483907, "UNIT_DESCRIPTION": "O/RAMP", "INSTALLDATE": 536486400000, "LANE_LOCATION": null, "PIPE_USE": "Main", "SERVICE_STATUS": "In Service", "EFFLUENT_TYPE": "Sanitary", "TB_LENGTH": 72.01, "GRADE": 1.22, "MATERIAL": "Concrete", "VALIDATION_DATE": null, "BUN": null, "UPSTREAM_INVERT": 48, "UPSTRM_INVERT_ESTIMATED": "No", "DWNSTREAM_INVERT": 47.12, "DNSTRM_INVERT_ESTIMATED": "No", "RAMP_TYPE": null, "PIPE_SHAPE": "Round", "HEIGHT_MM": 0, "WIDTH_MM": 0, "SECTION_NAME": null, "FLOW_CATEGORY": "Gravity", "NORMAL_PRESSURE": 0, "LINING_MATERIAL": "blank", "ON_PILES": "No", "ON_SLAB": "No", "NFB_NOTATION": "NFB ST", "DRAWING_NUMBER": null, "PP_NUMBER": "S39", "NFB_ELEVATION": 0, "NFB_TYPE": "blank", "WET_WEATHER_ONLY": "No", "REMARKS": null, "LEGACY_ID": "__FJC3SR", "SOIL_TYPE": "HARD CLAY", "SOIL_CONDITION": "blank", "TYPE_OF_FILL": null, "OWNEDBY": "COVAV", "OPERATOR": " ", "UNIT_ID": "404932", "MAIN_KEY_1": 11103, "MAIN_COMP1": "30", "UNIT_ID_2": "409937", "MAIN_KEY_2": 16904, "MAIN_COMP2": 30, "COMPKEY": 362129, "MAIN_KEY": 5332, "COMPTYPE": 31, "UPDATED_BY": "covDBimport", "ADDRESS_KEY": 154567, "TB_AREA": "CBC07", "DISTRICT": "3", "FACET_GRID": "O14", "CONSTRUCTION_TECHNIQUE": "unknown", "CONNECTN_TYPE": null, "CONNECTN_CONDITION": null, "DATE_OF_PERMIT": null, "SPECIAL_INSTRUCTIONS": null, "TV_CONDITION": null, "TV_LAST_INSPECTION_DATE": null, "TV_INCOMPLETE": "No", "TV_NEXT_INSPECTED_DATE": null, "LAST_INSPECTED_OK": null, "DATE_LAST_CLEANING_REQ": null, "DT_LAST_CLEANED": null, "INSPECTED_USER_ID": null, "CLEAN_USER_ID": null, "FURTHER_WORK_REQUIRED": "No", "FURTHERWORK_COMPLETED": "No", "WORK_ID": null, "PARALLEL_LINE_NO": null, "DISTANCE": 72, "MAP_TOOLTIP": "72.01 - 375 SAN n/a 1.22 % 1987 ", "HC_FID": null, "SUBAREA": "O14", "DEPTH_AT_PL": null, "DEPTH_AT_PL_BELOW_CL": null, "OFFSET_DIRECTION": null, "OFFSET_FROM_PL": null, "DIAMETER_INSIDE": 375, "NAMENUMBER": null, "TO_MAIN_FID": null, "PERMIT_NUMBER": null, "STREET_NAME": "W 16TH AV", "HUNDRED_BLOCK": "700", "HCORACLEID": null, "AS_BUILT": "Yes", "INSTALLDATE_iso": "1987-01-01"}, "geometry": {"type": "LineString", "coordinates": [[-123.12102838068333, 49.257036865753484], [-123.12201746188178, 49.25705843941921]]}}, {"type": "Feature", "properties": {"SHAPE_Length": 122.9560334254443, "OBJECTID": 136444013, "COV_SOURCE_KEY": "488758", "LASTUPDATE": 1638992328000, "TBFID": 488758, "UNIT_DESCRIPTION": "LOOKOUT", "INSTALLDATE": 725875200000, "LANE_LOCATION": null, "PIPE_USE": "Main", "SERVICE_STATUS": "In Service", "EFFLUENT_TYPE": "Sanitary", "TB_LENGTH": 122.96, "GRADE": 0.95, "MATERIAL": "Polyvinyl Chloride", "VALIDATION_DATE": null, "BUN": null, "UPSTREAM_INVERT": 71.51, "UPSTRM_INVERT_ESTIMATED": "No", "DWNSTREAM_INVERT": 70.34, "DNSTRM_INVERT_ESTIMATED": "No", "RAMP_TYPE": null, "PIPE_SHAPE": "Round", "HEIGHT_MM": 0, "WIDTH_MM": 0, "SECTION_NAME": null, "FLOW_CATEGORY": "Gravity", "NORMAL_PRESSURE": 0, "LINING_MATERIAL": "blank", "ON_PILES": "No", "ON_SLAB": "No", "NFB_NOTATION": null, "DRAWING_NUMBER": null, "PP_NUMBER": "T52", "NFB_ELEVATION": 0, "NFB_TYPE": "blank", "WET_WEATHER_ONLY": "No", "REMARKS": null, "LEGACY_ID": "__FJCF38", "SOIL_TYPE": "blank", "SOIL_CONDITION": "blank", "TYPE_OF_FILL": null, "OWNEDBY": "COVAV", "OPERATOR": null, "UNIT_ID": "418831", "MAIN_KEY_1": 26322, "MAIN_COMP1": "30", "UNIT_ID_2": "417826", "MAIN_KEY_2": 23421, "MAIN_COMP2": 30, "COMPKEY": 372327, "MAIN_KEY": 11883, "COMPTYPE": 31, "UPDATED_BY": "ENHANMGETASK", "ADDRESS_KEY": 150035, "TB_AREA": "CBC08", "DISTRICT": "1", "FACET_GRID": " ", "CONSTRUCTION_TECHNIQUE": "unknown", "CONNECTN_TYPE": null, "CONNECTN_CONDITION": "{null}", "DATE_OF_PERMIT": null, "SPECIAL_INSTRUCTIONS": null, "TV_CONDITION": "Good/Fair", "TV_LAST_INSPECTION_DATE": 1634713200000, "TV_INCOMPLETE": "No", "TV_NEXT_INSPECTED_DATE": null, "LAST_INSPECTED_OK": null, "DATE_LAST_CLEANING_REQ": null, "DT_LAST_CLEANED": null, "INSPECTED_USER_ID": null, "CLEAN_USER_ID": null, "FURTHER_WORK_REQUIRED": "No", "FURTHERWORK_COMPLETED": "No", "WORK_ID": null, "PARALLEL_LINE_NO": null, "DISTANCE": 123.8, "MAP_TOOLTIP": "122.96 - 200 SAN n/a 0.95 % 1993 3", "HC_FID": null, "SUBAREA": " ", "DEPTH_AT_PL": null, "DEPTH_AT_PL_BELOW_CL": null, "OFFSET_DIRECTION": null, "OFFSET_FROM_PL": null, "DIAMETER_INSIDE": 200, "NAMENUMBER": null, "TO_MAIN_FID": null, "PERMIT_NUMBER": null, "STREET_NAME": "E 24TH AV", "HUNDRED_BLOCK": "000", "HCORACLEID": null, "AS_BUILT": "Yes", "LASTUPDATE_iso": "2021-12-08", "INSTALLDATE_iso": "1993-01-01", "TV_LAST_INSPECTION_DATE_iso": "2021-10-20"}, "geometry": {"type": "LineString", "coordinates": [[-123.10318761543704, 49.24953990978778], [-123.10320784342197, 49.24954070129024], [-123.10486512710743, 49.24956113930432], [-123.1048732457405, 49.24956661902442]]}}, {"type": "Feature", "properties": {"SHAPE_Length": 101.0835868228684, "OBJECTID": 136444107, "COV_SOURCE_KEY": "492938", "LASTUPDATE": 1484769241000, "TBFID": 492938, "UNIT_DESCRIPTION": "CLOSED RAMP", "INSTALLDATE": 1121670000000, "LANE_LOCATION": null, "PIPE_USE": "Main", "SERVICE_STATUS": "In Service", "EFFLUENT_TYPE": "Sanitary", "TB_LENGTH": 101.08, "GRADE": 4.13, "MATERIAL": "Polyvinyl Chloride", "VALIDATION_DATE": null, "BUN": null, "UPSTREAM_INVERT": 77.32, "UPSTRM_INVERT_ESTIMATED": "No", "DWNSTREAM_INVERT": 73.15, "DNSTRM_INVERT_ESTIMATED": "No", "RAMP_TYPE": "Closed", "PIPE_SHAPE": "Round", "HEIGHT_MM": 0, "WIDTH_MM": 0, "SECTION_NAME": null, "FLOW_CATEGORY": "Gravity", "NORMAL_PRESSURE": 0, "LINING_MATERIAL": "blank", "ON_PILES": "No", "ON_SLAB": "No", "NFB_NOTATION": null, "DRAWING_NUMBER": null, "PP_NUMBER": null, "NFB_ELEVATION": 0, "NFB_TYPE": "blank", "WET_WEATHER_ONLY": "No", "REMARKS": null, "LEGACY_ID": "__FNF2SI", "SOIL_TYPE": "blank", "SOIL_CONDITION": "blank", "TYPE_OF_FILL": "blank", "OWNEDBY": "COVAV", "OPERATOR": "COVAV", "UNIT_ID": "404445", "MAIN_KEY_1": 10616, "MAIN_COMP1": "30", "UNIT_ID_2": "426009", "MAIN_KEY_2": 31893, "MAIN_COMP2": 30, "COMPKEY": 378141, "MAIN_KEY": 17697, "COMPTYPE": 31, "UPDATED_BY": "hot18", "ADDRESS_KEY": 156215, "TB_AREA": "CBC08", "DISTRICT": "1", "FACET_GRID": "P16", "CONSTRUCTION_TECHNIQUE": "unknown", "CONNECTN_TYPE": null, "CONNECTN_CONDITION": null, "DATE_OF_PERMIT": null, "SPECIAL_INSTRUCTIONS": null, "TV_CONDITION": "0", "TV_LAST_INSPECTION_DATE": 1301036400000, "TV_INCOMPLETE": "No", "TV_NEXT_INSPECTED_DATE": null, "LAST_INSPECTED_OK": null, "DATE_LAST_CLEANING_REQ": null, "DT_LAST_CLEANED": 1300258800000, "INSPECTED_USER_ID": null, "CLEAN_USER_ID": null, "FURTHER_WORK_REQUIRED": "No", "FURTHERWORK_COMPLETED": "No", "WORK_ID": "110612", "PARALLEL_LINE_NO": null, "DISTANCE": 101.38, "MAP_TOOLTIP": "101.08 - 200 SAN n/a 4.13 % 2005 0", "HC_FID": null, "SUBAREA": "P16", "DEPTH_AT_PL": null, "DEPTH_AT_PL_BELOW_CL": null, "OFFSET_DIRECTION": null, "OFFSET_FROM_PL": null, "DIAMETER_INSIDE": 200, "NAMENUMBER": null, "TO_MAIN_FID": null, "PERMIT_NUMBER": null, "STREET_NAME": "E 28TH AV", "HUNDRED_BLOCK": "000", "HCORACLEID": null, "AS_BUILT": "Yes", "LASTUPDATE_iso": "2017-01-18", "INSTALLDATE_iso": "2005-07-18", "TV_LAST_INSPECTION_DATE_iso": "2011-03-25", "DT_LAST_CLEANED_iso": "2011-03-16"}, "geometry": {"type": "LineString", "coordinates": [[-123.10394073663748, 49.24604751988183], [-123.10255243292272, 49.246021756862504]]}}, {"type": "Feature", "properties": {"SHAPE_Length": 93.84165305490274, "OBJECTID": 136444174, "COV_SOURCE_KEY": "496040", "LASTUPDATE": 1650526235000, "TBFID": 496040, "UNIT_DESCRIPTION": null, "INSTALLDATE": 631180800000, "LANE_LOCATION": "Lane North", "PIPE_USE": "Main", "SERVICE_STATUS": "In Service", "EFFLUENT_TYPE": "Sanitary", "TB_LENGTH": 93.84, "GRADE": 1.05, "MATERIAL": "Polyvinyl Chloride", "VALIDATION_DATE": null, "BUN": null, "UPSTREAM_INVERT": 52.13, "UPSTRM_INVERT_ESTIMATED": "No", "DWNSTREAM_INVERT": 51.14, "DNSTRM_INVERT_ESTIMATED": "No", "RAMP_TYPE": null, "PIPE_SHAPE": "Round", "HEIGHT_MM": 0, "WIDTH_MM": 0, "SECTION_NAME": null, "FLOW_CATEGORY": "Gravity", "NORMAL_PRESSURE": 0, "LINING_MATERIAL": "blank", "ON_PILES": "No", "ON_SLAB": "No", "NFB_NOTATION": null, "DRAWING_NUMBER": null, "PP_NUMBER": "S39", "NFB_ELEVATION": 0, "NFB_TYPE": "blank", "WET_WEATHER_ONLY": "No", "REMARKS": null, "LEGACY_ID": "__FJC3W6", "SOIL_TYPE": "SOFT CLAY", "SOIL_CONDITION": "blank", "TYPE_OF_FILL": null, "OWNEDBY": "COVAV", "OPERATOR": null, "UNIT_ID": "411880", "MAIN_KEY_1": 17406, "MAIN_COMP1": "30", "UNIT_ID_2": "411881", "MAIN_KEY_2": 17407, "MAIN_COMP2": 30, "COMPKEY": 381768, "MAIN_KEY": 21324, "COMPTYPE": 31, "UPDATED_BY": "ENHANMGETASK", "ADDRESS_KEY": 154311, "TB_AREA": "CBC07", "DISTRICT": "3", "FACET_GRID": "P14", "CONSTRUCTION_TECHNIQUE": "unknown", "CONNECTN_TYPE": null, "CONNECTN_CONDITION": "{null}", "DATE_OF_PERMIT": null, "SPECIAL_INSTRUCTIONS": null, "TV_CONDITION": "Very Good", "TV_LAST_INSPECTION_DATE": 1647932400000, "TV_INCOMPLETE": "No", "TV_NEXT_INSPECTED_DATE": null, "LAST_INSPECTED_OK": null, "DATE_LAST_CLEANING_REQ": null, "DT_LAST_CLEANED": null, "INSPECTED_USER_ID": null, "CLEAN_USER_ID": null, "FURTHER_WORK_REQUIRED": "No", "FURTHERWORK_COMPLETED": "No", "WORK_ID": null, "PARALLEL_LINE_NO": null, "DISTANCE": 94, "MAP_TOOLTIP": "93.84 - 200 SAN n/a 1.05 % 1990 1", "HC_FID": null, "SUBAREA": "P14", "DEPTH_AT_PL": null, "DEPTH_AT_PL_BELOW_CL": null, "OFFSET_DIRECTION": null, "OFFSET_FROM_PL": null, "DIAMETER_INSIDE": 200, "NAMENUMBER": null, "TO_MAIN_FID": null, "PERMIT_NUMBER": null, "STREET_NAME": "W 17TH AV", "HUNDRED_BLOCK": "100", "HCORACLEID": null, "AS_BUILT": "Yes", "LASTUPDATE_iso": "2022-04-21", "INSTALLDATE_iso": "1990-01-01", "TV_LAST_INSPECTION_DATE_iso": "2022-03-22"}, "geometry": {"type": "LineString", "coordinates": [[-123.10945902711438, 49.256244844803774], [-123.10816994715579, 49.25622031455046]]}}, {"type": "Feature", "properties": {"SHAPE_Length": 26.095076354783718, "OBJECTID": 136444318, "COV_SOURCE_KEY": "493536", "LASTUPDATE": 1655796622000, "TBFID": 493536, "UNIT_DESCRIPTION": null, "INSTALLDATE": 1183014000000, "LANE_LOCATION": "blank", "PIPE_USE": "Main", "SERVICE_STATUS": "In Service", "EFFLUENT_TYPE": "Sanitary", "TB_LENGTH": 26.1, "GRADE": 1.53, "MATERIAL": "Concrete", "VALIDATION_DATE": null, "BUN": null, "UPSTREAM_INVERT": 68.79, "UPSTRM_INVERT_ESTIMATED": "No", "DWNSTREAM_INVERT": 68.39, "DNSTRM_INVERT_ESTIMATED": "No", "RAMP_TYPE": null, "PIPE_SHAPE": "Round", "HEIGHT_MM": 0, "WIDTH_MM": 0, "SECTION_NAME": null, "FLOW_CATEGORY": "Gravity", "NORMAL_PRESSURE": 0, "LINING_MATERIAL": "blank", "ON_PILES": "No", "ON_SLAB": "No", "NFB_NOTATION": null, "DRAWING_NUMBER": null, "PP_NUMBER": null, "NFB_ELEVATION": 0, "NFB_TYPE": "blank", "WET_WEATHER_ONLY": "No", "REMARKS": null, "LEGACY_ID": "__FNG7GI", "SOIL_TYPE": "blank", "SOIL_CONDITION": "blank", "TYPE_OF_FILL": null, "OWNEDBY": "COVAV", "OPERATOR": null, "UNIT_ID": "416683", "MAIN_KEY_1": 21989, "MAIN_COMP1": "30", "UNIT_ID_2": "421015", "MAIN_KEY_2": 27263, "MAIN_COMP2": 30, "COMPKEY": 379493, "MAIN_KEY": 19049, "COMPTYPE": 31, "UPDATED_BY": "ENHANMGETASK", "ADDRESS_KEY": 43775, "TB_AREA": "CBC08", "DISTRICT": "1", "FACET_GRID": " ", "CONSTRUCTION_TECHNIQUE": "unknown", "CONNECTN_TYPE": null, "CONNECTN_CONDITION": "{null}", "DATE_OF_PERMIT": null, "SPECIAL_INSTRUCTIONS": null, "TV_CONDITION": "Very Good", "TV_LAST_INSPECTION_DATE": 1652857200000, "TV_INCOMPLETE": "No", "TV_NEXT_INSPECTED_DATE": null, "LAST_INSPECTED_OK": null, "DATE_LAST_CLEANING_REQ": null, "DT_LAST_CLEANED": null, "INSPECTED_USER_ID": null, "CLEAN_USER_ID": null, "FURTHER_WORK_REQUIRED": "No", "FURTHERWORK_COMPLETED": "No", "WORK_ID": null, "PARALLEL_LINE_NO": null, "DISTANCE": 26.1, "MAP_TOOLTIP": "26.1 - 450 SAN n/a 1.53 % 2007 1", "HC_FID": null, "SUBAREA": " ", "DEPTH_AT_PL": null, "DEPTH_AT_PL_BELOW_CL": null, "OFFSET_DIRECTION": null, "OFFSET_FROM_PL": null, "DIAMETER_INSIDE": 450, "NAMENUMBER": null, "TO_MAIN_FID": null, "PERMIT_NUMBER": null, "STREET_NAME": "ONTARIO ST", "HUNDRED_BLOCK": "4600", "HCORACLEID": null, "AS_BUILT": "Yes", "LASTUPDATE_iso": "2022-06-21", "INSTALLDATE_iso": "2007-06-28", "TV_LAST_INSPECTION_DATE_iso": "2022-05-18"}, "geometry": {"type": "LineString", "coordinates": [[-123.10612118966918, 49.243481211757775], [-123.10632717934597, 49.24367333154883]]}}, {"type": "Feature", "properties": {"SHAPE_Length": 120.13187873794746, "OBJECTID": 136444551, "COV_SOURCE_KEY": "489830", "LASTUPDATE": 1422260518000, "TBFID": 489830, "UNIT_DESCRIPTION": null, "INSTALLDATE": 599644800000, "LANE_LOCATION": null, "PIPE_USE": "Main", "SERVICE_STATUS": "In Service", "EFFLUENT_TYPE": "Sanitary", "TB_LENGTH": 120.13, "GRADE": 2.52, "MATERIAL": "Polyvinyl Chloride", "VALIDATION_DATE": null, "BUN": null, "UPSTREAM_INVERT": 52.63, "UPSTRM_INVERT_ESTIMATED": "No", "DWNSTREAM_INVERT": 49.6, "DNSTRM_INVERT_ESTIMATED": "No", "RAMP_TYPE": null, "PIPE_SHAPE": "Round", "HEIGHT_MM": 0, "WIDTH_MM": 0, "SECTION_NAME": null, "FLOW_CATEGORY": "Gravity", "NORMAL_PRESSURE": 0, "LINING_MATERIAL": "blank", "ON_PILES": "No", "ON_SLAB": "No", "NFB_NOTATION": null, "DRAWING_NUMBER": null, "PP_NUMBER": "T154", "NFB_ELEVATION": 0, "NFB_TYPE": "blank", "WET_WEATHER_ONLY": "No", "REMARKS": null, "LEGACY_ID": "__FJBZJN", "SOIL_TYPE": "POOR", "SOIL_CONDITION": "blank", "TYPE_OF_FILL": null, "OWNEDBY": "COVAV", "OPERATOR": " ", "UNIT_ID": "423614", "MAIN_KEY_1": 29786, "MAIN_COMP1": "30", "UNIT_ID_2": "415425", "MAIN_KEY_2": 21309, "MAIN_COMP2": 30, "COMPKEY": 373007, "MAIN_KEY": 12563, "COMPTYPE": 31, "UPDATED_BY": "ENHANMGETASK", "ADDRESS_KEY": 151661, "TB_AREA": "CBC07", "DISTRICT": "3", "FACET_GRID": "O15", "CONSTRUCTION_TECHNIQUE": "unknown", "CONNECTN_TYPE": null, "CONNECTN_CONDITION": null, "DATE_OF_PERMIT": null, "SPECIAL_INSTRUCTIONS": null, "TV_CONDITION": "Good", "TV_LAST_INSPECTION_DATE": 1416816000000, "TV_INCOMPLETE": "No", "TV_NEXT_INSPECTED_DATE": null, "LAST_INSPECTED_OK": null, "DATE_LAST_CLEANING_REQ": null, "DT_LAST_CLEANED": 1237878000000, "INSPECTED_USER_ID": null, "CLEAN_USER_ID": "ENSOCM", "FURTHER_WORK_REQUIRED": "No", "FURTHERWORK_COMPLETED": "No", "WORK_ID": "ENSOCM", "PARALLEL_LINE_NO": null, "DISTANCE": 119.7, "MAP_TOOLTIP": "120.13 - 200 SAN n/a 2.52 % 1989 2", "HC_FID": null, "SUBAREA": "O15", "DEPTH_AT_PL": null, "DEPTH_AT_PL_BELOW_CL": null, "OFFSET_DIRECTION": null, "OFFSET_FROM_PL": null, "DIAMETER_INSIDE": 200, "NAMENUMBER": null, "TO_MAIN_FID": null, "PERMIT_NUMBER": null, "STREET_NAME": "W 20TH AV", "HUNDRED_BLOCK": "600", "HCORACLEID": null, "AS_BUILT": "Yes", "LASTUPDATE_iso": "2015-01-26", "INSTALLDATE_iso": "1989-01-01", "TV_LAST_INSPECTION_DATE_iso": "2014-11-24", "DT_LAST_CLEANED_iso": "2009-03-24"}, "geometry": {"type": "LineString", "coordinates": [[-123.11851747193126, 49.253402170491], [-123.12016746330437, 49.25343651899811]]}}, {"type": "Feature", "properties": {"SHAPE_Length": 3.41588773329786, "OBJECTID": 136444701, "COV_SOURCE_KEY": "492672", "LASTUPDATE": 1723275023000, "TBFID": 492672, "UNIT_DESCRIPTION": "FUT. CAP & LEAD", "INSTALLDATE": 1184137200000, "LANE_LOCATION": null, "PIPE_USE": "Main", "SERVICE_STATUS": "In Service", "EFFLUENT_TYPE": "Sanitary", "TB_LENGTH": 3.42, "GRADE": 0.29, "MATERIAL": "Polyvinyl Chloride", "VALIDATION_DATE": null, "BUN": null, "UPSTREAM_INVERT": 71.15, "UPSTRM_INVERT_ESTIMATED": "No", "DWNSTREAM_INVERT": 71.14, "DNSTRM_INVERT_ESTIMATED": "No", "RAMP_TYPE": null, "PIPE_SHAPE": "Round", "HEIGHT_MM": 0, "WIDTH_MM": 0, "SECTION_NAME": null, "FLOW_CATEGORY": "Gravity", "NORMAL_PRESSURE": 0, "LINING_MATERIAL": "blank", "ON_PILES": "No", "ON_SLAB": "No", "NFB_NOTATION": null, "DRAWING_NUMBER": null, "PP_NUMBER": null, "NFB_ELEVATION": 0, "NFB_TYPE": "blank", "WET_WEATHER_ONLY": "No", "REMARKS": null, "LEGACY_ID": "__FNG9QJ", "SOIL_TYPE": "blank", "SOIL_CONDITION": "blank", "TYPE_OF_FILL": null, "OWNEDBY": "COVAV", "OPERATOR": null, "UNIT_ID": "127212", "MAIN_KEY_1": 351044, "MAIN_COMP1": "32", "UNIT_ID_2": "408720", "MAIN_KEY_2": 15107, "MAIN_COMP2": 30, "COMPKEY": 377771, "MAIN_KEY": 17327, "COMPTYPE": 31, "UPDATED_BY": "ENHANMGETASK", "ADDRESS_KEY": 157447, "TB_AREA": "CBC07", "DISTRICT": "3", "FACET_GRID": " ", "CONSTRUCTION_TECHNIQUE": "unknown", "CONNECTN_TYPE": null, "CONNECTN_CONDITION": "{null}", "DATE_OF_PERMIT": null, "SPECIAL_INSTRUCTIONS": null, "TV_CONDITION": "Very Good", "TV_LAST_INSPECTION_DATE": 1718694000000, "TV_INCOMPLETE": "No", "TV_NEXT_INSPECTED_DATE": null, "LAST_INSPECTED_OK": null, "DATE_LAST_CLEANING_REQ": null, "DT_LAST_CLEANED": null, "INSPECTED_USER_ID": null, "CLEAN_USER_ID": null, "FURTHER_WORK_REQUIRED": "No", "FURTHERWORK_COMPLETED": "No", "WORK_ID": null, "PARALLEL_LINE_NO": null, "DISTANCE": 3.42, "MAP_TOOLTIP": "3.42 - 200 SAN n/a 0.29 % 2007 1", "HC_FID": null, "SUBAREA": " ", "DEPTH_AT_PL": null, "DEPTH_AT_PL_BELOW_CL": null, "OFFSET_DIRECTION": null, "OFFSET_FROM_PL": null, "DIAMETER_INSIDE": 200, "NAMENUMBER": null, "TO_MAIN_FID": null, "PERMIT_NUMBER": null, "STREET_NAME": "CLANCY LORANGER WAY", "HUNDRED_BLOCK": "4500", "HCORACLEID": null, "AS_BUILT": "Yes", "LASTUPDATE_iso": "2024-08-10", "INSTALLDATE_iso": "2007-07-11", "TV_LAST_INSPECTION_DATE_iso": "2024-06-18"}, "geometry": {"type": "LineString", "coordinates": [[-123.10806966332878, 49.24340101204659], [-123.10805201527133, 49.2433725406345]]}}, {"type": "Feature", "properties": {"SHAPE_Length": 20.276165811789387, "OBJECTID": 136445130, "COV_SOURCE_KEY": "489178", "LASTUPDATE": 1764232226000, "TBFID": 489178, "UNIT_DESCRIPTION": null, "INSTALLDATE": 94723200000, "LANE_LOCATION": null, "PIPE_USE": "Main", "SERVICE_STATUS": "In Service", "EFFLUENT_TYPE": "Sanitary", "TB_LENGTH": 20.28, "GRADE": 7, "MATERIAL": "Vitrified Clay", "VALIDATION_DATE": null, "BUN": null, "UPSTREAM_INVERT": 75.73, "UPSTRM_INVERT_ESTIMATED": "No", "DWNSTREAM_INVERT": 74.31, "DNSTRM_INVERT_ESTIMATED": "No", "RAMP_TYPE": null, "PIPE_SHAPE": "Round", "HEIGHT_MM": 0, "WIDTH_MM": 0, "SECTION_NAME": null, "FLOW_CATEGORY": "Gravity", "NORMAL_PRESSURE": 0, "LINING_MATERIAL": "blank", "ON_PILES": "No", "ON_SLAB": "No", "NFB_NOTATION": null, "DRAWING_NUMBER": null, "PP_NUMBER": "T90", "NFB_ELEVATION": 0, "NFB_TYPE": "blank", "WET_WEATHER_ONLY": "No", "REMARKS": null, "LEGACY_ID": "__FJC0BA", "SOIL_TYPE": "blank", "SOIL_CONDITION": "blank", "TYPE_OF_FILL": null, "OWNEDBY": "COVAV", "OPERATOR": " ", "UNIT_ID": "410014", "MAIN_KEY_1": 16549, "MAIN_COMP1": "30", "UNIT_ID_2": "410003", "MAIN_KEY_2": 16538, "MAIN_COMP2": 30, "COMPKEY": 372480, "MAIN_KEY": 12036, "COMPTYPE": 31, "UPDATED_BY": "ENHANMGETASK", "ADDRESS_KEY": 149380, "TB_AREA": "CBC06", "DISTRICT": "3", "FACET_GRID": "N17", "CONSTRUCTION_TECHNIQUE": "unknown", "CONNECTN_TYPE": null, "CONNECTN_CONDITION": null, "DATE_OF_PERMIT": null, "SPECIAL_INSTRUCTIONS": null, "TV_CONDITION": "Good/Fair", "TV_LAST_INSPECTION_DATE": 1755586800000, "TV_INCOMPLETE": "No", "TV_NEXT_INSPECTED_DATE": null, "LAST_INSPECTED_OK": null, "DATE_LAST_CLEANING_REQ": null, "DT_LAST_CLEANED": null, "INSPECTED_USER_ID": null, "CLEAN_USER_ID": null, "FURTHER_WORK_REQUIRED": "No", "FURTHERWORK_COMPLETED": "No", "WORK_ID": null, "PARALLEL_LINE_NO": null, "DISTANCE": 20.3, "MAP_TOOLTIP": "20.28 - 250 SAN n/a 7.00 % 1973 3", "HC_FID": null, "SUBAREA": "N17", "DEPTH_AT_PL": null, "DEPTH_AT_PL_BELOW_CL": null, "OFFSET_DIRECTION": null, "OFFSET_FROM_PL": null, "DIAMETER_INSIDE": 250, "NAMENUMBER": null, "TO_MAIN_FID": null, "PERMIT_NUMBER": null, "STREET_NAME": "W 33RD AV", "HUNDRED_BLOCK": "800", "HCORACLEID": null, "AS_BUILT": "Yes", "LASTUPDATE_iso": "2025-11-27", "INSTALLDATE_iso": "1973-01-01", "TV_LAST_INSPECTION_DATE_iso": "2025-08-19"}, "geometry": {"type": "LineString", "coordinates": [[-123.12469628133107, 49.24128642869736], [-123.1249718046133, 49.24131329661353]]}}, {"type": "Feature", "properties": {"SHAPE_Length": 124.75238524729599, "OBJECTID": 136445147, "COV_SOURCE_KEY": "493395", "LASTUPDATE": 1655796624000, "TBFID": 493395, "UNIT_DESCRIPTION": null, "INSTALLDATE": 1184137200000, "LANE_LOCATION": null, "PIPE_USE": "Main", "SERVICE_STATUS": "In Service", "EFFLUENT_TYPE": "Sanitary", "TB_LENGTH": 124.75, "GRADE": 0.55, "MATERIAL": "Vitrified Clay", "VALIDATION_DATE": null, "BUN": null, "UPSTREAM_INVERT": 71.04, "UPSTRM_INVERT_ESTIMATED": "No", "DWNSTREAM_INVERT": 70.35, "DNSTRM_INVERT_ESTIMATED": "No", "RAMP_TYPE": null, "PIPE_SHAPE": "Round", "HEIGHT_MM": 0, "WIDTH_MM": 0, "SECTION_NAME": null, "FLOW_CATEGORY": "Gravity", "NORMAL_PRESSURE": 0, "LINING_MATERIAL": "blank", "ON_PILES": "No", "ON_SLAB": "No", "NFB_NOTATION": null, "DRAWING_NUMBER": null, "PP_NUMBER": null, "NFB_ELEVATION": 0, "NFB_TYPE": "blank", "WET_WEATHER_ONLY": "No", "REMARKS": null, "LEGACY_ID": "__FNG9R2", "SOIL_TYPE": "blank", "SOIL_CONDITION": "blank", "TYPE_OF_FILL": null, "OWNEDBY": "COVAV", "OPERATOR": null, "UNIT_ID": "414595", "MAIN_KEY_1": 21462, "MAIN_COMP1": "30", "UNIT_ID_2": "396501", "MAIN_KEY_2": 2816, "MAIN_COMP2": 30, "COMPKEY": 377722, "MAIN_KEY": 17278, "COMPTYPE": 31, "UPDATED_BY": "ENHANMGETASK", "ADDRESS_KEY": 157447, "TB_AREA": "CBC07", "DISTRICT": "3", "FACET_GRID": " ", "CONSTRUCTION_TECHNIQUE": "unknown", "CONNECTN_TYPE": null, "CONNECTN_CONDITION": "{null}", "DATE_OF_PERMIT": null, "SPECIAL_INSTRUCTIONS": null, "TV_CONDITION": "Good", "TV_LAST_INSPECTION_DATE": 1653030000000, "TV_INCOMPLETE": "No", "TV_NEXT_INSPECTED_DATE": null, "LAST_INSPECTED_OK": null, "DATE_LAST_CLEANING_REQ": null, "DT_LAST_CLEANED": 1315292400000, "INSPECTED_USER_ID": null, "CLEAN_USER_ID": null, "FURTHER_WORK_REQUIRED": "No", "FURTHERWORK_COMPLETED": "No", "WORK_ID": "228189", "PARALLEL_LINE_NO": null, "DISTANCE": 125.23, "MAP_TOOLTIP": "124.75 - 250 SAN n/a 0.55 % 2007 2", "HC_FID": null, "SUBAREA": " ", "DEPTH_AT_PL": null, "DEPTH_AT_PL_BELOW_CL": null, "OFFSET_DIRECTION": null, "OFFSET_FROM_PL": null, "DIAMETER_INSIDE": 250, "NAMENUMBER": null, "TO_MAIN_FID": null, "PERMIT_NUMBER": null, "STREET_NAME": "CLANCY LORANGER WAY", "HUNDRED_BLOCK": "4500", "HCORACLEID": null, "AS_BUILT": "Yes", "LASTUPDATE_iso": "2022-06-21", "INSTALLDATE_iso": "2007-07-11", "TV_LAST_INSPECTION_DATE_iso": "2022-05-20", "DT_LAST_CLEANED_iso": "2011-09-06"}, "geometry": {"type": "LineString", "coordinates": [[-123.10797181667525, 49.2432383616833], [-123.1063772215931, 49.243649834897816]]}}, {"type": "Feature", "properties": {"SHAPE_Length": 25.445927160609433, "OBJECTID": 136445776, "COV_SOURCE_KEY": "493819", "LASTUPDATE": 1656574229000, "TBFID": 493819, "UNIT_DESCRIPTION": null, "INSTALLDATE": 788947200000, "LANE_LOCATION": null, "PIPE_USE": "Main", "SERVICE_STATUS": "In Service", "EFFLUENT_TYPE": "Sanitary", "TB_LENGTH": 25.45, "GRADE": 2.08, "MATERIAL": "Polyvinyl Chloride", "VALIDATION_DATE": null, "BUN": null, "UPSTREAM_INVERT": 54.18, "UPSTRM_INVERT_ESTIMATED": "No", "DWNSTREAM_INVERT": 53.65, "DNSTRM_INVERT_ESTIMATED": "No", "RAMP_TYPE": null, "PIPE_SHAPE": "Round", "HEIGHT_MM": 0, "WIDTH_MM": 0, "SECTION_NAME": null, "FLOW_CATEGORY": "Gravity", "NORMAL_PRESSURE": 0, "LINING_MATERIAL": "blank", "ON_PILES": "No", "ON_SLAB": "No", "NFB_NOTATION": null, "DRAWING_NUMBER": null, "PP_NUMBER": "S39", "NFB_ELEVATION": 0, "NFB_TYPE": "blank", "WET_WEATHER_ONLY": "No", "REMARKS": null, "LEGACY_ID": "__FJCFAA", "SOIL_TYPE": "SOFT CLAY", "SOIL_CONDITION": "blank", "TYPE_OF_FILL": null, "OWNEDBY": "COVAV", "OPERATOR": "COVAV", "UNIT_ID": "400524", "MAIN_KEY_1": 6987, "MAIN_COMP1": "30", "UNIT_ID_2": "423731", "MAIN_KEY_2": 29831, "MAIN_COMP2": 30, "COMPKEY": 378719, "MAIN_KEY": 18275, "COMPTYPE": 31, "UPDATED_BY": "ENHANMGETASK", "ADDRESS_KEY": 152897, "TB_AREA": "CBC07", "DISTRICT": "3", "FACET_GRID": "P14", "CONSTRUCTION_TECHNIQUE": "unknown", "CONNECTN_TYPE": null, "CONNECTN_CONDITION": null, "DATE_OF_PERMIT": null, "SPECIAL_INSTRUCTIONS": null, "TV_CONDITION": "Very Good", "TV_LAST_INSPECTION_DATE": 1650351600000, "TV_INCOMPLETE": "No", "TV_NEXT_INSPECTED_DATE": null, "LAST_INSPECTED_OK": null, "DATE_LAST_CLEANING_REQ": null, "DT_LAST_CLEANED": null, "INSPECTED_USER_ID": null, "CLEAN_USER_ID": null, "FURTHER_WORK_REQUIRED": "No", "FURTHERWORK_COMPLETED": "No", "WORK_ID": null, "PARALLEL_LINE_NO": null, "DISTANCE": 25.5, "MAP_TOOLTIP": "25.45 - 150 SAN n/a 2.08 % 1995 1", "HC_FID": null, "SUBAREA": "P14", "DEPTH_AT_PL": null, "DEPTH_AT_PL_BELOW_CL": null, "OFFSET_DIRECTION": null, "OFFSET_FROM_PL": null, "DIAMETER_INSIDE": 150, "NAMENUMBER": null, "TO_MAIN_FID": null, "PERMIT_NUMBER": null, "STREET_NAME": "COLUMBIA ST", "HUNDRED_BLOCK": "3200", "HCORACLEID": null, "AS_BUILT": "Yes", "LASTUPDATE_iso": "2022-06-30", "INSTALLDATE_iso": "1995-01-01", "TV_LAST_INSPECTION_DATE_iso": "2022-04-19"}, "geometry": {"type": "LineString", "coordinates": [[-123.10981159110985, 49.25601479936443], [-123.10979897438361, 49.256243541764725]]}}, {"type": "Feature", "properties": {"SHAPE_Length": 63.50889138602473, "OBJECTID": 136445811, "COV_SOURCE_KEY": "493575", "LASTUPDATE": 1674721836000, "TBFID": 493575, "UNIT_DESCRIPTION": null, "INSTALLDATE": 1181199600000, "LANE_LOCATION": null, "PIPE_USE": "Main", "SERVICE_STATUS": "In Service", "EFFLUENT_TYPE": "Sanitary", "TB_LENGTH": 63.51, "GRADE": 0.43, "MATERIAL": "Polyvinyl Chloride", "VALIDATION_DATE": null, "BUN": null, "UPSTREAM_INVERT": 51.32, "UPSTRM_INVERT_ESTIMATED": "No", "DWNSTREAM_INVERT": 51.05, "DNSTRM_INVERT_ESTIMATED": "No", "RAMP_TYPE": null, "PIPE_SHAPE": "Round", "HEIGHT_MM": 0, "WIDTH_MM": 0, "SECTION_NAME": null, "FLOW_CATEGORY": "Gravity", "NORMAL_PRESSURE": 0, "LINING_MATERIAL": "blank", "ON_PILES": "No", "ON_SLAB": "No", "NFB_NOTATION": null, "DRAWING_NUMBER": null, "PP_NUMBER": null, "NFB_ELEVATION": 0, "NFB_TYPE": "blank", "WET_WEATHER_ONLY": "No", "REMARKS": null, "LEGACY_ID": "__FNJGTN", "SOIL_TYPE": "blank", "SOIL_CONDITION": "blank", "TYPE_OF_FILL": null, "OWNEDBY": "COVAV", "OPERATOR": " ", "UNIT_ID": "419639", "MAIN_KEY_1": 25378, "MAIN_COMP1": "30", "UNIT_ID_2": "419641", "MAIN_KEY_2": 25380, "MAIN_COMP2": 30, "COMPKEY": 379212, "MAIN_KEY": 18768, "COMPTYPE": 31, "UPDATED_BY": "ENHANMGETASK", "ADDRESS_KEY": 148119, "TB_AREA": "CBC07", "DISTRICT": "3", "FACET_GRID": "O14", "CONSTRUCTION_TECHNIQUE": "unknown", "CONNECTN_TYPE": null, "CONNECTN_CONDITION": null, "DATE_OF_PERMIT": null, "SPECIAL_INSTRUCTIONS": null, "TV_CONDITION": "Very Good", "TV_LAST_INSPECTION_DATE": 1672387200000, "TV_INCOMPLETE": "No", "TV_NEXT_INSPECTED_DATE": null, "LAST_INSPECTED_OK": null, "DATE_LAST_CLEANING_REQ": null, "DT_LAST_CLEANED": null, "INSPECTED_USER_ID": null, "CLEAN_USER_ID": null, "FURTHER_WORK_REQUIRED": "No", "FURTHERWORK_COMPLETED": "No", "WORK_ID": null, "PARALLEL_LINE_NO": null, "DISTANCE": 63.51, "MAP_TOOLTIP": "63.51 - 200 SAN n/a 0.43 % 2007 1", "HC_FID": null, "SUBAREA": "O14", "DEPTH_AT_PL": null, "DEPTH_AT_PL_BELOW_CL": null, "OFFSET_DIRECTION": null, "OFFSET_FROM_PL": null, "DIAMETER_INSIDE": 200, "NAMENUMBER": null, "TO_MAIN_FID": null, "PERMIT_NUMBER": null, "STREET_NAME": "W 16TH AV", "HUNDRED_BLOCK": "500", "HCORACLEID": null, "AS_BUILT": "Yes", "LASTUPDATE_iso": "2023-01-26", "INSTALLDATE_iso": "2007-06-07", "TV_LAST_INSPECTION_DATE_iso": "2022-12-30"}, "geometry": {"type": "LineString", "coordinates": [[-123.11579655560949, 49.256932602999264], [-123.1166689982058, 49.25694865431402]]}}, {"type": "Feature", "properties": {"SHAPE_Length": 115.8809271834093, "OBJECTID": 136446002, "COV_SOURCE_KEY": "494445", "LASTUPDATE": 1674894619000, "TBFID": 494445, "UNIT_DESCRIPTION": null, "INSTALLDATE": 852105600000, "LANE_LOCATION": null, "PIPE_USE": "Main", "SERVICE_STATUS": "In Service", "EFFLUENT_TYPE": "Sanitary", "TB_LENGTH": 115.88, "GRADE": 3.12, "MATERIAL": "VIT", "VALIDATION_DATE": null, "BUN": null, "UPSTREAM_INVERT": 77.65, "UPSTRM_INVERT_ESTIMATED": "No", "DWNSTREAM_INVERT": 74.03, "DNSTRM_INVERT_ESTIMATED": "No", "RAMP_TYPE": null, "PIPE_SHAPE": "blank", "HEIGHT_MM": 0, "WIDTH_MM": 0, "SECTION_NAME": null, "FLOW_CATEGORY": "Gravity", "NORMAL_PRESSURE": 0, "LINING_MATERIAL": "blank", "ON_PILES": "No", "ON_SLAB": "No", "NFB_NOTATION": null, "DRAWING_NUMBER": null, "PP_NUMBER": null, "NFB_ELEVATION": 0, "NFB_TYPE": "blank", "WET_WEATHER_ONLY": "No", "REMARKS": null, "LEGACY_ID": "__FJBSIJ", "SOIL_TYPE": "blank", "SOIL_CONDITION": "blank", "TYPE_OF_FILL": null, "OWNEDBY": "COVAV", "OPERATOR": " ", "UNIT_ID": "413233", "MAIN_KEY_1": 19619, "MAIN_COMP1": "30", "UNIT_ID_2": "413229", "MAIN_KEY_2": 19615, "MAIN_COMP2": 30, "COMPKEY": 380952, "MAIN_KEY": 20508, "COMPTYPE": 31, "UPDATED_BY": "ENHANMGETASK", "ADDRESS_KEY": 149419, "TB_AREA": "CBC06", "DISTRICT": "3", "FACET_GRID": "N17", "CONSTRUCTION_TECHNIQUE": "unknown", "CONNECTN_TYPE": null, "CONNECTN_CONDITION": null, "DATE_OF_PERMIT": null, "SPECIAL_INSTRUCTIONS": null, "TV_CONDITION": "Good", "TV_LAST_INSPECTION_DATE": 1671091200000, "TV_INCOMPLETE": "No", "TV_NEXT_INSPECTED_DATE": null, "LAST_INSPECTED_OK": null, "DATE_LAST_CLEANING_REQ": null, "DT_LAST_CLEANED": null, "INSPECTED_USER_ID": null, "CLEAN_USER_ID": null, "FURTHER_WORK_REQUIRED": "No", "FURTHERWORK_COMPLETED": "No", "WORK_ID": null, "PARALLEL_LINE_NO": null, "DISTANCE": 116.6, "MAP_TOOLTIP": "115.88 - 300 SAN n/a 3.12 % 1997 2", "HC_FID": null, "SUBAREA": "N17", "DEPTH_AT_PL": null, "DEPTH_AT_PL_BELOW_CL": null, "OFFSET_DIRECTION": null, "OFFSET_FROM_PL": null, "DIAMETER_INSIDE": 300, "NAMENUMBER": null, "TO_MAIN_FID": null, "PERMIT_NUMBER": null, "STREET_NAME": "W 33RD AV", "HUNDRED_BLOCK": "1000", "HCORACLEID": null, "AS_BUILT": "Yes", "LASTUPDATE_iso": "2023-01-28", "INSTALLDATE_iso": "1997-01-01", "TV_LAST_INSPECTION_DATE_iso": "2022-12-15"}, "geometry": {"type": "LineString", "coordinates": [[-123.13012020644247, 49.241514062483944], [-123.12853079644584, 49.241454332238256]]}}, {"type": "Feature", "properties": {"SHAPE_Length": 99.5969303940384, "OBJECTID": 136446065, "COV_SOURCE_KEY": "489202", "LASTUPDATE": 1768429287000, "TBFID": 489202, "UNIT_DESCRIPTION": null, "INSTALLDATE": 94723200000, "LANE_LOCATION": "blank", "PIPE_USE": "Main", "SERVICE_STATUS": "In Service", "EFFLUENT_TYPE": "Sanitary", "TB_LENGTH": 99.6, "GRADE": 0.87, "MATERIAL": "Vitrified Clay", "VALIDATION_DATE": null, "BUN": null, "UPSTREAM_INVERT": 67.43, "UPSTRM_INVERT_ESTIMATED": "No", "DWNSTREAM_INVERT": 66.56, "DNSTRM_INVERT_ESTIMATED": "No", "RAMP_TYPE": null, "PIPE_SHAPE": "Round", "HEIGHT_MM": 0, "WIDTH_MM": 0, "SECTION_NAME": null, "FLOW_CATEGORY": "Gravity", "NORMAL_PRESSURE": 0, "LINING_MATERIAL": "blank", "ON_PILES": "No", "ON_SLAB": "No", "NFB_NOTATION": null, "DRAWING_NUMBER": "DB155", "PP_NUMBER": "T56", "NFB_ELEVATION": 0, "NFB_TYPE": "blank", "WET_WEATHER_ONLY": "No", "REMARKS": null, "LEGACY_ID": "__FJC2MS", "SOIL_TYPE": "blank", "SOIL_CONDITION": "blank", "TYPE_OF_FILL": null, "OWNEDBY": "COVAV", "OPERATOR": null, "UNIT_ID": "396610", "MAIN_KEY_1": 2757, "MAIN_COMP1": "30", "UNIT_ID_2": "396603", "MAIN_KEY_2": 2750, "MAIN_COMP2": 30, "COMPKEY": 371905, "MAIN_KEY": 11461, "COMPTYPE": 31, "UPDATED_BY": "XUG16", "ADDRESS_KEY": 148915, "TB_AREA": "CBC08", "DISTRICT": "1", "FACET_GRID": "P15", "CONSTRUCTION_TECHNIQUE": "unknown", "CONNECTN_TYPE": null, "CONNECTN_CONDITION": "{null}", "DATE_OF_PERMIT": null, "SPECIAL_INSTRUCTIONS": null, "TV_CONDITION": "Very Good", "TV_LAST_INSPECTION_DATE": 1578384000000, "TV_INCOMPLETE": "No", "TV_NEXT_INSPECTED_DATE": null, "LAST_INSPECTED_OK": null, "DATE_LAST_CLEANING_REQ": null, "DT_LAST_CLEANED": null, "INSPECTED_USER_ID": null, "CLEAN_USER_ID": null, "FURTHER_WORK_REQUIRED": "No", "FURTHERWORK_COMPLETED": "No", "WORK_ID": null, "PARALLEL_LINE_NO": null, "DISTANCE": 99.4, "MAP_TOOLTIP": "99.6 - 150 SAN n/a 0.87 % 1973 1", "HC_FID": null, "SUBAREA": "P15", "DEPTH_AT_PL": null, "DEPTH_AT_PL_BELOW_CL": null, "OFFSET_DIRECTION": null, "OFFSET_FROM_PL": null, "DIAMETER_INSIDE": 150, "NAMENUMBER": null, "TO_MAIN_FID": null, "PERMIT_NUMBER": null, "STREET_NAME": "E 21ST AV", "HUNDRED_BLOCK": "000", "HCORACLEID": null, "AS_BUILT": "Yes", "LASTUPDATE_iso": "2026-01-14", "INSTALLDATE_iso": "1973-01-01", "TV_LAST_INSPECTION_DATE_iso": "2020-01-07"}, "geometry": {"type": "LineString", "coordinates": [[-123.10426410710049, 49.25184452782089], [-123.10289596950466, 49.25182135933322]]}}, {"type": "Feature", "properties": {"SHAPE_Length": 0.9994208320943202, "OBJECTID": 136446543, "COV_SOURCE_KEY": "496257", "LASTUPDATE": 1743444092000, "TBFID": 496257, "UNIT_DESCRIPTION": null, "INSTALLDATE": 599644800000, "LANE_LOCATION": "Lane South", "PIPE_USE": "Main", "SERVICE_STATUS": "In Service", "EFFLUENT_TYPE": "Sanitary", "TB_LENGTH": 1, "GRADE": 0, "MATERIAL": "Vitrified Clay", "VALIDATION_DATE": null, "BUN": null, "UPSTREAM_INVERT": 0, "UPSTRM_INVERT_ESTIMATED": "No", "DWNSTREAM_INVERT": 0, "DNSTRM_INVERT_ESTIMATED": "No", "RAMP_TYPE": null, "PIPE_SHAPE": "blank", "HEIGHT_MM": 0, "WIDTH_MM": 0, "SECTION_NAME": null, "FLOW_CATEGORY": "Gravity", "NORMAL_PRESSURE": 0, "LINING_MATERIAL": "blank", "ON_PILES": "No", "ON_SLAB": "No", "NFB_NOTATION": null, "DRAWING_NUMBER": null, "PP_NUMBER": "S64", "NFB_ELEVATION": 0, "NFB_TYPE": "blank", "WET_WEATHER_ONLY": "No", "REMARKS": null, "LEGACY_ID": "__FJCIQF", "SOIL_TYPE": "blank", "SOIL_CONDITION": "blank", "TYPE_OF_FILL": null, "OWNEDBY": "COVAV", "OPERATOR": "COVAV", "UNIT_ID": "397739", "MAIN_KEY_1": 3934, "MAIN_COMP1": "30", "UNIT_ID_2": "396577", "MAIN_KEY_2": 2724, "MAIN_COMP2": 30, "COMPKEY": 382436, "MAIN_KEY": 21992, "COMPTYPE": 31, "UPDATED_BY": "sil25", "ADDRESS_KEY": 156286, "TB_AREA": "CBC07", "DISTRICT": "3", "FACET_GRID": "O14", "CONSTRUCTION_TECHNIQUE": "unknown", "CONNECTN_TYPE": null, "CONNECTN_CONDITION": "{null}", "DATE_OF_PERMIT": null, "SPECIAL_INSTRUCTIONS": null, "TV_CONDITION": "Very Good", "TV_LAST_INSPECTION_DATE": 1654844400000, "TV_INCOMPLETE": "No", "TV_NEXT_INSPECTED_DATE": null, "LAST_INSPECTED_OK": null, "DATE_LAST_CLEANING_REQ": null, "DT_LAST_CLEANED": null, "INSPECTED_USER_ID": null, "CLEAN_USER_ID": null, "FURTHER_WORK_REQUIRED": "No", "FURTHERWORK_COMPLETED": "No", "WORK_ID": null, "PARALLEL_LINE_NO": null, "DISTANCE": 0, "MAP_TOOLTIP": "1 - 200 SAN n/a 0.00 % 1989 1", "HC_FID": null, "SUBAREA": "O14", "DEPTH_AT_PL": null, "DEPTH_AT_PL_BELOW_CL": null, "OFFSET_DIRECTION": null, "OFFSET_FROM_PL": null, "DIAMETER_INSIDE": 200, "NAMENUMBER": null, "TO_MAIN_FID": null, "PERMIT_NUMBER": null, "STREET_NAME": "W 17TH AV", "HUNDRED_BLOCK": "400", "HCORACLEID": null, "AS_BUILT": "Yes", "LASTUPDATE_iso": "2025-03-31", "INSTALLDATE_iso": "1989-01-01", "TV_LAST_INSPECTION_DATE_iso": "2022-06-10"}, "geometry": {"type": "LineString", "coordinates": [[-123.11270363308168, 49.25532603906071], [-123.11268990393722, 49.25532579159092]]}}, {"type": "Feature", "properties": {"SHAPE_Length": 143.52299965179665, "OBJECTID": 136446562, "COV_SOURCE_KEY": "495997", "LASTUPDATE": 1750782854000, "TBFID": 495997, "UNIT_DESCRIPTION": null, "INSTALLDATE": 599644800000, "LANE_LOCATION": "Lane North", "PIPE_USE": "Main", "SERVICE_STATUS": "In Service", "EFFLUENT_TYPE": "Sanitary", "TB_LENGTH": 143.52299965, "GRADE": 2.22, "MATERIAL": "Polyvinyl Chloride", "VALIDATION_DATE": null, "BUN": null, "UPSTREAM_INVERT": 53.41, "UPSTRM_INVERT_ESTIMATED": "No", "DWNSTREAM_INVERT": 50.22, "DNSTRM_INVERT_ESTIMATED": "No", "RAMP_TYPE": "Closed", "PIPE_SHAPE": "Round", "HEIGHT_MM": 0, "WIDTH_MM": 0, "SECTION_NAME": null, "FLOW_CATEGORY": "Gravity", "NORMAL_PRESSURE": 0, "LINING_MATERIAL": "blank", "ON_PILES": "No", "ON_SLAB": "No", "NFB_NOTATION": null, "DRAWING_NUMBER": "DB1224", "PP_NUMBER": "S39", "NFB_ELEVATION": 0, "NFB_TYPE": "blank", "WET_WEATHER_ONLY": "No", "REMARKS": "C/R", "LEGACY_ID": "__FJC3W1", "SOIL_TYPE": "blank", "SOIL_CONDITION": "blank", "TYPE_OF_FILL": null, "OWNEDBY": "COVAV", "OPERATOR": null, "UNIT_ID": "411890", "MAIN_KEY_1": 17416, "MAIN_COMP1": "30", "UNIT_ID_2": "1505816", "MAIN_KEY_2": 791252, "MAIN_COMP2": 30, "COMPKEY": 381761, "MAIN_KEY": 21317, "COMPTYPE": 31, "UPDATED_BY": "XUG16", "ADDRESS_KEY": 152498, "TB_AREA": "CBC08", "DISTRICT": "1", "FACET_GRID": "P14", "CONSTRUCTION_TECHNIQUE": "unknown", "CONNECTN_TYPE": null, "CONNECTN_CONDITION": "{null}", "DATE_OF_PERMIT": null, "SPECIAL_INSTRUCTIONS": null, "TV_CONDITION": "Very Good", "TV_LAST_INSPECTION_DATE": 1648018800000, "TV_INCOMPLETE": "No", "TV_NEXT_INSPECTED_DATE": null, "LAST_INSPECTED_OK": null, "DATE_LAST_CLEANING_REQ": null, "DT_LAST_CLEANED": null, "INSPECTED_USER_ID": null, "CLEAN_USER_ID": null, "FURTHER_WORK_REQUIRED": "No", "FURTHERWORK_COMPLETED": "No", "WORK_ID": null, "PARALLEL_LINE_NO": null, "DISTANCE": 142.1, "MAP_TOOLTIP": "143.52 - 200 SAN n/a 2.22 % 1989 1", "HC_FID": null, "SUBAREA": "P14", "DEPTH_AT_PL": null, "DEPTH_AT_PL_BELOW_CL": null, "OFFSET_DIRECTION": null, "OFFSET_FROM_PL": null, "DIAMETER_INSIDE": 200, "NAMENUMBER": null, "TO_MAIN_FID": null, "PERMIT_NUMBER": null, "STREET_NAME": "E 17TH AV", "HUNDRED_BLOCK": "000", "HCORACLEID": null, "AS_BUILT": "Yes", "LASTUPDATE_iso": "2025-06-24", "INSTALLDATE_iso": "1989-01-01", "TV_LAST_INSPECTION_DATE_iso": "2022-03-23"}, "geometry": {"type": "LineString", "coordinates": [[-123.10519176817407, 49.25616264353392], [-123.10716322293332, 49.25620200291866]]}}, {"type": "Feature", "properties": {"SHAPE_Length": 11.582486779676712, "OBJECTID": 136446611, "COV_SOURCE_KEY": "496434", "LASTUPDATE": 1764232229000, "TBFID": 496434, "UNIT_DESCRIPTION": null, "INSTALLDATE": 94723200000, "LANE_LOCATION": null, "PIPE_USE": "Main", "SERVICE_STATUS": "In Service", "EFFLUENT_TYPE": "Sanitary", "TB_LENGTH": 11.58248678, "GRADE": -717.29, "MATERIAL": "Vitrified Clay", "VALIDATION_DATE": null, "BUN": null, "UPSTREAM_INVERT": 0, "UPSTRM_INVERT_ESTIMATED": "No", "DWNSTREAM_INVERT": 83.08, "DNSTRM_INVERT_ESTIMATED": "No", "RAMP_TYPE": null, "PIPE_SHAPE": "Round", "HEIGHT_MM": 0, "WIDTH_MM": 0, "SECTION_NAME": null, "FLOW_CATEGORY": "Gravity", "NORMAL_PRESSURE": 0, "LINING_MATERIAL": "blank", "ON_PILES": "No", "ON_SLAB": "No", "NFB_NOTATION": null, "DRAWING_NUMBER": null, "PP_NUMBER": "T90", "NFB_ELEVATION": 0, "NFB_TYPE": "blank", "WET_WEATHER_ONLY": "No", "REMARKS": null, "LEGACY_ID": "__FJC0BE", "SOIL_TYPE": "blank", "SOIL_CONDITION": "blank", "TYPE_OF_FILL": null, "OWNEDBY": "COVAV", "OPERATOR": "COVAV", "UNIT_ID": "410006", "MAIN_KEY_1": 16541, "MAIN_COMP1": "30", "UNIT_ID_2": "409922", "MAIN_KEY_2": 16529, "MAIN_COMP2": 30, "COMPKEY": 382492, "MAIN_KEY": 22048, "COMPTYPE": 31, "UPDATED_BY": "ENHANMGETASK", "ADDRESS_KEY": 149922, "TB_AREA": "CBC07", "DISTRICT": "3", "FACET_GRID": "N17", "CONSTRUCTION_TECHNIQUE": "unknown", "CONNECTN_TYPE": null, "CONNECTN_CONDITION": null, "DATE_OF_PERMIT": null, "SPECIAL_INSTRUCTIONS": null, "TV_CONDITION": "Good/Fair", "TV_LAST_INSPECTION_DATE": 1755586800000, "TV_INCOMPLETE": "No", "TV_NEXT_INSPECTED_DATE": null, "LAST_INSPECTED_OK": null, "DATE_LAST_CLEANING_REQ": null, "DT_LAST_CLEANED": null, "INSPECTED_USER_ID": null, "CLEAN_USER_ID": null, "FURTHER_WORK_REQUIRED": "No", "FURTHERWORK_COMPLETED": "No", "WORK_ID": null, "PARALLEL_LINE_NO": null, "DISTANCE": 11.6, "MAP_TOOLTIP": "11.58 - 200 SAN n/a -717.29 % 1973 3", "HC_FID": null, "SUBAREA": "N17", "DEPTH_AT_PL": null, "DEPTH_AT_PL_BELOW_CL": null, "OFFSET_DIRECTION": null, "OFFSET_FROM_PL": null, "DIAMETER_INSIDE": 200, "NAMENUMBER": null, "TO_MAIN_FID": null, "PERMIT_NUMBER": null, "STREET_NAME": "WILLOW ST", "HUNDRED_BLOCK": "4900", "HCORACLEID": null, "AS_BUILT": "Yes", "LASTUPDATE_iso": "2025-11-27", "INSTALLDATE_iso": "1973-01-01", "TV_LAST_INSPECTION_DATE_iso": "2025-08-19"}, "geometry": {"type": "LineString", "coordinates": [[-123.12282452635436, 49.24111306257477], [-123.1228214874672, 49.241217230710994]]}}, {"type": "Feature", "properties": {"SHAPE_Length": 104.38903067457223, "OBJECTID": 136447466, "COV_SOURCE_KEY": "495926", "LASTUPDATE": 1537255821000, "TBFID": 495926, "UNIT_DESCRIPTION": "Please advise 3768 Heather, Alice phone number 604-889-9843 when we are cleaning this main.  Use lower pressure and wrap the toilet.", "INSTALLDATE": 599644800000, "LANE_LOCATION": null, "PIPE_USE": "Main", "SERVICE_STATUS": "In Service", "EFFLUENT_TYPE": "Sanitary", "TB_LENGTH": 104.38903067, "GRADE": 2.43, "MATERIAL": "Vitrified Clay", "VALIDATION_DATE": null, "BUN": null, "UPSTREAM_INVERT": 52.71, "UPSTRM_INVERT_ESTIMATED": "No", "DWNSTREAM_INVERT": 50.17, "DNSTRM_INVERT_ESTIMATED": "No", "RAMP_TYPE": null, "PIPE_SHAPE": "Round", "HEIGHT_MM": 0, "WIDTH_MM": 0, "SECTION_NAME": null, "FLOW_CATEGORY": "Gravity", "NORMAL_PRESSURE": 0, "LINING_MATERIAL": "blank", "ON_PILES": "No", "ON_SLAB": "No", "NFB_NOTATION": "NFB", "DRAWING_NUMBER": null, "PP_NUMBER": "H60", "NFB_ELEVATION": 0, "NFB_TYPE": "blank", "WET_WEATHER_ONLY": "No", "REMARKS": "Please advise 3768 Heather, Alice phone number 604-889-9843 when we are cleaning this main.  Use lower pressure and wrap the toilet.", "LEGACY_ID": "__FJC2J5", "SOIL_TYPE": "blank", "SOIL_CONDITION": "blank", "TYPE_OF_FILL": null, "OWNEDBY": "COVAV", "OPERATOR": " ", "UNIT_ID": "424096", "MAIN_KEY_1": 29909, "MAIN_COMP1": "30", "UNIT_ID_2": "424101", "MAIN_KEY_2": 29914, "MAIN_COMP2": 30, "COMPKEY": 381445, "MAIN_KEY": 21001, "COMPTYPE": 31, "UPDATED_BY": "ENHANMGETASK", "ADDRESS_KEY": 149889, "TB_AREA": "CBC07", "DISTRICT": "3", "FACET_GRID": "O15", "CONSTRUCTION_TECHNIQUE": "unknown", "CONNECTN_TYPE": null, "CONNECTN_CONDITION": null, "DATE_OF_PERMIT": null, "SPECIAL_INSTRUCTIONS": null, "TV_CONDITION": "Very Good", "TV_LAST_INSPECTION_DATE": 1396854000000, "TV_INCOMPLETE": "Yes", "TV_NEXT_INSPECTED_DATE": null, "LAST_INSPECTED_OK": null, "DATE_LAST_CLEANING_REQ": null, "DT_LAST_CLEANED": null, "INSPECTED_USER_ID": null, "CLEAN_USER_ID": null, "FURTHER_WORK_REQUIRED": "No", "FURTHERWORK_COMPLETED": "No", "WORK_ID": null, "PARALLEL_LINE_NO": null, "DISTANCE": 104.5, "MAP_TOOLTIP": "104.39 - 200 SAN n/a 2.43 % 1989 1", "HC_FID": null, "SUBAREA": "O15", "DEPTH_AT_PL": null, "DEPTH_AT_PL_BELOW_CL": null, "OFFSET_DIRECTION": null, "OFFSET_FROM_PL": null, "DIAMETER_INSIDE": 200, "NAMENUMBER": null, "TO_MAIN_FID": null, "PERMIT_NUMBER": null, "STREET_NAME": "HEATHER ST", "HUNDRED_BLOCK": "3700", "HCORACLEID": null, "AS_BUILT": "Yes", "LASTUPDATE_iso": "2018-09-18", "INSTALLDATE_iso": "1989-01-01", "TV_LAST_INSPECTION_DATE_iso": "2014-04-07"}, "geometry": {"type": "LineString", "coordinates": [[-123.12028453119062, 49.251593338667995], [-123.12024562834274, 49.252531994921014]]}}, {"type": "Feature", "properties": {"SHAPE_Length": 55.62779654932184, "OBJECTID": 136447734, "COV_SOURCE_KEY": "492300", "LASTUPDATE": 1534577421000, "TBFID": 492300, "UNIT_DESCRIPTION": null, "INSTALLDATE": 788947200000, "LANE_LOCATION": "Lane East", "PIPE_USE": "Main", "SERVICE_STATUS": "In Service", "EFFLUENT_TYPE": "Sanitary", "TB_LENGTH": 55.63, "GRADE": 0.29, "MATERIAL": "Vitrified Clay", "VALIDATION_DATE": null, "BUN": null, "UPSTREAM_INVERT": 58.07, "UPSTRM_INVERT_ESTIMATED": "No", "DWNSTREAM_INVERT": 57.91, "DNSTRM_INVERT_ESTIMATED": "No", "RAMP_TYPE": null, "PIPE_SHAPE": "Round", "HEIGHT_MM": 0, "WIDTH_MM": 0, "SECTION_NAME": null, "FLOW_CATEGORY": "Gravity", "NORMAL_PRESSURE": 0, "LINING_MATERIAL": "blank", "ON_PILES": "No", "ON_SLAB": "No", "NFB_NOTATION": null, "DRAWING_NUMBER": null, "PP_NUMBER": "T51", "NFB_ELEVATION": 0, "NFB_TYPE": "blank", "WET_WEATHER_ONLY": "No", "REMARKS": null, "LEGACY_ID": "__FJCFAX", "SOIL_TYPE": "S/CLAY", "SOIL_CONDITION": "blank", "TYPE_OF_FILL": null, "OWNEDBY": "COVAV", "OPERATOR": null, "UNIT_ID": "402564", "MAIN_KEY_1": 9021, "MAIN_COMP1": "30", "UNIT_ID_2": "417476", "MAIN_KEY_2": 23720, "MAIN_COMP2": 30, "COMPKEY": 376458, "MAIN_KEY": 16014, "COMPTYPE": 31, "UPDATED_BY": "ENHANMGETASK", "ADDRESS_KEY": 150497, "TB_AREA": "CBC07", "DISTRICT": "3", "FACET_GRID": "O15", "CONSTRUCTION_TECHNIQUE": "unknown", "CONNECTN_TYPE": null, "CONNECTN_CONDITION": "{null}", "DATE_OF_PERMIT": null, "SPECIAL_INSTRUCTIONS": null, "TV_CONDITION": "Very Good", "TV_LAST_INSPECTION_DATE": 1392710400000, "TV_INCOMPLETE": "No", "TV_NEXT_INSPECTED_DATE": null, "LAST_INSPECTED_OK": null, "DATE_LAST_CLEANING_REQ": null, "DT_LAST_CLEANED": null, "INSPECTED_USER_ID": null, "CLEAN_USER_ID": null, "FURTHER_WORK_REQUIRED": "No", "FURTHERWORK_COMPLETED": "No", "WORK_ID": null, "PARALLEL_LINE_NO": null, "DISTANCE": 55.6, "MAP_TOOLTIP": "55.63 - 250 SAN n/a 0.29 % 1995 1", "HC_FID": null, "SUBAREA": "O15", "DEPTH_AT_PL": null, "DEPTH_AT_PL_BELOW_CL": null, "OFFSET_DIRECTION": null, "OFFSET_FROM_PL": null, "DIAMETER_INSIDE": 250, "NAMENUMBER": null, "TO_MAIN_FID": null, "PERMIT_NUMBER": null, "STREET_NAME": "CAMBIE ST", "HUNDRED_BLOCK": "3500", "HCORACLEID": null, "AS_BUILT": "Yes", "LASTUPDATE_iso": "2018-08-18", "INSTALLDATE_iso": "1995-01-01", "TV_LAST_INSPECTION_DATE_iso": "2014-02-18"}, "geometry": {"type": "LineString", "coordinates": [[-123.11456447127898, 49.252501202402854], [-123.11454629435829, 49.253001444818075]]}}, {"type": "Feature", "properties": {"SHAPE_Length": 57.217038717572294, "OBJECTID": 136447764, "COV_SOURCE_KEY": "492644", "LASTUPDATE": 1534577420000, "TBFID": 492644, "UNIT_DESCRIPTION": "AT 0.4 SAN WYED INTO STM", "INSTALLDATE": 788947200000, "LANE_LOCATION": "Lane West", "PIPE_USE": "Main", "SERVICE_STATUS": "In Service", "EFFLUENT_TYPE": "Sanitary", "TB_LENGTH": 57.22, "GRADE": 0.4, "MATERIAL": "Polyvinyl Chloride", "VALIDATION_DATE": null, "BUN": null, "UPSTREAM_INVERT": 58.87, "UPSTRM_INVERT_ESTIMATED": "No", "DWNSTREAM_INVERT": 58.64, "DNSTRM_INVERT_ESTIMATED": "No", "RAMP_TYPE": null, "PIPE_SHAPE": "Round", "HEIGHT_MM": 0, "WIDTH_MM": 0, "SECTION_NAME": null, "FLOW_CATEGORY": "Gravity", "NORMAL_PRESSURE": 0, "LINING_MATERIAL": "blank", "ON_PILES": "No", "ON_SLAB": "No", "NFB_NOTATION": null, "DRAWING_NUMBER": null, "PP_NUMBER": "T56", "NFB_ELEVATION": 0, "NFB_TYPE": "blank", "WET_WEATHER_ONLY": "No", "REMARKS": null, "LEGACY_ID": "__FJCFAW", "SOIL_TYPE": "S/CLAY", "SOIL_CONDITION": "blank", "TYPE_OF_FILL": null, "OWNEDBY": "COVAV", "OPERATOR": null, "UNIT_ID": "402563", "MAIN_KEY_1": 9020, "MAIN_COMP1": "30", "UNIT_ID_2": "416686", "MAIN_KEY_2": 21992, "MAIN_COMP2": 30, "COMPKEY": 378610, "MAIN_KEY": 18166, "COMPTYPE": 31, "UPDATED_BY": "ENHANMGETASK", "ADDRESS_KEY": 157366, "TB_AREA": "CBC07", "DISTRICT": "3", "FACET_GRID": " ", "CONSTRUCTION_TECHNIQUE": "unknown", "CONNECTN_TYPE": null, "CONNECTN_CONDITION": "{null}", "DATE_OF_PERMIT": null, "SPECIAL_INSTRUCTIONS": null, "TV_CONDITION": "0", "TV_LAST_INSPECTION_DATE": 1392710400000, "TV_INCOMPLETE": "Yes", "TV_NEXT_INSPECTED_DATE": null, "LAST_INSPECTED_OK": null, "DATE_LAST_CLEANING_REQ": null, "DT_LAST_CLEANED": null, "INSPECTED_USER_ID": null, "CLEAN_USER_ID": null, "FURTHER_WORK_REQUIRED": "No", "FURTHERWORK_COMPLETED": "No", "WORK_ID": null, "PARALLEL_LINE_NO": null, "DISTANCE": 57.3, "MAP_TOOLTIP": "57.22 - 200 SAN n/a 0.40 % 1995 0", "HC_FID": null, "SUBAREA": " ", "DEPTH_AT_PL": null, "DEPTH_AT_PL_BELOW_CL": null, "OFFSET_DIRECTION": null, "OFFSET_FROM_PL": null, "DIAMETER_INSIDE": 200, "NAMENUMBER": null, "TO_MAIN_FID": null, "PERMIT_NUMBER": null, "STREET_NAME": "W 21ST AV", "HUNDRED_BLOCK": "400", "HCORACLEID": null, "AS_BUILT": "Yes", "LASTUPDATE_iso": "2018-08-18", "INSTALLDATE_iso": "1995-01-01", "TV_LAST_INSPECTION_DATE_iso": "2014-02-18"}, "geometry": {"type": "LineString", "coordinates": [[-123.11461220671457, 49.25159780960357], [-123.11459592942472, 49.25210507549148], [-123.11458631900294, 49.25210878206069]]}}, {"type": "Feature", "properties": {"SHAPE_Length": 16.278257216011273, "OBJECTID": 136447984, "COV_SOURCE_KEY": "492726", "LASTUPDATE": 1655796620000, "TBFID": 492726, "UNIT_DESCRIPTION": null, "INSTALLDATE": 1184137200000, "LANE_LOCATION": null, "PIPE_USE": "Main", "SERVICE_STATUS": "In Service", "EFFLUENT_TYPE": "Sanitary", "TB_LENGTH": 16.28, "GRADE": 0.43, "MATERIAL": "Vitrified Clay", "VALIDATION_DATE": null, "BUN": null, "UPSTREAM_INVERT": 71.14, "UPSTRM_INVERT_ESTIMATED": "No", "DWNSTREAM_INVERT": 71.07, "DNSTRM_INVERT_ESTIMATED": "No", "RAMP_TYPE": null, "PIPE_SHAPE": "Round", "HEIGHT_MM": 0, "WIDTH_MM": 0, "SECTION_NAME": null, "FLOW_CATEGORY": "Gravity", "NORMAL_PRESSURE": 0, "LINING_MATERIAL": "blank", "ON_PILES": "No", "ON_SLAB": "No", "NFB_NOTATION": null, "DRAWING_NUMBER": null, "PP_NUMBER": null, "NFB_ELEVATION": 0, "NFB_TYPE": "blank", "WET_WEATHER_ONLY": "No", "REMARKS": null, "LEGACY_ID": "__FNG9QR", "SOIL_TYPE": "blank", "SOIL_CONDITION": "blank", "TYPE_OF_FILL": null, "OWNEDBY": "COVAV", "OPERATOR": null, "UNIT_ID": "408720", "MAIN_KEY_1": 15107, "MAIN_COMP1": "30", "UNIT_ID_2": "414595", "MAIN_KEY_2": 21462, "MAIN_COMP2": 30, "COMPKEY": 377789, "MAIN_KEY": 17345, "COMPTYPE": 31, "UPDATED_BY": "ENHANMGETASK", "ADDRESS_KEY": 157447, "TB_AREA": "CBC07", "DISTRICT": "3", "FACET_GRID": " ", "CONSTRUCTION_TECHNIQUE": "unknown", "CONNECTN_TYPE": null, "CONNECTN_CONDITION": "{null}", "DATE_OF_PERMIT": null, "SPECIAL_INSTRUCTIONS": null, "TV_CONDITION": "Good", "TV_LAST_INSPECTION_DATE": 1653030000000, "TV_INCOMPLETE": "No", "TV_NEXT_INSPECTED_DATE": null, "LAST_INSPECTED_OK": null, "DATE_LAST_CLEANING_REQ": null, "DT_LAST_CLEANED": 1294646400000, "INSPECTED_USER_ID": null, "CLEAN_USER_ID": null, "FURTHER_WORK_REQUIRED": "No", "FURTHERWORK_COMPLETED": "No", "WORK_ID": "78295", "PARALLEL_LINE_NO": null, "DISTANCE": 16.28, "MAP_TOOLTIP": "16.28 - 250 SAN n/a 0.43 % 2007 2", "HC_FID": null, "SUBAREA": " ", "DEPTH_AT_PL": null, "DEPTH_AT_PL_BELOW_CL": null, "OFFSET_DIRECTION": null, "OFFSET_FROM_PL": null, "DIAMETER_INSIDE": 250, "NAMENUMBER": null, "TO_MAIN_FID": null, "PERMIT_NUMBER": null, "STREET_NAME": "CLANCY LORANGER WAY", "HUNDRED_BLOCK": "4500", "HCORACLEID": null, "AS_BUILT": "Yes", "LASTUPDATE_iso": "2022-06-21", "INSTALLDATE_iso": "2007-07-11", "TV_LAST_INSPECTION_DATE_iso": "2022-05-20", "DT_LAST_CLEANED_iso": "2011-01-10"}, "geometry": {"type": "LineString", "coordinates": [[-123.10805201527133, 49.2433725406345], [-123.10796896883159, 49.24323658328759]]}}, {"type": "Feature", "properties": {"SHAPE_Length": 5.89142444620347, "OBJECTID": 136448393, "COV_SOURCE_KEY": "496214", "LASTUPDATE": 1743456870000, "TBFID": 496214, "UNIT_DESCRIPTION": null, "INSTALLDATE": -675190800000, "LANE_LOCATION": "Lane East", "PIPE_USE": "Main", "SERVICE_STATUS": "In Service", "EFFLUENT_TYPE": "Sanitary", "TB_LENGTH": 5.89142445, "GRADE": 0, "MATERIAL": "Vitrified Clay", "VALIDATION_DATE": null, "BUN": null, "UPSTREAM_INVERT": 0, "UPSTRM_INVERT_ESTIMATED": "No", "DWNSTREAM_INVERT": 0, "DNSTRM_INVERT_ESTIMATED": "No", "RAMP_TYPE": null, "PIPE_SHAPE": "blank", "HEIGHT_MM": 0, "WIDTH_MM": 0, "SECTION_NAME": null, "FLOW_CATEGORY": "Gravity", "NORMAL_PRESSURE": 0, "LINING_MATERIAL": "blank", "ON_PILES": "No", "ON_SLAB": "No", "NFB_NOTATION": null, "DRAWING_NUMBER": null, "PP_NUMBER": "S64", "NFB_ELEVATION": 0, "NFB_TYPE": "blank", "WET_WEATHER_ONLY": "No", "REMARKS": null, "LEGACY_ID": "__FJCIQC", "SOIL_TYPE": "blank", "SOIL_CONDITION": "blank", "TYPE_OF_FILL": null, "OWNEDBY": "COVAV", "OPERATOR": "COVAV", "UNIT_ID": "130726", "MAIN_KEY_1": 355214, "MAIN_COMP1": "32", "UNIT_ID_2": "396576", "MAIN_KEY_2": 2723, "MAIN_COMP2": 30, "COMPKEY": 382431, "MAIN_KEY": 21987, "COMPTYPE": 31, "UPDATED_BY": "sil25", "ADDRESS_KEY": 148618, "TB_AREA": "CBC07", "DISTRICT": "3", "FACET_GRID": "O14", "CONSTRUCTION_TECHNIQUE": "unknown", "CONNECTN_TYPE": null, "CONNECTN_CONDITION": "{null}", "DATE_OF_PERMIT": null, "SPECIAL_INSTRUCTIONS": null, "TV_CONDITION": "Very Good", "TV_LAST_INSPECTION_DATE": 1697094000000, "TV_INCOMPLETE": "No", "TV_NEXT_INSPECTED_DATE": null, "LAST_INSPECTED_OK": null, "DATE_LAST_CLEANING_REQ": null, "DT_LAST_CLEANED": null, "INSPECTED_USER_ID": null, "CLEAN_USER_ID": null, "FURTHER_WORK_REQUIRED": "No", "FURTHERWORK_COMPLETED": "No", "WORK_ID": null, "PARALLEL_LINE_NO": null, "DISTANCE": 0, "MAP_TOOLTIP": "5.89 - 200 SAN n/a 0.00 % 1948 1", "HC_FID": null, "SUBAREA": "O14", "DEPTH_AT_PL": null, "DEPTH_AT_PL_BELOW_CL": null, "OFFSET_DIRECTION": null, "OFFSET_FROM_PL": null, "DIAMETER_INSIDE": 200, "NAMENUMBER": null, "TO_MAIN_FID": null, "PERMIT_NUMBER": null, "STREET_NAME": "CAMBIE ST", "HUNDRED_BLOCK": "3300", "HCORACLEID": null, "AS_BUILT": "Yes", "LASTUPDATE_iso": "2025-03-31", "INSTALLDATE_iso": "1948-08-09", "TV_LAST_INSPECTION_DATE_iso": "2023-10-12"}, "geometry": {"type": "LineString", "coordinates": [[-123.11446005309068, 49.25530816595433], [-123.11445785312581, 49.25536114098257]]}}, {"type": "Feature", "properties": {"SHAPE_Length": 128.29314583418747, "OBJECTID": 136448416, "COV_SOURCE_KEY": "497088", "LASTUPDATE": 1763541048000, "TBFID": 497088, "UNIT_DESCRIPTION": null, "INSTALLDATE": 631180800000, "LANE_LOCATION": null, "PIPE_USE": "Main", "SERVICE_STATUS": "In Service", "EFFLUENT_TYPE": "Sanitary", "TB_LENGTH": 128.29, "GRADE": 0.48, "MATERIAL": "Vitrified Clay", "VALIDATION_DATE": null, "BUN": null, "UPSTREAM_INVERT": 51.57, "UPSTRM_INVERT_ESTIMATED": "No", "DWNSTREAM_INVERT": 50.95, "DNSTRM_INVERT_ESTIMATED": "No", "RAMP_TYPE": null, "PIPE_SHAPE": "Round", "HEIGHT_MM": 0, "WIDTH_MM": 0, "SECTION_NAME": null, "FLOW_CATEGORY": "Gravity", "NORMAL_PRESSURE": 0, "LINING_MATERIAL": "blank", "ON_PILES": "No", "ON_SLAB": "No", "NFB_NOTATION": null, "DRAWING_NUMBER": "DB1275", "PP_NUMBER": "S39", "NFB_ELEVATION": 0, "NFB_TYPE": "blank", "WET_WEATHER_ONLY": "No", "REMARKS": null, "LEGACY_ID": "__FJC3W8", "SOIL_TYPE": "SOFT CLAY", "SOIL_CONDITION": "blank", "TYPE_OF_FILL": null, "OWNEDBY": "COVAV", "OPERATOR": " ", "UNIT_ID": "409403", "MAIN_KEY_1": 15623, "MAIN_COMP1": "30", "UNIT_ID_2": "411788", "MAIN_KEY_2": 17385, "MAIN_COMP2": 30, "COMPKEY": 383881, "MAIN_KEY": 23437, "COMPTYPE": 31, "UPDATED_BY": "ENHANMGETASK", "ADDRESS_KEY": 152444, "TB_AREA": "CBC08", "DISTRICT": "1", "FACET_GRID": "P14", "CONSTRUCTION_TECHNIQUE": "unknown", "CONNECTN_TYPE": null, "CONNECTN_CONDITION": null, "DATE_OF_PERMIT": null, "SPECIAL_INSTRUCTIONS": null, "TV_CONDITION": "Good", "TV_LAST_INSPECTION_DATE": 1758178800000, "TV_INCOMPLETE": "No", "TV_NEXT_INSPECTED_DATE": null, "LAST_INSPECTED_OK": null, "DATE_LAST_CLEANING_REQ": null, "DT_LAST_CLEANED": null, "INSPECTED_USER_ID": null, "CLEAN_USER_ID": null, "FURTHER_WORK_REQUIRED": "No", "FURTHERWORK_COMPLETED": "No", "WORK_ID": null, "PARALLEL_LINE_NO": null, "DISTANCE": 128.3, "MAP_TOOLTIP": "128.29 - 200 SAN n/a 0.48 % 1990 2", "HC_FID": null, "SUBAREA": "P14", "DEPTH_AT_PL": null, "DEPTH_AT_PL_BELOW_CL": null, "OFFSET_DIRECTION": null, "OFFSET_FROM_PL": null, "DIAMETER_INSIDE": 200, "NAMENUMBER": null, "TO_MAIN_FID": null, "PERMIT_NUMBER": null, "STREET_NAME": "E 16TH AV", "HUNDRED_BLOCK": "000", "HCORACLEID": null, "AS_BUILT": "Yes", "LASTUPDATE_iso": "2025-11-19", "INSTALLDATE_iso": "1990-01-01", "TV_LAST_INSPECTION_DATE_iso": "2025-09-18"}, "geometry": {"type": "LineString", "coordinates": [[-123.10326405070631, 49.25663310533548], [-123.10502624351993, 49.25666994448492]]}}, {"type": "Feature", "properties": {"SHAPE_Length": 145.8103505965632, "OBJECTID": 136448937, "COV_SOURCE_KEY": "498264", "LASTUPDATE": 1651735832000, "TBFID": 498264, "UNIT_DESCRIPTION": null, "INSTALLDATE": 599644800000, "LANE_LOCATION": "Lane South", "PIPE_USE": "Main", "SERVICE_STATUS": "In Service", "EFFLUENT_TYPE": "Sanitary", "TB_LENGTH": 145.81, "GRADE": 2.43, "MATERIAL": "Polyvinyl Chloride", "VALIDATION_DATE": null, "BUN": null, "UPSTREAM_INVERT": 57.81, "UPSTRM_INVERT_ESTIMATED": "No", "DWNSTREAM_INVERT": 54.27, "DNSTRM_INVERT_ESTIMATED": "No", "RAMP_TYPE": null, "PIPE_SHAPE": "Round", "HEIGHT_MM": 0, "WIDTH_MM": 0, "SECTION_NAME": null, "FLOW_CATEGORY": "Gravity", "NORMAL_PRESSURE": 0, "LINING_MATERIAL": "blank", "ON_PILES": "No", "ON_SLAB": "No", "NFB_NOTATION": null, "DRAWING_NUMBER": null, "PP_NUMBER": "S151", "NFB_ELEVATION": 0, "NFB_TYPE": "blank", "WET_WEATHER_ONLY": "No", "REMARKS": null, "LEGACY_ID": "__FJCFGP", "SOIL_TYPE": "blank", "SOIL_CONDITION": "blank", "TYPE_OF_FILL": null, "OWNEDBY": "COVAV", "OPERATOR": null, "UNIT_ID": "396550", "MAIN_KEY_1": 2697, "MAIN_COMP1": "30", "UNIT_ID_2": "396549", "MAIN_KEY_2": 2696, "MAIN_COMP2": 30, "COMPKEY": 384578, "MAIN_KEY": 24134, "COMPTYPE": 31, "UPDATED_BY": "ENHANMGETASK", "ADDRESS_KEY": 152827, "TB_AREA": "CBC07", "DISTRICT": "3", "FACET_GRID": "P14", "CONSTRUCTION_TECHNIQUE": "unknown", "CONNECTN_TYPE": null, "CONNECTN_CONDITION": "{null}", "DATE_OF_PERMIT": null, "SPECIAL_INSTRUCTIONS": null, "TV_CONDITION": "Very Good", "TV_LAST_INSPECTION_DATE": 1649314800000, "TV_INCOMPLETE": "No", "TV_NEXT_INSPECTED_DATE": null, "LAST_INSPECTED_OK": null, "DATE_LAST_CLEANING_REQ": null, "DT_LAST_CLEANED": null, "INSPECTED_USER_ID": null, "CLEAN_USER_ID": null, "FURTHER_WORK_REQUIRED": "No", "FURTHERWORK_COMPLETED": "No", "WORK_ID": null, "PARALLEL_LINE_NO": null, "DISTANCE": 145.9, "MAP_TOOLTIP": "145.81 - 200 SAN n/a 2.43 % 1989 1", "HC_FID": null, "SUBAREA": "P14", "DEPTH_AT_PL": null, "DEPTH_AT_PL_BELOW_CL": null, "OFFSET_DIRECTION": null, "OFFSET_FROM_PL": null, "DIAMETER_INSIDE": 200, "NAMENUMBER": null, "TO_MAIN_FID": null, "PERMIT_NUMBER": null, "STREET_NAME": "W 17TH AV", "HUNDRED_BLOCK": "200", "HCORACLEID": null, "AS_BUILT": "Yes", "LASTUPDATE_iso": "2022-05-05", "INSTALLDATE_iso": "1989-01-01", "TV_LAST_INSPECTION_DATE_iso": "2022-04-07"}, "geometry": {"type": "LineString", "coordinates": [[-123.11002881797536, 49.25527239717891], [-123.11203156562571, 49.255314279284995]]}}, {"type": "Feature", "properties": {"SHAPE_Length": 41.7155055656436, "OBJECTID": 136448938, "COV_SOURCE_KEY": "498265", "LASTUPDATE": 1651735833000, "TBFID": 498265, "UNIT_DESCRIPTION": null, "INSTALLDATE": 599644800000, "LANE_LOCATION": "Lane North", "PIPE_USE": "Main", "SERVICE_STATUS": "In Service", "EFFLUENT_TYPE": "Sanitary", "TB_LENGTH": 41.72, "GRADE": 0.89, "MATERIAL": "Polyvinyl Chloride", "VALIDATION_DATE": null, "BUN": null, "UPSTREAM_INVERT": 54.27, "UPSTRM_INVERT_ESTIMATED": "No", "DWNSTREAM_INVERT": 53.9, "DNSTRM_INVERT_ESTIMATED": "No", "RAMP_TYPE": null, "PIPE_SHAPE": "Round", "HEIGHT_MM": 0, "WIDTH_MM": 0, "SECTION_NAME": null, "FLOW_CATEGORY": "Gravity", "NORMAL_PRESSURE": 0, "LINING_MATERIAL": "blank", "ON_PILES": "No", "ON_SLAB": "No", "NFB_NOTATION": null, "DRAWING_NUMBER": null, "PP_NUMBER": "S151", "NFB_ELEVATION": 0, "NFB_TYPE": "blank", "WET_WEATHER_ONLY": "No", "REMARKS": null, "LEGACY_ID": "__FJCFGQ", "SOIL_TYPE": "blank", "SOIL_CONDITION": "blank", "TYPE_OF_FILL": null, "OWNEDBY": "COVAV", "OPERATOR": null, "UNIT_ID": "396549", "MAIN_KEY_1": 2696, "MAIN_COMP1": "30", "UNIT_ID_2": "131019", "MAIN_KEY_2": 356229, "MAIN_COMP2": 32, "COMPKEY": 384579, "MAIN_KEY": 24135, "COMPTYPE": 31, "UPDATED_BY": "ENHANMGETASK", "ADDRESS_KEY": 156212, "TB_AREA": "CBC07", "DISTRICT": "3", "FACET_GRID": " ", "CONSTRUCTION_TECHNIQUE": "unknown", "CONNECTN_TYPE": null, "CONNECTN_CONDITION": "{null}", "DATE_OF_PERMIT": null, "SPECIAL_INSTRUCTIONS": null, "TV_CONDITION": "Very Good", "TV_LAST_INSPECTION_DATE": 1649314800000, "TV_INCOMPLETE": "No", "TV_NEXT_INSPECTED_DATE": null, "LAST_INSPECTED_OK": null, "DATE_LAST_CLEANING_REQ": null, "DT_LAST_CLEANED": null, "INSPECTED_USER_ID": null, "CLEAN_USER_ID": null, "FURTHER_WORK_REQUIRED": "No", "FURTHERWORK_COMPLETED": "No", "WORK_ID": null, "PARALLEL_LINE_NO": null, "DISTANCE": 42.1, "MAP_TOOLTIP": "41.72 - 200 SAN n/a 0.89 % 1989 1", "HC_FID": null, "SUBAREA": " ", "DEPTH_AT_PL": null, "DEPTH_AT_PL_BELOW_CL": null, "OFFSET_DIRECTION": null, "OFFSET_FROM_PL": null, "DIAMETER_INSIDE": 200, "NAMENUMBER": null, "TO_MAIN_FID": null, "PERMIT_NUMBER": null, "STREET_NAME": "YUKON ST", "HUNDRED_BLOCK": "3300", "HCORACLEID": null, "AS_BUILT": "Yes", "LASTUPDATE_iso": "2022-05-05", "INSTALLDATE_iso": "1989-01-01", "TV_LAST_INSPECTION_DATE_iso": "2022-04-07"}, "geometry": {"type": "LineString", "coordinates": [[-123.11203156562571, 49.255314279284995], [-123.1125894317834, 49.25532490006876], [-123.11259820845675, 49.255316804813276]]}}, {"type": "Feature", "properties": {"SHAPE_Length": 65.28768641333991, "OBJECTID": 136448952, "COV_SOURCE_KEY": "498001", "LASTUPDATE": 1738004109000, "TBFID": 498001, "UNIT_DESCRIPTION": null, "INSTALLDATE": 662716800000, "LANE_LOCATION": null, "PIPE_USE": "Main", "SERVICE_STATUS": "In Service", "EFFLUENT_TYPE": "Sanitary", "TB_LENGTH": 65.29, "GRADE": 0.83, "MATERIAL": "Polyvinyl Chloride", "VALIDATION_DATE": null, "BUN": null, "UPSTREAM_INVERT": 55.08, "UPSTRM_INVERT_ESTIMATED": "No", "DWNSTREAM_INVERT": 54.54, "DNSTRM_INVERT_ESTIMATED": "No", "RAMP_TYPE": null, "PIPE_SHAPE": "Round", "HEIGHT_MM": 0, "WIDTH_MM": 0, "SECTION_NAME": null, "FLOW_CATEGORY": "Gravity", "NORMAL_PRESSURE": 0, "LINING_MATERIAL": "blank", "ON_PILES": "No", "ON_SLAB": "No", "NFB_NOTATION": null, "DRAWING_NUMBER": "DD332", "PP_NUMBER": "O7", "NFB_ELEVATION": 0, "NFB_TYPE": "blank", "WET_WEATHER_ONLY": "No", "REMARKS": null, "LEGACY_ID": "__FJC5BL", "SOIL_TYPE": "blank", "SOIL_CONDITION": "blank", "TYPE_OF_FILL": null, "OWNEDBY": "COVAV", "OPERATOR": " ", "UNIT_ID": "410231", "MAIN_KEY_1": 16982, "MAIN_COMP1": "30", "UNIT_ID_2": "411786", "MAIN_KEY_2": 17383, "MAIN_COMP2": 30, "COMPKEY": 384785, "MAIN_KEY": 24341, "COMPTYPE": 31, "UPDATED_BY": "XUG16", "ADDRESS_KEY": 156442, "TB_AREA": "CBC08", "DISTRICT": "1", "FACET_GRID": "P14", "CONSTRUCTION_TECHNIQUE": "unknown", "CONNECTN_TYPE": null, "CONNECTN_CONDITION": null, "DATE_OF_PERMIT": null, "SPECIAL_INSTRUCTIONS": null, "TV_CONDITION": "Very Good", "TV_LAST_INSPECTION_DATE": 1648882800000, "TV_INCOMPLETE": "No", "TV_NEXT_INSPECTED_DATE": null, "LAST_INSPECTED_OK": null, "DATE_LAST_CLEANING_REQ": null, "DT_LAST_CLEANED": null, "INSPECTED_USER_ID": null, "CLEAN_USER_ID": null, "FURTHER_WORK_REQUIRED": "No", "FURTHERWORK_COMPLETED": "No", "WORK_ID": null, "PARALLEL_LINE_NO": null, "DISTANCE": 65.3, "MAP_TOOLTIP": "65.29 - 200 SAN n/a 0.83 % 1991 1", "HC_FID": null, "SUBAREA": "P14", "DEPTH_AT_PL": null, "DEPTH_AT_PL_BELOW_CL": null, "OFFSET_DIRECTION": null, "OFFSET_FROM_PL": null, "DIAMETER_INSIDE": 200, "NAMENUMBER": null, "TO_MAIN_FID": null, "PERMIT_NUMBER": null, "STREET_NAME": "ONTARIO ST", "HUNDRED_BLOCK": "3300", "HCORACLEID": null, "AS_BUILT": "Yes", "LASTUPDATE_iso": "2025-01-27", "INSTALLDATE_iso": "1991-01-01", "TV_LAST_INSPECTION_DATE_iso": "2022-04-02"}, "geometry": {"type": "LineString", "coordinates": [[-123.10506113946207, 49.255188688142475], [-123.10501976921944, 49.25577533996939]]}}, {"type": "Feature", "properties": {"SHAPE_Length": 82.52845648053142, "OBJECTID": 136449009, "COV_SOURCE_KEY": "502040", "LASTUPDATE": 1764791274000, "TBFID": 502040, "UNIT_DESCRIPTION": null, "INSTALLDATE": 1183014000000, "LANE_LOCATION": null, "PIPE_USE": "Main", "SERVICE_STATUS": "In Service", "EFFLUENT_TYPE": "Sanitary", "TB_LENGTH": 82.53, "GRADE": 0.74, "MATERIAL": "Concrete", "VALIDATION_DATE": null, "BUN": null, "UPSTREAM_INVERT": 67.52, "UPSTRM_INVERT_ESTIMATED": "No", "DWNSTREAM_INVERT": 66.91, "DNSTRM_INVERT_ESTIMATED": "No", "RAMP_TYPE": null, "PIPE_SHAPE": "Round", "HEIGHT_MM": 0, "WIDTH_MM": 0, "SECTION_NAME": null, "FLOW_CATEGORY": "Gravity", "NORMAL_PRESSURE": 0, "LINING_MATERIAL": "blank", "ON_PILES": "No", "ON_SLAB": "No", "NFB_NOTATION": null, "DRAWING_NUMBER": "DB2512", "PP_NUMBER": null, "NFB_ELEVATION": 0, "NFB_TYPE": "blank", "WET_WEATHER_ONLY": "No", "REMARKS": null, "LEGACY_ID": "__FNG7J6", "SOIL_TYPE": "blank", "SOIL_CONDITION": "blank", "TYPE_OF_FILL": null, "OWNEDBY": "COVAV", "OPERATOR": null, "UNIT_ID": "402319", "MAIN_KEY_1": 9691, "MAIN_COMP1": "30", "UNIT_ID_2": "422340", "MAIN_KEY_2": 29086, "MAIN_COMP2": 30, "COMPKEY": 390185, "MAIN_KEY": 29741, "COMPTYPE": 31, "UPDATED_BY": "enklk", "ADDRESS_KEY": 157447, "TB_AREA": "CBC08", "DISTRICT": "1", "FACET_GRID": " ", "CONSTRUCTION_TECHNIQUE": "unknown", "CONNECTN_TYPE": null, "CONNECTN_CONDITION": "{null}", "DATE_OF_PERMIT": null, "SPECIAL_INSTRUCTIONS": null, "TV_CONDITION": "Good", "TV_LAST_INSPECTION_DATE": 1653462000000, "TV_INCOMPLETE": "No", "TV_NEXT_INSPECTED_DATE": null, "LAST_INSPECTED_OK": null, "DATE_LAST_CLEANING_REQ": null, "DT_LAST_CLEANED": null, "INSPECTED_USER_ID": null, "CLEAN_USER_ID": null, "FURTHER_WORK_REQUIRED": "No", "FURTHERWORK_COMPLETED": "No", "WORK_ID": null, "PARALLEL_LINE_NO": null, "DISTANCE": 82.44, "MAP_TOOLTIP": "82.53 - 450 SAN n/a 0.74 % 2007 2", "HC_FID": null, "SUBAREA": " ", "DEPTH_AT_PL": null, "DEPTH_AT_PL_BELOW_CL": null, "OFFSET_DIRECTION": null, "OFFSET_FROM_PL": null, "DIAMETER_INSIDE": 450, "NAMENUMBER": null, "TO_MAIN_FID": null, "PERMIT_NUMBER": null, "STREET_NAME": "CLANCY LORANGER WAY", "HUNDRED_BLOCK": "4500", "HCORACLEID": null, "AS_BUILT": "Yes", "LASTUPDATE_iso": "2025-12-03", "INSTALLDATE_iso": "2007-06-28", "TV_LAST_INSPECTION_DATE_iso": "2022-05-25"}, "geometry": {"type": "LineString", "coordinates": [[-123.1067182407198, 49.24423064869731], [-123.10739484391438, 49.24482636091464]]}}, {"type": "Feature", "properties": {"SHAPE_Length": 3.853691476147258, "OBJECTID": 136449117, "COV_SOURCE_KEY": "495239", "LASTUPDATE": 1741893624000, "TBFID": 495239, "UNIT_DESCRIPTION": "HCLAY/SANDSTONE", "INSTALLDATE": 757411200000, "LANE_LOCATION": null, "PIPE_USE": "Main", "SERVICE_STATUS": "In Service", "EFFLUENT_TYPE": "Sanitary", "TB_LENGTH": 3.85369148, "GRADE": 0, "MATERIAL": "Vitrified Clay", "VALIDATION_DATE": null, "BUN": null, "UPSTREAM_INVERT": 0, "UPSTRM_INVERT_ESTIMATED": "No", "DWNSTREAM_INVERT": 0, "DNSTRM_INVERT_ESTIMATED": "No", "RAMP_TYPE": null, "PIPE_SHAPE": "Round", "HEIGHT_MM": 0, "WIDTH_MM": 0, "SECTION_NAME": null, "FLOW_CATEGORY": "Gravity", "NORMAL_PRESSURE": 0, "LINING_MATERIAL": "blank", "ON_PILES": "No", "ON_SLAB": "No", "NFB_NOTATION": null, "DRAWING_NUMBER": "DB1537", "PP_NUMBER": "H60", "NFB_ELEVATION": 0, "NFB_TYPE": "blank", "WET_WEATHER_ONLY": "No", "REMARKS": null, "LEGACY_ID": "__FJCF15", "SOIL_TYPE": "HARD CLAY", "SOIL_CONDITION": "blank", "TYPE_OF_FILL": null, "OWNEDBY": "COVAV", "OPERATOR": "COVAV", "UNIT_ID": "408391", "MAIN_KEY_1": 14634, "MAIN_COMP1": "30", "UNIT_ID_2": "408397", "MAIN_KEY_2": 14640, "MAIN_COMP2": 30, "COMPKEY": 380355, "MAIN_KEY": 19911, "COMPTYPE": 31, "UPDATED_BY": "XUG16", "ADDRESS_KEY": 151762, "TB_AREA": "CBC07", "DISTRICT": "3", "FACET_GRID": "O14", "CONSTRUCTION_TECHNIQUE": "unknown", "CONNECTN_TYPE": null, "CONNECTN_CONDITION": null, "DATE_OF_PERMIT": null, "SPECIAL_INSTRUCTIONS": null, "TV_CONDITION": "Very Good", "TV_LAST_INSPECTION_DATE": 1655535600000, "TV_INCOMPLETE": "No", "TV_NEXT_INSPECTED_DATE": null, "LAST_INSPECTED_OK": null, "DATE_LAST_CLEANING_REQ": null, "DT_LAST_CLEANED": null, "INSPECTED_USER_ID": null, "CLEAN_USER_ID": null, "FURTHER_WORK_REQUIRED": "No", "FURTHERWORK_COMPLETED": "No", "WORK_ID": null, "PARALLEL_LINE_NO": null, "DISTANCE": 3.85, "MAP_TOOLTIP": "3.85 - 200 SAN n/a 0.00 % 1994 1", "HC_FID": null, "SUBAREA": "O14", "DEPTH_AT_PL": null, "DEPTH_AT_PL_BELOW_CL": null, "OFFSET_DIRECTION": null, "OFFSET_FROM_PL": null, "DIAMETER_INSIDE": 200, "NAMENUMBER": null, "TO_MAIN_FID": null, "PERMIT_NUMBER": null, "STREET_NAME": "HEATHER ST", "HUNDRED_BLOCK": "3300", "HCORACLEID": null, "AS_BUILT": "Yes", "LASTUPDATE_iso": "2025-03-13", "INSTALLDATE_iso": "1994-01-01", "TV_LAST_INSPECTION_DATE_iso": "2022-06-18"}, "geometry": {"type": "LineString", "coordinates": [[-123.12014926262619, 49.25524567487024], [-123.1201522981289, 49.25521106710167]]}}, {"type": "Feature", "properties": {"SHAPE_Length": 95.51918249819965, "OBJECTID": 136449118, "COV_SOURCE_KEY": "495240", "LASTUPDATE": 1741893623000, "TBFID": 495240, "UNIT_DESCRIPTION": "HCLAY/SANDSTONE", "INSTALLDATE": 757411200000, "LANE_LOCATION": null, "PIPE_USE": "Main", "SERVICE_STATUS": "In Service", "EFFLUENT_TYPE": "Sanitary", "TB_LENGTH": 95.5191825, "GRADE": 0.51, "MATERIAL": "Vitrified Clay", "VALIDATION_DATE": null, "BUN": null, "UPSTREAM_INVERT": 49.93, "UPSTRM_INVERT_ESTIMATED": "No", "DWNSTREAM_INVERT": 49.44, "DNSTRM_INVERT_ESTIMATED": "No", "RAMP_TYPE": null, "PIPE_SHAPE": "Round", "HEIGHT_MM": 0, "WIDTH_MM": 0, "SECTION_NAME": null, "FLOW_CATEGORY": "Gravity", "NORMAL_PRESSURE": 0, "LINING_MATERIAL": "blank", "ON_PILES": "No", "ON_SLAB": "No", "NFB_NOTATION": null, "DRAWING_NUMBER": "DB1537", "PP_NUMBER": "H60", "NFB_ELEVATION": 0, "NFB_TYPE": "blank", "WET_WEATHER_ONLY": "No", "REMARKS": null, "LEGACY_ID": "__FJCF12", "SOIL_TYPE": "HARD CLAY", "SOIL_CONDITION": "blank", "TYPE_OF_FILL": null, "OWNEDBY": "COVAV", "OPERATOR": " ", "UNIT_ID": "408314", "MAIN_KEY_1": 14629, "MAIN_COMP1": "30", "UNIT_ID_2": "408391", "MAIN_KEY_2": 14634, "MAIN_COMP2": 30, "COMPKEY": 380356, "MAIN_KEY": 19912, "COMPTYPE": 31, "UPDATED_BY": "XUG16", "ADDRESS_KEY": 151762, "TB_AREA": "CBC07", "DISTRICT": "3", "FACET_GRID": "O14", "CONSTRUCTION_TECHNIQUE": "unknown", "CONNECTN_TYPE": null, "CONNECTN_CONDITION": null, "DATE_OF_PERMIT": null, "SPECIAL_INSTRUCTIONS": null, "TV_CONDITION": "Very Good", "TV_LAST_INSPECTION_DATE": 1655535600000, "TV_INCOMPLETE": "No", "TV_NEXT_INSPECTED_DATE": null, "LAST_INSPECTED_OK": null, "DATE_LAST_CLEANING_REQ": null, "DT_LAST_CLEANED": null, "INSPECTED_USER_ID": null, "CLEAN_USER_ID": null, "FURTHER_WORK_REQUIRED": "No", "FURTHERWORK_COMPLETED": "No", "WORK_ID": null, "PARALLEL_LINE_NO": null, "DISTANCE": 95.6, "MAP_TOOLTIP": "95.52 - 200 SAN n/a 0.51 % 1994 1", "HC_FID": null, "SUBAREA": "O14", "DEPTH_AT_PL": null, "DEPTH_AT_PL_BELOW_CL": null, "OFFSET_DIRECTION": null, "OFFSET_FROM_PL": null, "DIAMETER_INSIDE": 200, "NAMENUMBER": null, "TO_MAIN_FID": null, "PERMIT_NUMBER": null, "STREET_NAME": "HEATHER ST", "HUNDRED_BLOCK": "3300", "HCORACLEID": null, "AS_BUILT": "Yes", "LASTUPDATE_iso": "2025-03-13", "INSTALLDATE_iso": "1994-01-01", "TV_LAST_INSPECTION_DATE_iso": "2022-06-18"}, "geometry": {"type": "LineString", "coordinates": [[-123.12012794428352, 49.256104776474544], [-123.12014926262619, 49.25524567487024]]}}, {"type": "Feature", "properties": {"SHAPE_Length": 33.470238871235374, "OBJECTID": 136449134, "COV_SOURCE_KEY": "495000", "LASTUPDATE": 1722327360000, "TBFID": 495000, "UNIT_DESCRIPTION": null, "INSTALLDATE": 1183964400000, "LANE_LOCATION": null, "PIPE_USE": "Main", "SERVICE_STATUS": "In Service", "EFFLUENT_TYPE": "Sanitary", "TB_LENGTH": 33.47, "GRADE": 10.19, "MATERIAL": "Polyvinyl Chloride", "VALIDATION_DATE": null, "BUN": null, "UPSTREAM_INVERT": 76.45, "UPSTRM_INVERT_ESTIMATED": "No", "DWNSTREAM_INVERT": 73.04, "DNSTRM_INVERT_ESTIMATED": "No", "RAMP_TYPE": null, "PIPE_SHAPE": "Round", "HEIGHT_MM": 0, "WIDTH_MM": 0, "SECTION_NAME": null, "FLOW_CATEGORY": "Gravity", "NORMAL_PRESSURE": 0, "LINING_MATERIAL": "blank", "ON_PILES": "No", "ON_SLAB": "No", "NFB_NOTATION": null, "DRAWING_NUMBER": null, "PP_NUMBER": null, "NFB_ELEVATION": 0, "NFB_TYPE": "blank", "WET_WEATHER_ONLY": "No", "REMARKS": null, "LEGACY_ID": "__FNG95C", "SOIL_TYPE": "blank", "SOIL_CONDITION": "blank", "TYPE_OF_FILL": null, "OWNEDBY": "COVAV", "OPERATOR": null, "UNIT_ID": "404021", "MAIN_KEY_1": 10120, "MAIN_COMP1": "30", "UNIT_ID_2": "404022", "MAIN_KEY_2": 10121, "MAIN_COMP2": 30, "COMPKEY": 379985, "MAIN_KEY": 19541, "COMPTYPE": 31, "UPDATED_BY": "ENHANMGETASK", "ADDRESS_KEY": 157447, "TB_AREA": "CBC07", "DISTRICT": "3", "FACET_GRID": " ", "CONSTRUCTION_TECHNIQUE": "unknown", "CONNECTN_TYPE": null, "CONNECTN_CONDITION": "{null}", "DATE_OF_PERMIT": null, "SPECIAL_INSTRUCTIONS": null, "TV_CONDITION": "Good", "TV_LAST_INSPECTION_DATE": 1689663600000, "TV_INCOMPLETE": "No", "TV_NEXT_INSPECTED_DATE": null, "LAST_INSPECTED_OK": null, "DATE_LAST_CLEANING_REQ": null, "DT_LAST_CLEANED": null, "INSPECTED_USER_ID": null, "CLEAN_USER_ID": null, "FURTHER_WORK_REQUIRED": "No", "FURTHERWORK_COMPLETED": "No", "WORK_ID": null, "PARALLEL_LINE_NO": null, "DISTANCE": 33.48, "MAP_TOOLTIP": "33.47 - 150 SAN n/a 10.19 % 2007 2", "HC_FID": null, "SUBAREA": " ", "DEPTH_AT_PL": null, "DEPTH_AT_PL_BELOW_CL": null, "OFFSET_DIRECTION": null, "OFFSET_FROM_PL": null, "DIAMETER_INSIDE": 150, "NAMENUMBER": null, "TO_MAIN_FID": null, "PERMIT_NUMBER": null, "STREET_NAME": "CLANCY LORANGER WAY", "HUNDRED_BLOCK": "4500", "HCORACLEID": null, "AS_BUILT": "Yes", "LASTUPDATE_iso": "2024-07-30", "INSTALLDATE_iso": "2007-07-09", "TV_LAST_INSPECTION_DATE_iso": "2023-07-18"}, "geometry": {"type": "LineString", "coordinates": [[-123.1091230135684, 49.24283702792627], [-123.10899715723352, 49.24312660452311]]}}, {"type": "Feature", "properties": {"SHAPE_Length": 65.48626186132783, "OBJECTID": 136449165, "COV_SOURCE_KEY": "498977", "LASTUPDATE": 1642149019000, "TBFID": 498977, "UNIT_DESCRIPTION": null, "INSTALLDATE": 599644800000, "LANE_LOCATION": null, "PIPE_USE": "Main", "SERVICE_STATUS": "In Service", "EFFLUENT_TYPE": "Sanitary", "TB_LENGTH": 65.49, "GRADE": 0.49, "MATERIAL": "Concrete", "VALIDATION_DATE": null, "BUN": null, "UPSTREAM_INVERT": 49.32, "UPSTRM_INVERT_ESTIMATED": "No", "DWNSTREAM_INVERT": 49, "DNSTRM_INVERT_ESTIMATED": "No", "RAMP_TYPE": null, "PIPE_SHAPE": "Round", "HEIGHT_MM": 0, "WIDTH_MM": 0, "SECTION_NAME": null, "FLOW_CATEGORY": "Gravity", "NORMAL_PRESSURE": 0, "LINING_MATERIAL": "blank", "ON_PILES": "No", "ON_SLAB": "No", "NFB_NOTATION": null, "DRAWING_NUMBER": null, "PP_NUMBER": "N28", "NFB_ELEVATION": 0, "NFB_TYPE": "blank", "WET_WEATHER_ONLY": "No", "REMARKS": null, "LEGACY_ID": "__FJC3S4", "SOIL_TYPE": "blank", "SOIL_CONDITION": "blank", "TYPE_OF_FILL": null, "OWNEDBY": "COVAV", "OPERATOR": null, "UNIT_ID": "404849", "MAIN_KEY_1": 11092, "MAIN_COMP1": "30", "UNIT_ID_2": "403819", "MAIN_KEY_2": 11239, "MAIN_COMP2": 30, "COMPKEY": 386537, "MAIN_KEY": 26093, "COMPTYPE": 31, "UPDATED_BY": "ENHANMGETASK", "ADDRESS_KEY": 148260, "TB_AREA": "CBC07", "DISTRICT": "3", "FACET_GRID": " ", "CONSTRUCTION_TECHNIQUE": "unknown", "CONNECTN_TYPE": null, "CONNECTN_CONDITION": "{null}", "DATE_OF_PERMIT": null, "SPECIAL_INSTRUCTIONS": null, "TV_CONDITION": "Good", "TV_LAST_INSPECTION_DATE": 1639900800000, "TV_INCOMPLETE": "No", "TV_NEXT_INSPECTED_DATE": null, "LAST_INSPECTED_OK": null, "DATE_LAST_CLEANING_REQ": null, "DT_LAST_CLEANED": null, "INSPECTED_USER_ID": null, "CLEAN_USER_ID": null, "FURTHER_WORK_REQUIRED": "No", "FURTHERWORK_COMPLETED": "No", "WORK_ID": null, "PARALLEL_LINE_NO": null, "DISTANCE": 66.6, "MAP_TOOLTIP": "65.49 - 450 SAN n/a 0.49 % 1989 2", "HC_FID": null, "SUBAREA": " ", "DEPTH_AT_PL": null, "DEPTH_AT_PL_BELOW_CL": null, "OFFSET_DIRECTION": null, "OFFSET_FROM_PL": null, "DIAMETER_INSIDE": 450, "NAMENUMBER": null, "TO_MAIN_FID": null, "PERMIT_NUMBER": null, "STREET_NAME": "W 19TH AV", "HUNDRED_BLOCK": "700", "HCORACLEID": null, "AS_BUILT": "Yes", "LASTUPDATE_iso": "2022-01-14", "INSTALLDATE_iso": "1989-01-01", "TV_LAST_INSPECTION_DATE_iso": "2021-12-19"}, "geometry": {"type": "LineString", "coordinates": [[-123.12118731975829, 49.25433267321323], [-123.12207999039639, 49.254355336899], [-123.12208048194823, 49.25435962710029]]}}, {"type": "Feature", "properties": {"SHAPE_Length": 73.27737787979216, "OBJECTID": 136449535, "COV_SOURCE_KEY": "497363", "LASTUPDATE": 1653463824000, "TBFID": 497363, "UNIT_DESCRIPTION": null, "INSTALLDATE": 631180800000, "LANE_LOCATION": "Lane North", "PIPE_USE": "Main", "SERVICE_STATUS": "In Service", "EFFLUENT_TYPE": "Sanitary", "TB_LENGTH": 73.27737788, "GRADE": 1.38, "MATERIAL": "Polyvinyl Chloride", "VALIDATION_DATE": null, "BUN": null, "UPSTREAM_INVERT": 51.14, "UPSTRM_INVERT_ESTIMATED": "No", "DWNSTREAM_INVERT": 50.13, "DNSTRM_INVERT_ESTIMATED": "No", "RAMP_TYPE": "Closed", "PIPE_SHAPE": "Round", "HEIGHT_MM": 0, "WIDTH_MM": 0, "SECTION_NAME": null, "FLOW_CATEGORY": "Gravity", "NORMAL_PRESSURE": 0, "LINING_MATERIAL": "blank", "ON_PILES": "No", "ON_SLAB": "No", "NFB_NOTATION": null, "DRAWING_NUMBER": null, "PP_NUMBER": "S39", "NFB_ELEVATION": 0, "NFB_TYPE": "blank", "WET_WEATHER_ONLY": "No", "REMARKS": "C/R", "LEGACY_ID": "__FJC3W3", "SOIL_TYPE": "SOFT CLAY", "SOIL_CONDITION": "blank", "TYPE_OF_FILL": null, "OWNEDBY": "COVAV", "OPERATOR": null, "UNIT_ID": "411881", "MAIN_KEY_1": 17407, "MAIN_COMP1": "30", "UNIT_ID_2": "1505816", "MAIN_KEY_2": 791252, "MAIN_COMP2": 30, "COMPKEY": 383973, "MAIN_KEY": 23529, "COMPTYPE": 31, "UPDATED_BY": "ENHANMGETASK", "ADDRESS_KEY": 154311, "TB_AREA": "CBC07", "DISTRICT": "3", "FACET_GRID": "P14", "CONSTRUCTION_TECHNIQUE": "unknown", "CONNECTN_TYPE": null, "CONNECTN_CONDITION": "{null}", "DATE_OF_PERMIT": null, "SPECIAL_INSTRUCTIONS": null, "TV_CONDITION": "Good", "TV_LAST_INSPECTION_DATE": 1647932400000, "TV_INCOMPLETE": "No", "TV_NEXT_INSPECTED_DATE": null, "LAST_INSPECTED_OK": null, "DATE_LAST_CLEANING_REQ": null, "DT_LAST_CLEANED": null, "INSPECTED_USER_ID": null, "CLEAN_USER_ID": null, "FURTHER_WORK_REQUIRED": "No", "FURTHERWORK_COMPLETED": "No", "WORK_ID": null, "PARALLEL_LINE_NO": null, "DISTANCE": 74.7, "MAP_TOOLTIP": "73.28 - 200 SAN n/a 1.38 % 1990 2", "HC_FID": null, "SUBAREA": "P14", "DEPTH_AT_PL": null, "DEPTH_AT_PL_BELOW_CL": null, "OFFSET_DIRECTION": null, "OFFSET_FROM_PL": null, "DIAMETER_INSIDE": 200, "NAMENUMBER": null, "TO_MAIN_FID": null, "PERMIT_NUMBER": null, "STREET_NAME": "W 17TH AV", "HUNDRED_BLOCK": "100", "HCORACLEID": null, "AS_BUILT": "Yes", "LASTUPDATE_iso": "2022-05-25", "INSTALLDATE_iso": "1990-01-01", "TV_LAST_INSPECTION_DATE_iso": "2022-03-22"}, "geometry": {"type": "LineString", "coordinates": [[-123.10816994715579, 49.25622031455046], [-123.10716322780168, 49.25620425171864]]}}, {"type": "Feature", "properties": {"SHAPE_Length": 0.7586632984579799, "OBJECTID": 136449690, "COV_SOURCE_KEY": "494601", "LASTUPDATE": 1735083192000, "TBFID": 494601, "UNIT_DESCRIPTION": null, "INSTALLDATE": 1082617200000, "LANE_LOCATION": null, "PIPE_USE": "Main", "SERVICE_STATUS": "In Service", "EFFLUENT_TYPE": "Sanitary", "TB_LENGTH": 0.79, "GRADE": 18.99, "MATERIAL": "Polyvinyl Chloride", "VALIDATION_DATE": null, "BUN": null, "UPSTREAM_INVERT": 74.86, "UPSTRM_INVERT_ESTIMATED": "No", "DWNSTREAM_INVERT": 74.71, "DNSTRM_INVERT_ESTIMATED": "No", "RAMP_TYPE": null, "PIPE_SHAPE": "Round", "HEIGHT_MM": 0, "WIDTH_MM": 0, "SECTION_NAME": null, "FLOW_CATEGORY": "Gravity", "NORMAL_PRESSURE": 0, "LINING_MATERIAL": "blank", "ON_PILES": "No", "ON_SLAB": "No", "NFB_NOTATION": null, "DRAWING_NUMBER": null, "PP_NUMBER": null, "NFB_ELEVATION": 0, "NFB_TYPE": "blank", "WET_WEATHER_ONLY": "No", "REMARKS": null, "LEGACY_ID": "__FLJWQO", "SOIL_TYPE": "COARSE SAND", "SOIL_CONDITION": "Fair", "TYPE_OF_FILL": null, "OWNEDBY": "COVAV", "OPERATOR": "COVAV", "UNIT_ID": "129414", "MAIN_KEY_1": 353092, "MAIN_COMP1": "32", "UNIT_ID_2": "132665", "MAIN_KEY_2": 357647, "MAIN_COMP2": 32, "COMPKEY": 380992, "MAIN_KEY": 20548, "COMPTYPE": 31, "UPDATED_BY": "sil25", "ADDRESS_KEY": 153904, "TB_AREA": "CBC06", "DISTRICT": "3", "FACET_GRID": " ", "CONSTRUCTION_TECHNIQUE": "unknown", "CONNECTN_TYPE": null, "CONNECTN_CONDITION": "{null}", "DATE_OF_PERMIT": null, "SPECIAL_INSTRUCTIONS": null, "TV_CONDITION": "0", "TV_LAST_INSPECTION_DATE": null, "TV_INCOMPLETE": "No", "TV_NEXT_INSPECTED_DATE": null, "LAST_INSPECTED_OK": null, "DATE_LAST_CLEANING_REQ": null, "DT_LAST_CLEANED": null, "INSPECTED_USER_ID": null, "CLEAN_USER_ID": null, "FURTHER_WORK_REQUIRED": "No", "FURTHERWORK_COMPLETED": "No", "WORK_ID": null, "PARALLEL_LINE_NO": null, "DISTANCE": 0.79, "MAP_TOOLTIP": ".79 - 200 SAN n/a 18.99 % 2004 0", "HC_FID": null, "SUBAREA": " ", "DEPTH_AT_PL": null, "DEPTH_AT_PL_BELOW_CL": null, "OFFSET_DIRECTION": null, "OFFSET_FROM_PL": null, "DIAMETER_INSIDE": 200, "NAMENUMBER": null, "TO_MAIN_FID": null, "PERMIT_NUMBER": null, "STREET_NAME": "OAK ST", "HUNDRED_BLOCK": "4900", "HCORACLEID": null, "AS_BUILT": "Yes", "LASTUPDATE_iso": "2024-12-24", "INSTALLDATE_iso": "2004-04-22"}, "geometry": {"type": "LineString", "coordinates": [[-123.12777422190283, 49.24134909958701], [-123.12776597586445, 49.24135327350393]]}}, {"type": "Feature", "properties": {"SHAPE_Length": 13.452905894724262, "OBJECTID": 136449691, "COV_SOURCE_KEY": "494602", "LASTUPDATE": null, "TBFID": 494602, "UNIT_DESCRIPTION": null, "INSTALLDATE": 1082617200000, "LANE_LOCATION": null, "PIPE_USE": "Main", "SERVICE_STATUS": "In Service", "EFFLUENT_TYPE": "Sanitary", "TB_LENGTH": 13.45, "GRADE": 2.9, "MATERIAL": "Polyvinyl Chloride", "VALIDATION_DATE": null, "BUN": null, "UPSTREAM_INVERT": 75.05, "UPSTRM_INVERT_ESTIMATED": "No", "DWNSTREAM_INVERT": 74.86, "DNSTRM_INVERT_ESTIMATED": "No", "RAMP_TYPE": null, "PIPE_SHAPE": "Round", "HEIGHT_MM": 0, "WIDTH_MM": 0, "SECTION_NAME": null, "FLOW_CATEGORY": "Gravity", "NORMAL_PRESSURE": 0, "LINING_MATERIAL": "blank", "ON_PILES": "No", "ON_SLAB": "No", "NFB_NOTATION": null, "DRAWING_NUMBER": null, "PP_NUMBER": null, "NFB_ELEVATION": 0, "NFB_TYPE": "blank", "WET_WEATHER_ONLY": "No", "REMARKS": null, "LEGACY_ID": "__FLJWQL", "SOIL_TYPE": "blank", "SOIL_CONDITION": "blank", "TYPE_OF_FILL": null, "OWNEDBY": "COVAV", "OPERATOR": " ", "UNIT_ID": "410910", "MAIN_KEY_1": 16001, "MAIN_COMP1": "30", "UNIT_ID_2": "129414", "MAIN_KEY_2": 353092, "MAIN_COMP2": 32, "COMPKEY": 380993, "MAIN_KEY": 20549, "COMPTYPE": 31, "UPDATED_BY": "covDBimport", "ADDRESS_KEY": 153904, "TB_AREA": "CBC06", "DISTRICT": "3", "FACET_GRID": "N17", "CONSTRUCTION_TECHNIQUE": "unknown", "CONNECTN_TYPE": null, "CONNECTN_CONDITION": null, "DATE_OF_PERMIT": null, "SPECIAL_INSTRUCTIONS": null, "TV_CONDITION": null, "TV_LAST_INSPECTION_DATE": null, "TV_INCOMPLETE": "No", "TV_NEXT_INSPECTED_DATE": null, "LAST_INSPECTED_OK": null, "DATE_LAST_CLEANING_REQ": null, "DT_LAST_CLEANED": null, "INSPECTED_USER_ID": null, "CLEAN_USER_ID": null, "FURTHER_WORK_REQUIRED": "No", "FURTHERWORK_COMPLETED": "No", "WORK_ID": null, "PARALLEL_LINE_NO": null, "DISTANCE": 13.45, "MAP_TOOLTIP": "13.45 - 200 SAN n/a 2.90 % 2004 ", "HC_FID": null, "SUBAREA": "N17", "DEPTH_AT_PL": null, "DEPTH_AT_PL_BELOW_CL": null, "OFFSET_DIRECTION": null, "OFFSET_FROM_PL": null, "DIAMETER_INSIDE": 200, "NAMENUMBER": null, "TO_MAIN_FID": null, "PERMIT_NUMBER": null, "STREET_NAME": "OAK ST", "HUNDRED_BLOCK": "4900", "HCORACLEID": null, "AS_BUILT": "Yes", "INSTALLDATE_iso": "2004-04-22"}, "geometry": {"type": "LineString", "coordinates": [[-123.12777983110492, 49.24122814335483], [-123.12777422190283, 49.24134909958701]]}}, {"type": "Feature", "properties": {"SHAPE_Length": 59.741464327755665, "OBJECTID": 136450150, "COV_SOURCE_KEY": "498097", "LASTUPDATE": 1642149019000, "TBFID": 498097, "UNIT_DESCRIPTION": null, "INSTALLDATE": 1163577600000, "LANE_LOCATION": "blank", "PIPE_USE": "Main", "SERVICE_STATUS": "In Service", "EFFLUENT_TYPE": "Sanitary", "TB_LENGTH": 59.74146433, "GRADE": 0.62, "MATERIAL": "Polyvinyl Chloride", "VALIDATION_DATE": null, "BUN": null, "UPSTREAM_INVERT": 55.39, "UPSTRM_INVERT_ESTIMATED": "No", "DWNSTREAM_INVERT": 55.02, "DNSTRM_INVERT_ESTIMATED": "No", "RAMP_TYPE": null, "PIPE_SHAPE": "Round", "HEIGHT_MM": 0, "WIDTH_MM": 0, "SECTION_NAME": null, "FLOW_CATEGORY": "Gravity", "NORMAL_PRESSURE": 0, "LINING_MATERIAL": "blank", "ON_PILES": "No", "ON_SLAB": "No", "NFB_NOTATION": null, "DRAWING_NUMBER": null, "PP_NUMBER": null, "NFB_ELEVATION": 0, "NFB_TYPE": "blank", "WET_WEATHER_ONLY": "No", "REMARKS": null, "LEGACY_ID": "__FNHP8U", "SOIL_TYPE": "blank", "SOIL_CONDITION": "blank", "TYPE_OF_FILL": null, "OWNEDBY": "COVAV", "OPERATOR": "COVAV", "UNIT_ID": "417711", "MAIN_KEY_1": 24507, "MAIN_COMP1": "30", "UNIT_ID_2": "426087", "MAIN_KEY_2": 31899, "MAIN_COMP2": 30, "COMPKEY": 385379, "MAIN_KEY": 24935, "COMPTYPE": 31, "UPDATED_BY": "ENHANMGETASK", "ADDRESS_KEY": 156922, "TB_AREA": "CBC07", "DISTRICT": "3", "FACET_GRID": "O15", "CONSTRUCTION_TECHNIQUE": "unknown", "CONNECTN_TYPE": null, "CONNECTN_CONDITION": "{null}", "DATE_OF_PERMIT": null, "SPECIAL_INSTRUCTIONS": null, "TV_CONDITION": "Very Good", "TV_LAST_INSPECTION_DATE": 1639209600000, "TV_INCOMPLETE": "No", "TV_NEXT_INSPECTED_DATE": null, "LAST_INSPECTED_OK": null, "DATE_LAST_CLEANING_REQ": null, "DT_LAST_CLEANED": null, "INSPECTED_USER_ID": null, "CLEAN_USER_ID": null, "FURTHER_WORK_REQUIRED": "No", "FURTHERWORK_COMPLETED": "No", "WORK_ID": null, "PARALLEL_LINE_NO": null, "DISTANCE": 59.98, "MAP_TOOLTIP": "59.74 - 200 SAN n/a 0.62 % 2006 1", "HC_FID": null, "SUBAREA": "O15", "DEPTH_AT_PL": null, "DEPTH_AT_PL_BELOW_CL": null, "OFFSET_DIRECTION": null, "OFFSET_FROM_PL": null, "DIAMETER_INSIDE": 200, "NAMENUMBER": null, "TO_MAIN_FID": null, "PERMIT_NUMBER": null, "STREET_NAME": "W 19TH AV", "HUNDRED_BLOCK": "500", "HCORACLEID": null, "AS_BUILT": "Yes", "LASTUPDATE_iso": "2022-01-14", "INSTALLDATE_iso": "2006-11-15", "TV_LAST_INSPECTION_DATE_iso": "2021-12-11"}, "geometry": {"type": "LineString", "coordinates": [[-123.11531885229839, 49.25403415540972], [-123.11606770112712, 49.25425440015223]]}}, {"type": "Feature", "properties": {"SHAPE_Length": 15.52121773550293, "OBJECTID": 136450319, "COV_SOURCE_KEY": "494782", "LASTUPDATE": 1638992357000, "TBFID": 494782, "UNIT_DESCRIPTION": null, "INSTALLDATE": 662716800000, "LANE_LOCATION": null, "PIPE_USE": "Main", "SERVICE_STATUS": "In Service", "EFFLUENT_TYPE": "Sanitary", "TB_LENGTH": 15.52, "GRADE": 4.7, "MATERIAL": "Polyvinyl Chloride", "VALIDATION_DATE": null, "BUN": null, "UPSTREAM_INVERT": 61.78, "UPSTRM_INVERT_ESTIMATED": "No", "DWNSTREAM_INVERT": 61.05, "DNSTRM_INVERT_ESTIMATED": "No", "RAMP_TYPE": null, "PIPE_SHAPE": "Round", "HEIGHT_MM": 0, "WIDTH_MM": 0, "SECTION_NAME": null, "FLOW_CATEGORY": "Gravity", "NORMAL_PRESSURE": 0, "LINING_MATERIAL": "blank", "ON_PILES": "No", "ON_SLAB": "No", "NFB_NOTATION": null, "DRAWING_NUMBER": null, "PP_NUMBER": "T156", "NFB_ELEVATION": 0, "NFB_TYPE": "blank", "WET_WEATHER_ONLY": "No", "REMARKS": null, "LEGACY_ID": "__FJC2GP", "SOIL_TYPE": "M/CLAY", "SOIL_CONDITION": "blank", "TYPE_OF_FILL": null, "OWNEDBY": "COVAV", "OPERATOR": " ", "UNIT_ID": "402721", "MAIN_KEY_1": 8674, "MAIN_COMP1": "30", "UNIT_ID_2": "411909", "MAIN_KEY_2": 17793, "MAIN_COMP2": 30, "COMPKEY": 379917, "MAIN_KEY": 19473, "COMPTYPE": 31, "UPDATED_BY": "ENHANMGETASK", "ADDRESS_KEY": 147895, "TB_AREA": "CBC06", "DISTRICT": "3", "FACET_GRID": "N15", "CONSTRUCTION_TECHNIQUE": "unknown", "CONNECTN_TYPE": null, "CONNECTN_CONDITION": null, "DATE_OF_PERMIT": null, "SPECIAL_INSTRUCTIONS": null, "TV_CONDITION": "Very Good", "TV_LAST_INSPECTION_DATE": 1633849200000, "TV_INCOMPLETE": "No", "TV_NEXT_INSPECTED_DATE": null, "LAST_INSPECTED_OK": null, "DATE_LAST_CLEANING_REQ": null, "DT_LAST_CLEANED": null, "INSPECTED_USER_ID": null, "CLEAN_USER_ID": null, "FURTHER_WORK_REQUIRED": "No", "FURTHERWORK_COMPLETED": "No", "WORK_ID": null, "PARALLEL_LINE_NO": null, "DISTANCE": 15.7, "MAP_TOOLTIP": "15.52 - 200 SAN n/a 4.70 % 1991 1", "HC_FID": null, "SUBAREA": "N15", "DEPTH_AT_PL": null, "DEPTH_AT_PL_BELOW_CL": null, "OFFSET_DIRECTION": null, "OFFSET_FROM_PL": null, "DIAMETER_INSIDE": 200, "NAMENUMBER": null, "TO_MAIN_FID": null, "PERMIT_NUMBER": null, "STREET_NAME": "W 21ST AV", "HUNDRED_BLOCK": "900", "HCORACLEID": null, "AS_BUILT": "Yes", "LASTUPDATE_iso": "2021-12-08", "INSTALLDATE_iso": "1991-01-01", "TV_LAST_INSPECTION_DATE_iso": "2021-10-10"}, "geometry": {"type": "LineString", "coordinates": [[-123.12694977133776, 49.25263866653453], [-123.1267366264684, 49.2526335933573]]}}, {"type": "Feature", "properties": {"SHAPE_Length": 35.50282869057205, "OBJECTID": 136450834, "COV_SOURCE_KEY": "502636", "LASTUPDATE": 1677227441000, "TBFID": 502636, "UNIT_DESCRIPTION": null, "INSTALLDATE": 536486400000, "LANE_LOCATION": null, "PIPE_USE": "Main", "SERVICE_STATUS": "In Service", "EFFLUENT_TYPE": "Sanitary", "TB_LENGTH": 35.50282869, "GRADE": 7.04, "MATERIAL": "Vitrified Clay", "VALIDATION_DATE": null, "BUN": null, "UPSTREAM_INVERT": 72.7, "UPSTRM_INVERT_ESTIMATED": "No", "DWNSTREAM_INVERT": 70.2, "DNSTRM_INVERT_ESTIMATED": "No", "RAMP_TYPE": null, "PIPE_SHAPE": "Round", "HEIGHT_MM": 0, "WIDTH_MM": 0, "SECTION_NAME": null, "FLOW_CATEGORY": "Gravity", "NORMAL_PRESSURE": 0, "LINING_MATERIAL": "blank", "ON_PILES": "No", "ON_SLAB": "No", "NFB_NOTATION": null, "DRAWING_NUMBER": "DF465", "PP_NUMBER": "T95", "NFB_ELEVATION": 0, "NFB_TYPE": "blank", "WET_WEATHER_ONLY": "No", "REMARKS": null, "LEGACY_ID": "__FJC1H6", "SOIL_TYPE": "blank", "SOIL_CONDITION": "blank", "TYPE_OF_FILL": null, "OWNEDBY": "COVAV", "OPERATOR": " ", "UNIT_ID": "420684", "MAIN_KEY_1": 26787, "MAIN_COMP1": "30", "UNIT_ID_2": "400317", "MAIN_KEY_2": 6537, "MAIN_COMP2": 30, "COMPKEY": 390981, "MAIN_KEY": 30537, "COMPTYPE": 31, "UPDATED_BY": "ENHANMGETASK", "ADDRESS_KEY": 148298, "TB_AREA": "CBC07", "DISTRICT": "3", "FACET_GRID": "O16", "CONSTRUCTION_TECHNIQUE": "unknown", "CONNECTN_TYPE": null, "CONNECTN_CONDITION": null, "DATE_OF_PERMIT": null, "SPECIAL_INSTRUCTIONS": null, "TV_CONDITION": "Very Good", "TV_LAST_INSPECTION_DATE": 1664262000000, "TV_INCOMPLETE": "No", "TV_NEXT_INSPECTED_DATE": null, "LAST_INSPECTED_OK": null, "DATE_LAST_CLEANING_REQ": null, "DT_LAST_CLEANED": null, "INSPECTED_USER_ID": null, "CLEAN_USER_ID": null, "FURTHER_WORK_REQUIRED": "No", "FURTHERWORK_COMPLETED": "No", "WORK_ID": null, "PARALLEL_LINE_NO": null, "DISTANCE": 35.8, "MAP_TOOLTIP": "35.5 - 200 SAN n/a 7.04 % 1987 1", "HC_FID": null, "SUBAREA": "O16", "DEPTH_AT_PL": null, "DEPTH_AT_PL_BELOW_CL": null, "OFFSET_DIRECTION": null, "OFFSET_FROM_PL": null, "DIAMETER_INSIDE": 200, "NAMENUMBER": null, "TO_MAIN_FID": null, "PERMIT_NUMBER": null, "STREET_NAME": "W 26TH AV", "HUNDRED_BLOCK": "500", "HCORACLEID": null, "AS_BUILT": "Yes", "LASTUPDATE_iso": "2023-02-24", "INSTALLDATE_iso": "1987-01-01", "TV_LAST_INSPECTION_DATE_iso": "2022-09-27"}, "geometry": {"type": "LineString", "coordinates": [[-123.1184681521708, 49.24800958240791], [-123.11798054189296, 49.24800024958886]]}}, {"type": "Feature", "properties": {"SHAPE_Length": 53.14737662507496, "OBJECTID": 136451082, "COV_SOURCE_KEY": "497550", "LASTUPDATE": 1764791274000, "TBFID": 497550, "UNIT_DESCRIPTION": null, "INSTALLDATE": 1183014000000, "LANE_LOCATION": null, "PIPE_USE": "Main", "SERVICE_STATUS": "In Service", "EFFLUENT_TYPE": "Sanitary", "TB_LENGTH": 53.15, "GRADE": 0.68, "MATERIAL": "Concrete", "VALIDATION_DATE": null, "BUN": null, "UPSTREAM_INVERT": 68.04, "UPSTRM_INVERT_ESTIMATED": "No", "DWNSTREAM_INVERT": 67.68, "DNSTRM_INVERT_ESTIMATED": "No", "RAMP_TYPE": null, "PIPE_SHAPE": "Round", "HEIGHT_MM": 0, "WIDTH_MM": 0, "SECTION_NAME": null, "FLOW_CATEGORY": "Gravity", "NORMAL_PRESSURE": 0, "LINING_MATERIAL": "blank", "ON_PILES": "No", "ON_SLAB": "No", "NFB_NOTATION": null, "DRAWING_NUMBER": "DB2512", "PP_NUMBER": null, "NFB_ELEVATION": 0, "NFB_TYPE": "blank", "WET_WEATHER_ONLY": "No", "REMARKS": null, "LEGACY_ID": "__FNG7H7", "SOIL_TYPE": "blank", "SOIL_CONDITION": "blank", "TYPE_OF_FILL": null, "OWNEDBY": "COVAV", "OPERATOR": null, "UNIT_ID": "421015", "MAIN_KEY_1": 27263, "MAIN_COMP1": "30", "UNIT_ID_2": "421013", "MAIN_KEY_2": 27261, "MAIN_COMP2": 30, "COMPKEY": 383744, "MAIN_KEY": 23300, "COMPTYPE": 31, "UPDATED_BY": "enklk", "ADDRESS_KEY": 157447, "TB_AREA": "CBC08", "DISTRICT": "1", "FACET_GRID": " ", "CONSTRUCTION_TECHNIQUE": "unknown", "CONNECTN_TYPE": null, "CONNECTN_CONDITION": "{null}", "DATE_OF_PERMIT": null, "SPECIAL_INSTRUCTIONS": null, "TV_CONDITION": "Good", "TV_LAST_INSPECTION_DATE": 1652857200000, "TV_INCOMPLETE": "No", "TV_NEXT_INSPECTED_DATE": null, "LAST_INSPECTED_OK": null, "DATE_LAST_CLEANING_REQ": null, "DT_LAST_CLEANED": null, "INSPECTED_USER_ID": null, "CLEAN_USER_ID": null, "FURTHER_WORK_REQUIRED": "No", "FURTHERWORK_COMPLETED": "No", "WORK_ID": null, "PARALLEL_LINE_NO": null, "DISTANCE": 53.15, "MAP_TOOLTIP": "53.15 - 450 SAN n/a 0.68 % 2007 2", "HC_FID": null, "SUBAREA": " ", "DEPTH_AT_PL": null, "DEPTH_AT_PL_BELOW_CL": null, "OFFSET_DIRECTION": null, "OFFSET_FROM_PL": null, "DIAMETER_INSIDE": 450, "NAMENUMBER": null, "TO_MAIN_FID": null, "PERMIT_NUMBER": null, "STREET_NAME": "CLANCY LORANGER WAY", "HUNDRED_BLOCK": "4500", "HCORACLEID": null, "AS_BUILT": "Yes", "LASTUPDATE_iso": "2025-12-03", "INSTALLDATE_iso": "2007-06-28", "TV_LAST_INSPECTION_DATE_iso": "2022-05-18"}, "geometry": {"type": "LineString", "coordinates": [[-123.10632717934597, 49.24367333154883], [-123.10674869798306, 49.24406370494409]]}}, {"type": "Feature", "properties": {"SHAPE_Length": 119.79979613515371, "OBJECTID": 136451499, "COV_SOURCE_KEY": "494952", "LASTUPDATE": 1638992320000, "TBFID": 494952, "UNIT_DESCRIPTION": null, "INSTALLDATE": 757411200000, "LANE_LOCATION": "Lane South", "PIPE_USE": "Main", "SERVICE_STATUS": "In Service", "EFFLUENT_TYPE": "Sanitary", "TB_LENGTH": 119.8, "GRADE": 1.09, "MATERIAL": "Polyvinyl Chloride", "VALIDATION_DATE": null, "BUN": null, "UPSTREAM_INVERT": 59.88, "UPSTRM_INVERT_ESTIMATED": "No", "DWNSTREAM_INVERT": 58.58, "DNSTRM_INVERT_ESTIMATED": "No", "RAMP_TYPE": null, "PIPE_SHAPE": "Round", "HEIGHT_MM": 0, "WIDTH_MM": 0, "SECTION_NAME": null, "FLOW_CATEGORY": "Gravity", "NORMAL_PRESSURE": 0, "LINING_MATERIAL": "blank", "ON_PILES": "No", "ON_SLAB": "No", "NFB_NOTATION": null, "DRAWING_NUMBER": null, "PP_NUMBER": "N18", "NFB_ELEVATION": 0, "NFB_TYPE": "blank", "WET_WEATHER_ONLY": "No", "REMARKS": null, "LEGACY_ID": "__FJCF1F", "SOIL_TYPE": "S/CLAY", "SOIL_CONDITION": "blank", "TYPE_OF_FILL": null, "OWNEDBY": "COVAV", "OPERATOR": null, "UNIT_ID": "408402", "MAIN_KEY_1": 14645, "MAIN_COMP1": "30", "UNIT_ID_2": "408400", "MAIN_KEY_2": 14643, "MAIN_COMP2": 30, "COMPKEY": 380261, "MAIN_KEY": 19817, "COMPTYPE": 31, "UPDATED_BY": "ENHANMGETASK", "ADDRESS_KEY": 155590, "TB_AREA": "CBC07", "DISTRICT": "3", "FACET_GRID": "P15", "CONSTRUCTION_TECHNIQUE": "unknown", "CONNECTN_TYPE": null, "CONNECTN_CONDITION": "{null}", "DATE_OF_PERMIT": null, "SPECIAL_INSTRUCTIONS": null, "TV_CONDITION": "Very Good", "TV_LAST_INSPECTION_DATE": 1635836400000, "TV_INCOMPLETE": "No", "TV_NEXT_INSPECTED_DATE": null, "LAST_INSPECTED_OK": null, "DATE_LAST_CLEANING_REQ": null, "DT_LAST_CLEANED": null, "INSPECTED_USER_ID": null, "CLEAN_USER_ID": null, "FURTHER_WORK_REQUIRED": "No", "FURTHERWORK_COMPLETED": "No", "WORK_ID": null, "PARALLEL_LINE_NO": null, "DISTANCE": 119.9, "MAP_TOOLTIP": "119.8 - 200 SAN n/a 1.09 % 1994 1", "HC_FID": null, "SUBAREA": "P15", "DEPTH_AT_PL": null, "DEPTH_AT_PL_BELOW_CL": null, "OFFSET_DIRECTION": null, "OFFSET_FROM_PL": null, "DIAMETER_INSIDE": 200, "NAMENUMBER": null, "TO_MAIN_FID": null, "PERMIT_NUMBER": null, "STREET_NAME": "W 19TH AV", "HUNDRED_BLOCK": "200", "HCORACLEID": null, "AS_BUILT": "Yes", "LASTUPDATE_iso": "2021-12-08", "INSTALLDATE_iso": "1994-01-01", "TV_LAST_INSPECTION_DATE_iso": "2021-11-02"}, "geometry": {"type": "LineString", "coordinates": [[-123.11113759892429, 49.25339778430537], [-123.11278317995279, 49.25342877935079]]}}, {"type": "Feature", "properties": {"SHAPE_Length": 69.46575929241418, "OBJECTID": 136451501, "COV_SOURCE_KEY": "494954", "LASTUPDATE": 1654155030000, "TBFID": 494954, "UNIT_DESCRIPTION": null, "INSTALLDATE": 599644800000, "LANE_LOCATION": null, "PIPE_USE": "Main", "SERVICE_STATUS": "In Service", "EFFLUENT_TYPE": "Sanitary", "TB_LENGTH": 69.47, "GRADE": 1.07, "MATERIAL": "Vitrified Clay", "VALIDATION_DATE": null, "BUN": null, "UPSTREAM_INVERT": 49.38, "UPSTRM_INVERT_ESTIMATED": "No", "DWNSTREAM_INVERT": 48.64, "DNSTRM_INVERT_ESTIMATED": "No", "RAMP_TYPE": null, "PIPE_SHAPE": "Round", "HEIGHT_MM": 0, "WIDTH_MM": 0, "SECTION_NAME": null, "FLOW_CATEGORY": "Gravity", "NORMAL_PRESSURE": 0, "LINING_MATERIAL": "blank", "ON_PILES": "No", "ON_SLAB": "No", "NFB_NOTATION": null, "DRAWING_NUMBER": null, "PP_NUMBER": "E55", "NFB_ELEVATION": 0, "NFB_TYPE": "blank", "WET_WEATHER_ONLY": "No", "REMARKS": null, "LEGACY_ID": "__FJCF1D", "SOIL_TYPE": "blank", "SOIL_CONDITION": "blank", "TYPE_OF_FILL": null, "OWNEDBY": "COVAV", "OPERATOR": " ", "UNIT_ID": "408397", "MAIN_KEY_1": 14640, "MAIN_COMP1": "30", "UNIT_ID_2": "403812", "MAIN_KEY_2": 11232, "MAIN_COMP2": 30, "COMPKEY": 380263, "MAIN_KEY": 19819, "COMPTYPE": 31, "UPDATED_BY": "ENHANMGETASK", "ADDRESS_KEY": 149941, "TB_AREA": "CBC07", "DISTRICT": "3", "FACET_GRID": "O14", "CONSTRUCTION_TECHNIQUE": "unknown", "CONNECTN_TYPE": null, "CONNECTN_CONDITION": null, "DATE_OF_PERMIT": null, "SPECIAL_INSTRUCTIONS": null, "TV_CONDITION": "Good", "TV_LAST_INSPECTION_DATE": 1652511600000, "TV_INCOMPLETE": "No", "TV_NEXT_INSPECTED_DATE": null, "LAST_INSPECTED_OK": null, "DATE_LAST_CLEANING_REQ": null, "DT_LAST_CLEANED": null, "INSPECTED_USER_ID": null, "CLEAN_USER_ID": null, "FURTHER_WORK_REQUIRED": "No", "FURTHERWORK_COMPLETED": "No", "WORK_ID": null, "PARALLEL_LINE_NO": null, "DISTANCE": 69.5, "MAP_TOOLTIP": "69.47 - 200 SAN n/a 1.07 % 1989 2", "HC_FID": null, "SUBAREA": "O14", "DEPTH_AT_PL": null, "DEPTH_AT_PL_BELOW_CL": null, "OFFSET_DIRECTION": null, "OFFSET_FROM_PL": null, "DIAMETER_INSIDE": 200, "NAMENUMBER": null, "TO_MAIN_FID": null, "PERMIT_NUMBER": null, "STREET_NAME": "W 18TH AV", "HUNDRED_BLOCK": "700", "HCORACLEID": null, "AS_BUILT": "Yes", "LASTUPDATE_iso": "2022-06-02", "INSTALLDATE_iso": "1989-01-01", "TV_LAST_INSPECTION_DATE_iso": "2022-05-14"}, "geometry": {"type": "LineString", "coordinates": [[-123.12014954952461, 49.25521100699347], [-123.12110378862356, 49.25522860384222]]}}, {"type": "Feature", "properties": {"SHAPE_Length": 115.10901758708013, "OBJECTID": 136451508, "COV_SOURCE_KEY": "494962", "LASTUPDATE": 1656574229000, "TBFID": 494962, "UNIT_DESCRIPTION": null, "INSTALLDATE": 757411200000, "LANE_LOCATION": "Lane North", "PIPE_USE": "Main", "SERVICE_STATUS": "In Service", "EFFLUENT_TYPE": "Sanitary", "TB_LENGTH": 115.11, "GRADE": 1.03, "MATERIAL": "Polyvinyl Chloride", "VALIDATION_DATE": null, "BUN": null, "UPSTREAM_INVERT": 53.32, "UPSTRM_INVERT_ESTIMATED": "No", "DWNSTREAM_INVERT": 52.14, "DNSTRM_INVERT_ESTIMATED": "No", "RAMP_TYPE": null, "PIPE_SHAPE": "Round", "HEIGHT_MM": 0, "WIDTH_MM": 0, "SECTION_NAME": null, "FLOW_CATEGORY": "Gravity", "NORMAL_PRESSURE": 0, "LINING_MATERIAL": "blank", "ON_PILES": "No", "ON_SLAB": "No", "NFB_NOTATION": null, "DRAWING_NUMBER": null, "PP_NUMBER": "S39", "NFB_ELEVATION": 0, "NFB_TYPE": "blank", "WET_WEATHER_ONLY": "No", "REMARKS": null, "LEGACY_ID": "__FJCF1V", "SOIL_TYPE": "SOFT CLAY", "SOIL_CONDITION": "blank", "TYPE_OF_FILL": null, "OWNEDBY": "COVAV", "OPERATOR": null, "UNIT_ID": "408487", "MAIN_KEY_1": 14658, "MAIN_COMP1": "30", "UNIT_ID_2": "408488", "MAIN_KEY_2": 14659, "MAIN_COMP2": 30, "COMPKEY": 380271, "MAIN_KEY": 19827, "COMPTYPE": 31, "UPDATED_BY": "ENHANMGETASK", "ADDRESS_KEY": 152827, "TB_AREA": "CBC07", "DISTRICT": "3", "FACET_GRID": "P14", "CONSTRUCTION_TECHNIQUE": "unknown", "CONNECTN_TYPE": null, "CONNECTN_CONDITION": "{null}", "DATE_OF_PERMIT": null, "SPECIAL_INSTRUCTIONS": null, "TV_CONDITION": "Very Good", "TV_LAST_INSPECTION_DATE": 1650351600000, "TV_INCOMPLETE": "No", "TV_NEXT_INSPECTED_DATE": null, "LAST_INSPECTED_OK": null, "DATE_LAST_CLEANING_REQ": null, "DT_LAST_CLEANED": null, "INSPECTED_USER_ID": null, "CLEAN_USER_ID": null, "FURTHER_WORK_REQUIRED": "No", "FURTHERWORK_COMPLETED": "No", "WORK_ID": null, "PARALLEL_LINE_NO": null, "DISTANCE": 115.2, "MAP_TOOLTIP": "115.11 - 200 SAN n/a 1.03 % 1994 1", "HC_FID": null, "SUBAREA": "P14", "DEPTH_AT_PL": null, "DEPTH_AT_PL_BELOW_CL": null, "OFFSET_DIRECTION": null, "OFFSET_FROM_PL": null, "DIAMETER_INSIDE": 200, "NAMENUMBER": null, "TO_MAIN_FID": null, "PERMIT_NUMBER": null, "STREET_NAME": "W 17TH AV", "HUNDRED_BLOCK": "200", "HCORACLEID": null, "AS_BUILT": "Yes", "LASTUPDATE_iso": "2022-06-30", "INSTALLDATE_iso": "1994-01-01", "TV_LAST_INSPECTION_DATE_iso": "2022-04-19"}, "geometry": {"type": "LineString", "coordinates": [[-123.11001854205854, 49.25625085289773], [-123.11159981496702, 49.25627985712352]]}}, {"type": "Feature", "properties": {"SHAPE_Length": 22.540096051398475, "OBJECTID": 136451536, "COV_SOURCE_KEY": "495046", "LASTUPDATE": null, "TBFID": 495046, "UNIT_DESCRIPTION": null, "INSTALLDATE": 852105600000, "LANE_LOCATION": null, "PIPE_USE": "Main", "SERVICE_STATUS": "In Service", "EFFLUENT_TYPE": "Sanitary", "TB_LENGTH": 22.54, "GRADE": 0.75, "MATERIAL": "Polyvinyl Chloride", "VALIDATION_DATE": null, "BUN": null, "UPSTREAM_INVERT": 74.4, "UPSTRM_INVERT_ESTIMATED": "No", "DWNSTREAM_INVERT": 74.23, "DNSTRM_INVERT_ESTIMATED": "No", "RAMP_TYPE": null, "PIPE_SHAPE": "blank", "HEIGHT_MM": 0, "WIDTH_MM": 0, "SECTION_NAME": null, "FLOW_CATEGORY": "Gravity", "NORMAL_PRESSURE": 0, "LINING_MATERIAL": "blank", "ON_PILES": "No", "ON_SLAB": "No", "NFB_NOTATION": null, "DRAWING_NUMBER": null, "PP_NUMBER": null, "NFB_ELEVATION": 0, "NFB_TYPE": "blank", "WET_WEATHER_ONLY": "No", "REMARKS": null, "LEGACY_ID": "__FJBSI4", "SOIL_TYPE": "blank", "SOIL_CONDITION": "blank", "TYPE_OF_FILL": null, "OWNEDBY": "COVAV", "OPERATOR": " ", "UNIT_ID": "413230", "MAIN_KEY_1": 19616, "MAIN_COMP1": "30", "UNIT_ID_2": "413229", "MAIN_KEY_2": 19615, "MAIN_COMP2": 30, "COMPKEY": 380856, "MAIN_KEY": 20412, "COMPTYPE": 31, "UPDATED_BY": "covDBimport", "ADDRESS_KEY": 149419, "TB_AREA": "CBC06", "DISTRICT": "3", "FACET_GRID": "N17", "CONSTRUCTION_TECHNIQUE": "unknown", "CONNECTN_TYPE": null, "CONNECTN_CONDITION": null, "DATE_OF_PERMIT": null, "SPECIAL_INSTRUCTIONS": null, "TV_CONDITION": null, "TV_LAST_INSPECTION_DATE": null, "TV_INCOMPLETE": "No", "TV_NEXT_INSPECTED_DATE": null, "LAST_INSPECTED_OK": null, "DATE_LAST_CLEANING_REQ": null, "DT_LAST_CLEANED": null, "INSPECTED_USER_ID": null, "CLEAN_USER_ID": null, "FURTHER_WORK_REQUIRED": "No", "FURTHERWORK_COMPLETED": "No", "WORK_ID": null, "PARALLEL_LINE_NO": null, "DISTANCE": 22.6, "MAP_TOOLTIP": "22.54 - 200 SAN n/a 0.75 % 1997 ", "HC_FID": null, "SUBAREA": "N17", "DEPTH_AT_PL": null, "DEPTH_AT_PL_BELOW_CL": null, "OFFSET_DIRECTION": null, "OFFSET_FROM_PL": null, "DIAMETER_INSIDE": 200, "NAMENUMBER": null, "TO_MAIN_FID": null, "PERMIT_NUMBER": null, "STREET_NAME": "W 33RD AV", "HUNDRED_BLOCK": "1000", "HCORACLEID": null, "AS_BUILT": "Yes", "INSTALLDATE_iso": "1997-01-01"}, "geometry": {"type": "LineString", "coordinates": [[-123.12822163700388, 49.24144273909142], [-123.12853079644584, 49.241454332238256]]}}, {"type": "Feature", "properties": {"SHAPE_Length": 96.56197981794548, "OBJECTID": 136451539, "COV_SOURCE_KEY": "494396", "LASTUPDATE": 1678865426000, "TBFID": 494396, "UNIT_DESCRIPTION": null, "INSTALLDATE": 599644800000, "LANE_LOCATION": null, "PIPE_USE": "Main", "SERVICE_STATUS": "In Service", "EFFLUENT_TYPE": "Sanitary", "TB_LENGTH": 96.56, "GRADE": 4.15, "MATERIAL": "Vitrified Clay", "VALIDATION_DATE": null, "BUN": null, "UPSTREAM_INVERT": 61.2, "UPSTRM_INVERT_ESTIMATED": "No", "DWNSTREAM_INVERT": 57.19, "DNSTRM_INVERT_ESTIMATED": "No", "RAMP_TYPE": null, "PIPE_SHAPE": "Round", "HEIGHT_MM": 0, "WIDTH_MM": 0, "SECTION_NAME": null, "FLOW_CATEGORY": "Gravity", "NORMAL_PRESSURE": 0, "LINING_MATERIAL": "blank", "ON_PILES": "No", "ON_SLAB": "No", "NFB_NOTATION": null, "DRAWING_NUMBER": null, "PP_NUMBER": "T125", "NFB_ELEVATION": 0, "NFB_TYPE": "blank", "WET_WEATHER_ONLY": "No", "REMARKS": null, "LEGACY_ID": "__FJC2G8", "SOIL_TYPE": "blank", "SOIL_CONDITION": "blank", "TYPE_OF_FILL": null, "OWNEDBY": "COVAV", "OPERATOR": null, "UNIT_ID": "411897", "MAIN_KEY_1": 17781, "MAIN_COMP1": "30", "UNIT_ID_2": "421161", "MAIN_KEY_2": 26539, "MAIN_COMP2": 30, "COMPKEY": 380087, "MAIN_KEY": 19643, "COMPTYPE": 31, "UPDATED_BY": "ENHANMGETASK", "ADDRESS_KEY": 147910, "TB_AREA": "CBC06", "DISTRICT": "3", "FACET_GRID": " ", "CONSTRUCTION_TECHNIQUE": "unknown", "CONNECTN_TYPE": null, "CONNECTN_CONDITION": "{null}", "DATE_OF_PERMIT": null, "SPECIAL_INSTRUCTIONS": null, "TV_CONDITION": "Very Good", "TV_LAST_INSPECTION_DATE": 1674806400000, "TV_INCOMPLETE": "No", "TV_NEXT_INSPECTED_DATE": null, "LAST_INSPECTED_OK": null, "DATE_LAST_CLEANING_REQ": null, "DT_LAST_CLEANED": null, "INSPECTED_USER_ID": null, "CLEAN_USER_ID": null, "FURTHER_WORK_REQUIRED": "No", "FURTHERWORK_COMPLETED": "No", "WORK_ID": null, "PARALLEL_LINE_NO": null, "DISTANCE": 96.8, "MAP_TOOLTIP": "96.56 - 200 SAN n/a 4.15 % 1989 1", "HC_FID": null, "SUBAREA": " ", "DEPTH_AT_PL": null, "DEPTH_AT_PL_BELOW_CL": null, "OFFSET_DIRECTION": null, "OFFSET_FROM_PL": null, "DIAMETER_INSIDE": 200, "NAMENUMBER": null, "TO_MAIN_FID": null, "PERMIT_NUMBER": null, "STREET_NAME": "LAUREL ST", "HUNDRED_BLOCK": "3700", "HCORACLEID": null, "AS_BUILT": "Yes", "LASTUPDATE_iso": "2023-03-15", "INSTALLDATE_iso": "1989-01-01", "TV_LAST_INSPECTION_DATE_iso": "2023-01-27"}, "geometry": {"type": "LineString", "coordinates": [[-123.12597450291058, 49.25172016115895], [-123.12467303534068, 49.251704050191236], [-123.12464952280187, 49.25169813871193]]}}, {"type": "Feature", "properties": {"SHAPE_Length": 41.08400340614607, "OBJECTID": 136451813, "COV_SOURCE_KEY": "495288", "LASTUPDATE": 1537255822000, "TBFID": 495288, "UNIT_DESCRIPTION": null, "INSTALLDATE": 694252800000, "LANE_LOCATION": null, "PIPE_USE": "Main", "SERVICE_STATUS": "In Service", "EFFLUENT_TYPE": "Sanitary", "TB_LENGTH": 41.09, "GRADE": 1.92, "MATERIAL": "Concrete", "VALIDATION_DATE": null, "BUN": null, "UPSTREAM_INVERT": 57.38, "UPSTRM_INVERT_ESTIMATED": "No", "DWNSTREAM_INVERT": 56.59, "DNSTRM_INVERT_ESTIMATED": "No", "RAMP_TYPE": null, "PIPE_SHAPE": "Round", "HEIGHT_MM": 0, "WIDTH_MM": 0, "SECTION_NAME": null, "FLOW_CATEGORY": "Gravity", "NORMAL_PRESSURE": 0, "LINING_MATERIAL": "blank", "ON_PILES": "No", "ON_SLAB": "No", "NFB_NOTATION": null, "DRAWING_NUMBER": null, "PP_NUMBER": "L30", "NFB_ELEVATION": 0, "NFB_TYPE": "blank", "WET_WEATHER_ONLY": "No", "REMARKS": null, "LEGACY_ID": "__FJC2J8", "SOIL_TYPE": "SANDY CLAY", "SOIL_CONDITION": "blank", "TYPE_OF_FILL": null, "OWNEDBY": "COVAV", "OPERATOR": null, "UNIT_ID": "405744", "MAIN_KEY_1": 11338, "MAIN_COMP1": "30", "UNIT_ID_2": "423626", "MAIN_KEY_2": 29798, "MAIN_COMP2": 30, "COMPKEY": 381520, "MAIN_KEY": 21076, "COMPTYPE": 31, "UPDATED_BY": "ENHANMGETASK", "ADDRESS_KEY": 151536, "TB_AREA": "CBC06", "DISTRICT": "3", "FACET_GRID": " ", "CONSTRUCTION_TECHNIQUE": "unknown", "CONNECTN_TYPE": null, "CONNECTN_CONDITION": "{null}", "DATE_OF_PERMIT": null, "SPECIAL_INSTRUCTIONS": null, "TV_CONDITION": "Good", "TV_LAST_INSPECTION_DATE": 1396940400000, "TV_INCOMPLETE": "No", "TV_NEXT_INSPECTED_DATE": null, "LAST_INSPECTED_OK": null, "DATE_LAST_CLEANING_REQ": null, "DT_LAST_CLEANED": null, "INSPECTED_USER_ID": null, "CLEAN_USER_ID": null, "FURTHER_WORK_REQUIRED": "No", "FURTHERWORK_COMPLETED": "No", "WORK_ID": null, "PARALLEL_LINE_NO": null, "DISTANCE": 35.4, "MAP_TOOLTIP": "41.09 - 525 SAN n/a 1.92 % 1992 2", "HC_FID": null, "SUBAREA": " ", "DEPTH_AT_PL": null, "DEPTH_AT_PL_BELOW_CL": null, "OFFSET_DIRECTION": null, "OFFSET_FROM_PL": null, "DIAMETER_INSIDE": 525, "NAMENUMBER": null, "TO_MAIN_FID": null, "PERMIT_NUMBER": null, "STREET_NAME": "LAUREL ST", "HUNDRED_BLOCK": "3800", "HCORACLEID": null, "AS_BUILT": "Yes", "LASTUPDATE_iso": "2018-09-18", "INSTALLDATE_iso": "1992-01-01", "TV_LAST_INSPECTION_DATE_iso": "2014-04-08"}, "geometry": {"type": "LineString", "coordinates": [[-123.12465406735998, 49.251216349490434], [-123.12463832894072, 49.25156924920002], [-123.12462173328164, 49.25158168051403]]}}, {"type": "Feature", "properties": {"SHAPE_Length": 120.31426410040211, "OBJECTID": 136451910, "COV_SOURCE_KEY": "499192", "LASTUPDATE": 1639038635000, "TBFID": 499192, "UNIT_DESCRIPTION": null, "INSTALLDATE": 599644800000, "LANE_LOCATION": null, "PIPE_USE": "Main", "SERVICE_STATUS": "In Service", "EFFLUENT_TYPE": "Sanitary", "TB_LENGTH": 120.32, "GRADE": 2.38, "MATERIAL": "Vitrified Clay", "VALIDATION_DATE": null, "BUN": null, "UPSTREAM_INVERT": 52.53, "UPSTRM_INVERT_ESTIMATED": "No", "DWNSTREAM_INVERT": 49.67, "DNSTRM_INVERT_ESTIMATED": "No", "RAMP_TYPE": null, "PIPE_SHAPE": "Round", "HEIGHT_MM": 0, "WIDTH_MM": 0, "SECTION_NAME": null, "FLOW_CATEGORY": "Gravity", "NORMAL_PRESSURE": 0, "LINING_MATERIAL": "blank", "ON_PILES": "No", "ON_SLAB": "No", "NFB_NOTATION": null, "DRAWING_NUMBER": null, "PP_NUMBER": "N28", "NFB_ELEVATION": 0, "NFB_TYPE": "blank", "WET_WEATHER_ONLY": "No", "REMARKS": null, "LEGACY_ID": "__FJC3S0", "SOIL_TYPE": "blank", "SOIL_CONDITION": "blank", "TYPE_OF_FILL": null, "OWNEDBY": "COVAV", "OPERATOR": " ", "UNIT_ID": "404855", "MAIN_KEY_1": 11098, "MAIN_COMP1": "30", "UNIT_ID_2": "404929", "MAIN_KEY_2": 11100, "MAIN_COMP2": 30, "COMPKEY": 386622, "MAIN_KEY": 26178, "COMPTYPE": 31, "UPDATED_BY": "ENHANMGETASK", "ADDRESS_KEY": 150560, "TB_AREA": "CBC07", "DISTRICT": "3", "FACET_GRID": "O14", "CONSTRUCTION_TECHNIQUE": "unknown", "CONNECTN_TYPE": null, "CONNECTN_CONDITION": null, "DATE_OF_PERMIT": null, "SPECIAL_INSTRUCTIONS": null, "TV_CONDITION": "Good", "TV_LAST_INSPECTION_DATE": 1637395200000, "TV_INCOMPLETE": "No", "TV_NEXT_INSPECTED_DATE": null, "LAST_INSPECTED_OK": null, "DATE_LAST_CLEANING_REQ": null, "DT_LAST_CLEANED": null, "INSPECTED_USER_ID": null, "CLEAN_USER_ID": null, "FURTHER_WORK_REQUIRED": "No", "FURTHERWORK_COMPLETED": "No", "WORK_ID": null, "PARALLEL_LINE_NO": null, "DISTANCE": 120.3, "MAP_TOOLTIP": "120.32 - 200 SAN n/a 2.38 % 1989 2", "HC_FID": null, "SUBAREA": "O14", "DEPTH_AT_PL": null, "DEPTH_AT_PL_BELOW_CL": null, "OFFSET_DIRECTION": null, "OFFSET_FROM_PL": null, "DIAMETER_INSIDE": 200, "NAMENUMBER": null, "TO_MAIN_FID": null, "PERMIT_NUMBER": null, "STREET_NAME": "W 19TH AV", "HUNDRED_BLOCK": "600", "HCORACLEID": null, "AS_BUILT": "Yes", "LASTUPDATE_iso": "2021-12-09", "INSTALLDATE_iso": "1989-01-01", "TV_LAST_INSPECTION_DATE_iso": "2021-11-20"}, "geometry": {"type": "LineString", "coordinates": [[-123.11850783994869, 49.25427514869822], [-123.12016025691561, 49.254311716642434]]}}, {"type": "Feature", "properties": {"SHAPE_Length": 102.79048409208728, "OBJECTID": 136452341, "COV_SOURCE_KEY": "502282", "LASTUPDATE": 1657783821000, "TBFID": 502282, "UNIT_DESCRIPTION": "SOFT CLAY", "INSTALLDATE": 915177600000, "LANE_LOCATION": "Lane West", "PIPE_USE": "Main", "SERVICE_STATUS": "In Service", "EFFLUENT_TYPE": "Sanitary", "TB_LENGTH": 102.79, "GRADE": 0.54, "MATERIAL": "Vitrified Clay", "VALIDATION_DATE": null, "BUN": null, "UPSTREAM_INVERT": 65.26, "UPSTRM_INVERT_ESTIMATED": "No", "DWNSTREAM_INVERT": 64.7, "DNSTRM_INVERT_ESTIMATED": "No", "RAMP_TYPE": null, "PIPE_SHAPE": "blank", "HEIGHT_MM": 0, "WIDTH_MM": 0, "SECTION_NAME": null, "FLOW_CATEGORY": "Gravity", "NORMAL_PRESSURE": 0, "LINING_MATERIAL": "blank", "ON_PILES": "No", "ON_SLAB": "No", "NFB_NOTATION": null, "DRAWING_NUMBER": null, "PP_NUMBER": "O11", "NFB_ELEVATION": 0, "NFB_TYPE": "blank", "WET_WEATHER_ONLY": "No", "REMARKS": null, "LEGACY_ID": "__FJCFVR", "SOIL_TYPE": "blank", "SOIL_CONDITION": "blank", "TYPE_OF_FILL": null, "OWNEDBY": "COVAV", "OPERATOR": null, "UNIT_ID": "400797", "MAIN_KEY_1": 7043, "MAIN_COMP1": "30", "UNIT_ID_2": "400800", "MAIN_KEY_2": 7046, "MAIN_COMP2": 30, "COMPKEY": 391459, "MAIN_KEY": 31015, "COMPTYPE": 31, "UPDATED_BY": "ENHANMGETASK", "ADDRESS_KEY": 152374, "TB_AREA": "CBC06", "DISTRICT": "3", "FACET_GRID": "N16", "CONSTRUCTION_TECHNIQUE": "unknown", "CONNECTN_TYPE": null, "CONNECTN_CONDITION": "{null}", "DATE_OF_PERMIT": null, "SPECIAL_INSTRUCTIONS": null, "TV_CONDITION": "Good", "TV_LAST_INSPECTION_DATE": 1654844400000, "TV_INCOMPLETE": "No", "TV_NEXT_INSPECTED_DATE": null, "LAST_INSPECTED_OK": null, "DATE_LAST_CLEANING_REQ": null, "DT_LAST_CLEANED": null, "INSPECTED_USER_ID": null, "CLEAN_USER_ID": null, "FURTHER_WORK_REQUIRED": "No", "FURTHERWORK_COMPLETED": "No", "WORK_ID": null, "PARALLEL_LINE_NO": null, "DISTANCE": 103, "MAP_TOOLTIP": "102.79 - 200 SAN n/a 0.54 % 1999 2", "HC_FID": null, "SUBAREA": "N16", "DEPTH_AT_PL": null, "DEPTH_AT_PL_BELOW_CL": null, "OFFSET_DIRECTION": null, "OFFSET_FROM_PL": null, "DIAMETER_INSIDE": 200, "NAMENUMBER": null, "TO_MAIN_FID": null, "PERMIT_NUMBER": null, "STREET_NAME": "OAK ST", "HUNDRED_BLOCK": "4400", "HCORACLEID": null, "AS_BUILT": "Yes", "LASTUPDATE_iso": "2022-07-14", "INSTALLDATE_iso": "1999-01-01", "TV_LAST_INSPECTION_DATE_iso": "2022-06-10"}, "geometry": {"type": "LineString", "coordinates": [[-123.12843278018929, 49.24494323583806], [-123.12839967424188, 49.24586760508852]]}}, {"type": "Feature", "properties": {"SHAPE_Length": 15.629484423141664, "OBJECTID": 136452502, "COV_SOURCE_KEY": "499723", "LASTUPDATE": 1764791274000, "TBFID": 499723, "UNIT_DESCRIPTION": null, "INSTALLDATE": 1179471600000, "LANE_LOCATION": null, "PIPE_USE": "Main", "SERVICE_STATUS": "In Service", "EFFLUENT_TYPE": "Sanitary", "TB_LENGTH": 15.63, "GRADE": 0.77, "MATERIAL": "Concrete", "VALIDATION_DATE": null, "BUN": null, "UPSTREAM_INVERT": 65.88, "UPSTRM_INVERT_ESTIMATED": "No", "DWNSTREAM_INVERT": 65.76, "DNSTRM_INVERT_ESTIMATED": "No", "RAMP_TYPE": null, "PIPE_SHAPE": "Round", "HEIGHT_MM": 0, "WIDTH_MM": 0, "SECTION_NAME": null, "FLOW_CATEGORY": "Gravity", "NORMAL_PRESSURE": 0, "LINING_MATERIAL": "blank", "ON_PILES": "No", "ON_SLAB": "No", "NFB_NOTATION": null, "DRAWING_NUMBER": "DB2512", "PP_NUMBER": null, "NFB_ELEVATION": 0, "NFB_TYPE": "blank", "WET_WEATHER_ONLY": "No", "REMARKS": null, "LEGACY_ID": "__FNK6LH", "SOIL_TYPE": "blank", "SOIL_CONDITION": "blank", "TYPE_OF_FILL": null, "OWNEDBY": "COVAV", "OPERATOR": null, "UNIT_ID": "422413", "MAIN_KEY_1": 29087, "MAIN_COMP1": "30", "UNIT_ID_2": "410849", "MAIN_KEY_2": 16374, "MAIN_COMP2": 30, "COMPKEY": 387960, "MAIN_KEY": 27516, "COMPTYPE": 31, "UPDATED_BY": "enklk", "ADDRESS_KEY": 148793, "TB_AREA": "CBC07", "DISTRICT": "3", "FACET_GRID": " ", "CONSTRUCTION_TECHNIQUE": "unknown", "CONNECTN_TYPE": null, "CONNECTN_CONDITION": "{null}", "DATE_OF_PERMIT": null, "SPECIAL_INSTRUCTIONS": null, "TV_CONDITION": "Good", "TV_LAST_INSPECTION_DATE": 1688454000000, "TV_INCOMPLETE": "No", "TV_NEXT_INSPECTED_DATE": null, "LAST_INSPECTED_OK": null, "DATE_LAST_CLEANING_REQ": null, "DT_LAST_CLEANED": null, "INSPECTED_USER_ID": null, "CLEAN_USER_ID": null, "FURTHER_WORK_REQUIRED": "No", "FURTHERWORK_COMPLETED": "No", "WORK_ID": null, "PARALLEL_LINE_NO": null, "DISTANCE": 15.63, "MAP_TOOLTIP": "15.63 - 450 SAN n/a 0.77 % 2007 2", "HC_FID": null, "SUBAREA": " ", "DEPTH_AT_PL": null, "DEPTH_AT_PL_BELOW_CL": null, "OFFSET_DIRECTION": null, "OFFSET_FROM_PL": null, "DIAMETER_INSIDE": 450, "NAMENUMBER": null, "TO_MAIN_FID": null, "PERMIT_NUMBER": null, "STREET_NAME": "DINMONT AV", "HUNDRED_BLOCK": "4200", "HCORACLEID": null, "AS_BUILT": "Yes", "LASTUPDATE_iso": "2025-12-03", "INSTALLDATE_iso": "2007-05-18", "TV_LAST_INSPECTION_DATE_iso": "2023-07-04"}, "geometry": {"type": "LineString", "coordinates": [[-123.10874322806004, 49.2460082248884], [-123.10871680431809, 49.24613237498956], [-123.10869421045692, 49.24613604831331]]}}, {"type": "Feature", "properties": {"SHAPE_Length": 93.43491620190898, "OBJECTID": 136452551, "COV_SOURCE_KEY": "498055", "LASTUPDATE": 1662190219000, "TBFID": 498055, "UNIT_DESCRIPTION": null, "INSTALLDATE": 694252800000, "LANE_LOCATION": null, "PIPE_USE": "Main", "SERVICE_STATUS": "In Service", "EFFLUENT_TYPE": "Sanitary", "TB_LENGTH": 93.43, "GRADE": 3.17, "MATERIAL": "Polyvinyl Chloride", "VALIDATION_DATE": null, "BUN": null, "UPSTREAM_INVERT": 66.38, "UPSTRM_INVERT_ESTIMATED": "No", "DWNSTREAM_INVERT": 63.42, "DNSTRM_INVERT_ESTIMATED": "No", "RAMP_TYPE": null, "PIPE_SHAPE": "Round", "HEIGHT_MM": 0, "WIDTH_MM": 0, "SECTION_NAME": null, "FLOW_CATEGORY": "Gravity", "NORMAL_PRESSURE": 0, "LINING_MATERIAL": "blank", "ON_PILES": "No", "ON_SLAB": "No", "NFB_NOTATION": null, "DRAWING_NUMBER": null, "PP_NUMBER": "T95", "NFB_ELEVATION": 0, "NFB_TYPE": "blank", "WET_WEATHER_ONLY": "No", "REMARKS": null, "LEGACY_ID": "__FJC1GI", "SOIL_TYPE": "blank", "SOIL_CONDITION": "blank", "TYPE_OF_FILL": null, "OWNEDBY": "COVAV", "OPERATOR": null, "UNIT_ID": "400555", "MAIN_KEY_1": 7738, "MAIN_COMP1": "30", "UNIT_ID_2": "401994", "MAIN_KEY_2": 7732, "MAIN_COMP2": 30, "COMPKEY": 384792, "MAIN_KEY": 24348, "COMPTYPE": 31, "UPDATED_BY": "ENHANMGETASK", "ADDRESS_KEY": 148092, "TB_AREA": "CBC06", "DISTRICT": "3", "FACET_GRID": " ", "CONSTRUCTION_TECHNIQUE": "unknown", "CONNECTN_TYPE": null, "CONNECTN_CONDITION": "{null}", "DATE_OF_PERMIT": null, "SPECIAL_INSTRUCTIONS": null, "TV_CONDITION": "Very Good", "TV_LAST_INSPECTION_DATE": 1658386800000, "TV_INCOMPLETE": "No", "TV_NEXT_INSPECTED_DATE": null, "LAST_INSPECTED_OK": null, "DATE_LAST_CLEANING_REQ": null, "DT_LAST_CLEANED": null, "INSPECTED_USER_ID": null, "CLEAN_USER_ID": null, "FURTHER_WORK_REQUIRED": "No", "FURTHERWORK_COMPLETED": "No", "WORK_ID": null, "PARALLEL_LINE_NO": null, "DISTANCE": 95.4, "MAP_TOOLTIP": "93.43 - 200 SAN n/a 3.17 % 1992 1", "HC_FID": null, "SUBAREA": " ", "DEPTH_AT_PL": null, "DEPTH_AT_PL_BELOW_CL": null, "OFFSET_DIRECTION": null, "OFFSET_FROM_PL": null, "DIAMETER_INSIDE": 200, "NAMENUMBER": null, "TO_MAIN_FID": null, "PERMIT_NUMBER": null, "STREET_NAME": "W 26TH AV", "HUNDRED_BLOCK": "900", "HCORACLEID": null, "AS_BUILT": "Yes", "LASTUPDATE_iso": "2022-09-03", "INSTALLDATE_iso": "1992-01-01", "TV_LAST_INSPECTION_DATE_iso": "2022-07-21"}, "geometry": {"type": "LineString", "coordinates": [[-123.12614431261142, 49.24813682546643], [-123.12740449878004, 49.24815503427807], [-123.12742307202146, 49.24816427888338]]}}, {"type": "Feature", "properties": {"SHAPE_Length": 58.05250673034652, "OBJECTID": 136452724, "COV_SOURCE_KEY": "494740", "LASTUPDATE": 1525937434000, "TBFID": 494740, "UNIT_DESCRIPTION": null, "INSTALLDATE": 725875200000, "LANE_LOCATION": "Lane West", "PIPE_USE": "Main", "SERVICE_STATUS": "In Service", "EFFLUENT_TYPE": "Sanitary", "TB_LENGTH": 58.05, "GRADE": 1.52, "MATERIAL": "Polyvinyl Chloride", "VALIDATION_DATE": null, "BUN": null, "UPSTREAM_INVERT": 88.23, "UPSTRM_INVERT_ESTIMATED": "No", "DWNSTREAM_INVERT": 87.35, "DNSTRM_INVERT_ESTIMATED": "No", "RAMP_TYPE": null, "PIPE_SHAPE": "Round", "HEIGHT_MM": 0, "WIDTH_MM": 0, "SECTION_NAME": null, "FLOW_CATEGORY": "Gravity", "NORMAL_PRESSURE": 0, "LINING_MATERIAL": "blank", "ON_PILES": "No", "ON_SLAB": "No", "NFB_NOTATION": null, "DRAWING_NUMBER": null, "PP_NUMBER": "T96", "NFB_ELEVATION": 0, "NFB_TYPE": "blank", "WET_WEATHER_ONLY": "No", "REMARKS": null, "LEGACY_ID": "__FJCF1L", "SOIL_TYPE": "blank", "SOIL_CONDITION": "blank", "TYPE_OF_FILL": null, "OWNEDBY": "COVAV", "OPERATOR": null, "UNIT_ID": "408406", "MAIN_KEY_1": 14649, "MAIN_COMP1": "30", "UNIT_ID_2": "408404", "MAIN_KEY_2": 14647, "MAIN_COMP2": 30, "COMPKEY": 380189, "MAIN_KEY": 19745, "COMPTYPE": 31, "UPDATED_BY": "ENHANMGETASK", "ADDRESS_KEY": 153297, "TB_AREA": "CBC07", "DISTRICT": "3", "FACET_GRID": "O17", "CONSTRUCTION_TECHNIQUE": "unknown", "CONNECTN_TYPE": null, "CONNECTN_CONDITION": "{null}", "DATE_OF_PERMIT": null, "SPECIAL_INSTRUCTIONS": null, "TV_CONDITION": "Good", "TV_LAST_INSPECTION_DATE": 1462777200000, "TV_INCOMPLETE": "No", "TV_NEXT_INSPECTED_DATE": null, "LAST_INSPECTED_OK": null, "DATE_LAST_CLEANING_REQ": null, "DT_LAST_CLEANED": null, "INSPECTED_USER_ID": null, "CLEAN_USER_ID": null, "FURTHER_WORK_REQUIRED": "No", "FURTHERWORK_COMPLETED": "No", "WORK_ID": null, "PARALLEL_LINE_NO": null, "DISTANCE": 58.1, "MAP_TOOLTIP": "58.05 - 200 SAN n/a 1.52 % 1993 2", "HC_FID": null, "SUBAREA": "O17", "DEPTH_AT_PL": null, "DEPTH_AT_PL_BELOW_CL": null, "OFFSET_DIRECTION": null, "OFFSET_FROM_PL": null, "DIAMETER_INSIDE": 200, "NAMENUMBER": null, "TO_MAIN_FID": null, "PERMIT_NUMBER": null, "STREET_NAME": "CAMBIE ST", "HUNDRED_BLOCK": "4500", "HCORACLEID": null, "AS_BUILT": "Yes", "LASTUPDATE_iso": "2018-05-10", "INSTALLDATE_iso": "1993-01-01", "TV_LAST_INSPECTION_DATE_iso": "2016-05-09"}, "geometry": {"type": "LineString", "coordinates": [[-123.1176486408934, 49.244268348418146], [-123.11712983730241, 49.24464779092401], [-123.11711669783215, 49.24465744713814]]}}, {"type": "Feature", "properties": {"SHAPE_Length": 49.90220181500278, "OBJECTID": 136452727, "COV_SOURCE_KEY": "494743", "LASTUPDATE": 1763195426000, "TBFID": 494743, "UNIT_DESCRIPTION": null, "INSTALLDATE": 725875200000, "LANE_LOCATION": "Lane West", "PIPE_USE": "Main", "SERVICE_STATUS": "In Service", "EFFLUENT_TYPE": "Sanitary", "TB_LENGTH": 49.90220182, "GRADE": 6.89, "MATERIAL": "Polyvinyl Chloride", "VALIDATION_DATE": null, "BUN": null, "UPSTREAM_INVERT": 87.3, "UPSTRM_INVERT_ESTIMATED": "No", "DWNSTREAM_INVERT": 83.86, "DNSTRM_INVERT_ESTIMATED": "No", "RAMP_TYPE": null, "PIPE_SHAPE": "Round", "HEIGHT_MM": 0, "WIDTH_MM": 0, "SECTION_NAME": null, "FLOW_CATEGORY": "Gravity", "NORMAL_PRESSURE": 0, "LINING_MATERIAL": "blank", "ON_PILES": "No", "ON_SLAB": "No", "NFB_NOTATION": null, "DRAWING_NUMBER": null, "PP_NUMBER": "T96", "NFB_ELEVATION": 0, "NFB_TYPE": "blank", "WET_WEATHER_ONLY": "No", "REMARKS": null, "LEGACY_ID": "__FJCF1K", "SOIL_TYPE": "blank", "SOIL_CONDITION": "blank", "TYPE_OF_FILL": null, "OWNEDBY": "COVAV", "OPERATOR": "COVAV", "UNIT_ID": "408404", "MAIN_KEY_1": 14647, "MAIN_COMP1": "30", "UNIT_ID_2": "1646860", "MAIN_KEY_2": 857516, "MAIN_COMP2": 30, "COMPKEY": 380192, "MAIN_KEY": 19748, "COMPTYPE": 31, "UPDATED_BY": "ENHANMGETASK", "ADDRESS_KEY": 153297, "TB_AREA": "CBC07", "DISTRICT": "3", "FACET_GRID": "O17", "CONSTRUCTION_TECHNIQUE": "unknown", "CONNECTN_TYPE": null, "CONNECTN_CONDITION": "{null}", "DATE_OF_PERMIT": null, "SPECIAL_INSTRUCTIONS": null, "TV_CONDITION": "Very Good", "TV_LAST_INSPECTION_DATE": 1761289200000, "TV_INCOMPLETE": "No", "TV_NEXT_INSPECTED_DATE": null, "LAST_INSPECTED_OK": null, "DATE_LAST_CLEANING_REQ": null, "DT_LAST_CLEANED": null, "INSPECTED_USER_ID": null, "CLEAN_USER_ID": null, "FURTHER_WORK_REQUIRED": "No", "FURTHERWORK_COMPLETED": "No", "WORK_ID": null, "PARALLEL_LINE_NO": null, "DISTANCE": 68.8, "MAP_TOOLTIP": "49.9 - 200 SAN n/a 6.89 % 1993 1", "HC_FID": null, "SUBAREA": "O17", "DEPTH_AT_PL": null, "DEPTH_AT_PL_BELOW_CL": null, "OFFSET_DIRECTION": null, "OFFSET_FROM_PL": null, "DIAMETER_INSIDE": 200, "NAMENUMBER": null, "TO_MAIN_FID": null, "PERMIT_NUMBER": null, "STREET_NAME": "CAMBIE ST", "HUNDRED_BLOCK": "4500", "HCORACLEID": null, "AS_BUILT": "Yes", "LASTUPDATE_iso": "2025-11-15", "INSTALLDATE_iso": "1993-01-01", "TV_LAST_INSPECTION_DATE_iso": "2025-10-24"}, "geometry": {"type": "LineString", "coordinates": [[-123.11711669783215, 49.24465744713814], [-123.11679559631379, 49.2450540573315]]}}, {"type": "Feature", "properties": {"SHAPE_Length": 81.04507034290722, "OBJECTID": 136452728, "COV_SOURCE_KEY": "494744", "LASTUPDATE": 1638992319000, "TBFID": 494744, "UNIT_DESCRIPTION": null, "INSTALLDATE": 757411200000, "LANE_LOCATION": "Lane West", "PIPE_USE": "Main", "SERVICE_STATUS": "In Service", "EFFLUENT_TYPE": "Sanitary", "TB_LENGTH": 81.05, "GRADE": 0.43, "MATERIAL": "Polyvinyl Chloride", "VALIDATION_DATE": null, "BUN": null, "UPSTREAM_INVERT": 59.88, "UPSTRM_INVERT_ESTIMATED": "No", "DWNSTREAM_INVERT": 59.53, "DNSTRM_INVERT_ESTIMATED": "No", "RAMP_TYPE": null, "PIPE_SHAPE": "Round", "HEIGHT_MM": 0, "WIDTH_MM": 0, "SECTION_NAME": null, "FLOW_CATEGORY": "Gravity", "NORMAL_PRESSURE": 0, "LINING_MATERIAL": "blank", "ON_PILES": "No", "ON_SLAB": "No", "NFB_NOTATION": null, "DRAWING_NUMBER": null, "PP_NUMBER": "N18", "NFB_ELEVATION": 0, "NFB_TYPE": "blank", "WET_WEATHER_ONLY": "No", "REMARKS": null, "LEGACY_ID": "__FJCF1H", "SOIL_TYPE": "S/CLAY", "SOIL_CONDITION": "blank", "TYPE_OF_FILL": null, "OWNEDBY": "COVAV", "OPERATOR": null, "UNIT_ID": "408402", "MAIN_KEY_1": 14645, "MAIN_COMP1": "30", "UNIT_ID_2": "400404", "MAIN_KEY_2": 6216, "MAIN_COMP2": 30, "COMPKEY": 380193, "MAIN_KEY": 19749, "COMPTYPE": 31, "UPDATED_BY": "ENHANMGETASK", "ADDRESS_KEY": 153057, "TB_AREA": "CBC07", "DISTRICT": "3", "FACET_GRID": " ", "CONSTRUCTION_TECHNIQUE": "unknown", "CONNECTN_TYPE": null, "CONNECTN_CONDITION": "{null}", "DATE_OF_PERMIT": null, "SPECIAL_INSTRUCTIONS": null, "TV_CONDITION": "Very Good", "TV_LAST_INSPECTION_DATE": 1634454000000, "TV_INCOMPLETE": "No", "TV_NEXT_INSPECTED_DATE": null, "LAST_INSPECTED_OK": null, "DATE_LAST_CLEANING_REQ": null, "DT_LAST_CLEANED": null, "INSPECTED_USER_ID": null, "CLEAN_USER_ID": null, "FURTHER_WORK_REQUIRED": "No", "FURTHERWORK_COMPLETED": "No", "WORK_ID": null, "PARALLEL_LINE_NO": null, "DISTANCE": 82.1, "MAP_TOOLTIP": "81.05 - 200 SAN n/a 0.43 % 1994 1", "HC_FID": null, "SUBAREA": " ", "DEPTH_AT_PL": null, "DEPTH_AT_PL_BELOW_CL": null, "OFFSET_DIRECTION": null, "OFFSET_FROM_PL": null, "DIAMETER_INSIDE": 200, "NAMENUMBER": null, "TO_MAIN_FID": null, "PERMIT_NUMBER": null, "STREET_NAME": "COLUMBIA ST", "HUNDRED_BLOCK": "3500", "HCORACLEID": null, "AS_BUILT": "Yes", "LASTUPDATE_iso": "2021-12-08", "INSTALLDATE_iso": "1994-01-01", "TV_LAST_INSPECTION_DATE_iso": "2021-10-17"}, "geometry": {"type": "LineString", "coordinates": [[-123.11113759892429, 49.25339778430537], [-123.11003610319038, 49.25337519916695], [-123.1100281205788, 49.25336962973127]]}}, {"type": "Feature", "properties": {"SHAPE_Length": 94.06147275572303, "OBJECTID": 136452730, "COV_SOURCE_KEY": "495053", "LASTUPDATE": 1638992353000, "TBFID": 495053, "UNIT_DESCRIPTION": null, "INSTALLDATE": 662716800000, "LANE_LOCATION": null, "PIPE_USE": "Main", "SERVICE_STATUS": "In Service", "EFFLUENT_TYPE": "Sanitary", "TB_LENGTH": 94.08, "GRADE": 4.76, "MATERIAL": "Polyvinyl Chloride", "VALIDATION_DATE": null, "BUN": null, "UPSTREAM_INVERT": 58.11, "UPSTRM_INVERT_ESTIMATED": "No", "DWNSTREAM_INVERT": 53.63, "DNSTRM_INVERT_ESTIMATED": "No", "RAMP_TYPE": null, "PIPE_SHAPE": "Round", "HEIGHT_MM": 0, "WIDTH_MM": 0, "SECTION_NAME": null, "FLOW_CATEGORY": "Gravity", "NORMAL_PRESSURE": 0, "LINING_MATERIAL": "blank", "ON_PILES": "No", "ON_SLAB": "No", "NFB_NOTATION": null, "DRAWING_NUMBER": null, "PP_NUMBER": "T156", "NFB_ELEVATION": 0, "NFB_TYPE": "blank", "WET_WEATHER_ONLY": "No", "REMARKS": null, "LEGACY_ID": "__FJC2GK", "SOIL_TYPE": "M/CLAY", "SOIL_CONDITION": "blank", "TYPE_OF_FILL": null, "OWNEDBY": "COVAV", "OPERATOR": " ", "UNIT_ID": "411906", "MAIN_KEY_1": 17790, "MAIN_COMP1": "30", "UNIT_ID_2": "423709", "MAIN_KEY_2": 29809, "MAIN_COMP2": 30, "COMPKEY": 380005, "MAIN_KEY": 19561, "COMPTYPE": 31, "UPDATED_BY": "ENHANMGETASK", "ADDRESS_KEY": 147895, "TB_AREA": "CBC06", "DISTRICT": "3", "FACET_GRID": "N15", "CONSTRUCTION_TECHNIQUE": "unknown", "CONNECTN_TYPE": null, "CONNECTN_CONDITION": null, "DATE_OF_PERMIT": null, "SPECIAL_INSTRUCTIONS": null, "TV_CONDITION": "Poor", "TV_LAST_INSPECTION_DATE": 1633849200000, "TV_INCOMPLETE": "No", "TV_NEXT_INSPECTED_DATE": null, "LAST_INSPECTED_OK": null, "DATE_LAST_CLEANING_REQ": null, "DT_LAST_CLEANED": null, "INSPECTED_USER_ID": null, "CLEAN_USER_ID": null, "FURTHER_WORK_REQUIRED": "No", "FURTHERWORK_COMPLETED": "No", "WORK_ID": null, "PARALLEL_LINE_NO": null, "DISTANCE": 94, "MAP_TOOLTIP": "94.08 - 200 SAN n/a 4.76 % 1991 5", "HC_FID": null, "SUBAREA": "N15", "DEPTH_AT_PL": null, "DEPTH_AT_PL_BELOW_CL": null, "OFFSET_DIRECTION": null, "OFFSET_FROM_PL": null, "DIAMETER_INSIDE": 200, "NAMENUMBER": null, "TO_MAIN_FID": null, "PERMIT_NUMBER": null, "STREET_NAME": "W 21ST AV", "HUNDRED_BLOCK": "900", "HCORACLEID": null, "AS_BUILT": "Yes", "LASTUPDATE_iso": "2021-12-08", "INSTALLDATE_iso": "1991-01-01", "TV_LAST_INSPECTION_DATE_iso": "2021-10-10"}, "geometry": {"type": "LineString", "coordinates": [[-123.12590412906903, 49.25262074986527], [-123.12461184222555, 49.25260365671496]]}}, {"type": "Feature", "properties": {"SHAPE_Length": 60.59929241341416, "OBJECTID": 136452731, "COV_SOURCE_KEY": "495054", "LASTUPDATE": 1638992357000, "TBFID": 495054, "UNIT_DESCRIPTION": null, "INSTALLDATE": 662716800000, "LANE_LOCATION": null, "PIPE_USE": "Main", "SERVICE_STATUS": "In Service", "EFFLUENT_TYPE": "Sanitary", "TB_LENGTH": 60.6, "GRADE": 4.85, "MATERIAL": "Polyvinyl Chloride", "VALIDATION_DATE": null, "BUN": null, "UPSTREAM_INVERT": 61.05, "UPSTRM_INVERT_ESTIMATED": "No", "DWNSTREAM_INVERT": 58.11, "DNSTRM_INVERT_ESTIMATED": "No", "RAMP_TYPE": null, "PIPE_SHAPE": "Round", "HEIGHT_MM": 0, "WIDTH_MM": 0, "SECTION_NAME": null, "FLOW_CATEGORY": "Gravity", "NORMAL_PRESSURE": 0, "LINING_MATERIAL": "blank", "ON_PILES": "No", "ON_SLAB": "No", "NFB_NOTATION": null, "DRAWING_NUMBER": null, "PP_NUMBER": "T156", "NFB_ELEVATION": 0, "NFB_TYPE": "blank", "WET_WEATHER_ONLY": "No", "REMARKS": null, "LEGACY_ID": "__FJC2GL", "SOIL_TYPE": "M/CLAY", "SOIL_CONDITION": "blank", "TYPE_OF_FILL": null, "OWNEDBY": "COVAV", "OPERATOR": " ", "UNIT_ID": "411909", "MAIN_KEY_1": 17793, "MAIN_COMP1": "30", "UNIT_ID_2": "411906", "MAIN_KEY_2": 17790, "MAIN_COMP2": 30, "COMPKEY": 380006, "MAIN_KEY": 19562, "COMPTYPE": 31, "UPDATED_BY": "ENHANMGETASK", "ADDRESS_KEY": 147895, "TB_AREA": "CBC06", "DISTRICT": "3", "FACET_GRID": "N15", "CONSTRUCTION_TECHNIQUE": "unknown", "CONNECTN_TYPE": null, "CONNECTN_CONDITION": null, "DATE_OF_PERMIT": null, "SPECIAL_INSTRUCTIONS": null, "TV_CONDITION": "Very Good", "TV_LAST_INSPECTION_DATE": 1633849200000, "TV_INCOMPLETE": "No", "TV_NEXT_INSPECTED_DATE": null, "LAST_INSPECTED_OK": null, "DATE_LAST_CLEANING_REQ": null, "DT_LAST_CLEANED": null, "INSPECTED_USER_ID": null, "CLEAN_USER_ID": null, "FURTHER_WORK_REQUIRED": "No", "FURTHERWORK_COMPLETED": "No", "WORK_ID": null, "PARALLEL_LINE_NO": null, "DISTANCE": 60.5, "MAP_TOOLTIP": "60.6 - 200 SAN n/a 4.85 % 1991 1", "HC_FID": null, "SUBAREA": "N15", "DEPTH_AT_PL": null, "DEPTH_AT_PL_BELOW_CL": null, "OFFSET_DIRECTION": null, "OFFSET_FROM_PL": null, "DIAMETER_INSIDE": 200, "NAMENUMBER": null, "TO_MAIN_FID": null, "PERMIT_NUMBER": null, "STREET_NAME": "W 21ST AV", "HUNDRED_BLOCK": "900", "HCORACLEID": null, "AS_BUILT": "Yes", "LASTUPDATE_iso": "2021-12-08", "INSTALLDATE_iso": "1991-01-01", "TV_LAST_INSPECTION_DATE_iso": "2021-10-10"}, "geometry": {"type": "LineString", "coordinates": [[-123.1267366264684, 49.2526335933573], [-123.12590412906903, 49.25262074986527]]}}, {"type": "Feature", "properties": {"SHAPE_Length": 18.047814272269125, "OBJECTID": 136452734, "COV_SOURCE_KEY": "495058", "LASTUPDATE": 1471505417000, "TBFID": 495058, "UNIT_DESCRIPTION": null, "INSTALLDATE": 694252800000, "LANE_LOCATION": "Lane South", "PIPE_USE": "Main", "SERVICE_STATUS": "In Service", "EFFLUENT_TYPE": "Sanitary", "TB_LENGTH": 18.05, "GRADE": 1.55, "MATERIAL": "Concrete", "VALIDATION_DATE": null, "BUN": null, "UPSTREAM_INVERT": 67.22, "UPSTRM_INVERT_ESTIMATED": "No", "DWNSTREAM_INVERT": 66.94, "DNSTRM_INVERT_ESTIMATED": "No", "RAMP_TYPE": null, "PIPE_SHAPE": "Round", "HEIGHT_MM": 0, "WIDTH_MM": 0, "SECTION_NAME": null, "FLOW_CATEGORY": "Gravity", "NORMAL_PRESSURE": 0, "LINING_MATERIAL": "blank", "ON_PILES": "No", "ON_SLAB": "No", "NFB_NOTATION": null, "DRAWING_NUMBER": null, "PP_NUMBER": "T125", "NFB_ELEVATION": 0, "NFB_TYPE": "blank", "WET_WEATHER_ONLY": "No", "REMARKS": null, "LEGACY_ID": "__FJC2G3", "SOIL_TYPE": "S/CLAY", "SOIL_CONDITION": "blank", "TYPE_OF_FILL": null, "OWNEDBY": "COVAV", "OPERATOR": null, "UNIT_ID": "411894", "MAIN_KEY_1": 17778, "MAIN_COMP1": "30", "UNIT_ID_2": "411892", "MAIN_KEY_2": 17776, "MAIN_COMP2": 30, "COMPKEY": 380013, "MAIN_KEY": 19569, "COMPTYPE": 31, "UPDATED_BY": "ENHANMGETASK", "ADDRESS_KEY": 156474, "TB_AREA": "CBC06", "DISTRICT": "3", "FACET_GRID": "N15", "CONSTRUCTION_TECHNIQUE": "unknown", "CONNECTN_TYPE": null, "CONNECTN_CONDITION": "{null}", "DATE_OF_PERMIT": null, "SPECIAL_INSTRUCTIONS": null, "TV_CONDITION": "Very Good", "TV_LAST_INSPECTION_DATE": 1469084400000, "TV_INCOMPLETE": "No", "TV_NEXT_INSPECTED_DATE": null, "LAST_INSPECTED_OK": null, "DATE_LAST_CLEANING_REQ": null, "DT_LAST_CLEANED": null, "INSPECTED_USER_ID": null, "CLEAN_USER_ID": null, "FURTHER_WORK_REQUIRED": "No", "FURTHERWORK_COMPLETED": "No", "WORK_ID": null, "PARALLEL_LINE_NO": null, "DISTANCE": 18.4, "MAP_TOOLTIP": "18.05 - 450 SAN n/a 1.55 % 1992 1", "HC_FID": null, "SUBAREA": "N15", "DEPTH_AT_PL": null, "DEPTH_AT_PL_BELOW_CL": null, "OFFSET_DIRECTION": null, "OFFSET_FROM_PL": null, "DIAMETER_INSIDE": 450, "NAMENUMBER": null, "TO_MAIN_FID": null, "PERMIT_NUMBER": null, "STREET_NAME": "W 22ND AV", "HUNDRED_BLOCK": "900", "HCORACLEID": null, "AS_BUILT": "Yes", "LASTUPDATE_iso": "2016-08-18", "INSTALLDATE_iso": "1992-01-01", "TV_LAST_INSPECTION_DATE_iso": "2016-07-21"}, "geometry": {"type": "LineString", "coordinates": [[-123.12760111122566, 49.2513175308516], [-123.12736737105348, 49.251263277692985]]}}, {"type": "Feature", "properties": {"SHAPE_Length": 84.22541621682605, "OBJECTID": 136453501, "COV_SOURCE_KEY": "501728", "LASTUPDATE": 1638992348000, "TBFID": 501728, "UNIT_DESCRIPTION": "BLUECLAY BOTTOM", "INSTALLDATE": 788947200000, "LANE_LOCATION": "Lane North", "PIPE_USE": "Main", "SERVICE_STATUS": "In Service", "EFFLUENT_TYPE": "Sanitary", "TB_LENGTH": 84.23, "GRADE": 0.76, "MATERIAL": "Polyvinyl Chloride", "VALIDATION_DATE": null, "BUN": null, "UPSTREAM_INVERT": 64.16, "UPSTRM_INVERT_ESTIMATED": "No", "DWNSTREAM_INVERT": 63.52, "DNSTRM_INVERT_ESTIMATED": "No", "RAMP_TYPE": null, "PIPE_SHAPE": "Round", "HEIGHT_MM": 0, "WIDTH_MM": 0, "SECTION_NAME": null, "FLOW_CATEGORY": "Gravity", "NORMAL_PRESSURE": 0, "LINING_MATERIAL": "blank", "ON_PILES": "No", "ON_SLAB": "No", "NFB_NOTATION": null, "DRAWING_NUMBER": null, "PP_NUMBER": "T56", "NFB_ELEVATION": 0, "NFB_TYPE": "blank", "WET_WEATHER_ONLY": "No", "REMARKS": null, "LEGACY_ID": "__FJCFBV", "SOIL_TYPE": "SANDY CLAY", "SOIL_CONDITION": "blank", "TYPE_OF_FILL": null, "OWNEDBY": "COVAV", "OPERATOR": null, "UNIT_ID": "418861", "MAIN_KEY_1": 25176, "MAIN_COMP1": "30", "UNIT_ID_2": "418859", "MAIN_KEY_2": 25174, "MAIN_COMP2": 30, "COMPKEY": 389220, "MAIN_KEY": 28776, "COMPTYPE": 31, "UPDATED_BY": "ENHANMGETASK", "ADDRESS_KEY": 153212, "TB_AREA": "CBC07", "DISTRICT": "3", "FACET_GRID": "P15", "CONSTRUCTION_TECHNIQUE": "unknown", "CONNECTN_TYPE": null, "CONNECTN_CONDITION": "{null}", "DATE_OF_PERMIT": null, "SPECIAL_INSTRUCTIONS": null, "TV_CONDITION": "Very Good", "TV_LAST_INSPECTION_DATE": 1633330800000, "TV_INCOMPLETE": "No", "TV_NEXT_INSPECTED_DATE": null, "LAST_INSPECTED_OK": null, "DATE_LAST_CLEANING_REQ": null, "DT_LAST_CLEANED": null, "INSPECTED_USER_ID": null, "CLEAN_USER_ID": null, "FURTHER_WORK_REQUIRED": "No", "FURTHERWORK_COMPLETED": "No", "WORK_ID": null, "PARALLEL_LINE_NO": null, "DISTANCE": 84.1, "MAP_TOOLTIP": "84.23 - 200 SAN n/a 0.76 % 1995 1", "HC_FID": null, "SUBAREA": "P15", "DEPTH_AT_PL": null, "DEPTH_AT_PL_BELOW_CL": null, "OFFSET_DIRECTION": null, "OFFSET_FROM_PL": null, "DIAMETER_INSIDE": 200, "NAMENUMBER": null, "TO_MAIN_FID": null, "PERMIT_NUMBER": null, "STREET_NAME": "W 22ND AV", "HUNDRED_BLOCK": "100", "HCORACLEID": null, "AS_BUILT": "Yes", "LASTUPDATE_iso": "2021-12-08", "INSTALLDATE_iso": "1995-01-01", "TV_LAST_INSPECTION_DATE_iso": "2021-10-04"}, "geometry": {"type": "LineString", "coordinates": [[-123.10736785226739, 49.251463750801655], [-123.10852469544665, 49.25148642633832]]}}, {"type": "Feature", "properties": {"SHAPE_Length": 42.16698329145264, "OBJECTID": 136453791, "COV_SOURCE_KEY": "485142", "LASTUPDATE": 1674635426000, "TBFID": 485142, "UNIT_DESCRIPTION": null, "INSTALLDATE": 1081494000000, "LANE_LOCATION": "blank", "PIPE_USE": "Main", "SERVICE_STATUS": "In Service", "EFFLUENT_TYPE": "Sanitary", "TB_LENGTH": 42.17, "GRADE": 3.68, "MATERIAL": "Vitrified Clay", "VALIDATION_DATE": null, "BUN": null, "UPSTREAM_INVERT": 51.82, "UPSTRM_INVERT_ESTIMATED": "No", "DWNSTREAM_INVERT": 50.27, "DNSTRM_INVERT_ESTIMATED": "No", "RAMP_TYPE": null, "PIPE_SHAPE": "Round", "HEIGHT_MM": 0, "WIDTH_MM": 0, "SECTION_NAME": null, "FLOW_CATEGORY": "Gravity", "NORMAL_PRESSURE": 0, "LINING_MATERIAL": "blank", "ON_PILES": "No", "ON_SLAB": "No", "NFB_NOTATION": null, "DRAWING_NUMBER": null, "PP_NUMBER": null, "NFB_ELEVATION": 0, "NFB_TYPE": "blank", "WET_WEATHER_ONLY": "No", "REMARKS": null, "LEGACY_ID": "__FLGQ6Y", "SOIL_TYPE": "blank", "SOIL_CONDITION": "blank", "TYPE_OF_FILL": null, "OWNEDBY": "COVAV", "OPERATOR": null, "UNIT_ID": "400963", "MAIN_KEY_1": 6701, "MAIN_COMP1": "30", "UNIT_ID_2": "403844", "MAIN_KEY_2": 10087, "MAIN_COMP2": 30, "COMPKEY": 365229, "MAIN_KEY": 7788, "COMPTYPE": 31, "UPDATED_BY": "ENHANMGETASK", "ADDRESS_KEY": 156882, "TB_AREA": "CBC06", "DISTRICT": "3", "FACET_GRID": "N14", "CONSTRUCTION_TECHNIQUE": "unknown", "CONNECTN_TYPE": null, "CONNECTN_CONDITION": "{null}", "DATE_OF_PERMIT": null, "SPECIAL_INSTRUCTIONS": null, "TV_CONDITION": "Good", "TV_LAST_INSPECTION_DATE": 1663398000000, "TV_INCOMPLETE": "No", "TV_NEXT_INSPECTED_DATE": null, "LAST_INSPECTED_OK": null, "DATE_LAST_CLEANING_REQ": null, "DT_LAST_CLEANED": null, "INSPECTED_USER_ID": null, "CLEAN_USER_ID": null, "FURTHER_WORK_REQUIRED": "No", "FURTHERWORK_COMPLETED": "No", "WORK_ID": null, "PARALLEL_LINE_NO": null, "DISTANCE": 42.17, "MAP_TOOLTIP": "42.17 - 250 SAN n/a 3.68 % 2004 2", "HC_FID": null, "SUBAREA": "N14", "DEPTH_AT_PL": null, "DEPTH_AT_PL_BELOW_CL": null, "OFFSET_DIRECTION": null, "OFFSET_FROM_PL": null, "DIAMETER_INSIDE": 250, "NAMENUMBER": null, "TO_MAIN_FID": null, "PERMIT_NUMBER": null, "STREET_NAME": "OAK ST", "HUNDRED_BLOCK": "3100", "HCORACLEID": null, "AS_BUILT": "Yes", "LASTUPDATE_iso": "2023-01-25", "INSTALLDATE_iso": "2004-04-09", "TV_LAST_INSPECTION_DATE_iso": "2022-09-17"}, "geometry": {"type": "LineString", "coordinates": [[-123.12730133228895, 49.2570299355521], [-123.12728686044876, 49.25740911789921]]}}, {"type": "Feature", "properties": {"SHAPE_Length": 85.90715747757298, "OBJECTID": 136453840, "COV_SOURCE_KEY": "500839", "LASTUPDATE": 1674635441000, "TBFID": 500839, "UNIT_DESCRIPTION": "C/RAMP", "INSTALLDATE": 504950400000, "LANE_LOCATION": null, "PIPE_USE": "Main", "SERVICE_STATUS": "In Service", "EFFLUENT_TYPE": "Sanitary", "TB_LENGTH": 85.91, "GRADE": 0.8, "MATERIAL": "Vitrified Clay", "VALIDATION_DATE": null, "BUN": null, "UPSTREAM_INVERT": 47.31, "UPSTRM_INVERT_ESTIMATED": "No", "DWNSTREAM_INVERT": 46.62, "DNSTRM_INVERT_ESTIMATED": "No", "RAMP_TYPE": null, "PIPE_SHAPE": "Round", "HEIGHT_MM": 0, "WIDTH_MM": 0, "SECTION_NAME": null, "FLOW_CATEGORY": "Gravity", "NORMAL_PRESSURE": 0, "LINING_MATERIAL": "blank", "ON_PILES": "No", "ON_SLAB": "No", "NFB_NOTATION": "NFB ST", "DRAWING_NUMBER": null, "PP_NUMBER": "S39", "NFB_ELEVATION": 0, "NFB_TYPE": "blank", "WET_WEATHER_ONLY": "No", "REMARKS": null, "LEGACY_ID": "__FJC3TM", "SOIL_TYPE": "blank", "SOIL_CONDITION": "blank", "TYPE_OF_FILL": null, "OWNEDBY": "COVAV", "OPERATOR": " ", "UNIT_ID": "416249", "MAIN_KEY_1": 22635, "MAIN_COMP1": "30", "UNIT_ID_2": "409937", "MAIN_KEY_2": 16904, "MAIN_COMP2": 30, "COMPKEY": 388915, "MAIN_KEY": 28471, "COMPTYPE": 31, "UPDATED_BY": "ENHANMGETASK", "ADDRESS_KEY": 155096, "TB_AREA": "CBC07", "DISTRICT": "3", "FACET_GRID": "O14", "CONSTRUCTION_TECHNIQUE": "unknown", "CONNECTN_TYPE": null, "CONNECTN_CONDITION": null, "DATE_OF_PERMIT": null, "SPECIAL_INSTRUCTIONS": null, "TV_CONDITION": "Good", "TV_LAST_INSPECTION_DATE": 1663830000000, "TV_INCOMPLETE": "No", "TV_NEXT_INSPECTED_DATE": null, "LAST_INSPECTED_OK": null, "DATE_LAST_CLEANING_REQ": null, "DT_LAST_CLEANED": null, "INSPECTED_USER_ID": null, "CLEAN_USER_ID": null, "FURTHER_WORK_REQUIRED": "No", "FURTHERWORK_COMPLETED": "No", "WORK_ID": null, "PARALLEL_LINE_NO": null, "DISTANCE": 85.9, "MAP_TOOLTIP": "85.91 - 200 SAN n/a 0.80 % 1986 2", "HC_FID": null, "SUBAREA": "O14", "DEPTH_AT_PL": null, "DEPTH_AT_PL_BELOW_CL": null, "OFFSET_DIRECTION": null, "OFFSET_FROM_PL": null, "DIAMETER_INSIDE": 200, "NAMENUMBER": null, "TO_MAIN_FID": null, "PERMIT_NUMBER": null, "STREET_NAME": "W 16TH AV", "HUNDRED_BLOCK": "800", "HCORACLEID": null, "AS_BUILT": "Yes", "LASTUPDATE_iso": "2023-01-25", "INSTALLDATE_iso": "1986-01-01", "TV_LAST_INSPECTION_DATE_iso": "2022-09-22"}, "geometry": {"type": "LineString", "coordinates": [[-123.12319733728567, 49.257080772817325], [-123.12201725421029, 49.25705781896854]]}}, {"type": "Feature", "properties": {"SHAPE_Length": 99.04895753642798, "OBJECTID": 136453960, "COV_SOURCE_KEY": "500267", "LASTUPDATE": 1651735833000, "TBFID": 500267, "UNIT_DESCRIPTION": null, "INSTALLDATE": 536486400000, "LANE_LOCATION": "Lane North", "PIPE_USE": "Main", "SERVICE_STATUS": "In Service", "EFFLUENT_TYPE": "Sanitary", "TB_LENGTH": 99.05, "GRADE": 1.37, "MATERIAL": "Polyvinyl Chloride", "VALIDATION_DATE": null, "BUN": null, "UPSTREAM_INVERT": 59.99, "UPSTRM_INVERT_ESTIMATED": "No", "DWNSTREAM_INVERT": 58.63, "DNSTRM_INVERT_ESTIMATED": "No", "RAMP_TYPE": null, "PIPE_SHAPE": "Round", "HEIGHT_MM": 0, "WIDTH_MM": 0, "SECTION_NAME": null, "FLOW_CATEGORY": "Gravity", "NORMAL_PRESSURE": 0, "LINING_MATERIAL": "blank", "ON_PILES": "No", "ON_SLAB": "No", "NFB_NOTATION": null, "DRAWING_NUMBER": null, "PP_NUMBER": "E31", "NFB_ELEVATION": 0, "NFB_TYPE": "blank", "WET_WEATHER_ONLY": "No", "REMARKS": null, "LEGACY_ID": "__FJC3VN", "SOIL_TYPE": "SOFT CLAY", "SOIL_CONDITION": "blank", "TYPE_OF_FILL": null, "OWNEDBY": "COVAV", "OPERATOR": null, "UNIT_ID": "410221", "MAIN_KEY_1": 16972, "MAIN_COMP1": "30", "UNIT_ID_2": "410222", "MAIN_KEY_2": 16973, "MAIN_COMP2": 30, "COMPKEY": 387292, "MAIN_KEY": 26848, "COMPTYPE": 31, "UPDATED_BY": "ENHANMGETASK", "ADDRESS_KEY": 157464, "TB_AREA": "CBC07", "DISTRICT": "3", "FACET_GRID": "P15", "CONSTRUCTION_TECHNIQUE": "unknown", "CONNECTN_TYPE": null, "CONNECTN_CONDITION": "{null}", "DATE_OF_PERMIT": null, "SPECIAL_INSTRUCTIONS": null, "TV_CONDITION": "Good/Fair", "TV_LAST_INSPECTION_DATE": 1648537200000, "TV_INCOMPLETE": "No", "TV_NEXT_INSPECTED_DATE": null, "LAST_INSPECTED_OK": null, "DATE_LAST_CLEANING_REQ": null, "DT_LAST_CLEANED": null, "INSPECTED_USER_ID": null, "CLEAN_USER_ID": null, "FURTHER_WORK_REQUIRED": "No", "FURTHERWORK_COMPLETED": "No", "WORK_ID": null, "PARALLEL_LINE_NO": null, "DISTANCE": 99.2, "MAP_TOOLTIP": "99.05 - 200 SAN n/a 1.37 % 1987 3", "HC_FID": null, "SUBAREA": "P15", "DEPTH_AT_PL": null, "DEPTH_AT_PL_BELOW_CL": null, "OFFSET_DIRECTION": null, "OFFSET_FROM_PL": null, "DIAMETER_INSIDE": 200, "NAMENUMBER": null, "TO_MAIN_FID": null, "PERMIT_NUMBER": null, "STREET_NAME": "W 19TH AV", "HUNDRED_BLOCK": "100", "HCORACLEID": null, "AS_BUILT": "Yes", "LASTUPDATE_iso": "2022-05-05", "INSTALLDATE_iso": "1987-01-01", "TV_LAST_INSPECTION_DATE_iso": "2022-03-29"}, "geometry": {"type": "LineString", "coordinates": [[-123.10955199868782, 49.25431501223322], [-123.10819160952671, 49.25428555747094]]}}, {"type": "Feature", "properties": {"SHAPE_Length": 165.37644026013254, "OBJECTID": 136454088, "COV_SOURCE_KEY": "503586", "LASTUPDATE": 1638992360000, "TBFID": 503586, "UNIT_DESCRIPTION": "BLUECLAY BOTTOM", "INSTALLDATE": 788947200000, "LANE_LOCATION": "Lane North", "PIPE_USE": "Main", "SERVICE_STATUS": "In Service", "EFFLUENT_TYPE": "Sanitary", "TB_LENGTH": 165.38, "GRADE": 0.88, "MATERIAL": "Polyvinyl Chloride", "VALIDATION_DATE": null, "BUN": null, "UPSTREAM_INVERT": 65.62, "UPSTRM_INVERT_ESTIMATED": "No", "DWNSTREAM_INVERT": 64.16, "DNSTRM_INVERT_ESTIMATED": "No", "RAMP_TYPE": null, "PIPE_SHAPE": "Round", "HEIGHT_MM": 0, "WIDTH_MM": 0, "SECTION_NAME": null, "FLOW_CATEGORY": "Gravity", "NORMAL_PRESSURE": 0, "LINING_MATERIAL": "blank", "ON_PILES": "No", "ON_SLAB": "No", "NFB_NOTATION": null, "DRAWING_NUMBER": null, "PP_NUMBER": "T56", "NFB_ELEVATION": 0, "NFB_TYPE": "blank", "WET_WEATHER_ONLY": "No", "REMARKS": null, "LEGACY_ID": "__FJCFBY", "SOIL_TYPE": "SANDY CLAY", "SOIL_CONDITION": "blank", "TYPE_OF_FILL": null, "OWNEDBY": "COVAV", "OPERATOR": null, "UNIT_ID": "420002", "MAIN_KEY_1": 25093, "MAIN_COMP1": "30", "UNIT_ID_2": "418861", "MAIN_KEY_2": 25176, "MAIN_COMP2": 30, "COMPKEY": 391913, "MAIN_KEY": 31469, "COMPTYPE": 31, "UPDATED_BY": "ENHANMGETASK", "ADDRESS_KEY": 152362, "TB_AREA": "CBC08", "DISTRICT": "1", "FACET_GRID": "P15", "CONSTRUCTION_TECHNIQUE": "unknown", "CONNECTN_TYPE": null, "CONNECTN_CONDITION": "{null}", "DATE_OF_PERMIT": null, "SPECIAL_INSTRUCTIONS": null, "TV_CONDITION": "Very Good", "TV_LAST_INSPECTION_DATE": 1633330800000, "TV_INCOMPLETE": "No", "TV_NEXT_INSPECTED_DATE": null, "LAST_INSPECTED_OK": null, "DATE_LAST_CLEANING_REQ": null, "DT_LAST_CLEANED": null, "INSPECTED_USER_ID": null, "CLEAN_USER_ID": null, "FURTHER_WORK_REQUIRED": "No", "FURTHERWORK_COMPLETED": "No", "WORK_ID": null, "PARALLEL_LINE_NO": null, "DISTANCE": 165.2, "MAP_TOOLTIP": "165.38 - 200 SAN n/a 0.88 % 1995 1", "HC_FID": null, "SUBAREA": "P15", "DEPTH_AT_PL": null, "DEPTH_AT_PL_BELOW_CL": null, "OFFSET_DIRECTION": null, "OFFSET_FROM_PL": null, "DIAMETER_INSIDE": 200, "NAMENUMBER": null, "TO_MAIN_FID": null, "PERMIT_NUMBER": null, "STREET_NAME": "W 22ND AV", "HUNDRED_BLOCK": "000", "HCORACLEID": null, "AS_BUILT": "Yes", "LASTUPDATE_iso": "2021-12-08", "INSTALLDATE_iso": "1995-01-01", "TV_LAST_INSPECTION_DATE_iso": "2021-10-04"}, "geometry": {"type": "LineString", "coordinates": [[-123.10509629260677, 49.25142151097518], [-123.10736785226739, 49.251463750801655]]}}, {"type": "Feature", "properties": {"SHAPE_Length": 42.57231706187852, "OBJECTID": 136454131, "COV_SOURCE_KEY": "503680", "LASTUPDATE": 1735945831000, "TBFID": 503680, "UNIT_DESCRIPTION": "C/R", "INSTALLDATE": 1181199600000, "LANE_LOCATION": "blank", "PIPE_USE": "Main", "SERVICE_STATUS": "In Service", "EFFLUENT_TYPE": "Sanitary", "TB_LENGTH": 42.57, "GRADE": 1.08, "MATERIAL": "Polyvinyl Chloride", "VALIDATION_DATE": null, "BUN": null, "UPSTREAM_INVERT": 54.81, "UPSTRM_INVERT_ESTIMATED": "No", "DWNSTREAM_INVERT": 54.35, "DNSTRM_INVERT_ESTIMATED": "No", "RAMP_TYPE": null, "PIPE_SHAPE": "Round", "HEIGHT_MM": 0, "WIDTH_MM": 0, "SECTION_NAME": null, "FLOW_CATEGORY": "Gravity", "NORMAL_PRESSURE": 0, "LINING_MATERIAL": "blank", "ON_PILES": "No", "ON_SLAB": "No", "NFB_NOTATION": null, "DRAWING_NUMBER": "DB2441", "PP_NUMBER": null, "NFB_ELEVATION": 0, "NFB_TYPE": "blank", "WET_WEATHER_ONLY": "No", "REMARKS": null, "LEGACY_ID": "__FNJGKS", "SOIL_TYPE": "blank", "SOIL_CONDITION": "blank", "TYPE_OF_FILL": null, "OWNEDBY": "COVAV", "OPERATOR": null, "UNIT_ID": "412497", "MAIN_KEY_1": 18308, "MAIN_COMP1": "30", "UNIT_ID_2": "404599", "MAIN_KEY_2": 10266, "MAIN_COMP2": 30, "COMPKEY": 392505, "MAIN_KEY": 32061, "COMPTYPE": 31, "UPDATED_BY": "XUG16", "ADDRESS_KEY": 153250, "TB_AREA": "CBC07", "DISTRICT": "3", "FACET_GRID": "O14", "CONSTRUCTION_TECHNIQUE": "unknown", "CONNECTN_TYPE": null, "CONNECTN_CONDITION": "{null}", "DATE_OF_PERMIT": null, "SPECIAL_INSTRUCTIONS": null, "TV_CONDITION": "Very Good", "TV_LAST_INSPECTION_DATE": 1679554800000, "TV_INCOMPLETE": "No", "TV_NEXT_INSPECTED_DATE": null, "LAST_INSPECTED_OK": null, "DATE_LAST_CLEANING_REQ": null, "DT_LAST_CLEANED": null, "INSPECTED_USER_ID": null, "CLEAN_USER_ID": null, "FURTHER_WORK_REQUIRED": "No", "FURTHERWORK_COMPLETED": "No", "WORK_ID": null, "PARALLEL_LINE_NO": null, "DISTANCE": 42.57, "MAP_TOOLTIP": "42.57 - 150 SAN n/a 1.08 % 2007 1", "HC_FID": null, "SUBAREA": "O14", "DEPTH_AT_PL": null, "DEPTH_AT_PL_BELOW_CL": null, "OFFSET_DIRECTION": null, "OFFSET_FROM_PL": null, "DIAMETER_INSIDE": 150, "NAMENUMBER": null, "TO_MAIN_FID": null, "PERMIT_NUMBER": null, "STREET_NAME": "ASH ST", "HUNDRED_BLOCK": "3500", "HCORACLEID": null, "AS_BUILT": "Yes", "LASTUPDATE_iso": "2025-01-03", "INSTALLDATE_iso": "2007-06-07", "TV_LAST_INSPECTION_DATE_iso": "2023-03-23"}, "geometry": {"type": "LineString", "coordinates": [[-123.11827777141652, 49.25390728198609], [-123.11826351488818, 49.254290115229885]]}}, {"type": "Feature", "properties": {"SHAPE_Length": 112.6216213213286, "OBJECTID": 136454256, "COV_SOURCE_KEY": "500835", "LASTUPDATE": 1663054229000, "TBFID": 500835, "UNIT_DESCRIPTION": null, "INSTALLDATE": 631180800000, "LANE_LOCATION": "blank", "PIPE_USE": "Main", "SERVICE_STATUS": "In Service", "EFFLUENT_TYPE": "Sanitary", "TB_LENGTH": 112.62162132, "GRADE": 1.26, "MATERIAL": "Vitrified Clay", "VALIDATION_DATE": null, "BUN": null, "UPSTREAM_INVERT": 49.6, "UPSTRM_INVERT_ESTIMATED": "No", "DWNSTREAM_INVERT": 48.18, "DNSTRM_INVERT_ESTIMATED": "No", "RAMP_TYPE": null, "PIPE_SHAPE": "Round", "HEIGHT_MM": 0, "WIDTH_MM": 0, "SECTION_NAME": null, "FLOW_CATEGORY": "Gravity", "NORMAL_PRESSURE": 0, "LINING_MATERIAL": "blank", "ON_PILES": "No", "ON_SLAB": "No", "NFB_NOTATION": null, "DRAWING_NUMBER": null, "PP_NUMBER": "E55", "NFB_ELEVATION": 0, "NFB_TYPE": "blank", "WET_WEATHER_ONLY": "No", "REMARKS": null, "LEGACY_ID": "__FJC3TF", "SOIL_TYPE": "blank", "SOIL_CONDITION": "blank", "TYPE_OF_FILL": null, "OWNEDBY": "COVAV", "OPERATOR": "COVAV", "UNIT_ID": "416549", "MAIN_KEY_1": 22719, "MAIN_COMP1": "30", "UNIT_ID_2": "416632", "MAIN_KEY_2": 22730, "MAIN_COMP2": 30, "COMPKEY": 388908, "MAIN_KEY": 28464, "COMPTYPE": 31, "UPDATED_BY": "ENHANMGETASK", "ADDRESS_KEY": 152629, "TB_AREA": "CBC07", "DISTRICT": "3", "FACET_GRID": "O14", "CONSTRUCTION_TECHNIQUE": "unknown", "CONNECTN_TYPE": null, "CONNECTN_CONDITION": "{null}", "DATE_OF_PERMIT": null, "SPECIAL_INSTRUCTIONS": null, "TV_CONDITION": "Very Good", "TV_LAST_INSPECTION_DATE": 1660201200000, "TV_INCOMPLETE": "No", "TV_NEXT_INSPECTED_DATE": null, "LAST_INSPECTED_OK": null, "DATE_LAST_CLEANING_REQ": null, "DT_LAST_CLEANED": null, "INSPECTED_USER_ID": null, "CLEAN_USER_ID": null, "FURTHER_WORK_REQUIRED": "No", "FURTHERWORK_COMPLETED": "No", "WORK_ID": null, "PARALLEL_LINE_NO": null, "DISTANCE": 112.7, "MAP_TOOLTIP": "112.62 - 250 SAN n/a 1.26 % 1990 1", "HC_FID": null, "SUBAREA": "O14", "DEPTH_AT_PL": null, "DEPTH_AT_PL_BELOW_CL": null, "OFFSET_DIRECTION": null, "OFFSET_FROM_PL": null, "DIAMETER_INSIDE": 250, "NAMENUMBER": null, "TO_MAIN_FID": null, "PERMIT_NUMBER": null, "STREET_NAME": "W 18TH AV", "HUNDRED_BLOCK": "800", "HCORACLEID": null, "AS_BUILT": "Yes", "LASTUPDATE_iso": "2022-09-13", "INSTALLDATE_iso": "1990-01-01", "TV_LAST_INSPECTION_DATE_iso": "2022-08-11"}, "geometry": {"type": "LineString", "coordinates": [[-123.12445685816967, 49.25530672616896], [-123.12290996981842, 49.255274335211865]]}}, {"type": "Feature", "properties": {"SHAPE_Length": 85.180824614888, "OBJECTID": 136454262, "COV_SOURCE_KEY": "500841", "LASTUPDATE": 1677227445000, "TBFID": 500841, "UNIT_DESCRIPTION": null, "INSTALLDATE": 504950400000, "LANE_LOCATION": "blank", "PIPE_USE": "Main", "SERVICE_STATUS": "In Service", "EFFLUENT_TYPE": "Sanitary", "TB_LENGTH": 85.18, "GRADE": 0.88, "MATERIAL": "Vitrified Clay", "VALIDATION_DATE": null, "BUN": null, "UPSTREAM_INVERT": 48.06, "UPSTRM_INVERT_ESTIMATED": "No", "DWNSTREAM_INVERT": 47.31, "DNSTRM_INVERT_ESTIMATED": "No", "RAMP_TYPE": "blank", "PIPE_SHAPE": "Round", "HEIGHT_MM": 0, "WIDTH_MM": 0, "SECTION_NAME": null, "FLOW_CATEGORY": "Gravity", "NORMAL_PRESSURE": 0, "LINING_MATERIAL": "blank", "ON_PILES": "No", "ON_SLAB": "No", "NFB_NOTATION": "NFB ST", "DRAWING_NUMBER": null, "PP_NUMBER": "S39", "NFB_ELEVATION": 0, "NFB_TYPE": "blank", "WET_WEATHER_ONLY": "No", "REMARKS": "Roots in 200mm sanitary mian &nbsp;have infiltrated through a lead into the main.&nbsp; Roots located at 43 to 50m from mid-block manhole on West 16th east of Laurel.&nbsp; TV in Z drive.", "LEGACY_ID": "__FJC3TO", "SOIL_TYPE": "blank", "SOIL_CONDITION": "blank", "TYPE_OF_FILL": "blank", "OWNEDBY": "COVAV", "OPERATOR": null, "UNIT_ID": "416247", "MAIN_KEY_1": 22633, "MAIN_COMP1": "30", "UNIT_ID_2": "416249", "MAIN_KEY_2": 22635, "MAIN_COMP2": 30, "COMPKEY": 388917, "MAIN_KEY": 28473, "COMPTYPE": 31, "UPDATED_BY": "ENHANMGETASK", "ADDRESS_KEY": 155096, "TB_AREA": "CBC07", "DISTRICT": "3", "FACET_GRID": "O14", "CONSTRUCTION_TECHNIQUE": "unknown", "CONNECTN_TYPE": null, "CONNECTN_CONDITION": null, "DATE_OF_PERMIT": null, "SPECIAL_INSTRUCTIONS": null, "TV_CONDITION": "Good/Fair", "TV_LAST_INSPECTION_DATE": 1663830000000, "TV_INCOMPLETE": "No", "TV_NEXT_INSPECTED_DATE": null, "LAST_INSPECTED_OK": null, "DATE_LAST_CLEANING_REQ": null, "DT_LAST_CLEANED": 1302505200000, "INSPECTED_USER_ID": null, "CLEAN_USER_ID": null, "FURTHER_WORK_REQUIRED": "No", "FURTHERWORK_COMPLETED": "No", "WORK_ID": "139108", "PARALLEL_LINE_NO": null, "DISTANCE": 85.3, "MAP_TOOLTIP": "85.18 - 200 SAN n/a 0.88 % 1986 3", "HC_FID": null, "SUBAREA": "O14", "DEPTH_AT_PL": null, "DEPTH_AT_PL_BELOW_CL": null, "OFFSET_DIRECTION": null, "OFFSET_FROM_PL": null, "DIAMETER_INSIDE": 200, "NAMENUMBER": null, "TO_MAIN_FID": null, "PERMIT_NUMBER": null, "STREET_NAME": "W 16TH AV", "HUNDRED_BLOCK": "800", "HCORACLEID": null, "AS_BUILT": "Yes", "LASTUPDATE_iso": "2023-02-24", "INSTALLDATE_iso": "1986-01-01", "TV_LAST_INSPECTION_DATE_iso": "2022-09-22", "DT_LAST_CLEANED_iso": "2011-04-11"}, "geometry": {"type": "LineString", "coordinates": [[-123.12436744367702, 49.25710352745772], [-123.12319733728567, 49.257080772817325]]}}, {"type": "Feature", "properties": {"SHAPE_Length": 102.26085860065716, "OBJECTID": 136454274, "COV_SOURCE_KEY": "500599", "LASTUPDATE": 1677227445000, "TBFID": 500599, "UNIT_DESCRIPTION": "SOFT CLAY", "INSTALLDATE": 915177600000, "LANE_LOCATION": "Lane West", "PIPE_USE": "Main", "SERVICE_STATUS": "In Service", "EFFLUENT_TYPE": "Sanitary", "TB_LENGTH": 102.26, "GRADE": 0.82, "MATERIAL": "Vitrified Clay", "VALIDATION_DATE": null, "BUN": null, "UPSTREAM_INVERT": 66.099, "UPSTRM_INVERT_ESTIMATED": "No", "DWNSTREAM_INVERT": 65.26, "DNSTRM_INVERT_ESTIMATED": "No", "RAMP_TYPE": null, "PIPE_SHAPE": "blank", "HEIGHT_MM": 0, "WIDTH_MM": 0, "SECTION_NAME": null, "FLOW_CATEGORY": "Gravity", "NORMAL_PRESSURE": 0, "LINING_MATERIAL": "blank", "ON_PILES": "No", "ON_SLAB": "No", "NFB_NOTATION": null, "DRAWING_NUMBER": null, "PP_NUMBER": "O11", "NFB_ELEVATION": 0, "NFB_TYPE": "blank", "WET_WEATHER_ONLY": "No", "REMARKS": null, "LEGACY_ID": "__FJCIJX", "SOIL_TYPE": "blank", "SOIL_CONDITION": "blank", "TYPE_OF_FILL": null, "OWNEDBY": "COVAV", "OPERATOR": null, "UNIT_ID": "400815", "MAIN_KEY_1": 7061, "MAIN_COMP1": "30", "UNIT_ID_2": "400797", "MAIN_KEY_2": 7043, "MAIN_COMP2": 30, "COMPKEY": 388260, "MAIN_KEY": 27816, "COMPTYPE": 31, "UPDATED_BY": "ENHANMGETASK", "ADDRESS_KEY": 152945, "TB_AREA": "CBC06", "DISTRICT": "3", "FACET_GRID": "N17", "CONSTRUCTION_TECHNIQUE": "unknown", "CONNECTN_TYPE": null, "CONNECTN_CONDITION": "{null}", "DATE_OF_PERMIT": null, "SPECIAL_INSTRUCTIONS": null, "TV_CONDITION": "Good", "TV_LAST_INSPECTION_DATE": 1662188400000, "TV_INCOMPLETE": "No", "TV_NEXT_INSPECTED_DATE": null, "LAST_INSPECTED_OK": null, "DATE_LAST_CLEANING_REQ": null, "DT_LAST_CLEANED": null, "INSPECTED_USER_ID": null, "CLEAN_USER_ID": null, "FURTHER_WORK_REQUIRED": "No", "FURTHERWORK_COMPLETED": "No", "WORK_ID": null, "PARALLEL_LINE_NO": null, "DISTANCE": 102.2, "MAP_TOOLTIP": "102.26 - 200 SAN n/a 0.82 % 1999 2", "HC_FID": null, "SUBAREA": "N17", "DEPTH_AT_PL": null, "DEPTH_AT_PL_BELOW_CL": null, "OFFSET_DIRECTION": null, "OFFSET_FROM_PL": null, "DIAMETER_INSIDE": 200, "NAMENUMBER": null, "TO_MAIN_FID": null, "PERMIT_NUMBER": null, "STREET_NAME": "OAK ST", "HUNDRED_BLOCK": "4600", "HCORACLEID": null, "AS_BUILT": "Yes", "LASTUPDATE_iso": "2023-02-24", "INSTALLDATE_iso": "1999-01-01", "TV_LAST_INSPECTION_DATE_iso": "2022-09-03"}, "geometry": {"type": "LineString", "coordinates": [[-123.12846434470764, 49.244023608633654], [-123.12843278018929, 49.24494323583806]]}}, {"type": "Feature", "properties": {"SHAPE_Length": 52.27609859198269, "OBJECTID": 136454702, "COV_SOURCE_KEY": "502955", "LASTUPDATE": 1761291040000, "TBFID": 502955, "UNIT_DESCRIPTION": null, "INSTALLDATE": 94723200000, "LANE_LOCATION": null, "PIPE_USE": "Main", "SERVICE_STATUS": "In Service", "EFFLUENT_TYPE": "Sanitary", "TB_LENGTH": 52.28, "GRADE": 9.01, "MATERIAL": "Vitrified Clay", "VALIDATION_DATE": null, "BUN": null, "UPSTREAM_INVERT": 83.05, "UPSTRM_INVERT_ESTIMATED": "No", "DWNSTREAM_INVERT": 78.34, "DNSTRM_INVERT_ESTIMATED": "No", "RAMP_TYPE": null, "PIPE_SHAPE": "Round", "HEIGHT_MM": 0, "WIDTH_MM": 0, "SECTION_NAME": null, "FLOW_CATEGORY": "Gravity", "NORMAL_PRESSURE": 0, "LINING_MATERIAL": "blank", "ON_PILES": "No", "ON_SLAB": "No", "NFB_NOTATION": null, "DRAWING_NUMBER": null, "PP_NUMBER": "T90", "NFB_ELEVATION": 0, "NFB_TYPE": "blank", "WET_WEATHER_ONLY": "No", "REMARKS": null, "LEGACY_ID": "__FJC0BG", "SOIL_TYPE": "blank", "SOIL_CONDITION": "blank", "TYPE_OF_FILL": null, "OWNEDBY": "COVAV", "OPERATOR": " ", "UNIT_ID": "409922", "MAIN_KEY_1": 16529, "MAIN_COMP1": "30", "UNIT_ID_2": "410007", "MAIN_KEY_2": 16542, "MAIN_COMP2": 30, "COMPKEY": 391691, "MAIN_KEY": 31247, "COMPTYPE": 31, "UPDATED_BY": "ENHANMGETASK", "ADDRESS_KEY": 150485, "TB_AREA": "CBC07", "DISTRICT": "3", "FACET_GRID": "N17", "CONSTRUCTION_TECHNIQUE": "unknown", "CONNECTN_TYPE": null, "CONNECTN_CONDITION": null, "DATE_OF_PERMIT": null, "SPECIAL_INSTRUCTIONS": null, "TV_CONDITION": "Good", "TV_LAST_INSPECTION_DATE": 1755586800000, "TV_INCOMPLETE": "No", "TV_NEXT_INSPECTED_DATE": null, "LAST_INSPECTED_OK": null, "DATE_LAST_CLEANING_REQ": null, "DT_LAST_CLEANED": null, "INSPECTED_USER_ID": null, "CLEAN_USER_ID": null, "FURTHER_WORK_REQUIRED": "No", "FURTHERWORK_COMPLETED": "No", "WORK_ID": null, "PARALLEL_LINE_NO": null, "DISTANCE": 52.3, "MAP_TOOLTIP": "52.28 - 200 SAN n/a 9.01 % 1973 2", "HC_FID": null, "SUBAREA": "N17", "DEPTH_AT_PL": null, "DEPTH_AT_PL_BELOW_CL": null, "OFFSET_DIRECTION": null, "OFFSET_FROM_PL": null, "DIAMETER_INSIDE": 200, "NAMENUMBER": null, "TO_MAIN_FID": null, "PERMIT_NUMBER": null, "STREET_NAME": "W 33RD AV", "HUNDRED_BLOCK": "700", "HCORACLEID": null, "AS_BUILT": "Yes", "LASTUPDATE_iso": "2025-10-24", "INSTALLDATE_iso": "1973-01-01", "TV_LAST_INSPECTION_DATE_iso": "2025-08-19"}, "geometry": {"type": "LineString", "coordinates": [[-123.1228214874672, 49.241217230710994], [-123.12353882685464, 49.24124010535955]]}}, {"type": "Feature", "properties": {"SHAPE_Length": 110.77819310686083, "OBJECTID": 136454735, "COV_SOURCE_KEY": "503034", "LASTUPDATE": 1638992330000, "TBFID": 503034, "UNIT_DESCRIPTION": null, "INSTALLDATE": 788947200000, "LANE_LOCATION": "Lane North", "PIPE_USE": "Main", "SERVICE_STATUS": "In Service", "EFFLUENT_TYPE": "Sanitary", "TB_LENGTH": 110.78, "GRADE": 0.55, "MATERIAL": "Vitrified Clay", "VALIDATION_DATE": null, "BUN": null, "UPSTREAM_INVERT": 59.55, "UPSTRM_INVERT_ESTIMATED": "No", "DWNSTREAM_INVERT": 58.94, "DNSTRM_INVERT_ESTIMATED": "No", "RAMP_TYPE": null, "PIPE_SHAPE": "Round", "HEIGHT_MM": 0, "WIDTH_MM": 0, "SECTION_NAME": null, "FLOW_CATEGORY": "Gravity", "NORMAL_PRESSURE": 0, "LINING_MATERIAL": "blank", "ON_PILES": "No", "ON_SLAB": "No", "NFB_NOTATION": null, "DRAWING_NUMBER": null, "PP_NUMBER": "T51", "NFB_ELEVATION": 0, "NFB_TYPE": "blank", "WET_WEATHER_ONLY": "No", "REMARKS": null, "LEGACY_ID": "__FJCFBM", "SOIL_TYPE": "SCLAY/SAND", "SOIL_CONDITION": "blank", "TYPE_OF_FILL": null, "OWNEDBY": "COVAV", "OPERATOR": null, "UNIT_ID": "418960", "MAIN_KEY_1": 25203, "MAIN_COMP1": "30", "UNIT_ID_2": "418954", "MAIN_KEY_2": 25197, "MAIN_COMP2": 30, "COMPKEY": 392001, "MAIN_KEY": 31557, "COMPTYPE": 31, "UPDATED_BY": "ENHANMGETASK", "ADDRESS_KEY": 149648, "TB_AREA": "CBC07", "DISTRICT": "3", "FACET_GRID": "P15", "CONSTRUCTION_TECHNIQUE": "unknown", "CONNECTN_TYPE": null, "CONNECTN_CONDITION": "{null}", "DATE_OF_PERMIT": null, "SPECIAL_INSTRUCTIONS": null, "TV_CONDITION": "Very Good", "TV_LAST_INSPECTION_DATE": 1635836400000, "TV_INCOMPLETE": "No", "TV_NEXT_INSPECTED_DATE": null, "LAST_INSPECTED_OK": null, "DATE_LAST_CLEANING_REQ": null, "DT_LAST_CLEANED": null, "INSPECTED_USER_ID": null, "CLEAN_USER_ID": null, "FURTHER_WORK_REQUIRED": "No", "FURTHERWORK_COMPLETED": "No", "WORK_ID": null, "PARALLEL_LINE_NO": null, "DISTANCE": 110.9, "MAP_TOOLTIP": "110.78 - 200 SAN n/a 0.55 % 1995 1", "HC_FID": null, "SUBAREA": "P15", "DEPTH_AT_PL": null, "DEPTH_AT_PL_BELOW_CL": null, "OFFSET_DIRECTION": null, "OFFSET_FROM_PL": null, "DIAMETER_INSIDE": 200, "NAMENUMBER": null, "TO_MAIN_FID": null, "PERMIT_NUMBER": null, "STREET_NAME": "W 21ST AV", "HUNDRED_BLOCK": "200", "HCORACLEID": null, "AS_BUILT": "Yes", "LASTUPDATE_iso": "2021-12-08", "INSTALLDATE_iso": "1995-01-01", "TV_LAST_INSPECTION_DATE_iso": "2021-11-02"}, "geometry": {"type": "LineString", "coordinates": [[-123.11119449408018, 49.25242684812134], [-123.11271605139767, 49.25245710887057]]}}, {"type": "Feature", "properties": {"SHAPE_Length": 77.96727053021017, "OBJECTID": 136454739, "COV_SOURCE_KEY": "503039", "LASTUPDATE": 1638992327000, "TBFID": 503039, "UNIT_DESCRIPTION": null, "INSTALLDATE": 788947200000, "LANE_LOCATION": "Lane North", "PIPE_USE": "Main", "SERVICE_STATUS": "In Service", "EFFLUENT_TYPE": "Sanitary", "TB_LENGTH": 77.97, "GRADE": 1.23, "MATERIAL": "Polyvinyl Chloride", "VALIDATION_DATE": null, "BUN": null, "UPSTREAM_INVERT": 60.51, "UPSTRM_INVERT_ESTIMATED": "No", "DWNSTREAM_INVERT": 59.55, "DNSTRM_INVERT_ESTIMATED": "No", "RAMP_TYPE": null, "PIPE_SHAPE": "Round", "HEIGHT_MM": 0, "WIDTH_MM": 0, "SECTION_NAME": null, "FLOW_CATEGORY": "Gravity", "NORMAL_PRESSURE": 0, "LINING_MATERIAL": "blank", "ON_PILES": "No", "ON_SLAB": "No", "NFB_NOTATION": null, "DRAWING_NUMBER": null, "PP_NUMBER": "T51", "NFB_ELEVATION": 0, "NFB_TYPE": "blank", "WET_WEATHER_ONLY": "No", "REMARKS": null, "LEGACY_ID": "__FJCFBG", "SOIL_TYPE": "SCLAY/SAND", "SOIL_CONDITION": "blank", "TYPE_OF_FILL": null, "OWNEDBY": "COVAV", "OPERATOR": null, "UNIT_ID": "403127", "MAIN_KEY_1": 9152, "MAIN_COMP1": "30", "UNIT_ID_2": "418960", "MAIN_KEY_2": 25203, "MAIN_COMP2": 30, "COMPKEY": 392006, "MAIN_KEY": 31562, "COMPTYPE": 31, "UPDATED_BY": "ENHANMGETASK", "ADDRESS_KEY": 149648, "TB_AREA": "CBC07", "DISTRICT": "3", "FACET_GRID": "P15", "CONSTRUCTION_TECHNIQUE": "unknown", "CONNECTN_TYPE": null, "CONNECTN_CONDITION": "{null}", "DATE_OF_PERMIT": null, "SPECIAL_INSTRUCTIONS": null, "TV_CONDITION": "Very Good", "TV_LAST_INSPECTION_DATE": 1634454000000, "TV_INCOMPLETE": "No", "TV_NEXT_INSPECTED_DATE": null, "LAST_INSPECTED_OK": null, "DATE_LAST_CLEANING_REQ": null, "DT_LAST_CLEANED": null, "INSPECTED_USER_ID": null, "CLEAN_USER_ID": null, "FURTHER_WORK_REQUIRED": "No", "FURTHERWORK_COMPLETED": "No", "WORK_ID": null, "PARALLEL_LINE_NO": null, "DISTANCE": 77.8, "MAP_TOOLTIP": "77.97 - 200 SAN n/a 1.23 % 1995 1", "HC_FID": null, "SUBAREA": "P15", "DEPTH_AT_PL": null, "DEPTH_AT_PL_BELOW_CL": null, "OFFSET_DIRECTION": null, "OFFSET_FROM_PL": null, "DIAMETER_INSIDE": 200, "NAMENUMBER": null, "TO_MAIN_FID": null, "PERMIT_NUMBER": null, "STREET_NAME": "W 21ST AV", "HUNDRED_BLOCK": "200", "HCORACLEID": null, "AS_BUILT": "Yes", "LASTUPDATE_iso": "2021-12-08", "INSTALLDATE_iso": "1995-01-01", "TV_LAST_INSPECTION_DATE_iso": "2021-10-17"}, "geometry": {"type": "LineString", "coordinates": [[-123.11012350623774, 49.252407697613435], [-123.11119449408018, 49.25242684812134]]}}, {"type": "Feature", "properties": {"SHAPE_Length": 24.60809789459058, "OBJECTID": 136454770, "COV_SOURCE_KEY": "506984", "LASTUPDATE": 1685431834000, "TBFID": 506984, "UNIT_DESCRIPTION": null, "INSTALLDATE": 852105600000, "LANE_LOCATION": "Lane West", "PIPE_USE": "Main", "SERVICE_STATUS": "In Service", "EFFLUENT_TYPE": "Sanitary", "TB_LENGTH": 24.60809789, "GRADE": 1.14, "MATERIAL": "blank", "VALIDATION_DATE": null, "BUN": null, "UPSTREAM_INVERT": 73.67, "UPSTRM_INVERT_ESTIMATED": "No", "DWNSTREAM_INVERT": 73.39, "DNSTRM_INVERT_ESTIMATED": "No", "RAMP_TYPE": null, "PIPE_SHAPE": "blank", "HEIGHT_MM": 0, "WIDTH_MM": 0, "SECTION_NAME": null, "FLOW_CATEGORY": "Gravity", "NORMAL_PRESSURE": 0, "LINING_MATERIAL": "blank", "ON_PILES": "No", "ON_SLAB": "No", "NFB_NOTATION": null, "DRAWING_NUMBER": null, "PP_NUMBER": null, "NFB_ELEVATION": 0, "NFB_TYPE": "blank", "WET_WEATHER_ONLY": "No", "REMARKS": null, "LEGACY_ID": "__FJC2K2", "SOIL_TYPE": "blank", "SOIL_CONDITION": "blank", "TYPE_OF_FILL": null, "OWNEDBY": "COVAV", "OPERATOR": "COVAV", "UNIT_ID": "413229", "MAIN_KEY_1": 19615, "MAIN_COMP1": "30", "UNIT_ID_2": "2061442", "MAIN_KEY_2": 983295, "MAIN_COMP2": 30, "COMPKEY": 396839, "MAIN_KEY": 36395, "COMPTYPE": 31, "UPDATED_BY": "ENHANMGETASK", "ADDRESS_KEY": 155442, "TB_AREA": "CBC06", "DISTRICT": "3", "FACET_GRID": "N17", "CONSTRUCTION_TECHNIQUE": "unknown", "CONNECTN_TYPE": null, "CONNECTN_CONDITION": "{null}", "DATE_OF_PERMIT": null, "SPECIAL_INSTRUCTIONS": null, "TV_CONDITION": "Good/Fair", "TV_LAST_INSPECTION_DATE": 1681801200000, "TV_INCOMPLETE": "No", "TV_NEXT_INSPECTED_DATE": null, "LAST_INSPECTED_OK": null, "DATE_LAST_CLEANING_REQ": null, "DT_LAST_CLEANED": null, "INSPECTED_USER_ID": null, "CLEAN_USER_ID": null, "FURTHER_WORK_REQUIRED": "No", "FURTHERWORK_COMPLETED": "No", "WORK_ID": null, "PARALLEL_LINE_NO": null, "DISTANCE": 23.3, "MAP_TOOLTIP": "24.61 - 300 SAN n/a 1.14 % 1997 3", "HC_FID": null, "SUBAREA": "N17", "DEPTH_AT_PL": null, "DEPTH_AT_PL_BELOW_CL": null, "OFFSET_DIRECTION": null, "OFFSET_FROM_PL": null, "DIAMETER_INSIDE": 300, "NAMENUMBER": null, "TO_MAIN_FID": null, "PERMIT_NUMBER": null, "STREET_NAME": "OAK ST", "HUNDRED_BLOCK": "4800", "HCORACLEID": null, "AS_BUILT": "Yes", "LASTUPDATE_iso": "2023-05-30", "INSTALLDATE_iso": "1997-01-01", "TV_LAST_INSPECTION_DATE_iso": "2023-04-18"}, "geometry": {"type": "LineString", "coordinates": [[-123.12853542639196, 49.24145436306814], [-123.12852788125608, 49.2416756634092]]}}, {"type": "Feature", "properties": {"SHAPE_Length": 58.44466481201959, "OBJECTID": 136454793, "COV_SOURCE_KEY": "508176", "LASTUPDATE": 1534577417000, "TBFID": 508176, "UNIT_DESCRIPTION": "HBLUECLAYBOTTOM", "INSTALLDATE": 788947200000, "LANE_LOCATION": "Lane North", "PIPE_USE": "Main", "SERVICE_STATUS": "In Service", "EFFLUENT_TYPE": "Sanitary", "TB_LENGTH": 58.44, "GRADE": 0.65, "MATERIAL": "Polyvinyl Chloride", "VALIDATION_DATE": null, "BUN": null, "UPSTREAM_INVERT": 59.38, "UPSTRM_INVERT_ESTIMATED": "No", "DWNSTREAM_INVERT": 59, "DNSTRM_INVERT_ESTIMATED": "No", "RAMP_TYPE": null, "PIPE_SHAPE": "Round", "HEIGHT_MM": 0, "WIDTH_MM": 0, "SECTION_NAME": null, "FLOW_CATEGORY": "Gravity", "NORMAL_PRESSURE": 0, "LINING_MATERIAL": "blank", "ON_PILES": "No", "ON_SLAB": "No", "NFB_NOTATION": null, "DRAWING_NUMBER": null, "PP_NUMBER": "T56", "NFB_ELEVATION": 0, "NFB_TYPE": "blank", "WET_WEATHER_ONLY": "No", "REMARKS": null, "LEGACY_ID": "__FJCFCA", "SOIL_TYPE": "SCLAY/SAND", "SOIL_CONDITION": "blank", "TYPE_OF_FILL": null, "OWNEDBY": "COVAV", "OPERATOR": null, "UNIT_ID": "418866", "MAIN_KEY_1": 25181, "MAIN_COMP1": "30", "UNIT_ID_2": "402563", "MAIN_KEY_2": 9020, "MAIN_COMP2": 30, "COMPKEY": 398449, "MAIN_KEY": 38005, "COMPTYPE": 31, "UPDATED_BY": "ENHANMGETASK", "ADDRESS_KEY": 148164, "TB_AREA": "CBC07", "DISTRICT": "3", "FACET_GRID": "O15", "CONSTRUCTION_TECHNIQUE": "unknown", "CONNECTN_TYPE": null, "CONNECTN_CONDITION": "{null}", "DATE_OF_PERMIT": null, "SPECIAL_INSTRUCTIONS": null, "TV_CONDITION": "Very Good", "TV_LAST_INSPECTION_DATE": 1392624000000, "TV_INCOMPLETE": "No", "TV_NEXT_INSPECTED_DATE": null, "LAST_INSPECTED_OK": null, "DATE_LAST_CLEANING_REQ": null, "DT_LAST_CLEANED": null, "INSPECTED_USER_ID": null, "CLEAN_USER_ID": null, "FURTHER_WORK_REQUIRED": "No", "FURTHERWORK_COMPLETED": "No", "WORK_ID": null, "PARALLEL_LINE_NO": null, "DISTANCE": 58.6, "MAP_TOOLTIP": "58.44 - 200 SAN n/a 0.65 % 1995 1", "HC_FID": null, "SUBAREA": "O15", "DEPTH_AT_PL": null, "DEPTH_AT_PL_BELOW_CL": null, "OFFSET_DIRECTION": null, "OFFSET_FROM_PL": null, "DIAMETER_INSIDE": 200, "NAMENUMBER": null, "TO_MAIN_FID": null, "PERMIT_NUMBER": null, "STREET_NAME": "W 22ND AV", "HUNDRED_BLOCK": "400", "HCORACLEID": null, "AS_BUILT": "Yes", "LASTUPDATE_iso": "2018-08-18", "INSTALLDATE_iso": "1995-01-01", "TV_LAST_INSPECTION_DATE_iso": "2014-02-17"}, "geometry": {"type": "LineString", "coordinates": [[-123.11380255025338, 49.25158324610837], [-123.11460527123187, 49.25159948060015]]}}, {"type": "Feature", "properties": {"SHAPE_Length": 56.83924244829005, "OBJECTID": 136454946, "COV_SOURCE_KEY": "505070", "LASTUPDATE": 1663399828000, "TBFID": 505070, "UNIT_DESCRIPTION": null, "INSTALLDATE": 631180800000, "LANE_LOCATION": null, "PIPE_USE": "Main", "SERVICE_STATUS": "In Service", "EFFLUENT_TYPE": "Sanitary", "TB_LENGTH": 56.84, "GRADE": 0.44, "MATERIAL": "Concrete", "VALIDATION_DATE": null, "BUN": null, "UPSTREAM_INVERT": 64.05, "UPSTRM_INVERT_ESTIMATED": "No", "DWNSTREAM_INVERT": 63.8, "DNSTRM_INVERT_ESTIMATED": "No", "RAMP_TYPE": null, "PIPE_SHAPE": "Round", "HEIGHT_MM": 0, "WIDTH_MM": 0, "SECTION_NAME": null, "FLOW_CATEGORY": "Gravity", "NORMAL_PRESSURE": 0, "LINING_MATERIAL": "blank", "ON_PILES": "No", "ON_SLAB": "No", "NFB_NOTATION": null, "DRAWING_NUMBER": null, "PP_NUMBER": "T131", "NFB_ELEVATION": 0, "NFB_TYPE": "blank", "WET_WEATHER_ONLY": "No", "REMARKS": null, "LEGACY_ID": "__FJC1EY", "SOIL_TYPE": "blank", "SOIL_CONDITION": "blank", "TYPE_OF_FILL": null, "OWNEDBY": "COVAV", "OPERATOR": " ", "UNIT_ID": "417875", "MAIN_KEY_1": 24191, "MAIN_COMP1": "30", "UNIT_ID_2": "410732", "MAIN_KEY_2": 15970, "MAIN_COMP2": 30, "COMPKEY": 394158, "MAIN_KEY": 33714, "COMPTYPE": 31, "UPDATED_BY": "ENHANMGETASK", "ADDRESS_KEY": 156983, "TB_AREA": "CBC06", "DISTRICT": "3", "FACET_GRID": "N16", "CONSTRUCTION_TECHNIQUE": "unknown", "CONNECTN_TYPE": null, "CONNECTN_CONDITION": null, "DATE_OF_PERMIT": null, "SPECIAL_INSTRUCTIONS": null, "TV_CONDITION": "Good", "TV_LAST_INSPECTION_DATE": 1659769200000, "TV_INCOMPLETE": "No", "TV_NEXT_INSPECTED_DATE": null, "LAST_INSPECTED_OK": null, "DATE_LAST_CLEANING_REQ": null, "DT_LAST_CLEANED": null, "INSPECTED_USER_ID": null, "CLEAN_USER_ID": null, "FURTHER_WORK_REQUIRED": "No", "FURTHERWORK_COMPLETED": "No", "WORK_ID": null, "PARALLEL_LINE_NO": null, "DISTANCE": 56.8, "MAP_TOOLTIP": "56.84 - 450 SAN n/a 0.44 % 1990 2", "HC_FID": null, "SUBAREA": "N16", "DEPTH_AT_PL": null, "DEPTH_AT_PL_BELOW_CL": null, "OFFSET_DIRECTION": null, "OFFSET_FROM_PL": null, "DIAMETER_INSIDE": 450, "NAMENUMBER": null, "TO_MAIN_FID": null, "PERMIT_NUMBER": null, "STREET_NAME": "W 27TH AV", "HUNDRED_BLOCK": "1000", "HCORACLEID": null, "AS_BUILT": "Yes", "LASTUPDATE_iso": "2022-09-17", "INSTALLDATE_iso": "1990-01-01", "TV_LAST_INSPECTION_DATE_iso": "2022-08-06"}, "geometry": {"type": "LineString", "coordinates": [[-123.12914792242641, 49.24727865402964], [-123.12836706388639, 49.247269818417]]}}, {"type": "Feature", "properties": {"SHAPE_Length": 44.1898929620802, "OBJECTID": 136455078, "COV_SOURCE_KEY": "498532", "LASTUPDATE": 1674635438000, "TBFID": 498532, "UNIT_DESCRIPTION": null, "INSTALLDATE": 536486400000, "LANE_LOCATION": null, "PIPE_USE": "Main", "SERVICE_STATUS": "In Service", "EFFLUENT_TYPE": "Sanitary", "TB_LENGTH": 44.19, "GRADE": 6.74, "MATERIAL": "Polyvinyl Chloride", "VALIDATION_DATE": null, "BUN": null, "UPSTREAM_INVERT": 71.7, "UPSTRM_INVERT_ESTIMATED": "No", "DWNSTREAM_INVERT": 68.72, "DNSTRM_INVERT_ESTIMATED": "No", "RAMP_TYPE": null, "PIPE_SHAPE": "Round", "HEIGHT_MM": 0, "WIDTH_MM": 0, "SECTION_NAME": null, "FLOW_CATEGORY": "Gravity", "NORMAL_PRESSURE": 0, "LINING_MATERIAL": "blank", "ON_PILES": "No", "ON_SLAB": "No", "NFB_NOTATION": null, "DRAWING_NUMBER": null, "PP_NUMBER": "T95", "NFB_ELEVATION": 0, "NFB_TYPE": "blank", "WET_WEATHER_ONLY": "No", "REMARKS": null, "LEGACY_ID": "__FJC1GM", "SOIL_TYPE": "blank", "SOIL_CONDITION": "blank", "TYPE_OF_FILL": null, "OWNEDBY": "COVAV", "OPERATOR": " ", "UNIT_ID": "420571", "MAIN_KEY_1": 26382, "MAIN_COMP1": "30", "UNIT_ID_2": "420599", "MAIN_KEY_2": 26774, "MAIN_COMP2": 30, "COMPKEY": 385519, "MAIN_KEY": 25075, "COMPTYPE": 31, "UPDATED_BY": "ENHANMGETASK", "ADDRESS_KEY": 154072, "TB_AREA": "CBC07", "DISTRICT": "3", "FACET_GRID": "O16", "CONSTRUCTION_TECHNIQUE": "unknown", "CONNECTN_TYPE": null, "CONNECTN_CONDITION": null, "DATE_OF_PERMIT": null, "SPECIAL_INSTRUCTIONS": null, "TV_CONDITION": "Very Good", "TV_LAST_INSPECTION_DATE": 1663311600000, "TV_INCOMPLETE": "No", "TV_NEXT_INSPECTED_DATE": null, "LAST_INSPECTED_OK": null, "DATE_LAST_CLEANING_REQ": null, "DT_LAST_CLEANED": null, "INSPECTED_USER_ID": null, "CLEAN_USER_ID": null, "FURTHER_WORK_REQUIRED": "No", "FURTHERWORK_COMPLETED": "No", "WORK_ID": null, "PARALLEL_LINE_NO": null, "DISTANCE": 44.3, "MAP_TOOLTIP": "44.19 - 200 SAN n/a 6.74 % 1987 1", "HC_FID": null, "SUBAREA": "O16", "DEPTH_AT_PL": null, "DEPTH_AT_PL_BELOW_CL": null, "OFFSET_DIRECTION": null, "OFFSET_FROM_PL": null, "DIAMETER_INSIDE": 200, "NAMENUMBER": null, "TO_MAIN_FID": null, "PERMIT_NUMBER": null, "STREET_NAME": "W 26TH AV", "HUNDRED_BLOCK": "700", "HCORACLEID": null, "AS_BUILT": "Yes", "LASTUPDATE_iso": "2023-01-25", "INSTALLDATE_iso": "1987-01-01", "TV_LAST_INSPECTION_DATE_iso": "2022-09-16"}, "geometry": {"type": "LineString", "coordinates": [[-123.12068132905219, 49.24804920059088], [-123.12128834359076, 49.24805853164893]]}}, {"type": "Feature", "properties": {"SHAPE_Length": 75.94390991423955, "OBJECTID": 136455080, "COV_SOURCE_KEY": "502637", "LASTUPDATE": 1674635443000, "TBFID": 502637, "UNIT_DESCRIPTION": "HIGH FLOODING RISK", "INSTALLDATE": 536486400000, "LANE_LOCATION": "blank", "PIPE_USE": "Main", "SERVICE_STATUS": "In Service", "EFFLUENT_TYPE": "Sanitary", "TB_LENGTH": 75.94, "GRADE": 2.54, "MATERIAL": "Polyvinyl Chloride", "VALIDATION_DATE": null, "BUN": null, "UPSTREAM_INVERT": 68.72, "UPSTRM_INVERT_ESTIMATED": "No", "DWNSTREAM_INVERT": 66.79, "DNSTRM_INVERT_ESTIMATED": "No", "RAMP_TYPE": null, "PIPE_SHAPE": "Round", "HEIGHT_MM": 0, "WIDTH_MM": 0, "SECTION_NAME": null, "FLOW_CATEGORY": "Gravity", "NORMAL_PRESSURE": 0, "LINING_MATERIAL": "blank", "ON_PILES": "No", "ON_SLAB": "No", "NFB_NOTATION": "NFB 70.14", "DRAWING_NUMBER": null, "PP_NUMBER": "T95", "NFB_ELEVATION": 0, "NFB_TYPE": "blank", "WET_WEATHER_ONLY": "No", "REMARKS": null, "LEGACY_ID": "__FJC1H7", "SOIL_TYPE": "blank", "SOIL_CONDITION": "blank", "TYPE_OF_FILL": null, "OWNEDBY": "COVAV", "OPERATOR": null, "UNIT_ID": "420599", "MAIN_KEY_1": 26774, "MAIN_COMP1": "30", "UNIT_ID_2": "407064", "MAIN_KEY_2": 13162, "MAIN_COMP2": 30, "COMPKEY": 390982, "MAIN_KEY": 30538, "COMPTYPE": 31, "UPDATED_BY": "ENHANMGETASK", "ADDRESS_KEY": 154072, "TB_AREA": "CBC07", "DISTRICT": "3", "FACET_GRID": "O16", "CONSTRUCTION_TECHNIQUE": "unknown", "CONNECTN_TYPE": null, "CONNECTN_CONDITION": "{null}", "DATE_OF_PERMIT": null, "SPECIAL_INSTRUCTIONS": null, "TV_CONDITION": "Good/Fair", "TV_LAST_INSPECTION_DATE": 1663311600000, "TV_INCOMPLETE": "No", "TV_NEXT_INSPECTED_DATE": null, "LAST_INSPECTED_OK": null, "DATE_LAST_CLEANING_REQ": null, "DT_LAST_CLEANED": null, "INSPECTED_USER_ID": null, "CLEAN_USER_ID": null, "FURTHER_WORK_REQUIRED": "No", "FURTHERWORK_COMPLETED": "No", "WORK_ID": null, "PARALLEL_LINE_NO": null, "DISTANCE": 76, "MAP_TOOLTIP": "75.94 - 200 SAN n/a 2.54 % 1987 3", "HC_FID": null, "SUBAREA": "O16", "DEPTH_AT_PL": null, "DEPTH_AT_PL_BELOW_CL": null, "OFFSET_DIRECTION": null, "OFFSET_FROM_PL": null, "DIAMETER_INSIDE": 200, "NAMENUMBER": null, "TO_MAIN_FID": null, "PERMIT_NUMBER": null, "STREET_NAME": "W 26TH AV", "HUNDRED_BLOCK": "700", "HCORACLEID": null, "AS_BUILT": "Yes", "LASTUPDATE_iso": "2023-01-25", "INSTALLDATE_iso": "1987-01-01", "TV_LAST_INSPECTION_DATE_iso": "2022-09-16"}, "geometry": {"type": "LineString", "coordinates": [[-123.12128834359076, 49.24805853164893], [-123.12233158579892, 49.248073461229765]]}}, {"type": "Feature", "properties": {"SHAPE_Length": 31.89759896886602, "OBJECTID": 136455133, "COV_SOURCE_KEY": "508118", "LASTUPDATE": 1734999149000, "TBFID": 508118, "UNIT_DESCRIPTION": null, "INSTALLDATE": 1357027200000, "LANE_LOCATION": null, "PIPE_USE": "Main", "SERVICE_STATUS": "In Service", "EFFLUENT_TYPE": "Sanitary", "TB_LENGTH": 45.56, "GRADE": 1.58, "MATERIAL": "Vitrified Clay", "VALIDATION_DATE": null, "BUN": null, "UPSTREAM_INVERT": 74.61, "UPSTRM_INVERT_ESTIMATED": "No", "DWNSTREAM_INVERT": 73.89, "DNSTRM_INVERT_ESTIMATED": "No", "RAMP_TYPE": null, "PIPE_SHAPE": "Round", "HEIGHT_MM": 0, "WIDTH_MM": 0, "SECTION_NAME": null, "FLOW_CATEGORY": "Gravity", "NORMAL_PRESSURE": 0, "LINING_MATERIAL": "blank", "ON_PILES": "No", "ON_SLAB": "No", "NFB_NOTATION": null, "DRAWING_NUMBER": null, "PP_NUMBER": "T90", "NFB_ELEVATION": 0, "NFB_TYPE": "blank", "WET_WEATHER_ONLY": "No", "REMARKS": null, "LEGACY_ID": "__FJC09Z", "SOIL_TYPE": "blank", "SOIL_CONDITION": "blank", "TYPE_OF_FILL": null, "OWNEDBY": "COVAV", "OPERATOR": "COVAV", "UNIT_ID": "406790", "MAIN_KEY_1": 13464, "MAIN_COMP1": "30", "UNIT_ID_2": "129445", "MAIN_KEY_2": 352964, "MAIN_COMP2": 32, "COMPKEY": 398722, "MAIN_KEY": 38278, "COMPTYPE": 31, "UPDATED_BY": "sil25", "ADDRESS_KEY": 149419, "TB_AREA": "CBC06", "DISTRICT": "3", "FACET_GRID": " ", "CONSTRUCTION_TECHNIQUE": "unknown", "CONNECTN_TYPE": null, "CONNECTN_CONDITION": "{null}", "DATE_OF_PERMIT": null, "SPECIAL_INSTRUCTIONS": null, "TV_CONDITION": "0", "TV_LAST_INSPECTION_DATE": 1681801200000, "TV_INCOMPLETE": "No", "TV_NEXT_INSPECTED_DATE": null, "LAST_INSPECTED_OK": null, "DATE_LAST_CLEANING_REQ": null, "DT_LAST_CLEANED": null, "INSPECTED_USER_ID": null, "CLEAN_USER_ID": null, "FURTHER_WORK_REQUIRED": "No", "FURTHERWORK_COMPLETED": "No", "WORK_ID": null, "PARALLEL_LINE_NO": null, "DISTANCE": 45.6, "MAP_TOOLTIP": "45.56 - 150 SAN n/a 1.58 % 2013 0", "HC_FID": null, "SUBAREA": " ", "DEPTH_AT_PL": null, "DEPTH_AT_PL_BELOW_CL": null, "OFFSET_DIRECTION": null, "OFFSET_FROM_PL": null, "DIAMETER_INSIDE": 150, "NAMENUMBER": null, "TO_MAIN_FID": null, "PERMIT_NUMBER": null, "STREET_NAME": "W 33RD AV", "HUNDRED_BLOCK": "1000", "HCORACLEID": null, "AS_BUILT": "Yes", "LASTUPDATE_iso": "2024-12-24", "INSTALLDATE_iso": "2013-01-01", "TV_LAST_INSPECTION_DATE_iso": "2023-04-18"}, "geometry": {"type": "LineString", "coordinates": [[-123.12809513552463, 49.24152333286672], [-123.12853245222223, 49.24154179113442]]}}, {"type": "Feature", "properties": {"SHAPE_Length": 26.197221092892644, "OBJECTID": 136455315, "COV_SOURCE_KEY": "491982", "LASTUPDATE": 1674635432000, "TBFID": 491982, "UNIT_DESCRIPTION": "VERTICALLY SEPARATED", "INSTALLDATE": 978336000000, "LANE_LOCATION": null, "PIPE_USE": "Main", "SERVICE_STATUS": "In Service", "EFFLUENT_TYPE": "Sanitary", "TB_LENGTH": 26.2, "GRADE": 0.42, "MATERIAL": "Polyvinyl Chloride", "VALIDATION_DATE": null, "BUN": null, "UPSTREAM_INVERT": 57.38, "UPSTRM_INVERT_ESTIMATED": "No", "DWNSTREAM_INVERT": 57.27, "DNSTRM_INVERT_ESTIMATED": "No", "RAMP_TYPE": null, "PIPE_SHAPE": "blank", "HEIGHT_MM": 0, "WIDTH_MM": 0, "SECTION_NAME": null, "FLOW_CATEGORY": "Gravity", "NORMAL_PRESSURE": 0, "LINING_MATERIAL": "blank", "ON_PILES": "No", "ON_SLAB": "No", "NFB_NOTATION": null, "DRAWING_NUMBER": null, "PP_NUMBER": null, "NFB_ELEVATION": 0, "NFB_TYPE": "blank", "WET_WEATHER_ONLY": "No", "REMARKS": null, "LEGACY_ID": "__FJCJCG", "SOIL_TYPE": "blank", "SOIL_CONDITION": "blank", "TYPE_OF_FILL": null, "OWNEDBY": "COVAV", "OPERATOR": " ", "UNIT_ID": "420123", "MAIN_KEY_1": 25502, "MAIN_COMP1": "30", "UNIT_ID_2": "131797", "MAIN_KEY_2": 354974, "MAIN_COMP2": 32, "COMPKEY": 377512, "MAIN_KEY": 17068, "COMPTYPE": 31, "UPDATED_BY": "ENHANMGETASK", "ADDRESS_KEY": 152235, "TB_AREA": "CBC07", "DISTRICT": "3", "FACET_GRID": "O15", "CONSTRUCTION_TECHNIQUE": "unknown", "CONNECTN_TYPE": null, "CONNECTN_CONDITION": null, "DATE_OF_PERMIT": null, "SPECIAL_INSTRUCTIONS": null, "TV_CONDITION": "Very Good", "TV_LAST_INSPECTION_DATE": 1665039600000, "TV_INCOMPLETE": "No", "TV_NEXT_INSPECTED_DATE": null, "LAST_INSPECTED_OK": null, "DATE_LAST_CLEANING_REQ": null, "DT_LAST_CLEANED": null, "INSPECTED_USER_ID": null, "CLEAN_USER_ID": null, "FURTHER_WORK_REQUIRED": "No", "FURTHERWORK_COMPLETED": "No", "WORK_ID": null, "PARALLEL_LINE_NO": null, "DISTANCE": 26.2, "MAP_TOOLTIP": "26.2 - 200 SAN n/a 0.42 % 2001 1", "HC_FID": null, "SUBAREA": "O15", "DEPTH_AT_PL": null, "DEPTH_AT_PL_BELOW_CL": null, "OFFSET_DIRECTION": null, "OFFSET_FROM_PL": null, "DIAMETER_INSIDE": 200, "NAMENUMBER": null, "TO_MAIN_FID": null, "PERMIT_NUMBER": null, "STREET_NAME": "TUPPER ST", "HUNDRED_BLOCK": "3600", "HCORACLEID": null, "AS_BUILT": "Yes", "LASTUPDATE_iso": "2023-01-25", "INSTALLDATE_iso": "2001-01-01", "TV_LAST_INSPECTION_DATE_iso": "2022-10-06"}, "geometry": {"type": "LineString", "coordinates": [[-123.11606990009173, 49.25280094987494], [-123.11607653453832, 49.25256534030462]]}}, {"type": "Feature", "properties": {"SHAPE_Length": 17.076132846373206, "OBJECTID": 136455372, "COV_SOURCE_KEY": "503384", "LASTUPDATE": 1639038637000, "TBFID": 503384, "UNIT_DESCRIPTION": null, "INSTALLDATE": 1181199600000, "LANE_LOCATION": null, "PIPE_USE": "Main", "SERVICE_STATUS": "In Service", "EFFLUENT_TYPE": "Sanitary", "TB_LENGTH": 17.08, "GRADE": 3.69, "MATERIAL": "Polyvinyl Chloride", "VALIDATION_DATE": null, "BUN": null, "UPSTREAM_INVERT": 53.2, "UPSTRM_INVERT_ESTIMATED": "No", "DWNSTREAM_INVERT": 52.57, "DNSTRM_INVERT_ESTIMATED": "No", "RAMP_TYPE": null, "PIPE_SHAPE": "Round", "HEIGHT_MM": 0, "WIDTH_MM": 0, "SECTION_NAME": null, "FLOW_CATEGORY": "Gravity", "NORMAL_PRESSURE": 0, "LINING_MATERIAL": "blank", "ON_PILES": "No", "ON_SLAB": "No", "NFB_NOTATION": null, "DRAWING_NUMBER": null, "PP_NUMBER": null, "NFB_ELEVATION": 0, "NFB_TYPE": "blank", "WET_WEATHER_ONLY": "No", "REMARKS": null, "LEGACY_ID": "__FNJGK5", "SOIL_TYPE": "blank", "SOIL_CONDITION": "blank", "TYPE_OF_FILL": null, "OWNEDBY": "COVAV", "OPERATOR": " ", "UNIT_ID": "404599", "MAIN_KEY_1": 10266, "MAIN_COMP1": "30", "UNIT_ID_2": "404855", "MAIN_KEY_2": 11098, "MAIN_COMP2": 30, "COMPKEY": 392403, "MAIN_KEY": 31959, "COMPTYPE": 31, "UPDATED_BY": "ENHANMGETASK", "ADDRESS_KEY": 150560, "TB_AREA": "CBC07", "DISTRICT": "3", "FACET_GRID": "O14", "CONSTRUCTION_TECHNIQUE": "unknown", "CONNECTN_TYPE": null, "CONNECTN_CONDITION": null, "DATE_OF_PERMIT": null, "SPECIAL_INSTRUCTIONS": null, "TV_CONDITION": "Good", "TV_LAST_INSPECTION_DATE": 1637395200000, "TV_INCOMPLETE": "No", "TV_NEXT_INSPECTED_DATE": null, "LAST_INSPECTED_OK": null, "DATE_LAST_CLEANING_REQ": null, "DT_LAST_CLEANED": null, "INSPECTED_USER_ID": null, "CLEAN_USER_ID": null, "FURTHER_WORK_REQUIRED": "No", "FURTHERWORK_COMPLETED": "No", "WORK_ID": null, "PARALLEL_LINE_NO": null, "DISTANCE": 17.08, "MAP_TOOLTIP": "17.08 - 200 SAN n/a 3.69 % 2007 2", "HC_FID": null, "SUBAREA": "O14", "DEPTH_AT_PL": null, "DEPTH_AT_PL_BELOW_CL": null, "OFFSET_DIRECTION": null, "OFFSET_FROM_PL": null, "DIAMETER_INSIDE": 200, "NAMENUMBER": null, "TO_MAIN_FID": null, "PERMIT_NUMBER": null, "STREET_NAME": "W 19TH AV", "HUNDRED_BLOCK": "600", "HCORACLEID": null, "AS_BUILT": "Yes", "LASTUPDATE_iso": "2021-12-09", "INSTALLDATE_iso": "2007-06-07", "TV_LAST_INSPECTION_DATE_iso": "2021-11-20"}, "geometry": {"type": "LineString", "coordinates": [[-123.11827431721981, 49.25429057192366], [-123.11850778487303, 49.2542751037786]]}}, {"type": "Feature", "properties": {"SHAPE_Length": 50.977297951899345, "OBJECTID": 136455528, "COV_SOURCE_KEY": "500623", "LASTUPDATE": 1662535828000, "TBFID": 500623, "UNIT_DESCRIPTION": null, "INSTALLDATE": 631180800000, "LANE_LOCATION": null, "PIPE_USE": "Main", "SERVICE_STATUS": "In Service", "EFFLUENT_TYPE": "Sanitary", "TB_LENGTH": 50.97729795, "GRADE": 0.86, "MATERIAL": "Vitrified Clay", "VALIDATION_DATE": null, "BUN": null, "UPSTREAM_INVERT": 48.18, "UPSTRM_INVERT_ESTIMATED": "No", "DWNSTREAM_INVERT": 47.74, "DNSTRM_INVERT_ESTIMATED": "No", "RAMP_TYPE": null, "PIPE_SHAPE": "Round", "HEIGHT_MM": 0, "WIDTH_MM": 0, "SECTION_NAME": null, "FLOW_CATEGORY": "Gravity", "NORMAL_PRESSURE": 0, "LINING_MATERIAL": "blank", "ON_PILES": "No", "ON_SLAB": "No", "NFB_NOTATION": null, "DRAWING_NUMBER": null, "PP_NUMBER": "E55", "NFB_ELEVATION": 0, "NFB_TYPE": "blank", "WET_WEATHER_ONLY": "No", "REMARKS": null, "LEGACY_ID": "__FJC3TD", "SOIL_TYPE": "blank", "SOIL_CONDITION": "blank", "TYPE_OF_FILL": null, "OWNEDBY": "COVAV", "OPERATOR": "COVAV", "UNIT_ID": "416632", "MAIN_KEY_1": 22730, "MAIN_COMP1": "30", "UNIT_ID_2": "416629", "MAIN_KEY_2": 22727, "MAIN_COMP2": 30, "COMPKEY": 388838, "MAIN_KEY": 28394, "COMPTYPE": 31, "UPDATED_BY": "ENHANMGETASK", "ADDRESS_KEY": 152629, "TB_AREA": "CBC07", "DISTRICT": "3", "FACET_GRID": " ", "CONSTRUCTION_TECHNIQUE": "unknown", "CONNECTN_TYPE": null, "CONNECTN_CONDITION": "{null}", "DATE_OF_PERMIT": null, "SPECIAL_INSTRUCTIONS": null, "TV_CONDITION": "Very Good", "TV_LAST_INSPECTION_DATE": 1660201200000, "TV_INCOMPLETE": "No", "TV_NEXT_INSPECTED_DATE": null, "LAST_INSPECTED_OK": null, "DATE_LAST_CLEANING_REQ": null, "DT_LAST_CLEANED": null, "INSPECTED_USER_ID": null, "CLEAN_USER_ID": null, "FURTHER_WORK_REQUIRED": "No", "FURTHERWORK_COMPLETED": "No", "WORK_ID": null, "PARALLEL_LINE_NO": null, "DISTANCE": 51, "MAP_TOOLTIP": "50.98 - 250 SAN n/a 0.86 % 1990 1", "HC_FID": null, "SUBAREA": " ", "DEPTH_AT_PL": null, "DEPTH_AT_PL_BELOW_CL": null, "OFFSET_DIRECTION": null, "OFFSET_FROM_PL": null, "DIAMETER_INSIDE": 250, "NAMENUMBER": null, "TO_MAIN_FID": null, "PERMIT_NUMBER": null, "STREET_NAME": "W 18TH AV", "HUNDRED_BLOCK": "800", "HCORACLEID": null, "AS_BUILT": "Yes", "LASTUPDATE_iso": "2022-09-07", "INSTALLDATE_iso": "1990-01-01", "TV_LAST_INSPECTION_DATE_iso": "2022-08-11"}, "geometry": {"type": "LineString", "coordinates": [[-123.12290996981842, 49.255274335211865], [-123.12223452252844, 49.25526360087004], [-123.1222096873136, 49.25526243977309]]}}, {"type": "Feature", "properties": {"SHAPE_Length": 120.36201560322019, "OBJECTID": 136455638, "COV_SOURCE_KEY": "502879", "LASTUPDATE": 1663745427000, "TBFID": 502879, "UNIT_DESCRIPTION": null, "INSTALLDATE": 852105600000, "LANE_LOCATION": "blank", "PIPE_USE": "Main", "SERVICE_STATUS": "In Service", "EFFLUENT_TYPE": "Sanitary", "TB_LENGTH": 120.36, "GRADE": 1.76, "MATERIAL": "Vitrified Clay", "VALIDATION_DATE": null, "BUN": null, "UPSTREAM_INVERT": 56.63, "UPSTRM_INVERT_ESTIMATED": "No", "DWNSTREAM_INVERT": 54.51, "DNSTRM_INVERT_ESTIMATED": "No", "RAMP_TYPE": null, "PIPE_SHAPE": "blank", "HEIGHT_MM": 0, "WIDTH_MM": 0, "SECTION_NAME": null, "FLOW_CATEGORY": "Gravity", "NORMAL_PRESSURE": 0, "LINING_MATERIAL": "blank", "ON_PILES": "No", "ON_SLAB": "No", "NFB_NOTATION": null, "DRAWING_NUMBER": null, "PP_NUMBER": "S109", "NFB_ELEVATION": 0, "NFB_TYPE": "blank", "WET_WEATHER_ONLY": "No", "REMARKS": null, "LEGACY_ID": "__FJCHXN", "SOIL_TYPE": "blank", "SOIL_CONDITION": "blank", "TYPE_OF_FILL": null, "OWNEDBY": "COVAV", "OPERATOR": null, "UNIT_ID": "410478", "MAIN_KEY_1": 16653, "MAIN_COMP1": "30", "UNIT_ID_2": "410480", "MAIN_KEY_2": 16655, "MAIN_COMP2": 30, "COMPKEY": 390468, "MAIN_KEY": 30024, "COMPTYPE": 31, "UPDATED_BY": "ENHANMGETASK", "ADDRESS_KEY": 151043, "TB_AREA": "CBC06", "DISTRICT": "3", "FACET_GRID": "N14", "CONSTRUCTION_TECHNIQUE": "unknown", "CONNECTN_TYPE": null, "CONNECTN_CONDITION": "{null}", "DATE_OF_PERMIT": null, "SPECIAL_INSTRUCTIONS": null, "TV_CONDITION": "Very Good", "TV_LAST_INSPECTION_DATE": 1660633200000, "TV_INCOMPLETE": "No", "TV_NEXT_INSPECTED_DATE": null, "LAST_INSPECTED_OK": null, "DATE_LAST_CLEANING_REQ": null, "DT_LAST_CLEANED": null, "INSPECTED_USER_ID": null, "CLEAN_USER_ID": null, "FURTHER_WORK_REQUIRED": "No", "FURTHERWORK_COMPLETED": "No", "WORK_ID": null, "PARALLEL_LINE_NO": null, "DISTANCE": 120.3, "MAP_TOOLTIP": "120.36 - 250 SAN n/a 1.76 % 1997 1", "HC_FID": null, "SUBAREA": "N14", "DEPTH_AT_PL": null, "DEPTH_AT_PL_BELOW_CL": null, "OFFSET_DIRECTION": null, "OFFSET_FROM_PL": null, "DIAMETER_INSIDE": 250, "NAMENUMBER": null, "TO_MAIN_FID": null, "PERMIT_NUMBER": null, "STREET_NAME": "W 16TH AV", "HUNDRED_BLOCK": "1000", "HCORACLEID": null, "AS_BUILT": "Yes", "LASTUPDATE_iso": "2022-09-21", "INSTALLDATE_iso": "1997-01-01", "TV_LAST_INSPECTION_DATE_iso": "2022-08-16"}, "geometry": {"type": "LineString", "coordinates": [[-123.13032900003267, 49.25706864859408], [-123.12867539577492, 49.257041897257146]]}}, {"type": "Feature", "properties": {"SHAPE_Length": 100.28598949481609, "OBJECTID": 136455640, "COV_SOURCE_KEY": "502881", "LASTUPDATE": 1663745428000, "TBFID": 502881, "UNIT_DESCRIPTION": "MED CLAY", "INSTALLDATE": 852105600000, "LANE_LOCATION": null, "PIPE_USE": "Main", "SERVICE_STATUS": "In Service", "EFFLUENT_TYPE": "Sanitary", "TB_LENGTH": 100.29, "GRADE": 2.41, "MATERIAL": "Vitrified Clay", "VALIDATION_DATE": null, "BUN": null, "UPSTREAM_INVERT": 54.51, "UPSTRM_INVERT_ESTIMATED": "No", "DWNSTREAM_INVERT": 52.09, "DNSTRM_INVERT_ESTIMATED": "No", "RAMP_TYPE": null, "PIPE_SHAPE": "blank", "HEIGHT_MM": 0, "WIDTH_MM": 0, "SECTION_NAME": null, "FLOW_CATEGORY": "Gravity", "NORMAL_PRESSURE": 0, "LINING_MATERIAL": "blank", "ON_PILES": "No", "ON_SLAB": "No", "NFB_NOTATION": null, "DRAWING_NUMBER": null, "PP_NUMBER": "S109", "NFB_ELEVATION": 0, "NFB_TYPE": "blank", "WET_WEATHER_ONLY": "No", "REMARKS": null, "LEGACY_ID": "__FJCHXL", "SOIL_TYPE": "blank", "SOIL_CONDITION": "blank", "TYPE_OF_FILL": null, "OWNEDBY": "COVAV", "OPERATOR": " ", "UNIT_ID": "410480", "MAIN_KEY_1": 16655, "MAIN_COMP1": "30", "UNIT_ID_2": "406731", "MAIN_KEY_2": 13838, "MAIN_COMP2": 30, "COMPKEY": 390470, "MAIN_KEY": 30026, "COMPTYPE": 31, "UPDATED_BY": "ENHANMGETASK", "ADDRESS_KEY": 151043, "TB_AREA": "CBC06", "DISTRICT": "3", "FACET_GRID": "N14", "CONSTRUCTION_TECHNIQUE": "unknown", "CONNECTN_TYPE": null, "CONNECTN_CONDITION": null, "DATE_OF_PERMIT": null, "SPECIAL_INSTRUCTIONS": null, "TV_CONDITION": "Good", "TV_LAST_INSPECTION_DATE": 1660633200000, "TV_INCOMPLETE": "No", "TV_NEXT_INSPECTED_DATE": null, "LAST_INSPECTED_OK": null, "DATE_LAST_CLEANING_REQ": null, "DT_LAST_CLEANED": null, "INSPECTED_USER_ID": null, "CLEAN_USER_ID": null, "FURTHER_WORK_REQUIRED": "No", "FURTHERWORK_COMPLETED": "No", "WORK_ID": null, "PARALLEL_LINE_NO": null, "DISTANCE": 100.5, "MAP_TOOLTIP": "100.29 - 250 SAN n/a 2.41 % 1997 2", "HC_FID": null, "SUBAREA": "N14", "DEPTH_AT_PL": null, "DEPTH_AT_PL_BELOW_CL": null, "OFFSET_DIRECTION": null, "OFFSET_FROM_PL": null, "DIAMETER_INSIDE": 250, "NAMENUMBER": null, "TO_MAIN_FID": null, "PERMIT_NUMBER": null, "STREET_NAME": "W 16TH AV", "HUNDRED_BLOCK": "1000", "HCORACLEID": null, "AS_BUILT": "Yes", "LASTUPDATE_iso": "2022-09-21", "INSTALLDATE_iso": "1997-01-01", "TV_LAST_INSPECTION_DATE_iso": "2022-08-16"}, "geometry": {"type": "LineString", "coordinates": [[-123.12867539577492, 49.257041897257146], [-123.12729749366585, 49.2570228875308]]}}, {"type": "Feature", "properties": {"SHAPE_Length": 102.55032259807597, "OBJECTID": 136455698, "COV_SOURCE_KEY": "481175", "LASTUPDATE": 1674635420000, "TBFID": 481175, "UNIT_DESCRIPTION": null, "INSTALLDATE": 536486400000, "LANE_LOCATION": "blank", "PIPE_USE": "Main", "SERVICE_STATUS": "In Service", "EFFLUENT_TYPE": "Sanitary", "TB_LENGTH": 102.5503226, "GRADE": 1.1, "MATERIAL": "Vitrified Clay", "VALIDATION_DATE": null, "BUN": null, "UPSTREAM_INVERT": 70.2, "UPSTRM_INVERT_ESTIMATED": "No", "DWNSTREAM_INVERT": 69.07, "DNSTRM_INVERT_ESTIMATED": "No", "RAMP_TYPE": "Open", "PIPE_SHAPE": "Round", "HEIGHT_MM": 0, "WIDTH_MM": 0, "SECTION_NAME": null, "FLOW_CATEGORY": "Gravity", "NORMAL_PRESSURE": 0, "LINING_MATERIAL": "blank", "ON_PILES": "No", "ON_SLAB": "No", "NFB_NOTATION": null, "DRAWING_NUMBER": "DF465", "PP_NUMBER": "T95", "NFB_ELEVATION": 0, "NFB_TYPE": "blank", "WET_WEATHER_ONLY": "No", "REMARKS": "O/R", "LEGACY_ID": "__FJC1KK", "SOIL_TYPE": "blank", "SOIL_CONDITION": "blank", "TYPE_OF_FILL": null, "OWNEDBY": "COVAV", "OPERATOR": "COVAV", "UNIT_ID": "400317", "MAIN_KEY_1": 6537, "MAIN_COMP1": "30", "UNIT_ID_2": "1646940", "MAIN_KEY_2": 857513, "MAIN_COMP2": 30, "COMPKEY": 358569, "MAIN_KEY": 1773, "COMPTYPE": 31, "UPDATED_BY": "ENHANMGETASK", "ADDRESS_KEY": 148298, "TB_AREA": "CBC07", "DISTRICT": "3", "FACET_GRID": "O16", "CONSTRUCTION_TECHNIQUE": "unknown", "CONNECTN_TYPE": null, "CONNECTN_CONDITION": "{null}", "DATE_OF_PERMIT": null, "SPECIAL_INSTRUCTIONS": null, "TV_CONDITION": "Good", "TV_LAST_INSPECTION_DATE": 1664262000000, "TV_INCOMPLETE": "No", "TV_NEXT_INSPECTED_DATE": null, "LAST_INSPECTED_OK": null, "DATE_LAST_CLEANING_REQ": null, "DT_LAST_CLEANED": null, "INSPECTED_USER_ID": null, "CLEAN_USER_ID": null, "FURTHER_WORK_REQUIRED": "No", "FURTHERWORK_COMPLETED": "No", "WORK_ID": null, "PARALLEL_LINE_NO": null, "DISTANCE": 104, "MAP_TOOLTIP": "102.55 - 200 SAN n/a 1.10 % 1987 2", "HC_FID": null, "SUBAREA": "O16", "DEPTH_AT_PL": null, "DEPTH_AT_PL_BELOW_CL": null, "OFFSET_DIRECTION": null, "OFFSET_FROM_PL": null, "DIAMETER_INSIDE": 200, "NAMENUMBER": null, "TO_MAIN_FID": null, "PERMIT_NUMBER": null, "STREET_NAME": "W 26TH AV", "HUNDRED_BLOCK": "500", "HCORACLEID": null, "AS_BUILT": "Yes", "LASTUPDATE_iso": "2023-01-25", "INSTALLDATE_iso": "1987-01-01", "TV_LAST_INSPECTION_DATE_iso": "2022-09-27"}, "geometry": {"type": "LineString", "coordinates": [[-123.11798054189296, 49.24800024958886], [-123.116571889463, 49.247977815145866]]}}, {"type": "Feature", "properties": {"SHAPE_Length": 69.7075007877322, "OBJECTID": 136455841, "COV_SOURCE_KEY": "501291", "LASTUPDATE": 1767719746000, "TBFID": 501291, "UNIT_DESCRIPTION": null, "INSTALLDATE": 662716800000, "LANE_LOCATION": "blank", "PIPE_USE": "Main", "SERVICE_STATUS": "In Service", "EFFLUENT_TYPE": "Sanitary", "TB_LENGTH": 69.70750079, "GRADE": 1.99, "MATERIAL": "Vitrified Clay", "VALIDATION_DATE": null, "BUN": null, "UPSTREAM_INVERT": 69.84, "UPSTRM_INVERT_ESTIMATED": "No", "DWNSTREAM_INVERT": 68.45, "DNSTRM_INVERT_ESTIMATED": "No", "RAMP_TYPE": "Closed", "PIPE_SHAPE": "Round", "HEIGHT_MM": 0, "WIDTH_MM": 0, "SECTION_NAME": null, "FLOW_CATEGORY": "Gravity", "NORMAL_PRESSURE": 0, "LINING_MATERIAL": "blank", "ON_PILES": "No", "ON_SLAB": "No", "NFB_NOTATION": null, "DRAWING_NUMBER": "DB1378", "PP_NUMBER": "T56", "NFB_ELEVATION": 0, "NFB_TYPE": "blank", "WET_WEATHER_ONLY": "No", "REMARKS": "C/R", "LEGACY_ID": "__FJC2MN", "SOIL_TYPE": "M/CLAY", "SOIL_CONDITION": "blank", "TYPE_OF_FILL": null, "OWNEDBY": "COVAV", "OPERATOR": "COVAV", "UNIT_ID": "396621", "MAIN_KEY_1": 2768, "MAIN_COMP1": "30", "UNIT_ID_2": "396620", "MAIN_KEY_2": 2767, "MAIN_COMP2": 30, "COMPKEY": 389654, "MAIN_KEY": 29210, "COMPTYPE": 31, "UPDATED_BY": "XUG16", "ADDRESS_KEY": 148480, "TB_AREA": "CBC08", "DISTRICT": "1", "FACET_GRID": "P15", "CONSTRUCTION_TECHNIQUE": "unknown", "CONNECTN_TYPE": null, "CONNECTN_CONDITION": "{null}", "DATE_OF_PERMIT": null, "SPECIAL_INSTRUCTIONS": null, "TV_CONDITION": "Good/Fair", "TV_LAST_INSPECTION_DATE": 1415952000000, "TV_INCOMPLETE": "No", "TV_NEXT_INSPECTED_DATE": null, "LAST_INSPECTED_OK": null, "DATE_LAST_CLEANING_REQ": null, "DT_LAST_CLEANED": null, "INSPECTED_USER_ID": null, "CLEAN_USER_ID": null, "FURTHER_WORK_REQUIRED": "No", "FURTHERWORK_COMPLETED": "No", "WORK_ID": null, "PARALLEL_LINE_NO": null, "DISTANCE": 70.1, "MAP_TOOLTIP": "69.71 - 200 SAN n/a 1.99 % 1991 3", "HC_FID": null, "SUBAREA": "P15", "DEPTH_AT_PL": null, "DEPTH_AT_PL_BELOW_CL": null, "OFFSET_DIRECTION": null, "OFFSET_FROM_PL": null, "DIAMETER_INSIDE": 200, "NAMENUMBER": null, "TO_MAIN_FID": null, "PERMIT_NUMBER": null, "STREET_NAME": "E 22ND AV", "HUNDRED_BLOCK": "000", "HCORACLEID": null, "AS_BUILT": "Yes", "LASTUPDATE_iso": "2026-01-06", "INSTALLDATE_iso": "1991-01-01", "TV_LAST_INSPECTION_DATE_iso": "2014-11-14"}, "geometry": {"type": "LineString", "coordinates": [[-123.1039027378289, 49.250987221597505], [-123.10294515664829, 49.25097214825233]]}}, {"type": "Feature", "properties": {"SHAPE_Length": 134.09918969202582, "OBJECTID": 136455977, "COV_SOURCE_KEY": "502975", "LASTUPDATE": 1534577415000, "TBFID": 502975, "UNIT_DESCRIPTION": null, "INSTALLDATE": 788947200000, "LANE_LOCATION": "Lane North", "PIPE_USE": "Main", "SERVICE_STATUS": "In Service", "EFFLUENT_TYPE": "Sanitary", "TB_LENGTH": 134.1, "GRADE": 0.63, "MATERIAL": "Vitrified Clay", "VALIDATION_DATE": null, "BUN": null, "UPSTREAM_INVERT": 58.94, "UPSTRM_INVERT_ESTIMATED": "No", "DWNSTREAM_INVERT": 58.09, "DNSTRM_INVERT_ESTIMATED": "No", "RAMP_TYPE": null, "PIPE_SHAPE": "Round", "HEIGHT_MM": 0, "WIDTH_MM": 0, "SECTION_NAME": null, "FLOW_CATEGORY": "Gravity", "NORMAL_PRESSURE": 0, "LINING_MATERIAL": "blank", "ON_PILES": "No", "ON_SLAB": "No", "NFB_NOTATION": null, "DRAWING_NUMBER": null, "PP_NUMBER": "T51", "NFB_ELEVATION": 0, "NFB_TYPE": "blank", "WET_WEATHER_ONLY": "No", "REMARKS": null, "LEGACY_ID": "__FJCFBP", "SOIL_TYPE": "SCLAY/SAND", "SOIL_CONDITION": "blank", "TYPE_OF_FILL": null, "OWNEDBY": "COVAV", "OPERATOR": null, "UNIT_ID": "418954", "MAIN_KEY_1": 25197, "MAIN_COMP1": "30", "UNIT_ID_2": "402564", "MAIN_KEY_2": 9021, "MAIN_COMP2": 30, "COMPKEY": 391990, "MAIN_KEY": 31546, "COMPTYPE": 31, "UPDATED_BY": "ENHANMGETASK", "ADDRESS_KEY": 157366, "TB_AREA": "CBC07", "DISTRICT": "3", "FACET_GRID": "O15", "CONSTRUCTION_TECHNIQUE": "unknown", "CONNECTN_TYPE": null, "CONNECTN_CONDITION": "{null}", "DATE_OF_PERMIT": null, "SPECIAL_INSTRUCTIONS": null, "TV_CONDITION": "Good", "TV_LAST_INSPECTION_DATE": 1392710400000, "TV_INCOMPLETE": "No", "TV_NEXT_INSPECTED_DATE": null, "LAST_INSPECTED_OK": null, "DATE_LAST_CLEANING_REQ": null, "DT_LAST_CLEANED": null, "INSPECTED_USER_ID": null, "CLEAN_USER_ID": null, "FURTHER_WORK_REQUIRED": "No", "FURTHERWORK_COMPLETED": "No", "WORK_ID": null, "PARALLEL_LINE_NO": null, "DISTANCE": 134.3, "MAP_TOOLTIP": "134.1 - 250 SAN n/a 0.63 % 1995 2", "HC_FID": null, "SUBAREA": "O15", "DEPTH_AT_PL": null, "DEPTH_AT_PL_BELOW_CL": null, "OFFSET_DIRECTION": null, "OFFSET_FROM_PL": null, "DIAMETER_INSIDE": 250, "NAMENUMBER": null, "TO_MAIN_FID": null, "PERMIT_NUMBER": null, "STREET_NAME": "W 21ST AV", "HUNDRED_BLOCK": "400", "HCORACLEID": null, "AS_BUILT": "Yes", "LASTUPDATE_iso": "2018-08-18", "INSTALLDATE_iso": "1995-01-01", "TV_LAST_INSPECTION_DATE_iso": "2014-02-18"}, "geometry": {"type": "LineString", "coordinates": [[-123.11271605139767, 49.25245710887057], [-123.11455783509209, 49.25249568591541]]}}, {"type": "Feature", "properties": {"SHAPE_Length": 3.44812311238128, "OBJECTID": 136456189, "COV_SOURCE_KEY": "504521", "LASTUPDATE": 1729841422000, "TBFID": 504521, "UNIT_DESCRIPTION": null, "INSTALLDATE": 662716800000, "LANE_LOCATION": null, "PIPE_USE": "Main", "SERVICE_STATUS": "In Service", "EFFLUENT_TYPE": "Sanitary", "TB_LENGTH": 3.44812311, "GRADE": 0, "MATERIAL": "Vitrified Clay", "VALIDATION_DATE": null, "BUN": null, "UPSTREAM_INVERT": 0, "UPSTRM_INVERT_ESTIMATED": "No", "DWNSTREAM_INVERT": 0, "DNSTRM_INVERT_ESTIMATED": "No", "RAMP_TYPE": null, "PIPE_SHAPE": "blank", "HEIGHT_MM": 0, "WIDTH_MM": 0, "SECTION_NAME": null, "FLOW_CATEGORY": "Gravity", "NORMAL_PRESSURE": 0, "LINING_MATERIAL": "blank", "ON_PILES": "No", "ON_SLAB": "No", "NFB_NOTATION": null, "DRAWING_NUMBER": null, "PP_NUMBER": null, "NFB_ELEVATION": 0, "NFB_TYPE": "blank", "WET_WEATHER_ONLY": "No", "REMARKS": ".", "LEGACY_ID": "__FJCIO1", "SOIL_TYPE": "blank", "SOIL_CONDITION": "blank", "TYPE_OF_FILL": null, "OWNEDBY": "COVAV", "OPERATOR": "COVAV", "UNIT_ID": "2135951", "MAIN_KEY_1": 1582329, "MAIN_COMP1": "72", "UNIT_ID_2": "396621", "MAIN_KEY_2": 2768, "MAIN_COMP2": 30, "COMPKEY": 393366, "MAIN_KEY": 32922, "COMPTYPE": 31, "UPDATED_BY": "ENHANMGETASK", "ADDRESS_KEY": 148480, "TB_AREA": "CBC08", "DISTRICT": "1", "FACET_GRID": "P15", "CONSTRUCTION_TECHNIQUE": "unknown", "CONNECTN_TYPE": null, "CONNECTN_CONDITION": null, "DATE_OF_PERMIT": null, "SPECIAL_INSTRUCTIONS": null, "TV_CONDITION": "Very Good", "TV_LAST_INSPECTION_DATE": 1725519600000, "TV_INCOMPLETE": "No", "TV_NEXT_INSPECTED_DATE": null, "LAST_INSPECTED_OK": null, "DATE_LAST_CLEANING_REQ": null, "DT_LAST_CLEANED": null, "INSPECTED_USER_ID": null, "CLEAN_USER_ID": null, "FURTHER_WORK_REQUIRED": "No", "FURTHERWORK_COMPLETED": "No", "WORK_ID": null, "PARALLEL_LINE_NO": null, "DISTANCE": 0, "MAP_TOOLTIP": "3.45 - 200 SAN n/a 0.00 % 1991 1", "HC_FID": null, "SUBAREA": "P15", "DEPTH_AT_PL": null, "DEPTH_AT_PL_BELOW_CL": null, "OFFSET_DIRECTION": null, "OFFSET_FROM_PL": null, "DIAMETER_INSIDE": 200, "NAMENUMBER": null, "TO_MAIN_FID": null, "PERMIT_NUMBER": null, "STREET_NAME": "E 22ND AV", "HUNDRED_BLOCK": "000", "HCORACLEID": null, "AS_BUILT": "Yes", "LASTUPDATE_iso": "2024-10-25", "INSTALLDATE_iso": "1991-01-01", "TV_LAST_INSPECTION_DATE_iso": "2024-09-05"}, "geometry": {"type": "LineString", "coordinates": [[-123.1039501050368, 49.2509879705696], [-123.1039027378289, 49.250987221597505]]}}, {"type": "Feature", "properties": {"SHAPE_Length": 86.0767928355868, "OBJECTID": 136456462, "COV_SOURCE_KEY": "500789", "LASTUPDATE": 1720683034000, "TBFID": 500789, "UNIT_DESCRIPTION": "C/RMP", "INSTALLDATE": 757411200000, "LANE_LOCATION": null, "PIPE_USE": "Main", "SERVICE_STATUS": "In Service", "EFFLUENT_TYPE": "Sanitary", "TB_LENGTH": 86.08, "GRADE": 0.79, "MATERIAL": "Vitrified Clay", "VALIDATION_DATE": null, "BUN": null, "UPSTREAM_INVERT": 49.56, "UPSTRM_INVERT_ESTIMATED": "No", "DWNSTREAM_INVERT": 48.88, "DNSTRM_INVERT_ESTIMATED": "No", "RAMP_TYPE": "Closed", "PIPE_SHAPE": "Round", "HEIGHT_MM": 0, "WIDTH_MM": 0, "SECTION_NAME": null, "FLOW_CATEGORY": "Gravity", "NORMAL_PRESSURE": 0, "LINING_MATERIAL": "blank", "ON_PILES": "No", "ON_SLAB": "No", "NFB_NOTATION": null, "DRAWING_NUMBER": null, "PP_NUMBER": "L30", "NFB_ELEVATION": 0, "NFB_TYPE": "blank", "WET_WEATHER_ONLY": "No", "REMARKS": null, "LEGACY_ID": "__FJCF01", "SOIL_TYPE": "blank", "SOIL_CONDITION": "blank", "TYPE_OF_FILL": null, "OWNEDBY": "COVAV", "OPERATOR": "COVAV", "UNIT_ID": "426216", "MAIN_KEY_1": 32315, "MAIN_COMP1": "30", "UNIT_ID_2": "416250", "MAIN_KEY_2": 22636, "MAIN_COMP2": 30, "COMPKEY": 388887, "MAIN_KEY": 28443, "COMPTYPE": 31, "UPDATED_BY": "ENHANMGETASK", "ADDRESS_KEY": 154601, "TB_AREA": "CBC06", "DISTRICT": "3", "FACET_GRID": "N14", "CONSTRUCTION_TECHNIQUE": "unknown", "CONNECTN_TYPE": null, "CONNECTN_CONDITION": null, "DATE_OF_PERMIT": null, "SPECIAL_INSTRUCTIONS": null, "TV_CONDITION": "Good", "TV_LAST_INSPECTION_DATE": 1715065200000, "TV_INCOMPLETE": "No", "TV_NEXT_INSPECTED_DATE": null, "LAST_INSPECTED_OK": null, "DATE_LAST_CLEANING_REQ": null, "DT_LAST_CLEANED": null, "INSPECTED_USER_ID": null, "CLEAN_USER_ID": null, "FURTHER_WORK_REQUIRED": "No", "FURTHERWORK_COMPLETED": "No", "WORK_ID": null, "PARALLEL_LINE_NO": null, "DISTANCE": 86.3, "MAP_TOOLTIP": "86.08 - 200 SAN n/a 0.79 % 1994 2", "HC_FID": null, "SUBAREA": "N14", "DEPTH_AT_PL": null, "DEPTH_AT_PL_BELOW_CL": null, "OFFSET_DIRECTION": null, "OFFSET_FROM_PL": null, "DIAMETER_INSIDE": 200, "NAMENUMBER": null, "TO_MAIN_FID": null, "PERMIT_NUMBER": null, "STREET_NAME": "LAUREL ST", "HUNDRED_BLOCK": "3300", "HCORACLEID": null, "AS_BUILT": "Yes", "LASTUPDATE_iso": "2024-07-11", "INSTALLDATE_iso": "1994-01-01", "TV_LAST_INSPECTION_DATE_iso": "2024-05-07"}, "geometry": {"type": "LineString", "coordinates": [[-123.1244509064111, 49.25544831734463], [-123.12441343835147, 49.25622220742659]]}}, {"type": "Feature", "properties": {"SHAPE_Length": 112.56148147993619, "OBJECTID": 136456532, "COV_SOURCE_KEY": "505440", "LASTUPDATE": 1737754474000, "TBFID": 505440, "UNIT_DESCRIPTION": "481 W19TH DYED TO SEWER", "INSTALLDATE": 757411200000, "LANE_LOCATION": "Lane South", "PIPE_USE": "Main", "SERVICE_STATUS": "In Service", "EFFLUENT_TYPE": "Sanitary", "TB_LENGTH": 112.56, "GRADE": 1.21, "MATERIAL": "Polyvinyl Chloride", "VALIDATION_DATE": null, "BUN": null, "UPSTREAM_INVERT": 59.06, "UPSTRM_INVERT_ESTIMATED": "No", "DWNSTREAM_INVERT": 57.7, "DNSTRM_INVERT_ESTIMATED": "No", "RAMP_TYPE": null, "PIPE_SHAPE": "Round", "HEIGHT_MM": 0, "WIDTH_MM": 0, "SECTION_NAME": null, "FLOW_CATEGORY": "Gravity", "NORMAL_PRESSURE": 0, "LINING_MATERIAL": "blank", "ON_PILES": "No", "ON_SLAB": "No", "NFB_NOTATION": null, "DRAWING_NUMBER": "DB1539", "PP_NUMBER": "E31", "NFB_ELEVATION": 0, "NFB_TYPE": "blank", "WET_WEATHER_ONLY": "No", "REMARKS": null, "LEGACY_ID": "__FJCF29", "SOIL_TYPE": "SOFT CLAY", "SOIL_CONDITION": "blank", "TYPE_OF_FILL": null, "OWNEDBY": "COVAV", "OPERATOR": null, "UNIT_ID": "418744", "MAIN_KEY_1": 26307, "MAIN_COMP1": "30", "UNIT_ID_2": "418743", "MAIN_KEY_2": 26306, "MAIN_COMP2": 30, "COMPKEY": 395152, "MAIN_KEY": 34708, "COMPTYPE": 31, "UPDATED_BY": "XUG16", "ADDRESS_KEY": 154493, "TB_AREA": "CBC07", "DISTRICT": "3", "FACET_GRID": "O14", "CONSTRUCTION_TECHNIQUE": "unknown", "CONNECTN_TYPE": null, "CONNECTN_CONDITION": "{null}", "DATE_OF_PERMIT": null, "SPECIAL_INSTRUCTIONS": null, "TV_CONDITION": "Very Good", "TV_LAST_INSPECTION_DATE": 1654844400000, "TV_INCOMPLETE": "No", "TV_NEXT_INSPECTED_DATE": null, "LAST_INSPECTED_OK": null, "DATE_LAST_CLEANING_REQ": null, "DT_LAST_CLEANED": null, "INSPECTED_USER_ID": null, "CLEAN_USER_ID": null, "FURTHER_WORK_REQUIRED": "No", "FURTHERWORK_COMPLETED": "No", "WORK_ID": null, "PARALLEL_LINE_NO": null, "DISTANCE": 112.7, "MAP_TOOLTIP": "112.56 - 200 SAN n/a 1.21 % 1994 1", "HC_FID": null, "SUBAREA": "O14", "DEPTH_AT_PL": null, "DEPTH_AT_PL_BELOW_CL": null, "OFFSET_DIRECTION": null, "OFFSET_FROM_PL": null, "DIAMETER_INSIDE": 200, "NAMENUMBER": null, "TO_MAIN_FID": null, "PERMIT_NUMBER": null, "STREET_NAME": "W 18TH AV", "HUNDRED_BLOCK": "400", "HCORACLEID": null, "AS_BUILT": "Yes", "LASTUPDATE_iso": "2025-01-24", "INSTALLDATE_iso": "1994-01-01", "TV_LAST_INSPECTION_DATE_iso": "2022-06-10"}, "geometry": {"type": "LineString", "coordinates": [[-123.11428603532248, 49.25440986861507], [-123.11273955064507, 49.254388612103895]]}}, {"type": "Feature", "properties": {"SHAPE_Length": 18.32890394556319, "OBJECTID": 136456545, "COV_SOURCE_KEY": "504938", "LASTUPDATE": 1679988642000, "TBFID": 504938, "UNIT_DESCRIPTION": null, "INSTALLDATE": 1181199600000, "LANE_LOCATION": null, "PIPE_USE": "Main", "SERVICE_STATUS": "In Service", "EFFLUENT_TYPE": "Sanitary", "TB_LENGTH": 18.32890395, "GRADE": 2.18, "MATERIAL": "Polyvinyl Chloride", "VALIDATION_DATE": null, "BUN": null, "UPSTREAM_INVERT": 53.16, "UPSTRM_INVERT_ESTIMATED": "No", "DWNSTREAM_INVERT": 52.76, "DNSTRM_INVERT_ESTIMATED": "No", "RAMP_TYPE": null, "PIPE_SHAPE": "Round", "HEIGHT_MM": 0, "WIDTH_MM": 0, "SECTION_NAME": null, "FLOW_CATEGORY": "Gravity", "NORMAL_PRESSURE": 0, "LINING_MATERIAL": "blank", "ON_PILES": "No", "ON_SLAB": "No", "NFB_NOTATION": null, "DRAWING_NUMBER": null, "PP_NUMBER": null, "NFB_ELEVATION": 0, "NFB_TYPE": "blank", "WET_WEATHER_ONLY": "No", "REMARKS": null, "LEGACY_ID": "__FNJGFR", "SOIL_TYPE": "blank", "SOIL_CONDITION": "blank", "TYPE_OF_FILL": null, "OWNEDBY": "COVAV", "OPERATOR": null, "UNIT_ID": "410188", "MAIN_KEY_1": 16579, "MAIN_COMP1": "30", "UNIT_ID_2": "405457", "MAIN_KEY_2": 11628, "MAIN_COMP2": 30, "COMPKEY": 394676, "MAIN_KEY": 34232, "COMPTYPE": 31, "UPDATED_BY": "ENHANMGETASK", "ADDRESS_KEY": 147901, "TB_AREA": "CBC07", "DISTRICT": "3", "FACET_GRID": " ", "CONSTRUCTION_TECHNIQUE": "unknown", "CONNECTN_TYPE": null, "CONNECTN_CONDITION": "{null}", "DATE_OF_PERMIT": null, "SPECIAL_INSTRUCTIONS": null, "TV_CONDITION": "Very Good", "TV_LAST_INSPECTION_DATE": 1677052800000, "TV_INCOMPLETE": "No", "TV_NEXT_INSPECTED_DATE": null, "LAST_INSPECTED_OK": null, "DATE_LAST_CLEANING_REQ": null, "DT_LAST_CLEANED": null, "INSPECTED_USER_ID": null, "CLEAN_USER_ID": null, "FURTHER_WORK_REQUIRED": "No", "FURTHERWORK_COMPLETED": "No", "WORK_ID": null, "PARALLEL_LINE_NO": null, "DISTANCE": 17.62, "MAP_TOOLTIP": "18.33 - 300 SAN n/a 2.18 % 2007 1", "HC_FID": null, "SUBAREA": " ", "DEPTH_AT_PL": null, "DEPTH_AT_PL_BELOW_CL": null, "OFFSET_DIRECTION": null, "OFFSET_FROM_PL": null, "DIAMETER_INSIDE": 300, "NAMENUMBER": null, "TO_MAIN_FID": null, "PERMIT_NUMBER": null, "STREET_NAME": "ASH ST", "HUNDRED_BLOCK": "3600", "HCORACLEID": null, "AS_BUILT": "Yes", "LASTUPDATE_iso": "2023-03-28", "INSTALLDATE_iso": "2007-06-07", "TV_LAST_INSPECTION_DATE_iso": "2023-02-22"}, "geometry": {"type": "LineString", "coordinates": [[-123.11832986494952, 49.252480595235625], [-123.11854748445843, 49.252484177128316], [-123.11857371018723, 49.25249852458449]]}}, {"type": "Feature", "properties": {"SHAPE_Length": 26.97983315408144, "OBJECTID": 136457001, "COV_SOURCE_KEY": "507448", "LASTUPDATE": 1642149019000, "TBFID": 507448, "UNIT_DESCRIPTION": null, "INSTALLDATE": 1181199600000, "LANE_LOCATION": null, "PIPE_USE": "Main", "SERVICE_STATUS": "In Service", "EFFLUENT_TYPE": "Sanitary", "TB_LENGTH": 26.98, "GRADE": 4.71, "MATERIAL": "Polyvinyl Chloride", "VALIDATION_DATE": null, "BUN": null, "UPSTREAM_INVERT": 53.14, "UPSTRM_INVERT_ESTIMATED": "No", "DWNSTREAM_INVERT": 51.87, "DNSTRM_INVERT_ESTIMATED": "No", "RAMP_TYPE": null, "PIPE_SHAPE": "Round", "HEIGHT_MM": 0, "WIDTH_MM": 0, "SECTION_NAME": null, "FLOW_CATEGORY": "Gravity", "NORMAL_PRESSURE": 0, "LINING_MATERIAL": "blank", "ON_PILES": "No", "ON_SLAB": "No", "NFB_NOTATION": null, "DRAWING_NUMBER": null, "PP_NUMBER": null, "NFB_ELEVATION": 0, "NFB_TYPE": "blank", "WET_WEATHER_ONLY": "No", "REMARKS": null, "LEGACY_ID": "__FNJPHL", "SOIL_TYPE": "blank", "SOIL_CONDITION": "blank", "TYPE_OF_FILL": null, "OWNEDBY": "COVAV", "OPERATOR": " ", "UNIT_ID": "404517", "MAIN_KEY_1": 10256, "MAIN_COMP1": "30", "UNIT_ID_2": "403822", "MAIN_KEY_2": 11242, "MAIN_COMP2": 30, "COMPKEY": 397844, "MAIN_KEY": 37400, "COMPTYPE": 31, "UPDATED_BY": "ENHANMGETASK", "ADDRESS_KEY": 153701, "TB_AREA": "CBC07", "DISTRICT": "3", "FACET_GRID": "O14", "CONSTRUCTION_TECHNIQUE": "unknown", "CONNECTN_TYPE": null, "CONNECTN_CONDITION": null, "DATE_OF_PERMIT": null, "SPECIAL_INSTRUCTIONS": null, "TV_CONDITION": "Very Good", "TV_LAST_INSPECTION_DATE": 1639900800000, "TV_INCOMPLETE": "No", "TV_NEXT_INSPECTED_DATE": null, "LAST_INSPECTED_OK": null, "DATE_LAST_CLEANING_REQ": null, "DT_LAST_CLEANED": null, "INSPECTED_USER_ID": null, "CLEAN_USER_ID": null, "FURTHER_WORK_REQUIRED": "No", "FURTHERWORK_COMPLETED": "No", "WORK_ID": null, "PARALLEL_LINE_NO": null, "DISTANCE": 26.98, "MAP_TOOLTIP": "26.98 - 200 SAN n/a 4.71 % 2007 1", "HC_FID": null, "SUBAREA": "O14", "DEPTH_AT_PL": null, "DEPTH_AT_PL_BELOW_CL": null, "OFFSET_DIRECTION": null, "OFFSET_FROM_PL": null, "DIAMETER_INSIDE": 200, "NAMENUMBER": null, "TO_MAIN_FID": null, "PERMIT_NUMBER": null, "STREET_NAME": "W 18TH AV", "HUNDRED_BLOCK": "600", "HCORACLEID": null, "AS_BUILT": "Yes", "LASTUPDATE_iso": "2022-01-14", "INSTALLDATE_iso": "2007-06-07", "TV_LAST_INSPECTION_DATE_iso": "2021-12-19"}, "geometry": {"type": "LineString", "coordinates": [[-123.11821966092677, 49.255221021537956], [-123.11859033258445, 49.255215595348304]]}}, {"type": "Feature", "properties": {"SHAPE_Length": 103.78795099859904, "OBJECTID": 136457226, "COV_SOURCE_KEY": "503241", "LASTUPDATE": 1638992361000, "TBFID": 503241, "UNIT_DESCRIPTION": null, "INSTALLDATE": 788947200000, "LANE_LOCATION": "Lane East", "PIPE_USE": "Main", "SERVICE_STATUS": "In Service", "EFFLUENT_TYPE": "Sanitary", "TB_LENGTH": 103.79, "GRADE": 1.77, "MATERIAL": "Polyvinyl Chloride", "VALIDATION_DATE": null, "BUN": null, "UPSTREAM_INVERT": 63.62, "UPSTRM_INVERT_ESTIMATED": "No", "DWNSTREAM_INVERT": 61.78, "DNSTRM_INVERT_ESTIMATED": "No", "RAMP_TYPE": null, "PIPE_SHAPE": "Round", "HEIGHT_MM": 0, "WIDTH_MM": 0, "SECTION_NAME": null, "FLOW_CATEGORY": "Gravity", "NORMAL_PRESSURE": 0, "LINING_MATERIAL": "blank", "ON_PILES": "No", "ON_SLAB": "No", "NFB_NOTATION": null, "DRAWING_NUMBER": null, "PP_NUMBER": "T51", "NFB_ELEVATION": 0, "NFB_TYPE": "blank", "WET_WEATHER_ONLY": "No", "REMARKS": null, "LEGACY_ID": "__FJCFB2", "SOIL_TYPE": "SCLAY/SAND", "SOIL_CONDITION": "blank", "TYPE_OF_FILL": null, "OWNEDBY": "COVAV", "OPERATOR": null, "UNIT_ID": "403129", "MAIN_KEY_1": 9154, "MAIN_COMP1": "30", "UNIT_ID_2": "403045", "MAIN_KEY_2": 9142, "MAIN_COMP2": 30, "COMPKEY": 392081, "MAIN_KEY": 31637, "COMPTYPE": 31, "UPDATED_BY": "ENHANMGETASK", "ADDRESS_KEY": 151782, "TB_AREA": "CBC07", "DISTRICT": "3", "FACET_GRID": " ", "CONSTRUCTION_TECHNIQUE": "unknown", "CONNECTN_TYPE": null, "CONNECTN_CONDITION": "{null}", "DATE_OF_PERMIT": null, "SPECIAL_INSTRUCTIONS": null, "TV_CONDITION": "Poor", "TV_LAST_INSPECTION_DATE": 1633503600000, "TV_INCOMPLETE": "No", "TV_NEXT_INSPECTED_DATE": null, "LAST_INSPECTED_OK": null, "DATE_LAST_CLEANING_REQ": null, "DT_LAST_CLEANED": null, "INSPECTED_USER_ID": null, "CLEAN_USER_ID": null, "FURTHER_WORK_REQUIRED": "No", "FURTHERWORK_COMPLETED": "No", "WORK_ID": null, "PARALLEL_LINE_NO": null, "DISTANCE": 103.3, "MAP_TOOLTIP": "103.79 - 200 SAN n/a 1.77 % 1995 5", "HC_FID": null, "SUBAREA": " ", "DEPTH_AT_PL": null, "DEPTH_AT_PL_BELOW_CL": null, "OFFSET_DIRECTION": null, "OFFSET_FROM_PL": null, "DIAMETER_INSIDE": 200, "NAMENUMBER": null, "TO_MAIN_FID": null, "PERMIT_NUMBER": null, "STREET_NAME": "COLUMBIA ST", "HUNDRED_BLOCK": "3600", "HCORACLEID": null, "AS_BUILT": "Yes", "LASTUPDATE_iso": "2021-12-08", "INSTALLDATE_iso": "1995-01-01", "TV_LAST_INSPECTION_DATE_iso": "2021-10-06"}, "geometry": {"type": "LineString", "coordinates": [[-123.10834172327002, 49.25238102024517], [-123.10975769698139, 49.25240310732866], [-123.10976497039442, 49.25239878271122]]}}, {"type": "Feature", "properties": {"SHAPE_Length": 74.32935153783527, "OBJECTID": 136457229, "COV_SOURCE_KEY": "503244", "LASTUPDATE": 1638992339000, "TBFID": 503244, "UNIT_DESCRIPTION": null, "INSTALLDATE": 788947200000, "LANE_LOCATION": null, "PIPE_USE": "Main", "SERVICE_STATUS": "In Service", "EFFLUENT_TYPE": "Sanitary", "TB_LENGTH": 74.32935154, "GRADE": 3.05, "MATERIAL": "Polyvinyl Chloride", "VALIDATION_DATE": null, "BUN": null, "UPSTREAM_INVERT": 64.45, "UPSTRM_INVERT_ESTIMATED": "No", "DWNSTREAM_INVERT": 62.18, "DNSTRM_INVERT_ESTIMATED": "No", "RAMP_TYPE": null, "PIPE_SHAPE": "Round", "HEIGHT_MM": 0, "WIDTH_MM": 0, "SECTION_NAME": null, "FLOW_CATEGORY": "Gravity", "NORMAL_PRESSURE": 0, "LINING_MATERIAL": "blank", "ON_PILES": "No", "ON_SLAB": "No", "NFB_NOTATION": null, "DRAWING_NUMBER": null, "PP_NUMBER": "T51", "NFB_ELEVATION": 0, "NFB_TYPE": "blank", "WET_WEATHER_ONLY": "No", "REMARKS": null, "LEGACY_ID": "__FJCFB7", "SOIL_TYPE": "SCLAY/SAND", "SOIL_CONDITION": "blank", "TYPE_OF_FILL": null, "OWNEDBY": "COVAV", "OPERATOR": " ", "UNIT_ID": "403132", "MAIN_KEY_1": 9157, "MAIN_COMP1": "30", "UNIT_ID_2": "403131", "MAIN_KEY_2": 9156, "MAIN_COMP2": 30, "COMPKEY": 392084, "MAIN_KEY": 31640, "COMPTYPE": 31, "UPDATED_BY": "ENHANMGETASK", "ADDRESS_KEY": 153533, "TB_AREA": "CBC08", "DISTRICT": "1", "FACET_GRID": "P15", "CONSTRUCTION_TECHNIQUE": "unknown", "CONNECTN_TYPE": null, "CONNECTN_CONDITION": null, "DATE_OF_PERMIT": null, "SPECIAL_INSTRUCTIONS": null, "TV_CONDITION": "Good", "TV_LAST_INSPECTION_DATE": 1634108400000, "TV_INCOMPLETE": "No", "TV_NEXT_INSPECTED_DATE": null, "LAST_INSPECTED_OK": null, "DATE_LAST_CLEANING_REQ": null, "DT_LAST_CLEANED": null, "INSPECTED_USER_ID": null, "CLEAN_USER_ID": null, "FURTHER_WORK_REQUIRED": "No", "FURTHERWORK_COMPLETED": "No", "WORK_ID": null, "PARALLEL_LINE_NO": null, "DISTANCE": 74.6, "MAP_TOOLTIP": "74.33 - 200 SAN n/a 3.05 % 1995 2", "HC_FID": null, "SUBAREA": "P15", "DEPTH_AT_PL": null, "DEPTH_AT_PL_BELOW_CL": null, "OFFSET_DIRECTION": null, "OFFSET_FROM_PL": null, "DIAMETER_INSIDE": 200, "NAMENUMBER": null, "TO_MAIN_FID": null, "PERMIT_NUMBER": null, "STREET_NAME": "W 21ST AV", "HUNDRED_BLOCK": "000", "HCORACLEID": null, "AS_BUILT": "Yes", "LASTUPDATE_iso": "2021-12-08", "INSTALLDATE_iso": "1995-01-01", "TV_LAST_INSPECTION_DATE_iso": "2021-10-13"}, "geometry": {"type": "LineString", "coordinates": [[-123.10505475703006, 49.25231067274192], [-123.10607544543241, 49.25233553844279]]}}, {"type": "Feature", "properties": {"SHAPE_Length": 91.00002233427219, "OBJECTID": 136457230, "COV_SOURCE_KEY": "503245", "LASTUPDATE": 1756452626000, "TBFID": 503245, "UNIT_DESCRIPTION": null, "INSTALLDATE": 788947200000, "LANE_LOCATION": "Lane East", "PIPE_USE": "Main", "SERVICE_STATUS": "In Service", "EFFLUENT_TYPE": "Sanitary", "TB_LENGTH": 91.00002233, "GRADE": 0.47, "MATERIAL": "Polyvinyl Chloride", "VALIDATION_DATE": null, "BUN": null, "UPSTREAM_INVERT": 62.18, "UPSTRM_INVERT_ESTIMATED": "No", "DWNSTREAM_INVERT": 61.75, "DNSTRM_INVERT_ESTIMATED": "No", "RAMP_TYPE": null, "PIPE_SHAPE": "Round", "HEIGHT_MM": 0, "WIDTH_MM": 0, "SECTION_NAME": null, "FLOW_CATEGORY": "Gravity", "NORMAL_PRESSURE": 0, "LINING_MATERIAL": "blank", "ON_PILES": "No", "ON_SLAB": "No", "NFB_NOTATION": null, "DRAWING_NUMBER": null, "PP_NUMBER": "T51", "NFB_ELEVATION": 0, "NFB_TYPE": "blank", "WET_WEATHER_ONLY": "No", "REMARKS": null, "LEGACY_ID": "__FJCFB6", "SOIL_TYPE": "SCLAY/SAND", "SOIL_CONDITION": "blank", "TYPE_OF_FILL": null, "OWNEDBY": "COVAV", "OPERATOR": null, "UNIT_ID": "403131", "MAIN_KEY_1": 9156, "MAIN_COMP1": "30", "UNIT_ID_2": "1506053", "MAIN_KEY_2": 791258, "MAIN_COMP2": 30, "COMPKEY": 392085, "MAIN_KEY": 31641, "COMPTYPE": 31, "UPDATED_BY": "ENHANMGETASK", "ADDRESS_KEY": 155842, "TB_AREA": "CBC08", "DISTRICT": "1", "FACET_GRID": " ", "CONSTRUCTION_TECHNIQUE": "unknown", "CONNECTN_TYPE": null, "CONNECTN_CONDITION": "{null}", "DATE_OF_PERMIT": null, "SPECIAL_INSTRUCTIONS": null, "TV_CONDITION": "Good/Fair", "TV_LAST_INSPECTION_DATE": 1747724400000, "TV_INCOMPLETE": "No", "TV_NEXT_INSPECTED_DATE": null, "LAST_INSPECTED_OK": null, "DATE_LAST_CLEANING_REQ": null, "DT_LAST_CLEANED": null, "INSPECTED_USER_ID": null, "CLEAN_USER_ID": null, "FURTHER_WORK_REQUIRED": "No", "FURTHERWORK_COMPLETED": "No", "WORK_ID": null, "PARALLEL_LINE_NO": null, "DISTANCE": 90, "MAP_TOOLTIP": "91 - 200 SAN n/a 0.47 % 1995 3", "HC_FID": null, "SUBAREA": " ", "DEPTH_AT_PL": null, "DEPTH_AT_PL_BELOW_CL": null, "OFFSET_DIRECTION": null, "OFFSET_FROM_PL": null, "DIAMETER_INSIDE": 200, "NAMENUMBER": null, "TO_MAIN_FID": null, "PERMIT_NUMBER": null, "STREET_NAME": "MANITOBA ST", "HUNDRED_BLOCK": "3600", "HCORACLEID": null, "AS_BUILT": "Yes", "LASTUPDATE_iso": "2025-08-29", "INSTALLDATE_iso": "1995-01-01", "TV_LAST_INSPECTION_DATE_iso": "2025-05-20"}, "geometry": {"type": "LineString", "coordinates": [[-123.10607544543241, 49.25233553844279], [-123.10730639983413, 49.25235696174835], [-123.10732544726825, 49.25235775362626]]}}, {"type": "Feature", "properties": {"SHAPE_Length": 74.00457261417583, "OBJECTID": 136457516, "COV_SOURCE_KEY": "503247", "LASTUPDATE": 1638992356000, "TBFID": 503247, "UNIT_DESCRIPTION": "C/RAMP", "INSTALLDATE": 788947200000, "LANE_LOCATION": "Lane North", "PIPE_USE": "Main", "SERVICE_STATUS": "In Service", "EFFLUENT_TYPE": "Sanitary", "TB_LENGTH": 74.00457261, "GRADE": 2.88, "MATERIAL": "Polyvinyl Chloride", "VALIDATION_DATE": null, "BUN": null, "UPSTREAM_INVERT": 63.62, "UPSTRM_INVERT_ESTIMATED": "No", "DWNSTREAM_INVERT": 61.49, "DNSTRM_INVERT_ESTIMATED": "No", "RAMP_TYPE": null, "PIPE_SHAPE": "Round", "HEIGHT_MM": 0, "WIDTH_MM": 0, "SECTION_NAME": null, "FLOW_CATEGORY": "Gravity", "NORMAL_PRESSURE": 0, "LINING_MATERIAL": "blank", "ON_PILES": "No", "ON_SLAB": "No", "NFB_NOTATION": null, "DRAWING_NUMBER": null, "PP_NUMBER": "T51", "NFB_ELEVATION": 0, "NFB_TYPE": "blank", "WET_WEATHER_ONLY": "No", "REMARKS": null, "LEGACY_ID": "__FJCFB4", "SOIL_TYPE": "SCLAY/SAND", "SOIL_CONDITION": "blank", "TYPE_OF_FILL": null, "OWNEDBY": "COVAV", "OPERATOR": null, "UNIT_ID": "403129", "MAIN_KEY_1": 9154, "MAIN_COMP1": "30", "UNIT_ID_2": "1506053", "MAIN_KEY_2": 791258, "MAIN_COMP2": 30, "COMPKEY": 392087, "MAIN_KEY": 31643, "COMPTYPE": 31, "UPDATED_BY": "ENHANMGETASK", "ADDRESS_KEY": 155842, "TB_AREA": "CBC07", "DISTRICT": "3", "FACET_GRID": " ", "CONSTRUCTION_TECHNIQUE": "unknown", "CONNECTN_TYPE": null, "CONNECTN_CONDITION": "{null}", "DATE_OF_PERMIT": null, "SPECIAL_INSTRUCTIONS": null, "TV_CONDITION": "Very Good", "TV_LAST_INSPECTION_DATE": 1633503600000, "TV_INCOMPLETE": "No", "TV_NEXT_INSPECTED_DATE": null, "LAST_INSPECTED_OK": null, "DATE_LAST_CLEANING_REQ": null, "DT_LAST_CLEANED": null, "INSPECTED_USER_ID": null, "CLEAN_USER_ID": null, "FURTHER_WORK_REQUIRED": "No", "FURTHERWORK_COMPLETED": "No", "WORK_ID": null, "PARALLEL_LINE_NO": null, "DISTANCE": 75.5, "MAP_TOOLTIP": "74 - 200 SAN n/a 2.88 % 1995 1", "HC_FID": null, "SUBAREA": " ", "DEPTH_AT_PL": null, "DEPTH_AT_PL_BELOW_CL": null, "OFFSET_DIRECTION": null, "OFFSET_FROM_PL": null, "DIAMETER_INSIDE": 200, "NAMENUMBER": null, "TO_MAIN_FID": null, "PERMIT_NUMBER": null, "STREET_NAME": "MANITOBA ST", "HUNDRED_BLOCK": "3600", "HCORACLEID": null, "AS_BUILT": "Yes", "LASTUPDATE_iso": "2021-12-08", "INSTALLDATE_iso": "1995-01-01", "TV_LAST_INSPECTION_DATE_iso": "2021-10-06"}, "geometry": {"type": "LineString", "coordinates": [[-123.10834172327002, 49.25238102024517], [-123.10733102570113, 49.252357469592184], [-123.10732544726825, 49.25235775362626]]}}, {"type": "Feature", "properties": {"SHAPE_Length": 126.29147223889072, "OBJECTID": 136457537, "COV_SOURCE_KEY": "1593983", "LASTUPDATE": 1706344224000, "TBFID": 1593983, "UNIT_DESCRIPTION": "C/RMP", "INSTALLDATE": 631180800000, "LANE_LOCATION": null, "PIPE_USE": "Main", "SERVICE_STATUS": "In Service", "EFFLUENT_TYPE": "Sanitary", "TB_LENGTH": 126.29147224, "GRADE": 0.91, "MATERIAL": "Vitrified Clay", "VALIDATION_DATE": null, "BUN": null, "UPSTREAM_INVERT": 57.75, "UPSTRM_INVERT_ESTIMATED": "No", "DWNSTREAM_INVERT": 56.6, "DNSTRM_INVERT_ESTIMATED": "No", "RAMP_TYPE": null, "PIPE_SHAPE": "Round", "HEIGHT_MM": 0, "WIDTH_MM": 0, "SECTION_NAME": null, "FLOW_CATEGORY": "Gravity", "NORMAL_PRESSURE": 0, "LINING_MATERIAL": "blank", "ON_PILES": "No", "ON_SLAB": "No", "NFB_NOTATION": null, "DRAWING_NUMBER": null, "PP_NUMBER": "L25", "NFB_ELEVATION": 0, "NFB_TYPE": "blank", "WET_WEATHER_ONLY": "No", "REMARKS": null, "LEGACY_ID": "__FQTEG7", "SOIL_TYPE": "blank", "SOIL_CONDITION": "blank", "TYPE_OF_FILL": null, "OWNEDBY": "COVAV", "OPERATOR": "COVAV", "UNIT_ID": "1527034", "MAIN_KEY_1": 797078, "MAIN_COMP1": "30", "UNIT_ID_2": "423619", "MAIN_KEY_2": 29791, "MAIN_COMP2": 30, "COMPKEY": 838218, "MAIN_KEY": 51058, "COMPTYPE": 31, "UPDATED_BY": "ENHANMGETASK", "ADDRESS_KEY": 150424, "TB_AREA": "CBC07", "DISTRICT": "3", "FACET_GRID": "N15", "CONSTRUCTION_TECHNIQUE": "unknown", "CONNECTN_TYPE": null, "CONNECTN_CONDITION": "{null}", "DATE_OF_PERMIT": null, "SPECIAL_INSTRUCTIONS": null, "TV_CONDITION": "Good", "TV_LAST_INSPECTION_DATE": 1700812800000, "TV_INCOMPLETE": null, "TV_NEXT_INSPECTED_DATE": null, "LAST_INSPECTED_OK": null, "DATE_LAST_CLEANING_REQ": null, "DT_LAST_CLEANED": null, "INSPECTED_USER_ID": null, "CLEAN_USER_ID": null, "FURTHER_WORK_REQUIRED": "No", "FURTHERWORK_COMPLETED": "No", "WORK_ID": null, "PARALLEL_LINE_NO": "3", "DISTANCE": 130, "MAP_TOOLTIP": "126.29 - 200 SAN n/a 0.91 % 1990 2", "HC_FID": null, "SUBAREA": "N15", "DEPTH_AT_PL": null, "DEPTH_AT_PL_BELOW_CL": null, "OFFSET_DIRECTION": null, "OFFSET_FROM_PL": null, "DIAMETER_INSIDE": 200, "NAMENUMBER": null, "TO_MAIN_FID": null, "PERMIT_NUMBER": null, "STREET_NAME": "W 23RD AV", "HUNDRED_BLOCK": "800", "HCORACLEID": null, "AS_BUILT": "Yes", "LASTUPDATE_iso": "2024-01-27", "INSTALLDATE_iso": "1990-01-01", "TV_LAST_INSPECTION_DATE_iso": "2023-11-24"}, "geometry": {"type": "LineString", "coordinates": [[-123.12226183035963, 49.250729448497744], [-123.12397099760581, 49.2507681416735], [-123.123994509622, 49.25077405329227]]}}, {"type": "Feature", "properties": {"SHAPE_Length": 55.23466826327296, "OBJECTID": 136457617, "COV_SOURCE_KEY": "1460231", "LASTUPDATE": 1763022642000, "TBFID": 1460231, "UNIT_DESCRIPTION": null, "INSTALLDATE": 1196064000000, "LANE_LOCATION": "Lane West", "PIPE_USE": "Main", "SERVICE_STATUS": "In Service", "EFFLUENT_TYPE": "Sanitary", "TB_LENGTH": 55.23466826, "GRADE": 0.68, "MATERIAL": "Polyvinyl Chloride", "VALIDATION_DATE": null, "BUN": null, "UPSTREAM_INVERT": 66.5, "UPSTRM_INVERT_ESTIMATED": null, "DWNSTREAM_INVERT": 66.127, "DNSTRM_INVERT_ESTIMATED": null, "RAMP_TYPE": null, "PIPE_SHAPE": null, "HEIGHT_MM": null, "WIDTH_MM": null, "SECTION_NAME": null, "FLOW_CATEGORY": "Gravity", "NORMAL_PRESSURE": null, "LINING_MATERIAL": null, "ON_PILES": null, "ON_SLAB": null, "NFB_NOTATION": null, "DRAWING_NUMBER": "DB2547", "PP_NUMBER": null, "NFB_ELEVATION": null, "NFB_TYPE": null, "WET_WEATHER_ONLY": null, "REMARKS": null, "LEGACY_ID": "__FPGZIX", "SOIL_TYPE": null, "SOIL_CONDITION": null, "TYPE_OF_FILL": null, "OWNEDBY": "COVAV", "OPERATOR": "COVAV", "UNIT_ID": "1460120", "MAIN_KEY_1": 782662, "MAIN_COMP1": "30", "UNIT_ID_2": "400815", "MAIN_KEY_2": 7061, "MAIN_COMP2": 30, "COMPKEY": 782680, "MAIN_KEY": 42137, "COMPTYPE": 31, "UPDATED_BY": "ENHANMGETASK", "ADDRESS_KEY": 152945, "TB_AREA": "CBC06", "DISTRICT": "3", "FACET_GRID": "N17", "CONSTRUCTION_TECHNIQUE": null, "CONNECTN_TYPE": null, "CONNECTN_CONDITION": null, "DATE_OF_PERMIT": null, "SPECIAL_INSTRUCTIONS": null, "TV_CONDITION": "Very Good", "TV_LAST_INSPECTION_DATE": 1756882800000, "TV_INCOMPLETE": null, "TV_NEXT_INSPECTED_DATE": null, "LAST_INSPECTED_OK": null, "DATE_LAST_CLEANING_REQ": null, "DT_LAST_CLEANED": null, "INSPECTED_USER_ID": null, "CLEAN_USER_ID": null, "FURTHER_WORK_REQUIRED": "No", "FURTHERWORK_COMPLETED": "No", "WORK_ID": null, "PARALLEL_LINE_NO": null, "DISTANCE": null, "MAP_TOOLTIP": "55.23 - 450 SAN  0.68 % 2007 1", "HC_FID": null, "SUBAREA": "N17", "DEPTH_AT_PL": null, "DEPTH_AT_PL_BELOW_CL": null, "OFFSET_DIRECTION": null, "OFFSET_FROM_PL": null, "DIAMETER_INSIDE": 450, "NAMENUMBER": null, "TO_MAIN_FID": null, "PERMIT_NUMBER": null, "STREET_NAME": "OAK ST", "HUNDRED_BLOCK": "4600", "HCORACLEID": null, "AS_BUILT": null, "LASTUPDATE_iso": "2025-11-13", "INSTALLDATE_iso": "2007-11-26", "TV_LAST_INSPECTION_DATE_iso": "2025-09-03"}, "geometry": {"type": "LineString", "coordinates": [[-123.12848431061903, 49.24352693232913], [-123.12846434470764, 49.244023608633654]]}}, {"type": "Feature", "properties": {"SHAPE_Length": 84.40680674516209, "OBJECTID": 136458149, "COV_SOURCE_KEY": "503171", "LASTUPDATE": 1761291037000, "TBFID": 503171, "UNIT_DESCRIPTION": null, "INSTALLDATE": 94723200000, "LANE_LOCATION": null, "PIPE_USE": "Main", "SERVICE_STATUS": "In Service", "EFFLUENT_TYPE": "Sanitary", "TB_LENGTH": 84.41, "GRADE": 3.04, "MATERIAL": "Vitrified Clay", "VALIDATION_DATE": null, "BUN": null, "UPSTREAM_INVERT": 78.3, "UPSTRM_INVERT_ESTIMATED": "No", "DWNSTREAM_INVERT": 75.73, "DNSTRM_INVERT_ESTIMATED": "No", "RAMP_TYPE": null, "PIPE_SHAPE": "Round", "HEIGHT_MM": 0, "WIDTH_MM": 0, "SECTION_NAME": null, "FLOW_CATEGORY": "Gravity", "NORMAL_PRESSURE": 0, "LINING_MATERIAL": "blank", "ON_PILES": "No", "ON_SLAB": "No", "NFB_NOTATION": null, "DRAWING_NUMBER": null, "PP_NUMBER": "T90", "NFB_ELEVATION": 0, "NFB_TYPE": "blank", "WET_WEATHER_ONLY": "No", "REMARKS": null, "LEGACY_ID": "__FJC0BC", "SOIL_TYPE": "blank", "SOIL_CONDITION": "blank", "TYPE_OF_FILL": null, "OWNEDBY": "COVAV", "OPERATOR": " ", "UNIT_ID": "410007", "MAIN_KEY_1": 16542, "MAIN_COMP1": "30", "UNIT_ID_2": "410014", "MAIN_KEY_2": 16549, "MAIN_COMP2": 30, "COMPKEY": 391763, "MAIN_KEY": 31319, "COMPTYPE": 31, "UPDATED_BY": "ENHANMGETASK", "ADDRESS_KEY": 149380, "TB_AREA": "CBC06", "DISTRICT": "3", "FACET_GRID": "N17", "CONSTRUCTION_TECHNIQUE": "unknown", "CONNECTN_TYPE": null, "CONNECTN_CONDITION": null, "DATE_OF_PERMIT": null, "SPECIAL_INSTRUCTIONS": null, "TV_CONDITION": "Good", "TV_LAST_INSPECTION_DATE": 1755586800000, "TV_INCOMPLETE": "No", "TV_NEXT_INSPECTED_DATE": null, "LAST_INSPECTED_OK": null, "DATE_LAST_CLEANING_REQ": null, "DT_LAST_CLEANED": null, "INSPECTED_USER_ID": null, "CLEAN_USER_ID": null, "FURTHER_WORK_REQUIRED": "No", "FURTHERWORK_COMPLETED": "No", "WORK_ID": null, "PARALLEL_LINE_NO": null, "DISTANCE": 84.4, "MAP_TOOLTIP": "84.41 - 250 SAN n/a 3.04 % 1973 2", "HC_FID": null, "SUBAREA": "N17", "DEPTH_AT_PL": null, "DEPTH_AT_PL_BELOW_CL": null, "OFFSET_DIRECTION": null, "OFFSET_FROM_PL": null, "DIAMETER_INSIDE": 250, "NAMENUMBER": null, "TO_MAIN_FID": null, "PERMIT_NUMBER": null, "STREET_NAME": "W 33RD AV", "HUNDRED_BLOCK": "800", "HCORACLEID": null, "AS_BUILT": "Yes", "LASTUPDATE_iso": "2025-10-24", "INSTALLDATE_iso": "1973-01-01", "TV_LAST_INSPECTION_DATE_iso": "2025-08-19"}, "geometry": {"type": "LineString", "coordinates": [[-123.12353882685464, 49.24124010535955], [-123.12469628133107, 49.24128642869736]]}}, {"type": "Feature", "properties": {"SHAPE_Length": 68.61353767324236, "OBJECTID": 136458362, "COV_SOURCE_KEY": "501001", "LASTUPDATE": 1651735828000, "TBFID": 501001, "UNIT_DESCRIPTION": null, "INSTALLDATE": 536486400000, "LANE_LOCATION": "Lane South", "PIPE_USE": "Main", "SERVICE_STATUS": "In Service", "EFFLUENT_TYPE": "Sanitary", "TB_LENGTH": 68.61353767, "GRADE": 1.69, "MATERIAL": "Polyvinyl Chloride", "VALIDATION_DATE": null, "BUN": null, "UPSTREAM_INVERT": 58.63, "UPSTRM_INVERT_ESTIMATED": "No", "DWNSTREAM_INVERT": 57.47, "DNSTRM_INVERT_ESTIMATED": "No", "RAMP_TYPE": null, "PIPE_SHAPE": "Round", "HEIGHT_MM": 0, "WIDTH_MM": 0, "SECTION_NAME": null, "FLOW_CATEGORY": "Gravity", "NORMAL_PRESSURE": 0, "LINING_MATERIAL": "blank", "ON_PILES": "No", "ON_SLAB": "No", "NFB_NOTATION": null, "DRAWING_NUMBER": null, "PP_NUMBER": "E31", "NFB_ELEVATION": 0, "NFB_TYPE": "blank", "WET_WEATHER_ONLY": "No", "REMARKS": null, "LEGACY_ID": "__FJCD0E", "SOIL_TYPE": "SOFT CLAY", "SOIL_CONDITION": "blank", "TYPE_OF_FILL": null, "OWNEDBY": "COVAV", "OPERATOR": null, "UNIT_ID": "410222", "MAIN_KEY_1": 16973, "MAIN_COMP1": "30", "UNIT_ID_2": "1452485", "MAIN_KEY_2": 781074, "MAIN_COMP2": 30, "COMPKEY": 388395, "MAIN_KEY": 27951, "COMPTYPE": 31, "UPDATED_BY": "ENHANMGETASK", "ADDRESS_KEY": 149265, "TB_AREA": "CBC07", "DISTRICT": "3", "FACET_GRID": "P14", "CONSTRUCTION_TECHNIQUE": "unknown", "CONNECTN_TYPE": null, "CONNECTN_CONDITION": "{null}", "DATE_OF_PERMIT": null, "SPECIAL_INSTRUCTIONS": null, "TV_CONDITION": "Very Good", "TV_LAST_INSPECTION_DATE": 1648537200000, "TV_INCOMPLETE": "No", "TV_NEXT_INSPECTED_DATE": null, "LAST_INSPECTED_OK": null, "DATE_LAST_CLEANING_REQ": null, "DT_LAST_CLEANED": null, "INSPECTED_USER_ID": null, "CLEAN_USER_ID": null, "FURTHER_WORK_REQUIRED": "No", "FURTHERWORK_COMPLETED": "No", "WORK_ID": null, "PARALLEL_LINE_NO": null, "DISTANCE": 70.2, "MAP_TOOLTIP": "68.61 - 200 SAN n/a 1.69 % 1987 1", "HC_FID": null, "SUBAREA": "P14", "DEPTH_AT_PL": null, "DEPTH_AT_PL_BELOW_CL": null, "OFFSET_DIRECTION": null, "OFFSET_FROM_PL": null, "DIAMETER_INSIDE": 200, "NAMENUMBER": null, "TO_MAIN_FID": null, "PERMIT_NUMBER": null, "STREET_NAME": "W 18TH AV", "HUNDRED_BLOCK": "000", "HCORACLEID": null, "AS_BUILT": "Yes", "LASTUPDATE_iso": "2022-05-05", "INSTALLDATE_iso": "1987-01-01", "TV_LAST_INSPECTION_DATE_iso": "2022-03-29"}, "geometry": {"type": "LineString", "coordinates": [[-123.10819160952671, 49.25428555747094], [-123.10724883061911, 49.254276145930945]]}}, {"type": "Feature", "properties": {"SHAPE_Length": 52.50109088434839, "OBJECTID": 136458378, "COV_SOURCE_KEY": "505229", "LASTUPDATE": 1683876628000, "TBFID": 505229, "UNIT_DESCRIPTION": "SOME ROCKS", "INSTALLDATE": 694252800000, "LANE_LOCATION": null, "PIPE_USE": "Main", "SERVICE_STATUS": "In Service", "EFFLUENT_TYPE": "Sanitary", "TB_LENGTH": 52.5, "GRADE": 2.17, "MATERIAL": "Polyvinyl Chloride", "VALIDATION_DATE": null, "BUN": null, "UPSTREAM_INVERT": 51.85, "UPSTRM_INVERT_ESTIMATED": "No", "DWNSTREAM_INVERT": 50.71, "DNSTRM_INVERT_ESTIMATED": "No", "RAMP_TYPE": null, "PIPE_SHAPE": "Round", "HEIGHT_MM": 0, "WIDTH_MM": 0, "SECTION_NAME": null, "FLOW_CATEGORY": "Gravity", "NORMAL_PRESSURE": 0, "LINING_MATERIAL": "blank", "ON_PILES": "No", "ON_SLAB": "No", "NFB_NOTATION": null, "DRAWING_NUMBER": null, "PP_NUMBER": "S135", "NFB_ELEVATION": 0, "NFB_TYPE": "blank", "WET_WEATHER_ONLY": "No", "REMARKS": null, "LEGACY_ID": "__FJC3QJ", "SOIL_TYPE": "BLUE CLAY", "SOIL_CONDITION": "blank", "TYPE_OF_FILL": null, "OWNEDBY": "COVAV", "OPERATOR": " ", "UNIT_ID": "132302", "MAIN_KEY_1": 355102, "MAIN_COMP1": "32", "UNIT_ID_2": "397493", "MAIN_KEY_2": 3640, "MAIN_COMP2": 30, "COMPKEY": 394222, "MAIN_KEY": 33778, "COMPTYPE": 31, "UPDATED_BY": "ENHANMGETASK", "ADDRESS_KEY": 150364, "TB_AREA": "CBC06", "DISTRICT": "3", "FACET_GRID": "N14", "CONSTRUCTION_TECHNIQUE": "unknown", "CONNECTN_TYPE": null, "CONNECTN_CONDITION": null, "DATE_OF_PERMIT": null, "SPECIAL_INSTRUCTIONS": null, "TV_CONDITION": "Good", "TV_LAST_INSPECTION_DATE": 1680332400000, "TV_INCOMPLETE": "No", "TV_NEXT_INSPECTED_DATE": null, "LAST_INSPECTED_OK": null, "DATE_LAST_CLEANING_REQ": null, "DT_LAST_CLEANED": null, "INSPECTED_USER_ID": null, "CLEAN_USER_ID": null, "FURTHER_WORK_REQUIRED": "No", "FURTHERWORK_COMPLETED": "No", "WORK_ID": null, "PARALLEL_LINE_NO": null, "DISTANCE": 52.7, "MAP_TOOLTIP": "52.5 - 200 SAN n/a 2.17 % 1992 2", "HC_FID": null, "SUBAREA": "N14", "DEPTH_AT_PL": null, "DEPTH_AT_PL_BELOW_CL": null, "OFFSET_DIRECTION": null, "OFFSET_FROM_PL": null, "DIAMETER_INSIDE": 200, "NAMENUMBER": null, "TO_MAIN_FID": null, "PERMIT_NUMBER": null, "STREET_NAME": "W 17TH AV", "HUNDRED_BLOCK": "900", "HCORACLEID": null, "AS_BUILT": "Yes", "LASTUPDATE_iso": "2023-05-12", "INSTALLDATE_iso": "1992-01-01", "TV_LAST_INSPECTION_DATE_iso": "2023-04-01"}, "geometry": {"type": "LineString", "coordinates": [[-123.12650925472474, 49.25626190329582], [-123.12578801189218, 49.25624930588951]]}}, {"type": "Feature", "properties": {"SHAPE_Length": 35.00077886194196, "OBJECTID": 136458445, "COV_SOURCE_KEY": "505146", "LASTUPDATE": 1735946312000, "TBFID": 505146, "UNIT_DESCRIPTION": null, "INSTALLDATE": 1181199600000, "LANE_LOCATION": null, "PIPE_USE": "Main", "SERVICE_STATUS": "In Service", "EFFLUENT_TYPE": "Sanitary", "TB_LENGTH": 35.00077886, "GRADE": 2.49, "MATERIAL": "Polyvinyl Chloride", "VALIDATION_DATE": null, "BUN": null, "UPSTREAM_INVERT": 54.081, "UPSTRM_INVERT_ESTIMATED": "No", "DWNSTREAM_INVERT": 53.21, "DNSTRM_INVERT_ESTIMATED": "No", "RAMP_TYPE": null, "PIPE_SHAPE": "Round", "HEIGHT_MM": 0, "WIDTH_MM": 0, "SECTION_NAME": null, "FLOW_CATEGORY": "Gravity", "NORMAL_PRESSURE": 0, "LINING_MATERIAL": "blank", "ON_PILES": "No", "ON_SLAB": "No", "NFB_NOTATION": null, "DRAWING_NUMBER": "DB2441", "PP_NUMBER": null, "NFB_ELEVATION": 0, "NFB_TYPE": "blank", "WET_WEATHER_ONLY": "No", "REMARKS": null, "LEGACY_ID": "__FNJGFG", "SOIL_TYPE": "blank", "SOIL_CONDITION": "blank", "TYPE_OF_FILL": null, "OWNEDBY": "COVAV", "OPERATOR": " ", "UNIT_ID": "410107", "MAIN_KEY_1": 16570, "MAIN_COMP1": "30", "UNIT_ID_2": "410188", "MAIN_KEY_2": 16579, "MAIN_COMP2": 30, "COMPKEY": 394750, "MAIN_KEY": 34306, "COMPTYPE": 31, "UPDATED_BY": "XUG16", "ADDRESS_KEY": 147901, "TB_AREA": "CBC07", "DISTRICT": "3", "FACET_GRID": "O15", "CONSTRUCTION_TECHNIQUE": "unknown", "CONNECTN_TYPE": null, "CONNECTN_CONDITION": null, "DATE_OF_PERMIT": null, "SPECIAL_INSTRUCTIONS": null, "TV_CONDITION": "Very Good", "TV_LAST_INSPECTION_DATE": 1677052800000, "TV_INCOMPLETE": "No", "TV_NEXT_INSPECTED_DATE": null, "LAST_INSPECTED_OK": null, "DATE_LAST_CLEANING_REQ": null, "DT_LAST_CLEANED": null, "INSPECTED_USER_ID": null, "CLEAN_USER_ID": null, "FURTHER_WORK_REQUIRED": "No", "FURTHERWORK_COMPLETED": "No", "WORK_ID": null, "PARALLEL_LINE_NO": null, "DISTANCE": 34.83, "MAP_TOOLTIP": "35 - 200 SAN n/a 2.49 % 2007 1", "HC_FID": null, "SUBAREA": "O15", "DEPTH_AT_PL": null, "DEPTH_AT_PL_BELOW_CL": null, "OFFSET_DIRECTION": null, "OFFSET_FROM_PL": null, "DIAMETER_INSIDE": 200, "NAMENUMBER": null, "TO_MAIN_FID": null, "PERMIT_NUMBER": null, "STREET_NAME": "ASH ST", "HUNDRED_BLOCK": "3600", "HCORACLEID": null, "AS_BUILT": "Yes", "LASTUPDATE_iso": "2025-01-03", "INSTALLDATE_iso": "2007-06-07", "TV_LAST_INSPECTION_DATE_iso": "2023-02-22"}, "geometry": {"type": "LineString", "coordinates": [[-123.11832187769285, 49.252795391283165], [-123.11832986494952, 49.252480595235625]]}}, {"type": "Feature", "properties": {"SHAPE_Length": 82.50253077377998, "OBJECTID": 136458879, "COV_SOURCE_KEY": "513495", "LASTUPDATE": 1638992370000, "TBFID": 513495, "UNIT_DESCRIPTION": null, "INSTALLDATE": 599644800000, "LANE_LOCATION": null, "PIPE_USE": "Main", "SERVICE_STATUS": "In Service", "EFFLUENT_TYPE": "Sanitary", "TB_LENGTH": 82.5, "GRADE": 5.1, "MATERIAL": "Vitrified Clay", "VALIDATION_DATE": null, "BUN": null, "UPSTREAM_INVERT": 65.41, "UPSTRM_INVERT_ESTIMATED": "No", "DWNSTREAM_INVERT": 61.2, "DNSTRM_INVERT_ESTIMATED": "No", "RAMP_TYPE": null, "PIPE_SHAPE": "Round", "HEIGHT_MM": 0, "WIDTH_MM": 0, "SECTION_NAME": null, "FLOW_CATEGORY": "Gravity", "NORMAL_PRESSURE": 0, "LINING_MATERIAL": "blank", "ON_PILES": "No", "ON_SLAB": "No", "NFB_NOTATION": null, "DRAWING_NUMBER": null, "PP_NUMBER": "T125", "NFB_ELEVATION": 0, "NFB_TYPE": "blank", "WET_WEATHER_ONLY": "No", "REMARKS": null, "LEGACY_ID": "__FJC2GA", "SOIL_TYPE": "blank", "SOIL_CONDITION": "blank", "TYPE_OF_FILL": null, "OWNEDBY": "COVAV", "OPERATOR": " ", "UNIT_ID": "411899", "MAIN_KEY_1": 17783, "MAIN_COMP1": "30", "UNIT_ID_2": "411897", "MAIN_KEY_2": 17781, "MAIN_COMP2": 30, "COMPKEY": 379995, "MAIN_KEY": 19551, "COMPTYPE": 31, "UPDATED_BY": "ENHANMGETASK", "ADDRESS_KEY": 156474, "TB_AREA": "CBC06", "DISTRICT": "3", "FACET_GRID": "N15", "CONSTRUCTION_TECHNIQUE": "unknown", "CONNECTN_TYPE": null, "CONNECTN_CONDITION": null, "DATE_OF_PERMIT": null, "SPECIAL_INSTRUCTIONS": null, "TV_CONDITION": "Very Good", "TV_LAST_INSPECTION_DATE": 1634022000000, "TV_INCOMPLETE": "No", "TV_NEXT_INSPECTED_DATE": null, "LAST_INSPECTED_OK": null, "DATE_LAST_CLEANING_REQ": null, "DT_LAST_CLEANED": null, "INSPECTED_USER_ID": null, "CLEAN_USER_ID": null, "FURTHER_WORK_REQUIRED": "No", "FURTHERWORK_COMPLETED": "No", "WORK_ID": null, "PARALLEL_LINE_NO": null, "DISTANCE": 82.4, "MAP_TOOLTIP": "82.5 - 200 SAN n/a 5.10 % 1989 1", "HC_FID": null, "SUBAREA": "N15", "DEPTH_AT_PL": null, "DEPTH_AT_PL_BELOW_CL": null, "OFFSET_DIRECTION": null, "OFFSET_FROM_PL": null, "DIAMETER_INSIDE": 200, "NAMENUMBER": null, "TO_MAIN_FID": null, "PERMIT_NUMBER": null, "STREET_NAME": "W 22ND AV", "HUNDRED_BLOCK": "900", "HCORACLEID": null, "AS_BUILT": "Yes", "LASTUPDATE_iso": "2021-12-08", "INSTALLDATE_iso": "1989-01-01", "TV_LAST_INSPECTION_DATE_iso": "2021-10-12"}, "geometry": {"type": "LineString", "coordinates": [[-123.12710792861203, 49.25173626255766], [-123.12597450291058, 49.25172016115895]]}}, {"type": "Feature", "properties": {"SHAPE_Length": 123.8703067122756, "OBJECTID": 136459171, "COV_SOURCE_KEY": "513501", "LASTUPDATE": 1663745430000, "TBFID": 513501, "UNIT_DESCRIPTION": "200 X 200 WYE REVERSED", "INSTALLDATE": 757411200000, "LANE_LOCATION": "Lane West", "PIPE_USE": "Main", "SERVICE_STATUS": "In Service", "EFFLUENT_TYPE": "Sanitary", "TB_LENGTH": 123.87, "GRADE": 0.55, "MATERIAL": "Polyvinyl Chloride", "VALIDATION_DATE": null, "BUN": null, "UPSTREAM_INVERT": 51.82, "UPSTRM_INVERT_ESTIMATED": "No", "DWNSTREAM_INVERT": 51.14, "DNSTRM_INVERT_ESTIMATED": "No", "RAMP_TYPE": null, "PIPE_SHAPE": "Round", "HEIGHT_MM": 0, "WIDTH_MM": 0, "SECTION_NAME": null, "FLOW_CATEGORY": "Gravity", "NORMAL_PRESSURE": 0, "LINING_MATERIAL": "blank", "ON_PILES": "No", "ON_SLAB": "No", "NFB_NOTATION": null, "DRAWING_NUMBER": null, "PP_NUMBER": "S39", "NFB_ELEVATION": 0, "NFB_TYPE": "blank", "WET_WEATHER_ONLY": "No", "REMARKS": null, "LEGACY_ID": "__FJCF1S", "SOIL_TYPE": "SCLAY/SAND", "SOIL_CONDITION": "blank", "TYPE_OF_FILL": null, "OWNEDBY": "COVAV", "OPERATOR": null, "UNIT_ID": "408484", "MAIN_KEY_1": 14655, "MAIN_COMP1": "30", "UNIT_ID_2": "408485", "MAIN_KEY_2": 14656, "MAIN_COMP2": 30, "COMPKEY": 380276, "MAIN_KEY": 19832, "COMPTYPE": 31, "UPDATED_BY": "ENHANMGETASK", "ADDRESS_KEY": 157138, "TB_AREA": "CBC07", "DISTRICT": "3", "FACET_GRID": " ", "CONSTRUCTION_TECHNIQUE": "unknown", "CONNECTN_TYPE": null, "CONNECTN_CONDITION": "{null}", "DATE_OF_PERMIT": null, "SPECIAL_INSTRUCTIONS": null, "TV_CONDITION": "Very Good", "TV_LAST_INSPECTION_DATE": 1654930800000, "TV_INCOMPLETE": "No", "TV_NEXT_INSPECTED_DATE": null, "LAST_INSPECTED_OK": null, "DATE_LAST_CLEANING_REQ": null, "DT_LAST_CLEANED": null, "INSPECTED_USER_ID": null, "CLEAN_USER_ID": null, "FURTHER_WORK_REQUIRED": "No", "FURTHERWORK_COMPLETED": "No", "WORK_ID": null, "PARALLEL_LINE_NO": null, "DISTANCE": 123.8, "MAP_TOOLTIP": "123.87 - 200 SAN n/a 0.55 % 1994 1", "HC_FID": null, "SUBAREA": " ", "DEPTH_AT_PL": null, "DEPTH_AT_PL_BELOW_CL": null, "OFFSET_DIRECTION": null, "OFFSET_FROM_PL": null, "DIAMETER_INSIDE": 200, "NAMENUMBER": null, "TO_MAIN_FID": null, "PERMIT_NUMBER": null, "STREET_NAME": "YUKON ST", "HUNDRED_BLOCK": "3200", "HCORACLEID": null, "AS_BUILT": "Yes", "LASTUPDATE_iso": "2022-09-21", "INSTALLDATE_iso": "1994-01-01", "TV_LAST_INSPECTION_DATE_iso": "2022-06-11"}, "geometry": {"type": "LineString", "coordinates": [[-123.11438578613199, 49.25634147532723], [-123.11269408658796, 49.25630588856867], [-123.11268695028332, 49.25631021323377]]}}, {"type": "Feature", "properties": {"SHAPE_Length": 78.92412868110604, "OBJECTID": 136459268, "COV_SOURCE_KEY": "505776", "LASTUPDATE": 1537860619000, "TBFID": 505776, "UNIT_DESCRIPTION": null, "INSTALLDATE": 599644800000, "LANE_LOCATION": null, "PIPE_USE": "Main", "SERVICE_STATUS": "In Service", "EFFLUENT_TYPE": "Sanitary", "TB_LENGTH": 78.92, "GRADE": 8.05, "MATERIAL": "Vitrified Clay", "VALIDATION_DATE": null, "BUN": null, "UPSTREAM_INVERT": 64.69, "UPSTRM_INVERT_ESTIMATED": "No", "DWNSTREAM_INVERT": 58.34, "DNSTRM_INVERT_ESTIMATED": "No", "RAMP_TYPE": null, "PIPE_SHAPE": "Round", "HEIGHT_MM": 0, "WIDTH_MM": 0, "SECTION_NAME": null, "FLOW_CATEGORY": "Gravity", "NORMAL_PRESSURE": 0, "LINING_MATERIAL": "blank", "ON_PILES": "No", "ON_SLAB": "No", "NFB_NOTATION": null, "DRAWING_NUMBER": null, "PP_NUMBER": "L25", "NFB_ELEVATION": 0, "NFB_TYPE": "blank", "WET_WEATHER_ONLY": "No", "REMARKS": null, "LEGACY_ID": "__FJC2HZ", "SOIL_TYPE": "SCLAY/SAND", "SOIL_CONDITION": "blank", "TYPE_OF_FILL": null, "OWNEDBY": "COVAV", "OPERATOR": " ", "UNIT_ID": "414494", "MAIN_KEY_1": 21433, "MAIN_COMP1": "30", "UNIT_ID_2": "414497", "MAIN_KEY_2": 21436, "MAIN_COMP2": 30, "COMPKEY": 394971, "MAIN_KEY": 34527, "COMPTYPE": 31, "UPDATED_BY": "ENHANMGETASK", "ADDRESS_KEY": 148439, "TB_AREA": "CBC07", "DISTRICT": "3", "FACET_GRID": "O15", "CONSTRUCTION_TECHNIQUE": "unknown", "CONNECTN_TYPE": null, "CONNECTN_CONDITION": null, "DATE_OF_PERMIT": null, "SPECIAL_INSTRUCTIONS": null, "TV_CONDITION": "Very Good", "TV_LAST_INSPECTION_DATE": 1397545200000, "TV_INCOMPLETE": "No", "TV_NEXT_INSPECTED_DATE": null, "LAST_INSPECTED_OK": null, "DATE_LAST_CLEANING_REQ": null, "DT_LAST_CLEANED": null, "INSPECTED_USER_ID": null, "CLEAN_USER_ID": null, "FURTHER_WORK_REQUIRED": "No", "FURTHERWORK_COMPLETED": "No", "WORK_ID": null, "PARALLEL_LINE_NO": null, "DISTANCE": 79, "MAP_TOOLTIP": "78.92 - 200 SAN n/a 8.05 % 1989 1", "HC_FID": null, "SUBAREA": "O15", "DEPTH_AT_PL": null, "DEPTH_AT_PL_BELOW_CL": null, "OFFSET_DIRECTION": null, "OFFSET_FROM_PL": null, "DIAMETER_INSIDE": 200, "NAMENUMBER": null, "TO_MAIN_FID": null, "PERMIT_NUMBER": null, "STREET_NAME": "W 23RD AV", "HUNDRED_BLOCK": "700", "HCORACLEID": null, "AS_BUILT": "Yes", "LASTUPDATE_iso": "2018-09-25", "INSTALLDATE_iso": "1989-01-01", "TV_LAST_INSPECTION_DATE_iso": "2014-04-15"}, "geometry": {"type": "LineString", "coordinates": [[-123.12112438391529, 49.25070546893312], [-123.12220830687411, 49.250728596607345]]}}, {"type": "Feature", "properties": {"SHAPE_Length": 39.03520981036862, "OBJECTID": 136459843, "COV_SOURCE_KEY": "505950", "LASTUPDATE": 1686209422000, "TBFID": 505950, "UNIT_DESCRIPTION": null, "INSTALLDATE": 725875200000, "LANE_LOCATION": null, "PIPE_USE": "Main", "SERVICE_STATUS": "In Service", "EFFLUENT_TYPE": "Sanitary", "TB_LENGTH": 39.04, "GRADE": 2.1, "MATERIAL": "Polyvinyl Chloride", "VALIDATION_DATE": null, "BUN": null, "UPSTREAM_INVERT": 70.41, "UPSTRM_INVERT_ESTIMATED": "No", "DWNSTREAM_INVERT": 69.59, "DNSTRM_INVERT_ESTIMATED": "No", "RAMP_TYPE": null, "PIPE_SHAPE": "Round", "HEIGHT_MM": 0, "WIDTH_MM": 0, "SECTION_NAME": null, "FLOW_CATEGORY": "Gravity", "NORMAL_PRESSURE": 0, "LINING_MATERIAL": "blank", "ON_PILES": "No", "ON_SLAB": "No", "NFB_NOTATION": null, "DRAWING_NUMBER": null, "PP_NUMBER": "O7", "NFB_ELEVATION": 0, "NFB_TYPE": "blank", "WET_WEATHER_ONLY": "No", "REMARKS": null, "LEGACY_ID": "__FJCF2Y", "SOIL_TYPE": "SAND", "SOIL_CONDITION": "blank", "TYPE_OF_FILL": null, "OWNEDBY": "COVAV", "OPERATOR": " ", "UNIT_ID": "418833", "MAIN_KEY_1": 26324, "MAIN_COMP1": "30", "UNIT_ID_2": "418839", "MAIN_KEY_2": 26330, "MAIN_COMP2": 30, "COMPKEY": 395314, "MAIN_KEY": 34870, "COMPTYPE": 31, "UPDATED_BY": "ENHANMGETASK", "ADDRESS_KEY": 148035, "TB_AREA": "CBC08", "DISTRICT": "1", "FACET_GRID": "P16", "CONSTRUCTION_TECHNIQUE": "unknown", "CONNECTN_TYPE": null, "CONNECTN_CONDITION": null, "DATE_OF_PERMIT": null, "SPECIAL_INSTRUCTIONS": null, "TV_CONDITION": "Very Good", "TV_LAST_INSPECTION_DATE": 1682665200000, "TV_INCOMPLETE": "No", "TV_NEXT_INSPECTED_DATE": null, "LAST_INSPECTED_OK": null, "DATE_LAST_CLEANING_REQ": null, "DT_LAST_CLEANED": null, "INSPECTED_USER_ID": null, "CLEAN_USER_ID": null, "FURTHER_WORK_REQUIRED": "No", "FURTHERWORK_COMPLETED": "No", "WORK_ID": null, "PARALLEL_LINE_NO": null, "DISTANCE": 39.3, "MAP_TOOLTIP": "39.04 - 200 SAN n/a 2.10 % 1993 1", "HC_FID": null, "SUBAREA": "P16", "DEPTH_AT_PL": null, "DEPTH_AT_PL_BELOW_CL": null, "OFFSET_DIRECTION": null, "OFFSET_FROM_PL": null, "DIAMETER_INSIDE": 200, "NAMENUMBER": null, "TO_MAIN_FID": null, "PERMIT_NUMBER": null, "STREET_NAME": "ONTARIO ST", "HUNDRED_BLOCK": "4000", "HCORACLEID": null, "AS_BUILT": "Yes", "LASTUPDATE_iso": "2023-06-08", "INSTALLDATE_iso": "1993-01-01", "TV_LAST_INSPECTION_DATE_iso": "2023-04-28"}, "geometry": {"type": "LineString", "coordinates": [[-123.10497757882051, 49.24904803928863], [-123.10496239754285, 49.24939902892083]]}}, {"type": "Feature", "properties": {"SHAPE_Length": 85.37971021843813, "OBJECTID": 136459845, "COV_SOURCE_KEY": "505953", "LASTUPDATE": 1638992325000, "TBFID": 505953, "UNIT_DESCRIPTION": "SOFT CLAY", "INSTALLDATE": 757411200000, "LANE_LOCATION": "Lane South", "PIPE_USE": "Main", "SERVICE_STATUS": "In Service", "EFFLUENT_TYPE": "Sanitary", "TB_LENGTH": 85.38, "GRADE": 1.73, "MATERIAL": "Polyvinyl Chloride", "VALIDATION_DATE": null, "BUN": null, "UPSTREAM_INVERT": 62.66, "UPSTRM_INVERT_ESTIMATED": "No", "DWNSTREAM_INVERT": 61.18, "DNSTRM_INVERT_ESTIMATED": "No", "RAMP_TYPE": null, "PIPE_SHAPE": "Round", "HEIGHT_MM": 0, "WIDTH_MM": 0, "SECTION_NAME": null, "FLOW_CATEGORY": "Gravity", "NORMAL_PRESSURE": 0, "LINING_MATERIAL": "blank", "ON_PILES": "No", "ON_SLAB": "No", "NFB_NOTATION": null, "DRAWING_NUMBER": null, "PP_NUMBER": "N18", "NFB_ELEVATION": 0, "NFB_TYPE": "blank", "WET_WEATHER_ONLY": "No", "REMARKS": null, "LEGACY_ID": "__FJCF2Q", "SOIL_TYPE": "S/CLAY", "SOIL_CONDITION": "blank", "TYPE_OF_FILL": null, "OWNEDBY": "COVAV", "OPERATOR": null, "UNIT_ID": "418841", "MAIN_KEY_1": 26332, "MAIN_COMP1": "30", "UNIT_ID_2": "418847", "MAIN_KEY_2": 26338, "MAIN_COMP2": 30, "COMPKEY": 395318, "MAIN_KEY": 34874, "COMPTYPE": 31, "UPDATED_BY": "ENHANMGETASK", "ADDRESS_KEY": 157464, "TB_AREA": "CBC07", "DISTRICT": "3", "FACET_GRID": "P15", "CONSTRUCTION_TECHNIQUE": "unknown", "CONNECTN_TYPE": null, "CONNECTN_CONDITION": "{null}", "DATE_OF_PERMIT": null, "SPECIAL_INSTRUCTIONS": null, "TV_CONDITION": "Very Good", "TV_LAST_INSPECTION_DATE": 1634367600000, "TV_INCOMPLETE": "No", "TV_NEXT_INSPECTED_DATE": null, "LAST_INSPECTED_OK": null, "DATE_LAST_CLEANING_REQ": null, "DT_LAST_CLEANED": null, "INSPECTED_USER_ID": null, "CLEAN_USER_ID": null, "FURTHER_WORK_REQUIRED": "No", "FURTHERWORK_COMPLETED": "No", "WORK_ID": null, "PARALLEL_LINE_NO": null, "DISTANCE": 85.3, "MAP_TOOLTIP": "85.38 - 200 SAN n/a 1.73 % 1994 1", "HC_FID": null, "SUBAREA": "P15", "DEPTH_AT_PL": null, "DEPTH_AT_PL_BELOW_CL": null, "OFFSET_DIRECTION": null, "OFFSET_FROM_PL": null, "DIAMETER_INSIDE": 200, "NAMENUMBER": null, "TO_MAIN_FID": null, "PERMIT_NUMBER": null, "STREET_NAME": "W 19TH AV", "HUNDRED_BLOCK": "100", "HCORACLEID": null, "AS_BUILT": "Yes", "LASTUPDATE_iso": "2021-12-08", "INSTALLDATE_iso": "1994-01-01", "TV_LAST_INSPECTION_DATE_iso": "2021-10-16"}, "geometry": {"type": "LineString", "coordinates": [[-123.10954568175228, 49.253366849881466], [-123.10837283103706, 49.2533463764247]]}}, {"type": "Feature", "properties": {"SHAPE_Length": 96.91387806705251, "OBJECTID": 136460127, "COV_SOURCE_KEY": "505956", "LASTUPDATE": 1638992337000, "TBFID": 505956, "UNIT_DESCRIPTION": "HARD CLAY EAST 35M", "INSTALLDATE": 757411200000, "LANE_LOCATION": "Lane South", "PIPE_USE": "Main", "SERVICE_STATUS": "In Service", "EFFLUENT_TYPE": "Sanitary", "TB_LENGTH": 96.91, "GRADE": 2.15, "MATERIAL": "Polyvinyl Chloride", "VALIDATION_DATE": null, "BUN": null, "UPSTREAM_INVERT": 63.22, "UPSTRM_INVERT_ESTIMATED": "No", "DWNSTREAM_INVERT": 61.14, "DNSTRM_INVERT_ESTIMATED": "No", "RAMP_TYPE": null, "PIPE_SHAPE": "Round", "HEIGHT_MM": 0, "WIDTH_MM": 0, "SECTION_NAME": null, "FLOW_CATEGORY": "Gravity", "NORMAL_PRESSURE": 0, "LINING_MATERIAL": "blank", "ON_PILES": "No", "ON_SLAB": "No", "NFB_NOTATION": null, "DRAWING_NUMBER": null, "PP_NUMBER": "N18", "NFB_ELEVATION": 0, "NFB_TYPE": "blank", "WET_WEATHER_ONLY": "No", "REMARKS": null, "LEGACY_ID": "__FJCF2V", "SOIL_TYPE": "S/CLAY", "SOIL_CONDITION": "blank", "TYPE_OF_FILL": null, "OWNEDBY": "COVAV", "OPERATOR": null, "UNIT_ID": "418837", "MAIN_KEY_1": 26328, "MAIN_COMP1": "30", "UNIT_ID_2": "418843", "MAIN_KEY_2": 26334, "MAIN_COMP2": 30, "COMPKEY": 395321, "MAIN_KEY": 34877, "COMPTYPE": 31, "UPDATED_BY": "ENHANMGETASK", "ADDRESS_KEY": 153642, "TB_AREA": "CBC08", "DISTRICT": "1", "FACET_GRID": "P15", "CONSTRUCTION_TECHNIQUE": "unknown", "CONNECTN_TYPE": null, "CONNECTN_CONDITION": "{null}", "DATE_OF_PERMIT": null, "SPECIAL_INSTRUCTIONS": null, "TV_CONDITION": "Very Good", "TV_LAST_INSPECTION_DATE": 1634194800000, "TV_INCOMPLETE": "No", "TV_NEXT_INSPECTED_DATE": null, "LAST_INSPECTED_OK": null, "DATE_LAST_CLEANING_REQ": null, "DT_LAST_CLEANED": null, "INSPECTED_USER_ID": null, "CLEAN_USER_ID": null, "FURTHER_WORK_REQUIRED": "No", "FURTHERWORK_COMPLETED": "No", "WORK_ID": null, "PARALLEL_LINE_NO": null, "DISTANCE": 96.8, "MAP_TOOLTIP": "96.91 - 200 SAN n/a 2.15 % 1994 1", "HC_FID": null, "SUBAREA": "P15", "DEPTH_AT_PL": null, "DEPTH_AT_PL_BELOW_CL": null, "OFFSET_DIRECTION": null, "OFFSET_FROM_PL": null, "DIAMETER_INSIDE": 200, "NAMENUMBER": null, "TO_MAIN_FID": null, "PERMIT_NUMBER": null, "STREET_NAME": "W 19TH AV", "HUNDRED_BLOCK": "000", "HCORACLEID": null, "AS_BUILT": "Yes", "LASTUPDATE_iso": "2021-12-08", "INSTALLDATE_iso": "1994-01-01", "TV_LAST_INSPECTION_DATE_iso": "2021-10-14"}, "geometry": {"type": "LineString", "coordinates": [[-123.1050524375, 49.25328336432263], [-123.10638364204071, 49.25330867315815]]}}, {"type": "Feature", "properties": {"SHAPE_Length": 65.76671999737447, "OBJECTID": 136460129, "COV_SOURCE_KEY": "505958", "LASTUPDATE": 1638992337000, "TBFID": 505958, "UNIT_DESCRIPTION": "SOFT CLAY", "INSTALLDATE": 757411200000, "LANE_LOCATION": "Lane East", "PIPE_USE": "Main", "SERVICE_STATUS": "In Service", "EFFLUENT_TYPE": "Sanitary", "TB_LENGTH": 65.76672, "GRADE": 1.41, "MATERIAL": "Polyvinyl Chloride", "VALIDATION_DATE": null, "BUN": null, "UPSTREAM_INVERT": 61.14, "UPSTRM_INVERT_ESTIMATED": "No", "DWNSTREAM_INVERT": 60.21, "DNSTRM_INVERT_ESTIMATED": "No", "RAMP_TYPE": "Closed", "PIPE_SHAPE": "Round", "HEIGHT_MM": 0, "WIDTH_MM": 0, "SECTION_NAME": null, "FLOW_CATEGORY": "Gravity", "NORMAL_PRESSURE": 0, "LINING_MATERIAL": "blank", "ON_PILES": "No", "ON_SLAB": "No", "NFB_NOTATION": null, "DRAWING_NUMBER": null, "PP_NUMBER": "N18", "NFB_ELEVATION": 0, "NFB_TYPE": "blank", "WET_WEATHER_ONLY": "No", "REMARKS": "C/R", "LEGACY_ID": "__FJCF2T", "SOIL_TYPE": "S/CLAY", "SOIL_CONDITION": "blank", "TYPE_OF_FILL": null, "OWNEDBY": "COVAV", "OPERATOR": null, "UNIT_ID": "418843", "MAIN_KEY_1": 26334, "MAIN_COMP1": "30", "UNIT_ID_2": "1505812", "MAIN_KEY_2": 791255, "MAIN_COMP2": 30, "COMPKEY": 395323, "MAIN_KEY": 34879, "COMPTYPE": 31, "UPDATED_BY": "ENHANMGETASK", "ADDRESS_KEY": 153578, "TB_AREA": "CBC08", "DISTRICT": "1", "FACET_GRID": " ", "CONSTRUCTION_TECHNIQUE": "unknown", "CONNECTN_TYPE": null, "CONNECTN_CONDITION": "{null}", "DATE_OF_PERMIT": null, "SPECIAL_INSTRUCTIONS": null, "TV_CONDITION": "Very Good", "TV_LAST_INSPECTION_DATE": 1634194800000, "TV_INCOMPLETE": "No", "TV_NEXT_INSPECTED_DATE": null, "LAST_INSPECTED_OK": null, "DATE_LAST_CLEANING_REQ": null, "DT_LAST_CLEANED": null, "INSPECTED_USER_ID": null, "CLEAN_USER_ID": null, "FURTHER_WORK_REQUIRED": "No", "FURTHERWORK_COMPLETED": "No", "WORK_ID": null, "PARALLEL_LINE_NO": null, "DISTANCE": 64.6, "MAP_TOOLTIP": "65.77 - 200 SAN n/a 1.41 % 1994 1", "HC_FID": null, "SUBAREA": " ", "DEPTH_AT_PL": null, "DEPTH_AT_PL_BELOW_CL": null, "OFFSET_DIRECTION": null, "OFFSET_FROM_PL": null, "DIAMETER_INSIDE": 200, "NAMENUMBER": null, "TO_MAIN_FID": null, "PERMIT_NUMBER": null, "STREET_NAME": "MANITOBA ST", "HUNDRED_BLOCK": "3500", "HCORACLEID": null, "AS_BUILT": "Yes", "LASTUPDATE_iso": "2021-12-08", "INSTALLDATE_iso": "1994-01-01", "TV_LAST_INSPECTION_DATE_iso": "2021-10-14"}, "geometry": {"type": "LineString", "coordinates": [[-123.10638364204071, 49.25330867315815], [-123.10723616530616, 49.25332045135342], [-123.1072860494759, 49.25332751126807]]}}, {"type": "Feature", "properties": {"SHAPE_Length": 79.32888144464091, "OBJECTID": 136460437, "COV_SOURCE_KEY": "505724", "LASTUPDATE": 1638992325000, "TBFID": 505724, "UNIT_DESCRIPTION": "SOFT CLAY", "INSTALLDATE": 757411200000, "LANE_LOCATION": "Lane West", "PIPE_USE": "Main", "SERVICE_STATUS": "In Service", "EFFLUENT_TYPE": "Sanitary", "TB_LENGTH": 79.32888144, "GRADE": 1.2, "MATERIAL": "Polyvinyl Chloride", "VALIDATION_DATE": null, "BUN": null, "UPSTREAM_INVERT": 61.18, "UPSTRM_INVERT_ESTIMATED": "No", "DWNSTREAM_INVERT": 60.23, "DNSTRM_INVERT_ESTIMATED": "No", "RAMP_TYPE": null, "PIPE_SHAPE": "Round", "HEIGHT_MM": 0, "WIDTH_MM": 0, "SECTION_NAME": null, "FLOW_CATEGORY": "Gravity", "NORMAL_PRESSURE": 0, "LINING_MATERIAL": "blank", "ON_PILES": "No", "ON_SLAB": "No", "NFB_NOTATION": null, "DRAWING_NUMBER": null, "PP_NUMBER": "N18", "NFB_ELEVATION": 0, "NFB_TYPE": "blank", "WET_WEATHER_ONLY": "No", "REMARKS": null, "LEGACY_ID": "__FJCF2O", "SOIL_TYPE": "S/CLAY", "SOIL_CONDITION": "blank", "TYPE_OF_FILL": null, "OWNEDBY": "COVAV", "OPERATOR": "COVAV", "UNIT_ID": "418847", "MAIN_KEY_1": 26338, "MAIN_COMP1": "30", "UNIT_ID_2": "1505812", "MAIN_KEY_2": 791255, "MAIN_COMP2": 30, "COMPKEY": 395234, "MAIN_KEY": 34790, "COMPTYPE": 31, "UPDATED_BY": "ENHANMGETASK", "ADDRESS_KEY": 153578, "TB_AREA": "CBC07", "DISTRICT": "3", "FACET_GRID": " ", "CONSTRUCTION_TECHNIQUE": "unknown", "CONNECTN_TYPE": null, "CONNECTN_CONDITION": "{null}", "DATE_OF_PERMIT": null, "SPECIAL_INSTRUCTIONS": null, "TV_CONDITION": "Good", "TV_LAST_INSPECTION_DATE": 1634367600000, "TV_INCOMPLETE": "No", "TV_NEXT_INSPECTED_DATE": null, "LAST_INSPECTED_OK": null, "DATE_LAST_CLEANING_REQ": null, "DT_LAST_CLEANED": null, "INSPECTED_USER_ID": null, "CLEAN_USER_ID": null, "FURTHER_WORK_REQUIRED": "No", "FURTHERWORK_COMPLETED": "No", "WORK_ID": null, "PARALLEL_LINE_NO": null, "DISTANCE": 80.1, "MAP_TOOLTIP": "79.33 - 200 SAN n/a 1.20 % 1994 2", "HC_FID": null, "SUBAREA": " ", "DEPTH_AT_PL": null, "DEPTH_AT_PL_BELOW_CL": null, "OFFSET_DIRECTION": null, "OFFSET_FROM_PL": null, "DIAMETER_INSIDE": 200, "NAMENUMBER": null, "TO_MAIN_FID": null, "PERMIT_NUMBER": null, "STREET_NAME": "MANITOBA ST", "HUNDRED_BLOCK": "3500", "HCORACLEID": null, "AS_BUILT": "Yes", "LASTUPDATE_iso": "2021-12-08", "INSTALLDATE_iso": "1994-01-01", "TV_LAST_INSPECTION_DATE_iso": "2021-10-16"}, "geometry": {"type": "LineString", "coordinates": [[-123.10837283103706, 49.2533463764247], [-123.10730109995396, 49.253322666856874], [-123.10728605239994, 49.25332886054874]]}}, {"type": "Feature", "properties": {"SHAPE_Length": 33.97382170139903, "OBJECTID": 136460783, "COV_SOURCE_KEY": "505900", "LASTUPDATE": 1683876630000, "TBFID": 505900, "UNIT_DESCRIPTION": "SOME ROCKS", "INSTALLDATE": 694252800000, "LANE_LOCATION": null, "PIPE_USE": "Main", "SERVICE_STATUS": "In Service", "EFFLUENT_TYPE": "Sanitary", "TB_LENGTH": 33.97, "GRADE": 1.3, "MATERIAL": "Polyvinyl Chloride", "VALIDATION_DATE": null, "BUN": null, "UPSTREAM_INVERT": 52.29, "UPSTRM_INVERT_ESTIMATED": "No", "DWNSTREAM_INVERT": 51.85, "DNSTRM_INVERT_ESTIMATED": "No", "RAMP_TYPE": null, "PIPE_SHAPE": "Round", "HEIGHT_MM": 0, "WIDTH_MM": 0, "SECTION_NAME": null, "FLOW_CATEGORY": "Gravity", "NORMAL_PRESSURE": 0, "LINING_MATERIAL": "blank", "ON_PILES": "No", "ON_SLAB": "No", "NFB_NOTATION": null, "DRAWING_NUMBER": null, "PP_NUMBER": "S135", "NFB_ELEVATION": 0, "NFB_TYPE": "blank", "WET_WEATHER_ONLY": "No", "REMARKS": null, "LEGACY_ID": "__FJC3QL", "SOIL_TYPE": "BLUE CLAY", "SOIL_CONDITION": "blank", "TYPE_OF_FILL": null, "OWNEDBY": "COVAV", "OPERATOR": " ", "UNIT_ID": "397495", "MAIN_KEY_1": 3642, "MAIN_COMP1": "30", "UNIT_ID_2": "132302", "MAIN_KEY_2": 355102, "MAIN_COMP2": 32, "COMPKEY": 395584, "MAIN_KEY": 35140, "COMPTYPE": 31, "UPDATED_BY": "ENHANMGETASK", "ADDRESS_KEY": 150364, "TB_AREA": "CBC06", "DISTRICT": "3", "FACET_GRID": "N14", "CONSTRUCTION_TECHNIQUE": "unknown", "CONNECTN_TYPE": null, "CONNECTN_CONDITION": null, "DATE_OF_PERMIT": null, "SPECIAL_INSTRUCTIONS": null, "TV_CONDITION": "Very Good", "TV_LAST_INSPECTION_DATE": 1680332400000, "TV_INCOMPLETE": "No", "TV_NEXT_INSPECTED_DATE": null, "LAST_INSPECTED_OK": null, "DATE_LAST_CLEANING_REQ": null, "DT_LAST_CLEANED": null, "INSPECTED_USER_ID": null, "CLEAN_USER_ID": null, "FURTHER_WORK_REQUIRED": "No", "FURTHERWORK_COMPLETED": "No", "WORK_ID": null, "PARALLEL_LINE_NO": null, "DISTANCE": 34.1, "MAP_TOOLTIP": "33.97 - 200 SAN n/a 1.30 % 1992 1", "HC_FID": null, "SUBAREA": "N14", "DEPTH_AT_PL": null, "DEPTH_AT_PL_BELOW_CL": null, "OFFSET_DIRECTION": null, "OFFSET_FROM_PL": null, "DIAMETER_INSIDE": 200, "NAMENUMBER": null, "TO_MAIN_FID": null, "PERMIT_NUMBER": null, "STREET_NAME": "W 17TH AV", "HUNDRED_BLOCK": "900", "HCORACLEID": null, "AS_BUILT": "Yes", "LASTUPDATE_iso": "2023-05-12", "INSTALLDATE_iso": "1992-01-01", "TV_LAST_INSPECTION_DATE_iso": "2023-04-01"}, "geometry": {"type": "LineString", "coordinates": [[-123.12697597393235, 49.25627010768238], [-123.12650925472474, 49.25626190329582]]}}, {"type": "Feature", "properties": {"SHAPE_Length": 119.72191049331028, "OBJECTID": 136461057, "COV_SOURCE_KEY": "505726", "LASTUPDATE": 1638992320000, "TBFID": 505726, "UNIT_DESCRIPTION": "C/RAMP", "INSTALLDATE": 725875200000, "LANE_LOCATION": null, "PIPE_USE": "Main", "SERVICE_STATUS": "In Service", "EFFLUENT_TYPE": "Sanitary", "TB_LENGTH": 119.72, "GRADE": 1.76, "MATERIAL": "Polyvinyl Chloride", "VALIDATION_DATE": null, "BUN": null, "UPSTREAM_INVERT": 71.7, "UPSTRM_INVERT_ESTIMATED": "No", "DWNSTREAM_INVERT": 69.59, "DNSTRM_INVERT_ESTIMATED": "No", "RAMP_TYPE": null, "PIPE_SHAPE": "Round", "HEIGHT_MM": 0, "WIDTH_MM": 0, "SECTION_NAME": null, "FLOW_CATEGORY": "Gravity", "NORMAL_PRESSURE": 0, "LINING_MATERIAL": "blank", "ON_PILES": "No", "ON_SLAB": "No", "NFB_NOTATION": null, "DRAWING_NUMBER": null, "PP_NUMBER": "T63", "NFB_ELEVATION": 0, "NFB_TYPE": "blank", "WET_WEATHER_ONLY": "No", "REMARKS": null, "LEGACY_ID": "__FJCF2M", "SOIL_TYPE": "SAND SILT", "SOIL_CONDITION": "blank", "TYPE_OF_FILL": null, "OWNEDBY": "COVAV", "OPERATOR": null, "UNIT_ID": "418845", "MAIN_KEY_1": 26336, "MAIN_COMP1": "30", "UNIT_ID_2": "399073", "MAIN_KEY_2": 6229, "MAIN_COMP2": 30, "COMPKEY": 395236, "MAIN_KEY": 34792, "COMPTYPE": 31, "UPDATED_BY": "ENHANMGETASK", "ADDRESS_KEY": 149658, "TB_AREA": "CBC08", "DISTRICT": "1", "FACET_GRID": " ", "CONSTRUCTION_TECHNIQUE": "unknown", "CONNECTN_TYPE": null, "CONNECTN_CONDITION": "{null}", "DATE_OF_PERMIT": null, "SPECIAL_INSTRUCTIONS": null, "TV_CONDITION": "Good", "TV_LAST_INSPECTION_DATE": 1635750000000, "TV_INCOMPLETE": "No", "TV_NEXT_INSPECTED_DATE": null, "LAST_INSPECTED_OK": null, "DATE_LAST_CLEANING_REQ": null, "DT_LAST_CLEANED": null, "INSPECTED_USER_ID": null, "CLEAN_USER_ID": null, "FURTHER_WORK_REQUIRED": "No", "FURTHERWORK_COMPLETED": "No", "WORK_ID": null, "PARALLEL_LINE_NO": null, "DISTANCE": 119.7, "MAP_TOOLTIP": "119.72 - 200 SAN n/a 1.76 % 1993 2", "HC_FID": null, "SUBAREA": " ", "DEPTH_AT_PL": null, "DEPTH_AT_PL_BELOW_CL": null, "OFFSET_DIRECTION": null, "OFFSET_FROM_PL": null, "DIAMETER_INSIDE": 200, "NAMENUMBER": null, "TO_MAIN_FID": null, "PERMIT_NUMBER": null, "STREET_NAME": "E 23RD AV", "HUNDRED_BLOCK": "000", "HCORACLEID": null, "AS_BUILT": "Yes", "LASTUPDATE_iso": "2021-12-08", "INSTALLDATE_iso": "1993-01-01", "TV_LAST_INSPECTION_DATE_iso": "2021-11-01"}, "geometry": {"type": "LineString", "coordinates": [[-123.10323172316835, 49.249922167574326], [-123.10485387616546, 49.24994523675657], [-123.10487641178727, 49.24994554912549]]}}, {"type": "Feature", "properties": {"SHAPE_Length": 78.00907078065747, "OBJECTID": 136461855, "COV_SOURCE_KEY": "508897", "LASTUPDATE": 1658388621000, "TBFID": 508897, "UNIT_DESCRIPTION": null, "INSTALLDATE": 694252800000, "LANE_LOCATION": null, "PIPE_USE": "Main", "SERVICE_STATUS": "In Service", "EFFLUENT_TYPE": "Sanitary", "TB_LENGTH": 78.00907078, "GRADE": 1.56, "MATERIAL": "Vitrified Clay", "VALIDATION_DATE": null, "BUN": null, "UPSTREAM_INVERT": 47.3, "UPSTRM_INVERT_ESTIMATED": "No", "DWNSTREAM_INVERT": 46.08, "DNSTRM_INVERT_ESTIMATED": "No", "RAMP_TYPE": "Closed", "PIPE_SHAPE": "Round", "HEIGHT_MM": 0, "WIDTH_MM": 0, "SECTION_NAME": null, "FLOW_CATEGORY": "Gravity", "NORMAL_PRESSURE": 0, "LINING_MATERIAL": "blank", "ON_PILES": "No", "ON_SLAB": "No", "NFB_NOTATION": null, "DRAWING_NUMBER": null, "PP_NUMBER": "S135", "NFB_ELEVATION": 0, "NFB_TYPE": "blank", "WET_WEATHER_ONLY": "No", "REMARKS": "C/R", "LEGACY_ID": "__FJCI1A", "SOIL_TYPE": "BLUE CLAY", "SOIL_CONDITION": "blank", "TYPE_OF_FILL": null, "OWNEDBY": "COVAV", "OPERATOR": "COVAV", "UNIT_ID": "416625", "MAIN_KEY_1": 22723, "MAIN_COMP1": "30", "UNIT_ID_2": "409938", "MAIN_KEY_2": 16905, "MAIN_COMP2": 30, "COMPKEY": 358891, "MAIN_KEY": 2095, "COMPTYPE": 31, "UPDATED_BY": "ENHANMGETASK", "ADDRESS_KEY": 148306, "TB_AREA": "CBC07", "DISTRICT": "3", "FACET_GRID": "O14", "CONSTRUCTION_TECHNIQUE": "unknown", "CONNECTN_TYPE": null, "CONNECTN_CONDITION": null, "DATE_OF_PERMIT": null, "SPECIAL_INSTRUCTIONS": null, "TV_CONDITION": "Good", "TV_LAST_INSPECTION_DATE": 1656313200000, "TV_INCOMPLETE": "No", "TV_NEXT_INSPECTED_DATE": null, "LAST_INSPECTED_OK": null, "DATE_LAST_CLEANING_REQ": null, "DT_LAST_CLEANED": null, "INSPECTED_USER_ID": null, "CLEAN_USER_ID": null, "FURTHER_WORK_REQUIRED": "No", "FURTHERWORK_COMPLETED": "No", "WORK_ID": null, "PARALLEL_LINE_NO": null, "DISTANCE": 78, "MAP_TOOLTIP": "78.01 - 200 SAN n/a 1.56 % 1992 2", "HC_FID": null, "SUBAREA": "O14", "DEPTH_AT_PL": null, "DEPTH_AT_PL_BELOW_CL": null, "OFFSET_DIRECTION": null, "OFFSET_FROM_PL": null, "DIAMETER_INSIDE": 200, "NAMENUMBER": null, "TO_MAIN_FID": null, "PERMIT_NUMBER": null, "STREET_NAME": "W 17TH AV", "HUNDRED_BLOCK": "800", "HCORACLEID": null, "AS_BUILT": "Yes", "LASTUPDATE_iso": "2022-07-21", "INSTALLDATE_iso": "1992-01-01", "TV_LAST_INSPECTION_DATE_iso": "2022-06-27"}, "geometry": {"type": "LineString", "coordinates": [[-123.12323635104809, 49.25620225821354], [-123.12216518529192, 49.25617387347776]]}}, {"type": "Feature", "properties": {"SHAPE_Length": 61.682055451706674, "OBJECTID": 136462260, "COV_SOURCE_KEY": "505674", "LASTUPDATE": 1656574226000, "TBFID": 505674, "UNIT_DESCRIPTION": "REVERSE WYE", "INSTALLDATE": 757411200000, "LANE_LOCATION": "Lane East", "PIPE_USE": "Main", "SERVICE_STATUS": "In Service", "EFFLUENT_TYPE": "Sanitary", "TB_LENGTH": 61.68, "GRADE": 1.33, "MATERIAL": "Polyvinyl Chloride", "VALIDATION_DATE": null, "BUN": null, "UPSTREAM_INVERT": 52.14, "UPSTRM_INVERT_ESTIMATED": "No", "DWNSTREAM_INVERT": 51.32, "DNSTRM_INVERT_ESTIMATED": "No", "RAMP_TYPE": null, "PIPE_SHAPE": "Round", "HEIGHT_MM": 0, "WIDTH_MM": 0, "SECTION_NAME": null, "FLOW_CATEGORY": "Gravity", "NORMAL_PRESSURE": 0, "LINING_MATERIAL": "blank", "ON_PILES": "No", "ON_SLAB": "No", "NFB_NOTATION": null, "DRAWING_NUMBER": null, "PP_NUMBER": "S39", "NFB_ELEVATION": 0, "NFB_TYPE": "blank", "WET_WEATHER_ONLY": "No", "REMARKS": null, "LEGACY_ID": "__FJCF20", "SOIL_TYPE": "SOFT CLAY", "SOIL_CONDITION": "blank", "TYPE_OF_FILL": null, "OWNEDBY": "COVAV", "OPERATOR": null, "UNIT_ID": "408488", "MAIN_KEY_1": 14659, "MAIN_COMP1": "30", "UNIT_ID_2": "418748", "MAIN_KEY_2": 26311, "MAIN_COMP2": 30, "COMPKEY": 395225, "MAIN_KEY": 34781, "COMPTYPE": 31, "UPDATED_BY": "ENHANMGETASK", "ADDRESS_KEY": 157138, "TB_AREA": "CBC07", "DISTRICT": "3", "FACET_GRID": " ", "CONSTRUCTION_TECHNIQUE": "unknown", "CONNECTN_TYPE": null, "CONNECTN_CONDITION": "{null}", "DATE_OF_PERMIT": null, "SPECIAL_INSTRUCTIONS": null, "TV_CONDITION": "Good", "TV_LAST_INSPECTION_DATE": 1650351600000, "TV_INCOMPLETE": "No", "TV_NEXT_INSPECTED_DATE": null, "LAST_INSPECTED_OK": null, "DATE_LAST_CLEANING_REQ": null, "DT_LAST_CLEANED": null, "INSPECTED_USER_ID": null, "CLEAN_USER_ID": null, "FURTHER_WORK_REQUIRED": "No", "FURTHERWORK_COMPLETED": "No", "WORK_ID": null, "PARALLEL_LINE_NO": null, "DISTANCE": 61.4, "MAP_TOOLTIP": "61.68 - 200 SAN n/a 1.33 % 1994 2", "HC_FID": null, "SUBAREA": " ", "DEPTH_AT_PL": null, "DEPTH_AT_PL_BELOW_CL": null, "OFFSET_DIRECTION": null, "OFFSET_FROM_PL": null, "DIAMETER_INSIDE": 200, "NAMENUMBER": null, "TO_MAIN_FID": null, "PERMIT_NUMBER": null, "STREET_NAME": "YUKON ST", "HUNDRED_BLOCK": "3200", "HCORACLEID": null, "AS_BUILT": "Yes", "LASTUPDATE_iso": "2022-06-30", "INSTALLDATE_iso": "1994-01-01", "TV_LAST_INSPECTION_DATE_iso": "2022-04-19"}, "geometry": {"type": "LineString", "coordinates": [[-123.11159981496702, 49.25627985712352], [-123.11243748511122, 49.25629390507179], [-123.11244409216609, 49.256298576155274]]}}, {"type": "Feature", "properties": {"SHAPE_Length": 80.8146593868915, "OBJECTID": 136462262, "COV_SOURCE_KEY": "505677", "LASTUPDATE": 1768421939000, "TBFID": 505677, "UNIT_DESCRIPTION": null, "INSTALLDATE": 725875200000, "LANE_LOCATION": "Lane East", "PIPE_USE": "Main", "SERVICE_STATUS": "In Service", "EFFLUENT_TYPE": "Sanitary", "TB_LENGTH": 80.82, "GRADE": 1.15, "MATERIAL": "Polyvinyl Chloride", "VALIDATION_DATE": null, "BUN": null, "UPSTREAM_INVERT": 68.34, "UPSTRM_INVERT_ESTIMATED": "No", "DWNSTREAM_INVERT": 67.41, "DNSTRM_INVERT_ESTIMATED": "No", "RAMP_TYPE": null, "PIPE_SHAPE": "Round", "HEIGHT_MM": 0, "WIDTH_MM": 0, "SECTION_NAME": null, "FLOW_CATEGORY": "Gravity", "NORMAL_PRESSURE": 0, "LINING_MATERIAL": "blank", "ON_PILES": "No", "ON_SLAB": "No", "NFB_NOTATION": null, "DRAWING_NUMBER": "DB1473", "PP_NUMBER": "T56", "NFB_ELEVATION": 0, "NFB_TYPE": "blank", "WET_WEATHER_ONLY": "No", "REMARKS": null, "LEGACY_ID": "__FJCF2K", "SOIL_TYPE": "blank", "SOIL_CONDITION": "blank", "TYPE_OF_FILL": null, "OWNEDBY": "COVAV", "OPERATOR": null, "UNIT_ID": "420863", "MAIN_KEY_1": 26458, "MAIN_COMP1": "30", "UNIT_ID_2": "396610", "MAIN_KEY_2": 2757, "MAIN_COMP2": 30, "COMPKEY": 395230, "MAIN_KEY": 34786, "COMPTYPE": 31, "UPDATED_BY": "XUG16", "ADDRESS_KEY": 152821, "TB_AREA": "CBC08", "DISTRICT": "1", "FACET_GRID": "P15", "CONSTRUCTION_TECHNIQUE": "unknown", "CONNECTN_TYPE": null, "CONNECTN_CONDITION": "{null}", "DATE_OF_PERMIT": null, "SPECIAL_INSTRUCTIONS": null, "TV_CONDITION": "Very Good", "TV_LAST_INSPECTION_DATE": 1557817200000, "TV_INCOMPLETE": "No", "TV_NEXT_INSPECTED_DATE": null, "LAST_INSPECTED_OK": null, "DATE_LAST_CLEANING_REQ": null, "DT_LAST_CLEANED": null, "INSPECTED_USER_ID": null, "CLEAN_USER_ID": null, "FURTHER_WORK_REQUIRED": "No", "FURTHERWORK_COMPLETED": "No", "WORK_ID": null, "PARALLEL_LINE_NO": null, "DISTANCE": 80.9, "MAP_TOOLTIP": "80.82 - 200 SAN n/a 1.15 % 1993 1", "HC_FID": null, "SUBAREA": "P15", "DEPTH_AT_PL": null, "DEPTH_AT_PL_BELOW_CL": null, "OFFSET_DIRECTION": null, "OFFSET_FROM_PL": null, "DIAMETER_INSIDE": 200, "NAMENUMBER": null, "TO_MAIN_FID": null, "PERMIT_NUMBER": null, "STREET_NAME": "ONTARIO ST", "HUNDRED_BLOCK": "3700", "HCORACLEID": null, "AS_BUILT": "Yes", "LASTUPDATE_iso": "2026-01-14", "INSTALLDATE_iso": "1993-01-01", "TV_LAST_INSPECTION_DATE_iso": "2019-05-14"}, "geometry": {"type": "LineString", "coordinates": [[-123.10430646649789, 49.251118080168496], [-123.1042694664277, 49.25184462193177]]}}, {"type": "Feature", "properties": {"SHAPE_Length": 78.1501025592156, "OBJECTID": 136462263, "COV_SOURCE_KEY": "505678", "LASTUPDATE": 1768421939000, "TBFID": 505678, "UNIT_DESCRIPTION": null, "INSTALLDATE": 725875200000, "LANE_LOCATION": "Lane East", "PIPE_USE": "Main", "SERVICE_STATUS": "In Service", "EFFLUENT_TYPE": "Sanitary", "TB_LENGTH": 78.15, "GRADE": 4.21, "MATERIAL": "Polyvinyl Chloride", "VALIDATION_DATE": null, "BUN": null, "UPSTREAM_INVERT": 67.59, "UPSTRM_INVERT_ESTIMATED": "No", "DWNSTREAM_INVERT": 64.3, "DNSTRM_INVERT_ESTIMATED": "No", "RAMP_TYPE": null, "PIPE_SHAPE": "Round", "HEIGHT_MM": 0, "WIDTH_MM": 0, "SECTION_NAME": null, "FLOW_CATEGORY": "Gravity", "NORMAL_PRESSURE": 0, "LINING_MATERIAL": "blank", "ON_PILES": "No", "ON_SLAB": "No", "NFB_NOTATION": null, "DRAWING_NUMBER": "DB1473", "PP_NUMBER": "T51", "NFB_ELEVATION": 0, "NFB_TYPE": "blank", "WET_WEATHER_ONLY": "No", "REMARKS": null, "LEGACY_ID": "__FJCF2J", "SOIL_TYPE": "blank", "SOIL_CONDITION": "blank", "TYPE_OF_FILL": null, "OWNEDBY": "COVAV", "OPERATOR": "COVAV", "UNIT_ID": "418741", "MAIN_KEY_1": 26304, "MAIN_COMP1": "30", "UNIT_ID_2": "406781", "MAIN_KEY_2": 13455, "MAIN_COMP2": 30, "COMPKEY": 395231, "MAIN_KEY": 34787, "COMPTYPE": 31, "UPDATED_BY": "XUG16", "ADDRESS_KEY": 155923, "TB_AREA": "CBC08", "DISTRICT": "1", "FACET_GRID": "P15", "CONSTRUCTION_TECHNIQUE": "unknown", "CONNECTN_TYPE": null, "CONNECTN_CONDITION": "{null}", "DATE_OF_PERMIT": null, "SPECIAL_INSTRUCTIONS": null, "TV_CONDITION": "Very Good", "TV_LAST_INSPECTION_DATE": 1563346800000, "TV_INCOMPLETE": "No", "TV_NEXT_INSPECTED_DATE": null, "LAST_INSPECTED_OK": null, "DATE_LAST_CLEANING_REQ": null, "DT_LAST_CLEANED": null, "INSPECTED_USER_ID": null, "CLEAN_USER_ID": null, "FURTHER_WORK_REQUIRED": "No", "FURTHERWORK_COMPLETED": "No", "WORK_ID": null, "PARALLEL_LINE_NO": null, "DISTANCE": 78.49, "MAP_TOOLTIP": "78.15 - 200 SAN n/a 4.21 % 1993 1", "HC_FID": null, "SUBAREA": "P15", "DEPTH_AT_PL": null, "DEPTH_AT_PL_BELOW_CL": null, "OFFSET_DIRECTION": null, "OFFSET_FROM_PL": null, "DIAMETER_INSIDE": 200, "NAMENUMBER": null, "TO_MAIN_FID": null, "PERMIT_NUMBER": null, "STREET_NAME": "ONTARIO ST", "HUNDRED_BLOCK": "3500", "HCORACLEID": null, "AS_BUILT": "Yes", "LASTUPDATE_iso": "2026-01-14", "INSTALLDATE_iso": "1993-01-01", "TV_LAST_INSPECTION_DATE_iso": "2019-07-17"}, "geometry": {"type": "LineString", "coordinates": [[-123.10427170027737, 49.25204403504894], [-123.10425351642618, 49.25274691126461]]}}, {"type": "Feature", "properties": {"SHAPE_Length": 48.34480665019377, "OBJECTID": 136462847, "COV_SOURCE_KEY": "505996", "LASTUPDATE": 1537255821000, "TBFID": 505996, "UNIT_DESCRIPTION": null, "INSTALLDATE": 599644800000, "LANE_LOCATION": null, "PIPE_USE": "Main", "SERVICE_STATUS": "In Service", "EFFLUENT_TYPE": "Sanitary", "TB_LENGTH": 48.34, "GRADE": 5.81, "MATERIAL": "Vitrified Clay", "VALIDATION_DATE": null, "BUN": null, "UPSTREAM_INVERT": 65.95, "UPSTRM_INVERT_ESTIMATED": "No", "DWNSTREAM_INVERT": 63.14, "DNSTRM_INVERT_ESTIMATED": "No", "RAMP_TYPE": null, "PIPE_SHAPE": "Round", "HEIGHT_MM": 0, "WIDTH_MM": 0, "SECTION_NAME": null, "FLOW_CATEGORY": "Gravity", "NORMAL_PRESSURE": 0, "LINING_MATERIAL": "blank", "ON_PILES": "No", "ON_SLAB": "No", "NFB_NOTATION": null, "DRAWING_NUMBER": null, "PP_NUMBER": "H60", "NFB_ELEVATION": 0, "NFB_TYPE": "blank", "WET_WEATHER_ONLY": "No", "REMARKS": null, "LEGACY_ID": "__FJC2HT", "SOIL_TYPE": "blank", "SOIL_CONDITION": "blank", "TYPE_OF_FILL": null, "OWNEDBY": "COVAV", "OPERATOR": " ", "UNIT_ID": "414583", "MAIN_KEY_1": 21450, "MAIN_COMP1": "30", "UNIT_ID_2": "414505", "MAIN_KEY_2": 21444, "MAIN_COMP2": 30, "COMPKEY": 395041, "MAIN_KEY": 34597, "COMPTYPE": 31, "UPDATED_BY": "ENHANMGETASK", "ADDRESS_KEY": 152722, "TB_AREA": "CBC07", "DISTRICT": "3", "FACET_GRID": "O15", "CONSTRUCTION_TECHNIQUE": "unknown", "CONNECTN_TYPE": null, "CONNECTN_CONDITION": null, "DATE_OF_PERMIT": null, "SPECIAL_INSTRUCTIONS": null, "TV_CONDITION": "Good", "TV_LAST_INSPECTION_DATE": 1396854000000, "TV_INCOMPLETE": "No", "TV_NEXT_INSPECTED_DATE": null, "LAST_INSPECTED_OK": null, "DATE_LAST_CLEANING_REQ": null, "DT_LAST_CLEANED": null, "INSPECTED_USER_ID": null, "CLEAN_USER_ID": null, "FURTHER_WORK_REQUIRED": "No", "FURTHERWORK_COMPLETED": "No", "WORK_ID": null, "PARALLEL_LINE_NO": null, "DISTANCE": 48.5, "MAP_TOOLTIP": "48.34 - 200 SAN n/a 5.81 % 1989 2", "HC_FID": null, "SUBAREA": "O15", "DEPTH_AT_PL": null, "DEPTH_AT_PL_BELOW_CL": null, "OFFSET_DIRECTION": null, "OFFSET_FROM_PL": null, "DIAMETER_INSIDE": 200, "NAMENUMBER": null, "TO_MAIN_FID": null, "PERMIT_NUMBER": null, "STREET_NAME": "HEATHER ST", "HUNDRED_BLOCK": "3900", "HCORACLEID": null, "AS_BUILT": "Yes", "LASTUPDATE_iso": "2018-09-18", "INSTALLDATE_iso": "1989-01-01", "TV_LAST_INSPECTION_DATE_iso": "2014-04-07"}, "geometry": {"type": "LineString", "coordinates": [[-123.12033238346562, 49.25027247470202], [-123.12031259476333, 49.25070715370162]]}}, {"type": "Feature", "properties": {"SHAPE_Length": 98.53782279909906, "OBJECTID": 136462848, "COV_SOURCE_KEY": "505997", "LASTUPDATE": 1537255821000, "TBFID": 505997, "UNIT_DESCRIPTION": null, "INSTALLDATE": 599644800000, "LANE_LOCATION": "blank", "PIPE_USE": "Main", "SERVICE_STATUS": "In Service", "EFFLUENT_TYPE": "Sanitary", "TB_LENGTH": 98.54, "GRADE": 10.47, "MATERIAL": "Vitrified Clay", "VALIDATION_DATE": null, "BUN": null, "UPSTREAM_INVERT": 63.1, "UPSTRM_INVERT_ESTIMATED": "No", "DWNSTREAM_INVERT": 52.78, "DNSTRM_INVERT_ESTIMATED": "No", "RAMP_TYPE": null, "PIPE_SHAPE": "Round", "HEIGHT_MM": 0, "WIDTH_MM": 0, "SECTION_NAME": null, "FLOW_CATEGORY": "Gravity", "NORMAL_PRESSURE": 0, "LINING_MATERIAL": "blank", "ON_PILES": "No", "ON_SLAB": "No", "NFB_NOTATION": null, "DRAWING_NUMBER": null, "PP_NUMBER": "H60", "NFB_ELEVATION": 0, "NFB_TYPE": "blank", "WET_WEATHER_ONLY": "No", "REMARKS": null, "LEGACY_ID": "__FJC2HW", "SOIL_TYPE": "blank", "SOIL_CONDITION": "blank", "TYPE_OF_FILL": null, "OWNEDBY": "COVAV", "OPERATOR": null, "UNIT_ID": "414505", "MAIN_KEY_1": 21444, "MAIN_COMP1": "30", "UNIT_ID_2": "424096", "MAIN_KEY_2": 29909, "MAIN_COMP2": 30, "COMPKEY": 395042, "MAIN_KEY": 34598, "COMPTYPE": 31, "UPDATED_BY": "ENHANMGETASK", "ADDRESS_KEY": 153486, "TB_AREA": "CBC07", "DISTRICT": "3", "FACET_GRID": "O15", "CONSTRUCTION_TECHNIQUE": "unknown", "CONNECTN_TYPE": null, "CONNECTN_CONDITION": "{null}", "DATE_OF_PERMIT": null, "SPECIAL_INSTRUCTIONS": null, "TV_CONDITION": "Very Good", "TV_LAST_INSPECTION_DATE": 1396854000000, "TV_INCOMPLETE": "No", "TV_NEXT_INSPECTED_DATE": null, "LAST_INSPECTED_OK": null, "DATE_LAST_CLEANING_REQ": null, "DT_LAST_CLEANED": null, "INSPECTED_USER_ID": null, "CLEAN_USER_ID": null, "FURTHER_WORK_REQUIRED": "No", "FURTHERWORK_COMPLETED": "No", "WORK_ID": null, "PARALLEL_LINE_NO": null, "DISTANCE": 97.35, "MAP_TOOLTIP": "98.54 - 200 SAN n/a 10.47 % 1989 1", "HC_FID": null, "SUBAREA": "O15", "DEPTH_AT_PL": null, "DEPTH_AT_PL_BELOW_CL": null, "OFFSET_DIRECTION": null, "OFFSET_FROM_PL": null, "DIAMETER_INSIDE": 200, "NAMENUMBER": null, "TO_MAIN_FID": null, "PERMIT_NUMBER": null, "STREET_NAME": "HEATHER ST", "HUNDRED_BLOCK": "3800", "HCORACLEID": null, "AS_BUILT": "Yes", "LASTUPDATE_iso": "2018-09-18", "INSTALLDATE_iso": "1989-01-01", "TV_LAST_INSPECTION_DATE_iso": "2014-04-07"}, "geometry": {"type": "LineString", "coordinates": [[-123.1203139689296, 49.25070717925629], [-123.12028453119062, 49.251593338667995]]}}, {"type": "Feature", "properties": {"SHAPE_Length": 85.68145286391825, "OBJECTID": 136463232, "COV_SOURCE_KEY": "510103", "LASTUPDATE": 1658388621000, "TBFID": 510103, "UNIT_DESCRIPTION": "SOME ROCKS", "INSTALLDATE": 694252800000, "LANE_LOCATION": "blank", "PIPE_USE": "Main", "SERVICE_STATUS": "In Service", "EFFLUENT_TYPE": "Sanitary", "TB_LENGTH": 85.68, "GRADE": 1.31, "MATERIAL": "Vitrified Clay", "VALIDATION_DATE": null, "BUN": null, "UPSTREAM_INVERT": 48.42, "UPSTRM_INVERT_ESTIMATED": "No", "DWNSTREAM_INVERT": 47.3, "DNSTRM_INVERT_ESTIMATED": "No", "RAMP_TYPE": null, "PIPE_SHAPE": "Round", "HEIGHT_MM": 0, "WIDTH_MM": 0, "SECTION_NAME": null, "FLOW_CATEGORY": "Gravity", "NORMAL_PRESSURE": 0, "LINING_MATERIAL": "blank", "ON_PILES": "No", "ON_SLAB": "No", "NFB_NOTATION": null, "DRAWING_NUMBER": null, "PP_NUMBER": "S135", "NFB_ELEVATION": 0, "NFB_TYPE": "blank", "WET_WEATHER_ONLY": "No", "REMARKS": null, "LEGACY_ID": "__FJC3TK", "SOIL_TYPE": "BLUE CLAY", "SOIL_CONDITION": "blank", "TYPE_OF_FILL": null, "OWNEDBY": "COVAV", "OPERATOR": null, "UNIT_ID": "416250", "MAIN_KEY_1": 22636, "MAIN_COMP1": "30", "UNIT_ID_2": "416625", "MAIN_KEY_2": 22723, "MAIN_COMP2": 30, "COMPKEY": 363814, "MAIN_KEY": 7017, "COMPTYPE": 31, "UPDATED_BY": "ENHANMGETASK", "ADDRESS_KEY": 148306, "TB_AREA": "CBC07", "DISTRICT": "3", "FACET_GRID": "O14", "CONSTRUCTION_TECHNIQUE": "unknown", "CONNECTN_TYPE": null, "CONNECTN_CONDITION": "{null}", "DATE_OF_PERMIT": null, "SPECIAL_INSTRUCTIONS": null, "TV_CONDITION": "Very Good", "TV_LAST_INSPECTION_DATE": 1656313200000, "TV_INCOMPLETE": "No", "TV_NEXT_INSPECTED_DATE": null, "LAST_INSPECTED_OK": null, "DATE_LAST_CLEANING_REQ": null, "DT_LAST_CLEANED": null, "INSPECTED_USER_ID": null, "CLEAN_USER_ID": null, "FURTHER_WORK_REQUIRED": "No", "FURTHERWORK_COMPLETED": "No", "WORK_ID": null, "PARALLEL_LINE_NO": null, "DISTANCE": 85.6, "MAP_TOOLTIP": "85.68 - 200 SAN n/a 1.31 % 1992 1", "HC_FID": null, "SUBAREA": "O14", "DEPTH_AT_PL": null, "DEPTH_AT_PL_BELOW_CL": null, "OFFSET_DIRECTION": null, "OFFSET_FROM_PL": null, "DIAMETER_INSIDE": 200, "NAMENUMBER": null, "TO_MAIN_FID": null, "PERMIT_NUMBER": null, "STREET_NAME": "W 17TH AV", "HUNDRED_BLOCK": "800", "HCORACLEID": null, "AS_BUILT": "Yes", "LASTUPDATE_iso": "2022-07-21", "INSTALLDATE_iso": "1992-01-01", "TV_LAST_INSPECTION_DATE_iso": "2022-06-27"}, "geometry": {"type": "LineString", "coordinates": [[-123.12441343835147, 49.25622220742659], [-123.12323635104809, 49.25620225821354]]}}, {"type": "Feature", "properties": {"SHAPE_Length": 112.921347086748, "OBJECTID": 136465122, "COV_SOURCE_KEY": "513696", "LASTUPDATE": 1737755893000, "TBFID": 513696, "UNIT_DESCRIPTION": "RETAIN AS SANITARY (DB 2488)", "INSTALLDATE": -946742400000, "LANE_LOCATION": "blank", "PIPE_USE": "Main", "SERVICE_STATUS": "In Service", "EFFLUENT_TYPE": "Sanitary", "TB_LENGTH": 112.92, "GRADE": 1.13, "MATERIAL": "blank", "VALIDATION_DATE": null, "BUN": null, "UPSTREAM_INVERT": 57.67, "UPSTRM_INVERT_ESTIMATED": "No", "DWNSTREAM_INVERT": 56.39, "DNSTRM_INVERT_ESTIMATED": "No", "RAMP_TYPE": null, "PIPE_SHAPE": "Round", "HEIGHT_MM": 0, "WIDTH_MM": 0, "SECTION_NAME": null, "FLOW_CATEGORY": "Gravity", "NORMAL_PRESSURE": 0, "LINING_MATERIAL": "blank", "ON_PILES": "No", "ON_SLAB": "No", "NFB_NOTATION": null, "DRAWING_NUMBER": null, "PP_NUMBER": "C60", "NFB_ELEVATION": 0, "NFB_TYPE": "blank", "WET_WEATHER_ONLY": "No", "REMARKS": null, "LEGACY_ID": "__FJC2JO", "SOIL_TYPE": "blank", "SOIL_CONDITION": "blank", "TYPE_OF_FILL": null, "OWNEDBY": "COVAV", "OPERATOR": null, "UNIT_ID": "416678", "MAIN_KEY_1": 21984, "MAIN_COMP1": "30", "UNIT_ID_2": "422257", "MAIN_KEY_2": 27925, "MAIN_COMP2": 30, "COMPKEY": 381609, "MAIN_KEY": 21165, "COMPTYPE": 31, "UPDATED_BY": "XUG16", "ADDRESS_KEY": 150497, "TB_AREA": "CBC07", "DISTRICT": "3", "FACET_GRID": "O15", "CONSTRUCTION_TECHNIQUE": "unknown", "CONNECTN_TYPE": null, "CONNECTN_CONDITION": "{null}", "DATE_OF_PERMIT": null, "SPECIAL_INSTRUCTIONS": null, "TV_CONDITION": "Good/Fair", "TV_LAST_INSPECTION_DATE": 1637395200000, "TV_INCOMPLETE": "No", "TV_NEXT_INSPECTED_DATE": null, "LAST_INSPECTED_OK": null, "DATE_LAST_CLEANING_REQ": null, "DT_LAST_CLEANED": null, "INSPECTED_USER_ID": null, "CLEAN_USER_ID": null, "FURTHER_WORK_REQUIRED": "No", "FURTHERWORK_COMPLETED": "No", "WORK_ID": null, "PARALLEL_LINE_NO": null, "DISTANCE": 112.9, "MAP_TOOLTIP": "112.92 - 450 SAN n/a 1.13 % 1940 3", "HC_FID": null, "SUBAREA": "O15", "DEPTH_AT_PL": null, "DEPTH_AT_PL_BELOW_CL": null, "OFFSET_DIRECTION": null, "OFFSET_FROM_PL": null, "DIAMETER_INSIDE": 450, "NAMENUMBER": null, "TO_MAIN_FID": null, "PERMIT_NUMBER": null, "STREET_NAME": "CAMBIE ST", "HUNDRED_BLOCK": "3500", "HCORACLEID": null, "AS_BUILT": "Yes", "LASTUPDATE_iso": "2025-01-24", "INSTALLDATE_iso": "1940-01-01", "TV_LAST_INSPECTION_DATE_iso": "2021-11-20"}, "geometry": {"type": "LineString", "coordinates": [[-123.11510102414864, 49.25301572663292], [-123.1150575141997, 49.25403107873186]]}}, {"type": "Feature", "properties": {"SHAPE_Length": 80.22948288502096, "OBJECTID": 136467465, "COV_SOURCE_KEY": "513512", "LASTUPDATE": 1638992357000, "TBFID": 513512, "UNIT_DESCRIPTION": null, "INSTALLDATE": 694252800000, "LANE_LOCATION": "Lane North", "PIPE_USE": "Main", "SERVICE_STATUS": "In Service", "EFFLUENT_TYPE": "Sanitary", "TB_LENGTH": 80.23, "GRADE": 4.75, "MATERIAL": "Concrete", "VALIDATION_DATE": null, "BUN": null, "UPSTREAM_INVERT": 66.18, "UPSTRM_INVERT_ESTIMATED": "No", "DWNSTREAM_INVERT": 62.37, "DNSTRM_INVERT_ESTIMATED": "No", "RAMP_TYPE": null, "PIPE_SHAPE": "Round", "HEIGHT_MM": 0, "WIDTH_MM": 0, "SECTION_NAME": null, "FLOW_CATEGORY": "Gravity", "NORMAL_PRESSURE": 0, "LINING_MATERIAL": "blank", "ON_PILES": "No", "ON_SLAB": "No", "NFB_NOTATION": null, "DRAWING_NUMBER": null, "PP_NUMBER": "T125", "NFB_ELEVATION": 0, "NFB_TYPE": "blank", "WET_WEATHER_ONLY": "No", "REMARKS": null, "LEGACY_ID": "__FJC2G0", "SOIL_TYPE": "S/CLAY", "SOIL_CONDITION": "blank", "TYPE_OF_FILL": null, "OWNEDBY": "COVAV", "OPERATOR": null, "UNIT_ID": "411522", "MAIN_KEY_1": 17694, "MAIN_COMP1": "30", "UNIT_ID_2": "411520", "MAIN_KEY_2": 17692, "MAIN_COMP2": 30, "COMPKEY": 380010, "MAIN_KEY": 19566, "COMPTYPE": 31, "UPDATED_BY": "ENHANMGETASK", "ADDRESS_KEY": 147977, "TB_AREA": "CBC06", "DISTRICT": "3", "FACET_GRID": "N15", "CONSTRUCTION_TECHNIQUE": "unknown", "CONNECTN_TYPE": null, "CONNECTN_CONDITION": "{null}", "DATE_OF_PERMIT": null, "SPECIAL_INSTRUCTIONS": null, "TV_CONDITION": "Very Good", "TV_LAST_INSPECTION_DATE": 1633762800000, "TV_INCOMPLETE": "No", "TV_NEXT_INSPECTED_DATE": null, "LAST_INSPECTED_OK": null, "DATE_LAST_CLEANING_REQ": null, "DT_LAST_CLEANED": null, "INSPECTED_USER_ID": null, "CLEAN_USER_ID": null, "FURTHER_WORK_REQUIRED": "No", "FURTHERWORK_COMPLETED": "No", "WORK_ID": null, "PARALLEL_LINE_NO": null, "DISTANCE": 80.6, "MAP_TOOLTIP": "80.23 - 375 SAN n/a 4.75 % 1992 1", "HC_FID": null, "SUBAREA": "N15", "DEPTH_AT_PL": null, "DEPTH_AT_PL_BELOW_CL": null, "OFFSET_DIRECTION": null, "OFFSET_FROM_PL": null, "DIAMETER_INSIDE": 375, "NAMENUMBER": null, "TO_MAIN_FID": null, "PERMIT_NUMBER": null, "STREET_NAME": "W 23RD AV", "HUNDRED_BLOCK": "900", "HCORACLEID": null, "AS_BUILT": "Yes", "LASTUPDATE_iso": "2021-12-08", "INSTALLDATE_iso": "1992-01-01", "TV_LAST_INSPECTION_DATE_iso": "2021-10-09"}, "geometry": {"type": "LineString", "coordinates": [[-123.12692568720793, 49.251252339829506], [-123.12582346871203, 49.251237641898946]]}}, {"type": "Feature", "properties": {"SHAPE_Length": 32.16608121900846, "OBJECTID": 136467467, "COV_SOURCE_KEY": "513514", "LASTUPDATE": 1638992368000, "TBFID": 513514, "UNIT_DESCRIPTION": null, "INSTALLDATE": 694252800000, "LANE_LOCATION": "Lane North", "PIPE_USE": "Main", "SERVICE_STATUS": "In Service", "EFFLUENT_TYPE": "Sanitary", "TB_LENGTH": 32.17, "GRADE": 2.36, "MATERIAL": "Concrete", "VALIDATION_DATE": null, "BUN": null, "UPSTREAM_INVERT": 66.94, "UPSTRM_INVERT_ESTIMATED": "No", "DWNSTREAM_INVERT": 66.18, "DNSTRM_INVERT_ESTIMATED": "No", "RAMP_TYPE": null, "PIPE_SHAPE": "Round", "HEIGHT_MM": 0, "WIDTH_MM": 0, "SECTION_NAME": null, "FLOW_CATEGORY": "Gravity", "NORMAL_PRESSURE": 0, "LINING_MATERIAL": "blank", "ON_PILES": "No", "ON_SLAB": "No", "NFB_NOTATION": null, "DRAWING_NUMBER": null, "PP_NUMBER": "T125", "NFB_ELEVATION": 0, "NFB_TYPE": "blank", "WET_WEATHER_ONLY": "No", "REMARKS": null, "LEGACY_ID": "__FJC2G2", "SOIL_TYPE": "S/CLAY", "SOIL_CONDITION": "blank", "TYPE_OF_FILL": null, "OWNEDBY": "COVAV", "OPERATOR": null, "UNIT_ID": "411892", "MAIN_KEY_1": 17776, "MAIN_COMP1": "30", "UNIT_ID_2": "411522", "MAIN_KEY_2": 17694, "MAIN_COMP2": 30, "COMPKEY": 380012, "MAIN_KEY": 19568, "COMPTYPE": 31, "UPDATED_BY": "ENHANMGETASK", "ADDRESS_KEY": 147977, "TB_AREA": "CBC06", "DISTRICT": "3", "FACET_GRID": "N15", "CONSTRUCTION_TECHNIQUE": "unknown", "CONNECTN_TYPE": null, "CONNECTN_CONDITION": "{null}", "DATE_OF_PERMIT": null, "SPECIAL_INSTRUCTIONS": null, "TV_CONDITION": "Very Good", "TV_LAST_INSPECTION_DATE": 1633762800000, "TV_INCOMPLETE": "No", "TV_NEXT_INSPECTED_DATE": null, "LAST_INSPECTED_OK": null, "DATE_LAST_CLEANING_REQ": null, "DT_LAST_CLEANED": null, "INSPECTED_USER_ID": null, "CLEAN_USER_ID": null, "FURTHER_WORK_REQUIRED": "No", "FURTHERWORK_COMPLETED": "No", "WORK_ID": null, "PARALLEL_LINE_NO": null, "DISTANCE": 31.9, "MAP_TOOLTIP": "32.17 - 450 SAN n/a 2.36 % 1992 1", "HC_FID": null, "SUBAREA": "N15", "DEPTH_AT_PL": null, "DEPTH_AT_PL_BELOW_CL": null, "OFFSET_DIRECTION": null, "OFFSET_FROM_PL": null, "DIAMETER_INSIDE": 450, "NAMENUMBER": null, "TO_MAIN_FID": null, "PERMIT_NUMBER": null, "STREET_NAME": "W 23RD AV", "HUNDRED_BLOCK": "900", "HCORACLEID": null, "AS_BUILT": "Yes", "LASTUPDATE_iso": "2021-12-08", "INSTALLDATE_iso": "1992-01-01", "TV_LAST_INSPECTION_DATE_iso": "2021-10-09"}, "geometry": {"type": "LineString", "coordinates": [[-123.12736737105348, 49.251263277692985], [-123.12692568720793, 49.251252339829506]]}}, {"type": "Feature", "properties": {"SHAPE_Length": 99.77816958106978, "OBJECTID": 136468331, "COV_SOURCE_KEY": "517680", "LASTUPDATE": 1737751432000, "TBFID": 517680, "UNIT_DESCRIPTION": "RETAIN AS SANITARY - DB 2488", "INSTALLDATE": -946742400000, "LANE_LOCATION": "blank", "PIPE_USE": "Main", "SERVICE_STATUS": "In Service", "EFFLUENT_TYPE": "Sanitary", "TB_LENGTH": 99.78, "GRADE": 0.7, "MATERIAL": "blank", "VALIDATION_DATE": null, "BUN": null, "UPSTREAM_INVERT": 58.37, "UPSTRM_INVERT_ESTIMATED": "No", "DWNSTREAM_INVERT": 57.67, "DNSTRM_INVERT_ESTIMATED": "No", "RAMP_TYPE": null, "PIPE_SHAPE": "Round", "HEIGHT_MM": 0, "WIDTH_MM": 0, "SECTION_NAME": null, "FLOW_CATEGORY": "Gravity", "NORMAL_PRESSURE": 0, "LINING_MATERIAL": "blank", "ON_PILES": "No", "ON_SLAB": "No", "NFB_NOTATION": null, "DRAWING_NUMBER": null, "PP_NUMBER": "C60", "NFB_ELEVATION": 0, "NFB_TYPE": "blank", "WET_WEATHER_ONLY": "No", "REMARKS": null, "LEGACY_ID": "__FJC2KM", "SOIL_TYPE": "blank", "SOIL_CONDITION": "blank", "TYPE_OF_FILL": null, "OWNEDBY": "COVAV", "OPERATOR": null, "UNIT_ID": "416685", "MAIN_KEY_1": 21991, "MAIN_COMP1": "30", "UNIT_ID_2": "416678", "MAIN_KEY_2": 21984, "MAIN_COMP2": 30, "COMPKEY": 396672, "MAIN_KEY": 36228, "COMPTYPE": 31, "UPDATED_BY": "XUG16", "ADDRESS_KEY": 155791, "TB_AREA": "CBC07", "DISTRICT": "3", "FACET_GRID": "O15", "CONSTRUCTION_TECHNIQUE": "unknown", "CONNECTN_TYPE": null, "CONNECTN_CONDITION": "{null}", "DATE_OF_PERMIT": null, "SPECIAL_INSTRUCTIONS": null, "TV_CONDITION": "Very Good", "TV_LAST_INSPECTION_DATE": 1637395200000, "TV_INCOMPLETE": "No", "TV_NEXT_INSPECTED_DATE": null, "LAST_INSPECTED_OK": null, "DATE_LAST_CLEANING_REQ": null, "DT_LAST_CLEANED": 1236067200000, "INSPECTED_USER_ID": null, "CLEAN_USER_ID": "ENSOCM", "FURTHER_WORK_REQUIRED": "No", "FURTHERWORK_COMPLETED": "No", "WORK_ID": "ENSOCM", "PARALLEL_LINE_NO": null, "DISTANCE": 99.8, "MAP_TOOLTIP": "99.78 - 450 SAN n/a 0.70 % 1940 1", "HC_FID": null, "SUBAREA": "O15", "DEPTH_AT_PL": null, "DEPTH_AT_PL_BELOW_CL": null, "OFFSET_DIRECTION": null, "OFFSET_FROM_PL": null, "DIAMETER_INSIDE": 450, "NAMENUMBER": null, "TO_MAIN_FID": null, "PERMIT_NUMBER": null, "STREET_NAME": "CAMBIE ST", "HUNDRED_BLOCK": "3600", "HCORACLEID": null, "AS_BUILT": "Yes", "LASTUPDATE_iso": "2025-01-24", "INSTALLDATE_iso": "1940-01-01", "TV_LAST_INSPECTION_DATE_iso": "2021-11-20", "DT_LAST_CLEANED_iso": "2009-03-03"}, "geometry": {"type": "LineString", "coordinates": [[-123.11513832120184, 49.25211853280801], [-123.11510102414864, 49.25301572663292]]}}, {"type": "Feature", "properties": {"SHAPE_Length": 30.671233590966924, "OBJECTID": 136571362, "COV_SOURCE_KEY": "1363868", "LASTUPDATE": 1755807300000, "TBFID": 1363868, "UNIT_DESCRIPTION": null, "INSTALLDATE": 1293868800000, "LANE_LOCATION": null, "PIPE_USE": "Main", "SERVICE_STATUS": "In Service", "EFFLUENT_TYPE": "Sanitary", "TB_LENGTH": 30.67123359, "GRADE": 2.31, "MATERIAL": "Polyvinyl Chloride", "VALIDATION_DATE": null, "BUN": "MN-O16-001", "UPSTREAM_INVERT": 75, "UPSTRM_INVERT_ESTIMATED": "Yes", "DWNSTREAM_INVERT": 74.292, "DNSTRM_INVERT_ESTIMATED": "No", "RAMP_TYPE": "Closed", "PIPE_SHAPE": null, "HEIGHT_MM": null, "WIDTH_MM": null, "SECTION_NAME": null, "FLOW_CATEGORY": "Gravity", "NORMAL_PRESSURE": null, "LINING_MATERIAL": null, "ON_PILES": null, "ON_SLAB": null, "NFB_NOTATION": null, "DRAWING_NUMBER": "DB-2626", "PP_NUMBER": null, "NFB_ELEVATION": null, "NFB_TYPE": null, "WET_WEATHER_ONLY": null, "REMARKS": "C/R.", "LEGACY_ID": "__FPC1FC", "SOIL_TYPE": null, "SOIL_CONDITION": null, "TYPE_OF_FILL": null, "OWNEDBY": "COVAV", "OPERATOR": "COVAV", "UNIT_ID": "1363873", "MAIN_KEY_1": 641071, "MAIN_COMP1": "30", "UNIT_ID_2": "420684", "MAIN_KEY_2": 26787, "MAIN_COMP2": 30, "COMPKEY": 641075, "MAIN_KEY": 39081, "COMPTYPE": 31, "UPDATED_BY": "PEN31", "ADDRESS_KEY": 138271, "TB_AREA": "CBC07", "DISTRICT": "3", "FACET_GRID": "O16", "CONSTRUCTION_TECHNIQUE": null, "CONNECTN_TYPE": null, "CONNECTN_CONDITION": null, "DATE_OF_PERMIT": null, "SPECIAL_INSTRUCTIONS": null, "TV_CONDITION": null, "TV_LAST_INSPECTION_DATE": null, "TV_INCOMPLETE": null, "TV_NEXT_INSPECTED_DATE": null, "LAST_INSPECTED_OK": null, "DATE_LAST_CLEANING_REQ": null, "DT_LAST_CLEANED": null, "INSPECTED_USER_ID": null, "CLEAN_USER_ID": null, "FURTHER_WORK_REQUIRED": null, "FURTHERWORK_COMPLETED": null, "WORK_ID": null, "PARALLEL_LINE_NO": null, "DISTANCE": null, "MAP_TOOLTIP": "30.67 - 150 SAN  2.31 % 2011 ", "HC_FID": null, "SUBAREA": "O16", "DEPTH_AT_PL": null, "DEPTH_AT_PL_BELOW_CL": null, "OFFSET_DIRECTION": null, "OFFSET_FROM_PL": null, "DIAMETER_INSIDE": 150, "NAMENUMBER": "MN-O16-001", "TO_MAIN_FID": null, "PERMIT_NUMBER": null, "STREET_NAME": "ASH ST", "HUNDRED_BLOCK": "4100", "HCORACLEID": null, "AS_BUILT": "No", "LASTUPDATE_iso": "2025-08-21", "INSTALLDATE_iso": "2011-01-01"}, "geometry": {"type": "LineString", "coordinates": [[-123.11848836394222, 49.24773388481907], [-123.11847227424863, 49.24800957818103]]}}, {"type": "Feature", "properties": {"SHAPE_Length": 20.929174890001107, "OBJECTID": 136571555, "COV_SOURCE_KEY": "1596847", "LASTUPDATE": 1392329690000, "TBFID": 1596847, "UNIT_DESCRIPTION": null, "INSTALLDATE": 1017385200000, "LANE_LOCATION": null, "PIPE_USE": "Main", "SERVICE_STATUS": "In Service", "EFFLUENT_TYPE": "Sanitary", "TB_LENGTH": 20.92917489, "GRADE": 5.92, "MATERIAL": "Polyvinyl Chloride", "VALIDATION_DATE": null, "BUN": "MN-O17-003", "UPSTREAM_INVERT": 95.46, "UPSTRM_INVERT_ESTIMATED": null, "DWNSTREAM_INVERT": 94.22, "DNSTRM_INVERT_ESTIMATED": null, "RAMP_TYPE": null, "PIPE_SHAPE": null, "HEIGHT_MM": null, "WIDTH_MM": null, "SECTION_NAME": null, "FLOW_CATEGORY": "Gravity", "NORMAL_PRESSURE": null, "LINING_MATERIAL": null, "ON_PILES": null, "ON_SLAB": null, "NFB_NOTATION": null, "DRAWING_NUMBER": "DB2412", "PP_NUMBER": null, "NFB_ELEVATION": null, "NFB_TYPE": null, "WET_WEATHER_ONLY": null, "REMARKS": "ENTERED AS PER DESIGN", "LEGACY_ID": "__FRFIYZ", "SOIL_TYPE": null, "SOIL_CONDITION": null, "TYPE_OF_FILL": null, "OWNEDBY": "COVAV", "OPERATOR": "COVAV", "UNIT_ID": "403002", "MAIN_KEY_1": 8379, "MAIN_COMP1": "30", "UNIT_ID_2": "403001", "MAIN_KEY_2": 8378, "MAIN_COMP2": 30, "COMPKEY": 829790, "MAIN_KEY": 49736, "COMPTYPE": 31, "UPDATED_BY": "enwwio", "ADDRESS_KEY": 156147, "TB_AREA": "CBC07", "DISTRICT": "3", "FACET_GRID": "O17", "CONSTRUCTION_TECHNIQUE": null, "CONNECTN_TYPE": null, "CONNECTN_CONDITION": null, "DATE_OF_PERMIT": null, "SPECIAL_INSTRUCTIONS": null, "TV_CONDITION": null, "TV_LAST_INSPECTION_DATE": null, "TV_INCOMPLETE": null, "TV_NEXT_INSPECTED_DATE": null, "LAST_INSPECTED_OK": null, "DATE_LAST_CLEANING_REQ": null, "DT_LAST_CLEANED": null, "INSPECTED_USER_ID": null, "CLEAN_USER_ID": null, "FURTHER_WORK_REQUIRED": null, "FURTHERWORK_COMPLETED": null, "WORK_ID": null, "PARALLEL_LINE_NO": null, "DISTANCE": null, "MAP_TOOLTIP": "20.93 - 150 SAN  5.92 % 2002 ", "HC_FID": null, "SUBAREA": "O17", "DEPTH_AT_PL": null, "DEPTH_AT_PL_BELOW_CL": null, "OFFSET_DIRECTION": null, "OFFSET_FROM_PL": null, "DIAMETER_INSIDE": 150, "NAMENUMBER": "MN-O17-003", "TO_MAIN_FID": null, "PERMIT_NUMBER": null, "STREET_NAME": "W 33RD AV", "HUNDRED_BLOCK": "600", "HCORACLEID": null, "AS_BUILT": null, "LASTUPDATE_iso": "2014-02-13", "INSTALLDATE_iso": "2002-03-29"}, "geometry": {"type": "LineString", "coordinates": [[-123.11809493523134, 49.24107157858188], [-123.11836801210718, 49.241071299116705], [-123.118378217432, 49.24106459619995]]}}, {"type": "Feature", "properties": {"SHAPE_Length": 17.348866705937006, "OBJECTID": 136572708, "COV_SOURCE_KEY": "1646914", "LASTUPDATE": 1463556590000, "TBFID": 1646914, "UNIT_DESCRIPTION": null, "INSTALLDATE": 1431068400000, "LANE_LOCATION": "Lane West", "PIPE_USE": "Main", "SERVICE_STATUS": "In Service", "EFFLUENT_TYPE": "Sanitary", "TB_LENGTH": 17.34886671, "GRADE": 9.05, "MATERIAL": "Polyvinyl Chloride", "VALIDATION_DATE": null, "BUN": "MN-O17-005", "UPSTREAM_INVERT": 83.21, "UPSTRM_INVERT_ESTIMATED": null, "DWNSTREAM_INVERT": 81.64, "DNSTRM_INVERT_ESTIMATED": null, "RAMP_TYPE": null, "PIPE_SHAPE": null, "HEIGHT_MM": null, "WIDTH_MM": null, "SECTION_NAME": null, "FLOW_CATEGORY": "Gravity", "NORMAL_PRESSURE": null, "LINING_MATERIAL": null, "ON_PILES": null, "ON_SLAB": null, "NFB_NOTATION": null, "DRAWING_NUMBER": "DB3187", "PP_NUMBER": null, "NFB_ELEVATION": null, "NFB_TYPE": null, "WET_WEATHER_ONLY": null, "REMARKS": null, "LEGACY_ID": "__FYG64X", "SOIL_TYPE": null, "SOIL_CONDITION": null, "TYPE_OF_FILL": null, "OWNEDBY": "COVAV", "OPERATOR": "COVAV", "UNIT_ID": "1646860", "MAIN_KEY_1": 857516, "MAIN_COMP1": "30", "UNIT_ID_2": "1646906", "MAIN_KEY_2": 857515, "MAIN_COMP2": 30, "COMPKEY": 857532, "MAIN_KEY": 52300, "COMPTYPE": 31, "UPDATED_BY": "ENHANMGETASK", "ADDRESS_KEY": 153297, "TB_AREA": "CBC07", "DISTRICT": "3", "FACET_GRID": "O17", "CONSTRUCTION_TECHNIQUE": null, "CONNECTN_TYPE": null, "CONNECTN_CONDITION": null, "DATE_OF_PERMIT": null, "SPECIAL_INSTRUCTIONS": null, "TV_CONDITION": "Very Good", "TV_LAST_INSPECTION_DATE": 1462777200000, "TV_INCOMPLETE": null, "TV_NEXT_INSPECTED_DATE": null, "LAST_INSPECTED_OK": null, "DATE_LAST_CLEANING_REQ": null, "DT_LAST_CLEANED": null, "INSPECTED_USER_ID": null, "CLEAN_USER_ID": null, "FURTHER_WORK_REQUIRED": "No", "FURTHERWORK_COMPLETED": "No", "WORK_ID": null, "PARALLEL_LINE_NO": null, "DISTANCE": null, "MAP_TOOLTIP": "17.35 - 200 SAN  9.05 % 2015 1", "HC_FID": null, "SUBAREA": "O17", "DEPTH_AT_PL": null, "DEPTH_AT_PL_BELOW_CL": null, "OFFSET_DIRECTION": null, "OFFSET_FROM_PL": null, "DIAMETER_INSIDE": 200, "NAMENUMBER": "MN-O17-005", "TO_MAIN_FID": null, "PERMIT_NUMBER": null, "STREET_NAME": "CAMBIE ST", "HUNDRED_BLOCK": "4500", "HCORACLEID": null, "AS_BUILT": "Yes", "LASTUPDATE_iso": "2016-05-18", "INSTALLDATE_iso": "2015-05-08", "TV_LAST_INSPECTION_DATE_iso": "2016-05-09"}, "geometry": {"type": "LineString", "coordinates": [[-123.11679559631379, 49.2450540573315], [-123.11668421950432, 49.24519203085703]]}}, {"type": "Feature", "properties": {"SHAPE_Length": 105.69090678319876, "OBJECTID": 136572711, "COV_SOURCE_KEY": "1646927", "LASTUPDATE": 1694244645000, "TBFID": 1646927, "UNIT_DESCRIPTION": null, "INSTALLDATE": 1431068400000, "LANE_LOCATION": "Lane West", "PIPE_USE": "Main", "SERVICE_STATUS": "In Service", "EFFLUENT_TYPE": "Sanitary", "TB_LENGTH": 105.69090679, "GRADE": 4.89, "MATERIAL": "Concrete", "VALIDATION_DATE": null, "BUN": "MN-O16-019", "UPSTREAM_INVERT": 81.62, "UPSTRM_INVERT_ESTIMATED": null, "DWNSTREAM_INVERT": 76.45, "DNSTRM_INVERT_ESTIMATED": null, "RAMP_TYPE": null, "PIPE_SHAPE": null, "HEIGHT_MM": null, "WIDTH_MM": null, "SECTION_NAME": null, "FLOW_CATEGORY": "Gravity", "NORMAL_PRESSURE": null, "LINING_MATERIAL": null, "ON_PILES": null, "ON_SLAB": null, "NFB_NOTATION": null, "DRAWING_NUMBER": "DB3187", "PP_NUMBER": null, "NFB_ELEVATION": null, "NFB_TYPE": null, "WET_WEATHER_ONLY": null, "REMARKS": null, "LEGACY_ID": "__FYG653", "SOIL_TYPE": null, "SOIL_CONDITION": null, "TYPE_OF_FILL": null, "OWNEDBY": "COVAV", "OPERATOR": "COVAV", "UNIT_ID": "1646906", "MAIN_KEY_1": 857515, "MAIN_COMP1": "30", "UNIT_ID_2": "1637845", "MAIN_KEY_2": 846356, "MAIN_COMP2": 30, "COMPKEY": 857527, "MAIN_KEY": 52296, "COMPTYPE": 31, "UPDATED_BY": "ENHANMGETASK", "ADDRESS_KEY": 151817, "TB_AREA": "CBC07", "DISTRICT": "3", "FACET_GRID": "O16", "CONSTRUCTION_TECHNIQUE": null, "CONNECTN_TYPE": null, "CONNECTN_CONDITION": null, "DATE_OF_PERMIT": null, "SPECIAL_INSTRUCTIONS": null, "TV_CONDITION": "Very Good", "TV_LAST_INSPECTION_DATE": 1692255600000, "TV_INCOMPLETE": null, "TV_NEXT_INSPECTED_DATE": null, "LAST_INSPECTED_OK": null, "DATE_LAST_CLEANING_REQ": null, "DT_LAST_CLEANED": null, "INSPECTED_USER_ID": null, "CLEAN_USER_ID": null, "FURTHER_WORK_REQUIRED": "No", "FURTHERWORK_COMPLETED": "No", "WORK_ID": null, "PARALLEL_LINE_NO": null, "DISTANCE": null, "MAP_TOOLTIP": "105.69 - 200 SAN  4.89 % 2015 1", "HC_FID": null, "SUBAREA": "O16", "DEPTH_AT_PL": null, "DEPTH_AT_PL_BELOW_CL": null, "OFFSET_DIRECTION": null, "OFFSET_FROM_PL": null, "DIAMETER_INSIDE": 200, "NAMENUMBER": "MN-O16-019", "TO_MAIN_FID": null, "PERMIT_NUMBER": null, "STREET_NAME": "CAMBIE ST", "HUNDRED_BLOCK": "4400", "HCORACLEID": null, "AS_BUILT": "Yes", "LASTUPDATE_iso": "2023-09-09", "INSTALLDATE_iso": "2015-05-08", "TV_LAST_INSPECTION_DATE_iso": "2023-08-17"}, "geometry": {"type": "LineString", "coordinates": [[-123.11668128084555, 49.24519270846766], [-123.11664263064527, 49.24614308507088]]}}, {"type": "Feature", "properties": {"SHAPE_Length": 102.0763485098099, "OBJECTID": 136573130, "COV_SOURCE_KEY": "1637839", "LASTUPDATE": 1434148880000, "TBFID": 1637839, "UNIT_DESCRIPTION": null, "INSTALLDATE": 1431068400000, "LANE_LOCATION": "Lane West", "PIPE_USE": "Main", "SERVICE_STATUS": "In Service", "EFFLUENT_TYPE": "Sanitary", "TB_LENGTH": 102.07634851, "GRADE": 4.27, "MATERIAL": "Vitrified Clay", "VALIDATION_DATE": null, "BUN": "MN-O16-017", "UPSTREAM_INVERT": 76.43, "UPSTRM_INVERT_ESTIMATED": null, "DWNSTREAM_INVERT": 72.07, "DNSTRM_INVERT_ESTIMATED": null, "RAMP_TYPE": null, "PIPE_SHAPE": null, "HEIGHT_MM": null, "WIDTH_MM": null, "SECTION_NAME": null, "FLOW_CATEGORY": "Gravity", "NORMAL_PRESSURE": null, "LINING_MATERIAL": null, "ON_PILES": null, "ON_SLAB": null, "NFB_NOTATION": null, "DRAWING_NUMBER": "DB3187", "PP_NUMBER": null, "NFB_ELEVATION": null, "NFB_TYPE": null, "WET_WEATHER_ONLY": null, "REMARKS": null, "LEGACY_ID": "__FWSV2T", "SOIL_TYPE": null, "SOIL_CONDITION": null, "TYPE_OF_FILL": null, "OWNEDBY": "COVAV", "OPERATOR": "COVAV", "UNIT_ID": "1637845", "MAIN_KEY_1": 846356, "MAIN_COMP1": "30", "UNIT_ID_2": "1637842", "MAIN_KEY_2": 846355, "MAIN_COMP2": 30, "COMPKEY": 846357, "MAIN_KEY": 51807, "COMPTYPE": 31, "UPDATED_BY": "ensxw1", "ADDRESS_KEY": 150281, "TB_AREA": "CBC07", "DISTRICT": "3", "FACET_GRID": "O16", "CONSTRUCTION_TECHNIQUE": null, "CONNECTN_TYPE": null, "CONNECTN_CONDITION": null, "DATE_OF_PERMIT": null, "SPECIAL_INSTRUCTIONS": null, "TV_CONDITION": null, "TV_LAST_INSPECTION_DATE": null, "TV_INCOMPLETE": null, "TV_NEXT_INSPECTED_DATE": null, "LAST_INSPECTED_OK": null, "DATE_LAST_CLEANING_REQ": null, "DT_LAST_CLEANED": null, "INSPECTED_USER_ID": null, "CLEAN_USER_ID": null, "FURTHER_WORK_REQUIRED": null, "FURTHERWORK_COMPLETED": null, "WORK_ID": null, "PARALLEL_LINE_NO": null, "DISTANCE": null, "MAP_TOOLTIP": "102.08 - 200 SAN  4.27 % 2015 ", "HC_FID": null, "SUBAREA": "O16", "DEPTH_AT_PL": null, "DEPTH_AT_PL_BELOW_CL": null, "OFFSET_DIRECTION": null, "OFFSET_FROM_PL": null, "DIAMETER_INSIDE": 200, "NAMENUMBER": "MN-O16-017", "TO_MAIN_FID": null, "PERMIT_NUMBER": null, "STREET_NAME": "CAMBIE ST", "HUNDRED_BLOCK": "4300", "HCORACLEID": null, "AS_BUILT": "Yes", "LASTUPDATE_iso": "2015-06-12", "INSTALLDATE_iso": "2015-05-08"}, "geometry": {"type": "LineString", "coordinates": [[-123.11664263064527, 49.24614308507088], [-123.11660585356285, 49.2470609688326]]}}, {"type": "Feature", "properties": {"SHAPE_Length": 108.76886512725603, "OBJECTID": 136573830, "COV_SOURCE_KEY": "1631485", "LASTUPDATE": 1420743491000, "TBFID": 1631485, "UNIT_DESCRIPTION": null, "INSTALLDATE": 1412060400000, "LANE_LOCATION": null, "PIPE_USE": "Main", "SERVICE_STATUS": "In Service", "EFFLUENT_TYPE": "Sanitary", "TB_LENGTH": 108.76886513, "GRADE": 0.76, "MATERIAL": "Vitrified Clay", "VALIDATION_DATE": null, "BUN": "MN-N15-022", "UPSTREAM_INVERT": 66.34, "UPSTRM_INVERT_ESTIMATED": null, "DWNSTREAM_INVERT": 65.51, "DNSTRM_INVERT_ESTIMATED": null, "RAMP_TYPE": null, "PIPE_SHAPE": null, "HEIGHT_MM": null, "WIDTH_MM": null, "SECTION_NAME": null, "FLOW_CATEGORY": "Gravity", "NORMAL_PRESSURE": null, "LINING_MATERIAL": null, "ON_PILES": null, "ON_SLAB": null, "NFB_NOTATION": null, "DRAWING_NUMBER": "DB3185", "PP_NUMBER": null, "NFB_ELEVATION": null, "NFB_TYPE": null, "WET_WEATHER_ONLY": null, "REMARKS": null, "LEGACY_ID": "__FVUQIJ", "SOIL_TYPE": null, "SOIL_CONDITION": null, "TYPE_OF_FILL": null, "OWNEDBY": "COVAV", "OPERATOR": "COVAV", "UNIT_ID": "1631471", "MAIN_KEY_1": 844012, "MAIN_COMP1": "30", "UNIT_ID_2": "1631445", "MAIN_KEY_2": 844006, "MAIN_COMP2": 30, "COMPKEY": 844048, "MAIN_KEY": 51608, "COMPTYPE": 31, "UPDATED_BY": "enwwio", "ADDRESS_KEY": 150657, "TB_AREA": "CBC06", "DISTRICT": "3", "FACET_GRID": "N15", "CONSTRUCTION_TECHNIQUE": null, "CONNECTN_TYPE": null, "CONNECTN_CONDITION": null, "DATE_OF_PERMIT": null, "SPECIAL_INSTRUCTIONS": null, "TV_CONDITION": null, "TV_LAST_INSPECTION_DATE": null, "TV_INCOMPLETE": null, "TV_NEXT_INSPECTED_DATE": null, "LAST_INSPECTED_OK": null, "DATE_LAST_CLEANING_REQ": null, "DT_LAST_CLEANED": null, "INSPECTED_USER_ID": null, "CLEAN_USER_ID": null, "FURTHER_WORK_REQUIRED": null, "FURTHERWORK_COMPLETED": null, "WORK_ID": null, "PARALLEL_LINE_NO": null, "DISTANCE": null, "MAP_TOOLTIP": "108.77 - 200 SAN  0.76 % 2014 ", "HC_FID": null, "SUBAREA": "N15", "DEPTH_AT_PL": null, "DEPTH_AT_PL_BELOW_CL": null, "OFFSET_DIRECTION": null, "OFFSET_FROM_PL": null, "DIAMETER_INSIDE": 200, "NAMENUMBER": "MN-N15-022", "TO_MAIN_FID": null, "PERMIT_NUMBER": null, "STREET_NAME": "W KING EDWARD AV", "HUNDRED_BLOCK": "1000", "HCORACLEID": null, "AS_BUILT": "Yes", "LASTUPDATE_iso": "2015-01-08", "INSTALLDATE_iso": "2014-09-30"}, "geometry": {"type": "LineString", "coordinates": [[-123.12838808688076, 49.249326149928436], [-123.12988223712665, 49.24934889292975]]}}, {"type": "Feature", "properties": {"SHAPE_Length": 63.648848926874344, "OBJECTID": 136575914, "COV_SOURCE_KEY": "1397521", "LASTUPDATE": 1321302030000, "TBFID": 1397521, "UNIT_DESCRIPTION": null, "INSTALLDATE": 1293868800000, "LANE_LOCATION": null, "PIPE_USE": "Main", "SERVICE_STATUS": "In Service", "EFFLUENT_TYPE": "Sanitary", "TB_LENGTH": 63.64884893, "GRADE": 1.68, "MATERIAL": "Polyvinyl Chloride", "VALIDATION_DATE": null, "BUN": null, "UPSTREAM_INVERT": 54.82, "UPSTRM_INVERT_ESTIMATED": null, "DWNSTREAM_INVERT": 53.75, "DNSTRM_INVERT_ESTIMATED": null, "RAMP_TYPE": null, "PIPE_SHAPE": "Round", "HEIGHT_MM": null, "WIDTH_MM": null, "SECTION_NAME": null, "FLOW_CATEGORY": "Gravity", "NORMAL_PRESSURE": null, "LINING_MATERIAL": null, "ON_PILES": null, "ON_SLAB": null, "NFB_NOTATION": null, "DRAWING_NUMBER": "DD724", "PP_NUMBER": null, "NFB_ELEVATION": null, "NFB_TYPE": null, "WET_WEATHER_ONLY": null, "REMARKS": null, "LEGACY_ID": "__FPCTUH", "SOIL_TYPE": null, "SOIL_CONDITION": null, "TYPE_OF_FILL": null, "OWNEDBY": "COVAV", "OPERATOR": "COVAV", "UNIT_ID": "1397454", "MAIN_KEY_1": 647674, "MAIN_COMP1": "30", "UNIT_ID_2": "1397446", "MAIN_KEY_2": 647673, "MAIN_COMP2": 30, "COMPKEY": 647677, "MAIN_KEY": 40070, "COMPTYPE": 31, "UPDATED_BY": "enaxk", "ADDRESS_KEY": 153375, "TB_AREA": "CBC08", "DISTRICT": "1", "FACET_GRID": "P14", "CONSTRUCTION_TECHNIQUE": null, "CONNECTN_TYPE": null, "CONNECTN_CONDITION": null, "DATE_OF_PERMIT": null, "SPECIAL_INSTRUCTIONS": null, "TV_CONDITION": null, "TV_LAST_INSPECTION_DATE": null, "TV_INCOMPLETE": null, "TV_NEXT_INSPECTED_DATE": null, "LAST_INSPECTED_OK": null, "DATE_LAST_CLEANING_REQ": null, "DT_LAST_CLEANED": null, "INSPECTED_USER_ID": null, "CLEAN_USER_ID": null, "FURTHER_WORK_REQUIRED": null, "FURTHERWORK_COMPLETED": null, "WORK_ID": null, "PARALLEL_LINE_NO": null, "DISTANCE": null, "MAP_TOOLTIP": "63.65 - 150 SAN  1.68 % 2011 ", "HC_FID": null, "SUBAREA": "P14", "DEPTH_AT_PL": null, "DEPTH_AT_PL_BELOW_CL": null, "OFFSET_DIRECTION": null, "OFFSET_FROM_PL": null, "DIAMETER_INSIDE": 150, "NAMENUMBER": null, "TO_MAIN_FID": null, "PERMIT_NUMBER": null, "STREET_NAME": "QUEBEC PLACE", "HUNDRED_BLOCK": "3300", "HCORACLEID": null, "AS_BUILT": "Yes", "LASTUPDATE_iso": "2011-11-14", "INSTALLDATE_iso": "2011-01-01"}, "geometry": {"type": "LineString", "coordinates": [[-123.10397656445075, 49.25512020819536], [-123.10395287159456, 49.25567589118694], [-123.10394536037703, 49.25569178350097]]}}, {"type": "Feature", "properties": {"SHAPE_Length": 36.384708216667995, "OBJECTID": 136578535, "COV_SOURCE_KEY": "1481238", "LASTUPDATE": 1318455330000, "TBFID": 1481238, "UNIT_DESCRIPTION": null, "INSTALLDATE": 1305788400000, "LANE_LOCATION": null, "PIPE_USE": "Main", "SERVICE_STATUS": "In Service", "EFFLUENT_TYPE": "Sanitary", "TB_LENGTH": 36.38470822, "GRADE": 2.67, "MATERIAL": "CL3R.C", "VALIDATION_DATE": null, "BUN": "MN-O14-005", "UPSTREAM_INVERT": 47.2, "UPSTRM_INVERT_ESTIMATED": null, "DWNSTREAM_INVERT": 46.23, "DNSTRM_INVERT_ESTIMATED": null, "RAMP_TYPE": "Closed", "PIPE_SHAPE": null, "HEIGHT_MM": null, "WIDTH_MM": null, "SECTION_NAME": null, "FLOW_CATEGORY": "Gravity", "NORMAL_PRESSURE": null, "LINING_MATERIAL": null, "ON_PILES": null, "ON_SLAB": null, "NFB_NOTATION": null, "DRAWING_NUMBER": "DB2711", "PP_NUMBER": null, "NFB_ELEVATION": null, "NFB_TYPE": null, "WET_WEATHER_ONLY": null, "REMARKS": ".", "LEGACY_ID": "__FPHG2E", "SOIL_TYPE": null, "SOIL_CONDITION": null, "TYPE_OF_FILL": null, "OWNEDBY": "COVAV", "OPERATOR": "COVAV", "UNIT_ID": "1482079", "MAIN_KEY_1": 786236, "MAIN_COMP1": "30", "UNIT_ID_2": "1481215", "MAIN_KEY_2": 786220, "MAIN_COMP2": 30, "COMPKEY": 786233, "MAIN_KEY": 42616, "COMPTYPE": 31, "UPDATED_BY": "enwwio", "ADDRESS_KEY": 156455, "TB_AREA": "CBC07", "DISTRICT": "3", "FACET_GRID": "O14", "CONSTRUCTION_TECHNIQUE": null, "CONNECTN_TYPE": null, "CONNECTN_CONDITION": null, "DATE_OF_PERMIT": null, "SPECIAL_INSTRUCTIONS": null, "TV_CONDITION": null, "TV_LAST_INSPECTION_DATE": null, "TV_INCOMPLETE": null, "TV_NEXT_INSPECTED_DATE": null, "LAST_INSPECTED_OK": null, "DATE_LAST_CLEANING_REQ": null, "DT_LAST_CLEANED": null, "INSPECTED_USER_ID": null, "CLEAN_USER_ID": null, "FURTHER_WORK_REQUIRED": null, "FURTHERWORK_COMPLETED": null, "WORK_ID": null, "PARALLEL_LINE_NO": null, "DISTANCE": null, "MAP_TOOLTIP": "36.38 - 675 SAN  2.67 % 2011 ", "HC_FID": null, "SUBAREA": "O14", "DEPTH_AT_PL": null, "DEPTH_AT_PL_BELOW_CL": null, "OFFSET_DIRECTION": null, "OFFSET_FROM_PL": null, "DIAMETER_INSIDE": 675, "NAMENUMBER": "MN-O14-005", "TO_MAIN_FID": null, "PERMIT_NUMBER": null, "STREET_NAME": "YUKON ST", "HUNDRED_BLOCK": "3000", "HCORACLEID": null, "AS_BUILT": "Yes", "LASTUPDATE_iso": "2011-10-12", "INSTALLDATE_iso": "2011-05-19"}, "geometry": {"type": "LineString", "coordinates": [[-123.11313546932631, 49.25699651479911], [-123.11312527789157, 49.25732373478383]]}}, {"type": "Feature", "properties": {"SHAPE_Length": 103.25497656899275, "OBJECTID": 136578650, "COV_SOURCE_KEY": "1505770", "LASTUPDATE": 1327595593000, "TBFID": 1505770, "UNIT_DESCRIPTION": null, "INSTALLDATE": 1318316400000, "LANE_LOCATION": null, "PIPE_USE": "Main", "SERVICE_STATUS": "In Service", "EFFLUENT_TYPE": "Sanitary", "TB_LENGTH": 103.25497657, "GRADE": 2.88, "MATERIAL": "CL3R.C", "VALIDATION_DATE": null, "BUN": "MN-P14-016", "UPSTREAM_INVERT": 47.63, "UPSTRM_INVERT_ESTIMATED": "No", "DWNSTREAM_INVERT": 44.66, "DNSTRM_INVERT_ESTIMATED": "Yes", "RAMP_TYPE": "Closed", "PIPE_SHAPE": null, "HEIGHT_MM": null, "WIDTH_MM": null, "SECTION_NAME": null, "FLOW_CATEGORY": "Gravity", "NORMAL_PRESSURE": null, "LINING_MATERIAL": null, "ON_PILES": null, "ON_SLAB": null, "NFB_NOTATION": null, "DRAWING_NUMBER": "DB-2742", "PP_NUMBER": null, "NFB_ELEVATION": null, "NFB_TYPE": null, "WET_WEATHER_ONLY": null, "REMARKS": "C/R", "LEGACY_ID": "__FPHY2V", "SOIL_TYPE": null, "SOIL_CONDITION": null, "TYPE_OF_FILL": null, "OWNEDBY": "COVAV", "OPERATOR": "COVAV", "UNIT_ID": "1505823", "MAIN_KEY_1": 791250, "MAIN_COMP1": "30", "UNIT_ID_2": "415308", "MAIN_KEY_2": 20904, "MAIN_COMP2": 30, "COMPKEY": 791267, "MAIN_KEY": 43591, "COMPTYPE": 31, "UPDATED_BY": "enaxk", "ADDRESS_KEY": 150300, "TB_AREA": "CBC08", "DISTRICT": "1", "FACET_GRID": "P14", "CONSTRUCTION_TECHNIQUE": null, "CONNECTN_TYPE": null, "CONNECTN_CONDITION": null, "DATE_OF_PERMIT": null, "SPECIAL_INSTRUCTIONS": null, "TV_CONDITION": null, "TV_LAST_INSPECTION_DATE": null, "TV_INCOMPLETE": null, "TV_NEXT_INSPECTED_DATE": null, "LAST_INSPECTED_OK": null, "DATE_LAST_CLEANING_REQ": null, "DT_LAST_CLEANED": null, "INSPECTED_USER_ID": null, "CLEAN_USER_ID": null, "FURTHER_WORK_REQUIRED": null, "FURTHERWORK_COMPLETED": null, "WORK_ID": null, "PARALLEL_LINE_NO": null, "DISTANCE": null, "MAP_TOOLTIP": "103.25 - 450 SAN  2.88 % 2011 ", "HC_FID": null, "SUBAREA": "P14", "DEPTH_AT_PL": null, "DEPTH_AT_PL_BELOW_CL": null, "OFFSET_DIRECTION": null, "OFFSET_FROM_PL": null, "DIAMETER_INSIDE": 450, "NAMENUMBER": "MN-P14-016", "TO_MAIN_FID": null, "PERMIT_NUMBER": null, "STREET_NAME": "MANITOBA ST", "HUNDRED_BLOCK": "3000", "HCORACLEID": null, "AS_BUILT": "Yes", "LASTUPDATE_iso": "2012-01-26", "INSTALLDATE_iso": "2011-10-11"}, "geometry": {"type": "LineString", "coordinates": [[-123.10715344283753, 49.256692970967904], [-123.10712754118447, 49.25762161616459]]}}, {"type": "Feature", "properties": {"SHAPE_Length": 3.475014387681562, "OBJECTID": 136578651, "COV_SOURCE_KEY": "1505773", "LASTUPDATE": 1327595594000, "TBFID": 1505773, "UNIT_DESCRIPTION": null, "INSTALLDATE": 1318316400000, "LANE_LOCATION": null, "PIPE_USE": "Main", "SERVICE_STATUS": "In Service", "EFFLUENT_TYPE": "Sanitary", "TB_LENGTH": 3.47501439, "GRADE": 4.69, "MATERIAL": "Polyvinyl Chloride", "VALIDATION_DATE": null, "BUN": null, "UPSTREAM_INVERT": 47.793, "UPSTRM_INVERT_ESTIMATED": "No", "DWNSTREAM_INVERT": 47.63, "DNSTRM_INVERT_ESTIMATED": "No", "RAMP_TYPE": null, "PIPE_SHAPE": null, "HEIGHT_MM": null, "WIDTH_MM": null, "SECTION_NAME": null, "FLOW_CATEGORY": "Gravity", "NORMAL_PRESSURE": null, "LINING_MATERIAL": null, "ON_PILES": null, "ON_SLAB": null, "NFB_NOTATION": null, "DRAWING_NUMBER": "DB-2742", "PP_NUMBER": null, "NFB_ELEVATION": null, "NFB_TYPE": null, "WET_WEATHER_ONLY": null, "REMARKS": null, "LEGACY_ID": "__FPHY2W", "SOIL_TYPE": null, "SOIL_CONDITION": null, "TYPE_OF_FILL": null, "OWNEDBY": "COVAV", "OPERATOR": "COVAV", "UNIT_ID": "1505827", "MAIN_KEY_1": 791251, "MAIN_COMP1": "30", "UNIT_ID_2": "1505823", "MAIN_KEY_2": 791250, "MAIN_COMP2": 30, "COMPKEY": 791278, "MAIN_KEY": 43599, "COMPTYPE": 31, "UPDATED_BY": "enaxk", "ADDRESS_KEY": 146121, "TB_AREA": "CBC07", "DISTRICT": "3", "FACET_GRID": "P14", "CONSTRUCTION_TECHNIQUE": null, "CONNECTN_TYPE": null, "CONNECTN_CONDITION": null, "DATE_OF_PERMIT": null, "SPECIAL_INSTRUCTIONS": null, "TV_CONDITION": null, "TV_LAST_INSPECTION_DATE": null, "TV_INCOMPLETE": null, "TV_NEXT_INSPECTED_DATE": null, "LAST_INSPECTED_OK": null, "DATE_LAST_CLEANING_REQ": null, "DT_LAST_CLEANED": null, "INSPECTED_USER_ID": null, "CLEAN_USER_ID": null, "FURTHER_WORK_REQUIRED": null, "FURTHERWORK_COMPLETED": null, "WORK_ID": null, "PARALLEL_LINE_NO": null, "DISTANCE": null, "MAP_TOOLTIP": "3.48 - 300 SAN  4.69 % 2011 ", "HC_FID": null, "SUBAREA": "P14", "DEPTH_AT_PL": null, "DEPTH_AT_PL_BELOW_CL": null, "OFFSET_DIRECTION": null, "OFFSET_FROM_PL": null, "DIAMETER_INSIDE": 300, "NAMENUMBER": null, "TO_MAIN_FID": null, "PERMIT_NUMBER": null, "STREET_NAME": "MANITOBA ST", "HUNDRED_BLOCK": "3200", "HCORACLEID": null, "AS_BUILT": "Yes", "LASTUPDATE_iso": "2012-01-26", "INSTALLDATE_iso": "2011-10-11"}, "geometry": {"type": "LineString", "coordinates": [[-123.10713674946652, 49.25666307735112], [-123.10715069430252, 49.256692973516934]]}}, {"type": "Feature", "properties": {"SHAPE_Length": 51.18320648535063, "OBJECTID": 136578653, "COV_SOURCE_KEY": "1505779", "LASTUPDATE": 1327595594000, "TBFID": 1505779, "UNIT_DESCRIPTION": null, "INSTALLDATE": 1318316400000, "LANE_LOCATION": null, "PIPE_USE": "Main", "SERVICE_STATUS": "In Service", "EFFLUENT_TYPE": "Sanitary", "TB_LENGTH": 51.18320648, "GRADE": 3.56, "MATERIAL": "Polyvinyl Chloride", "VALIDATION_DATE": null, "BUN": null, "UPSTREAM_INVERT": 49.615, "UPSTRM_INVERT_ESTIMATED": "No", "DWNSTREAM_INVERT": 47.793, "DNSTRM_INVERT_ESTIMATED": "No", "RAMP_TYPE": null, "PIPE_SHAPE": null, "HEIGHT_MM": null, "WIDTH_MM": null, "SECTION_NAME": null, "FLOW_CATEGORY": "Gravity", "NORMAL_PRESSURE": null, "LINING_MATERIAL": null, "ON_PILES": null, "ON_SLAB": null, "NFB_NOTATION": null, "DRAWING_NUMBER": "DB-2742", "PP_NUMBER": null, "NFB_ELEVATION": null, "NFB_TYPE": null, "WET_WEATHER_ONLY": null, "REMARKS": null, "LEGACY_ID": "__FPHY2Y", "SOIL_TYPE": null, "SOIL_CONDITION": null, "TYPE_OF_FILL": null, "OWNEDBY": "COVAV", "OPERATOR": "COVAV", "UNIT_ID": "1505816", "MAIN_KEY_1": 791252, "MAIN_COMP1": "30", "UNIT_ID_2": "1505827", "MAIN_KEY_2": 791251, "MAIN_COMP2": 30, "COMPKEY": 791279, "MAIN_KEY": 43600, "COMPTYPE": 31, "UPDATED_BY": "enaxk", "ADDRESS_KEY": 154525, "TB_AREA": "CBC07", "DISTRICT": "3", "FACET_GRID": "P14", "CONSTRUCTION_TECHNIQUE": null, "CONNECTN_TYPE": null, "CONNECTN_CONDITION": null, "DATE_OF_PERMIT": null, "SPECIAL_INSTRUCTIONS": null, "TV_CONDITION": null, "TV_LAST_INSPECTION_DATE": null, "TV_INCOMPLETE": null, "TV_NEXT_INSPECTED_DATE": null, "LAST_INSPECTED_OK": null, "DATE_LAST_CLEANING_REQ": null, "DT_LAST_CLEANED": null, "INSPECTED_USER_ID": null, "CLEAN_USER_ID": null, "FURTHER_WORK_REQUIRED": null, "FURTHERWORK_COMPLETED": null, "WORK_ID": null, "PARALLEL_LINE_NO": null, "DISTANCE": null, "MAP_TOOLTIP": "51.18 - 300 SAN  3.56 % 2011 ", "HC_FID": null, "SUBAREA": "P14", "DEPTH_AT_PL": null, "DEPTH_AT_PL_BELOW_CL": null, "OFFSET_DIRECTION": null, "OFFSET_FROM_PL": null, "DIAMETER_INSIDE": 300, "NAMENUMBER": null, "TO_MAIN_FID": null, "PERMIT_NUMBER": null, "STREET_NAME": "MANITOBA ST", "HUNDRED_BLOCK": "3200", "HCORACLEID": null, "AS_BUILT": "Yes", "LASTUPDATE_iso": "2012-01-26", "INSTALLDATE_iso": "2011-10-11"}, "geometry": {"type": "LineString", "coordinates": [[-123.107159102119, 49.256202906262494], [-123.10713674946652, 49.25666307735112]]}}, {"type": "Feature", "properties": {"SHAPE_Length": 107.98285910121562, "OBJECTID": 136578775, "COV_SOURCE_KEY": "1505782", "LASTUPDATE": 1327595594000, "TBFID": 1505782, "UNIT_DESCRIPTION": null, "INSTALLDATE": 1318316400000, "LANE_LOCATION": null, "PIPE_USE": "Main", "SERVICE_STATUS": "In Service", "EFFLUENT_TYPE": "Sanitary", "TB_LENGTH": 107.9828591, "GRADE": 2.97, "MATERIAL": "Polyvinyl Chloride", "VALIDATION_DATE": null, "BUN": null, "UPSTREAM_INVERT": 54.711, "UPSTRM_INVERT_ESTIMATED": "No", "DWNSTREAM_INVERT": 51.503, "DNSTRM_INVERT_ESTIMATED": "No", "RAMP_TYPE": "Closed", "PIPE_SHAPE": null, "HEIGHT_MM": null, "WIDTH_MM": null, "SECTION_NAME": null, "FLOW_CATEGORY": "Gravity", "NORMAL_PRESSURE": null, "LINING_MATERIAL": null, "ON_PILES": null, "ON_SLAB": null, "NFB_NOTATION": null, "DRAWING_NUMBER": "DB-2742", "PP_NUMBER": null, "NFB_ELEVATION": null, "NFB_TYPE": null, "WET_WEATHER_ONLY": null, "REMARKS": "C/R", "LEGACY_ID": "__FPHY2Z", "SOIL_TYPE": null, "SOIL_CONDITION": null, "TYPE_OF_FILL": null, "OWNEDBY": "COVAV", "OPERATOR": "COVAV", "UNIT_ID": "1452487", "MAIN_KEY_1": 781075, "MAIN_COMP1": "30", "UNIT_ID_2": "1505816", "MAIN_KEY_2": 791252, "MAIN_COMP2": 30, "COMPKEY": 791280, "MAIN_KEY": 43601, "COMPTYPE": 31, "UPDATED_BY": "enaxk", "ADDRESS_KEY": 150548, "TB_AREA": "CBC07", "DISTRICT": "3", "FACET_GRID": "P14", "CONSTRUCTION_TECHNIQUE": null, "CONNECTN_TYPE": null, "CONNECTN_CONDITION": null, "DATE_OF_PERMIT": null, "SPECIAL_INSTRUCTIONS": null, "TV_CONDITION": null, "TV_LAST_INSPECTION_DATE": null, "TV_INCOMPLETE": null, "TV_NEXT_INSPECTED_DATE": null, "LAST_INSPECTED_OK": null, "DATE_LAST_CLEANING_REQ": null, "DT_LAST_CLEANED": null, "INSPECTED_USER_ID": null, "CLEAN_USER_ID": null, "FURTHER_WORK_REQUIRED": null, "FURTHERWORK_COMPLETED": null, "WORK_ID": null, "PARALLEL_LINE_NO": null, "DISTANCE": null, "MAP_TOOLTIP": "107.98 - 250 SAN  2.97 % 2011 ", "HC_FID": null, "SUBAREA": "P14", "DEPTH_AT_PL": null, "DEPTH_AT_PL_BELOW_CL": null, "OFFSET_DIRECTION": null, "OFFSET_FROM_PL": null, "DIAMETER_INSIDE": 250, "NAMENUMBER": null, "TO_MAIN_FID": null, "PERMIT_NUMBER": null, "STREET_NAME": "MANITOBA ST", "HUNDRED_BLOCK": "3300", "HCORACLEID": null, "AS_BUILT": "Yes", "LASTUPDATE_iso": "2012-01-26", "INSTALLDATE_iso": "2011-10-11"}, "geometry": {"type": "LineString", "coordinates": [[-123.10720163530107, 49.255231976862476], [-123.107159102119, 49.256202906262494]]}}, {"type": "Feature", "properties": {"SHAPE_Length": 107.78959790138641, "OBJECTID": 136578777, "COV_SOURCE_KEY": "1505789", "LASTUPDATE": 1327595594000, "TBFID": 1505789, "UNIT_DESCRIPTION": null, "INSTALLDATE": 1318316400000, "LANE_LOCATION": null, "PIPE_USE": "Main", "SERVICE_STATUS": "In Service", "EFFLUENT_TYPE": "Sanitary", "TB_LENGTH": 107.7895979, "GRADE": 0.6, "MATERIAL": "Polyvinyl Chloride", "VALIDATION_DATE": null, "BUN": null, "UPSTREAM_INVERT": 61.241, "UPSTRM_INVERT_ESTIMATED": "No", "DWNSTREAM_INVERT": 60.592, "DNSTRM_INVERT_ESTIMATED": "No", "RAMP_TYPE": "Closed", "PIPE_SHAPE": null, "HEIGHT_MM": null, "WIDTH_MM": null, "SECTION_NAME": null, "FLOW_CATEGORY": "Gravity", "NORMAL_PRESSURE": null, "LINING_MATERIAL": null, "ON_PILES": null, "ON_SLAB": null, "NFB_NOTATION": null, "DRAWING_NUMBER": "DB-2742", "PP_NUMBER": null, "NFB_ELEVATION": null, "NFB_TYPE": null, "WET_WEATHER_ONLY": null, "REMARKS": "C/R", "LEGACY_ID": "__FPHY31", "SOIL_TYPE": null, "SOIL_CONDITION": null, "TYPE_OF_FILL": null, "OWNEDBY": "COVAV", "OPERATOR": "COVAV", "UNIT_ID": "1506053", "MAIN_KEY_1": 791258, "MAIN_COMP1": "30", "UNIT_ID_2": "1505812", "MAIN_KEY_2": 791255, "MAIN_COMP2": 30, "COMPKEY": 791273, "MAIN_KEY": 43595, "COMPTYPE": 31, "UPDATED_BY": "enaxk", "ADDRESS_KEY": 155842, "TB_AREA": "CBC07", "DISTRICT": "3", "FACET_GRID": "P15", "CONSTRUCTION_TECHNIQUE": null, "CONNECTN_TYPE": null, "CONNECTN_CONDITION": null, "DATE_OF_PERMIT": null, "SPECIAL_INSTRUCTIONS": null, "TV_CONDITION": null, "TV_LAST_INSPECTION_DATE": null, "TV_INCOMPLETE": null, "TV_NEXT_INSPECTED_DATE": null, "LAST_INSPECTED_OK": null, "DATE_LAST_CLEANING_REQ": null, "DT_LAST_CLEANED": null, "INSPECTED_USER_ID": null, "CLEAN_USER_ID": null, "FURTHER_WORK_REQUIRED": null, "FURTHERWORK_COMPLETED": null, "WORK_ID": null, "PARALLEL_LINE_NO": null, "DISTANCE": null, "MAP_TOOLTIP": "107.79 - 200 SAN  0.60 % 2011 ", "HC_FID": null, "SUBAREA": "P15", "DEPTH_AT_PL": null, "DEPTH_AT_PL_BELOW_CL": null, "OFFSET_DIRECTION": null, "OFFSET_FROM_PL": null, "DIAMETER_INSIDE": 200, "NAMENUMBER": null, "TO_MAIN_FID": null, "PERMIT_NUMBER": null, "STREET_NAME": "MANITOBA ST", "HUNDRED_BLOCK": "3600", "HCORACLEID": null, "AS_BUILT": "Yes", "LASTUPDATE_iso": "2012-01-26", "INSTALLDATE_iso": "2011-10-11"}, "geometry": {"type": "LineString", "coordinates": [[-123.10732201970025, 49.252361354899804], [-123.1072860562987, 49.253330659589615]]}}, {"type": "Feature", "properties": {"SHAPE_Length": 105.5517678686983, "OBJECTID": 136578779, "COV_SOURCE_KEY": "1505795", "LASTUPDATE": 1327595594000, "TBFID": 1505795, "UNIT_DESCRIPTION": null, "INSTALLDATE": 1318316400000, "LANE_LOCATION": null, "PIPE_USE": "Main", "SERVICE_STATUS": "In Service", "EFFLUENT_TYPE": "Sanitary", "TB_LENGTH": 105.55176787, "GRADE": 1.22, "MATERIAL": "Polyvinyl Chloride", "VALIDATION_DATE": null, "BUN": null, "UPSTREAM_INVERT": 60.178, "UPSTRM_INVERT_ESTIMATED": "No", "DWNSTREAM_INVERT": 58.893, "DNSTRM_INVERT_ESTIMATED": "No", "RAMP_TYPE": "Closed", "PIPE_SHAPE": null, "HEIGHT_MM": null, "WIDTH_MM": null, "SECTION_NAME": null, "FLOW_CATEGORY": "Gravity", "NORMAL_PRESSURE": null, "LINING_MATERIAL": null, "ON_PILES": null, "ON_SLAB": null, "NFB_NOTATION": null, "DRAWING_NUMBER": "DB-2742", "PP_NUMBER": null, "NFB_ELEVATION": null, "NFB_TYPE": null, "WET_WEATHER_ONLY": null, "REMARKS": "C/R", "LEGACY_ID": "__FPHY33", "SOIL_TYPE": null, "SOIL_CONDITION": null, "TYPE_OF_FILL": null, "OWNEDBY": "COVAV", "OPERATOR": "COVAV", "UNIT_ID": "1505812", "MAIN_KEY_1": 791255, "MAIN_COMP1": "30", "UNIT_ID_2": "1452485", "MAIN_KEY_2": 781074, "MAIN_COMP2": 30, "COMPKEY": 791275, "MAIN_KEY": 43597, "COMPTYPE": 31, "UPDATED_BY": "enaxk", "ADDRESS_KEY": 153578, "TB_AREA": "CBC07", "DISTRICT": "3", "FACET_GRID": "P15", "CONSTRUCTION_TECHNIQUE": null, "CONNECTN_TYPE": null, "CONNECTN_CONDITION": null, "DATE_OF_PERMIT": null, "SPECIAL_INSTRUCTIONS": null, "TV_CONDITION": null, "TV_LAST_INSPECTION_DATE": null, "TV_INCOMPLETE": null, "TV_NEXT_INSPECTED_DATE": null, "LAST_INSPECTED_OK": null, "DATE_LAST_CLEANING_REQ": null, "DT_LAST_CLEANED": null, "INSPECTED_USER_ID": null, "CLEAN_USER_ID": null, "FURTHER_WORK_REQUIRED": null, "FURTHERWORK_COMPLETED": null, "WORK_ID": null, "PARALLEL_LINE_NO": null, "DISTANCE": null, "MAP_TOOLTIP": "105.55 - 200 SAN  1.22 % 2011 ", "HC_FID": null, "SUBAREA": "P15", "DEPTH_AT_PL": null, "DEPTH_AT_PL_BELOW_CL": null, "OFFSET_DIRECTION": null, "OFFSET_FROM_PL": null, "DIAMETER_INSIDE": 200, "NAMENUMBER": null, "TO_MAIN_FID": null, "PERMIT_NUMBER": null, "STREET_NAME": "MANITOBA ST", "HUNDRED_BLOCK": "3500", "HCORACLEID": null, "AS_BUILT": "Yes", "LASTUPDATE_iso": "2012-01-26", "INSTALLDATE_iso": "2011-10-11"}, "geometry": {"type": "LineString", "coordinates": [[-123.1072860562987, 49.253330659589615], [-123.10724540291292, 49.254279747201124]]}}, {"type": "Feature", "properties": {"SHAPE_Length": 14.971298575403491, "OBJECTID": 136579074, "COV_SOURCE_KEY": "1427414", "LASTUPDATE": 1318455329000, "TBFID": 1427414, "UNIT_DESCRIPTION": null, "INSTALLDATE": 1305788400000, "LANE_LOCATION": null, "PIPE_USE": "Main", "SERVICE_STATUS": "In Service", "EFFLUENT_TYPE": "Sanitary", "TB_LENGTH": 14.97129857, "GRADE": 0.27, "MATERIAL": "CL3R.C", "VALIDATION_DATE": null, "BUN": "MN-O14-003", "UPSTREAM_INVERT": 47.24, "UPSTRM_INVERT_ESTIMATED": null, "DWNSTREAM_INVERT": 47.2, "DNSTRM_INVERT_ESTIMATED": null, "RAMP_TYPE": "Closed", "PIPE_SHAPE": null, "HEIGHT_MM": null, "WIDTH_MM": null, "SECTION_NAME": null, "FLOW_CATEGORY": "Gravity", "NORMAL_PRESSURE": null, "LINING_MATERIAL": null, "ON_PILES": null, "ON_SLAB": null, "NFB_NOTATION": null, "DRAWING_NUMBER": "DB2711", "PP_NUMBER": null, "NFB_ELEVATION": null, "NFB_TYPE": null, "WET_WEATHER_ONLY": null, "REMARKS": ".", "LEGACY_ID": "__FPGAJ1", "SOIL_TYPE": null, "SOIL_CONDITION": null, "TYPE_OF_FILL": null, "OWNEDBY": "COVAV", "OPERATOR": "COVAV", "UNIT_ID": "1482085", "MAIN_KEY_1": 786237, "MAIN_COMP1": "30", "UNIT_ID_2": "1482079", "MAIN_KEY_2": 786236, "MAIN_COMP2": 30, "COMPKEY": 760783, "MAIN_KEY": 41148, "COMPTYPE": 31, "UPDATED_BY": "enwwio", "ADDRESS_KEY": 156455, "TB_AREA": "CBC07", "DISTRICT": "3", "FACET_GRID": "O14", "CONSTRUCTION_TECHNIQUE": null, "CONNECTN_TYPE": null, "CONNECTN_CONDITION": null, "DATE_OF_PERMIT": null, "SPECIAL_INSTRUCTIONS": null, "TV_CONDITION": null, "TV_LAST_INSPECTION_DATE": null, "TV_INCOMPLETE": null, "TV_NEXT_INSPECTED_DATE": null, "LAST_INSPECTED_OK": null, "DATE_LAST_CLEANING_REQ": null, "DT_LAST_CLEANED": null, "INSPECTED_USER_ID": null, "CLEAN_USER_ID": null, "FURTHER_WORK_REQUIRED": null, "FURTHERWORK_COMPLETED": null, "WORK_ID": null, "PARALLEL_LINE_NO": null, "DISTANCE": null, "MAP_TOOLTIP": "14.97 - 675 SAN  0.27 % 2011 ", "HC_FID": null, "SUBAREA": "O14", "DEPTH_AT_PL": null, "DEPTH_AT_PL_BELOW_CL": null, "OFFSET_DIRECTION": null, "OFFSET_FROM_PL": null, "DIAMETER_INSIDE": 675, "NAMENUMBER": "MN-O14-003", "TO_MAIN_FID": null, "PERMIT_NUMBER": null, "STREET_NAME": "YUKON ST", "HUNDRED_BLOCK": "3000", "HCORACLEID": null, "AS_BUILT": "Yes", "LASTUPDATE_iso": "2011-10-12", "INSTALLDATE_iso": "2011-05-19"}, "geometry": {"type": "LineString", "coordinates": [[-123.11313546932631, 49.25699651479911], [-123.11309867948597, 49.256864015288464]]}}, {"type": "Feature", "properties": {"SHAPE_Length": 62.760598667210516, "OBJECTID": 136580191, "COV_SOURCE_KEY": "1460116", "LASTUPDATE": 1677227470000, "TBFID": 1460116, "UNIT_DESCRIPTION": null, "INSTALLDATE": 1196064000000, "LANE_LOCATION": null, "PIPE_USE": "Main", "SERVICE_STATUS": "In Service", "EFFLUENT_TYPE": "Sanitary", "TB_LENGTH": 62.76059867, "GRADE": 1.47, "MATERIAL": "Polyvinyl Chloride", "VALIDATION_DATE": null, "BUN": null, "UPSTREAM_INVERT": 68.2, "UPSTRM_INVERT_ESTIMATED": null, "DWNSTREAM_INVERT": 67.28, "DNSTRM_INVERT_ESTIMATED": null, "RAMP_TYPE": "Closed", "PIPE_SHAPE": null, "HEIGHT_MM": null, "WIDTH_MM": null, "SECTION_NAME": null, "FLOW_CATEGORY": "Gravity", "NORMAL_PRESSURE": null, "LINING_MATERIAL": null, "ON_PILES": null, "ON_SLAB": null, "NFB_NOTATION": null, "DRAWING_NUMBER": "DB2547", "PP_NUMBER": null, "NFB_ELEVATION": null, "NFB_TYPE": null, "WET_WEATHER_ONLY": null, "REMARKS": "C/R", "LEGACY_ID": "__FPGZF3", "SOIL_TYPE": null, "SOIL_CONDITION": null, "TYPE_OF_FILL": null, "OWNEDBY": "COVAV", "OPERATOR": "COVAV", "UNIT_ID": "1460118", "MAIN_KEY_1": 782661, "MAIN_COMP1": "30", "UNIT_ID_2": "1460120", "MAIN_KEY_2": 782662, "MAIN_COMP2": 30, "COMPKEY": 782672, "MAIN_KEY": 42129, "COMPTYPE": 31, "UPDATED_BY": "ENHANMGETASK", "ADDRESS_KEY": 155280, "TB_AREA": "CBC06", "DISTRICT": "3", "FACET_GRID": "N17", "CONSTRUCTION_TECHNIQUE": null, "CONNECTN_TYPE": null, "CONNECTN_CONDITION": null, "DATE_OF_PERMIT": null, "SPECIAL_INSTRUCTIONS": null, "TV_CONDITION": "Very Good", "TV_LAST_INSPECTION_DATE": 1662188400000, "TV_INCOMPLETE": null, "TV_NEXT_INSPECTED_DATE": null, "LAST_INSPECTED_OK": null, "DATE_LAST_CLEANING_REQ": null, "DT_LAST_CLEANED": null, "INSPECTED_USER_ID": null, "CLEAN_USER_ID": null, "FURTHER_WORK_REQUIRED": "No", "FURTHERWORK_COMPLETED": "No", "WORK_ID": null, "PARALLEL_LINE_NO": null, "DISTANCE": null, "MAP_TOOLTIP": "62.76 - 200 SAN  1.47 % 2007 1", "HC_FID": null, "SUBAREA": "N17", "DEPTH_AT_PL": null, "DEPTH_AT_PL_BELOW_CL": null, "OFFSET_DIRECTION": null, "OFFSET_FROM_PL": null, "DIAMETER_INSIDE": 200, "NAMENUMBER": null, "TO_MAIN_FID": null, "PERMIT_NUMBER": null, "STREET_NAME": "CONNAUGHT DRIVE", "HUNDRED_BLOCK": "1000", "HCORACLEID": null, "AS_BUILT": null, "LASTUPDATE_iso": "2023-02-24", "INSTALLDATE_iso": "2007-11-26", "TV_LAST_INSPECTION_DATE_iso": "2022-09-03"}, "geometry": {"type": "LineString", "coordinates": [[-123.12934628243359, 49.24354177512514], [-123.12848431061903, 49.24352693232913]]}}, {"type": "Feature", "properties": {"SHAPE_Length": 7.50193981561668, "OBJECTID": 136580194, "COV_SOURCE_KEY": "1460261", "LASTUPDATE": 1722026257000, "TBFID": 1460261, "UNIT_DESCRIPTION": null, "INSTALLDATE": 1196064000000, "LANE_LOCATION": null, "PIPE_USE": "Main", "SERVICE_STATUS": "In Service", "EFFLUENT_TYPE": "Sanitary", "TB_LENGTH": 7.50193982, "GRADE": 2, "MATERIAL": "Polyvinyl Chloride", "VALIDATION_DATE": null, "BUN": null, "UPSTREAM_INVERT": 67.18, "UPSTRM_INVERT_ESTIMATED": null, "DWNSTREAM_INVERT": 67.03, "DNSTRM_INVERT_ESTIMATED": "Yes", "RAMP_TYPE": null, "PIPE_SHAPE": null, "HEIGHT_MM": null, "WIDTH_MM": null, "SECTION_NAME": null, "FLOW_CATEGORY": "Gravity", "NORMAL_PRESSURE": null, "LINING_MATERIAL": null, "ON_PILES": null, "ON_SLAB": null, "NFB_NOTATION": null, "DRAWING_NUMBER": "DB2547", "PP_NUMBER": null, "NFB_ELEVATION": null, "NFB_TYPE": null, "WET_WEATHER_ONLY": null, "REMARKS": "no access to CCTV \u2013 only able to access through GVWD blowdown chamber", "LEGACY_ID": "__FPGZJ4", "SOIL_TYPE": null, "SOIL_CONDITION": null, "TYPE_OF_FILL": null, "OWNEDBY": "COVAV", "OPERATOR": "COVAV", "UNIT_ID": "1460264", "MAIN_KEY_1": 782663, "MAIN_COMP1": "30", "UNIT_ID_2": "1460251", "MAIN_KEY_2": 782668, "MAIN_COMP2": 72, "COMPKEY": 782676, "MAIN_KEY": 42133, "COMPTYPE": 31, "UPDATED_BY": "PEN31", "ADDRESS_KEY": 155280, "TB_AREA": "CBC06", "DISTRICT": "3", "FACET_GRID": "N17", "CONSTRUCTION_TECHNIQUE": null, "CONNECTN_TYPE": null, "CONNECTN_CONDITION": null, "DATE_OF_PERMIT": null, "SPECIAL_INSTRUCTIONS": null, "TV_CONDITION": "0", "TV_LAST_INSPECTION_DATE": 1716534000000, "TV_INCOMPLETE": null, "TV_NEXT_INSPECTED_DATE": null, "LAST_INSPECTED_OK": null, "DATE_LAST_CLEANING_REQ": null, "DT_LAST_CLEANED": null, "INSPECTED_USER_ID": null, "CLEAN_USER_ID": null, "FURTHER_WORK_REQUIRED": "No", "FURTHERWORK_COMPLETED": "No", "WORK_ID": null, "PARALLEL_LINE_NO": null, "DISTANCE": null, "MAP_TOOLTIP": "7.5 - 200 SAN  2.00 % 2007 0", "HC_FID": null, "SUBAREA": "N17", "DEPTH_AT_PL": null, "DEPTH_AT_PL_BELOW_CL": null, "OFFSET_DIRECTION": null, "OFFSET_FROM_PL": null, "DIAMETER_INSIDE": 200, "NAMENUMBER": null, "TO_MAIN_FID": null, "PERMIT_NUMBER": null, "STREET_NAME": "CONNAUGHT DRIVE", "HUNDRED_BLOCK": "1000", "HCORACLEID": null, "AS_BUILT": null, "LASTUPDATE_iso": "2024-07-26", "INSTALLDATE_iso": "2007-11-26", "TV_LAST_INSPECTION_DATE_iso": "2024-05-24"}, "geometry": {"type": "LineString", "coordinates": [[-123.12837901771272, 49.24358115574179], [-123.12848205156564, 49.243582930203075]]}}, {"type": "Feature", "properties": {"SHAPE_Length": 105.90752216011096, "OBJECTID": 136581638, "COV_SOURCE_KEY": "1452483", "LASTUPDATE": 1327595593000, "TBFID": 1452483, "UNIT_DESCRIPTION": null, "INSTALLDATE": 1318316400000, "LANE_LOCATION": null, "PIPE_USE": "Main", "SERVICE_STATUS": "In Service", "EFFLUENT_TYPE": "Sanitary", "TB_LENGTH": 105.90752216, "GRADE": 1.99, "MATERIAL": "Polyvinyl Chloride", "VALIDATION_DATE": null, "BUN": "MN-P15-033", "UPSTREAM_INVERT": 57.42, "UPSTRM_INVERT_ESTIMATED": "No", "DWNSTREAM_INVERT": 55.31, "DNSTRM_INVERT_ESTIMATED": "No", "RAMP_TYPE": "Closed", "PIPE_SHAPE": null, "HEIGHT_MM": null, "WIDTH_MM": null, "SECTION_NAME": null, "FLOW_CATEGORY": "Gravity", "NORMAL_PRESSURE": null, "LINING_MATERIAL": null, "ON_PILES": null, "ON_SLAB": null, "NFB_NOTATION": null, "DRAWING_NUMBER": "DB2742", "PP_NUMBER": null, "NFB_ELEVATION": null, "NFB_TYPE": null, "WET_WEATHER_ONLY": null, "REMARKS": "C/R", "LEGACY_ID": "__FPGRTQ", "SOIL_TYPE": null, "SOIL_CONDITION": null, "TYPE_OF_FILL": null, "OWNEDBY": "COVAV", "OPERATOR": "COVAV", "UNIT_ID": "1452485", "MAIN_KEY_1": 781074, "MAIN_COMP1": "30", "UNIT_ID_2": "1452487", "MAIN_KEY_2": 781075, "MAIN_COMP2": 30, "COMPKEY": 781076, "MAIN_KEY": 41908, "COMPTYPE": 31, "UPDATED_BY": "enaxk", "ADDRESS_KEY": 150548, "TB_AREA": "CBC07", "DISTRICT": "3", "FACET_GRID": "P15", "CONSTRUCTION_TECHNIQUE": null, "CONNECTN_TYPE": null, "CONNECTN_CONDITION": null, "DATE_OF_PERMIT": null, "SPECIAL_INSTRUCTIONS": null, "TV_CONDITION": null, "TV_LAST_INSPECTION_DATE": null, "TV_INCOMPLETE": null, "TV_NEXT_INSPECTED_DATE": null, "LAST_INSPECTED_OK": null, "DATE_LAST_CLEANING_REQ": null, "DT_LAST_CLEANED": null, "INSPECTED_USER_ID": null, "CLEAN_USER_ID": null, "FURTHER_WORK_REQUIRED": null, "FURTHERWORK_COMPLETED": null, "WORK_ID": null, "PARALLEL_LINE_NO": null, "DISTANCE": null, "MAP_TOOLTIP": "105.91 - 250 SAN  1.99 % 2011 ", "HC_FID": null, "SUBAREA": "P15", "DEPTH_AT_PL": null, "DEPTH_AT_PL_BELOW_CL": null, "OFFSET_DIRECTION": null, "OFFSET_FROM_PL": null, "DIAMETER_INSIDE": 250, "NAMENUMBER": "MN-P15-033", "TO_MAIN_FID": null, "PERMIT_NUMBER": null, "STREET_NAME": "MANITOBA ST", "HUNDRED_BLOCK": "3300", "HCORACLEID": null, "AS_BUILT": "Yes", "LASTUPDATE_iso": "2012-01-26", "INSTALLDATE_iso": "2011-10-11"}, "geometry": {"type": "LineString", "coordinates": [[-123.10724540291292, 49.254279747201124], [-123.10720163530107, 49.255231976862476]]}}, {"type": "Feature", "properties": {"SHAPE_Length": 64.82751372667603, "OBJECTID": 136583301, "COV_SOURCE_KEY": "1527028", "LASTUPDATE": 1343797218000, "TBFID": 1527028, "UNIT_DESCRIPTION": null, "INSTALLDATE": 1338534000000, "LANE_LOCATION": "blank", "PIPE_USE": "Main", "SERVICE_STATUS": "In Service", "EFFLUENT_TYPE": "Sanitary", "TB_LENGTH": 64.82751373, "GRADE": 4.08, "MATERIAL": "Polyvinyl Chloride", "VALIDATION_DATE": null, "BUN": null, "UPSTREAM_INVERT": 62.821, "UPSTRM_INVERT_ESTIMATED": "No", "DWNSTREAM_INVERT": 60.175, "DNSTRM_INVERT_ESTIMATED": "No", "RAMP_TYPE": "Closed", "PIPE_SHAPE": "blank", "HEIGHT_MM": 0, "WIDTH_MM": 0, "SECTION_NAME": null, "FLOW_CATEGORY": "Gravity", "NORMAL_PRESSURE": 0, "LINING_MATERIAL": "blank", "ON_PILES": "No", "ON_SLAB": "No", "NFB_NOTATION": null, "DRAWING_NUMBER": "DB2865", "PP_NUMBER": null, "NFB_ELEVATION": 0, "NFB_TYPE": "blank", "WET_WEATHER_ONLY": "No", "REMARKS": "C/R", "LEGACY_ID": "__FPIG2V", "SOIL_TYPE": "blank", "SOIL_CONDITION": "blank", "TYPE_OF_FILL": "blank", "OWNEDBY": "COVAV", "OPERATOR": "COVAV", "UNIT_ID": "1527037", "MAIN_KEY_1": 797079, "MAIN_COMP1": "30", "UNIT_ID_2": "1527034", "MAIN_KEY_2": 797078, "MAIN_COMP2": 30, "COMPKEY": 797080, "MAIN_KEY": 44589, "COMPTYPE": 31, "UPDATED_BY": "enhanmgetask", "ADDRESS_KEY": 156845, "TB_AREA": "CBC07", "DISTRICT": "3", "FACET_GRID": "N15", "CONSTRUCTION_TECHNIQUE": null, "CONNECTN_TYPE": null, "CONNECTN_CONDITION": null, "DATE_OF_PERMIT": null, "SPECIAL_INSTRUCTIONS": null, "TV_CONDITION": "0", "TV_LAST_INSPECTION_DATE": null, "TV_INCOMPLETE": "No", "TV_NEXT_INSPECTED_DATE": null, "LAST_INSPECTED_OK": null, "DATE_LAST_CLEANING_REQ": 1342508400000, "DT_LAST_CLEANED": 1342508400000, "INSPECTED_USER_ID": null, "CLEAN_USER_ID": "C1333", "FURTHER_WORK_REQUIRED": "No", "FURTHERWORK_COMPLETED": "No", "WORK_ID": "316864", "PARALLEL_LINE_NO": null, "DISTANCE": 0, "MAP_TOOLTIP": "64.83 - 200 SAN n/a 4.08 % 2012 0", "HC_FID": null, "SUBAREA": "N15", "DEPTH_AT_PL": null, "DEPTH_AT_PL_BELOW_CL": null, "OFFSET_DIRECTION": null, "OFFSET_FROM_PL": null, "DIAMETER_INSIDE": 200, "NAMENUMBER": null, "TO_MAIN_FID": null, "PERMIT_NUMBER": null, "STREET_NAME": "WILLOW ST", "HUNDRED_BLOCK": "3900", "HCORACLEID": null, "AS_BUILT": "Yes", "LASTUPDATE_iso": "2012-08-01", "INSTALLDATE_iso": "2012-06-01", "DATE_LAST_CLEANING_REQ_iso": "2012-07-17", "DT_LAST_CLEANED_iso": "2012-07-17"}, "geometry": {"type": "LineString", "coordinates": [[-123.12228459631262, 49.25014964599573], [-123.12226308861075, 49.25073261348622]]}}, {"type": "Feature", "properties": {"SHAPE_Length": 28.79354248722652, "OBJECTID": 136585230, "COV_SOURCE_KEY": "1538171", "LASTUPDATE": 1390492889000, "TBFID": 1538171, "UNIT_DESCRIPTION": "[", "INSTALLDATE": 1355472000000, "LANE_LOCATION": null, "PIPE_USE": "Main", "SERVICE_STATUS": "In Service", "EFFLUENT_TYPE": "Sanitary", "TB_LENGTH": 28.79354249, "GRADE": 0.59, "MATERIAL": "Concrete", "VALIDATION_DATE": null, "BUN": "MN-P15-034", "UPSTREAM_INVERT": 65.12, "UPSTRM_INVERT_ESTIMATED": null, "DWNSTREAM_INVERT": 64.951, "DNSTRM_INVERT_ESTIMATED": null, "RAMP_TYPE": null, "PIPE_SHAPE": null, "HEIGHT_MM": null, "WIDTH_MM": null, "SECTION_NAME": null, "FLOW_CATEGORY": "Gravity", "NORMAL_PRESSURE": null, "LINING_MATERIAL": null, "ON_PILES": null, "ON_SLAB": null, "NFB_NOTATION": null, "DRAWING_NUMBER": "DB2903", "PP_NUMBER": null, "NFB_ELEVATION": null, "NFB_TYPE": null, "WET_WEATHER_ONLY": null, "REMARKS": null, "LEGACY_ID": "__FPIW55", "SOIL_TYPE": null, "SOIL_CONDITION": null, "TYPE_OF_FILL": null, "OWNEDBY": "COVAV", "OPERATOR": "COVAV", "UNIT_ID": "1538167", "MAIN_KEY_1": 801308, "MAIN_COMP1": "30", "UNIT_ID_2": "1538169", "MAIN_KEY_2": 801309, "MAIN_COMP2": 30, "COMPKEY": 801310, "MAIN_KEY": 45252, "COMPTYPE": 31, "UPDATED_BY": "enkk", "ADDRESS_KEY": 154625, "TB_AREA": "CBC06", "DISTRICT": "3", "FACET_GRID": "N16", "CONSTRUCTION_TECHNIQUE": null, "CONNECTN_TYPE": null, "CONNECTN_CONDITION": null, "DATE_OF_PERMIT": null, "SPECIAL_INSTRUCTIONS": null, "TV_CONDITION": null, "TV_LAST_INSPECTION_DATE": null, "TV_INCOMPLETE": null, "TV_NEXT_INSPECTED_DATE": null, "LAST_INSPECTED_OK": null, "DATE_LAST_CLEANING_REQ": null, "DT_LAST_CLEANED": null, "INSPECTED_USER_ID": null, "CLEAN_USER_ID": null, "FURTHER_WORK_REQUIRED": null, "FURTHERWORK_COMPLETED": null, "WORK_ID": null, "PARALLEL_LINE_NO": null, "DISTANCE": null, "MAP_TOOLTIP": "28.79 - 450 SAN  0.59 % 2012 ", "HC_FID": null, "SUBAREA": "N16", "DEPTH_AT_PL": null, "DEPTH_AT_PL_BELOW_CL": null, "OFFSET_DIRECTION": null, "OFFSET_FROM_PL": null, "DIAMETER_INSIDE": 450, "NAMENUMBER": "MN-P15-034", "TO_MAIN_FID": null, "PERMIT_NUMBER": null, "STREET_NAME": "W 28TH AV", "HUNDRED_BLOCK": "900", "HCORACLEID": null, "AS_BUILT": "Yes", "LASTUPDATE_iso": "2014-01-23", "INSTALLDATE_iso": "2012-12-14"}, "geometry": {"type": "LineString", "coordinates": [[-123.12694715779018, 49.24630303244035], [-123.12734260912252, 49.24631054003113]]}}, {"type": "Feature", "properties": {"SHAPE_Length": 3.904546708375579, "OBJECTID": 136585504, "COV_SOURCE_KEY": "1532515", "LASTUPDATE": 1422346832000, "TBFID": 1532515, "UNIT_DESCRIPTION": "C/RMP", "INSTALLDATE": 631180800000, "LANE_LOCATION": null, "PIPE_USE": "Main", "SERVICE_STATUS": "In Service", "EFFLUENT_TYPE": "Sanitary", "TB_LENGTH": 3.90454671, "GRADE": 2.92, "MATERIAL": "Vitrified Clay", "VALIDATION_DATE": null, "BUN": null, "UPSTREAM_INVERT": 57.86, "UPSTRM_INVERT_ESTIMATED": "No", "DWNSTREAM_INVERT": 57.746, "DNSTRM_INVERT_ESTIMATED": "No", "RAMP_TYPE": null, "PIPE_SHAPE": "Round", "HEIGHT_MM": 0, "WIDTH_MM": 0, "SECTION_NAME": null, "FLOW_CATEGORY": "Gravity", "NORMAL_PRESSURE": 0, "LINING_MATERIAL": "blank", "ON_PILES": "No", "ON_SLAB": "No", "NFB_NOTATION": null, "DRAWING_NUMBER": null, "PP_NUMBER": "L25", "NFB_ELEVATION": 0, "NFB_TYPE": "blank", "WET_WEATHER_ONLY": "No", "REMARKS": null, "LEGACY_ID": "__FJC2IX", "SOIL_TYPE": "blank", "SOIL_CONDITION": "blank", "TYPE_OF_FILL": null, "OWNEDBY": "COVAV", "OPERATOR": "COVAV", "UNIT_ID": "414497", "MAIN_KEY_1": 21436, "MAIN_COMP1": "30", "UNIT_ID_2": "1527034", "MAIN_KEY_2": 797078, "MAIN_COMP2": 30, "COMPKEY": 799087, "MAIN_KEY": 44892, "COMPTYPE": 31, "UPDATED_BY": "ENHANMGETASK", "ADDRESS_KEY": 148439, "TB_AREA": "CBC07", "DISTRICT": "3", "FACET_GRID": " ", "CONSTRUCTION_TECHNIQUE": "unknown", "CONNECTN_TYPE": null, "CONNECTN_CONDITION": "{null}", "DATE_OF_PERMIT": null, "SPECIAL_INSTRUCTIONS": null, "TV_CONDITION": "0", "TV_LAST_INSPECTION_DATE": 1415260800000, "TV_INCOMPLETE": "No", "TV_NEXT_INSPECTED_DATE": null, "LAST_INSPECTED_OK": null, "DATE_LAST_CLEANING_REQ": null, "DT_LAST_CLEANED": null, "INSPECTED_USER_ID": null, "CLEAN_USER_ID": null, "FURTHER_WORK_REQUIRED": "No", "FURTHERWORK_COMPLETED": "No", "WORK_ID": null, "PARALLEL_LINE_NO": null, "DISTANCE": 130, "MAP_TOOLTIP": "3.9 - 200 SAN n/a 2.92 % 1990 0", "HC_FID": null, "SUBAREA": " ", "DEPTH_AT_PL": null, "DEPTH_AT_PL_BELOW_CL": null, "OFFSET_DIRECTION": null, "OFFSET_FROM_PL": null, "DIAMETER_INSIDE": 200, "NAMENUMBER": null, "TO_MAIN_FID": null, "PERMIT_NUMBER": null, "STREET_NAME": "W 23RD AV", "HUNDRED_BLOCK": "700", "HCORACLEID": null, "AS_BUILT": "Yes", "LASTUPDATE_iso": "2015-01-27", "INSTALLDATE_iso": "1990-01-01", "TV_LAST_INSPECTION_DATE_iso": "2014-11-06"}, "geometry": {"type": "LineString", "coordinates": [[-123.12220820979888, 49.250728236900954], [-123.12226183035963, 49.250729448497744]]}}, {"type": "Feature", "properties": {"SHAPE_Length": 101.43240984985016, "OBJECTID": 136585514, "COV_SOURCE_KEY": "1534755", "LASTUPDATE": 1348091996000, "TBFID": 1534755, "UNIT_DESCRIPTION": null, "INSTALLDATE": 1344409200000, "LANE_LOCATION": null, "PIPE_USE": "Main", "SERVICE_STATUS": "In Service", "EFFLUENT_TYPE": "Sanitary", "TB_LENGTH": 101.43240985, "GRADE": 0.82, "MATERIAL": "Polyvinyl Chloride", "VALIDATION_DATE": null, "BUN": null, "UPSTREAM_INVERT": 57.068, "UPSTRM_INVERT_ESTIMATED": null, "DWNSTREAM_INVERT": 56.24, "DNSTRM_INVERT_ESTIMATED": null, "RAMP_TYPE": "Closed", "PIPE_SHAPE": null, "HEIGHT_MM": null, "WIDTH_MM": null, "SECTION_NAME": null, "FLOW_CATEGORY": "Gravity", "NORMAL_PRESSURE": null, "LINING_MATERIAL": null, "ON_PILES": null, "ON_SLAB": null, "NFB_NOTATION": null, "DRAWING_NUMBER": "DB2867", "PP_NUMBER": null, "NFB_ELEVATION": null, "NFB_TYPE": null, "WET_WEATHER_ONLY": null, "REMARKS": "C/R", "LEGACY_ID": "__FPIQPC", "SOIL_TYPE": null, "SOIL_CONDITION": null, "TYPE_OF_FILL": null, "OWNEDBY": "COVAV", "OPERATOR": "COVAV", "UNIT_ID": "1534762", "MAIN_KEY_1": 800071, "MAIN_COMP1": "30", "UNIT_ID_2": "408379", "MAIN_KEY_2": 15751, "MAIN_COMP2": 30, "COMPKEY": 800073, "MAIN_KEY": 45032, "COMPTYPE": 31, "UPDATED_BY": "enkk", "ADDRESS_KEY": 153360, "TB_AREA": "CBC08", "DISTRICT": "1", "FACET_GRID": "P15", "CONSTRUCTION_TECHNIQUE": null, "CONNECTN_TYPE": null, "CONNECTN_CONDITION": null, "DATE_OF_PERMIT": null, "SPECIAL_INSTRUCTIONS": null, "TV_CONDITION": null, "TV_LAST_INSPECTION_DATE": null, "TV_INCOMPLETE": null, "TV_NEXT_INSPECTED_DATE": null, "LAST_INSPECTED_OK": null, "DATE_LAST_CLEANING_REQ": null, "DT_LAST_CLEANED": null, "INSPECTED_USER_ID": null, "CLEAN_USER_ID": null, "FURTHER_WORK_REQUIRED": null, "FURTHERWORK_COMPLETED": null, "WORK_ID": null, "PARALLEL_LINE_NO": null, "DISTANCE": null, "MAP_TOOLTIP": "101.43 - 200 SAN  0.82 % 2012 ", "HC_FID": null, "SUBAREA": "P15", "DEPTH_AT_PL": null, "DEPTH_AT_PL_BELOW_CL": null, "OFFSET_DIRECTION": null, "OFFSET_FROM_PL": null, "DIAMETER_INSIDE": 200, "NAMENUMBER": null, "TO_MAIN_FID": null, "PERMIT_NUMBER": null, "STREET_NAME": "E 19TH AV", "HUNDRED_BLOCK": "000", "HCORACLEID": null, "AS_BUILT": "Yes", "LASTUPDATE_iso": "2012-09-19", "INSTALLDATE_iso": "2012-08-08"}, "geometry": {"type": "LineString", "coordinates": [[-123.10422534359729, 49.25374437193187], [-123.10284312597858, 49.25372260977413], [-123.10283565269869, 49.253717102355175]]}}, {"type": "Feature", "properties": {"SHAPE_Length": 16.70406612166741, "OBJECTID": 136586221, "COV_SOURCE_KEY": "1565541", "LASTUPDATE": 1735945867000, "TBFID": 1565541, "UNIT_DESCRIPTION": null, "INSTALLDATE": 1374649200000, "LANE_LOCATION": null, "PIPE_USE": "Main", "SERVICE_STATUS": "In Service", "EFFLUENT_TYPE": "Sanitary", "TB_LENGTH": 16.70406612, "GRADE": 1.62, "MATERIAL": "Polyvinyl Chloride", "VALIDATION_DATE": null, "BUN": null, "UPSTREAM_INVERT": 54.52, "UPSTRM_INVERT_ESTIMATED": null, "DWNSTREAM_INVERT": 54.25, "DNSTRM_INVERT_ESTIMATED": null, "RAMP_TYPE": null, "PIPE_SHAPE": null, "HEIGHT_MM": null, "WIDTH_MM": null, "SECTION_NAME": null, "FLOW_CATEGORY": "Gravity", "NORMAL_PRESSURE": null, "LINING_MATERIAL": null, "ON_PILES": null, "ON_SLAB": null, "NFB_NOTATION": null, "DRAWING_NUMBER": "DB2885M", "PP_NUMBER": null, "NFB_ELEVATION": null, "NFB_TYPE": null, "WET_WEATHER_ONLY": null, "REMARKS": null, "LEGACY_ID": "__FPJXCE", "SOIL_TYPE": null, "SOIL_CONDITION": null, "TYPE_OF_FILL": null, "OWNEDBY": "COVAV", "OPERATOR": "COVAV", "UNIT_ID": "1565544", "MAIN_KEY_1": 813823, "MAIN_COMP1": "30", "UNIT_ID_2": "404592", "MAIN_KEY_2": 10259, "MAIN_COMP2": 30, "COMPKEY": 813824, "MAIN_KEY": 47365, "COMPTYPE": 31, "UPDATED_BY": "XUG16", "ADDRESS_KEY": 151243, "TB_AREA": "CBC07", "DISTRICT": "3", "FACET_GRID": "O14", "CONSTRUCTION_TECHNIQUE": null, "CONNECTN_TYPE": null, "CONNECTN_CONDITION": null, "DATE_OF_PERMIT": null, "SPECIAL_INSTRUCTIONS": null, "TV_CONDITION": null, "TV_LAST_INSPECTION_DATE": null, "TV_INCOMPLETE": null, "TV_NEXT_INSPECTED_DATE": null, "LAST_INSPECTED_OK": null, "DATE_LAST_CLEANING_REQ": null, "DT_LAST_CLEANED": null, "INSPECTED_USER_ID": null, "CLEAN_USER_ID": null, "FURTHER_WORK_REQUIRED": null, "FURTHERWORK_COMPLETED": null, "WORK_ID": null, "PARALLEL_LINE_NO": null, "DISTANCE": null, "MAP_TOOLTIP": "16.7 - 200 SAN  1.62 % 2013 ", "HC_FID": null, "SUBAREA": "O14", "DEPTH_AT_PL": null, "DEPTH_AT_PL_BELOW_CL": null, "OFFSET_DIRECTION": null, "OFFSET_FROM_PL": null, "DIAMETER_INSIDE": 200, "NAMENUMBER": null, "TO_MAIN_FID": null, "PERMIT_NUMBER": null, "STREET_NAME": "ASH ST", "HUNDRED_BLOCK": "3300", "HCORACLEID": null, "AS_BUILT": "Yes", "LASTUPDATE_iso": "2025-01-03", "INSTALLDATE_iso": "2013-07-24"}, "geometry": {"type": "LineString", "coordinates": [[-123.11819629906749, 49.25565845598869], [-123.11819529441101, 49.25550820087016]]}}, {"type": "Feature", "properties": {"SHAPE_Length": 13.031029121495184, "OBJECTID": 136587299, "COV_SOURCE_KEY": "1576925", "LASTUPDATE": 1376501714000, "TBFID": 1576925, "UNIT_DESCRIPTION": null, "INSTALLDATE": 1368774000000, "LANE_LOCATION": "Lane West", "PIPE_USE": "Main", "SERVICE_STATUS": "In Service", "EFFLUENT_TYPE": "Sanitary", "TB_LENGTH": 13.03102912, "GRADE": 1.61, "MATERIAL": "Polyvinyl Chloride", "VALIDATION_DATE": null, "BUN": null, "UPSTREAM_INVERT": 66.43, "UPSTRM_INVERT_ESTIMATED": null, "DWNSTREAM_INVERT": 66.22, "DNSTRM_INVERT_ESTIMATED": "Yes", "RAMP_TYPE": null, "PIPE_SHAPE": null, "HEIGHT_MM": null, "WIDTH_MM": null, "SECTION_NAME": null, "FLOW_CATEGORY": "Gravity", "NORMAL_PRESSURE": null, "LINING_MATERIAL": null, "ON_PILES": null, "ON_SLAB": null, "NFB_NOTATION": null, "DRAWING_NUMBER": "DB3030", "PP_NUMBER": null, "NFB_ELEVATION": null, "NFB_TYPE": null, "WET_WEATHER_ONLY": null, "REMARKS": null, "LEGACY_ID": "__FPLEUA", "SOIL_TYPE": null, "SOIL_CONDITION": null, "TYPE_OF_FILL": null, "OWNEDBY": "COVAV", "OPERATOR": "COVAV", "UNIT_ID": "1576923", "MAIN_KEY_1": 818823, "MAIN_COMP1": "30", "UNIT_ID_2": "1576929", "MAIN_KEY_2": 818828, "MAIN_COMP2": 72, "COMPKEY": 818833, "MAIN_KEY": 48286, "COMPTYPE": 31, "UPDATED_BY": "enwwio", "ADDRESS_KEY": 148308, "TB_AREA": "CBC06", "DISTRICT": "3", "FACET_GRID": "N15", "CONSTRUCTION_TECHNIQUE": null, "CONNECTN_TYPE": null, "CONNECTN_CONDITION": null, "DATE_OF_PERMIT": null, "SPECIAL_INSTRUCTIONS": null, "TV_CONDITION": null, "TV_LAST_INSPECTION_DATE": null, "TV_INCOMPLETE": null, "TV_NEXT_INSPECTED_DATE": null, "LAST_INSPECTED_OK": null, "DATE_LAST_CLEANING_REQ": null, "DT_LAST_CLEANED": null, "INSPECTED_USER_ID": null, "CLEAN_USER_ID": null, "FURTHER_WORK_REQUIRED": null, "FURTHERWORK_COMPLETED": null, "WORK_ID": null, "PARALLEL_LINE_NO": null, "DISTANCE": null, "MAP_TOOLTIP": "13.03 - 150 SAN  1.61 % 2013 ", "HC_FID": null, "SUBAREA": "N15", "DEPTH_AT_PL": null, "DEPTH_AT_PL_BELOW_CL": null, "OFFSET_DIRECTION": null, "OFFSET_FROM_PL": null, "DIAMETER_INSIDE": 150, "NAMENUMBER": null, "TO_MAIN_FID": null, "PERMIT_NUMBER": null, "STREET_NAME": "OAK ST", "HUNDRED_BLOCK": "3500", "HCORACLEID": null, "AS_BUILT": "Yes", "LASTUPDATE_iso": "2013-08-14", "INSTALLDATE_iso": "2013-05-17"}, "geometry": {"type": "LineString", "coordinates": [[-123.12811268710624, 49.253501697964076], [-123.12810801579307, 49.2536188749204]]}}, {"type": "Feature", "properties": {"SHAPE_Length": 0.8417612484359205, "OBJECTID": 136587300, "COV_SOURCE_KEY": "1576935", "LASTUPDATE": 1376501714000, "TBFID": 1576935, "UNIT_DESCRIPTION": null, "INSTALLDATE": 1368774000000, "LANE_LOCATION": "Lane West", "PIPE_USE": "Main", "SERVICE_STATUS": "In Service", "EFFLUENT_TYPE": "Sanitary", "TB_LENGTH": 0.84176125, "GRADE": 1.19, "MATERIAL": "Polyvinyl Chloride", "VALIDATION_DATE": null, "BUN": null, "UPSTREAM_INVERT": 66.22, "UPSTRM_INVERT_ESTIMATED": "Yes", "DWNSTREAM_INVERT": 66.21, "DNSTRM_INVERT_ESTIMATED": "Yes", "RAMP_TYPE": null, "PIPE_SHAPE": null, "HEIGHT_MM": null, "WIDTH_MM": null, "SECTION_NAME": null, "FLOW_CATEGORY": "Gravity", "NORMAL_PRESSURE": null, "LINING_MATERIAL": null, "ON_PILES": null, "ON_SLAB": null, "NFB_NOTATION": null, "DRAWING_NUMBER": "DB3030", "PP_NUMBER": null, "NFB_ELEVATION": null, "NFB_TYPE": null, "WET_WEATHER_ONLY": null, "REMARKS": null, "LEGACY_ID": "__FPLEUP", "SOIL_TYPE": null, "SOIL_CONDITION": null, "TYPE_OF_FILL": null, "OWNEDBY": "COVAV", "OPERATOR": "COVAV", "UNIT_ID": "1576929", "MAIN_KEY_1": 818828, "MAIN_COMP1": "72", "UNIT_ID_2": "1576931", "MAIN_KEY_2": 818829, "MAIN_COMP2": 72, "COMPKEY": 818836, "MAIN_KEY": 48289, "COMPTYPE": 31, "UPDATED_BY": "enwwio", "ADDRESS_KEY": 148308, "TB_AREA": "CBC06", "DISTRICT": "3", "FACET_GRID": "N15", "CONSTRUCTION_TECHNIQUE": null, "CONNECTN_TYPE": null, "CONNECTN_CONDITION": null, "DATE_OF_PERMIT": null, "SPECIAL_INSTRUCTIONS": null, "TV_CONDITION": null, "TV_LAST_INSPECTION_DATE": null, "TV_INCOMPLETE": null, "TV_NEXT_INSPECTED_DATE": null, "LAST_INSPECTED_OK": null, "DATE_LAST_CLEANING_REQ": null, "DT_LAST_CLEANED": null, "INSPECTED_USER_ID": null, "CLEAN_USER_ID": null, "FURTHER_WORK_REQUIRED": null, "FURTHERWORK_COMPLETED": null, "WORK_ID": null, "PARALLEL_LINE_NO": null, "DISTANCE": null, "MAP_TOOLTIP": ".84 - 150 SAN  1.19 % 2013 ", "HC_FID": null, "SUBAREA": "N15", "DEPTH_AT_PL": null, "DEPTH_AT_PL_BELOW_CL": null, "OFFSET_DIRECTION": null, "OFFSET_FROM_PL": null, "DIAMETER_INSIDE": 150, "NAMENUMBER": null, "TO_MAIN_FID": null, "PERMIT_NUMBER": null, "STREET_NAME": "OAK ST", "HUNDRED_BLOCK": "3500", "HCORACLEID": null, "AS_BUILT": null, "LASTUPDATE_iso": "2013-08-14", "INSTALLDATE_iso": "2013-05-17"}, "geometry": {"type": "LineString", "coordinates": [[-123.12810801581634, 49.25361888391561], [-123.12811598654845, 49.253624371158594]]}}, {"type": "Feature", "properties": {"SHAPE_Length": 2.4429465831546544, "OBJECTID": 136587301, "COV_SOURCE_KEY": "1576940", "LASTUPDATE": 1376501714000, "TBFID": 1576940, "UNIT_DESCRIPTION": null, "INSTALLDATE": 1368774000000, "LANE_LOCATION": "Lane West", "PIPE_USE": "Main", "SERVICE_STATUS": "In Service", "EFFLUENT_TYPE": "Sanitary", "TB_LENGTH": 2.44294658, "GRADE": 1.64, "MATERIAL": "Polyvinyl Chloride", "VALIDATION_DATE": null, "BUN": null, "UPSTREAM_INVERT": 66.21, "UPSTRM_INVERT_ESTIMATED": "Yes", "DWNSTREAM_INVERT": 66.17, "DNSTRM_INVERT_ESTIMATED": null, "RAMP_TYPE": null, "PIPE_SHAPE": null, "HEIGHT_MM": null, "WIDTH_MM": null, "SECTION_NAME": null, "FLOW_CATEGORY": "Gravity", "NORMAL_PRESSURE": null, "LINING_MATERIAL": null, "ON_PILES": null, "ON_SLAB": null, "NFB_NOTATION": null, "DRAWING_NUMBER": "DB3030", "PP_NUMBER": null, "NFB_ELEVATION": null, "NFB_TYPE": null, "WET_WEATHER_ONLY": null, "REMARKS": null, "LEGACY_ID": "__FPLEV0", "SOIL_TYPE": null, "SOIL_CONDITION": null, "TYPE_OF_FILL": null, "OWNEDBY": "COVAV", "OPERATOR": "COVAV", "UNIT_ID": "1576931", "MAIN_KEY_1": 818829, "MAIN_COMP1": "72", "UNIT_ID_2": "1576944", "MAIN_KEY_2": 818824, "MAIN_COMP2": 30, "COMPKEY": 818839, "MAIN_KEY": 48292, "COMPTYPE": 31, "UPDATED_BY": "enwwio", "ADDRESS_KEY": 150342, "TB_AREA": "CBC06", "DISTRICT": "3", "FACET_GRID": "N15", "CONSTRUCTION_TECHNIQUE": null, "CONNECTN_TYPE": null, "CONNECTN_CONDITION": null, "DATE_OF_PERMIT": null, "SPECIAL_INSTRUCTIONS": null, "TV_CONDITION": null, "TV_LAST_INSPECTION_DATE": null, "TV_INCOMPLETE": null, "TV_NEXT_INSPECTED_DATE": null, "LAST_INSPECTED_OK": null, "DATE_LAST_CLEANING_REQ": null, "DT_LAST_CLEANED": null, "INSPECTED_USER_ID": null, "CLEAN_USER_ID": null, "FURTHER_WORK_REQUIRED": null, "FURTHERWORK_COMPLETED": null, "WORK_ID": null, "PARALLEL_LINE_NO": null, "DISTANCE": null, "MAP_TOOLTIP": "2.44 - 150 SAN  1.64 % 2013 ", "HC_FID": null, "SUBAREA": "N15", "DEPTH_AT_PL": null, "DEPTH_AT_PL_BELOW_CL": null, "OFFSET_DIRECTION": null, "OFFSET_FROM_PL": null, "DIAMETER_INSIDE": 150, "NAMENUMBER": null, "TO_MAIN_FID": null, "PERMIT_NUMBER": null, "STREET_NAME": "OAK ST", "HUNDRED_BLOCK": "3600", "HCORACLEID": null, "AS_BUILT": "Yes", "LASTUPDATE_iso": "2013-08-14", "INSTALLDATE_iso": "2013-05-17"}, "geometry": {"type": "LineString", "coordinates": [[-123.12811598654845, 49.253624371158594], [-123.1281151089518, 49.25364633846637]]}}, {"type": "Feature", "properties": {"SHAPE_Length": 77.63301029830374, "OBJECTID": 136587302, "COV_SOURCE_KEY": "1576947", "LASTUPDATE": 1376501714000, "TBFID": 1576947, "UNIT_DESCRIPTION": null, "INSTALLDATE": 1368774000000, "LANE_LOCATION": "Lane West", "PIPE_USE": "Main", "SERVICE_STATUS": "In Service", "EFFLUENT_TYPE": "Sanitary", "TB_LENGTH": 77.6330103, "GRADE": 5.09, "MATERIAL": "Polyvinyl Chloride", "VALIDATION_DATE": null, "BUN": null, "UPSTREAM_INVERT": 65.46, "UPSTRM_INVERT_ESTIMATED": null, "DWNSTREAM_INVERT": 61.51, "DNSTRM_INVERT_ESTIMATED": null, "RAMP_TYPE": null, "PIPE_SHAPE": null, "HEIGHT_MM": null, "WIDTH_MM": null, "SECTION_NAME": null, "FLOW_CATEGORY": "Gravity", "NORMAL_PRESSURE": null, "LINING_MATERIAL": null, "ON_PILES": null, "ON_SLAB": null, "NFB_NOTATION": null, "DRAWING_NUMBER": "DB3030", "PP_NUMBER": null, "NFB_ELEVATION": null, "NFB_TYPE": null, "WET_WEATHER_ONLY": null, "REMARKS": null, "LEGACY_ID": "__FPLEVK", "SOIL_TYPE": null, "SOIL_CONDITION": null, "TYPE_OF_FILL": null, "OWNEDBY": "COVAV", "OPERATOR": "COVAV", "UNIT_ID": "1576944", "MAIN_KEY_1": 818824, "MAIN_COMP1": "30", "UNIT_ID_2": "1560313", "MAIN_KEY_2": 811041, "MAIN_COMP2": 30, "COMPKEY": 818840, "MAIN_KEY": 48293, "COMPTYPE": 31, "UPDATED_BY": "enwwio", "ADDRESS_KEY": 148308, "TB_AREA": "CBC06", "DISTRICT": "3", "FACET_GRID": "N15", "CONSTRUCTION_TECHNIQUE": null, "CONNECTN_TYPE": null, "CONNECTN_CONDITION": null, "DATE_OF_PERMIT": null, "SPECIAL_INSTRUCTIONS": null, "TV_CONDITION": null, "TV_LAST_INSPECTION_DATE": null, "TV_INCOMPLETE": null, "TV_NEXT_INSPECTED_DATE": null, "LAST_INSPECTED_OK": null, "DATE_LAST_CLEANING_REQ": null, "DT_LAST_CLEANED": null, "INSPECTED_USER_ID": null, "CLEAN_USER_ID": null, "FURTHER_WORK_REQUIRED": null, "FURTHERWORK_COMPLETED": null, "WORK_ID": null, "PARALLEL_LINE_NO": null, "DISTANCE": null, "MAP_TOOLTIP": "77.63 - 200 SAN  5.09 % 2013 ", "HC_FID": null, "SUBAREA": "N15", "DEPTH_AT_PL": null, "DEPTH_AT_PL_BELOW_CL": null, "OFFSET_DIRECTION": null, "OFFSET_FROM_PL": null, "DIAMETER_INSIDE": 200, "NAMENUMBER": null, "TO_MAIN_FID": null, "PERMIT_NUMBER": null, "STREET_NAME": "OAK ST", "HUNDRED_BLOCK": "3500", "HCORACLEID": null, "AS_BUILT": "Yes", "LASTUPDATE_iso": "2013-08-14", "INSTALLDATE_iso": "2013-05-17"}, "geometry": {"type": "LineString", "coordinates": [[-123.12810580574043, 49.25364634878207], [-123.1280753884389, 49.25433963530458], [-123.1280713172311, 49.254343570729525]]}}, {"type": "Feature", "properties": {"SHAPE_Length": 10.301526733049222, "OBJECTID": 136588031, "COV_SOURCE_KEY": "1594898", "LASTUPDATE": 1390492888000, "TBFID": 1594898, "UNIT_DESCRIPTION": null, "INSTALLDATE": 1355472000000, "LANE_LOCATION": null, "PIPE_USE": "Main", "SERVICE_STATUS": "In Service", "EFFLUENT_TYPE": "Sanitary", "TB_LENGTH": 10.30152673, "GRADE": 2.83, "MATERIAL": "Concrete", "VALIDATION_DATE": null, "BUN": null, "UPSTREAM_INVERT": 64.237, "UPSTRM_INVERT_ESTIMATED": null, "DWNSTREAM_INVERT": 63.945, "DNSTRM_INVERT_ESTIMATED": null, "RAMP_TYPE": null, "PIPE_SHAPE": null, "HEIGHT_MM": null, "WIDTH_MM": null, "SECTION_NAME": null, "FLOW_CATEGORY": "Gravity", "NORMAL_PRESSURE": null, "LINING_MATERIAL": null, "ON_PILES": null, "ON_SLAB": null, "NFB_NOTATION": null, "DRAWING_NUMBER": "DB2903", "PP_NUMBER": null, "NFB_ELEVATION": null, "NFB_TYPE": null, "WET_WEATHER_ONLY": null, "REMARKS": null, "LEGACY_ID": "__FQZ477", "SOIL_TYPE": null, "SOIL_CONDITION": null, "TYPE_OF_FILL": null, "OWNEDBY": "COVAV", "OPERATOR": "COVAV", "UNIT_ID": "1594895", "MAIN_KEY_1": 826613, "MAIN_COMP1": "30", "UNIT_ID_2": "401120", "MAIN_KEY_2": 7510, "MAIN_COMP2": 30, "COMPKEY": 826625, "MAIN_KEY": 49622, "COMPTYPE": 31, "UPDATED_BY": "enkk", "ADDRESS_KEY": 152931, "TB_AREA": "CBC06", "DISTRICT": "3", "FACET_GRID": "N16", "CONSTRUCTION_TECHNIQUE": null, "CONNECTN_TYPE": null, "CONNECTN_CONDITION": null, "DATE_OF_PERMIT": null, "SPECIAL_INSTRUCTIONS": null, "TV_CONDITION": null, "TV_LAST_INSPECTION_DATE": null, "TV_INCOMPLETE": null, "TV_NEXT_INSPECTED_DATE": null, "LAST_INSPECTED_OK": null, "DATE_LAST_CLEANING_REQ": null, "DT_LAST_CLEANED": null, "INSPECTED_USER_ID": null, "CLEAN_USER_ID": null, "FURTHER_WORK_REQUIRED": null, "FURTHERWORK_COMPLETED": null, "WORK_ID": null, "PARALLEL_LINE_NO": null, "DISTANCE": null, "MAP_TOOLTIP": "10.3 - 450 SAN  2.83 % 2012 ", "HC_FID": null, "SUBAREA": "N16", "DEPTH_AT_PL": null, "DEPTH_AT_PL_BELOW_CL": null, "OFFSET_DIRECTION": null, "OFFSET_FROM_PL": null, "DIAMETER_INSIDE": 450, "NAMENUMBER": null, "TO_MAIN_FID": null, "PERMIT_NUMBER": null, "STREET_NAME": "OAK ST", "HUNDRED_BLOCK": "4300", "HCORACLEID": null, "AS_BUILT": "Yes", "LASTUPDATE_iso": "2014-01-23", "INSTALLDATE_iso": "2012-12-14"}, "geometry": {"type": "LineString", "coordinates": [[-123.12764791031158, 49.247100290485214], [-123.12757834630484, 49.24718099159808]]}}, {"type": "Feature", "properties": {"SHAPE_Length": 87.05243259059519, "OBJECTID": 136588032, "COV_SOURCE_KEY": "1594918", "LASTUPDATE": 1390492888000, "TBFID": 1594918, "UNIT_DESCRIPTION": null, "INSTALLDATE": 1355472000000, "LANE_LOCATION": null, "PIPE_USE": "Main", "SERVICE_STATUS": "In Service", "EFFLUENT_TYPE": "Sanitary", "TB_LENGTH": 87.05243259, "GRADE": 0.6, "MATERIAL": "Concrete", "VALIDATION_DATE": null, "BUN": null, "UPSTREAM_INVERT": 64.782, "UPSTRM_INVERT_ESTIMATED": null, "DWNSTREAM_INVERT": 64.258, "DNSTRM_INVERT_ESTIMATED": null, "RAMP_TYPE": null, "PIPE_SHAPE": null, "HEIGHT_MM": null, "WIDTH_MM": null, "SECTION_NAME": null, "FLOW_CATEGORY": "Gravity", "NORMAL_PRESSURE": null, "LINING_MATERIAL": null, "ON_PILES": null, "ON_SLAB": null, "NFB_NOTATION": null, "DRAWING_NUMBER": "DB2903", "PP_NUMBER": null, "NFB_ELEVATION": null, "NFB_TYPE": null, "WET_WEATHER_ONLY": null, "REMARKS": null, "LEGACY_ID": "__FQZ47B", "SOIL_TYPE": null, "SOIL_CONDITION": null, "TYPE_OF_FILL": null, "OWNEDBY": "COVAV", "OPERATOR": null, "UNIT_ID": "1594927", "MAIN_KEY_1": 826612, "MAIN_COMP1": "30", "UNIT_ID_2": "1594895", "MAIN_KEY_2": 826613, "MAIN_COMP2": 30, "COMPKEY": 826623, "MAIN_KEY": 49620, "COMPTYPE": 31, "UPDATED_BY": "enkk", "ADDRESS_KEY": 152931, "TB_AREA": "CBC06", "DISTRICT": "3", "FACET_GRID": "N16", "CONSTRUCTION_TECHNIQUE": null, "CONNECTN_TYPE": null, "CONNECTN_CONDITION": null, "DATE_OF_PERMIT": null, "SPECIAL_INSTRUCTIONS": null, "TV_CONDITION": null, "TV_LAST_INSPECTION_DATE": null, "TV_INCOMPLETE": null, "TV_NEXT_INSPECTED_DATE": null, "LAST_INSPECTED_OK": null, "DATE_LAST_CLEANING_REQ": null, "DT_LAST_CLEANED": null, "INSPECTED_USER_ID": null, "CLEAN_USER_ID": null, "FURTHER_WORK_REQUIRED": null, "FURTHERWORK_COMPLETED": null, "WORK_ID": null, "PARALLEL_LINE_NO": null, "DISTANCE": null, "MAP_TOOLTIP": "87.05 - 450 SAN  0.60 % 2012 ", "HC_FID": null, "SUBAREA": "N16", "DEPTH_AT_PL": null, "DEPTH_AT_PL_BELOW_CL": null, "OFFSET_DIRECTION": null, "OFFSET_FROM_PL": null, "DIAMETER_INSIDE": 450, "NAMENUMBER": null, "TO_MAIN_FID": null, "PERMIT_NUMBER": null, "STREET_NAME": "OAK ST", "HUNDRED_BLOCK": "4300", "HCORACLEID": null, "AS_BUILT": "Yes", "LASTUPDATE_iso": "2014-01-23", "INSTALLDATE_iso": "2012-12-14"}, "geometry": {"type": "LineString", "coordinates": [[-123.1276755305776, 49.24631802543535], [-123.12765163549861, 49.24710092503089]]}}, {"type": "Feature", "properties": {"SHAPE_Length": 49.84822478350285, "OBJECTID": 136589937, "COV_SOURCE_KEY": "1618474", "LASTUPDATE": 1443824175000, "TBFID": 1618474, "UNIT_DESCRIPTION": null, "INSTALLDATE": 1433487600000, "LANE_LOCATION": null, "PIPE_USE": "Main", "SERVICE_STATUS": "In Service", "EFFLUENT_TYPE": "Sanitary", "TB_LENGTH": 49.84822478, "GRADE": 1.08, "MATERIAL": "Polyvinyl Chloride", "VALIDATION_DATE": null, "BUN": null, "UPSTREAM_INVERT": 55.85, "UPSTRM_INVERT_ESTIMATED": null, "DWNSTREAM_INVERT": 55.31, "DNSTRM_INVERT_ESTIMATED": null, "RAMP_TYPE": null, "PIPE_SHAPE": null, "HEIGHT_MM": null, "WIDTH_MM": null, "SECTION_NAME": null, "FLOW_CATEGORY": "Gravity", "NORMAL_PRESSURE": null, "LINING_MATERIAL": null, "ON_PILES": null, "ON_SLAB": null, "NFB_NOTATION": null, "DRAWING_NUMBER": "DB3071", "PP_NUMBER": null, "NFB_ELEVATION": null, "NFB_TYPE": null, "WET_WEATHER_ONLY": null, "REMARKS": "DROP. NO RAMP", "LEGACY_ID": "__FU6KC2", "SOIL_TYPE": null, "SOIL_CONDITION": null, "TYPE_OF_FILL": null, "OWNEDBY": "COVAV", "OPERATOR": "COVAV", "UNIT_ID": "1618481", "MAIN_KEY_1": 837554, "MAIN_COMP1": "30", "UNIT_ID_2": "426087", "MAIN_KEY_2": 31899, "MAIN_COMP2": 30, "COMPKEY": 837555, "MAIN_KEY": 50955, "COMPTYPE": 31, "UPDATED_BY": "ensomg", "ADDRESS_KEY": 150172, "TB_AREA": "CBC07", "DISTRICT": "3", "FACET_GRID": "O15", "CONSTRUCTION_TECHNIQUE": null, "CONNECTN_TYPE": null, "CONNECTN_CONDITION": null, "DATE_OF_PERMIT": null, "SPECIAL_INSTRUCTIONS": null, "TV_CONDITION": null, "TV_LAST_INSPECTION_DATE": null, "TV_INCOMPLETE": null, "TV_NEXT_INSPECTED_DATE": null, "LAST_INSPECTED_OK": null, "DATE_LAST_CLEANING_REQ": null, "DT_LAST_CLEANED": null, "INSPECTED_USER_ID": null, "CLEAN_USER_ID": null, "FURTHER_WORK_REQUIRED": null, "FURTHERWORK_COMPLETED": null, "WORK_ID": null, "PARALLEL_LINE_NO": null, "DISTANCE": null, "MAP_TOOLTIP": "49.85 - 200 SAN  1.08 % 2015 ", "HC_FID": null, "SUBAREA": "O15", "DEPTH_AT_PL": null, "DEPTH_AT_PL_BELOW_CL": null, "OFFSET_DIRECTION": null, "OFFSET_FROM_PL": null, "DIAMETER_INSIDE": 200, "NAMENUMBER": null, "TO_MAIN_FID": null, "PERMIT_NUMBER": null, "STREET_NAME": "TUPPER ST", "HUNDRED_BLOCK": "3500", "HCORACLEID": null, "AS_BUILT": "Yes", "LASTUPDATE_iso": "2015-10-02", "INSTALLDATE_iso": "2015-06-05"}, "geometry": {"type": "LineString", "coordinates": [[-123.1160726748857, 49.25380274506797], [-123.11606593445413, 49.25425111867118]]}}, {"type": "Feature", "properties": {"SHAPE_Length": 104.44276325711026, "OBJECTID": 136590459, "COV_SOURCE_KEY": "1647170", "LASTUPDATE": 1681889424000, "TBFID": 1647170, "UNIT_DESCRIPTION": null, "INSTALLDATE": 1431068400000, "LANE_LOCATION": "Lane West", "PIPE_USE": "Main", "SERVICE_STATUS": "In Service", "EFFLUENT_TYPE": "Sanitary", "TB_LENGTH": 104.44276326, "GRADE": 2.13, "MATERIAL": "Vitrified Clay", "VALIDATION_DATE": null, "BUN": "MN-O16-024", "UPSTREAM_INVERT": 68.51, "UPSTRM_INVERT_ESTIMATED": null, "DWNSTREAM_INVERT": 66.29, "DNSTRM_INVERT_ESTIMATED": null, "RAMP_TYPE": "Closed", "PIPE_SHAPE": null, "HEIGHT_MM": null, "WIDTH_MM": null, "SECTION_NAME": null, "FLOW_CATEGORY": "Gravity", "NORMAL_PRESSURE": null, "LINING_MATERIAL": null, "ON_PILES": null, "ON_SLAB": null, "NFB_NOTATION": null, "DRAWING_NUMBER": "DB3187", "PP_NUMBER": null, "NFB_ELEVATION": null, "NFB_TYPE": null, "WET_WEATHER_ONLY": null, "REMARKS": "C/R", "LEGACY_ID": "__FYHMOW", "SOIL_TYPE": null, "SOIL_CONDITION": null, "TYPE_OF_FILL": null, "OWNEDBY": "COVAV", "OPERATOR": "COVAV", "UNIT_ID": "1646940", "MAIN_KEY_1": 857513, "MAIN_COMP1": "30", "UNIT_ID_2": "1647168", "MAIN_KEY_2": 857520, "MAIN_COMP2": 30, "COMPKEY": 857541, "MAIN_KEY": 52307, "COMPTYPE": 31, "UPDATED_BY": "ENHANMGETASK", "ADDRESS_KEY": 157026, "TB_AREA": "CBC07", "DISTRICT": "3", "FACET_GRID": "O16", "CONSTRUCTION_TECHNIQUE": null, "CONNECTN_TYPE": null, "CONNECTN_CONDITION": null, "DATE_OF_PERMIT": null, "SPECIAL_INSTRUCTIONS": null, "TV_CONDITION": "Good", "TV_LAST_INSPECTION_DATE": 1681110000000, "TV_INCOMPLETE": null, "TV_NEXT_INSPECTED_DATE": null, "LAST_INSPECTED_OK": null, "DATE_LAST_CLEANING_REQ": null, "DT_LAST_CLEANED": null, "INSPECTED_USER_ID": null, "CLEAN_USER_ID": null, "FURTHER_WORK_REQUIRED": "No", "FURTHERWORK_COMPLETED": "No", "WORK_ID": null, "PARALLEL_LINE_NO": null, "DISTANCE": null, "MAP_TOOLTIP": "104.44 - 250 SAN  2.13 % 2015 2", "HC_FID": null, "SUBAREA": "O16", "DEPTH_AT_PL": null, "DEPTH_AT_PL_BELOW_CL": null, "OFFSET_DIRECTION": null, "OFFSET_FROM_PL": null, "DIAMETER_INSIDE": 250, "NAMENUMBER": "MN-O16-024", "TO_MAIN_FID": null, "PERMIT_NUMBER": null, "STREET_NAME": "CAMBIE ST", "HUNDRED_BLOCK": "4100", "HCORACLEID": null, "AS_BUILT": "Yes", "LASTUPDATE_iso": "2023-04-19", "INSTALLDATE_iso": "2015-05-08", "TV_LAST_INSPECTION_DATE_iso": "2023-04-10"}, "geometry": {"type": "LineString", "coordinates": [[-123.1165660583265, 49.24798141912181], [-123.11653459145649, 49.248920678870185]]}}, {"type": "Feature", "properties": {"SHAPE_Length": 3.1559095363860896, "OBJECTID": 136590548, "COV_SOURCE_KEY": "1647382", "LASTUPDATE": 1677227471000, "TBFID": 1647382, "UNIT_DESCRIPTION": null, "INSTALLDATE": 1181199600000, "LANE_LOCATION": "blank", "PIPE_USE": "Main", "SERVICE_STATUS": "In Service", "EFFLUENT_TYPE": "Sanitary", "TB_LENGTH": 3.15590954, "GRADE": 0.32, "MATERIAL": "Polyvinyl Chloride", "VALIDATION_DATE": null, "BUN": "MN-O16-033", "UPSTREAM_INVERT": 65.53, "UPSTRM_INVERT_ESTIMATED": "No", "DWNSTREAM_INVERT": 65.52, "DNSTRM_INVERT_ESTIMATED": "No", "RAMP_TYPE": null, "PIPE_SHAPE": "Round", "HEIGHT_MM": 0, "WIDTH_MM": 0, "SECTION_NAME": null, "FLOW_CATEGORY": "Gravity", "NORMAL_PRESSURE": 0, "LINING_MATERIAL": "blank", "ON_PILES": "No", "ON_SLAB": "No", "NFB_NOTATION": null, "DRAWING_NUMBER": "DB2446", "PP_NUMBER": null, "NFB_ELEVATION": 0, "NFB_TYPE": "blank", "WET_WEATHER_ONLY": "No", "REMARKS": null, "LEGACY_ID": "__FYID7Z", "SOIL_TYPE": "blank", "SOIL_CONDITION": "blank", "TYPE_OF_FILL": null, "OWNEDBY": "COVAV", "OPERATOR": "COVAV", "UNIT_ID": "404988", "MAIN_KEY_1": 10366, "MAIN_COMP1": "30", "UNIT_ID_2": "1647168", "MAIN_KEY_2": 857520, "MAIN_COMP2": 30, "COMPKEY": 857535, "MAIN_KEY": 52303, "COMPTYPE": 31, "UPDATED_BY": "ENHANMGETASK", "ADDRESS_KEY": 151546, "TB_AREA": "CBC07", "DISTRICT": "3", "FACET_GRID": "O16", "CONSTRUCTION_TECHNIQUE": "unknown", "CONNECTN_TYPE": null, "CONNECTN_CONDITION": "{null}", "DATE_OF_PERMIT": null, "SPECIAL_INSTRUCTIONS": null, "TV_CONDITION": "Very Good", "TV_LAST_INSPECTION_DATE": 1665039600000, "TV_INCOMPLETE": null, "TV_NEXT_INSPECTED_DATE": null, "LAST_INSPECTED_OK": null, "DATE_LAST_CLEANING_REQ": null, "DT_LAST_CLEANED": null, "INSPECTED_USER_ID": null, "CLEAN_USER_ID": null, "FURTHER_WORK_REQUIRED": "No", "FURTHERWORK_COMPLETED": "No", "WORK_ID": null, "PARALLEL_LINE_NO": null, "DISTANCE": 142.11, "MAP_TOOLTIP": "3.16 - 250 SAN n/a 0.32 % 2007 1", "HC_FID": null, "SUBAREA": "O16", "DEPTH_AT_PL": null, "DEPTH_AT_PL_BELOW_CL": null, "OFFSET_DIRECTION": null, "OFFSET_FROM_PL": null, "DIAMETER_INSIDE": 250, "NAMENUMBER": "MN-O16-033", "TO_MAIN_FID": null, "PERMIT_NUMBER": null, "STREET_NAME": "W KING EDWARD AV", "HUNDRED_BLOCK": "500", "HCORACLEID": null, "AS_BUILT": "Yes", "LASTUPDATE_iso": "2023-02-24", "INSTALLDATE_iso": "2007-06-07", "TV_LAST_INSPECTION_DATE_iso": "2022-10-06"}, "geometry": {"type": "LineString", "coordinates": [[-123.11649843180153, 49.248923000125814], [-123.11654076568928, 49.24891684966962]]}}, {"type": "Feature", "properties": {"SHAPE_Length": 83.55238629772909, "OBJECTID": 136590915, "COV_SOURCE_KEY": "1556426", "LASTUPDATE": 1394125201000, "TBFID": 1556426, "UNIT_DESCRIPTION": null, "INSTALLDATE": 1373266800000, "LANE_LOCATION": null, "PIPE_USE": "Main", "SERVICE_STATUS": "In Service", "EFFLUENT_TYPE": "Sanitary", "TB_LENGTH": 83.5523863, "GRADE": 3.45, "MATERIAL": "Polyvinyl Chloride", "VALIDATION_DATE": null, "BUN": null, "UPSTREAM_INVERT": 76.332, "UPSTRM_INVERT_ESTIMATED": null, "DWNSTREAM_INVERT": 73.449, "DNSTRM_INVERT_ESTIMATED": null, "RAMP_TYPE": null, "PIPE_SHAPE": null, "HEIGHT_MM": null, "WIDTH_MM": null, "SECTION_NAME": null, "FLOW_CATEGORY": "Gravity", "NORMAL_PRESSURE": null, "LINING_MATERIAL": null, "ON_PILES": null, "ON_SLAB": null, "NFB_NOTATION": null, "DRAWING_NUMBER": "DB3023", "PP_NUMBER": null, "NFB_ELEVATION": null, "NFB_TYPE": null, "WET_WEATHER_ONLY": null, "REMARKS": null, "LEGACY_ID": "__FPJHT5", "SOIL_TYPE": null, "SOIL_CONDITION": null, "TYPE_OF_FILL": null, "OWNEDBY": "COVAV", "OPERATOR": "COVAV", "UNIT_ID": "1556429", "MAIN_KEY_1": 809406, "MAIN_COMP1": "30", "UNIT_ID_2": "1556432", "MAIN_KEY_2": 809407, "MAIN_COMP2": 30, "COMPKEY": 809408, "MAIN_KEY": 46645, "COMPTYPE": 31, "UPDATED_BY": "enwwio", "ADDRESS_KEY": 153917, "TB_AREA": "CBC08", "DISTRICT": "1", "FACET_GRID": "P16", "CONSTRUCTION_TECHNIQUE": null, "CONNECTN_TYPE": null, "CONNECTN_CONDITION": null, "DATE_OF_PERMIT": null, "SPECIAL_INSTRUCTIONS": null, "TV_CONDITION": null, "TV_LAST_INSPECTION_DATE": null, "TV_INCOMPLETE": null, "TV_NEXT_INSPECTED_DATE": null, "LAST_INSPECTED_OK": null, "DATE_LAST_CLEANING_REQ": null, "DT_LAST_CLEANED": null, "INSPECTED_USER_ID": null, "CLEAN_USER_ID": null, "FURTHER_WORK_REQUIRED": null, "FURTHERWORK_COMPLETED": null, "WORK_ID": null, "PARALLEL_LINE_NO": null, "DISTANCE": null, "MAP_TOOLTIP": "83.55 - 200 SAN  3.45 % 2013 ", "HC_FID": null, "SUBAREA": "P16", "DEPTH_AT_PL": null, "DEPTH_AT_PL_BELOW_CL": null, "OFFSET_DIRECTION": null, "OFFSET_FROM_PL": null, "DIAMETER_INSIDE": 200, "NAMENUMBER": null, "TO_MAIN_FID": null, "PERMIT_NUMBER": null, "STREET_NAME": "E 27TH AV", "HUNDRED_BLOCK": "000", "HCORACLEID": null, "AS_BUILT": "Yes", "LASTUPDATE_iso": "2014-03-06", "INSTALLDATE_iso": "2013-07-08"}, "geometry": {"type": "LineString", "coordinates": [[-123.10442620214758, 49.24729147361641], [-123.1032784580599, 49.247275108542794]]}}, {"type": "Feature", "properties": {"SHAPE_Length": 151.38667130890127, "OBJECTID": 136592282, "COV_SOURCE_KEY": "1615825", "LASTUPDATE": 1412878230000, "TBFID": 1615825, "UNIT_DESCRIPTION": null, "INSTALLDATE": 1404975600000, "LANE_LOCATION": null, "PIPE_USE": "Main", "SERVICE_STATUS": "In Service", "EFFLUENT_TYPE": "Sanitary", "TB_LENGTH": 151.38667131, "GRADE": 0.33, "MATERIAL": "Polyvinyl Chloride", "VALIDATION_DATE": null, "BUN": null, "UPSTREAM_INVERT": 66.007, "UPSTRM_INVERT_ESTIMATED": null, "DWNSTREAM_INVERT": 65.51, "DNSTRM_INVERT_ESTIMATED": null, "RAMP_TYPE": null, "PIPE_SHAPE": null, "HEIGHT_MM": null, "WIDTH_MM": null, "SECTION_NAME": null, "FLOW_CATEGORY": "Gravity", "NORMAL_PRESSURE": null, "LINING_MATERIAL": null, "ON_PILES": null, "ON_SLAB": null, "NFB_NOTATION": "NFB STREET", "DRAWING_NUMBER": "DB3198", "PP_NUMBER": null, "NFB_ELEVATION": null, "NFB_TYPE": null, "WET_WEATHER_ONLY": null, "REMARKS": null, "LEGACY_ID": "__FTMWHW", "SOIL_TYPE": null, "SOIL_CONDITION": null, "TYPE_OF_FILL": null, "OWNEDBY": "COVAV", "OPERATOR": "COVAV", "UNIT_ID": "1615822", "MAIN_KEY_1": 838282, "MAIN_COMP1": "30", "UNIT_ID_2": "1599123", "MAIN_KEY_2": 830565, "MAIN_COMP2": 30, "COMPKEY": 838293, "MAIN_KEY": 51077, "COMPTYPE": 31, "UPDATED_BY": "enwwio", "ADDRESS_KEY": 153727, "TB_AREA": "CBC07", "DISTRICT": "3", "FACET_GRID": "N16", "CONSTRUCTION_TECHNIQUE": null, "CONNECTN_TYPE": null, "CONNECTN_CONDITION": null, "DATE_OF_PERMIT": null, "SPECIAL_INSTRUCTIONS": null, "TV_CONDITION": null, "TV_LAST_INSPECTION_DATE": null, "TV_INCOMPLETE": null, "TV_NEXT_INSPECTED_DATE": null, "LAST_INSPECTED_OK": null, "DATE_LAST_CLEANING_REQ": null, "DT_LAST_CLEANED": null, "INSPECTED_USER_ID": null, "CLEAN_USER_ID": null, "FURTHER_WORK_REQUIRED": null, "FURTHERWORK_COMPLETED": null, "WORK_ID": null, "PARALLEL_LINE_NO": null, "DISTANCE": null, "MAP_TOOLTIP": "151.39 - 200 SAN  0.33 % 2014 ", "HC_FID": null, "SUBAREA": "N16", "DEPTH_AT_PL": null, "DEPTH_AT_PL_BELOW_CL": null, "OFFSET_DIRECTION": null, "OFFSET_FROM_PL": null, "DIAMETER_INSIDE": 200, "NAMENUMBER": null, "TO_MAIN_FID": null, "PERMIT_NUMBER": null, "STREET_NAME": "W KING EDWARD AV", "HUNDRED_BLOCK": "800", "HCORACLEID": null, "AS_BUILT": "Yes", "LASTUPDATE_iso": "2014-10-09", "INSTALLDATE_iso": "2014-07-10"}, "geometry": {"type": "LineString", "coordinates": [[-123.12443580703543, 49.24907500081858], [-123.12235629255264, 49.249041645715934]]}}, {"type": "Feature", "properties": {"SHAPE_Length": 22.272894589228546, "OBJECTID": 136592427, "COV_SOURCE_KEY": "1605683", "LASTUPDATE": 1398714848000, "TBFID": 1605683, "UNIT_DESCRIPTION": null, "INSTALLDATE": 1397199600000, "LANE_LOCATION": null, "PIPE_USE": "Main", "SERVICE_STATUS": "In Service", "EFFLUENT_TYPE": "Sanitary", "TB_LENGTH": 22.27289459, "GRADE": 1.12, "MATERIAL": "Polyvinyl Chloride", "VALIDATION_DATE": null, "BUN": null, "UPSTREAM_INVERT": 80.42, "UPSTRM_INVERT_ESTIMATED": null, "DWNSTREAM_INVERT": 80.17, "DNSTRM_INVERT_ESTIMATED": null, "RAMP_TYPE": null, "PIPE_SHAPE": "Round", "HEIGHT_MM": null, "WIDTH_MM": null, "SECTION_NAME": null, "FLOW_CATEGORY": "Gravity", "NORMAL_PRESSURE": null, "LINING_MATERIAL": null, "ON_PILES": null, "ON_SLAB": null, "NFB_NOTATION": null, "DRAWING_NUMBER": "DB3122M", "PP_NUMBER": null, "NFB_ELEVATION": null, "NFB_TYPE": null, "WET_WEATHER_ONLY": null, "REMARKS": null, "LEGACY_ID": "__FSIQ4Q", "SOIL_TYPE": null, "SOIL_CONDITION": null, "TYPE_OF_FILL": null, "OWNEDBY": "COVAV", "OPERATOR": "COVAV", "UNIT_ID": "1605675", "MAIN_KEY_1": 832834, "MAIN_COMP1": "30", "UNIT_ID_2": "400567", "MAIN_KEY_2": 7750, "MAIN_COMP2": 30, "COMPKEY": 832835, "MAIN_KEY": 50355, "COMPTYPE": 31, "UPDATED_BY": "hot18", "ADDRESS_KEY": 157064, "TB_AREA": "CBC07", "DISTRICT": "3", "FACET_GRID": "O16", "CONSTRUCTION_TECHNIQUE": null, "CONNECTN_TYPE": null, "CONNECTN_CONDITION": null, "DATE_OF_PERMIT": null, "SPECIAL_INSTRUCTIONS": null, "TV_CONDITION": null, "TV_LAST_INSPECTION_DATE": null, "TV_INCOMPLETE": null, "TV_NEXT_INSPECTED_DATE": null, "LAST_INSPECTED_OK": null, "DATE_LAST_CLEANING_REQ": null, "DT_LAST_CLEANED": null, "INSPECTED_USER_ID": null, "CLEAN_USER_ID": null, "FURTHER_WORK_REQUIRED": null, "FURTHERWORK_COMPLETED": null, "WORK_ID": null, "PARALLEL_LINE_NO": null, "DISTANCE": null, "MAP_TOOLTIP": "22.27 - 150 SAN  1.12 % 2014 ", "HC_FID": null, "SUBAREA": "O16", "DEPTH_AT_PL": null, "DEPTH_AT_PL_BELOW_CL": null, "OFFSET_DIRECTION": null, "OFFSET_FROM_PL": null, "DIAMETER_INSIDE": 150, "NAMENUMBER": null, "TO_MAIN_FID": null, "PERMIT_NUMBER": null, "STREET_NAME": "W 27TH AV", "HUNDRED_BLOCK": "600", "HCORACLEID": null, "AS_BUILT": "Yes", "LASTUPDATE_iso": "2014-04-28", "INSTALLDATE_iso": "2014-04-11"}, "geometry": {"type": "LineString", "coordinates": [[-123.11880124708047, 49.247082965341406], [-123.11909279542316, 49.24708806231617], [-123.11910426826019, 49.24709373547635]]}}, {"type": "Feature", "properties": {"SHAPE_Length": 52.905407814734545, "OBJECTID": 136607619, "COV_SOURCE_KEY": "1576632", "LASTUPDATE": 1375480988000, "TBFID": 1576632, "UNIT_DESCRIPTION": null, "INSTALLDATE": 1368169200000, "LANE_LOCATION": null, "PIPE_USE": "Main", "SERVICE_STATUS": "In Service", "EFFLUENT_TYPE": "Sanitary", "TB_LENGTH": 52.90540781, "GRADE": 2.97, "MATERIAL": "Polyvinyl Chloride", "VALIDATION_DATE": null, "BUN": null, "UPSTREAM_INVERT": 70.9, "UPSTRM_INVERT_ESTIMATED": null, "DWNSTREAM_INVERT": 69.33, "DNSTRM_INVERT_ESTIMATED": null, "RAMP_TYPE": null, "PIPE_SHAPE": null, "HEIGHT_MM": null, "WIDTH_MM": null, "SECTION_NAME": null, "FLOW_CATEGORY": "Gravity", "NORMAL_PRESSURE": null, "LINING_MATERIAL": null, "ON_PILES": null, "ON_SLAB": null, "NFB_NOTATION": null, "DRAWING_NUMBER": "DB2965", "PP_NUMBER": null, "NFB_ELEVATION": null, "NFB_TYPE": null, "WET_WEATHER_ONLY": null, "REMARKS": null, "LEGACY_ID": "__FPLELO", "SOIL_TYPE": null, "SOIL_CONDITION": null, "TYPE_OF_FILL": null, "OWNEDBY": "COVAV", "OPERATOR": "COVAV", "UNIT_ID": "1576629", "MAIN_KEY_1": 818387, "MAIN_COMP1": "30", "UNIT_ID_2": "1555396", "MAIN_KEY_2": 809010, "MAIN_COMP2": 30, "COMPKEY": 818414, "MAIN_KEY": 48154, "COMPTYPE": 31, "UPDATED_BY": "enwwio", "ADDRESS_KEY": 155893, "TB_AREA": "CBC06", "DISTRICT": "3", "FACET_GRID": "N15", "CONSTRUCTION_TECHNIQUE": null, "CONNECTN_TYPE": null, "CONNECTN_CONDITION": null, "DATE_OF_PERMIT": null, "SPECIAL_INSTRUCTIONS": null, "TV_CONDITION": null, "TV_LAST_INSPECTION_DATE": null, "TV_INCOMPLETE": null, "TV_NEXT_INSPECTED_DATE": null, "LAST_INSPECTED_OK": null, "DATE_LAST_CLEANING_REQ": null, "DT_LAST_CLEANED": null, "INSPECTED_USER_ID": null, "CLEAN_USER_ID": null, "FURTHER_WORK_REQUIRED": null, "FURTHERWORK_COMPLETED": null, "WORK_ID": null, "PARALLEL_LINE_NO": null, "DISTANCE": null, "MAP_TOOLTIP": "52.91 - 200 SAN  2.97 % 2013 ", "HC_FID": null, "SUBAREA": "N15", "DEPTH_AT_PL": null, "DEPTH_AT_PL_BELOW_CL": null, "OFFSET_DIRECTION": null, "OFFSET_FROM_PL": null, "DIAMETER_INSIDE": 200, "NAMENUMBER": null, "TO_MAIN_FID": null, "PERMIT_NUMBER": null, "STREET_NAME": "WOLFE AV", "HUNDRED_BLOCK": "1000", "HCORACLEID": null, "AS_BUILT": "Yes", "LASTUPDATE_iso": "2013-08-02", "INSTALLDATE_iso": "2013-05-10"}, "geometry": {"type": "LineString", "coordinates": [[-123.12921706469928, 49.253897562212586], [-123.12863262707214, 49.25361450504554]]}}, {"type": "Feature", "properties": {"SHAPE_Length": 0.8835496596362761, "OBJECTID": 136607621, "COV_SOURCE_KEY": "1576650", "LASTUPDATE": 1375481724000, "TBFID": 1576650, "UNIT_DESCRIPTION": null, "INSTALLDATE": 1368169200000, "LANE_LOCATION": null, "PIPE_USE": "Main", "SERVICE_STATUS": "In Service", "EFFLUENT_TYPE": "Sanitary", "TB_LENGTH": 0.88354966, "GRADE": 1.13, "MATERIAL": "Polyvinyl Chloride", "VALIDATION_DATE": null, "BUN": null, "UPSTREAM_INVERT": 68.6, "UPSTRM_INVERT_ESTIMATED": null, "DWNSTREAM_INVERT": 68.59, "DNSTRM_INVERT_ESTIMATED": null, "RAMP_TYPE": null, "PIPE_SHAPE": null, "HEIGHT_MM": null, "WIDTH_MM": null, "SECTION_NAME": null, "FLOW_CATEGORY": "Gravity", "NORMAL_PRESSURE": null, "LINING_MATERIAL": null, "ON_PILES": null, "ON_SLAB": null, "NFB_NOTATION": null, "DRAWING_NUMBER": "DB2965", "PP_NUMBER": null, "NFB_ELEVATION": null, "NFB_TYPE": null, "WET_WEATHER_ONLY": null, "REMARKS": null, "LEGACY_ID": "__FPLEM3", "SOIL_TYPE": null, "SOIL_CONDITION": null, "TYPE_OF_FILL": null, "OWNEDBY": "COVAV", "OPERATOR": "COVAV", "UNIT_ID": "1555394", "MAIN_KEY_1": 809009, "MAIN_COMP1": "30", "UNIT_ID_2": "1576639", "MAIN_KEY_2": 818401, "MAIN_COMP2": 72, "COMPKEY": 818428, "MAIN_KEY": 48168, "COMPTYPE": 31, "UPDATED_BY": "enwwio", "ADDRESS_KEY": 155893, "TB_AREA": "CBC06", "DISTRICT": "3", "FACET_GRID": "N15", "CONSTRUCTION_TECHNIQUE": null, "CONNECTN_TYPE": null, "CONNECTN_CONDITION": null, "DATE_OF_PERMIT": null, "SPECIAL_INSTRUCTIONS": null, "TV_CONDITION": null, "TV_LAST_INSPECTION_DATE": null, "TV_INCOMPLETE": null, "TV_NEXT_INSPECTED_DATE": null, "LAST_INSPECTED_OK": null, "DATE_LAST_CLEANING_REQ": null, "DT_LAST_CLEANED": null, "INSPECTED_USER_ID": null, "CLEAN_USER_ID": null, "FURTHER_WORK_REQUIRED": null, "FURTHERWORK_COMPLETED": null, "WORK_ID": null, "PARALLEL_LINE_NO": null, "DISTANCE": null, "MAP_TOOLTIP": ".88 - 200 SAN  1.13 % 2013 ", "HC_FID": null, "SUBAREA": "N15", "DEPTH_AT_PL": null, "DEPTH_AT_PL_BELOW_CL": null, "OFFSET_DIRECTION": null, "OFFSET_FROM_PL": null, "DIAMETER_INSIDE": 200, "NAMENUMBER": null, "TO_MAIN_FID": null, "PERMIT_NUMBER": null, "STREET_NAME": "WOLFE AV", "HUNDRED_BLOCK": "1000", "HCORACLEID": null, "AS_BUILT": "Yes", "LASTUPDATE_iso": "2013-08-02", "INSTALLDATE_iso": "2013-05-10"}, "geometry": {"type": "LineString", "coordinates": [[-123.12813046791369, 49.25286944894654], [-123.12812599649803, 49.25286205983099]]}}, {"type": "Feature", "properties": {"SHAPE_Length": 20.11847832257263, "OBJECTID": 136607623, "COV_SOURCE_KEY": "1576659", "LASTUPDATE": 1375480987000, "TBFID": 1576659, "UNIT_DESCRIPTION": null, "INSTALLDATE": 1368169200000, "LANE_LOCATION": null, "PIPE_USE": "Main", "SERVICE_STATUS": "In Service", "EFFLUENT_TYPE": "Sanitary", "TB_LENGTH": 20.11847832, "GRADE": 1.34, "MATERIAL": "Polyvinyl Chloride", "VALIDATION_DATE": null, "BUN": null, "UPSTREAM_INVERT": 68.59, "UPSTRM_INVERT_ESTIMATED": null, "DWNSTREAM_INVERT": 68.32, "DNSTRM_INVERT_ESTIMATED": null, "RAMP_TYPE": null, "PIPE_SHAPE": null, "HEIGHT_MM": null, "WIDTH_MM": null, "SECTION_NAME": null, "FLOW_CATEGORY": "Gravity", "NORMAL_PRESSURE": null, "LINING_MATERIAL": null, "ON_PILES": null, "ON_SLAB": null, "NFB_NOTATION": null, "DRAWING_NUMBER": "DB2965", "PP_NUMBER": null, "NFB_ELEVATION": null, "NFB_TYPE": null, "WET_WEATHER_ONLY": null, "REMARKS": null, "LEGACY_ID": "__FPLEM8", "SOIL_TYPE": null, "SOIL_CONDITION": null, "TYPE_OF_FILL": null, "OWNEDBY": "COVAV", "OPERATOR": "COVAV", "UNIT_ID": "1576639", "MAIN_KEY_1": 818401, "MAIN_COMP1": "72", "UNIT_ID_2": "1576643", "MAIN_KEY_2": 818384, "MAIN_COMP2": 30, "COMPKEY": 818405, "MAIN_KEY": 48145, "COMPTYPE": 31, "UPDATED_BY": "enwwio", "ADDRESS_KEY": 155893, "TB_AREA": "CBC06", "DISTRICT": "3", "FACET_GRID": "N15", "CONSTRUCTION_TECHNIQUE": null, "CONNECTN_TYPE": null, "CONNECTN_CONDITION": null, "DATE_OF_PERMIT": null, "SPECIAL_INSTRUCTIONS": null, "TV_CONDITION": null, "TV_LAST_INSPECTION_DATE": null, "TV_INCOMPLETE": null, "TV_NEXT_INSPECTED_DATE": null, "LAST_INSPECTED_OK": null, "DATE_LAST_CLEANING_REQ": null, "DT_LAST_CLEANED": null, "INSPECTED_USER_ID": null, "CLEAN_USER_ID": null, "FURTHER_WORK_REQUIRED": null, "FURTHERWORK_COMPLETED": null, "WORK_ID": null, "PARALLEL_LINE_NO": null, "DISTANCE": null, "MAP_TOOLTIP": "20.12 - 200 SAN  1.34 % 2013 ", "HC_FID": null, "SUBAREA": "N15", "DEPTH_AT_PL": null, "DEPTH_AT_PL_BELOW_CL": null, "OFFSET_DIRECTION": null, "OFFSET_FROM_PL": null, "DIAMETER_INSIDE": 200, "NAMENUMBER": null, "TO_MAIN_FID": null, "PERMIT_NUMBER": null, "STREET_NAME": "WOLFE AV", "HUNDRED_BLOCK": "1000", "HCORACLEID": null, "AS_BUILT": "Yes", "LASTUPDATE_iso": "2013-08-02", "INSTALLDATE_iso": "2013-05-10"}, "geometry": {"type": "LineString", "coordinates": [[-123.12812599649803, 49.25286205983099], [-123.12793899933365, 49.25272876892986]]}}, {"type": "Feature", "properties": {"SHAPE_Length": 0.9442102519847347, "OBJECTID": 136607625, "COV_SOURCE_KEY": "1576676", "LASTUPDATE": 1375481510000, "TBFID": 1576676, "UNIT_DESCRIPTION": null, "INSTALLDATE": 1368169200000, "LANE_LOCATION": null, "PIPE_USE": "Main", "SERVICE_STATUS": "In Service", "EFFLUENT_TYPE": "Sanitary", "TB_LENGTH": 0.94421025, "GRADE": 0, "MATERIAL": "Polyvinyl Chloride", "VALIDATION_DATE": null, "BUN": null, "UPSTREAM_INVERT": 68.28, "UPSTRM_INVERT_ESTIMATED": null, "DWNSTREAM_INVERT": 68.28, "DNSTRM_INVERT_ESTIMATED": null, "RAMP_TYPE": null, "PIPE_SHAPE": null, "HEIGHT_MM": null, "WIDTH_MM": null, "SECTION_NAME": null, "FLOW_CATEGORY": "Gravity", "NORMAL_PRESSURE": null, "LINING_MATERIAL": null, "ON_PILES": null, "ON_SLAB": null, "NFB_NOTATION": null, "DRAWING_NUMBER": "DB2965", "PP_NUMBER": null, "NFB_ELEVATION": null, "NFB_TYPE": null, "WET_WEATHER_ONLY": null, "REMARKS": null, "LEGACY_ID": "__FPLEML", "SOIL_TYPE": null, "SOIL_CONDITION": null, "TYPE_OF_FILL": null, "OWNEDBY": "COVAV", "OPERATOR": "COVAV", "UNIT_ID": "1576643", "MAIN_KEY_1": 818384, "MAIN_COMP1": "30", "UNIT_ID_2": "1576666", "MAIN_KEY_2": 818399, "MAIN_COMP2": 72, "COMPKEY": 818427, "MAIN_KEY": 48167, "COMPTYPE": 31, "UPDATED_BY": "enwwio", "ADDRESS_KEY": 155893, "TB_AREA": "CBC06", "DISTRICT": "3", "FACET_GRID": "N15", "CONSTRUCTION_TECHNIQUE": null, "CONNECTN_TYPE": null, "CONNECTN_CONDITION": null, "DATE_OF_PERMIT": null, "SPECIAL_INSTRUCTIONS": null, "TV_CONDITION": null, "TV_LAST_INSPECTION_DATE": null, "TV_INCOMPLETE": null, "TV_NEXT_INSPECTED_DATE": null, "LAST_INSPECTED_OK": null, "DATE_LAST_CLEANING_REQ": null, "DT_LAST_CLEANED": null, "INSPECTED_USER_ID": null, "CLEAN_USER_ID": null, "FURTHER_WORK_REQUIRED": null, "FURTHERWORK_COMPLETED": null, "WORK_ID": null, "PARALLEL_LINE_NO": null, "DISTANCE": null, "MAP_TOOLTIP": ".94 - 200 SAN  0.00 % 2013 ", "HC_FID": null, "SUBAREA": "N15", "DEPTH_AT_PL": null, "DEPTH_AT_PL_BELOW_CL": null, "OFFSET_DIRECTION": null, "OFFSET_FROM_PL": null, "DIAMETER_INSIDE": 200, "NAMENUMBER": null, "TO_MAIN_FID": null, "PERMIT_NUMBER": null, "STREET_NAME": "WOLFE AV", "HUNDRED_BLOCK": "1000", "HCORACLEID": null, "AS_BUILT": "Yes", "LASTUPDATE_iso": "2013-08-02", "INSTALLDATE_iso": "2013-05-10"}, "geometry": {"type": "LineString", "coordinates": [[-123.12793899933365, 49.25272876892986], [-123.12793001023957, 49.25272264414054]]}}, {"type": "Feature", "properties": {"SHAPE_Length": 20.100749065672552, "OBJECTID": 136607627, "COV_SOURCE_KEY": "1576685", "LASTUPDATE": 1382134240000, "TBFID": 1576685, "UNIT_DESCRIPTION": null, "INSTALLDATE": 1368169200000, "LANE_LOCATION": null, "PIPE_USE": "Main", "SERVICE_STATUS": "In Service", "EFFLUENT_TYPE": "Sanitary", "TB_LENGTH": 20.10074907, "GRADE": 8.91, "MATERIAL": "Polyvinyl Chloride", "VALIDATION_DATE": null, "BUN": null, "UPSTREAM_INVERT": 68.28, "UPSTRM_INVERT_ESTIMATED": null, "DWNSTREAM_INVERT": 66.49, "DNSTRM_INVERT_ESTIMATED": null, "RAMP_TYPE": null, "PIPE_SHAPE": null, "HEIGHT_MM": null, "WIDTH_MM": null, "SECTION_NAME": null, "FLOW_CATEGORY": "Gravity", "NORMAL_PRESSURE": null, "LINING_MATERIAL": null, "ON_PILES": null, "ON_SLAB": null, "NFB_NOTATION": null, "DRAWING_NUMBER": "DB2965", "PP_NUMBER": null, "NFB_ELEVATION": null, "NFB_TYPE": null, "WET_WEATHER_ONLY": null, "REMARKS": null, "LEGACY_ID": "__FPLEMN", "SOIL_TYPE": null, "SOIL_CONDITION": null, "TYPE_OF_FILL": null, "OWNEDBY": "COVAV", "OPERATOR": "COVAV", "UNIT_ID": "1576666", "MAIN_KEY_1": 818399, "MAIN_COMP1": "72", "UNIT_ID_2": "1576670", "MAIN_KEY_2": 818388, "MAIN_COMP2": 30, "COMPKEY": 818409, "MAIN_KEY": 48149, "COMPTYPE": 31, "UPDATED_BY": "enwwio", "ADDRESS_KEY": 155893, "TB_AREA": "CBC06", "DISTRICT": "3", "FACET_GRID": "N15", "CONSTRUCTION_TECHNIQUE": null, "CONNECTN_TYPE": null, "CONNECTN_CONDITION": null, "DATE_OF_PERMIT": null, "SPECIAL_INSTRUCTIONS": null, "TV_CONDITION": null, "TV_LAST_INSPECTION_DATE": null, "TV_INCOMPLETE": null, "TV_NEXT_INSPECTED_DATE": null, "LAST_INSPECTED_OK": null, "DATE_LAST_CLEANING_REQ": null, "DT_LAST_CLEANED": null, "INSPECTED_USER_ID": null, "CLEAN_USER_ID": null, "FURTHER_WORK_REQUIRED": null, "FURTHERWORK_COMPLETED": null, "WORK_ID": null, "PARALLEL_LINE_NO": null, "DISTANCE": null, "MAP_TOOLTIP": "20.1 - 200 SAN  8.91 % 2013 ", "HC_FID": null, "SUBAREA": "N15", "DEPTH_AT_PL": null, "DEPTH_AT_PL_BELOW_CL": null, "OFFSET_DIRECTION": null, "OFFSET_FROM_PL": null, "DIAMETER_INSIDE": 200, "NAMENUMBER": null, "TO_MAIN_FID": null, "PERMIT_NUMBER": null, "STREET_NAME": "WOLFE AV", "HUNDRED_BLOCK": "1000", "HCORACLEID": null, "AS_BUILT": "Yes", "LASTUPDATE_iso": "2013-10-18", "INSTALLDATE_iso": "2013-05-10"}, "geometry": {"type": "LineString", "coordinates": [[-123.12793001023957, 49.25272264414054], [-123.12767873007134, 49.2526475691082]]}}, {"type": "Feature", "properties": {"SHAPE_Length": 0.8470590294635482, "OBJECTID": 136607629, "COV_SOURCE_KEY": "1576700", "LASTUPDATE": 1375480988000, "TBFID": 1576700, "UNIT_DESCRIPTION": null, "INSTALLDATE": 1368169200000, "LANE_LOCATION": null, "PIPE_USE": "Main", "SERVICE_STATUS": "In Service", "EFFLUENT_TYPE": "Sanitary", "TB_LENGTH": 0.84705903, "GRADE": 4.72, "MATERIAL": "Polyvinyl Chloride", "VALIDATION_DATE": null, "BUN": null, "UPSTREAM_INVERT": 66.41, "UPSTRM_INVERT_ESTIMATED": null, "DWNSTREAM_INVERT": 66.37, "DNSTRM_INVERT_ESTIMATED": null, "RAMP_TYPE": null, "PIPE_SHAPE": null, "HEIGHT_MM": null, "WIDTH_MM": null, "SECTION_NAME": null, "FLOW_CATEGORY": "Gravity", "NORMAL_PRESSURE": null, "LINING_MATERIAL": null, "ON_PILES": null, "ON_SLAB": null, "NFB_NOTATION": null, "DRAWING_NUMBER": "DB2965", "PP_NUMBER": null, "NFB_ELEVATION": null, "NFB_TYPE": null, "WET_WEATHER_ONLY": null, "REMARKS": null, "LEGACY_ID": "__FPLEN1", "SOIL_TYPE": null, "SOIL_CONDITION": null, "TYPE_OF_FILL": null, "OWNEDBY": "COVAV", "OPERATOR": "COVAV", "UNIT_ID": "1576670", "MAIN_KEY_1": 818388, "MAIN_COMP1": "30", "UNIT_ID_2": "1576691", "MAIN_KEY_2": 818403, "MAIN_COMP2": 72, "COMPKEY": 818415, "MAIN_KEY": 48155, "COMPTYPE": 31, "UPDATED_BY": "enwwio", "ADDRESS_KEY": 155893, "TB_AREA": "CBC06", "DISTRICT": "3", "FACET_GRID": "N15", "CONSTRUCTION_TECHNIQUE": null, "CONNECTN_TYPE": null, "CONNECTN_CONDITION": null, "DATE_OF_PERMIT": null, "SPECIAL_INSTRUCTIONS": null, "TV_CONDITION": null, "TV_LAST_INSPECTION_DATE": null, "TV_INCOMPLETE": null, "TV_NEXT_INSPECTED_DATE": null, "LAST_INSPECTED_OK": null, "DATE_LAST_CLEANING_REQ": null, "DT_LAST_CLEANED": null, "INSPECTED_USER_ID": null, "CLEAN_USER_ID": null, "FURTHER_WORK_REQUIRED": null, "FURTHERWORK_COMPLETED": null, "WORK_ID": null, "PARALLEL_LINE_NO": null, "DISTANCE": null, "MAP_TOOLTIP": ".85 - 200 SAN  4.72 % 2013 ", "HC_FID": null, "SUBAREA": "N15", "DEPTH_AT_PL": null, "DEPTH_AT_PL_BELOW_CL": null, "OFFSET_DIRECTION": null, "OFFSET_FROM_PL": null, "DIAMETER_INSIDE": 200, "NAMENUMBER": null, "TO_MAIN_FID": null, "PERMIT_NUMBER": null, "STREET_NAME": "WOLFE AV", "HUNDRED_BLOCK": "1000", "HCORACLEID": null, "AS_BUILT": "Yes", "LASTUPDATE_iso": "2013-08-02", "INSTALLDATE_iso": "2013-05-10"}, "geometry": {"type": "LineString", "coordinates": [[-123.12767873007134, 49.2526475691082], [-123.12766814089571, 49.25264440549558]]}}, {"type": "Feature", "properties": {"SHAPE_Length": 4.784903343361677, "OBJECTID": 136607630, "COV_SOURCE_KEY": "1576714", "LASTUPDATE": 1375480988000, "TBFID": 1576714, "UNIT_DESCRIPTION": null, "INSTALLDATE": 1368169200000, "LANE_LOCATION": null, "PIPE_USE": "Main", "SERVICE_STATUS": "In Service", "EFFLUENT_TYPE": "Sanitary", "TB_LENGTH": 4.78490334, "GRADE": 6.06, "MATERIAL": "Polyvinyl Chloride", "VALIDATION_DATE": null, "BUN": null, "UPSTREAM_INVERT": 66.37, "UPSTRM_INVERT_ESTIMATED": null, "DWNSTREAM_INVERT": 66.08, "DNSTRM_INVERT_ESTIMATED": "Yes", "RAMP_TYPE": null, "PIPE_SHAPE": null, "HEIGHT_MM": null, "WIDTH_MM": null, "SECTION_NAME": null, "FLOW_CATEGORY": "Gravity", "NORMAL_PRESSURE": null, "LINING_MATERIAL": null, "ON_PILES": null, "ON_SLAB": null, "NFB_NOTATION": null, "DRAWING_NUMBER": "DB2965", "PP_NUMBER": null, "NFB_ELEVATION": null, "NFB_TYPE": null, "WET_WEATHER_ONLY": null, "REMARKS": null, "LEGACY_ID": "__FPLEN9", "SOIL_TYPE": null, "SOIL_CONDITION": null, "TYPE_OF_FILL": null, "OWNEDBY": "COVAV", "OPERATOR": "COVAV", "UNIT_ID": "1576691", "MAIN_KEY_1": 818403, "MAIN_COMP1": "72", "UNIT_ID_2": "1576705", "MAIN_KEY_2": 818402, "MAIN_COMP2": 72, "COMPKEY": 818422, "MAIN_KEY": 48162, "COMPTYPE": 31, "UPDATED_BY": "enwwio", "ADDRESS_KEY": 155893, "TB_AREA": "CBC06", "DISTRICT": "3", "FACET_GRID": "N15", "CONSTRUCTION_TECHNIQUE": null, "CONNECTN_TYPE": null, "CONNECTN_CONDITION": null, "DATE_OF_PERMIT": null, "SPECIAL_INSTRUCTIONS": null, "TV_CONDITION": null, "TV_LAST_INSPECTION_DATE": null, "TV_INCOMPLETE": null, "TV_NEXT_INSPECTED_DATE": null, "LAST_INSPECTED_OK": null, "DATE_LAST_CLEANING_REQ": null, "DT_LAST_CLEANED": null, "INSPECTED_USER_ID": null, "CLEAN_USER_ID": null, "FURTHER_WORK_REQUIRED": null, "FURTHERWORK_COMPLETED": null, "WORK_ID": null, "PARALLEL_LINE_NO": null, "DISTANCE": null, "MAP_TOOLTIP": "4.78 - 200 SAN  6.06 % 2013 ", "HC_FID": null, "SUBAREA": "N15", "DEPTH_AT_PL": null, "DEPTH_AT_PL_BELOW_CL": null, "OFFSET_DIRECTION": null, "OFFSET_FROM_PL": null, "DIAMETER_INSIDE": 200, "NAMENUMBER": null, "TO_MAIN_FID": null, "PERMIT_NUMBER": null, "STREET_NAME": "WOLFE AV", "HUNDRED_BLOCK": "1000", "HCORACLEID": null, "AS_BUILT": null, "LASTUPDATE_iso": "2013-08-02", "INSTALLDATE_iso": "2013-05-10"}, "geometry": {"type": "LineString", "coordinates": [[-123.12766814089571, 49.25264440549558], [-123.12760606553145, 49.252658596575294]]}}, {"type": "Feature", "properties": {"SHAPE_Length": 4.41901312460036, "OBJECTID": 136607632, "COV_SOURCE_KEY": "1576736", "LASTUPDATE": 1375480988000, "TBFID": 1576736, "UNIT_DESCRIPTION": null, "INSTALLDATE": 1368169200000, "LANE_LOCATION": null, "PIPE_USE": "Main", "SERVICE_STATUS": "In Service", "EFFLUENT_TYPE": "Sanitary", "TB_LENGTH": 4.41901313, "GRADE": 5.2, "MATERIAL": "Polyvinyl Chloride", "VALIDATION_DATE": null, "BUN": null, "UPSTREAM_INVERT": 66.08, "UPSTRM_INVERT_ESTIMATED": null, "DWNSTREAM_INVERT": 65.85, "DNSTRM_INVERT_ESTIMATED": null, "RAMP_TYPE": null, "PIPE_SHAPE": null, "HEIGHT_MM": null, "WIDTH_MM": null, "SECTION_NAME": null, "FLOW_CATEGORY": "Gravity", "NORMAL_PRESSURE": null, "LINING_MATERIAL": null, "ON_PILES": null, "ON_SLAB": null, "NFB_NOTATION": null, "DRAWING_NUMBER": "DB2965", "PP_NUMBER": null, "NFB_ELEVATION": null, "NFB_TYPE": null, "WET_WEATHER_ONLY": null, "REMARKS": null, "LEGACY_ID": "__FPLENJ", "SOIL_TYPE": null, "SOIL_CONDITION": null, "TYPE_OF_FILL": null, "OWNEDBY": "COVAV", "OPERATOR": "COVAV", "UNIT_ID": "1576705", "MAIN_KEY_1": 818402, "MAIN_COMP1": "72", "UNIT_ID_2": "1576729", "MAIN_KEY_2": 818394, "MAIN_COMP2": 72, "COMPKEY": 818423, "MAIN_KEY": 48163, "COMPTYPE": 31, "UPDATED_BY": "enwwio", "ADDRESS_KEY": 155893, "TB_AREA": "CBC06", "DISTRICT": "3", "FACET_GRID": "N15", "CONSTRUCTION_TECHNIQUE": null, "CONNECTN_TYPE": null, "CONNECTN_CONDITION": null, "DATE_OF_PERMIT": null, "SPECIAL_INSTRUCTIONS": null, "TV_CONDITION": null, "TV_LAST_INSPECTION_DATE": null, "TV_INCOMPLETE": null, "TV_NEXT_INSPECTED_DATE": null, "LAST_INSPECTED_OK": null, "DATE_LAST_CLEANING_REQ": null, "DT_LAST_CLEANED": null, "INSPECTED_USER_ID": null, "CLEAN_USER_ID": null, "FURTHER_WORK_REQUIRED": null, "FURTHERWORK_COMPLETED": null, "WORK_ID": null, "PARALLEL_LINE_NO": null, "DISTANCE": null, "MAP_TOOLTIP": "4.42 - 200 SAN  5.20 % 2013 ", "HC_FID": null, "SUBAREA": "N15", "DEPTH_AT_PL": null, "DEPTH_AT_PL_BELOW_CL": null, "OFFSET_DIRECTION": null, "OFFSET_FROM_PL": null, "DIAMETER_INSIDE": 200, "NAMENUMBER": null, "TO_MAIN_FID": null, "PERMIT_NUMBER": null, "STREET_NAME": "WOLFE AV", "HUNDRED_BLOCK": "1000", "HCORACLEID": null, "AS_BUILT": "Yes", "LASTUPDATE_iso": "2013-08-02", "INSTALLDATE_iso": "2013-05-10"}, "geometry": {"type": "LineString", "coordinates": [[-123.12760606553145, 49.252658596575294], [-123.12754874194972, 49.25267171194414]]}}, {"type": "Feature", "properties": {"SHAPE_Length": 4.382629805019978, "OBJECTID": 136607634, "COV_SOURCE_KEY": "1576753", "LASTUPDATE": 1375480988000, "TBFID": 1576753, "UNIT_DESCRIPTION": null, "INSTALLDATE": 1368169200000, "LANE_LOCATION": null, "PIPE_USE": "Main", "SERVICE_STATUS": "In Service", "EFFLUENT_TYPE": "Sanitary", "TB_LENGTH": 4.3826298, "GRADE": 3.88, "MATERIAL": "Polyvinyl Chloride", "VALIDATION_DATE": null, "BUN": null, "UPSTREAM_INVERT": 65.85, "UPSTRM_INVERT_ESTIMATED": null, "DWNSTREAM_INVERT": 65.68, "DNSTRM_INVERT_ESTIMATED": null, "RAMP_TYPE": null, "PIPE_SHAPE": null, "HEIGHT_MM": null, "WIDTH_MM": null, "SECTION_NAME": null, "FLOW_CATEGORY": "Gravity", "NORMAL_PRESSURE": null, "LINING_MATERIAL": null, "ON_PILES": null, "ON_SLAB": null, "NFB_NOTATION": null, "DRAWING_NUMBER": "DB2965", "PP_NUMBER": null, "NFB_ELEVATION": null, "NFB_TYPE": null, "WET_WEATHER_ONLY": null, "REMARKS": null, "LEGACY_ID": "__FPLENN", "SOIL_TYPE": null, "SOIL_CONDITION": null, "TYPE_OF_FILL": null, "OWNEDBY": "COVAV", "OPERATOR": "COVAV", "UNIT_ID": "1576729", "MAIN_KEY_1": 818394, "MAIN_COMP1": "72", "UNIT_ID_2": "1576746", "MAIN_KEY_2": 818398, "MAIN_COMP2": 72, "COMPKEY": 818424, "MAIN_KEY": 48164, "COMPTYPE": 31, "UPDATED_BY": "enwwio", "ADDRESS_KEY": 155893, "TB_AREA": "CBC06", "DISTRICT": "3", "FACET_GRID": "N15", "CONSTRUCTION_TECHNIQUE": null, "CONNECTN_TYPE": null, "CONNECTN_CONDITION": null, "DATE_OF_PERMIT": null, "SPECIAL_INSTRUCTIONS": null, "TV_CONDITION": null, "TV_LAST_INSPECTION_DATE": null, "TV_INCOMPLETE": null, "TV_NEXT_INSPECTED_DATE": null, "LAST_INSPECTED_OK": null, "DATE_LAST_CLEANING_REQ": null, "DT_LAST_CLEANED": null, "INSPECTED_USER_ID": null, "CLEAN_USER_ID": null, "FURTHER_WORK_REQUIRED": null, "FURTHERWORK_COMPLETED": null, "WORK_ID": null, "PARALLEL_LINE_NO": null, "DISTANCE": null, "MAP_TOOLTIP": "4.38 - 200 SAN  3.88 % 2013 ", "HC_FID": null, "SUBAREA": "N15", "DEPTH_AT_PL": null, "DEPTH_AT_PL_BELOW_CL": null, "OFFSET_DIRECTION": null, "OFFSET_FROM_PL": null, "DIAMETER_INSIDE": 200, "NAMENUMBER": null, "TO_MAIN_FID": null, "PERMIT_NUMBER": null, "STREET_NAME": "WOLFE AV", "HUNDRED_BLOCK": "1000", "HCORACLEID": null, "AS_BUILT": "Yes", "LASTUPDATE_iso": "2013-08-02", "INSTALLDATE_iso": "2013-05-10"}, "geometry": {"type": "LineString", "coordinates": [[-123.12754874194972, 49.25267171194414], [-123.12749188524916, 49.25268470983142]]}}, {"type": "Feature", "properties": {"SHAPE_Length": 0.34650829705673697, "OBJECTID": 136607744, "COV_SOURCE_KEY": "1576763", "LASTUPDATE": 1375480988000, "TBFID": 1576763, "UNIT_DESCRIPTION": null, "INSTALLDATE": 1368169200000, "LANE_LOCATION": null, "PIPE_USE": "Main", "SERVICE_STATUS": "In Service", "EFFLUENT_TYPE": "Sanitary", "TB_LENGTH": 0.3465083, "GRADE": 11.54, "MATERIAL": "Polyvinyl Chloride", "VALIDATION_DATE": null, "BUN": null, "UPSTREAM_INVERT": 65.68, "UPSTRM_INVERT_ESTIMATED": null, "DWNSTREAM_INVERT": 65.64, "DNSTRM_INVERT_ESTIMATED": null, "RAMP_TYPE": null, "PIPE_SHAPE": null, "HEIGHT_MM": null, "WIDTH_MM": null, "SECTION_NAME": null, "FLOW_CATEGORY": "Gravity", "NORMAL_PRESSURE": null, "LINING_MATERIAL": null, "ON_PILES": null, "ON_SLAB": null, "NFB_NOTATION": null, "DRAWING_NUMBER": "DB2965", "PP_NUMBER": null, "NFB_ELEVATION": null, "NFB_TYPE": null, "WET_WEATHER_ONLY": null, "REMARKS": null, "LEGACY_ID": "__FPLENP", "SOIL_TYPE": null, "SOIL_CONDITION": null, "TYPE_OF_FILL": null, "OWNEDBY": "COVAV", "OPERATOR": "COVAV", "UNIT_ID": "1576746", "MAIN_KEY_1": 818398, "MAIN_COMP1": "72", "UNIT_ID_2": "1576749", "MAIN_KEY_2": 818397, "MAIN_COMP2": 72, "COMPKEY": 818416, "MAIN_KEY": 48156, "COMPTYPE": 31, "UPDATED_BY": "enwwio", "ADDRESS_KEY": 155893, "TB_AREA": "CBC06", "DISTRICT": "3", "FACET_GRID": "N15", "CONSTRUCTION_TECHNIQUE": null, "CONNECTN_TYPE": null, "CONNECTN_CONDITION": null, "DATE_OF_PERMIT": null, "SPECIAL_INSTRUCTIONS": null, "TV_CONDITION": null, "TV_LAST_INSPECTION_DATE": null, "TV_INCOMPLETE": null, "TV_NEXT_INSPECTED_DATE": null, "LAST_INSPECTED_OK": null, "DATE_LAST_CLEANING_REQ": null, "DT_LAST_CLEANED": null, "INSPECTED_USER_ID": null, "CLEAN_USER_ID": null, "FURTHER_WORK_REQUIRED": null, "FURTHERWORK_COMPLETED": null, "WORK_ID": null, "PARALLEL_LINE_NO": null, "DISTANCE": null, "MAP_TOOLTIP": ".35 - 200 SAN  11.54 % 2013 ", "HC_FID": null, "SUBAREA": "N15", "DEPTH_AT_PL": null, "DEPTH_AT_PL_BELOW_CL": null, "OFFSET_DIRECTION": null, "OFFSET_FROM_PL": null, "DIAMETER_INSIDE": 200, "NAMENUMBER": null, "TO_MAIN_FID": null, "PERMIT_NUMBER": null, "STREET_NAME": "WOLFE AV", "HUNDRED_BLOCK": "1000", "HCORACLEID": null, "AS_BUILT": "Yes", "LASTUPDATE_iso": "2013-08-02", "INSTALLDATE_iso": "2013-05-10"}, "geometry": {"type": "LineString", "coordinates": [[-123.12749188524916, 49.25268470983142], [-123.12748745750433, 49.25268356332854]]}}, {"type": "Feature", "properties": {"SHAPE_Length": 74.53664970312141, "OBJECTID": 136607910, "COV_SOURCE_KEY": "1612019", "LASTUPDATE": 1781681439000, "TBFID": 1612019, "UNIT_DESCRIPTION": null, "INSTALLDATE": 1412060400000, "LANE_LOCATION": "Lane West", "PIPE_USE": "Main", "SERVICE_STATUS": "In Service", "EFFLUENT_TYPE": "Sanitary", "TB_LENGTH": 74.5366497, "GRADE": 2.09, "MATERIAL": "Vitrified Clay", "VALIDATION_DATE": null, "BUN": "MN-N15-016", "UPSTREAM_INVERT": 67.89, "UPSTRM_INVERT_ESTIMATED": null, "DWNSTREAM_INVERT": 66.33, "DNSTRM_INVERT_ESTIMATED": null, "RAMP_TYPE": null, "PIPE_SHAPE": null, "HEIGHT_MM": null, "WIDTH_MM": null, "SECTION_NAME": null, "FLOW_CATEGORY": "Gravity", "NORMAL_PRESSURE": null, "LINING_MATERIAL": null, "ON_PILES": null, "ON_SLAB": null, "NFB_NOTATION": null, "DRAWING_NUMBER": "DB3185", "PP_NUMBER": null, "NFB_ELEVATION": null, "NFB_TYPE": null, "WET_WEATHER_ONLY": null, "REMARKS": null, "LEGACY_ID": "__FT3E1M", "SOIL_TYPE": null, "SOIL_CONDITION": null, "TYPE_OF_FILL": null, "OWNEDBY": "COVAV", "OPERATOR": "COVAV", "UNIT_ID": "1612023", "MAIN_KEY_1": 834880, "MAIN_COMP1": "30", "UNIT_ID_2": "1631471", "MAIN_KEY_2": 844012, "MAIN_COMP2": 30, "COMPKEY": 834882, "MAIN_KEY": 50556, "COMPTYPE": 31, "UPDATED_BY": "ENHANMGETASK", "ADDRESS_KEY": 138432, "TB_AREA": "CBC06", "DISTRICT": "3", "FACET_GRID": "N15", "CONSTRUCTION_TECHNIQUE": null, "CONNECTN_TYPE": null, "CONNECTN_CONDITION": null, "DATE_OF_PERMIT": null, "SPECIAL_INSTRUCTIONS": null, "TV_CONDITION": "Good", "TV_LAST_INSPECTION_DATE": 1778310000000, "TV_INCOMPLETE": null, "TV_NEXT_INSPECTED_DATE": null, "LAST_INSPECTED_OK": null, "DATE_LAST_CLEANING_REQ": null, "DT_LAST_CLEANED": null, "INSPECTED_USER_ID": null, "CLEAN_USER_ID": null, "FURTHER_WORK_REQUIRED": "No", "FURTHERWORK_COMPLETED": "No", "WORK_ID": null, "PARALLEL_LINE_NO": null, "DISTANCE": null, "MAP_TOOLTIP": "74.54 - 200 SAN  2.09 % 2014 2", "HC_FID": null, "SUBAREA": "N15", "DEPTH_AT_PL": null, "DEPTH_AT_PL_BELOW_CL": null, "OFFSET_DIRECTION": null, "OFFSET_FROM_PL": null, "DIAMETER_INSIDE": 200, "NAMENUMBER": "MN-N15-016", "TO_MAIN_FID": null, "PERMIT_NUMBER": null, "STREET_NAME": "W KING EDWARD AV", "HUNDRED_BLOCK": "900", "HCORACLEID": null, "AS_BUILT": "Yes", "LASTUPDATE_iso": "2026-06-17", "INSTALLDATE_iso": "2014-09-30", "TV_LAST_INSPECTION_DATE_iso": "2026-05-09"}, "geometry": {"type": "LineString", "coordinates": [[-123.12835614823246, 49.24999193132884], [-123.12838179577909, 49.24932166829969]]}}, {"type": "Feature", "properties": {"SHAPE_Length": 164.61111090718563, "OBJECTID": 136608004, "COV_SOURCE_KEY": "1651804", "LASTUPDATE": 1754465424000, "TBFID": 1651804, "UNIT_DESCRIPTION": null, "INSTALLDATE": 788947200000, "LANE_LOCATION": "Lane South", "PIPE_USE": "Main", "SERVICE_STATUS": "In Service", "EFFLUENT_TYPE": "Sanitary", "TB_LENGTH": 164.61111091, "GRADE": 1.2, "MATERIAL": "Polyvinyl Chloride", "VALIDATION_DATE": null, "BUN": "MN-P14-032", "UPSTREAM_INVERT": 59.63, "UPSTRM_INVERT_ESTIMATED": "No", "DWNSTREAM_INVERT": 57.65, "DNSTRM_INVERT_ESTIMATED": "No", "RAMP_TYPE": null, "PIPE_SHAPE": "Round", "HEIGHT_MM": 0, "WIDTH_MM": 0, "SECTION_NAME": null, "FLOW_CATEGORY": "Gravity", "NORMAL_PRESSURE": 0, "LINING_MATERIAL": "blank", "ON_PILES": "No", "ON_SLAB": "No", "NFB_NOTATION": null, "DRAWING_NUMBER": "DB1564", "PP_NUMBER": "E31", "NFB_ELEVATION": 0, "NFB_TYPE": "blank", "WET_WEATHER_ONLY": "No", "REMARKS": null, "LEGACY_ID": "__FZD2YN", "SOIL_TYPE": "SOFT CLAY", "SOIL_CONDITION": "blank", "TYPE_OF_FILL": null, "OWNEDBY": "COVAV", "OPERATOR": "COVAV", "UNIT_ID": "418755", "MAIN_KEY_1": 26318, "MAIN_COMP1": "30", "UNIT_ID_2": "1452485", "MAIN_KEY_2": 781074, "MAIN_COMP2": 30, "COMPKEY": 930895, "MAIN_KEY": 57938, "COMPTYPE": 31, "UPDATED_BY": "ENHANMGETASK", "ADDRESS_KEY": 155563, "TB_AREA": "CBC08", "DISTRICT": "1", "FACET_GRID": "P14", "CONSTRUCTION_TECHNIQUE": "unknown", "CONNECTN_TYPE": null, "CONNECTN_CONDITION": null, "DATE_OF_PERMIT": null, "SPECIAL_INSTRUCTIONS": null, "TV_CONDITION": "Good", "TV_LAST_INSPECTION_DATE": 1747724400000, "TV_INCOMPLETE": null, "TV_NEXT_INSPECTED_DATE": null, "LAST_INSPECTED_OK": null, "DATE_LAST_CLEANING_REQ": null, "DT_LAST_CLEANED": null, "INSPECTED_USER_ID": null, "CLEAN_USER_ID": null, "FURTHER_WORK_REQUIRED": "No", "FURTHERWORK_COMPLETED": "No", "WORK_ID": null, "PARALLEL_LINE_NO": "2", "DISTANCE": 163, "MAP_TOOLTIP": "164.61 - 200 SAN n/a 1.20 % 1995 2", "HC_FID": null, "SUBAREA": "P14", "DEPTH_AT_PL": null, "DEPTH_AT_PL_BELOW_CL": null, "OFFSET_DIRECTION": null, "OFFSET_FROM_PL": null, "DIAMETER_INSIDE": 200, "NAMENUMBER": "MN-P14-032", "TO_MAIN_FID": null, "PERMIT_NUMBER": null, "STREET_NAME": "W 18TH AV", "HUNDRED_BLOCK": "100", "HCORACLEID": null, "AS_BUILT": "Yes", "LASTUPDATE_iso": "2025-08-06", "INSTALLDATE_iso": "1995-01-01", "TV_LAST_INSPECTION_DATE_iso": "2025-05-20"}, "geometry": {"type": "LineString", "coordinates": [[-123.10498862509571, 49.25421847562897], [-123.10722046116122, 49.254273419724136], [-123.10724883061911, 49.254276145930945]]}}, {"type": "Feature", "properties": {"SHAPE_Length": 90.56852720448707, "OBJECTID": 136610240, "COV_SOURCE_KEY": "1555398", "LASTUPDATE": 1375480988000, "TBFID": 1555398, "UNIT_DESCRIPTION": null, "INSTALLDATE": 1368169200000, "LANE_LOCATION": null, "PIPE_USE": "Main", "SERVICE_STATUS": "In Service", "EFFLUENT_TYPE": "Sanitary", "TB_LENGTH": 90.5685272, "GRADE": 1.06, "MATERIAL": "Polyvinyl Chloride", "VALIDATION_DATE": null, "BUN": null, "UPSTREAM_INVERT": 69.3, "UPSTRM_INVERT_ESTIMATED": null, "DWNSTREAM_INVERT": 68.34, "DNSTRM_INVERT_ESTIMATED": null, "RAMP_TYPE": null, "PIPE_SHAPE": null, "HEIGHT_MM": null, "WIDTH_MM": null, "SECTION_NAME": null, "FLOW_CATEGORY": "Gravity", "NORMAL_PRESSURE": null, "LINING_MATERIAL": null, "ON_PILES": null, "ON_SLAB": null, "NFB_NOTATION": null, "DRAWING_NUMBER": "DB2940", "PP_NUMBER": null, "NFB_ELEVATION": null, "NFB_TYPE": null, "WET_WEATHER_ONLY": null, "REMARKS": null, "LEGACY_ID": "__FPJGXD", "SOIL_TYPE": null, "SOIL_CONDITION": null, "TYPE_OF_FILL": null, "OWNEDBY": "COVAV", "OPERATOR": "COVAV", "UNIT_ID": "1555396", "MAIN_KEY_1": 809010, "MAIN_COMP1": "30", "UNIT_ID_2": "1555394", "MAIN_KEY_2": 809009, "MAIN_COMP2": 30, "COMPKEY": 809011, "MAIN_KEY": 46548, "COMPTYPE": 31, "UPDATED_BY": "enwwio", "ADDRESS_KEY": 155893, "TB_AREA": "CBC06", "DISTRICT": "3", "FACET_GRID": "N15", "CONSTRUCTION_TECHNIQUE": null, "CONNECTN_TYPE": null, "CONNECTN_CONDITION": null, "DATE_OF_PERMIT": null, "SPECIAL_INSTRUCTIONS": null, "TV_CONDITION": null, "TV_LAST_INSPECTION_DATE": null, "TV_INCOMPLETE": null, "TV_NEXT_INSPECTED_DATE": null, "LAST_INSPECTED_OK": null, "DATE_LAST_CLEANING_REQ": null, "DT_LAST_CLEANED": null, "INSPECTED_USER_ID": null, "CLEAN_USER_ID": null, "FURTHER_WORK_REQUIRED": null, "FURTHERWORK_COMPLETED": null, "WORK_ID": null, "PARALLEL_LINE_NO": null, "DISTANCE": null, "MAP_TOOLTIP": "90.57 - 200 SAN  1.06 % 2013 ", "HC_FID": null, "SUBAREA": "N15", "DEPTH_AT_PL": null, "DEPTH_AT_PL_BELOW_CL": null, "OFFSET_DIRECTION": null, "OFFSET_FROM_PL": null, "DIAMETER_INSIDE": 200, "NAMENUMBER": null, "TO_MAIN_FID": null, "PERMIT_NUMBER": null, "STREET_NAME": "WOLFE AV", "HUNDRED_BLOCK": "1000", "HCORACLEID": null, "AS_BUILT": "Yes", "LASTUPDATE_iso": "2013-08-02", "INSTALLDATE_iso": "2013-05-10"}, "geometry": {"type": "LineString", "coordinates": [[-123.12863043146771, 49.25361569485945], [-123.12813112751061, 49.25286944821504]]}}, {"type": "Feature", "properties": {"SHAPE_Length": 52.08745896051269, "OBJECTID": 136610430, "COV_SOURCE_KEY": "1647015", "LASTUPDATE": 1737448219000, "TBFID": 1647015, "UNIT_DESCRIPTION": null, "INSTALLDATE": 1431068400000, "LANE_LOCATION": "Lane West", "PIPE_USE": "Main", "SERVICE_STATUS": "In Service", "EFFLUENT_TYPE": "Sanitary", "TB_LENGTH": 52.08745896, "GRADE": 1.96, "MATERIAL": "Vitrified Clay", "VALIDATION_DATE": null, "BUN": "MN-O16-023", "UPSTREAM_INVERT": 72.08, "UPSTRM_INVERT_ESTIMATED": null, "DWNSTREAM_INVERT": 71.06, "DNSTRM_INVERT_ESTIMATED": null, "RAMP_TYPE": null, "PIPE_SHAPE": null, "HEIGHT_MM": null, "WIDTH_MM": null, "SECTION_NAME": null, "FLOW_CATEGORY": "Gravity", "NORMAL_PRESSURE": null, "LINING_MATERIAL": null, "ON_PILES": null, "ON_SLAB": null, "NFB_NOTATION": null, "DRAWING_NUMBER": "DB3187", "PP_NUMBER": null, "NFB_ELEVATION": null, "NFB_TYPE": null, "WET_WEATHER_ONLY": null, "REMARKS": null, "LEGACY_ID": "__FYGWDW", "SOIL_TYPE": null, "SOIL_CONDITION": null, "TYPE_OF_FILL": null, "OWNEDBY": "COVAV", "OPERATOR": "COVAV", "UNIT_ID": "1637842", "MAIN_KEY_1": 846355, "MAIN_COMP1": "30", "UNIT_ID_2": "1646930", "MAIN_KEY_2": 857512, "MAIN_COMP2": 30, "COMPKEY": 857536, "MAIN_KEY": 52304, "COMPTYPE": 31, "UPDATED_BY": "ENHANMGETASK", "ADDRESS_KEY": 151238, "TB_AREA": "CBC07", "DISTRICT": "3", "FACET_GRID": "O16", "CONSTRUCTION_TECHNIQUE": null, "CONNECTN_TYPE": null, "CONNECTN_CONDITION": null, "DATE_OF_PERMIT": null, "SPECIAL_INSTRUCTIONS": null, "TV_CONDITION": "Very Good", "TV_LAST_INSPECTION_DATE": 1733904000000, "TV_INCOMPLETE": null, "TV_NEXT_INSPECTED_DATE": null, "LAST_INSPECTED_OK": null, "DATE_LAST_CLEANING_REQ": null, "DT_LAST_CLEANED": null, "INSPECTED_USER_ID": null, "CLEAN_USER_ID": null, "FURTHER_WORK_REQUIRED": "No", "FURTHERWORK_COMPLETED": "No", "WORK_ID": null, "PARALLEL_LINE_NO": null, "DISTANCE": null, "MAP_TOOLTIP": "52.09 - 250 SAN  1.96 % 2015 1", "HC_FID": null, "SUBAREA": "O16", "DEPTH_AT_PL": null, "DEPTH_AT_PL_BELOW_CL": null, "OFFSET_DIRECTION": null, "OFFSET_FROM_PL": null, "DIAMETER_INSIDE": 250, "NAMENUMBER": "MN-O16-023", "TO_MAIN_FID": null, "PERMIT_NUMBER": null, "STREET_NAME": "CAMBIE ST", "HUNDRED_BLOCK": "4200", "HCORACLEID": null, "AS_BUILT": "Yes", "LASTUPDATE_iso": "2025-01-21", "INSTALLDATE_iso": "2015-05-08", "TV_LAST_INSPECTION_DATE_iso": "2024-12-11"}, "geometry": {"type": "LineString", "coordinates": [[-123.11660585356285, 49.2470609688326], [-123.11658641497716, 49.24752933421912]]}}, {"type": "Feature", "properties": {"SHAPE_Length": 50.28017518960194, "OBJECTID": 136610431, "COV_SOURCE_KEY": "1647030", "LASTUPDATE": 1434148938000, "TBFID": 1647030, "UNIT_DESCRIPTION": null, "INSTALLDATE": 1431068400000, "LANE_LOCATION": "Lane West", "PIPE_USE": "Main", "SERVICE_STATUS": "In Service", "EFFLUENT_TYPE": "Sanitary", "TB_LENGTH": 50.28017519, "GRADE": 4.93, "MATERIAL": "Vitrified Clay", "VALIDATION_DATE": null, "BUN": null, "UPSTREAM_INVERT": 71.01, "UPSTRM_INVERT_ESTIMATED": null, "DWNSTREAM_INVERT": 68.53, "DNSTRM_INVERT_ESTIMATED": null, "RAMP_TYPE": null, "PIPE_SHAPE": null, "HEIGHT_MM": null, "WIDTH_MM": null, "SECTION_NAME": null, "FLOW_CATEGORY": "Gravity", "NORMAL_PRESSURE": null, "LINING_MATERIAL": null, "ON_PILES": null, "ON_SLAB": null, "NFB_NOTATION": null, "DRAWING_NUMBER": "DB3187", "PP_NUMBER": null, "NFB_ELEVATION": null, "NFB_TYPE": null, "WET_WEATHER_ONLY": null, "REMARKS": null, "LEGACY_ID": "__FYGWE0", "SOIL_TYPE": null, "SOIL_CONDITION": null, "TYPE_OF_FILL": null, "OWNEDBY": "COVAV", "OPERATOR": "COVAV", "UNIT_ID": "1646930", "MAIN_KEY_1": 857512, "MAIN_COMP1": "30", "UNIT_ID_2": "1646940", "MAIN_KEY_2": 857513, "MAIN_COMP2": 30, "COMPKEY": 857538, "MAIN_KEY": 52306, "COMPTYPE": 31, "UPDATED_BY": "ensxw1", "ADDRESS_KEY": 151238, "TB_AREA": "CBC07", "DISTRICT": "3", "FACET_GRID": "O16", "CONSTRUCTION_TECHNIQUE": null, "CONNECTN_TYPE": null, "CONNECTN_CONDITION": null, "DATE_OF_PERMIT": null, "SPECIAL_INSTRUCTIONS": null, "TV_CONDITION": null, "TV_LAST_INSPECTION_DATE": null, "TV_INCOMPLETE": null, "TV_NEXT_INSPECTED_DATE": null, "LAST_INSPECTED_OK": null, "DATE_LAST_CLEANING_REQ": null, "DT_LAST_CLEANED": null, "INSPECTED_USER_ID": null, "CLEAN_USER_ID": null, "FURTHER_WORK_REQUIRED": null, "FURTHERWORK_COMPLETED": null, "WORK_ID": null, "PARALLEL_LINE_NO": null, "DISTANCE": null, "MAP_TOOLTIP": "50.28 - 250 SAN  4.93 % 2015 ", "HC_FID": null, "SUBAREA": "O16", "DEPTH_AT_PL": null, "DEPTH_AT_PL_BELOW_CL": null, "OFFSET_DIRECTION": null, "OFFSET_FROM_PL": null, "DIAMETER_INSIDE": 250, "NAMENUMBER": null, "TO_MAIN_FID": null, "PERMIT_NUMBER": null, "STREET_NAME": "CAMBIE ST", "HUNDRED_BLOCK": "4200", "HCORACLEID": null, "AS_BUILT": "Yes", "LASTUPDATE_iso": "2015-06-12", "INSTALLDATE_iso": "2015-05-08"}, "geometry": {"type": "LineString", "coordinates": [[-123.11658641497716, 49.24752933421912], [-123.1165660583265, 49.24798141912181]]}}, {"type": "Feature", "properties": {"SHAPE_Length": 24.390017015791805, "OBJECTID": 136610516, "COV_SOURCE_KEY": "1594970", "LASTUPDATE": 1390492888000, "TBFID": 1594970, "UNIT_DESCRIPTION": null, "INSTALLDATE": 1355472000000, "LANE_LOCATION": null, "PIPE_USE": "Main", "SERVICE_STATUS": "In Service", "EFFLUENT_TYPE": "Sanitary", "TB_LENGTH": 24.39001702, "GRADE": 0.53, "MATERIAL": "Concrete", "VALIDATION_DATE": null, "BUN": "MN-N16-002", "UPSTREAM_INVERT": 64.943, "UPSTRM_INVERT_ESTIMATED": null, "DWNSTREAM_INVERT": 64.814, "DNSTRM_INVERT_ESTIMATED": null, "RAMP_TYPE": null, "PIPE_SHAPE": null, "HEIGHT_MM": null, "WIDTH_MM": null, "SECTION_NAME": null, "FLOW_CATEGORY": "Gravity", "NORMAL_PRESSURE": null, "LINING_MATERIAL": null, "ON_PILES": null, "ON_SLAB": null, "NFB_NOTATION": null, "DRAWING_NUMBER": "DB2903", "PP_NUMBER": null, "NFB_ELEVATION": null, "NFB_TYPE": null, "WET_WEATHER_ONLY": null, "REMARKS": null, "LEGACY_ID": "__FQZ4C7", "SOIL_TYPE": null, "SOIL_CONDITION": null, "TYPE_OF_FILL": null, "OWNEDBY": "COVAV", "OPERATOR": "COVAV", "UNIT_ID": "1538169", "MAIN_KEY_1": 801309, "MAIN_COMP1": "30", "UNIT_ID_2": "1594927", "MAIN_KEY_2": 826612, "MAIN_COMP2": 30, "COMPKEY": 826621, "MAIN_KEY": 49618, "COMPTYPE": 31, "UPDATED_BY": "enkk", "ADDRESS_KEY": 154625, "TB_AREA": "CBC06", "DISTRICT": "3", "FACET_GRID": "N16", "CONSTRUCTION_TECHNIQUE": null, "CONNECTN_TYPE": null, "CONNECTN_CONDITION": null, "DATE_OF_PERMIT": null, "SPECIAL_INSTRUCTIONS": null, "TV_CONDITION": null, "TV_LAST_INSPECTION_DATE": null, "TV_INCOMPLETE": null, "TV_NEXT_INSPECTED_DATE": null, "LAST_INSPECTED_OK": null, "DATE_LAST_CLEANING_REQ": null, "DT_LAST_CLEANED": null, "INSPECTED_USER_ID": null, "CLEAN_USER_ID": null, "FURTHER_WORK_REQUIRED": null, "FURTHERWORK_COMPLETED": null, "WORK_ID": null, "PARALLEL_LINE_NO": null, "DISTANCE": null, "MAP_TOOLTIP": "24.39 - 450 SAN  0.53 % 2012 ", "HC_FID": null, "SUBAREA": "N16", "DEPTH_AT_PL": null, "DEPTH_AT_PL_BELOW_CL": null, "OFFSET_DIRECTION": null, "OFFSET_FROM_PL": null, "DIAMETER_INSIDE": 450, "NAMENUMBER": "MN-N16-002", "TO_MAIN_FID": null, "PERMIT_NUMBER": null, "STREET_NAME": "W 28TH AV", "HUNDRED_BLOCK": "900", "HCORACLEID": null, "AS_BUILT": "Yes", "LASTUPDATE_iso": "2014-01-23", "INSTALLDATE_iso": "2012-12-14"}, "geometry": {"type": "LineString", "coordinates": [[-123.12734260912252, 49.24631054003113], [-123.12767758829834, 49.246316763828496]]}}, {"type": "Feature", "properties": {"SHAPE_Length": 8.911698828087355, "OBJECTID": 136610518, "COV_SOURCE_KEY": "1595000", "LASTUPDATE": 1390492888000, "TBFID": 1595000, "UNIT_DESCRIPTION": null, "INSTALLDATE": 1355472000000, "LANE_LOCATION": null, "PIPE_USE": "Main", "SERVICE_STATUS": "In Service", "EFFLUENT_TYPE": "Sanitary", "TB_LENGTH": 8.91169883, "GRADE": 0.3, "MATERIAL": "Concrete", "VALIDATION_DATE": null, "BUN": null, "UPSTREAM_INVERT": 65.166, "UPSTRM_INVERT_ESTIMATED": null, "DWNSTREAM_INVERT": 65.139, "DNSTRM_INVERT_ESTIMATED": null, "RAMP_TYPE": null, "PIPE_SHAPE": null, "HEIGHT_MM": null, "WIDTH_MM": null, "SECTION_NAME": null, "FLOW_CATEGORY": "Gravity", "NORMAL_PRESSURE": null, "LINING_MATERIAL": null, "ON_PILES": null, "ON_SLAB": null, "NFB_NOTATION": null, "DRAWING_NUMBER": "DB2903", "PP_NUMBER": null, "NFB_ELEVATION": null, "NFB_TYPE": null, "WET_WEATHER_ONLY": null, "REMARKS": null, "LEGACY_ID": "__FQZ4CC", "SOIL_TYPE": null, "SOIL_CONDITION": null, "TYPE_OF_FILL": null, "OWNEDBY": "COVAV", "OPERATOR": "COVAV", "UNIT_ID": "417788", "MAIN_KEY_1": 24176, "MAIN_COMP1": "30", "UNIT_ID_2": "1538167", "MAIN_KEY_2": 801308, "MAIN_COMP2": 30, "COMPKEY": 826620, "MAIN_KEY": 49617, "COMPTYPE": 31, "UPDATED_BY": "enkk", "ADDRESS_KEY": 154625, "TB_AREA": "CBC06", "DISTRICT": "3", "FACET_GRID": "N16", "CONSTRUCTION_TECHNIQUE": null, "CONNECTN_TYPE": null, "CONNECTN_CONDITION": null, "DATE_OF_PERMIT": null, "SPECIAL_INSTRUCTIONS": null, "TV_CONDITION": null, "TV_LAST_INSPECTION_DATE": null, "TV_INCOMPLETE": null, "TV_NEXT_INSPECTED_DATE": null, "LAST_INSPECTED_OK": null, "DATE_LAST_CLEANING_REQ": null, "DT_LAST_CLEANED": null, "INSPECTED_USER_ID": null, "CLEAN_USER_ID": null, "FURTHER_WORK_REQUIRED": null, "FURTHERWORK_COMPLETED": null, "WORK_ID": null, "PARALLEL_LINE_NO": null, "DISTANCE": null, "MAP_TOOLTIP": "8.91 - 450 SAN  0.30 % 2012 ", "HC_FID": null, "SUBAREA": "N16", "DEPTH_AT_PL": null, "DEPTH_AT_PL_BELOW_CL": null, "OFFSET_DIRECTION": null, "OFFSET_FROM_PL": null, "DIAMETER_INSIDE": 450, "NAMENUMBER": null, "TO_MAIN_FID": null, "PERMIT_NUMBER": null, "STREET_NAME": "W 28TH AV", "HUNDRED_BLOCK": "900", "HCORACLEID": null, "AS_BUILT": "Yes", "LASTUPDATE_iso": "2014-01-23", "INSTALLDATE_iso": "2012-12-14"}, "geometry": {"type": "LineString", "coordinates": [[-123.12695058077068, 49.246223330901465], [-123.12694839552357, 49.24630348084205]]}}, {"type": "Feature", "properties": {"SHAPE_Length": 6.029394829700267, "OBJECTID": 136610612, "COV_SOURCE_KEY": "1653622", "LASTUPDATE": 1443824178000, "TBFID": 1653622, "UNIT_DESCRIPTION": null, "INSTALLDATE": 1433487600000, "LANE_LOCATION": null, "PIPE_USE": "Main", "SERVICE_STATUS": "In Service", "EFFLUENT_TYPE": "Sanitary", "TB_LENGTH": 6.02939483, "GRADE": null, "MATERIAL": "Polyvinyl Chloride", "VALIDATION_DATE": null, "BUN": null, "UPSTREAM_INVERT": null, "UPSTRM_INVERT_ESTIMATED": null, "DWNSTREAM_INVERT": 55.89, "DNSTRM_INVERT_ESTIMATED": null, "RAMP_TYPE": null, "PIPE_SHAPE": null, "HEIGHT_MM": null, "WIDTH_MM": null, "SECTION_NAME": null, "FLOW_CATEGORY": "Gravity", "NORMAL_PRESSURE": null, "LINING_MATERIAL": null, "ON_PILES": null, "ON_SLAB": null, "NFB_NOTATION": null, "DRAWING_NUMBER": "DB3071", "PP_NUMBER": null, "NFB_ELEVATION": null, "NFB_TYPE": null, "WET_WEATHER_ONLY": null, "REMARKS": null, "LEGACY_ID": "__FZTXYG", "SOIL_TYPE": null, "SOIL_CONDITION": null, "TYPE_OF_FILL": null, "OWNEDBY": "COVAV", "OPERATOR": "COVAV", "UNIT_ID": "1653620", "MAIN_KEY_1": 860015, "MAIN_COMP1": "30", "UNIT_ID_2": "1618481", "MAIN_KEY_2": 837554, "MAIN_COMP2": 30, "COMPKEY": 860017, "MAIN_KEY": 52656, "COMPTYPE": 31, "UPDATED_BY": "ensomg", "ADDRESS_KEY": 150172, "TB_AREA": "CBC07", "DISTRICT": "3", "FACET_GRID": "O15", "CONSTRUCTION_TECHNIQUE": null, "CONNECTN_TYPE": null, "CONNECTN_CONDITION": null, "DATE_OF_PERMIT": null, "SPECIAL_INSTRUCTIONS": null, "TV_CONDITION": null, "TV_LAST_INSPECTION_DATE": null, "TV_INCOMPLETE": null, "TV_NEXT_INSPECTED_DATE": null, "LAST_INSPECTED_OK": null, "DATE_LAST_CLEANING_REQ": null, "DT_LAST_CLEANED": null, "INSPECTED_USER_ID": null, "CLEAN_USER_ID": null, "FURTHER_WORK_REQUIRED": null, "FURTHERWORK_COMPLETED": null, "WORK_ID": null, "PARALLEL_LINE_NO": null, "DISTANCE": null, "MAP_TOOLTIP": "6.03 - 200 SAN   % 2015 ", "HC_FID": null, "SUBAREA": "O15", "DEPTH_AT_PL": null, "DEPTH_AT_PL_BELOW_CL": null, "OFFSET_DIRECTION": null, "OFFSET_FROM_PL": null, "DIAMETER_INSIDE": 200, "NAMENUMBER": null, "TO_MAIN_FID": null, "PERMIT_NUMBER": null, "STREET_NAME": "TUPPER ST", "HUNDRED_BLOCK": "3500", "HCORACLEID": null, "AS_BUILT": "Yes", "LASTUPDATE_iso": "2015-10-02", "INSTALLDATE_iso": "2015-06-05"}, "geometry": {"type": "LineString", "coordinates": [[-123.11607349591803, 49.25374851204839], [-123.1160726748857, 49.25380274506797]]}}, {"type": "Feature", "properties": {"SHAPE_Length": 100.73240801712986, "OBJECTID": 136616616, "COV_SOURCE_KEY": "1670193", "LASTUPDATE": 1539761431000, "TBFID": 1670193, "UNIT_DESCRIPTION": null, "INSTALLDATE": 1467183600000, "LANE_LOCATION": null, "PIPE_USE": "Main", "SERVICE_STATUS": "In Service", "EFFLUENT_TYPE": "Sanitary", "TB_LENGTH": 100.73240802, "GRADE": 2.28, "MATERIAL": "Polyvinyl Chloride", "VALIDATION_DATE": null, "BUN": null, "UPSTREAM_INVERT": 57.34, "UPSTRM_INVERT_ESTIMATED": "No", "DWNSTREAM_INVERT": 55.045, "DNSTRM_INVERT_ESTIMATED": "No", "RAMP_TYPE": "Closed", "PIPE_SHAPE": null, "HEIGHT_MM": null, "WIDTH_MM": null, "SECTION_NAME": null, "FLOW_CATEGORY": "Gravity", "NORMAL_PRESSURE": null, "LINING_MATERIAL": null, "ON_PILES": null, "ON_SLAB": null, "NFB_NOTATION": null, "DRAWING_NUMBER": "DB3448", "PP_NUMBER": null, "NFB_ELEVATION": null, "NFB_TYPE": null, "WET_WEATHER_ONLY": null, "REMARKS": "C/R", "LEGACY_ID": "__G2X1W3", "SOIL_TYPE": null, "SOIL_CONDITION": null, "TYPE_OF_FILL": null, "OWNEDBY": "COVAV", "OPERATOR": "COVAV", "UNIT_ID": "1696674", "MAIN_KEY_1": 893594, "MAIN_COMP1": "30", "UNIT_ID_2": "1670206", "MAIN_KEY_2": 873240, "MAIN_COMP2": 30, "COMPKEY": 873241, "MAIN_KEY": 53095, "COMPTYPE": 31, "UPDATED_BY": "ENHANMGETASK", "ADDRESS_KEY": 154758, "TB_AREA": "CBC07", "DISTRICT": "3", "FACET_GRID": "O15", "CONSTRUCTION_TECHNIQUE": null, "CONNECTN_TYPE": null, "CONNECTN_CONDITION": null, "DATE_OF_PERMIT": null, "SPECIAL_INSTRUCTIONS": null, "TV_CONDITION": "Very Good", "TV_LAST_INSPECTION_DATE": 1468825200000, "TV_INCOMPLETE": null, "TV_NEXT_INSPECTED_DATE": null, "LAST_INSPECTED_OK": null, "DATE_LAST_CLEANING_REQ": null, "DT_LAST_CLEANED": null, "INSPECTED_USER_ID": null, "CLEAN_USER_ID": null, "FURTHER_WORK_REQUIRED": "No", "FURTHERWORK_COMPLETED": "No", "WORK_ID": null, "PARALLEL_LINE_NO": null, "DISTANCE": null, "MAP_TOOLTIP": "100.73 - 200 SAN  2.28 % 2016 1", "HC_FID": 1670193, "SUBAREA": "O15", "DEPTH_AT_PL": null, "DEPTH_AT_PL_BELOW_CL": null, "OFFSET_DIRECTION": null, "OFFSET_FROM_PL": null, "DIAMETER_INSIDE": 200, "NAMENUMBER": null, "TO_MAIN_FID": null, "PERMIT_NUMBER": null, "STREET_NAME": "W 23RD AV", "HUNDRED_BLOCK": "500", "HCORACLEID": "__G2X1W4", "AS_BUILT": "Yes", "LASTUPDATE_iso": "2018-10-17", "INSTALLDATE_iso": "2016-06-29", "TV_LAST_INSPECTION_DATE_iso": "2016-07-18"}, "geometry": {"type": "LineString", "coordinates": [[-123.11685867105349, 49.25063604744231], [-123.11824232697305, 49.250660617861364]]}}, {"type": "Feature", "properties": {"SHAPE_Length": 25.46857664895616, "OBJECTID": 136629349, "COV_SOURCE_KEY": "1965321", "LASTUPDATE": 1548180770000, "TBFID": 1965321, "UNIT_DESCRIPTION": null, "INSTALLDATE": 1542960000000, "LANE_LOCATION": null, "PIPE_USE": "Main", "SERVICE_STATUS": "In Service", "EFFLUENT_TYPE": "Sanitary", "TB_LENGTH": 25.46857665, "GRADE": 0.94, "MATERIAL": "Polyvinyl Chloride", "VALIDATION_DATE": null, "BUN": null, "UPSTREAM_INVERT": 65.8, "UPSTRM_INVERT_ESTIMATED": "No", "DWNSTREAM_INVERT": 65.56, "DNSTRM_INVERT_ESTIMATED": "No", "RAMP_TYPE": null, "PIPE_SHAPE": null, "HEIGHT_MM": null, "WIDTH_MM": null, "SECTION_NAME": null, "FLOW_CATEGORY": "Gravity", "NORMAL_PRESSURE": null, "LINING_MATERIAL": null, "ON_PILES": null, "ON_SLAB": null, "NFB_NOTATION": null, "DRAWING_NUMBER": "DB3657", "PP_NUMBER": null, "NFB_ELEVATION": null, "NFB_TYPE": null, "WET_WEATHER_ONLY": null, "REMARKS": null, "LEGACY_ID": "__GI1IEK", "SOIL_TYPE": "HARDPAN", "SOIL_CONDITION": null, "TYPE_OF_FILL": null, "OWNEDBY": "COVAV", "OPERATOR": "COVAV", "UNIT_ID": "1965316", "MAIN_KEY_1": 923066, "MAIN_COMP1": "30", "UNIT_ID_2": "404988", "MAIN_KEY_2": 10366, "MAIN_COMP2": 30, "COMPKEY": 923068, "MAIN_KEY": 57139, "COMPTYPE": 31, "UPDATED_BY": "ensomg", "ADDRESS_KEY": 151546, "TB_AREA": "CBC07", "DISTRICT": "3", "FACET_GRID": "O16", "CONSTRUCTION_TECHNIQUE": null, "CONNECTN_TYPE": null, "CONNECTN_CONDITION": null, "DATE_OF_PERMIT": null, "SPECIAL_INSTRUCTIONS": null, "TV_CONDITION": null, "TV_LAST_INSPECTION_DATE": null, "TV_INCOMPLETE": null, "TV_NEXT_INSPECTED_DATE": null, "LAST_INSPECTED_OK": null, "DATE_LAST_CLEANING_REQ": null, "DT_LAST_CLEANED": null, "INSPECTED_USER_ID": null, "CLEAN_USER_ID": null, "FURTHER_WORK_REQUIRED": null, "FURTHERWORK_COMPLETED": null, "WORK_ID": null, "PARALLEL_LINE_NO": null, "DISTANCE": null, "MAP_TOOLTIP": "25.47 - 200 SAN  0.94 % 2018 ", "HC_FID": 1965321, "SUBAREA": "O16", "DEPTH_AT_PL": null, "DEPTH_AT_PL_BELOW_CL": null, "OFFSET_DIRECTION": null, "OFFSET_FROM_PL": null, "DIAMETER_INSIDE": 200, "NAMENUMBER": null, "TO_MAIN_FID": null, "PERMIT_NUMBER": null, "STREET_NAME": "W KING EDWARD AV", "HUNDRED_BLOCK": "500", "HCORACLEID": "__GI1IEL", "AS_BUILT": "Yes", "LASTUPDATE_iso": "2019-01-22", "INSTALLDATE_iso": "2018-11-23"}, "geometry": {"type": "LineString", "coordinates": [[-123.11649693700305, 49.249152002189476], [-123.11649706666269, 49.24914870980474], [-123.1164977243344, 49.249036952409504], [-123.11649722940457, 49.24903099806655], [-123.11649710055444, 49.24902879436519], [-123.11649754887081, 49.2489506973287], [-123.11649978430982, 49.24893720222989], [-123.11649975089084, 49.248922998795706]]}}, {"type": "Feature", "properties": {"SHAPE_Length": 10.03790784534331, "OBJECTID": 136630074, "COV_SOURCE_KEY": "1710084", "LASTUPDATE": 1512156860000, "TBFID": 1710084, "UNIT_DESCRIPTION": null, "INSTALLDATE": 1475218800000, "LANE_LOCATION": "Lane North", "PIPE_USE": "Main", "SERVICE_STATUS": "In Service", "EFFLUENT_TYPE": "Sanitary", "TB_LENGTH": 10.03790785, "GRADE": 1.89, "MATERIAL": "Polyvinyl Chloride", "VALIDATION_DATE": null, "BUN": null, "UPSTREAM_INVERT": 70.6, "UPSTRM_INVERT_ESTIMATED": null, "DWNSTREAM_INVERT": 70.41, "DNSTRM_INVERT_ESTIMATED": null, "RAMP_TYPE": null, "PIPE_SHAPE": null, "HEIGHT_MM": null, "WIDTH_MM": null, "SECTION_NAME": null, "FLOW_CATEGORY": "Gravity", "NORMAL_PRESSURE": null, "LINING_MATERIAL": null, "ON_PILES": null, "ON_SLAB": null, "NFB_NOTATION": null, "DRAWING_NUMBER": "DB3620M", "PP_NUMBER": null, "NFB_ELEVATION": null, "NFB_TYPE": null, "WET_WEATHER_ONLY": null, "REMARKS": null, "LEGACY_ID": "__GBYLBW", "SOIL_TYPE": null, "SOIL_CONDITION": null, "TYPE_OF_FILL": null, "OWNEDBY": "COVAV", "OPERATOR": "COVAV", "UNIT_ID": "1710075", "MAIN_KEY_1": 908679, "MAIN_COMP1": "30", "UNIT_ID_2": "397258", "MAIN_KEY_2": 3405, "MAIN_COMP2": 30, "COMPKEY": 908681, "MAIN_KEY": 55641, "COMPTYPE": 31, "UPDATED_BY": "hot18", "ADDRESS_KEY": 106892, "TB_AREA": "CBC07", "DISTRICT": "3", "FACET_GRID": "N16", "CONSTRUCTION_TECHNIQUE": null, "CONNECTN_TYPE": null, "CONNECTN_CONDITION": null, "DATE_OF_PERMIT": null, "SPECIAL_INSTRUCTIONS": null, "TV_CONDITION": null, "TV_LAST_INSPECTION_DATE": null, "TV_INCOMPLETE": null, "TV_NEXT_INSPECTED_DATE": null, "LAST_INSPECTED_OK": null, "DATE_LAST_CLEANING_REQ": null, "DT_LAST_CLEANED": null, "INSPECTED_USER_ID": null, "CLEAN_USER_ID": null, "FURTHER_WORK_REQUIRED": null, "FURTHERWORK_COMPLETED": null, "WORK_ID": null, "PARALLEL_LINE_NO": null, "DISTANCE": null, "MAP_TOOLTIP": "10.04 - 150 SAN  1.89 % 2016 ", "HC_FID": 1710084, "SUBAREA": "N16", "DEPTH_AT_PL": null, "DEPTH_AT_PL_BELOW_CL": null, "OFFSET_DIRECTION": null, "OFFSET_FROM_PL": null, "DIAMETER_INSIDE": 150, "NAMENUMBER": null, "TO_MAIN_FID": null, "PERMIT_NUMBER": null, "STREET_NAME": "W 28TH AV", "HUNDRED_BLOCK": "800", "HCORACLEID": "__GBYLBX", "AS_BUILT": "No", "LASTUPDATE_iso": "2017-12-01", "INSTALLDATE_iso": "2016-09-30"}, "geometry": {"type": "LineString", "coordinates": [[-123.12314916611479, 49.246694028280665], [-123.12302569396974, 49.24669195599504], [-123.12301400134129, 49.24668644537203]]}}, {"type": "Feature", "properties": {"SHAPE_Length": 52.6080685921957, "OBJECTID": 136633693, "COV_SOURCE_KEY": "1982069", "LASTUPDATE": 1565854214000, "TBFID": 1982069, "UNIT_DESCRIPTION": null, "INSTALLDATE": 1532674800000, "LANE_LOCATION": null, "PIPE_USE": "Main", "SERVICE_STATUS": "In Service", "EFFLUENT_TYPE": "Sanitary", "TB_LENGTH": 52.60806859, "GRADE": 0.27, "MATERIAL": "Concrete", "VALIDATION_DATE": null, "BUN": null, "UPSTREAM_INVERT": 53.33, "UPSTRM_INVERT_ESTIMATED": null, "DWNSTREAM_INVERT": 53.19, "DNSTRM_INVERT_ESTIMATED": null, "RAMP_TYPE": null, "PIPE_SHAPE": null, "HEIGHT_MM": null, "WIDTH_MM": null, "SECTION_NAME": null, "FLOW_CATEGORY": "Gravity", "NORMAL_PRESSURE": null, "LINING_MATERIAL": null, "ON_PILES": null, "ON_SLAB": null, "NFB_NOTATION": null, "DRAWING_NUMBER": "DB3860C", "PP_NUMBER": null, "NFB_ELEVATION": null, "NFB_TYPE": null, "WET_WEATHER_ONLY": null, "REMARKS": null, "LEGACY_ID": "__GL11RI", "SOIL_TYPE": null, "SOIL_CONDITION": null, "TYPE_OF_FILL": null, "OWNEDBY": "COVAV", "OPERATOR": null, "UNIT_ID": "399824", "MAIN_KEY_1": 6068, "MAIN_COMP1": "30", "UNIT_ID_2": "410188", "MAIN_KEY_2": 16579, "MAIN_COMP2": 30, "COMPKEY": 929368, "MAIN_KEY": 57727, "COMPTYPE": 31, "UPDATED_BY": "ENHANMGETASK", "ADDRESS_KEY": 157520, "TB_AREA": "CBC07", "DISTRICT": "3", "FACET_GRID": "O15", "CONSTRUCTION_TECHNIQUE": null, "CONNECTN_TYPE": null, "CONNECTN_CONDITION": null, "DATE_OF_PERMIT": null, "SPECIAL_INSTRUCTIONS": null, "TV_CONDITION": "Very Good", "TV_LAST_INSPECTION_DATE": 1527750000000, "TV_INCOMPLETE": null, "TV_NEXT_INSPECTED_DATE": null, "LAST_INSPECTED_OK": null, "DATE_LAST_CLEANING_REQ": null, "DT_LAST_CLEANED": null, "INSPECTED_USER_ID": null, "CLEAN_USER_ID": null, "FURTHER_WORK_REQUIRED": "No", "FURTHERWORK_COMPLETED": "No", "WORK_ID": null, "PARALLEL_LINE_NO": "2", "DISTANCE": null, "MAP_TOOLTIP": "52.61 - 450 SAN  0.27 % 2018 1", "HC_FID": 1982069, "SUBAREA": "O15", "DEPTH_AT_PL": null, "DEPTH_AT_PL_BELOW_CL": null, "OFFSET_DIRECTION": null, "OFFSET_FROM_PL": null, "DIAMETER_INSIDE": 450, "NAMENUMBER": null, "TO_MAIN_FID": null, "PERMIT_NUMBER": null, "STREET_NAME": "ASH ST", "HUNDRED_BLOCK": "3700", "HCORACLEID": "__GL11RJ", "AS_BUILT": null, "LASTUPDATE_iso": "2019-08-15", "INSTALLDATE_iso": "2018-07-27", "TV_LAST_INSPECTION_DATE_iso": "2018-05-31"}, "geometry": {"type": "LineString", "coordinates": [[-123.11834714770124, 49.25200750967047], [-123.11832986494952, 49.252480595235625]]}}, {"type": "Feature", "properties": {"SHAPE_Length": 100.4385452751871, "OBJECTID": 136635071, "COV_SOURCE_KEY": "1981705", "LASTUPDATE": 1565854213000, "TBFID": 1981705, "UNIT_DESCRIPTION": null, "INSTALLDATE": 1532674800000, "LANE_LOCATION": null, "PIPE_USE": "Main", "SERVICE_STATUS": "In Service", "EFFLUENT_TYPE": "Sanitary", "TB_LENGTH": 100.43854528, "GRADE": 0.25, "MATERIAL": "Concrete", "VALIDATION_DATE": null, "BUN": null, "UPSTREAM_INVERT": 53.83, "UPSTRM_INVERT_ESTIMATED": null, "DWNSTREAM_INVERT": 53.58, "DNSTRM_INVERT_ESTIMATED": null, "RAMP_TYPE": null, "PIPE_SHAPE": null, "HEIGHT_MM": null, "WIDTH_MM": null, "SECTION_NAME": null, "FLOW_CATEGORY": "Gravity", "NORMAL_PRESSURE": null, "LINING_MATERIAL": null, "ON_PILES": null, "ON_SLAB": null, "NFB_NOTATION": null, "DRAWING_NUMBER": "DB3860C", "PP_NUMBER": null, "NFB_ELEVATION": null, "NFB_TYPE": null, "WET_WEATHER_ONLY": null, "REMARKS": null, "LEGACY_ID": "__GKYQHJ", "SOIL_TYPE": null, "SOIL_CONDITION": null, "TYPE_OF_FILL": null, "OWNEDBY": "COVAV", "OPERATOR": null, "UNIT_ID": "1981697", "MAIN_KEY_1": 929297, "MAIN_COMP1": "30", "UNIT_ID_2": "1981714", "MAIN_KEY_2": 929299, "MAIN_COMP2": 30, "COMPKEY": 929310, "MAIN_KEY": 57723, "COMPTYPE": 31, "UPDATED_BY": "ENHANMGETASK", "ADDRESS_KEY": 88353, "TB_AREA": "CBC07", "DISTRICT": "3", "FACET_GRID": "O15", "CONSTRUCTION_TECHNIQUE": null, "CONNECTN_TYPE": null, "CONNECTN_CONDITION": null, "DATE_OF_PERMIT": null, "SPECIAL_INSTRUCTIONS": null, "TV_CONDITION": "Very Good", "TV_LAST_INSPECTION_DATE": 1527750000000, "TV_INCOMPLETE": null, "TV_NEXT_INSPECTED_DATE": null, "LAST_INSPECTED_OK": null, "DATE_LAST_CLEANING_REQ": null, "DT_LAST_CLEANED": null, "INSPECTED_USER_ID": null, "CLEAN_USER_ID": null, "FURTHER_WORK_REQUIRED": "No", "FURTHERWORK_COMPLETED": "No", "WORK_ID": null, "PARALLEL_LINE_NO": null, "DISTANCE": null, "MAP_TOOLTIP": "100.44 - 450 SAN  0.25 % 2018 1", "HC_FID": 1981705, "SUBAREA": "O15", "DEPTH_AT_PL": null, "DEPTH_AT_PL_BELOW_CL": null, "OFFSET_DIRECTION": null, "OFFSET_FROM_PL": null, "DIAMETER_INSIDE": 450, "NAMENUMBER": null, "TO_MAIN_FID": null, "PERMIT_NUMBER": null, "STREET_NAME": "W 23RD AV", "HUNDRED_BLOCK": "600", "HCORACLEID": "__GKYQHK", "AS_BUILT": null, "LASTUPDATE_iso": "2019-08-15", "INSTALLDATE_iso": "2018-07-27", "TV_LAST_INSPECTION_DATE_iso": "2018-05-31"}, "geometry": {"type": "LineString", "coordinates": [[-123.11839163675558, 49.25066051892732], [-123.11836032289966, 49.251563752707874]]}}, {"type": "Feature", "properties": {"SHAPE_Length": 49.346981436770996, "OBJECTID": 136635073, "COV_SOURCE_KEY": "1981730", "LASTUPDATE": 1565854214000, "TBFID": 1981730, "UNIT_DESCRIPTION": null, "INSTALLDATE": 1532674800000, "LANE_LOCATION": null, "PIPE_USE": "Main", "SERVICE_STATUS": "In Service", "EFFLUENT_TYPE": "Sanitary", "TB_LENGTH": 49.34698144, "GRADE": 0.36, "MATERIAL": "Concrete", "VALIDATION_DATE": null, "BUN": null, "UPSTREAM_INVERT": 53.53, "UPSTRM_INVERT_ESTIMATED": null, "DWNSTREAM_INVERT": 53.35, "DNSTRM_INVERT_ESTIMATED": null, "RAMP_TYPE": null, "PIPE_SHAPE": null, "HEIGHT_MM": null, "WIDTH_MM": null, "SECTION_NAME": null, "FLOW_CATEGORY": "Gravity", "NORMAL_PRESSURE": null, "LINING_MATERIAL": null, "ON_PILES": null, "ON_SLAB": null, "NFB_NOTATION": null, "DRAWING_NUMBER": "DB3860C", "PP_NUMBER": null, "NFB_ELEVATION": null, "NFB_TYPE": null, "WET_WEATHER_ONLY": null, "REMARKS": null, "LEGACY_ID": "__GKYQHS", "SOIL_TYPE": null, "SOIL_CONDITION": null, "TYPE_OF_FILL": null, "OWNEDBY": "COVAV", "OPERATOR": null, "UNIT_ID": "1981714", "MAIN_KEY_1": 929299, "MAIN_COMP1": "30", "UNIT_ID_2": "399824", "MAIN_KEY_2": 6068, "MAIN_COMP2": 30, "COMPKEY": 929315, "MAIN_KEY": 57726, "COMPTYPE": 31, "UPDATED_BY": "ENHANMGETASK", "ADDRESS_KEY": 39773, "TB_AREA": "CBC07", "DISTRICT": "3", "FACET_GRID": "O15", "CONSTRUCTION_TECHNIQUE": null, "CONNECTN_TYPE": null, "CONNECTN_CONDITION": null, "DATE_OF_PERMIT": null, "SPECIAL_INSTRUCTIONS": null, "TV_CONDITION": "Very Good", "TV_LAST_INSPECTION_DATE": 1527750000000, "TV_INCOMPLETE": null, "TV_NEXT_INSPECTED_DATE": null, "LAST_INSPECTED_OK": null, "DATE_LAST_CLEANING_REQ": null, "DT_LAST_CLEANED": null, "INSPECTED_USER_ID": null, "CLEAN_USER_ID": null, "FURTHER_WORK_REQUIRED": "No", "FURTHERWORK_COMPLETED": "No", "WORK_ID": null, "PARALLEL_LINE_NO": null, "DISTANCE": null, "MAP_TOOLTIP": "49.35 - 450 SAN  0.36 % 2018 1", "HC_FID": 1981730, "SUBAREA": "O15", "DEPTH_AT_PL": null, "DEPTH_AT_PL_BELOW_CL": null, "OFFSET_DIRECTION": null, "OFFSET_FROM_PL": null, "DIAMETER_INSIDE": 450, "NAMENUMBER": null, "TO_MAIN_FID": null, "PERMIT_NUMBER": null, "STREET_NAME": "W 22ND AV", "HUNDRED_BLOCK": "600", "HCORACLEID": "__GKYQHT", "AS_BUILT": null, "LASTUPDATE_iso": "2019-08-15", "INSTALLDATE_iso": "2018-07-27", "TV_LAST_INSPECTION_DATE_iso": "2018-05-31"}, "geometry": {"type": "LineString", "coordinates": [[-123.11836039171342, 49.25156379761351], [-123.11834714791628, 49.25200759962248]]}}, {"type": "Feature", "properties": {"SHAPE_Length": 59.56941467664415, "OBJECTID": 136637708, "COV_SOURCE_KEY": "1990551", "LASTUPDATE": 1740645032000, "TBFID": 1990551, "UNIT_DESCRIPTION": "DB4195C - 4621 Cambie St", "INSTALLDATE": 1637049600000, "LANE_LOCATION": null, "PIPE_USE": "Main", "SERVICE_STATUS": "In Service", "EFFLUENT_TYPE": "Sanitary", "TB_LENGTH": 59.56941468, "GRADE": 0.97, "MATERIAL": "Polyvinyl Chloride", "VALIDATION_DATE": null, "BUN": null, "UPSTREAM_INVERT": 78.65, "UPSTRM_INVERT_ESTIMATED": null, "DWNSTREAM_INVERT": 78.07, "DNSTRM_INVERT_ESTIMATED": null, "RAMP_TYPE": null, "PIPE_SHAPE": null, "HEIGHT_MM": null, "WIDTH_MM": null, "SECTION_NAME": null, "FLOW_CATEGORY": "Gravity", "NORMAL_PRESSURE": null, "LINING_MATERIAL": null, "ON_PILES": null, "ON_SLAB": null, "NFB_NOTATION": null, "DRAWING_NUMBER": "DB4195C", "PP_NUMBER": null, "NFB_ELEVATION": null, "NFB_TYPE": null, "WET_WEATHER_ONLY": null, "REMARKS": "SEE DB4195C", "LEGACY_ID": "__GNYOSN", "SOIL_TYPE": null, "SOIL_CONDITION": null, "TYPE_OF_FILL": null, "OWNEDBY": "COVAV", "OPERATOR": "COVAV", "UNIT_ID": "1990558", "MAIN_KEY_1": 934384, "MAIN_COMP1": "30", "UNIT_ID_2": "1990561", "MAIN_KEY_2": 934385, "MAIN_COMP2": 30, "COMPKEY": 934386, "MAIN_KEY": 58292, "COMPTYPE": 31, "UPDATED_BY": "ENHANMGETASK", "ADDRESS_KEY": 153685, "TB_AREA": "CBC07", "DISTRICT": "3", "FACET_GRID": "O17", "CONSTRUCTION_TECHNIQUE": null, "CONNECTN_TYPE": null, "CONNECTN_CONDITION": null, "DATE_OF_PERMIT": null, "SPECIAL_INSTRUCTIONS": null, "TV_CONDITION": "Very Good", "TV_LAST_INSPECTION_DATE": 1631602800000, "TV_INCOMPLETE": null, "TV_NEXT_INSPECTED_DATE": null, "LAST_INSPECTED_OK": null, "DATE_LAST_CLEANING_REQ": null, "DT_LAST_CLEANED": null, "INSPECTED_USER_ID": null, "CLEAN_USER_ID": null, "FURTHER_WORK_REQUIRED": "No", "FURTHERWORK_COMPLETED": "No", "WORK_ID": null, "PARALLEL_LINE_NO": null, "DISTANCE": null, "MAP_TOOLTIP": "59.57 - 375 SAN  0.97 % 2021 1", "HC_FID": 1990551, "SUBAREA": "O17", "DEPTH_AT_PL": null, "DEPTH_AT_PL_BELOW_CL": null, "OFFSET_DIRECTION": null, "OFFSET_FROM_PL": null, "DIAMETER_INSIDE": 375, "NAMENUMBER": null, "TO_MAIN_FID": null, "PERMIT_NUMBER": null, "STREET_NAME": "W 30TH AV", "HUNDRED_BLOCK": "600", "HCORACLEID": "__GNYOSO", "AS_BUILT": "Yes", "LASTUPDATE_iso": "2025-02-27", "INSTALLDATE_iso": "2021-11-16", "TV_LAST_INSPECTION_DATE_iso": "2021-09-14"}, "geometry": {"type": "LineString", "coordinates": [[-123.11963587722099, 49.24433834152095], [-123.12045404348582, 49.24435218960378]]}}, {"type": "Feature", "properties": {"SHAPE_Length": 80.50810504002038, "OBJECTID": 136639515, "COV_SOURCE_KEY": "498099", "LASTUPDATE": 1642149025000, "TBFID": 498099, "UNIT_DESCRIPTION": null, "INSTALLDATE": 1163577600000, "LANE_LOCATION": null, "PIPE_USE": "Main", "SERVICE_STATUS": "In Service", "EFFLUENT_TYPE": "Sanitary", "TB_LENGTH": 80.51, "GRADE": 0.67, "MATERIAL": "Polyvinyl Chloride", "VALIDATION_DATE": null, "BUN": null, "UPSTREAM_INVERT": 56.19, "UPSTRM_INVERT_ESTIMATED": "No", "DWNSTREAM_INVERT": 55.65, "DNSTRM_INVERT_ESTIMATED": "No", "RAMP_TYPE": null, "PIPE_SHAPE": "Round", "HEIGHT_MM": 0, "WIDTH_MM": 0, "SECTION_NAME": null, "FLOW_CATEGORY": "Gravity", "NORMAL_PRESSURE": 0, "LINING_MATERIAL": "blank", "ON_PILES": "No", "ON_SLAB": "No", "NFB_NOTATION": null, "DRAWING_NUMBER": null, "PP_NUMBER": null, "NFB_ELEVATION": 0, "NFB_TYPE": "blank", "WET_WEATHER_ONLY": "No", "REMARKS": null, "LEGACY_ID": "__FNHP8Y", "SOIL_TYPE": "blank", "SOIL_CONDITION": "blank", "TYPE_OF_FILL": null, "OWNEDBY": "COVAV", "OPERATOR": " ", "UNIT_ID": "417716", "MAIN_KEY_1": 24512, "MAIN_COMP1": "30", "UNIT_ID_2": "417711", "MAIN_KEY_2": 24507, "MAIN_COMP2": 30, "COMPKEY": 385381, "MAIN_KEY": 24937, "COMPTYPE": 31, "UPDATED_BY": "ENHANMGETASK", "ADDRESS_KEY": 152768, "TB_AREA": "CBC07", "DISTRICT": "3", "FACET_GRID": "O14", "CONSTRUCTION_TECHNIQUE": "unknown", "CONNECTN_TYPE": null, "CONNECTN_CONDITION": null, "DATE_OF_PERMIT": null, "SPECIAL_INSTRUCTIONS": null, "TV_CONDITION": "Good", "TV_LAST_INSPECTION_DATE": 1639641600000, "TV_INCOMPLETE": "No", "TV_NEXT_INSPECTED_DATE": null, "LAST_INSPECTED_OK": null, "DATE_LAST_CLEANING_REQ": null, "DT_LAST_CLEANED": null, "INSPECTED_USER_ID": null, "CLEAN_USER_ID": null, "FURTHER_WORK_REQUIRED": "No", "FURTHERWORK_COMPLETED": "No", "WORK_ID": null, "PARALLEL_LINE_NO": null, "DISTANCE": 80.51, "MAP_TOOLTIP": "80.51 - 200 SAN n/a 0.67 % 2006 2", "HC_FID": null, "SUBAREA": "O14", "DEPTH_AT_PL": null, "DEPTH_AT_PL_BELOW_CL": null, "OFFSET_DIRECTION": null, "OFFSET_FROM_PL": null, "DIAMETER_INSIDE": 200, "NAMENUMBER": null, "TO_MAIN_FID": null, "PERMIT_NUMBER": null, "STREET_NAME": "CAMBIE ST", "HUNDRED_BLOCK": "3400", "HCORACLEID": null, "AS_BUILT": "Yes", "LASTUPDATE_iso": "2022-01-14", "INSTALLDATE_iso": "2006-11-15", "TV_LAST_INSPECTION_DATE_iso": "2021-12-16"}, "geometry": {"type": "LineString", "coordinates": [[-123.11528160639735, 49.25475776817332], [-123.1153135060369, 49.25403388189391]]}}, {"type": "Feature", "properties": {"SHAPE_Length": 2.452279143556104, "OBJECTID": 136640345, "COV_SOURCE_KEY": "1969267", "LASTUPDATE": 1559077432000, "TBFID": 1969267, "UNIT_DESCRIPTION": null, "INSTALLDATE": 1533711600000, "LANE_LOCATION": null, "PIPE_USE": "Main", "SERVICE_STATUS": "In Service", "EFFLUENT_TYPE": "Sanitary", "TB_LENGTH": 2.45227914, "GRADE": 0.82, "MATERIAL": "Polyvinyl Chloride", "VALIDATION_DATE": null, "BUN": null, "UPSTREAM_INVERT": 92.86, "UPSTRM_INVERT_ESTIMATED": null, "DWNSTREAM_INVERT": 92.84, "DNSTRM_INVERT_ESTIMATED": null, "RAMP_TYPE": null, "PIPE_SHAPE": null, "HEIGHT_MM": null, "WIDTH_MM": null, "SECTION_NAME": null, "FLOW_CATEGORY": "Gravity", "NORMAL_PRESSURE": null, "LINING_MATERIAL": null, "ON_PILES": null, "ON_SLAB": null, "NFB_NOTATION": null, "DRAWING_NUMBER": "DB3619C", "PP_NUMBER": null, "NFB_ELEVATION": null, "NFB_TYPE": null, "WET_WEATHER_ONLY": null, "REMARKS": null, "LEGACY_ID": "__GINQEC", "SOIL_TYPE": null, "SOIL_CONDITION": null, "TYPE_OF_FILL": null, "OWNEDBY": "COVAV", "OPERATOR": null, "UNIT_ID": "1969227", "MAIN_KEY_1": 927444, "MAIN_COMP1": "30", "UNIT_ID_2": "1969229", "MAIN_KEY_2": 927443, "MAIN_COMP2": 30, "COMPKEY": 927478, "MAIN_KEY": 57493, "COMPTYPE": 31, "UPDATED_BY": "enaxy", "ADDRESS_KEY": 143171, "TB_AREA": "CBC07", "DISTRICT": "3", "FACET_GRID": "O17", "CONSTRUCTION_TECHNIQUE": null, "CONNECTN_TYPE": null, "CONNECTN_CONDITION": null, "DATE_OF_PERMIT": null, "SPECIAL_INSTRUCTIONS": null, "TV_CONDITION": null, "TV_LAST_INSPECTION_DATE": null, "TV_INCOMPLETE": null, "TV_NEXT_INSPECTED_DATE": null, "LAST_INSPECTED_OK": null, "DATE_LAST_CLEANING_REQ": null, "DT_LAST_CLEANED": null, "INSPECTED_USER_ID": null, "CLEAN_USER_ID": null, "FURTHER_WORK_REQUIRED": null, "FURTHERWORK_COMPLETED": null, "WORK_ID": null, "PARALLEL_LINE_NO": null, "DISTANCE": null, "MAP_TOOLTIP": "2.45 - 200 SAN  0.82 % 2018 ", "HC_FID": 1969267, "SUBAREA": "O17", "DEPTH_AT_PL": null, "DEPTH_AT_PL_BELOW_CL": null, "OFFSET_DIRECTION": null, "OFFSET_FROM_PL": null, "DIAMETER_INSIDE": 200, "NAMENUMBER": null, "TO_MAIN_FID": null, "PERMIT_NUMBER": null, "STREET_NAME": "W 33RD AV", "HUNDRED_BLOCK": "500", "HCORACLEID": "__GINQED", "AS_BUILT": null, "LASTUPDATE_iso": "2019-05-28", "INSTALLDATE_iso": "2018-08-08"}, "geometry": {"type": "LineString", "coordinates": [[-123.11857162938311, 49.24107742296648], [-123.1185720848973, 49.24105536616506]]}}, {"type": "Feature", "properties": {"SHAPE_Length": 7.700395054053174, "OBJECTID": 136640347, "COV_SOURCE_KEY": "1969277", "LASTUPDATE": 1559077404000, "TBFID": 1969277, "UNIT_DESCRIPTION": null, "INSTALLDATE": 1533711600000, "LANE_LOCATION": null, "PIPE_USE": "Main", "SERVICE_STATUS": "In Service", "EFFLUENT_TYPE": "Sanitary", "TB_LENGTH": 7.70039505, "GRADE": 2.08, "MATERIAL": "Polyvinyl Chloride", "VALIDATION_DATE": null, "BUN": null, "UPSTREAM_INVERT": 93.28, "UPSTRM_INVERT_ESTIMATED": null, "DWNSTREAM_INVERT": 93.12, "DNSTRM_INVERT_ESTIMATED": null, "RAMP_TYPE": "Open", "PIPE_SHAPE": null, "HEIGHT_MM": null, "WIDTH_MM": null, "SECTION_NAME": null, "FLOW_CATEGORY": "Gravity", "NORMAL_PRESSURE": null, "LINING_MATERIAL": null, "ON_PILES": null, "ON_SLAB": null, "NFB_NOTATION": null, "DRAWING_NUMBER": "DB3619C", "PP_NUMBER": null, "NFB_ELEVATION": null, "NFB_TYPE": null, "WET_WEATHER_ONLY": null, "REMARKS": "O/R", "LEGACY_ID": "__GINQEG", "SOIL_TYPE": null, "SOIL_CONDITION": null, "TYPE_OF_FILL": null, "OWNEDBY": "COVAV", "OPERATOR": null, "UNIT_ID": "1969231", "MAIN_KEY_1": 927442, "MAIN_COMP1": "30", "UNIT_ID_2": "1969229", "MAIN_KEY_2": 927443, "MAIN_COMP2": 30, "COMPKEY": 927468, "MAIN_KEY": 57484, "COMPTYPE": 31, "UPDATED_BY": "enaxy", "ADDRESS_KEY": 143171, "TB_AREA": "CBC07", "DISTRICT": "3", "FACET_GRID": "O17", "CONSTRUCTION_TECHNIQUE": null, "CONNECTN_TYPE": null, "CONNECTN_CONDITION": null, "DATE_OF_PERMIT": null, "SPECIAL_INSTRUCTIONS": null, "TV_CONDITION": null, "TV_LAST_INSPECTION_DATE": null, "TV_INCOMPLETE": null, "TV_NEXT_INSPECTED_DATE": null, "LAST_INSPECTED_OK": null, "DATE_LAST_CLEANING_REQ": null, "DT_LAST_CLEANED": null, "INSPECTED_USER_ID": null, "CLEAN_USER_ID": null, "FURTHER_WORK_REQUIRED": null, "FURTHERWORK_COMPLETED": null, "WORK_ID": null, "PARALLEL_LINE_NO": null, "DISTANCE": null, "MAP_TOOLTIP": "7.7 - 200 SAN  2.08 % 2018 ", "HC_FID": 1969277, "SUBAREA": "O17", "DEPTH_AT_PL": null, "DEPTH_AT_PL_BELOW_CL": null, "OFFSET_DIRECTION": null, "OFFSET_FROM_PL": null, "DIAMETER_INSIDE": 200, "NAMENUMBER": null, "TO_MAIN_FID": null, "PERMIT_NUMBER": null, "STREET_NAME": "W 33RD AV", "HUNDRED_BLOCK": "500", "HCORACLEID": "__GINQEH", "AS_BUILT": null, "LASTUPDATE_iso": "2019-05-28", "INSTALLDATE_iso": "2018-08-08"}, "geometry": {"type": "LineString", "coordinates": [[-123.11857299066506, 49.240986101869815], [-123.1185720848973, 49.24105536616506]]}}, {"type": "Feature", "properties": {"SHAPE_Length": 28.634862842744436, "OBJECTID": 136640348, "COV_SOURCE_KEY": "1969282", "LASTUPDATE": 1559077401000, "TBFID": 1969282, "UNIT_DESCRIPTION": null, "INSTALLDATE": 1533711600000, "LANE_LOCATION": null, "PIPE_USE": "Main", "SERVICE_STATUS": "In Service", "EFFLUENT_TYPE": "Sanitary", "TB_LENGTH": 28.63486284, "GRADE": 1.01, "MATERIAL": "Polyvinyl Chloride", "VALIDATION_DATE": null, "BUN": null, "UPSTREAM_INVERT": 92.59, "UPSTRM_INVERT_ESTIMATED": null, "DWNSTREAM_INVERT": 92.3, "DNSTRM_INVERT_ESTIMATED": null, "RAMP_TYPE": null, "PIPE_SHAPE": null, "HEIGHT_MM": null, "WIDTH_MM": null, "SECTION_NAME": null, "FLOW_CATEGORY": "Gravity", "NORMAL_PRESSURE": null, "LINING_MATERIAL": null, "ON_PILES": null, "ON_SLAB": null, "NFB_NOTATION": null, "DRAWING_NUMBER": "DB3619C", "PP_NUMBER": null, "NFB_ELEVATION": null, "NFB_TYPE": null, "WET_WEATHER_ONLY": null, "REMARKS": null, "LEGACY_ID": "__GINQEI", "SOIL_TYPE": null, "SOIL_CONDITION": null, "TYPE_OF_FILL": null, "OWNEDBY": "COVAV", "OPERATOR": null, "UNIT_ID": "1969229", "MAIN_KEY_1": 927443, "MAIN_COMP1": "30", "UNIT_ID_2": "1969225", "MAIN_KEY_2": 927437, "MAIN_COMP2": 30, "COMPKEY": 927467, "MAIN_KEY": 57483, "COMPTYPE": 31, "UPDATED_BY": "enaxy", "ADDRESS_KEY": 156147, "TB_AREA": "CBC07", "DISTRICT": "3", "FACET_GRID": "O17", "CONSTRUCTION_TECHNIQUE": null, "CONNECTN_TYPE": null, "CONNECTN_CONDITION": null, "DATE_OF_PERMIT": null, "SPECIAL_INSTRUCTIONS": null, "TV_CONDITION": null, "TV_LAST_INSPECTION_DATE": null, "TV_INCOMPLETE": null, "TV_NEXT_INSPECTED_DATE": null, "LAST_INSPECTED_OK": null, "DATE_LAST_CLEANING_REQ": null, "DT_LAST_CLEANED": null, "INSPECTED_USER_ID": null, "CLEAN_USER_ID": null, "FURTHER_WORK_REQUIRED": null, "FURTHERWORK_COMPLETED": null, "WORK_ID": null, "PARALLEL_LINE_NO": null, "DISTANCE": null, "MAP_TOOLTIP": "28.63 - 250 SAN  1.01 % 2018 ", "HC_FID": 1969282, "SUBAREA": "O17", "DEPTH_AT_PL": null, "DEPTH_AT_PL_BELOW_CL": null, "OFFSET_DIRECTION": null, "OFFSET_FROM_PL": null, "DIAMETER_INSIDE": 250, "NAMENUMBER": null, "TO_MAIN_FID": null, "PERMIT_NUMBER": null, "STREET_NAME": "W 33RD AV", "HUNDRED_BLOCK": "600", "HCORACLEID": "__GINQEJ", "AS_BUILT": null, "LASTUPDATE_iso": "2019-05-28", "INSTALLDATE_iso": "2018-08-08"}, "geometry": {"type": "LineString", "coordinates": [[-123.1185720848973, 49.24105536616506], [-123.11896448286336, 49.241073699853644]]}}, {"type": "Feature", "properties": {"SHAPE_Length": 1.7667668207050637, "OBJECTID": 136640349, "COV_SOURCE_KEY": "1969287", "LASTUPDATE": 1559077410000, "TBFID": 1969287, "UNIT_DESCRIPTION": null, "INSTALLDATE": 1533711600000, "LANE_LOCATION": null, "PIPE_USE": "Main", "SERVICE_STATUS": "In Service", "EFFLUENT_TYPE": "Sanitary", "TB_LENGTH": 1.76676682, "GRADE": 0, "MATERIAL": "Polyvinyl Chloride", "VALIDATION_DATE": null, "BUN": null, "UPSTREAM_INVERT": 92.31, "UPSTRM_INVERT_ESTIMATED": null, "DWNSTREAM_INVERT": 92.31, "DNSTRM_INVERT_ESTIMATED": null, "RAMP_TYPE": null, "PIPE_SHAPE": null, "HEIGHT_MM": null, "WIDTH_MM": null, "SECTION_NAME": null, "FLOW_CATEGORY": "Gravity", "NORMAL_PRESSURE": null, "LINING_MATERIAL": null, "ON_PILES": null, "ON_SLAB": null, "NFB_NOTATION": null, "DRAWING_NUMBER": "DB3619C", "PP_NUMBER": null, "NFB_ELEVATION": null, "NFB_TYPE": null, "WET_WEATHER_ONLY": null, "REMARKS": null, "LEGACY_ID": "__GINQEK", "SOIL_TYPE": null, "SOIL_CONDITION": null, "TYPE_OF_FILL": null, "OWNEDBY": "COVAV", "OPERATOR": null, "UNIT_ID": "1969225", "MAIN_KEY_1": 927437, "MAIN_COMP1": "30", "UNIT_ID_2": "1666104", "MAIN_KEY_2": 871415, "MAIN_COMP2": 30, "COMPKEY": 927470, "MAIN_KEY": 57486, "COMPTYPE": 31, "UPDATED_BY": "enaxy", "ADDRESS_KEY": 156147, "TB_AREA": "CBC07", "DISTRICT": "3", "FACET_GRID": "O17", "CONSTRUCTION_TECHNIQUE": null, "CONNECTN_TYPE": null, "CONNECTN_CONDITION": null, "DATE_OF_PERMIT": null, "SPECIAL_INSTRUCTIONS": null, "TV_CONDITION": null, "TV_LAST_INSPECTION_DATE": null, "TV_INCOMPLETE": null, "TV_NEXT_INSPECTED_DATE": null, "LAST_INSPECTED_OK": null, "DATE_LAST_CLEANING_REQ": null, "DT_LAST_CLEANED": null, "INSPECTED_USER_ID": null, "CLEAN_USER_ID": null, "FURTHER_WORK_REQUIRED": null, "FURTHERWORK_COMPLETED": null, "WORK_ID": null, "PARALLEL_LINE_NO": null, "DISTANCE": null, "MAP_TOOLTIP": "1.77 -  SAN  0.00 % 2018 ", "HC_FID": 1969287, "SUBAREA": "O17", "DEPTH_AT_PL": null, "DEPTH_AT_PL_BELOW_CL": null, "OFFSET_DIRECTION": null, "OFFSET_FROM_PL": null, "DIAMETER_INSIDE": null, "NAMENUMBER": null, "TO_MAIN_FID": null, "PERMIT_NUMBER": null, "STREET_NAME": "W 33RD AV", "HUNDRED_BLOCK": "600", "HCORACLEID": "__GINQEL", "AS_BUILT": null, "LASTUPDATE_iso": "2019-05-28", "INSTALLDATE_iso": "2018-08-08"}, "geometry": {"type": "LineString", "coordinates": [[-123.11896448286336, 49.241073699853644], [-123.11898105175949, 49.24108531363899]]}}, {"type": "Feature", "properties": {"SHAPE_Length": 24.18666711239085, "OBJECTID": 136640378, "COV_SOURCE_KEY": "1969292", "LASTUPDATE": 1559077419000, "TBFID": 1969292, "UNIT_DESCRIPTION": null, "INSTALLDATE": 1533711600000, "LANE_LOCATION": null, "PIPE_USE": "Main", "SERVICE_STATUS": "In Service", "EFFLUENT_TYPE": "Sanitary", "TB_LENGTH": 24.18666711, "GRADE": 1.7, "MATERIAL": "Polyvinyl Chloride", "VALIDATION_DATE": null, "BUN": null, "UPSTREAM_INVERT": 93.71, "UPSTRM_INVERT_ESTIMATED": null, "DWNSTREAM_INVERT": 93.3, "DNSTRM_INVERT_ESTIMATED": null, "RAMP_TYPE": null, "PIPE_SHAPE": null, "HEIGHT_MM": null, "WIDTH_MM": null, "SECTION_NAME": null, "FLOW_CATEGORY": "Gravity", "NORMAL_PRESSURE": null, "LINING_MATERIAL": null, "ON_PILES": null, "ON_SLAB": null, "NFB_NOTATION": null, "DRAWING_NUMBER": "DB3619C", "PP_NUMBER": null, "NFB_ELEVATION": null, "NFB_TYPE": null, "WET_WEATHER_ONLY": null, "REMARKS": null, "LEGACY_ID": "__GINQEM", "SOIL_TYPE": null, "SOIL_CONDITION": null, "TYPE_OF_FILL": null, "OWNEDBY": "COVAV", "OPERATOR": null, "UNIT_ID": "1969238", "MAIN_KEY_1": 927436, "MAIN_COMP1": "30", "UNIT_ID_2": "1969231", "MAIN_KEY_2": 927442, "MAIN_COMP2": 30, "COMPKEY": 927473, "MAIN_KEY": 57489, "COMPTYPE": 31, "UPDATED_BY": "enaxy", "ADDRESS_KEY": 148366, "TB_AREA": "CBC07", "DISTRICT": "3", "FACET_GRID": "O17", "CONSTRUCTION_TECHNIQUE": null, "CONNECTN_TYPE": null, "CONNECTN_CONDITION": null, "DATE_OF_PERMIT": null, "SPECIAL_INSTRUCTIONS": null, "TV_CONDITION": null, "TV_LAST_INSPECTION_DATE": null, "TV_INCOMPLETE": null, "TV_NEXT_INSPECTED_DATE": null, "LAST_INSPECTED_OK": null, "DATE_LAST_CLEANING_REQ": null, "DT_LAST_CLEANED": null, "INSPECTED_USER_ID": null, "CLEAN_USER_ID": null, "FURTHER_WORK_REQUIRED": null, "FURTHERWORK_COMPLETED": null, "WORK_ID": null, "PARALLEL_LINE_NO": null, "DISTANCE": null, "MAP_TOOLTIP": "24.19 - 200 SAN  1.70 % 2018 ", "HC_FID": 1969292, "SUBAREA": "O17", "DEPTH_AT_PL": null, "DEPTH_AT_PL_BELOW_CL": null, "OFFSET_DIRECTION": null, "OFFSET_FROM_PL": null, "DIAMETER_INSIDE": 200, "NAMENUMBER": null, "TO_MAIN_FID": null, "PERMIT_NUMBER": null, "STREET_NAME": "CAMBIE ST", "HUNDRED_BLOCK": "4900", "HCORACLEID": "__GINQEN", "AS_BUILT": null, "LASTUPDATE_iso": "2019-05-28", "INSTALLDATE_iso": "2018-08-08"}, "geometry": {"type": "LineString", "coordinates": [[-123.1185233612752, 49.24077097760023], [-123.11857299066506, 49.240986101869815]]}}, {"type": "Feature", "properties": {"SHAPE_Length": 34.22273127640382, "OBJECTID": 136642386, "COV_SOURCE_KEY": "1696683", "LASTUPDATE": 1539761429000, "TBFID": 1696683, "UNIT_DESCRIPTION": null, "INSTALLDATE": 1467183600000, "LANE_LOCATION": "Lane West", "PIPE_USE": "Main", "SERVICE_STATUS": "In Service", "EFFLUENT_TYPE": "Sanitary", "TB_LENGTH": 34.22273128, "GRADE": 3.01, "MATERIAL": "Polyvinyl Chloride", "VALIDATION_DATE": null, "BUN": null, "UPSTREAM_INVERT": 58.46, "UPSTRM_INVERT_ESTIMATED": "No", "DWNSTREAM_INVERT": 57.43, "DNSTRM_INVERT_ESTIMATED": "No", "RAMP_TYPE": null, "PIPE_SHAPE": null, "HEIGHT_MM": null, "WIDTH_MM": null, "SECTION_NAME": null, "FLOW_CATEGORY": "Gravity", "NORMAL_PRESSURE": null, "LINING_MATERIAL": null, "ON_PILES": null, "ON_SLAB": null, "NFB_NOTATION": null, "DRAWING_NUMBER": "DB3448", "PP_NUMBER": null, "NFB_ELEVATION": null, "NFB_TYPE": null, "WET_WEATHER_ONLY": null, "REMARKS": null, "LEGACY_ID": "__G9QSGD", "SOIL_TYPE": null, "SOIL_CONDITION": null, "TYPE_OF_FILL": null, "OWNEDBY": "COVAV", "OPERATOR": "COVAV", "UNIT_ID": "1670199", "MAIN_KEY_1": 873239, "MAIN_COMP1": "30", "UNIT_ID_2": "1696674", "MAIN_KEY_2": 893594, "MAIN_COMP2": 30, "COMPKEY": 893602, "MAIN_KEY": 55105, "COMPTYPE": 31, "UPDATED_BY": "ENHANMGETASK", "ADDRESS_KEY": 148752, "TB_AREA": "CBC07", "DISTRICT": "3", "FACET_GRID": "O15", "CONSTRUCTION_TECHNIQUE": null, "CONNECTN_TYPE": null, "CONNECTN_CONDITION": null, "DATE_OF_PERMIT": null, "SPECIAL_INSTRUCTIONS": null, "TV_CONDITION": "Very Good", "TV_LAST_INSPECTION_DATE": 1468825200000, "TV_INCOMPLETE": null, "TV_NEXT_INSPECTED_DATE": null, "LAST_INSPECTED_OK": null, "DATE_LAST_CLEANING_REQ": null, "DT_LAST_CLEANED": null, "INSPECTED_USER_ID": null, "CLEAN_USER_ID": null, "FURTHER_WORK_REQUIRED": "No", "FURTHERWORK_COMPLETED": "No", "WORK_ID": null, "PARALLEL_LINE_NO": null, "DISTANCE": null, "MAP_TOOLTIP": "34.22 - 200 SAN  3.01 % 2016 1", "HC_FID": 1696683, "SUBAREA": "O15", "DEPTH_AT_PL": null, "DEPTH_AT_PL_BELOW_CL": null, "OFFSET_DIRECTION": null, "OFFSET_FROM_PL": null, "DIAMETER_INSIDE": 200, "NAMENUMBER": null, "TO_MAIN_FID": null, "PERMIT_NUMBER": null, "STREET_NAME": "TUPPER ST", "HUNDRED_BLOCK": "3900", "HCORACLEID": "__G9QSGE", "AS_BUILT": "Yes", "LASTUPDATE_iso": "2018-10-17", "INSTALLDATE_iso": "2016-06-29", "TV_LAST_INSPECTION_DATE_iso": "2016-07-18"}, "geometry": {"type": "LineString", "coordinates": [[-123.11686643027245, 49.250325623291324], [-123.11685245369372, 49.250633328176924]]}}, {"type": "Feature", "properties": {"SHAPE_Length": 10.693042457837526, "OBJECTID": 136642490, "COV_SOURCE_KEY": "1696728", "LASTUPDATE": 1539761426000, "TBFID": 1696728, "UNIT_DESCRIPTION": null, "INSTALLDATE": 1467183600000, "LANE_LOCATION": null, "PIPE_USE": "Main", "SERVICE_STATUS": "In Service", "EFFLUENT_TYPE": "Sanitary", "TB_LENGTH": 10.69304246, "GRADE": 0.79, "MATERIAL": "Polyvinyl Chloride", "VALIDATION_DATE": null, "BUN": null, "UPSTREAM_INVERT": 53.905, "UPSTRM_INVERT_ESTIMATED": "No", "DWNSTREAM_INVERT": 53.82, "DNSTRM_INVERT_ESTIMATED": "No", "RAMP_TYPE": null, "PIPE_SHAPE": "Round", "HEIGHT_MM": null, "WIDTH_MM": null, "SECTION_NAME": null, "FLOW_CATEGORY": "Gravity", "NORMAL_PRESSURE": null, "LINING_MATERIAL": null, "ON_PILES": null, "ON_SLAB": null, "NFB_NOTATION": null, "DRAWING_NUMBER": "DB3448", "PP_NUMBER": null, "NFB_ELEVATION": null, "NFB_TYPE": null, "WET_WEATHER_ONLY": null, "REMARKS": null, "LEGACY_ID": "__G9QSI0", "SOIL_TYPE": null, "SOIL_CONDITION": null, "TYPE_OF_FILL": null, "OWNEDBY": "COVAV", "OPERATOR": "COVAV", "UNIT_ID": "1670206", "MAIN_KEY_1": 873240, "MAIN_COMP1": "30", "UNIT_ID_2": "414499", "MAIN_KEY_2": 21438, "MAIN_COMP2": 30, "COMPKEY": 918514, "MAIN_KEY": 56739, "COMPTYPE": 31, "UPDATED_BY": "ENHANMGETASK", "ADDRESS_KEY": 149197, "TB_AREA": "CBC07", "DISTRICT": "3", "FACET_GRID": "O15", "CONSTRUCTION_TECHNIQUE": null, "CONNECTN_TYPE": null, "CONNECTN_CONDITION": null, "DATE_OF_PERMIT": null, "SPECIAL_INSTRUCTIONS": null, "TV_CONDITION": "Very Good", "TV_LAST_INSPECTION_DATE": 1468825200000, "TV_INCOMPLETE": null, "TV_NEXT_INSPECTED_DATE": null, "LAST_INSPECTED_OK": null, "DATE_LAST_CLEANING_REQ": null, "DT_LAST_CLEANED": null, "INSPECTED_USER_ID": null, "CLEAN_USER_ID": null, "FURTHER_WORK_REQUIRED": "No", "FURTHERWORK_COMPLETED": "No", "WORK_ID": null, "PARALLEL_LINE_NO": null, "DISTANCE": null, "MAP_TOOLTIP": "10.69 - 200 SAN  0.79 % 2016 1", "HC_FID": 1696728, "SUBAREA": "O15", "DEPTH_AT_PL": null, "DEPTH_AT_PL_BELOW_CL": null, "OFFSET_DIRECTION": null, "OFFSET_FROM_PL": null, "DIAMETER_INSIDE": 200, "NAMENUMBER": null, "TO_MAIN_FID": null, "PERMIT_NUMBER": null, "STREET_NAME": "W 23RD AV", "HUNDRED_BLOCK": "600", "HCORACLEID": "__G9QSI1", "AS_BUILT": "Yes", "LASTUPDATE_iso": "2018-10-17", "INSTALLDATE_iso": "2016-06-29", "TV_LAST_INSPECTION_DATE_iso": "2016-07-18"}, "geometry": {"type": "LineString", "coordinates": [[-123.11824232697305, 49.250660617861364], [-123.1183892107941, 49.25066311203869]]}}, {"type": "Feature", "properties": {"SHAPE_Length": 7.829618126411487, "OBJECTID": 136642786, "COV_SOURCE_KEY": "1978797", "LASTUPDATE": 1563998988000, "TBFID": 1978797, "UNIT_DESCRIPTION": null, "INSTALLDATE": 1559545200000, "LANE_LOCATION": null, "PIPE_USE": "Main", "SERVICE_STATUS": "In Service", "EFFLUENT_TYPE": "Sanitary", "TB_LENGTH": 7.82961813, "GRADE": 2.49, "MATERIAL": "Polyvinyl Chloride", "VALIDATION_DATE": null, "BUN": null, "UPSTREAM_INVERT": 63.415, "UPSTRM_INVERT_ESTIMATED": null, "DWNSTREAM_INVERT": 63.22, "DNSTRM_INVERT_ESTIMATED": null, "RAMP_TYPE": null, "PIPE_SHAPE": null, "HEIGHT_MM": null, "WIDTH_MM": null, "SECTION_NAME": null, "FLOW_CATEGORY": "Gravity", "NORMAL_PRESSURE": null, "LINING_MATERIAL": null, "ON_PILES": null, "ON_SLAB": null, "NFB_NOTATION": null, "DRAWING_NUMBER": "DB4088M", "PP_NUMBER": null, "NFB_ELEVATION": null, "NFB_TYPE": null, "WET_WEATHER_ONLY": null, "REMARKS": null, "LEGACY_ID": "__GKD62A", "SOIL_TYPE": null, "SOIL_CONDITION": null, "TYPE_OF_FILL": null, "OWNEDBY": "COVAV", "OPERATOR": null, "UNIT_ID": "1978795", "MAIN_KEY_1": 927926, "MAIN_COMP1": "30", "UNIT_ID_2": "418837", "MAIN_KEY_2": 26328, "MAIN_COMP2": 30, "COMPKEY": 927929, "MAIN_KEY": 57562, "COMPTYPE": 31, "UPDATED_BY": "XER16", "ADDRESS_KEY": 153642, "TB_AREA": "CBC08", "DISTRICT": "1", "FACET_GRID": "P15", "CONSTRUCTION_TECHNIQUE": null, "CONNECTN_TYPE": null, "CONNECTN_CONDITION": null, "DATE_OF_PERMIT": null, "SPECIAL_INSTRUCTIONS": null, "TV_CONDITION": null, "TV_LAST_INSPECTION_DATE": null, "TV_INCOMPLETE": null, "TV_NEXT_INSPECTED_DATE": null, "LAST_INSPECTED_OK": null, "DATE_LAST_CLEANING_REQ": null, "DT_LAST_CLEANED": null, "INSPECTED_USER_ID": null, "CLEAN_USER_ID": null, "FURTHER_WORK_REQUIRED": null, "FURTHERWORK_COMPLETED": null, "WORK_ID": null, "PARALLEL_LINE_NO": null, "DISTANCE": null, "MAP_TOOLTIP": "7.83 - 200 SAN  2.49 % 2019 ", "HC_FID": 1978797, "SUBAREA": "P15", "DEPTH_AT_PL": null, "DEPTH_AT_PL_BELOW_CL": null, "OFFSET_DIRECTION": null, "OFFSET_FROM_PL": null, "DIAMETER_INSIDE": 200, "NAMENUMBER": null, "TO_MAIN_FID": null, "PERMIT_NUMBER": null, "STREET_NAME": "W 19TH AV", "HUNDRED_BLOCK": "000", "HCORACLEID": "__GKD62B", "AS_BUILT": null, "LASTUPDATE_iso": "2019-07-24", "INSTALLDATE_iso": "2019-06-03"}, "geometry": {"type": "LineString", "coordinates": [[-123.10494502760473, 49.2532813210729], [-123.10505257491732, 49.25328336419768]]}}, {"type": "Feature", "properties": {"SHAPE_Length": 31.48121271482217, "OBJECTID": 136642829, "COV_SOURCE_KEY": "2013382", "LASTUPDATE": 1669924493000, "TBFID": 2013382, "UNIT_DESCRIPTION": null, "INSTALLDATE": 1639123200000, "LANE_LOCATION": null, "PIPE_USE": "Main", "SERVICE_STATUS": "In Service", "EFFLUENT_TYPE": "Sanitary", "TB_LENGTH": 31.48121271, "GRADE": 0.79, "MATERIAL": "Polyvinyl Chloride", "VALIDATION_DATE": null, "BUN": null, "UPSTREAM_INVERT": 71.18, "UPSTRM_INVERT_ESTIMATED": null, "DWNSTREAM_INVERT": 70.93, "DNSTRM_INVERT_ESTIMATED": null, "RAMP_TYPE": null, "PIPE_SHAPE": "Round", "HEIGHT_MM": null, "WIDTH_MM": null, "SECTION_NAME": null, "FLOW_CATEGORY": "Gravity", "NORMAL_PRESSURE": null, "LINING_MATERIAL": null, "ON_PILES": null, "ON_SLAB": null, "NFB_NOTATION": null, "DRAWING_NUMBER": "DB3625", "PP_NUMBER": null, "NFB_ELEVATION": null, "NFB_TYPE": null, "WET_WEATHER_ONLY": null, "REMARKS": null, "LEGACY_ID": "__GTA2T0", "SOIL_TYPE": null, "SOIL_CONDITION": null, "TYPE_OF_FILL": null, "OWNEDBY": "COVAV", "OPERATOR": "COVAV", "UNIT_ID": "2013386", "MAIN_KEY_1": 944182, "MAIN_COMP1": "30", "UNIT_ID_2": "2013389", "MAIN_KEY_2": 944183, "MAIN_COMP2": 30, "COMPKEY": 944184, "MAIN_KEY": 59560, "COMPTYPE": 31, "UPDATED_BY": "qet39", "ADDRESS_KEY": 156006, "TB_AREA": "CBC06", "DISTRICT": "3", "FACET_GRID": "M17", "CONSTRUCTION_TECHNIQUE": null, "CONNECTN_TYPE": null, "CONNECTN_CONDITION": null, "DATE_OF_PERMIT": null, "SPECIAL_INSTRUCTIONS": null, "TV_CONDITION": null, "TV_LAST_INSPECTION_DATE": null, "TV_INCOMPLETE": null, "TV_NEXT_INSPECTED_DATE": null, "LAST_INSPECTED_OK": null, "DATE_LAST_CLEANING_REQ": null, "DT_LAST_CLEANED": null, "INSPECTED_USER_ID": null, "CLEAN_USER_ID": null, "FURTHER_WORK_REQUIRED": null, "FURTHERWORK_COMPLETED": null, "WORK_ID": null, "PARALLEL_LINE_NO": null, "DISTANCE": null, "MAP_TOOLTIP": "31.48 - 400 SAN  0.79 % 2021 ", "HC_FID": 2013382, "SUBAREA": "M17", "DEPTH_AT_PL": null, "DEPTH_AT_PL_BELOW_CL": null, "OFFSET_DIRECTION": null, "OFFSET_FROM_PL": null, "DIAMETER_INSIDE": 400, "NAMENUMBER": null, "TO_MAIN_FID": null, "PERMIT_NUMBER": null, "STREET_NAME": "W 32ND AV", "HUNDRED_BLOCK": "1100", "HCORACLEID": "__GTA2T1", "AS_BUILT": "Yes", "LASTUPDATE_iso": "2022-12-01", "INSTALLDATE_iso": "2021-12-10"}, "geometry": {"type": "LineString", "coordinates": [[-123.12850569142205, 49.24240024577614], [-123.1280732264441, 49.24239609345715]]}}, {"type": "Feature", "properties": {"SHAPE_Length": 89.06478636405286, "OBJECTID": 136646007, "COV_SOURCE_KEY": "1991801", "LASTUPDATE": 1784653879000, "TBFID": 1991801, "UNIT_DESCRIPTION": "DB4388C - 46-96 W King Edward Avenue", "INSTALLDATE": 1667631600000, "LANE_LOCATION": "Lane North", "PIPE_USE": "Main", "SERVICE_STATUS": "In Service", "EFFLUENT_TYPE": "Sanitary", "TB_LENGTH": 89.06478636, "GRADE": 1.08, "MATERIAL": "Polyvinyl Chloride", "VALIDATION_DATE": null, "BUN": "MN-P17-008", "UPSTREAM_INVERT": 65.65, "UPSTRM_INVERT_ESTIMATED": null, "DWNSTREAM_INVERT": 64.69, "DNSTRM_INVERT_ESTIMATED": null, "RAMP_TYPE": null, "PIPE_SHAPE": null, "HEIGHT_MM": null, "WIDTH_MM": null, "SECTION_NAME": null, "FLOW_CATEGORY": "Gravity", "NORMAL_PRESSURE": null, "LINING_MATERIAL": null, "ON_PILES": null, "ON_SLAB": null, "NFB_NOTATION": null, "DRAWING_NUMBER": "DB4388C", "PP_NUMBER": null, "NFB_ELEVATION": null, "NFB_TYPE": null, "WET_WEATHER_ONLY": null, "REMARKS": null, "LEGACY_ID": "__GO5PAE", "SOIL_TYPE": null, "SOIL_CONDITION": null, "TYPE_OF_FILL": null, "OWNEDBY": "COVAV", "OPERATOR": "COVAV", "UNIT_ID": "1991810", "MAIN_KEY_1": 934865, "MAIN_COMP1": "30", "UNIT_ID_2": "1991807", "MAIN_KEY_2": 934864, "MAIN_COMP2": 30, "COMPKEY": 934868, "MAIN_KEY": 58361, "COMPTYPE": 31, "UPDATED_BY": "RUH8023", "ADDRESS_KEY": 154734, "TB_AREA": "CBC07", "DISTRICT": "3", "FACET_GRID": "P17", "CONSTRUCTION_TECHNIQUE": null, "CONNECTN_TYPE": null, "CONNECTN_CONDITION": null, "DATE_OF_PERMIT": null, "SPECIAL_INSTRUCTIONS": null, "TV_CONDITION": "Very Good", "TV_LAST_INSPECTION_DATE": 1643875200000, "TV_INCOMPLETE": null, "TV_NEXT_INSPECTED_DATE": null, "LAST_INSPECTED_OK": null, "DATE_LAST_CLEANING_REQ": null, "DT_LAST_CLEANED": null, "INSPECTED_USER_ID": null, "CLEAN_USER_ID": null, "FURTHER_WORK_REQUIRED": "No", "FURTHERWORK_COMPLETED": "No", "WORK_ID": null, "PARALLEL_LINE_NO": null, "DISTANCE": null, "MAP_TOOLTIP": "89.06 - 250 SAN  1.08 % 2022 1", "HC_FID": 1991801, "SUBAREA": "P17", "DEPTH_AT_PL": null, "DEPTH_AT_PL_BELOW_CL": null, "OFFSET_DIRECTION": null, "OFFSET_FROM_PL": null, "DIAMETER_INSIDE": 250, "NAMENUMBER": "MN-P17-008", "TO_MAIN_FID": null, "PERMIT_NUMBER": null, "STREET_NAME": "W 26TH AV", "HUNDRED_BLOCK": "100", "HCORACLEID": "__GO5PAF", "AS_BUILT": "Yes", "LASTUPDATE_iso": "2026-07-21", "INSTALLDATE_iso": "2022-11-05", "TV_LAST_INSPECTION_DATE_iso": "2022-02-03"}, "geometry": {"type": "LineString", "coordinates": [[-123.1075078029769, 49.24834211466787], [-123.10873116910383, 49.248363035107715]]}}, {"type": "Feature", "properties": {"SHAPE_Length": 18.375484348133114, "OBJECTID": 136646008, "COV_SOURCE_KEY": "1991813", "LASTUPDATE": 1772267429000, "TBFID": 1991813, "UNIT_DESCRIPTION": "DB4272C - 469 W King Edward Ave", "INSTALLDATE": 1675324800000, "LANE_LOCATION": "Lane West", "PIPE_USE": "Main", "SERVICE_STATUS": "In Service", "EFFLUENT_TYPE": "Sanitary", "TB_LENGTH": 18.37548435, "GRADE": 4.35, "MATERIAL": "Polyvinyl Chloride", "VALIDATION_DATE": null, "BUN": null, "UPSTREAM_INVERT": 62.8, "UPSTRM_INVERT_ESTIMATED": "No", "DWNSTREAM_INVERT": 62, "DNSTRM_INVERT_ESTIMATED": "No", "RAMP_TYPE": null, "PIPE_SHAPE": null, "HEIGHT_MM": null, "WIDTH_MM": null, "SECTION_NAME": null, "FLOW_CATEGORY": "Gravity", "NORMAL_PRESSURE": null, "LINING_MATERIAL": null, "ON_PILES": null, "ON_SLAB": null, "NFB_NOTATION": null, "DRAWING_NUMBER": "DB4272C", "PP_NUMBER": null, "NFB_ELEVATION": null, "NFB_TYPE": null, "WET_WEATHER_ONLY": null, "REMARKS": null, "LEGACY_ID": "__GO5PAI", "SOIL_TYPE": null, "SOIL_CONDITION": null, "TYPE_OF_FILL": null, "OWNEDBY": "COVAV", "OPERATOR": "COVAV", "UNIT_ID": "1991821", "MAIN_KEY_1": 934870, "MAIN_COMP1": "30", "UNIT_ID_2": "416772", "MAIN_KEY_2": 22007, "MAIN_COMP2": 30, "COMPKEY": 934871, "MAIN_KEY": 58362, "COMPTYPE": 31, "UPDATED_BY": "ENHANMGETASK", "ADDRESS_KEY": 70016, "TB_AREA": "CBC07", "DISTRICT": "3", "FACET_GRID": "O16", "CONSTRUCTION_TECHNIQUE": null, "CONNECTN_TYPE": null, "CONNECTN_CONDITION": null, "DATE_OF_PERMIT": null, "SPECIAL_INSTRUCTIONS": null, "TV_CONDITION": "Very Good", "TV_LAST_INSPECTION_DATE": 1680678000000, "TV_INCOMPLETE": null, "TV_NEXT_INSPECTED_DATE": null, "LAST_INSPECTED_OK": null, "DATE_LAST_CLEANING_REQ": null, "DT_LAST_CLEANED": null, "INSPECTED_USER_ID": null, "CLEAN_USER_ID": null, "FURTHER_WORK_REQUIRED": "No", "FURTHERWORK_COMPLETED": "No", "WORK_ID": null, "PARALLEL_LINE_NO": null, "DISTANCE": null, "MAP_TOOLTIP": "18.38 - 200 SAN  4.35 % 2023 1", "HC_FID": 1991813, "SUBAREA": "O16", "DEPTH_AT_PL": null, "DEPTH_AT_PL_BELOW_CL": null, "OFFSET_DIRECTION": null, "OFFSET_FROM_PL": null, "DIAMETER_INSIDE": 200, "NAMENUMBER": null, "TO_MAIN_FID": null, "PERMIT_NUMBER": null, "STREET_NAME": "CAMBIE ST", "HUNDRED_BLOCK": "4000", "HCORACLEID": "__GO5PAJ", "AS_BUILT": "Yes", "LASTUPDATE_iso": "2026-02-28", "INSTALLDATE_iso": "2023-02-02", "TV_LAST_INSPECTION_DATE_iso": "2023-04-05"}, "geometry": {"type": "LineString", "coordinates": [[-123.11469690967418, 49.249581805192946], [-123.11470784945703, 49.249416668916034]]}}, {"type": "Feature", "properties": {"SHAPE_Length": 0.9939999990165234, "OBJECTID": 136647738, "COV_SOURCE_KEY": "490164", "LASTUPDATE": 1677227474000, "TBFID": 490164, "UNIT_DESCRIPTION": null, "INSTALLDATE": 1181199600000, "LANE_LOCATION": null, "PIPE_USE": "Main", "SERVICE_STATUS": "In Service", "EFFLUENT_TYPE": "Sanitary", "TB_LENGTH": 0.994, "GRADE": 0, "MATERIAL": "Polyvinyl Chloride", "VALIDATION_DATE": null, "BUN": null, "UPSTREAM_INVERT": 65.55, "UPSTRM_INVERT_ESTIMATED": "No", "DWNSTREAM_INVERT": 65.55, "DNSTRM_INVERT_ESTIMATED": "No", "RAMP_TYPE": null, "PIPE_SHAPE": "Round", "HEIGHT_MM": 0, "WIDTH_MM": 0, "SECTION_NAME": null, "FLOW_CATEGORY": "Gravity", "NORMAL_PRESSURE": 0, "LINING_MATERIAL": "blank", "ON_PILES": "No", "ON_SLAB": "No", "NFB_NOTATION": null, "DRAWING_NUMBER": null, "PP_NUMBER": null, "NFB_ELEVATION": 0, "NFB_TYPE": "blank", "WET_WEATHER_ONLY": "No", "REMARKS": null, "LEGACY_ID": "__FNKOIW", "SOIL_TYPE": "blank", "SOIL_CONDITION": "blank", "TYPE_OF_FILL": null, "OWNEDBY": "COVAV", "OPERATOR": "COVAV", "UNIT_ID": "1966684", "MAIN_KEY_1": 923067, "MAIN_COMP1": "72", "UNIT_ID_2": "404988", "MAIN_KEY_2": 10366, "MAIN_COMP2": 30, "COMPKEY": 374561, "MAIN_KEY": 14117, "COMPTYPE": 31, "UPDATED_BY": "ENHANMGETASK", "ADDRESS_KEY": 151546, "TB_AREA": "CBC07", "DISTRICT": "3", "FACET_GRID": "O16", "CONSTRUCTION_TECHNIQUE": "unknown", "CONNECTN_TYPE": null, "CONNECTN_CONDITION": "{null}", "DATE_OF_PERMIT": null, "SPECIAL_INSTRUCTIONS": null, "TV_CONDITION": "Very Good", "TV_LAST_INSPECTION_DATE": 1665039600000, "TV_INCOMPLETE": "No", "TV_NEXT_INSPECTED_DATE": null, "LAST_INSPECTED_OK": null, "DATE_LAST_CLEANING_REQ": null, "DT_LAST_CLEANED": null, "INSPECTED_USER_ID": null, "CLEAN_USER_ID": null, "FURTHER_WORK_REQUIRED": "No", "FURTHERWORK_COMPLETED": "No", "WORK_ID": null, "PARALLEL_LINE_NO": null, "DISTANCE": 1.14, "MAP_TOOLTIP": ".99 - 200 SAN n/a 0.00 % 2007 1", "HC_FID": null, "SUBAREA": "O16", "DEPTH_AT_PL": null, "DEPTH_AT_PL_BELOW_CL": null, "OFFSET_DIRECTION": null, "OFFSET_FROM_PL": null, "DIAMETER_INSIDE": 200, "NAMENUMBER": null, "TO_MAIN_FID": null, "PERMIT_NUMBER": null, "STREET_NAME": "W KING EDWARD AV", "HUNDRED_BLOCK": "500", "HCORACLEID": null, "AS_BUILT": "Yes", "LASTUPDATE_iso": "2023-02-24", "INSTALLDATE_iso": "2007-06-07", "TV_LAST_INSPECTION_DATE_iso": "2022-10-06"}, "geometry": {"type": "LineString", "coordinates": [[-123.11650242299342, 49.24891405484279], [-123.11650244403157, 49.248922996080026]]}}, {"type": "Feature", "properties": {"SHAPE_Length": 37.463239849137075, "OBJECTID": 136647869, "COV_SOURCE_KEY": "487219", "LASTUPDATE": 1669844052000, "TBFID": 487219, "UNIT_DESCRIPTION": null, "INSTALLDATE": 1163577600000, "LANE_LOCATION": "blank", "PIPE_USE": "Main", "SERVICE_STATUS": "In Service", "EFFLUENT_TYPE": "Sanitary", "TB_LENGTH": 37.46, "GRADE": 1.58, "MATERIAL": "Polyvinyl Chloride", "VALIDATION_DATE": null, "BUN": null, "UPSTREAM_INVERT": 56.26, "UPSTRM_INVERT_ESTIMATED": "No", "DWNSTREAM_INVERT": 55.67, "DNSTRM_INVERT_ESTIMATED": "No", "RAMP_TYPE": null, "PIPE_SHAPE": "Round", "HEIGHT_MM": 0, "WIDTH_MM": 0, "SECTION_NAME": null, "FLOW_CATEGORY": "Gravity", "NORMAL_PRESSURE": 0, "LINING_MATERIAL": "blank", "ON_PILES": "Yes", "ON_SLAB": "No", "NFB_NOTATION": null, "DRAWING_NUMBER": null, "PP_NUMBER": null, "NFB_ELEVATION": 0, "NFB_TYPE": "blank", "WET_WEATHER_ONLY": "No", "REMARKS": null, "LEGACY_ID": "__FNHP90", "SOIL_TYPE": "blank", "SOIL_CONDITION": "blank", "TYPE_OF_FILL": null, "OWNEDBY": "COVAV", "OPERATOR": null, "UNIT_ID": "417713", "MAIN_KEY_1": 24509, "MAIN_COMP1": "30", "UNIT_ID_2": "417711", "MAIN_KEY_2": 24507, "MAIN_COMP2": 30, "COMPKEY": 370292, "MAIN_KEY": 9909, "COMPTYPE": 31, "UPDATED_BY": "enaxy", "ADDRESS_KEY": 150497, "TB_AREA": "CBC07", "DISTRICT": "3", "FACET_GRID": "O15", "CONSTRUCTION_TECHNIQUE": "unknown", "CONNECTN_TYPE": null, "CONNECTN_CONDITION": "{null}", "DATE_OF_PERMIT": null, "SPECIAL_INSTRUCTIONS": null, "TV_CONDITION": "Very Good", "TV_LAST_INSPECTION_DATE": 1639641600000, "TV_INCOMPLETE": "No", "TV_NEXT_INSPECTED_DATE": null, "LAST_INSPECTED_OK": null, "DATE_LAST_CLEANING_REQ": null, "DT_LAST_CLEANED": null, "INSPECTED_USER_ID": null, "CLEAN_USER_ID": null, "FURTHER_WORK_REQUIRED": "No", "FURTHERWORK_COMPLETED": "No", "WORK_ID": null, "PARALLEL_LINE_NO": null, "DISTANCE": 37.46, "MAP_TOOLTIP": "37.46 - 200 SAN n/a 1.58 % 2006 1", "HC_FID": null, "SUBAREA": "O15", "DEPTH_AT_PL": null, "DEPTH_AT_PL_BELOW_CL": null, "OFFSET_DIRECTION": null, "OFFSET_FROM_PL": null, "DIAMETER_INSIDE": 200, "NAMENUMBER": null, "TO_MAIN_FID": null, "PERMIT_NUMBER": null, "STREET_NAME": "CAMBIE ST", "HUNDRED_BLOCK": "3500", "HCORACLEID": null, "AS_BUILT": "Yes", "LASTUPDATE_iso": "2022-11-30", "INSTALLDATE_iso": "2006-11-15", "TV_LAST_INSPECTION_DATE_iso": "2021-12-16"}, "geometry": {"type": "LineString", "coordinates": [[-123.11532422310961, 49.253696928169866], [-123.11531357466276, 49.25403384584451]]}}, {"type": "Feature", "properties": {"SHAPE_Length": 74.00624579771831, "OBJECTID": 136648094, "COV_SOURCE_KEY": "481881", "LASTUPDATE": 1723707019000, "TBFID": 481881, "UNIT_DESCRIPTION": null, "INSTALLDATE": 1184137200000, "LANE_LOCATION": null, "PIPE_USE": "Main", "SERVICE_STATUS": "In Service", "EFFLUENT_TYPE": "Sanitary", "TB_LENGTH": 74.01, "GRADE": 1.62, "MATERIAL": "Vitrified Clay", "VALIDATION_DATE": null, "BUN": null, "UPSTREAM_INVERT": 72.38, "UPSTRM_INVERT_ESTIMATED": "No", "DWNSTREAM_INVERT": 71.18, "DNSTRM_INVERT_ESTIMATED": "No", "RAMP_TYPE": null, "PIPE_SHAPE": "Round", "HEIGHT_MM": 0, "WIDTH_MM": 0, "SECTION_NAME": null, "FLOW_CATEGORY": "Gravity", "NORMAL_PRESSURE": 0, "LINING_MATERIAL": "blank", "ON_PILES": "No", "ON_SLAB": "No", "NFB_NOTATION": null, "DRAWING_NUMBER": null, "PP_NUMBER": null, "NFB_ELEVATION": 0, "NFB_TYPE": "blank", "WET_WEATHER_ONLY": "No", "REMARKS": null, "LEGACY_ID": "__FNG9N1", "SOIL_TYPE": "blank", "SOIL_CONDITION": "blank", "TYPE_OF_FILL": null, "OWNEDBY": "COVAV", "OPERATOR": null, "UNIT_ID": "404022", "MAIN_KEY_1": 10121, "MAIN_COMP1": "30", "UNIT_ID_2": "408720", "MAIN_KEY_2": 15107, "MAIN_COMP2": 30, "COMPKEY": 359297, "MAIN_KEY": 2501, "COMPTYPE": 31, "UPDATED_BY": "ENHANMGETASK", "ADDRESS_KEY": 157447, "TB_AREA": "CBC07", "DISTRICT": "3", "FACET_GRID": "P17", "CONSTRUCTION_TECHNIQUE": "unknown", "CONNECTN_TYPE": null, "CONNECTN_CONDITION": "{null}", "DATE_OF_PERMIT": null, "SPECIAL_INSTRUCTIONS": null, "TV_CONDITION": "Good/Fair", "TV_LAST_INSPECTION_DATE": 1653030000000, "TV_INCOMPLETE": "No", "TV_NEXT_INSPECTED_DATE": null, "LAST_INSPECTED_OK": null, "DATE_LAST_CLEANING_REQ": null, "DT_LAST_CLEANED": 1294646400000, "INSPECTED_USER_ID": null, "CLEAN_USER_ID": null, "FURTHER_WORK_REQUIRED": "No", "FURTHERWORK_COMPLETED": "No", "WORK_ID": "78293", "PARALLEL_LINE_NO": null, "DISTANCE": 74.06, "MAP_TOOLTIP": "74.01 - 200 SAN n/a 1.62 % 2007 3", "HC_FID": null, "SUBAREA": "P17", "DEPTH_AT_PL": null, "DEPTH_AT_PL_BELOW_CL": null, "OFFSET_DIRECTION": null, "OFFSET_FROM_PL": null, "DIAMETER_INSIDE": 200, "NAMENUMBER": null, "TO_MAIN_FID": null, "PERMIT_NUMBER": null, "STREET_NAME": "CLANCY LORANGER WAY", "HUNDRED_BLOCK": "4500", "HCORACLEID": null, "AS_BUILT": "Yes", "LASTUPDATE_iso": "2024-08-15", "INSTALLDATE_iso": "2007-07-11", "TV_LAST_INSPECTION_DATE_iso": "2022-05-20", "DT_LAST_CLEANED_iso": "2011-01-10"}, "geometry": {"type": "LineString", "coordinates": [[-123.10899615169971, 49.24312542709552], [-123.1080540833994, 49.24337587593359]]}}, {"type": "Feature", "properties": {"SHAPE_Length": 81.99464747226507, "OBJECTID": 136648601, "COV_SOURCE_KEY": "483377", "LASTUPDATE": 1669844050000, "TBFID": 483377, "UNIT_DESCRIPTION": null, "INSTALLDATE": 347184000000, "LANE_LOCATION": null, "PIPE_USE": "Main", "SERVICE_STATUS": "In Service", "EFFLUENT_TYPE": "Sanitary", "TB_LENGTH": 79.24, "GRADE": 0.58, "MATERIAL": "Polyvinyl Chloride", "VALIDATION_DATE": null, "BUN": null, "UPSTREAM_INVERT": 53.62, "UPSTRM_INVERT_ESTIMATED": "No", "DWNSTREAM_INVERT": 53.16, "DNSTRM_INVERT_ESTIMATED": "No", "RAMP_TYPE": null, "PIPE_SHAPE": "Round", "HEIGHT_MM": 0, "WIDTH_MM": 0, "SECTION_NAME": null, "FLOW_CATEGORY": "Gravity", "NORMAL_PRESSURE": 0, "LINING_MATERIAL": "blank", "ON_PILES": "No", "ON_SLAB": "No", "NFB_NOTATION": null, "DRAWING_NUMBER": null, "PP_NUMBER": "E55", "NFB_ELEVATION": 0, "NFB_TYPE": "blank", "WET_WEATHER_ONLY": "No", "REMARKS": null, "LEGACY_ID": "__FJC3S6", "SOIL_TYPE": "blank", "SOIL_CONDITION": "blank", "TYPE_OF_FILL": null, "OWNEDBY": "COVAV", "OPERATOR": null, "UNIT_ID": "426096", "MAIN_KEY_1": 31908, "MAIN_COMP1": "30", "UNIT_ID_2": "404517", "MAIN_KEY_2": 10256, "MAIN_COMP2": 30, "COMPKEY": 361958, "MAIN_KEY": 5161, "COMPTYPE": 31, "UPDATED_BY": "enaxy", "ADDRESS_KEY": 151243, "TB_AREA": "CBC07", "DISTRICT": "3", "FACET_GRID": " ", "CONSTRUCTION_TECHNIQUE": "unknown", "CONNECTN_TYPE": null, "CONNECTN_CONDITION": "{null}", "DATE_OF_PERMIT": null, "SPECIAL_INSTRUCTIONS": null, "TV_CONDITION": "Good", "TV_LAST_INSPECTION_DATE": 1662793200000, "TV_INCOMPLETE": "No", "TV_NEXT_INSPECTED_DATE": null, "LAST_INSPECTED_OK": null, "DATE_LAST_CLEANING_REQ": null, "DT_LAST_CLEANED": null, "INSPECTED_USER_ID": null, "CLEAN_USER_ID": null, "FURTHER_WORK_REQUIRED": "No", "FURTHERWORK_COMPLETED": "No", "WORK_ID": null, "PARALLEL_LINE_NO": null, "DISTANCE": 81.99, "MAP_TOOLTIP": "79.24 - 200 SAN n/a 0.58 % 1981 2", "HC_FID": null, "SUBAREA": " ", "DEPTH_AT_PL": null, "DEPTH_AT_PL_BELOW_CL": null, "OFFSET_DIRECTION": null, "OFFSET_FROM_PL": null, "DIAMETER_INSIDE": 200, "NAMENUMBER": null, "TO_MAIN_FID": null, "PERMIT_NUMBER": null, "STREET_NAME": "ASH ST", "HUNDRED_BLOCK": "3300", "HCORACLEID": null, "AS_BUILT": "Yes", "LASTUPDATE_iso": "2022-11-30", "INSTALLDATE_iso": "1981-01-01", "TV_LAST_INSPECTION_DATE_iso": "2022-09-10"}, "geometry": {"type": "LineString", "coordinates": [[-123.11709152062954, 49.25519446508182], [-123.11815260631593, 49.25521852649204], [-123.1182175585327, 49.25522109565089]]}}, {"type": "Feature", "properties": {"SHAPE_Length": 1.45573967494389, "OBJECTID": 136649264, "COV_SOURCE_KEY": "482505", "LASTUPDATE": 1677227476000, "TBFID": 482505, "UNIT_DESCRIPTION": null, "INSTALLDATE": 757411200000, "LANE_LOCATION": "blank", "PIPE_USE": "Main", "SERVICE_STATUS": "In Service", "EFFLUENT_TYPE": "Sanitary", "TB_LENGTH": 1.45573967, "GRADE": 0, "MATERIAL": "Vitrified Clay", "VALIDATION_DATE": null, "BUN": null, "UPSTREAM_INVERT": 0, "UPSTRM_INVERT_ESTIMATED": "No", "DWNSTREAM_INVERT": 0, "DNSTRM_INVERT_ESTIMATED": "No", "RAMP_TYPE": null, "PIPE_SHAPE": "blank", "HEIGHT_MM": 0, "WIDTH_MM": 0, "SECTION_NAME": null, "FLOW_CATEGORY": "Gravity", "NORMAL_PRESSURE": 0, "LINING_MATERIAL": "blank", "ON_PILES": "No", "ON_SLAB": "No", "NFB_NOTATION": null, "DRAWING_NUMBER": null, "PP_NUMBER": "S135", "NFB_ELEVATION": 0, "NFB_TYPE": "blank", "WET_WEATHER_ONLY": "No", "REMARKS": null, "LEGACY_ID": "__FJBXPJ", "SOIL_TYPE": "blank", "SOIL_CONDITION": "blank", "TYPE_OF_FILL": null, "OWNEDBY": "COVAV", "OPERATOR": "COVAV", "UNIT_ID": "2073019", "MAIN_KEY_1": 983030, "MAIN_COMP1": "72", "UNIT_ID_2": "426203", "MAIN_KEY_2": 32302, "MAIN_COMP2": 30, "COMPKEY": 361091, "MAIN_KEY": 4295, "COMPTYPE": 31, "UPDATED_BY": "ENHANMGETASK", "ADDRESS_KEY": 155835, "TB_AREA": "CBC07", "DISTRICT": "3", "FACET_GRID": "O14", "CONSTRUCTION_TECHNIQUE": "unknown", "CONNECTN_TYPE": null, "CONNECTN_CONDITION": "{null}", "DATE_OF_PERMIT": null, "SPECIAL_INSTRUCTIONS": null, "TV_CONDITION": "Very Good", "TV_LAST_INSPECTION_DATE": 1666162800000, "TV_INCOMPLETE": "No", "TV_NEXT_INSPECTED_DATE": null, "LAST_INSPECTED_OK": null, "DATE_LAST_CLEANING_REQ": null, "DT_LAST_CLEANED": null, "INSPECTED_USER_ID": null, "CLEAN_USER_ID": null, "FURTHER_WORK_REQUIRED": "No", "FURTHERWORK_COMPLETED": "No", "WORK_ID": null, "PARALLEL_LINE_NO": null, "DISTANCE": 0, "MAP_TOOLTIP": "1.46 - 200 SAN n/a 0.00 % 1994 1", "HC_FID": null, "SUBAREA": "O14", "DEPTH_AT_PL": null, "DEPTH_AT_PL_BELOW_CL": null, "OFFSET_DIRECTION": null, "OFFSET_FROM_PL": null, "DIAMETER_INSIDE": 200, "NAMENUMBER": null, "TO_MAIN_FID": null, "PERMIT_NUMBER": null, "STREET_NAME": "TUPPER ST", "HUNDRED_BLOCK": "3200", "HCORACLEID": null, "AS_BUILT": "Yes", "LASTUPDATE_iso": "2023-02-24", "INSTALLDATE_iso": "1994-01-01", "TV_LAST_INSPECTION_DATE_iso": "2022-10-19"}, "geometry": {"type": "LineString", "coordinates": [[-123.11603044918812, 49.25604374875405], [-123.11603463812814, 49.256030944351004]]}}, {"type": "Feature", "properties": {"SHAPE_Length": 164.3156629054669, "OBJECTID": 136649296, "COV_SOURCE_KEY": "2051073", "LASTUPDATE": 1788993763000, "TBFID": 2051073, "UNIT_DESCRIPTION": null, "INSTALLDATE": 1654066800000, "LANE_LOCATION": null, "PIPE_USE": "Main", "SERVICE_STATUS": "In Service", "EFFLUENT_TYPE": "Sanitary", "TB_LENGTH": 164.31566291, "GRADE": 0.57, "MATERIAL": "Polyvinyl Chloride", "VALIDATION_DATE": null, "BUN": null, "UPSTREAM_INVERT": 66.12, "UPSTRM_INVERT_ESTIMATED": "No", "DWNSTREAM_INVERT": 65.19, "DNSTRM_INVERT_ESTIMATED": "No", "RAMP_TYPE": null, "PIPE_SHAPE": null, "HEIGHT_MM": null, "WIDTH_MM": null, "SECTION_NAME": null, "FLOW_CATEGORY": "Gravity", "NORMAL_PRESSURE": null, "LINING_MATERIAL": null, "ON_PILES": null, "ON_SLAB": null, "NFB_NOTATION": null, "DRAWING_NUMBER": "DB3621", "PP_NUMBER": null, "NFB_ELEVATION": null, "NFB_TYPE": null, "WET_WEATHER_ONLY": null, "REMARKS": "PROPOSED SEWERS SEE DB3621", "LEGACY_ID": "__H0AD5L", "SOIL_TYPE": null, "SOIL_CONDITION": null, "TYPE_OF_FILL": null, "OWNEDBY": "COVAV", "OPERATOR": "COVAV", "UNIT_ID": "2051117", "MAIN_KEY_1": 963443, "MAIN_COMP1": "30", "UNIT_ID_2": "2051121", "MAIN_KEY_2": 963444, "MAIN_COMP2": 30, "COMPKEY": 963445, "MAIN_KEY": 61882, "COMPTYPE": 31, "UPDATED_BY": "RUH8023", "ADDRESS_KEY": 156145, "TB_AREA": "CBC06", "DISTRICT": "3", "FACET_GRID": "N16", "CONSTRUCTION_TECHNIQUE": null, "CONNECTN_TYPE": null, "CONNECTN_CONDITION": null, "DATE_OF_PERMIT": null, "SPECIAL_INSTRUCTIONS": null, "TV_CONDITION": null, "TV_LAST_INSPECTION_DATE": null, "TV_INCOMPLETE": null, "TV_NEXT_INSPECTED_DATE": null, "LAST_INSPECTED_OK": null, "DATE_LAST_CLEANING_REQ": null, "DT_LAST_CLEANED": null, "INSPECTED_USER_ID": null, "CLEAN_USER_ID": null, "FURTHER_WORK_REQUIRED": null, "FURTHERWORK_COMPLETED": null, "WORK_ID": null, "PARALLEL_LINE_NO": null, "DISTANCE": null, "MAP_TOOLTIP": "164.32 - 250 SAN  0.57 % 2022 ", "HC_FID": 2051073, "SUBAREA": "N16", "DEPTH_AT_PL": null, "DEPTH_AT_PL_BELOW_CL": null, "OFFSET_DIRECTION": null, "OFFSET_FROM_PL": null, "DIAMETER_INSIDE": 250, "NAMENUMBER": null, "TO_MAIN_FID": null, "PERMIT_NUMBER": null, "STREET_NAME": "W 29TH AV", "HUNDRED_BLOCK": "1000", "HCORACLEID": "__H0AD5M", "AS_BUILT": "Yes", "LASTUPDATE_iso": "2026-09-09", "INSTALLDATE_iso": "2022-06-01"}, "geometry": {"type": "LineString", "coordinates": [[-123.13067311411544, 49.24543042426395], [-123.12841597888819, 49.24539967280338]]}}, {"type": "Feature", "properties": {"SHAPE_Length": 1.9987295961785627, "OBJECTID": 136650996, "COV_SOURCE_KEY": "497404", "LASTUPDATE": 1709627430000, "TBFID": 497404, "UNIT_DESCRIPTION": null, "INSTALLDATE": 473414400000, "LANE_LOCATION": null, "PIPE_USE": "Main", "SERVICE_STATUS": "In Service", "EFFLUENT_TYPE": "Sanitary", "TB_LENGTH": 2, "GRADE": 0, "MATERIAL": "blank", "VALIDATION_DATE": null, "BUN": null, "UPSTREAM_INVERT": 55.48, "UPSTRM_INVERT_ESTIMATED": "No", "DWNSTREAM_INVERT": 55.48, "DNSTRM_INVERT_ESTIMATED": "No", "RAMP_TYPE": null, "PIPE_SHAPE": "blank", "HEIGHT_MM": 0, "WIDTH_MM": 0, "SECTION_NAME": null, "FLOW_CATEGORY": "Gravity", "NORMAL_PRESSURE": 0, "LINING_MATERIAL": "blank", "ON_PILES": "No", "ON_SLAB": "No", "NFB_NOTATION": null, "DRAWING_NUMBER": null, "PP_NUMBER": "N28", "NFB_ELEVATION": 0, "NFB_TYPE": "blank", "WET_WEATHER_ONLY": "No", "REMARKS": null, "LEGACY_ID": "__FJBZGW", "SOIL_TYPE": "blank", "SOIL_CONDITION": "blank", "TYPE_OF_FILL": null, "OWNEDBY": "COVAV", "OPERATOR": " ", "UNIT_ID": "417717", "MAIN_KEY_1": 24513, "MAIN_COMP1": "30", "UNIT_ID_2": "426087", "MAIN_KEY_2": 31899, "MAIN_COMP2": 30, "COMPKEY": 383978, "MAIN_KEY": 23534, "COMPTYPE": 31, "UPDATED_BY": "ENHANMGETASK", "ADDRESS_KEY": 148540, "TB_AREA": "CBC07", "DISTRICT": "3", "FACET_GRID": "O14", "CONSTRUCTION_TECHNIQUE": "unknown", "CONNECTN_TYPE": null, "CONNECTN_CONDITION": null, "DATE_OF_PERMIT": null, "SPECIAL_INSTRUCTIONS": null, "TV_CONDITION": "Poor", "TV_LAST_INSPECTION_DATE": 1698044400000, "TV_INCOMPLETE": "No", "TV_NEXT_INSPECTED_DATE": null, "LAST_INSPECTED_OK": null, "DATE_LAST_CLEANING_REQ": null, "DT_LAST_CLEANED": null, "INSPECTED_USER_ID": null, "CLEAN_USER_ID": null, "FURTHER_WORK_REQUIRED": "No", "FURTHERWORK_COMPLETED": "No", "WORK_ID": null, "PARALLEL_LINE_NO": null, "DISTANCE": 0, "MAP_TOOLTIP": "2 - 200 SAN n/a 0.00 % 1985 5", "HC_FID": null, "SUBAREA": "O14", "DEPTH_AT_PL": null, "DEPTH_AT_PL_BELOW_CL": null, "OFFSET_DIRECTION": null, "OFFSET_FROM_PL": null, "DIAMETER_INSIDE": 200, "NAMENUMBER": null, "TO_MAIN_FID": null, "PERMIT_NUMBER": null, "STREET_NAME": "TUPPER ST", "HUNDRED_BLOCK": "3400", "HCORACLEID": null, "AS_BUILT": "Yes", "LASTUPDATE_iso": "2024-03-05", "INSTALLDATE_iso": "1985-01-01", "TV_LAST_INSPECTION_DATE_iso": "2023-10-23"}, "geometry": {"type": "LineString", "coordinates": [[-123.11606411773118, 49.254267518784935], [-123.11606481766205, 49.254249545629314]]}}, {"type": "Feature", "properties": {"SHAPE_Length": 0.42445494436519726, "OBJECTID": 136651431, "COV_SOURCE_KEY": "490389", "LASTUPDATE": 1651735831000, "TBFID": 490389, "UNIT_DESCRIPTION": "200 BLEEDER", "INSTALLDATE": 599644800000, "LANE_LOCATION": "Lane East", "PIPE_USE": "Main", "SERVICE_STATUS": "In Service", "EFFLUENT_TYPE": "Sanitary", "TB_LENGTH": 0.42445494, "GRADE": 0, "MATERIAL": "blank", "VALIDATION_DATE": null, "BUN": null, "UPSTREAM_INVERT": 0, "UPSTRM_INVERT_ESTIMATED": "No", "DWNSTREAM_INVERT": 0, "DNSTRM_INVERT_ESTIMATED": "No", "RAMP_TYPE": null, "PIPE_SHAPE": "Round", "HEIGHT_MM": 0, "WIDTH_MM": 0, "SECTION_NAME": null, "FLOW_CATEGORY": "Gravity", "NORMAL_PRESSURE": 0, "LINING_MATERIAL": "blank", "ON_PILES": "No", "ON_SLAB": "No", "NFB_NOTATION": null, "DRAWING_NUMBER": null, "PP_NUMBER": "E31", "NFB_ELEVATION": 0, "NFB_TYPE": "blank", "WET_WEATHER_ONLY": "No", "REMARKS": null, "LEGACY_ID": "__FJC3U5", "SOIL_TYPE": "blank", "SOIL_CONDITION": "blank", "TYPE_OF_FILL": null, "OWNEDBY": "COVAV", "OPERATOR": "COVAV", "UNIT_ID": "426090", "MAIN_KEY_1": 31902, "MAIN_COMP1": "30", "UNIT_ID_2": "426091", "MAIN_KEY_2": 31903, "MAIN_COMP2": 30, "COMPKEY": 374630, "MAIN_KEY": 14186, "COMPTYPE": 31, "UPDATED_BY": "ENHANMGETASK", "ADDRESS_KEY": 152485, "TB_AREA": "CBC07", "DISTRICT": "3", "FACET_GRID": " ", "CONSTRUCTION_TECHNIQUE": "unknown", "CONNECTN_TYPE": null, "CONNECTN_CONDITION": "{null}", "DATE_OF_PERMIT": null, "SPECIAL_INSTRUCTIONS": null, "TV_CONDITION": "Very Good", "TV_LAST_INSPECTION_DATE": 1649487600000, "TV_INCOMPLETE": "No", "TV_NEXT_INSPECTED_DATE": null, "LAST_INSPECTED_OK": null, "DATE_LAST_CLEANING_REQ": null, "DT_LAST_CLEANED": null, "INSPECTED_USER_ID": null, "CLEAN_USER_ID": null, "FURTHER_WORK_REQUIRED": "No", "FURTHERWORK_COMPLETED": "No", "WORK_ID": null, "PARALLEL_LINE_NO": null, "DISTANCE": 0.4, "MAP_TOOLTIP": ".42 - 200 SAN n/a 0.00 % 1989 1", "HC_FID": null, "SUBAREA": " ", "DEPTH_AT_PL": null, "DEPTH_AT_PL_BELOW_CL": null, "OFFSET_DIRECTION": null, "OFFSET_FROM_PL": null, "DIAMETER_INSIDE": 200, "NAMENUMBER": null, "TO_MAIN_FID": null, "PERMIT_NUMBER": null, "STREET_NAME": "YUKON ST", "HUNDRED_BLOCK": "3400", "HCORACLEID": null, "AS_BUILT": "Yes", "LASTUPDATE_iso": "2022-05-05", "INSTALLDATE_iso": "1989-01-01", "TV_LAST_INSPECTION_DATE_iso": "2022-04-09"}, "geometry": {"type": "LineString", "coordinates": [[-123.1125261923837, 49.25436487482038], [-123.11253043271961, 49.254362253081126]]}}, {"type": "Feature", "properties": {"SHAPE_Length": 3.911650419208109, "OBJECTID": 136651579, "COV_SOURCE_KEY": "494956", "LASTUPDATE": 1642021720000, "TBFID": 494956, "UNIT_DESCRIPTION": "HCLAY/SANDSTONE", "INSTALLDATE": 757411200000, "LANE_LOCATION": null, "PIPE_USE": "Main", "SERVICE_STATUS": "In Service", "EFFLUENT_TYPE": "Sanitary", "TB_LENGTH": 3.91165042, "GRADE": 0, "MATERIAL": "blank", "VALIDATION_DATE": null, "BUN": null, "UPSTREAM_INVERT": 0, "UPSTRM_INVERT_ESTIMATED": "No", "DWNSTREAM_INVERT": 0, "DNSTRM_INVERT_ESTIMATED": "No", "RAMP_TYPE": null, "PIPE_SHAPE": "Round", "HEIGHT_MM": 0, "WIDTH_MM": 0, "SECTION_NAME": null, "FLOW_CATEGORY": "Gravity", "NORMAL_PRESSURE": 0, "LINING_MATERIAL": "blank", "ON_PILES": "No", "ON_SLAB": "No", "NFB_NOTATION": null, "DRAWING_NUMBER": null, "PP_NUMBER": "E55", "NFB_ELEVATION": 0, "NFB_TYPE": "blank", "WET_WEATHER_ONLY": "No", "REMARKS": null, "LEGACY_ID": "__FJCF1B", "SOIL_TYPE": "HARD CLAY", "SOIL_CONDITION": "blank", "TYPE_OF_FILL": null, "OWNEDBY": "COVAV", "OPERATOR": "COVAV", "UNIT_ID": "132195", "MAIN_KEY_1": 355090, "MAIN_COMP1": "32", "UNIT_ID_2": "408391", "MAIN_KEY_2": 14634, "MAIN_COMP2": 30, "COMPKEY": 380265, "MAIN_KEY": 19821, "COMPTYPE": 31, "UPDATED_BY": "PEN31", "ADDRESS_KEY": 153701, "TB_AREA": "CBC07", "DISTRICT": "3", "FACET_GRID": "O14", "CONSTRUCTION_TECHNIQUE": "unknown", "CONNECTN_TYPE": null, "CONNECTN_CONDITION": null, "DATE_OF_PERMIT": null, "SPECIAL_INSTRUCTIONS": null, "TV_CONDITION": null, "TV_LAST_INSPECTION_DATE": null, "TV_INCOMPLETE": "No", "TV_NEXT_INSPECTED_DATE": null, "LAST_INSPECTED_OK": null, "DATE_LAST_CLEANING_REQ": null, "DT_LAST_CLEANED": null, "INSPECTED_USER_ID": null, "CLEAN_USER_ID": null, "FURTHER_WORK_REQUIRED": "No", "FURTHERWORK_COMPLETED": "No", "WORK_ID": null, "PARALLEL_LINE_NO": null, "DISTANCE": 3.8, "MAP_TOOLTIP": "3.91 - 200 SAN n/a 0.00 % 1994 ", "HC_FID": null, "SUBAREA": "O14", "DEPTH_AT_PL": null, "DEPTH_AT_PL_BELOW_CL": null, "OFFSET_DIRECTION": null, "OFFSET_FROM_PL": null, "DIAMETER_INSIDE": 200, "NAMENUMBER": null, "TO_MAIN_FID": null, "PERMIT_NUMBER": null, "STREET_NAME": "W 18TH AV", "HUNDRED_BLOCK": "600", "HCORACLEID": null, "AS_BUILT": "Yes", "LASTUPDATE_iso": "2022-01-12", "INSTALLDATE_iso": "1994-01-01"}, "geometry": {"type": "LineString", "coordinates": [[-123.12009561333959, 49.255245946533805], [-123.12014927191463, 49.25524383983567]]}}, {"type": "Feature", "properties": {"SHAPE_Length": 1.4230000004172325, "OBJECTID": 136651696, "COV_SOURCE_KEY": "496468", "LASTUPDATE": null, "TBFID": 496468, "UNIT_DESCRIPTION": "CLOSED RAMP", "INSTALLDATE": 1195977600000, "LANE_LOCATION": null, "PIPE_USE": "Main", "SERVICE_STATUS": "In Service", "EFFLUENT_TYPE": "Sanitary", "TB_LENGTH": 1.42, "GRADE": 0, "MATERIAL": "blank", "VALIDATION_DATE": null, "BUN": null, "UPSTREAM_INVERT": 68.31, "UPSTRM_INVERT_ESTIMATED": "No", "DWNSTREAM_INVERT": 68.31, "DNSTRM_INVERT_ESTIMATED": "No", "RAMP_TYPE": null, "PIPE_SHAPE": "Round", "HEIGHT_MM": 0, "WIDTH_MM": 0, "SECTION_NAME": null, "FLOW_CATEGORY": "Gravity", "NORMAL_PRESSURE": 0, "LINING_MATERIAL": "blank", "ON_PILES": "No", "ON_SLAB": "No", "NFB_NOTATION": null, "DRAWING_NUMBER": null, "PP_NUMBER": null, "NFB_ELEVATION": 0, "NFB_TYPE": "blank", "WET_WEATHER_ONLY": "No", "REMARKS": null, "LEGACY_ID": "__FNJOY9", "SOIL_TYPE": "blank", "SOIL_CONDITION": "blank", "TYPE_OF_FILL": null, "OWNEDBY": "COVAV", "OPERATOR": " ", "UNIT_ID": "410780", "MAIN_KEY_1": 16738, "MAIN_COMP1": "30", "UNIT_ID_2": "410780", "MAIN_KEY_2": 16738, "MAIN_COMP2": 30, "COMPKEY": 383069, "MAIN_KEY": 22625, "COMPTYPE": 31, "UPDATED_BY": "covDBimport", "ADDRESS_KEY": 149345, "TB_AREA": "CBC07", "DISTRICT": "3", "FACET_GRID": "O16", "CONSTRUCTION_TECHNIQUE": "unknown", "CONNECTN_TYPE": null, "CONNECTN_CONDITION": null, "DATE_OF_PERMIT": null, "SPECIAL_INSTRUCTIONS": null, "TV_CONDITION": null, "TV_LAST_INSPECTION_DATE": null, "TV_INCOMPLETE": "No", "TV_NEXT_INSPECTED_DATE": null, "LAST_INSPECTED_OK": null, "DATE_LAST_CLEANING_REQ": null, "DT_LAST_CLEANED": null, "INSPECTED_USER_ID": null, "CLEAN_USER_ID": null, "FURTHER_WORK_REQUIRED": "No", "FURTHERWORK_COMPLETED": "No", "WORK_ID": null, "PARALLEL_LINE_NO": null, "DISTANCE": 1.42, "MAP_TOOLTIP": "1.42 - 200 SAN n/a 0.00 % 2007 ", "HC_FID": null, "SUBAREA": "O16", "DEPTH_AT_PL": null, "DEPTH_AT_PL_BELOW_CL": null, "OFFSET_DIRECTION": null, "OFFSET_FROM_PL": null, "DIAMETER_INSIDE": 200, "NAMENUMBER": null, "TO_MAIN_FID": null, "PERMIT_NUMBER": null, "STREET_NAME": "W KING EDWARD AV", "HUNDRED_BLOCK": "600", "HCORACLEID": null, "AS_BUILT": "Yes", "INSTALLDATE_iso": "2007-11-25"}, "geometry": {"type": "LineString", "coordinates": [[-123.11847064244083, 49.24895276576489], [-123.11845108967923, 49.24895278581304]]}}, {"type": "Feature", "properties": {"SHAPE_Length": 1.5397642676587524, "OBJECTID": 136651725, "COV_SOURCE_KEY": "498550", "LASTUPDATE": 1706643856000, "TBFID": 498550, "UNIT_DESCRIPTION": null, "INSTALLDATE": 599644800000, "LANE_LOCATION": "Lane South", "PIPE_USE": "Main", "SERVICE_STATUS": "In Service", "EFFLUENT_TYPE": "Sanitary", "TB_LENGTH": 1.54, "GRADE": 0, "MATERIAL": "blank", "VALIDATION_DATE": null, "BUN": null, "UPSTREAM_INVERT": 0, "UPSTRM_INVERT_ESTIMATED": "No", "DWNSTREAM_INVERT": 0, "DNSTRM_INVERT_ESTIMATED": "No", "RAMP_TYPE": null, "PIPE_SHAPE": "Round", "HEIGHT_MM": 0, "WIDTH_MM": 0, "SECTION_NAME": null, "FLOW_CATEGORY": "Gravity", "NORMAL_PRESSURE": 0, "LINING_MATERIAL": "blank", "ON_PILES": "No", "ON_SLAB": "No", "NFB_NOTATION": null, "DRAWING_NUMBER": null, "PP_NUMBER": "S64", "NFB_ELEVATION": 0, "NFB_TYPE": "blank", "WET_WEATHER_ONLY": "No", "REMARKS": null, "LEGACY_ID": "__FJCFGM", "SOIL_TYPE": "blank", "SOIL_CONDITION": "blank", "TYPE_OF_FILL": null, "OWNEDBY": "COVAV", "OPERATOR": "COVAV", "UNIT_ID": "397739", "MAIN_KEY_1": 3934, "MAIN_COMP1": "30", "UNIT_ID_2": "396577", "MAIN_KEY_2": 2724, "MAIN_COMP2": 30, "COMPKEY": 384669, "MAIN_KEY": 24225, "COMPTYPE": 31, "UPDATED_BY": "PEN31", "ADDRESS_KEY": 156286, "TB_AREA": "CBC07", "DISTRICT": "3", "FACET_GRID": "O14", "CONSTRUCTION_TECHNIQUE": "unknown", "CONNECTN_TYPE": null, "CONNECTN_CONDITION": "{null}", "DATE_OF_PERMIT": null, "SPECIAL_INSTRUCTIONS": null, "TV_CONDITION": "Very Good", "TV_LAST_INSPECTION_DATE": 1698044400000, "TV_INCOMPLETE": "No", "TV_NEXT_INSPECTED_DATE": null, "LAST_INSPECTED_OK": null, "DATE_LAST_CLEANING_REQ": null, "DT_LAST_CLEANED": null, "INSPECTED_USER_ID": null, "CLEAN_USER_ID": null, "FURTHER_WORK_REQUIRED": "No", "FURTHERWORK_COMPLETED": "No", "WORK_ID": null, "PARALLEL_LINE_NO": "2", "DISTANCE": 0, "MAP_TOOLTIP": "1.54 - 200 SAN n/a 0.00 % 1989 1", "HC_FID": null, "SUBAREA": "O14", "DEPTH_AT_PL": null, "DEPTH_AT_PL_BELOW_CL": null, "OFFSET_DIRECTION": null, "OFFSET_FROM_PL": null, "DIAMETER_INSIDE": 200, "NAMENUMBER": null, "TO_MAIN_FID": null, "PERMIT_NUMBER": null, "STREET_NAME": "W 17TH AV", "HUNDRED_BLOCK": "400", "HCORACLEID": null, "AS_BUILT": "Yes", "LASTUPDATE_iso": "2024-01-30", "INSTALLDATE_iso": "1989-01-01", "TV_LAST_INSPECTION_DATE_iso": "2023-10-23"}, "geometry": {"type": "LineString", "coordinates": [[-123.11270383313361, 49.255323367285335], [-123.11268492329185, 49.25531715204261]]}}, {"type": "Feature", "properties": {"SHAPE_Length": 5.052227232383441, "OBJECTID": 136651999, "COV_SOURCE_KEY": "505731", "LASTUPDATE": 1657783820000, "TBFID": 505731, "UNIT_DESCRIPTION": null, "INSTALLDATE": 757411200000, "LANE_LOCATION": "Lane South", "PIPE_USE": "Main", "SERVICE_STATUS": "In Service", "EFFLUENT_TYPE": "Sanitary", "TB_LENGTH": 5.05222723, "GRADE": 0, "MATERIAL": "blank", "VALIDATION_DATE": null, "BUN": null, "UPSTREAM_INVERT": 0, "UPSTRM_INVERT_ESTIMATED": "No", "DWNSTREAM_INVERT": 0, "DNSTRM_INVERT_ESTIMATED": "No", "RAMP_TYPE": null, "PIPE_SHAPE": "Round", "HEIGHT_MM": 0, "WIDTH_MM": 0, "SECTION_NAME": null, "FLOW_CATEGORY": "Gravity", "NORMAL_PRESSURE": 0, "LINING_MATERIAL": "blank", "ON_PILES": "No", "ON_SLAB": "No", "NFB_NOTATION": null, "DRAWING_NUMBER": null, "PP_NUMBER": "E31", "NFB_ELEVATION": 0, "NFB_TYPE": "blank", "WET_WEATHER_ONLY": "No", "REMARKS": null, "LEGACY_ID": "__FJCF2G", "SOIL_TYPE": "SOFT CLAY", "SOIL_CONDITION": "blank", "TYPE_OF_FILL": null, "OWNEDBY": "COVAV", "OPERATOR": null, "UNIT_ID": "418743", "MAIN_KEY_1": 26306, "MAIN_COMP1": "30", "UNIT_ID_2": "133131", "MAIN_KEY_2": 356337, "MAIN_COMP2": 32, "COMPKEY": 395241, "MAIN_KEY": 34797, "COMPTYPE": 31, "UPDATED_BY": "ENHANMGETASK", "ADDRESS_KEY": 154493, "TB_AREA": "CBC07", "DISTRICT": "3", "FACET_GRID": "O14", "CONSTRUCTION_TECHNIQUE": "unknown", "CONNECTN_TYPE": null, "CONNECTN_CONDITION": "{null}", "DATE_OF_PERMIT": null, "SPECIAL_INSTRUCTIONS": null, "TV_CONDITION": "Very Good", "TV_LAST_INSPECTION_DATE": 1654844400000, "TV_INCOMPLETE": "No", "TV_NEXT_INSPECTED_DATE": null, "LAST_INSPECTED_OK": null, "DATE_LAST_CLEANING_REQ": null, "DT_LAST_CLEANED": null, "INSPECTED_USER_ID": null, "CLEAN_USER_ID": null, "FURTHER_WORK_REQUIRED": "No", "FURTHERWORK_COMPLETED": "No", "WORK_ID": null, "PARALLEL_LINE_NO": null, "DISTANCE": 5, "MAP_TOOLTIP": "5.05 - 200 SAN n/a 0.00 % 1994 1", "HC_FID": null, "SUBAREA": "O14", "DEPTH_AT_PL": null, "DEPTH_AT_PL_BELOW_CL": null, "OFFSET_DIRECTION": null, "OFFSET_FROM_PL": null, "DIAMETER_INSIDE": 200, "NAMENUMBER": null, "TO_MAIN_FID": null, "PERMIT_NUMBER": null, "STREET_NAME": "W 18TH AV", "HUNDRED_BLOCK": "400", "HCORACLEID": null, "AS_BUILT": "Yes", "LASTUPDATE_iso": "2022-07-14", "INSTALLDATE_iso": "1994-01-01", "TV_LAST_INSPECTION_DATE_iso": "2022-06-10"}, "geometry": {"type": "LineString", "coordinates": [[-123.11273939194773, 49.254391337810745], [-123.11266999160789, 49.25439005622656]]}}, {"type": "Feature", "properties": {"SHAPE_Length": 2.749165482274539, "OBJECTID": 136652001, "COV_SOURCE_KEY": "505951", "LASTUPDATE": 1686684142000, "TBFID": 505951, "UNIT_DESCRIPTION": null, "INSTALLDATE": 725875200000, "LANE_LOCATION": "Lane West", "PIPE_USE": "Main", "SERVICE_STATUS": "In Service", "EFFLUENT_TYPE": "Sanitary", "TB_LENGTH": 2.74916548, "GRADE": 0, "MATERIAL": "blank", "VALIDATION_DATE": null, "BUN": null, "UPSTREAM_INVERT": 0, "UPSTRM_INVERT_ESTIMATED": "No", "DWNSTREAM_INVERT": 0, "DNSTRM_INVERT_ESTIMATED": "No", "RAMP_TYPE": null, "PIPE_SHAPE": "Round", "HEIGHT_MM": 0, "WIDTH_MM": 0, "SECTION_NAME": null, "FLOW_CATEGORY": "Gravity", "NORMAL_PRESSURE": 0, "LINING_MATERIAL": "blank", "ON_PILES": "No", "ON_SLAB": "No", "NFB_NOTATION": null, "DRAWING_NUMBER": null, "PP_NUMBER": "O7", "NFB_ELEVATION": 0, "NFB_TYPE": "blank", "WET_WEATHER_ONLY": "No", "REMARKS": null, "LEGACY_ID": "__FJCF2X", "SOIL_TYPE": "SAND", "SOIL_CONDITION": "blank", "TYPE_OF_FILL": null, "OWNEDBY": "COVAV", "OPERATOR": "COVAV", "UNIT_ID": "418839", "MAIN_KEY_1": 26330, "MAIN_COMP1": "30", "UNIT_ID_2": "133130", "MAIN_KEY_2": 356336, "MAIN_COMP2": 32, "COMPKEY": 395315, "MAIN_KEY": 34871, "COMPTYPE": 31, "UPDATED_BY": "PEN31", "ADDRESS_KEY": 148035, "TB_AREA": "CBC08", "DISTRICT": "1", "FACET_GRID": " ", "CONSTRUCTION_TECHNIQUE": "unknown", "CONNECTN_TYPE": null, "CONNECTN_CONDITION": "{null}", "DATE_OF_PERMIT": null, "SPECIAL_INSTRUCTIONS": null, "TV_CONDITION": "Very Good", "TV_LAST_INSPECTION_DATE": 1682665200000, "TV_INCOMPLETE": "No", "TV_NEXT_INSPECTED_DATE": null, "LAST_INSPECTED_OK": null, "DATE_LAST_CLEANING_REQ": null, "DT_LAST_CLEANED": null, "INSPECTED_USER_ID": null, "CLEAN_USER_ID": null, "FURTHER_WORK_REQUIRED": "No", "FURTHERWORK_COMPLETED": "No", "WORK_ID": null, "PARALLEL_LINE_NO": null, "DISTANCE": 0, "MAP_TOOLTIP": "2.75 - 200 SAN n/a 0.00 % 1993 1", "HC_FID": null, "SUBAREA": " ", "DEPTH_AT_PL": null, "DEPTH_AT_PL_BELOW_CL": null, "OFFSET_DIRECTION": null, "OFFSET_FROM_PL": null, "DIAMETER_INSIDE": 200, "NAMENUMBER": null, "TO_MAIN_FID": null, "PERMIT_NUMBER": null, "STREET_NAME": "ONTARIO ST", "HUNDRED_BLOCK": "4000", "HCORACLEID": null, "AS_BUILT": "Yes", "LASTUPDATE_iso": "2023-06-13", "INSTALLDATE_iso": "1993-01-01", "TV_LAST_INSPECTION_DATE_iso": "2023-04-28"}, "geometry": {"type": "LineString", "coordinates": [[-123.10496472773275, 49.24939632823527], [-123.10498294882714, 49.24939677943154], [-123.10499722060086, 49.24938804109054]]}}, {"type": "Feature", "properties": {"SHAPE_Length": 77.4873909036948, "OBJECTID": 136652266, "COV_SOURCE_KEY": "490677", "LASTUPDATE": 1715239830000, "TBFID": 490677, "UNIT_DESCRIPTION": null, "INSTALLDATE": 347184000000, "LANE_LOCATION": null, "PIPE_USE": "Main", "SERVICE_STATUS": "In Service", "EFFLUENT_TYPE": "Sanitary", "TB_LENGTH": 77.49, "GRADE": 1.02, "MATERIAL": "blank", "VALIDATION_DATE": null, "BUN": null, "UPSTREAM_INVERT": 54.41, "UPSTRM_INVERT_ESTIMATED": "No", "DWNSTREAM_INVERT": 53.62, "DNSTRM_INVERT_ESTIMATED": "No", "RAMP_TYPE": null, "PIPE_SHAPE": "Round", "HEIGHT_MM": 0, "WIDTH_MM": 0, "SECTION_NAME": null, "FLOW_CATEGORY": "Gravity", "NORMAL_PRESSURE": 0, "LINING_MATERIAL": "blank", "ON_PILES": "No", "ON_SLAB": "No", "NFB_NOTATION": null, "DRAWING_NUMBER": null, "PP_NUMBER": "E55", "NFB_ELEVATION": 0, "NFB_TYPE": "blank", "WET_WEATHER_ONLY": "No", "REMARKS": null, "LEGACY_ID": "__FJC3UK", "SOIL_TYPE": "blank", "SOIL_CONDITION": "blank", "TYPE_OF_FILL": null, "OWNEDBY": "COVAV", "OPERATOR": " ", "UNIT_ID": "426097", "MAIN_KEY_1": 31909, "MAIN_COMP1": "30", "UNIT_ID_2": "426096", "MAIN_KEY_2": 31908, "MAIN_COMP2": 30, "COMPKEY": 374713, "MAIN_KEY": 14269, "COMPTYPE": 31, "UPDATED_BY": "ENHANMGETASK", "ADDRESS_KEY": 156339, "TB_AREA": "CBC07", "DISTRICT": "3", "FACET_GRID": "O14", "CONSTRUCTION_TECHNIQUE": "unknown", "CONNECTN_TYPE": null, "CONNECTN_CONDITION": null, "DATE_OF_PERMIT": null, "SPECIAL_INSTRUCTIONS": null, "TV_CONDITION": "Good", "TV_LAST_INSPECTION_DATE": 1708588800000, "TV_INCOMPLETE": "No", "TV_NEXT_INSPECTED_DATE": null, "LAST_INSPECTED_OK": null, "DATE_LAST_CLEANING_REQ": null, "DT_LAST_CLEANED": null, "INSPECTED_USER_ID": null, "CLEAN_USER_ID": null, "FURTHER_WORK_REQUIRED": "No", "FURTHERWORK_COMPLETED": "No", "WORK_ID": null, "PARALLEL_LINE_NO": null, "DISTANCE": 77.2, "MAP_TOOLTIP": "77.49 - 200 SAN n/a 1.02 % 1981 2", "HC_FID": null, "SUBAREA": "O14", "DEPTH_AT_PL": null, "DEPTH_AT_PL_BELOW_CL": null, "OFFSET_DIRECTION": null, "OFFSET_FROM_PL": null, "DIAMETER_INSIDE": 200, "NAMENUMBER": null, "TO_MAIN_FID": null, "PERMIT_NUMBER": null, "STREET_NAME": "W 18TH AV", "HUNDRED_BLOCK": "500", "HCORACLEID": null, "AS_BUILT": "Yes", "LASTUPDATE_iso": "2024-05-09", "INSTALLDATE_iso": "1981-01-01", "TV_LAST_INSPECTION_DATE_iso": "2024-02-22"}, "geometry": {"type": "LineString", "coordinates": [[-123.11602704105734, 49.25517601934748], [-123.11709152062954, 49.25519446508182]]}}, {"type": "Feature", "properties": {"SHAPE_Length": 27.32199923129876, "OBJECTID": 136652267, "COV_SOURCE_KEY": "490679", "LASTUPDATE": 1646123424000, "TBFID": 490679, "UNIT_DESCRIPTION": null, "INSTALLDATE": 347184000000, "LANE_LOCATION": null, "PIPE_USE": "Main", "SERVICE_STATUS": "In Service", "EFFLUENT_TYPE": "Sanitary", "TB_LENGTH": 27.32, "GRADE": 1.72, "MATERIAL": "blank", "VALIDATION_DATE": null, "BUN": null, "UPSTREAM_INVERT": 54.88, "UPSTRM_INVERT_ESTIMATED": "No", "DWNSTREAM_INVERT": 54.41, "DNSTRM_INVERT_ESTIMATED": "No", "RAMP_TYPE": null, "PIPE_SHAPE": "Round", "HEIGHT_MM": 0, "WIDTH_MM": 0, "SECTION_NAME": null, "FLOW_CATEGORY": "Gravity", "NORMAL_PRESSURE": 0, "LINING_MATERIAL": "blank", "ON_PILES": "No", "ON_SLAB": "No", "NFB_NOTATION": null, "DRAWING_NUMBER": null, "PP_NUMBER": "E55", "NFB_ELEVATION": 0, "NFB_TYPE": "blank", "WET_WEATHER_ONLY": "No", "REMARKS": null, "LEGACY_ID": "__FJC3UI", "SOIL_TYPE": "blank", "SOIL_CONDITION": "blank", "TYPE_OF_FILL": null, "OWNEDBY": "COVAV", "OPERATOR": " ", "UNIT_ID": "426092", "MAIN_KEY_1": 31904, "MAIN_COMP1": "30", "UNIT_ID_2": "426097", "MAIN_KEY_2": 31909, "MAIN_COMP2": 30, "COMPKEY": 374715, "MAIN_KEY": 14271, "COMPTYPE": 31, "UPDATED_BY": "ENHANMGETASK", "ADDRESS_KEY": 156339, "TB_AREA": "CBC07", "DISTRICT": "3", "FACET_GRID": "O14", "CONSTRUCTION_TECHNIQUE": "unknown", "CONNECTN_TYPE": null, "CONNECTN_CONDITION": null, "DATE_OF_PERMIT": null, "SPECIAL_INSTRUCTIONS": null, "TV_CONDITION": "Good/Fair", "TV_LAST_INSPECTION_DATE": 1639209600000, "TV_INCOMPLETE": "No", "TV_NEXT_INSPECTED_DATE": null, "LAST_INSPECTED_OK": null, "DATE_LAST_CLEANING_REQ": null, "DT_LAST_CLEANED": null, "INSPECTED_USER_ID": null, "CLEAN_USER_ID": null, "FURTHER_WORK_REQUIRED": "No", "FURTHERWORK_COMPLETED": "No", "WORK_ID": null, "PARALLEL_LINE_NO": null, "DISTANCE": 27.9, "MAP_TOOLTIP": "27.32 - 200 SAN n/a 1.72 % 1981 3", "HC_FID": null, "SUBAREA": "O14", "DEPTH_AT_PL": null, "DEPTH_AT_PL_BELOW_CL": null, "OFFSET_DIRECTION": null, "OFFSET_FROM_PL": null, "DIAMETER_INSIDE": 200, "NAMENUMBER": null, "TO_MAIN_FID": null, "PERMIT_NUMBER": null, "STREET_NAME": "W 18TH AV", "HUNDRED_BLOCK": "500", "HCORACLEID": null, "AS_BUILT": "Yes", "LASTUPDATE_iso": "2022-03-01", "INSTALLDATE_iso": "1981-01-01", "TV_LAST_INSPECTION_DATE_iso": "2021-12-11"}, "geometry": {"type": "LineString", "coordinates": [[-123.11568614291141, 49.255073015103406], [-123.11602704105734, 49.25517601934748]]}}, {"type": "Feature", "properties": {"SHAPE_Length": 1.5001606589295493, "OBJECTID": 136652593, "COV_SOURCE_KEY": "499078", "LASTUPDATE": 1705134635000, "TBFID": 499078, "UNIT_DESCRIPTION": null, "INSTALLDATE": 347184000000, "LANE_LOCATION": null, "PIPE_USE": "Main", "SERVICE_STATUS": "In Service", "EFFLUENT_TYPE": "Sanitary", "TB_LENGTH": 1.5, "GRADE": 0, "MATERIAL": "blank", "VALIDATION_DATE": null, "BUN": null, "UPSTREAM_INVERT": 0, "UPSTRM_INVERT_ESTIMATED": "No", "DWNSTREAM_INVERT": 0, "DNSTRM_INVERT_ESTIMATED": "No", "RAMP_TYPE": null, "PIPE_SHAPE": "blank", "HEIGHT_MM": 0, "WIDTH_MM": 0, "SECTION_NAME": null, "FLOW_CATEGORY": "Gravity", "NORMAL_PRESSURE": 0, "LINING_MATERIAL": "blank", "ON_PILES": "No", "ON_SLAB": "No", "NFB_NOTATION": null, "DRAWING_NUMBER": null, "PP_NUMBER": "E55", "NFB_ELEVATION": 0, "NFB_TYPE": "blank", "WET_WEATHER_ONLY": "No", "REMARKS": null, "LEGACY_ID": "__FJBZHI", "SOIL_TYPE": "blank", "SOIL_CONDITION": "blank", "TYPE_OF_FILL": null, "OWNEDBY": "COVAV", "OPERATOR": "COVAV", "UNIT_ID": "426095", "MAIN_KEY_1": 31907, "MAIN_COMP1": "30", "UNIT_ID_2": "426092", "MAIN_KEY_2": 31904, "MAIN_COMP2": 30, "COMPKEY": 386295, "MAIN_KEY": 25851, "COMPTYPE": 31, "UPDATED_BY": "ENHANMGETASK", "ADDRESS_KEY": 156339, "TB_AREA": "CBC07", "DISTRICT": "3", "FACET_GRID": "O14", "CONSTRUCTION_TECHNIQUE": "unknown", "CONNECTN_TYPE": null, "CONNECTN_CONDITION": null, "DATE_OF_PERMIT": null, "SPECIAL_INSTRUCTIONS": null, "TV_CONDITION": "Very Good", "TV_LAST_INSPECTION_DATE": 1698044400000, "TV_INCOMPLETE": "No", "TV_NEXT_INSPECTED_DATE": null, "LAST_INSPECTED_OK": null, "DATE_LAST_CLEANING_REQ": null, "DT_LAST_CLEANED": null, "INSPECTED_USER_ID": null, "CLEAN_USER_ID": null, "FURTHER_WORK_REQUIRED": "No", "FURTHERWORK_COMPLETED": "No", "WORK_ID": null, "PARALLEL_LINE_NO": null, "DISTANCE": 1.5, "MAP_TOOLTIP": "1.5 - 200 SAN n/a 0.00 % 1981 1", "HC_FID": null, "SUBAREA": "O14", "DEPTH_AT_PL": null, "DEPTH_AT_PL_BELOW_CL": null, "OFFSET_DIRECTION": null, "OFFSET_FROM_PL": null, "DIAMETER_INSIDE": 200, "NAMENUMBER": null, "TO_MAIN_FID": null, "PERMIT_NUMBER": null, "STREET_NAME": "W 18TH AV", "HUNDRED_BLOCK": "500", "HCORACLEID": null, "AS_BUILT": "Yes", "LASTUPDATE_iso": "2024-01-13", "INSTALLDATE_iso": "1981-01-01", "TV_LAST_INSPECTION_DATE_iso": "2023-10-23"}, "geometry": {"type": "LineString", "coordinates": [[-123.11566742648594, 49.25506735785847], [-123.11568614291141, 49.255073015103406]]}}, {"type": "Feature", "properties": {"SHAPE_Length": 160.35448470292317, "OBJECTID": 136652800, "COV_SOURCE_KEY": "489831", "LASTUPDATE": 1349389749000, "TBFID": 489831, "UNIT_DESCRIPTION": null, "INSTALLDATE": 473414400000, "LANE_LOCATION": null, "PIPE_USE": "Main", "SERVICE_STATUS": "In Service", "EFFLUENT_TYPE": "Sanitary", "TB_LENGTH": 160.3544847, "GRADE": 0.8, "MATERIAL": "blank", "VALIDATION_DATE": null, "BUN": null, "UPSTREAM_INVERT": 55.36, "UPSTRM_INVERT_ESTIMATED": "No", "DWNSTREAM_INVERT": 54.07, "DNSTRM_INVERT_ESTIMATED": "No", "RAMP_TYPE": "blank", "PIPE_SHAPE": "blank", "HEIGHT_MM": 0, "WIDTH_MM": 0, "SECTION_NAME": null, "FLOW_CATEGORY": "Gravity", "NORMAL_PRESSURE": 0, "LINING_MATERIAL": "blank", "ON_PILES": "No", "ON_SLAB": "No", "NFB_NOTATION": null, "DRAWING_NUMBER": null, "PP_NUMBER": "T154", "NFB_ELEVATION": 0, "NFB_TYPE": "blank", "WET_WEATHER_ONLY": "No", "REMARKS": null, "LEGACY_ID": "__FJBZJO", "SOIL_TYPE": "blank", "SOIL_CONDITION": "blank", "TYPE_OF_FILL": "blank", "OWNEDBY": "COVAV", "OPERATOR": null, "UNIT_ID": "417470", "MAIN_KEY_1": 23714, "MAIN_COMP1": "30", "UNIT_ID_2": "396682", "MAIN_KEY_2": 2997, "MAIN_COMP2": 30, "COMPKEY": 373008, "MAIN_KEY": 12564, "COMPTYPE": 31, "UPDATED_BY": "ENEHW", "ADDRESS_KEY": 153250, "TB_AREA": "CBC07", "DISTRICT": "3", "FACET_GRID": " ", "CONSTRUCTION_TECHNIQUE": "unknown", "CONNECTN_TYPE": null, "CONNECTN_CONDITION": "{null}", "DATE_OF_PERMIT": null, "SPECIAL_INSTRUCTIONS": null, "TV_CONDITION": "0", "TV_LAST_INSPECTION_DATE": 1285916400000, "TV_INCOMPLETE": "No", "TV_NEXT_INSPECTED_DATE": null, "LAST_INSPECTED_OK": null, "DATE_LAST_CLEANING_REQ": null, "DT_LAST_CLEANED": null, "INSPECTED_USER_ID": null, "CLEAN_USER_ID": null, "FURTHER_WORK_REQUIRED": "No", "FURTHERWORK_COMPLETED": "No", "WORK_ID": null, "PARALLEL_LINE_NO": null, "DISTANCE": 160.4, "MAP_TOOLTIP": "160.35 - 200 SAN n/a 0.80 % 1985 0", "HC_FID": null, "SUBAREA": " ", "DEPTH_AT_PL": null, "DEPTH_AT_PL_BELOW_CL": null, "OFFSET_DIRECTION": null, "OFFSET_FROM_PL": null, "DIAMETER_INSIDE": 200, "NAMENUMBER": null, "TO_MAIN_FID": null, "PERMIT_NUMBER": null, "STREET_NAME": "ASH ST", "HUNDRED_BLOCK": "3500", "HCORACLEID": null, "AS_BUILT": "No", "LASTUPDATE_iso": "2012-10-04", "INSTALLDATE_iso": "1985-01-01", "TV_LAST_INSPECTION_DATE_iso": "2010-10-01"}, "geometry": {"type": "LineString", "coordinates": [[-123.11610030620577, 49.253350005745766], [-123.11823442989284, 49.2533896602872], [-123.11830264699009, 49.25338511083589]]}}, {"type": "Feature", "properties": {"SHAPE_Length": 8.407762365181654, "OBJECTID": 136652906, "COV_SOURCE_KEY": "481444", "LASTUPDATE": 1679988642000, "TBFID": 481444, "UNIT_DESCRIPTION": null, "INSTALLDATE": 852105600000, "LANE_LOCATION": "blank", "PIPE_USE": "Main", "SERVICE_STATUS": "In Service", "EFFLUENT_TYPE": "Sanitary", "TB_LENGTH": 8.41, "GRADE": 0, "MATERIAL": "blank", "VALIDATION_DATE": null, "BUN": null, "UPSTREAM_INVERT": 0, "UPSTRM_INVERT_ESTIMATED": "No", "DWNSTREAM_INVERT": 0, "DNSTRM_INVERT_ESTIMATED": "No", "RAMP_TYPE": null, "PIPE_SHAPE": "blank", "HEIGHT_MM": 0, "WIDTH_MM": 0, "SECTION_NAME": null, "FLOW_CATEGORY": "Gravity", "NORMAL_PRESSURE": 0, "LINING_MATERIAL": "blank", "ON_PILES": "No", "ON_SLAB": "No", "NFB_NOTATION": null, "DRAWING_NUMBER": null, "PP_NUMBER": "S135", "NFB_ELEVATION": 0, "NFB_TYPE": "blank", "WET_WEATHER_ONLY": "No", "REMARKS": null, "LEGACY_ID": "__FJCI1B", "SOIL_TYPE": "blank", "SOIL_CONDITION": "blank", "TYPE_OF_FILL": null, "OWNEDBY": "COVAV", "OPERATOR": null, "UNIT_ID": "409938", "MAIN_KEY_1": 16905, "MAIN_COMP1": "30", "UNIT_ID_2": "409940", "MAIN_KEY_2": 16907, "MAIN_COMP2": 30, "COMPKEY": 358894, "MAIN_KEY": 2098, "COMPTYPE": 31, "UPDATED_BY": "ENHANMGETASK", "ADDRESS_KEY": 148306, "TB_AREA": "CBC07", "DISTRICT": "3", "FACET_GRID": "O14", "CONSTRUCTION_TECHNIQUE": "unknown", "CONNECTN_TYPE": null, "CONNECTN_CONDITION": "{null}", "DATE_OF_PERMIT": null, "SPECIAL_INSTRUCTIONS": null, "TV_CONDITION": "Good", "TV_LAST_INSPECTION_DATE": 1676707200000, "TV_INCOMPLETE": "No", "TV_NEXT_INSPECTED_DATE": null, "LAST_INSPECTED_OK": null, "DATE_LAST_CLEANING_REQ": null, "DT_LAST_CLEANED": null, "INSPECTED_USER_ID": null, "CLEAN_USER_ID": null, "FURTHER_WORK_REQUIRED": "No", "FURTHERWORK_COMPLETED": "No", "WORK_ID": null, "PARALLEL_LINE_NO": null, "DISTANCE": 8.1, "MAP_TOOLTIP": "8.41 - 200 SAN n/a 0.00 % 1997 2", "HC_FID": null, "SUBAREA": "O14", "DEPTH_AT_PL": null, "DEPTH_AT_PL_BELOW_CL": null, "OFFSET_DIRECTION": null, "OFFSET_FROM_PL": null, "DIAMETER_INSIDE": 200, "NAMENUMBER": null, "TO_MAIN_FID": null, "PERMIT_NUMBER": null, "STREET_NAME": "W 17TH AV", "HUNDRED_BLOCK": "800", "HCORACLEID": null, "AS_BUILT": "Yes", "LASTUPDATE_iso": "2023-03-28", "INSTALLDATE_iso": "1997-01-01", "TV_LAST_INSPECTION_DATE_iso": "2023-02-18"}, "geometry": {"type": "LineString", "coordinates": [[-123.12216519417176, 49.256177471555866], [-123.12205321075545, 49.256196102068415]]}}, {"type": "Feature", "properties": {"SHAPE_Length": 160.6815086093751, "OBJECTID": 136652923, "COV_SOURCE_KEY": "495178", "LASTUPDATE": 1639038637000, "TBFID": 495178, "UNIT_DESCRIPTION": null, "INSTALLDATE": 473414400000, "LANE_LOCATION": null, "PIPE_USE": "Main", "SERVICE_STATUS": "In Service", "EFFLUENT_TYPE": "Sanitary", "TB_LENGTH": 160.68150861, "GRADE": 1.13, "MATERIAL": "blank", "VALIDATION_DATE": null, "BUN": "MN-O14-017", "UPSTREAM_INVERT": 55.02, "UPSTRM_INVERT_ESTIMATED": "No", "DWNSTREAM_INVERT": 53.21, "DNSTRM_INVERT_ESTIMATED": "No", "RAMP_TYPE": null, "PIPE_SHAPE": "Round", "HEIGHT_MM": 0, "WIDTH_MM": 0, "SECTION_NAME": null, "FLOW_CATEGORY": "Gravity", "NORMAL_PRESSURE": 0, "LINING_MATERIAL": "blank", "ON_PILES": "No", "ON_SLAB": "No", "NFB_NOTATION": null, "DRAWING_NUMBER": null, "PP_NUMBER": "N28", "NFB_ELEVATION": 0, "NFB_TYPE": "blank", "WET_WEATHER_ONLY": "No", "REMARKS": null, "LEGACY_ID": "__FJC3RX", "SOIL_TYPE": "S/CLAY", "SOIL_CONDITION": "blank", "TYPE_OF_FILL": null, "OWNEDBY": "COVAV", "OPERATOR": null, "UNIT_ID": "426087", "MAIN_KEY_1": 31899, "MAIN_COMP1": "30", "UNIT_ID_2": "404599", "MAIN_KEY_2": 10266, "MAIN_COMP2": 30, "COMPKEY": 380331, "MAIN_KEY": 19887, "COMPTYPE": 31, "UPDATED_BY": "ENHANMGETASK", "ADDRESS_KEY": 156922, "TB_AREA": "CBC07", "DISTRICT": "3", "FACET_GRID": "O14", "CONSTRUCTION_TECHNIQUE": "unknown", "CONNECTN_TYPE": null, "CONNECTN_CONDITION": "{null}", "DATE_OF_PERMIT": null, "SPECIAL_INSTRUCTIONS": null, "TV_CONDITION": "Good", "TV_LAST_INSPECTION_DATE": 1637481600000, "TV_INCOMPLETE": "No", "TV_NEXT_INSPECTED_DATE": null, "LAST_INSPECTED_OK": null, "DATE_LAST_CLEANING_REQ": null, "DT_LAST_CLEANED": null, "INSPECTED_USER_ID": null, "CLEAN_USER_ID": null, "FURTHER_WORK_REQUIRED": "No", "FURTHERWORK_COMPLETED": "No", "WORK_ID": null, "PARALLEL_LINE_NO": null, "DISTANCE": 160.7, "MAP_TOOLTIP": "160.68 - 200 SAN n/a 1.13 % 1985 2", "HC_FID": null, "SUBAREA": "O14", "DEPTH_AT_PL": null, "DEPTH_AT_PL_BELOW_CL": null, "OFFSET_DIRECTION": null, "OFFSET_FROM_PL": null, "DIAMETER_INSIDE": 200, "NAMENUMBER": "MN-O14-017", "TO_MAIN_FID": null, "PERMIT_NUMBER": null, "STREET_NAME": "W 19TH AV", "HUNDRED_BLOCK": "500", "HCORACLEID": null, "AS_BUILT": "Yes", "LASTUPDATE_iso": "2021-12-09", "INSTALLDATE_iso": "1985-01-01", "TV_LAST_INSPECTION_DATE_iso": "2021-11-21"}, "geometry": {"type": "LineString", "coordinates": [[-123.11606770112712, 49.25425440015223], [-123.11816520243241, 49.25428930730323], [-123.11827509993368, 49.25429032825141]]}}, {"type": "Feature", "properties": {"SHAPE_Length": 12.72992765096827, "OBJECTID": 136654049, "COV_SOURCE_KEY": "2068522", "LASTUPDATE": 1665087689000, "TBFID": 2068522, "UNIT_DESCRIPTION": null, "INSTALLDATE": 1268982000000, "LANE_LOCATION": "Lane West", "PIPE_USE": "Main", "SERVICE_STATUS": "In Service", "EFFLUENT_TYPE": "Sanitary", "TB_LENGTH": 12.72992765, "GRADE": 2.67, "MATERIAL": "Polyvinyl Chloride", "VALIDATION_DATE": null, "BUN": null, "UPSTREAM_INVERT": 66.1, "UPSTRM_INVERT_ESTIMATED": null, "DWNSTREAM_INVERT": 65.76, "DNSTRM_INVERT_ESTIMATED": null, "RAMP_TYPE": null, "PIPE_SHAPE": null, "HEIGHT_MM": null, "WIDTH_MM": null, "SECTION_NAME": null, "FLOW_CATEGORY": "Gravity", "NORMAL_PRESSURE": null, "LINING_MATERIAL": null, "ON_PILES": null, "ON_SLAB": null, "NFB_NOTATION": null, "DRAWING_NUMBER": null, "PP_NUMBER": null, "NFB_ELEVATION": null, "NFB_TYPE": null, "WET_WEATHER_ONLY": null, "REMARKS": "Canada Line King Edward Station", "LEGACY_ID": "__H3HSR6", "SOIL_TYPE": null, "SOIL_CONDITION": null, "TYPE_OF_FILL": null, "OWNEDBY": "COVAV", "OPERATOR": "COVAV", "UNIT_ID": "2068464", "MAIN_KEY_1": 981332, "MAIN_COMP1": "30", "UNIT_ID_2": "412656", "MAIN_KEY_2": 19474, "MAIN_COMP2": 30, "COMPKEY": 981339, "MAIN_KEY": 62783, "COMPTYPE": 31, "UPDATED_BY": "bin02", "ADDRESS_KEY": 148195, "TB_AREA": "CBC07", "DISTRICT": "3", "FACET_GRID": "O16", "CONSTRUCTION_TECHNIQUE": null, "CONNECTN_TYPE": null, "CONNECTN_CONDITION": null, "DATE_OF_PERMIT": null, "SPECIAL_INSTRUCTIONS": null, "TV_CONDITION": null, "TV_LAST_INSPECTION_DATE": null, "TV_INCOMPLETE": null, "TV_NEXT_INSPECTED_DATE": null, "LAST_INSPECTED_OK": null, "DATE_LAST_CLEANING_REQ": null, "DT_LAST_CLEANED": null, "INSPECTED_USER_ID": null, "CLEAN_USER_ID": null, "FURTHER_WORK_REQUIRED": null, "FURTHERWORK_COMPLETED": null, "WORK_ID": null, "PARALLEL_LINE_NO": null, "DISTANCE": null, "MAP_TOOLTIP": "12.73 - 200 SAN  2.67 % 2010 ", "HC_FID": 2068522, "SUBAREA": "O16", "DEPTH_AT_PL": null, "DEPTH_AT_PL_BELOW_CL": null, "OFFSET_DIRECTION": null, "OFFSET_FROM_PL": null, "DIAMETER_INSIDE": 200, "NAMENUMBER": null, "TO_MAIN_FID": null, "PERMIT_NUMBER": null, "STREET_NAME": "CAMBIE ST", "HUNDRED_BLOCK": "4000", "HCORACLEID": "__H3HSR7", "AS_BUILT": "Yes", "LASTUPDATE_iso": "2022-10-06", "INSTALLDATE_iso": "2010-03-19"}, "geometry": {"type": "LineString", "coordinates": [[-123.11610946697192, 49.24929323954078], [-123.1161059842393, 49.24940772532209]]}}, {"type": "Feature", "properties": {"SHAPE_Length": 111.0031291989251, "OBJECTID": 136654672, "COV_SOURCE_KEY": "2104936", "LASTUPDATE": 1709713823000, "TBFID": 2104936, "UNIT_DESCRIPTION": null, "INSTALLDATE": 1692774000000, "LANE_LOCATION": null, "PIPE_USE": "Main", "SERVICE_STATUS": "In Service", "EFFLUENT_TYPE": "Sanitary", "TB_LENGTH": 111.0031292, "GRADE": 0.46, "MATERIAL": "Polyvinyl Chloride", "VALIDATION_DATE": null, "BUN": null, "UPSTREAM_INVERT": 63.07, "UPSTRM_INVERT_ESTIMATED": null, "DWNSTREAM_INVERT": 62.56, "DNSTRM_INVERT_ESTIMATED": null, "RAMP_TYPE": null, "PIPE_SHAPE": null, "HEIGHT_MM": null, "WIDTH_MM": null, "SECTION_NAME": null, "FLOW_CATEGORY": "Gravity", "NORMAL_PRESSURE": null, "LINING_MATERIAL": null, "ON_PILES": null, "ON_SLAB": null, "NFB_NOTATION": null, "DRAWING_NUMBER": "DB3624", "PP_NUMBER": null, "NFB_ELEVATION": null, "NFB_TYPE": null, "WET_WEATHER_ONLY": null, "REMARKS": null, "LEGACY_ID": "__HCH63V", "SOIL_TYPE": null, "SOIL_CONDITION": null, "TYPE_OF_FILL": null, "OWNEDBY": "COVAV", "OPERATOR": "COVAV", "UNIT_ID": "2104921", "MAIN_KEY_1": 1568090, "MAIN_COMP1": "30", "UNIT_ID_2": "398330", "MAIN_KEY_2": 4477, "MAIN_COMP2": 30, "COMPKEY": 1568111, "MAIN_KEY": 64515, "COMPTYPE": 31, "UPDATED_BY": "ENHANMGETASK", "ADDRESS_KEY": 149322, "TB_AREA": "CBC06", "DISTRICT": "3", "FACET_GRID": "N16", "CONSTRUCTION_TECHNIQUE": null, "CONNECTN_TYPE": null, "CONNECTN_CONDITION": null, "DATE_OF_PERMIT": null, "SPECIAL_INSTRUCTIONS": null, "TV_CONDITION": "Very Good", "TV_LAST_INSPECTION_DATE": 1687762800000, "TV_INCOMPLETE": null, "TV_NEXT_INSPECTED_DATE": null, "LAST_INSPECTED_OK": null, "DATE_LAST_CLEANING_REQ": null, "DT_LAST_CLEANED": null, "INSPECTED_USER_ID": null, "CLEAN_USER_ID": null, "FURTHER_WORK_REQUIRED": "No", "FURTHERWORK_COMPLETED": "No", "WORK_ID": null, "PARALLEL_LINE_NO": null, "DISTANCE": null, "MAP_TOOLTIP": "111 - 375 SAN  0.46 % 2023 1", "HC_FID": 2104936, "SUBAREA": "N16", "DEPTH_AT_PL": null, "DEPTH_AT_PL_BELOW_CL": null, "OFFSET_DIRECTION": null, "OFFSET_FROM_PL": null, "DIAMETER_INSIDE": 375, "NAMENUMBER": null, "TO_MAIN_FID": null, "PERMIT_NUMBER": null, "STREET_NAME": "W 26TH AV", "HUNDRED_BLOCK": "1000", "HCORACLEID": "__HCH63W", "AS_BUILT": "Yes", "LASTUPDATE_iso": "2024-03-06", "INSTALLDATE_iso": "2023-08-23", "TV_LAST_INSPECTION_DATE_iso": "2023-06-26"}, "geometry": {"type": "LineString", "coordinates": [[-123.12985357986562, 49.24821415879809], [-123.12832867791404, 49.24819378835333]]}}, {"type": "Feature", "properties": {"SHAPE_Length": 67.11204524552254, "OBJECTID": 136655776, "COV_SOURCE_KEY": "2060254", "LASTUPDATE": 1669924603000, "TBFID": 2060254, "UNIT_DESCRIPTION": null, "INSTALLDATE": 1639123200000, "LANE_LOCATION": null, "PIPE_USE": "Main", "SERVICE_STATUS": "In Service", "EFFLUENT_TYPE": "Sanitary", "TB_LENGTH": 67.11204525, "GRADE": 1.76, "MATERIAL": "Blue Brute", "VALIDATION_DATE": null, "BUN": null, "UPSTREAM_INVERT": 72.37, "UPSTRM_INVERT_ESTIMATED": null, "DWNSTREAM_INVERT": 71.19, "DNSTRM_INVERT_ESTIMATED": null, "RAMP_TYPE": "Open", "PIPE_SHAPE": null, "HEIGHT_MM": null, "WIDTH_MM": null, "SECTION_NAME": null, "FLOW_CATEGORY": "Gravity", "NORMAL_PRESSURE": null, "LINING_MATERIAL": null, "ON_PILES": null, "ON_SLAB": null, "NFB_NOTATION": null, "DRAWING_NUMBER": "DB3625", "PP_NUMBER": null, "NFB_ELEVATION": null, "NFB_TYPE": null, "WET_WEATHER_ONLY": null, "REMARKS": "O/R", "LEGACY_ID": "__H2881J", "SOIL_TYPE": null, "SOIL_CONDITION": null, "TYPE_OF_FILL": null, "OWNEDBY": "COVAV", "OPERATOR": "COVAV", "UNIT_ID": "2060246", "MAIN_KEY_1": 983315, "MAIN_COMP1": "30", "UNIT_ID_2": "2013386", "MAIN_KEY_2": 944182, "MAIN_COMP2": 30, "COMPKEY": 983379, "MAIN_KEY": 63100, "COMPTYPE": 31, "UPDATED_BY": "qet39", "ADDRESS_KEY": 148734, "TB_AREA": "CBC06", "DISTRICT": "3", "FACET_GRID": "N17", "CONSTRUCTION_TECHNIQUE": null, "CONNECTN_TYPE": null, "CONNECTN_CONDITION": null, "DATE_OF_PERMIT": null, "SPECIAL_INSTRUCTIONS": null, "TV_CONDITION": null, "TV_LAST_INSPECTION_DATE": null, "TV_INCOMPLETE": null, "TV_NEXT_INSPECTED_DATE": null, "LAST_INSPECTED_OK": null, "DATE_LAST_CLEANING_REQ": null, "DT_LAST_CLEANED": null, "INSPECTED_USER_ID": null, "CLEAN_USER_ID": null, "FURTHER_WORK_REQUIRED": null, "FURTHERWORK_COMPLETED": null, "WORK_ID": null, "PARALLEL_LINE_NO": null, "DISTANCE": null, "MAP_TOOLTIP": "67.11 - 250 SAN  1.76 % 2021 ", "HC_FID": 2060254, "SUBAREA": "N17", "DEPTH_AT_PL": null, "DEPTH_AT_PL_BELOW_CL": null, "OFFSET_DIRECTION": null, "OFFSET_FROM_PL": null, "DIAMETER_INSIDE": 250, "NAMENUMBER": null, "TO_MAIN_FID": null, "PERMIT_NUMBER": null, "STREET_NAME": "W 32ND AV", "HUNDRED_BLOCK": "1000", "HCORACLEID": "__H2881K", "AS_BUILT": "Yes", "LASTUPDATE_iso": "2022-12-01", "INSTALLDATE_iso": "2021-12-10"}, "geometry": {"type": "LineString", "coordinates": [[-123.12942712311494, 49.24242205609082], [-123.12850569142205, 49.24240024577614]]}}, {"type": "Feature", "properties": {"SHAPE_Length": 2.2080090578965494, "OBJECTID": 136655779, "COV_SOURCE_KEY": "2060680", "LASTUPDATE": 1669924609000, "TBFID": 2060680, "UNIT_DESCRIPTION": null, "INSTALLDATE": 1639123200000, "LANE_LOCATION": null, "PIPE_USE": "Main", "SERVICE_STATUS": "In Service", "EFFLUENT_TYPE": "Sanitary", "TB_LENGTH": 2.20800906, "GRADE": 1.36, "MATERIAL": "Polyvinyl Chloride", "VALIDATION_DATE": null, "BUN": null, "UPSTREAM_INVERT": 70.93, "UPSTRM_INVERT_ESTIMATED": null, "DWNSTREAM_INVERT": 70.9, "DNSTRM_INVERT_ESTIMATED": null, "RAMP_TYPE": null, "PIPE_SHAPE": null, "HEIGHT_MM": null, "WIDTH_MM": null, "SECTION_NAME": null, "FLOW_CATEGORY": "Gravity", "NORMAL_PRESSURE": null, "LINING_MATERIAL": null, "ON_PILES": null, "ON_SLAB": null, "NFB_NOTATION": null, "DRAWING_NUMBER": "DB3625", "PP_NUMBER": null, "NFB_ELEVATION": null, "NFB_TYPE": null, "WET_WEATHER_ONLY": null, "REMARKS": "I/R", "LEGACY_ID": "__H2CPUW", "SOIL_TYPE": null, "SOIL_CONDITION": null, "TYPE_OF_FILL": null, "OWNEDBY": "COVAV", "OPERATOR": "COVAV", "UNIT_ID": "2013389", "MAIN_KEY_1": 944183, "MAIN_COMP1": "30", "UNIT_ID_2": "2060230", "MAIN_KEY_2": 983317, "MAIN_COMP2": 30, "COMPKEY": 983382, "MAIN_KEY": 63103, "COMPTYPE": 31, "UPDATED_BY": "qet39", "ADDRESS_KEY": 140058, "TB_AREA": "CBC06", "DISTRICT": "3", "FACET_GRID": "N17", "CONSTRUCTION_TECHNIQUE": null, "CONNECTN_TYPE": null, "CONNECTN_CONDITION": null, "DATE_OF_PERMIT": null, "SPECIAL_INSTRUCTIONS": null, "TV_CONDITION": null, "TV_LAST_INSPECTION_DATE": null, "TV_INCOMPLETE": null, "TV_NEXT_INSPECTED_DATE": null, "LAST_INSPECTED_OK": null, "DATE_LAST_CLEANING_REQ": null, "DT_LAST_CLEANED": null, "INSPECTED_USER_ID": null, "CLEAN_USER_ID": null, "FURTHER_WORK_REQUIRED": null, "FURTHERWORK_COMPLETED": null, "WORK_ID": null, "PARALLEL_LINE_NO": null, "DISTANCE": null, "MAP_TOOLTIP": "2.21 - 400 SAN  1.36 % 2021 ", "HC_FID": 2060680, "SUBAREA": "N17", "DEPTH_AT_PL": null, "DEPTH_AT_PL_BELOW_CL": null, "OFFSET_DIRECTION": null, "OFFSET_FROM_PL": null, "DIAMETER_INSIDE": 400, "NAMENUMBER": null, "TO_MAIN_FID": null, "PERMIT_NUMBER": null, "STREET_NAME": "W 32ND AV", "HUNDRED_BLOCK": "900", "HCORACLEID": "__H2CPUX", "AS_BUILT": "Yes", "LASTUPDATE_iso": "2022-12-01", "INSTALLDATE_iso": "2021-12-10"}, "geometry": {"type": "LineString", "coordinates": [[-123.1280732264441, 49.24239609345715], [-123.12804302390438, 49.242394237934505]]}}, {"type": "Feature", "properties": {"SHAPE_Length": 80.64639216331294, "OBJECTID": 136657969, "COV_SOURCE_KEY": "2105226", "LASTUPDATE": 1709713825000, "TBFID": 2105226, "UNIT_DESCRIPTION": null, "INSTALLDATE": 1692774000000, "LANE_LOCATION": "Lane West", "PIPE_USE": "Main", "SERVICE_STATUS": "In Service", "EFFLUENT_TYPE": "Sanitary", "TB_LENGTH": 80.64639216, "GRADE": 1.59, "MATERIAL": "Polyvinyl Chloride", "VALIDATION_DATE": null, "BUN": null, "UPSTREAM_INVERT": 64.57, "UPSTRM_INVERT_ESTIMATED": null, "DWNSTREAM_INVERT": 63.29, "DNSTRM_INVERT_ESTIMATED": null, "RAMP_TYPE": null, "PIPE_SHAPE": null, "HEIGHT_MM": null, "WIDTH_MM": null, "SECTION_NAME": null, "FLOW_CATEGORY": "Gravity", "NORMAL_PRESSURE": null, "LINING_MATERIAL": null, "ON_PILES": null, "ON_SLAB": null, "NFB_NOTATION": null, "DRAWING_NUMBER": "DB3624", "PP_NUMBER": null, "NFB_ELEVATION": null, "NFB_TYPE": null, "WET_WEATHER_ONLY": null, "REMARKS": "CLOSED RAMP NOT INSTALLED DUE TO TIE-IN RESTRICTIONS INTO DS EX MH CONCRETE BASE.", "LEGACY_ID": "__HCIUA8", "SOIL_TYPE": null, "SOIL_CONDITION": null, "TYPE_OF_FILL": null, "OWNEDBY": "COVAV", "OPERATOR": "COVAV", "UNIT_ID": "2105224", "MAIN_KEY_1": 1568088, "MAIN_COMP1": "30", "UNIT_ID_2": "398330", "MAIN_KEY_2": 4477, "MAIN_COMP2": 30, "COMPKEY": 1568106, "MAIN_KEY": 64510, "COMPTYPE": 31, "UPDATED_BY": "ENHANMGETASK", "ADDRESS_KEY": 153501, "TB_AREA": "CBC06", "DISTRICT": "3", "FACET_GRID": "N16", "CONSTRUCTION_TECHNIQUE": null, "CONNECTN_TYPE": null, "CONNECTN_CONDITION": null, "DATE_OF_PERMIT": null, "SPECIAL_INSTRUCTIONS": null, "TV_CONDITION": "Very Good", "TV_LAST_INSPECTION_DATE": 1694674800000, "TV_INCOMPLETE": null, "TV_NEXT_INSPECTED_DATE": null, "LAST_INSPECTED_OK": null, "DATE_LAST_CLEANING_REQ": null, "DT_LAST_CLEANED": null, "INSPECTED_USER_ID": null, "CLEAN_USER_ID": null, "FURTHER_WORK_REQUIRED": "No", "FURTHERWORK_COMPLETED": "No", "WORK_ID": null, "PARALLEL_LINE_NO": null, "DISTANCE": null, "MAP_TOOLTIP": "80.65 - 200 SAN  1.59 % 2023 1", "HC_FID": 2105226, "SUBAREA": "N16", "DEPTH_AT_PL": null, "DEPTH_AT_PL_BELOW_CL": null, "OFFSET_DIRECTION": null, "OFFSET_FROM_PL": null, "DIAMETER_INSIDE": 200, "NAMENUMBER": null, "TO_MAIN_FID": null, "PERMIT_NUMBER": null, "STREET_NAME": "OAK ST", "HUNDRED_BLOCK": "4100", "HCORACLEID": "__HCIUA9", "AS_BUILT": "Yes", "LASTUPDATE_iso": "2024-03-06", "INSTALLDATE_iso": "2023-08-23", "TV_LAST_INSPECTION_DATE_iso": "2023-09-14"}, "geometry": {"type": "LineString", "coordinates": [[-123.12829361106961, 49.24891973344346], [-123.12832409068017, 49.24819457603367]]}}, {"type": "Feature", "properties": {"SHAPE_Length": 3.2322255487317153, "OBJECTID": 136658027, "COV_SOURCE_KEY": "2093920", "LASTUPDATE": 1727508619000, "TBFID": 2093920, "UNIT_DESCRIPTION": null, "INSTALLDATE": 1667631600000, "LANE_LOCATION": "Lane South", "PIPE_USE": "Main", "SERVICE_STATUS": "In Service", "EFFLUENT_TYPE": "Sanitary", "TB_LENGTH": 3.23222555, "GRADE": 2.48, "MATERIAL": "Polyvinyl Chloride", "VALIDATION_DATE": null, "BUN": null, "UPSTREAM_INVERT": 67.65, "UPSTRM_INVERT_ESTIMATED": null, "DWNSTREAM_INVERT": 67.57, "DNSTRM_INVERT_ESTIMATED": null, "RAMP_TYPE": null, "PIPE_SHAPE": null, "HEIGHT_MM": null, "WIDTH_MM": null, "SECTION_NAME": null, "FLOW_CATEGORY": "Gravity", "NORMAL_PRESSURE": null, "LINING_MATERIAL": null, "ON_PILES": null, "ON_SLAB": null, "NFB_NOTATION": null, "DRAWING_NUMBER": "DB4388C", "PP_NUMBER": null, "NFB_ELEVATION": null, "NFB_TYPE": null, "WET_WEATHER_ONLY": null, "REMARKS": null, "LEGACY_ID": "__HAURK6", "SOIL_TYPE": null, "SOIL_CONDITION": null, "TYPE_OF_FILL": null, "OWNEDBY": "COVAV", "OPERATOR": "COVAV", "UNIT_ID": "2093923", "MAIN_KEY_1": 1560679, "MAIN_COMP1": "72", "UNIT_ID_2": "2091847", "MAIN_KEY_2": 1560673, "MAIN_COMP2": 30, "COMPKEY": 1560682, "MAIN_KEY": 64156, "COMPTYPE": 31, "UPDATED_BY": "ENHANMGETASK", "ADDRESS_KEY": 155167, "TB_AREA": "CBC08", "DISTRICT": "1", "FACET_GRID": "P16", "CONSTRUCTION_TECHNIQUE": null, "CONNECTN_TYPE": null, "CONNECTN_CONDITION": null, "DATE_OF_PERMIT": null, "SPECIAL_INSTRUCTIONS": null, "TV_CONDITION": "Very Good", "TV_LAST_INSPECTION_DATE": 1643875200000, "TV_INCOMPLETE": null, "TV_NEXT_INSPECTED_DATE": null, "LAST_INSPECTED_OK": null, "DATE_LAST_CLEANING_REQ": null, "DT_LAST_CLEANED": null, "INSPECTED_USER_ID": null, "CLEAN_USER_ID": null, "FURTHER_WORK_REQUIRED": "No", "FURTHERWORK_COMPLETED": "No", "WORK_ID": null, "PARALLEL_LINE_NO": null, "DISTANCE": null, "MAP_TOOLTIP": "3.23 - 250 SAN  2.48 % 2022 1", "HC_FID": 2093920, "SUBAREA": "P16", "DEPTH_AT_PL": null, "DEPTH_AT_PL_BELOW_CL": null, "OFFSET_DIRECTION": null, "OFFSET_FROM_PL": null, "DIAMETER_INSIDE": 250, "NAMENUMBER": null, "TO_MAIN_FID": null, "PERMIT_NUMBER": null, "STREET_NAME": "W KING EDWARD AV", "HUNDRED_BLOCK": "000", "HCORACLEID": "__HAURK7", "AS_BUILT": "Yes", "LASTUPDATE_iso": "2024-09-28", "INSTALLDATE_iso": "2022-11-05", "TV_LAST_INSPECTION_DATE_iso": "2022-02-03"}, "geometry": {"type": "LineString", "coordinates": [[-123.1063541700315, 49.248321063130824], [-123.10639856682755, 49.24832182282841]]}}, {"type": "Feature", "properties": {"SHAPE_Length": 66.91009072662823, "OBJECTID": 136658133, "COV_SOURCE_KEY": "2061412", "LASTUPDATE": 1669924528000, "TBFID": 2061412, "UNIT_DESCRIPTION": null, "INSTALLDATE": 1639123200000, "LANE_LOCATION": "Lane South", "PIPE_USE": "Main", "SERVICE_STATUS": "In Service", "EFFLUENT_TYPE": "Sanitary", "TB_LENGTH": 66.91009073, "GRADE": 2.74, "MATERIAL": "Polyvinyl Chloride", "VALIDATION_DATE": null, "BUN": null, "UPSTREAM_INVERT": 74.5, "UPSTRM_INVERT_ESTIMATED": null, "DWNSTREAM_INVERT": 72.67, "DNSTRM_INVERT_ESTIMATED": null, "RAMP_TYPE": "Closed", "PIPE_SHAPE": null, "HEIGHT_MM": null, "WIDTH_MM": null, "SECTION_NAME": null, "FLOW_CATEGORY": "Gravity", "NORMAL_PRESSURE": null, "LINING_MATERIAL": null, "ON_PILES": null, "ON_SLAB": null, "NFB_NOTATION": null, "DRAWING_NUMBER": "DB3625", "PP_NUMBER": null, "NFB_ELEVATION": null, "NFB_TYPE": null, "WET_WEATHER_ONLY": null, "REMARKS": "C/R", "LEGACY_ID": "__H2IIWO", "SOIL_TYPE": null, "SOIL_CONDITION": null, "TYPE_OF_FILL": null, "OWNEDBY": "COVAV", "OPERATOR": "COVAV", "UNIT_ID": "2061310", "MAIN_KEY_1": 983304, "MAIN_COMP1": "30", "UNIT_ID_2": "2061408", "MAIN_KEY_2": 983288, "MAIN_COMP2": 30, "COMPKEY": 983344, "MAIN_KEY": 63065, "COMPTYPE": 31, "UPDATED_BY": "qet39", "ADDRESS_KEY": 148734, "TB_AREA": "CBC06", "DISTRICT": "3", "FACET_GRID": "N17", "CONSTRUCTION_TECHNIQUE": null, "CONNECTN_TYPE": null, "CONNECTN_CONDITION": null, "DATE_OF_PERMIT": null, "SPECIAL_INSTRUCTIONS": null, "TV_CONDITION": null, "TV_LAST_INSPECTION_DATE": null, "TV_INCOMPLETE": null, "TV_NEXT_INSPECTED_DATE": null, "LAST_INSPECTED_OK": null, "DATE_LAST_CLEANING_REQ": null, "DT_LAST_CLEANED": null, "INSPECTED_USER_ID": null, "CLEAN_USER_ID": null, "FURTHER_WORK_REQUIRED": null, "FURTHERWORK_COMPLETED": null, "WORK_ID": null, "PARALLEL_LINE_NO": null, "DISTANCE": null, "MAP_TOOLTIP": "66.91 - 200 SAN  2.74 % 2021 ", "HC_FID": 2061412, "SUBAREA": "N17", "DEPTH_AT_PL": null, "DEPTH_AT_PL_BELOW_CL": null, "OFFSET_DIRECTION": null, "OFFSET_FROM_PL": null, "DIAMETER_INSIDE": 200, "NAMENUMBER": null, "TO_MAIN_FID": null, "PERMIT_NUMBER": null, "STREET_NAME": "W 32ND AV", "HUNDRED_BLOCK": "1000", "HCORACLEID": "__H2IIWP", "AS_BUILT": "Yes", "LASTUPDATE_iso": "2022-12-01", "INSTALLDATE_iso": "2021-12-10"}, "geometry": {"type": "LineString", "coordinates": [[-123.12943755812077, 49.241978030309866], [-123.12851946514205, 49.24194783280008]]}}, {"type": "Feature", "properties": {"SHAPE_Length": 30.28490383154708, "OBJECTID": 136658135, "COV_SOURCE_KEY": "2061444", "LASTUPDATE": 1669924550000, "TBFID": 2061444, "UNIT_DESCRIPTION": null, "INSTALLDATE": 1639123200000, "LANE_LOCATION": "Lane West", "PIPE_USE": "Main", "SERVICE_STATUS": "In Service", "EFFLUENT_TYPE": "Sanitary", "TB_LENGTH": 30.28490383, "GRADE": 4.69, "MATERIAL": "Polyvinyl Chloride", "VALIDATION_DATE": null, "BUN": null, "UPSTREAM_INVERT": 73.25, "UPSTRM_INVERT_ESTIMATED": null, "DWNSTREAM_INVERT": 71.83, "DNSTRM_INVERT_ESTIMATED": null, "RAMP_TYPE": null, "PIPE_SHAPE": null, "HEIGHT_MM": null, "WIDTH_MM": null, "SECTION_NAME": null, "FLOW_CATEGORY": "Gravity", "NORMAL_PRESSURE": null, "LINING_MATERIAL": null, "ON_PILES": null, "ON_SLAB": null, "NFB_NOTATION": null, "DRAWING_NUMBER": "DB3625", "PP_NUMBER": null, "NFB_ELEVATION": null, "NFB_TYPE": null, "WET_WEATHER_ONLY": null, "REMARKS": null, "LEGACY_ID": "__H2IIYC", "SOIL_TYPE": null, "SOIL_CONDITION": null, "TYPE_OF_FILL": null, "OWNEDBY": "COVAV", "OPERATOR": "COVAV", "UNIT_ID": "2061442", "MAIN_KEY_1": 983295, "MAIN_COMP1": "30", "UNIT_ID_2": "2061408", "MAIN_KEY_2": 983288, "MAIN_COMP2": 30, "COMPKEY": 983355, "MAIN_KEY": 63076, "COMPTYPE": 31, "UPDATED_BY": "qet39", "ADDRESS_KEY": 155442, "TB_AREA": "CBC06", "DISTRICT": "3", "FACET_GRID": "N17", "CONSTRUCTION_TECHNIQUE": null, "CONNECTN_TYPE": null, "CONNECTN_CONDITION": null, "DATE_OF_PERMIT": null, "SPECIAL_INSTRUCTIONS": null, "TV_CONDITION": null, "TV_LAST_INSPECTION_DATE": null, "TV_INCOMPLETE": null, "TV_NEXT_INSPECTED_DATE": null, "LAST_INSPECTED_OK": null, "DATE_LAST_CLEANING_REQ": null, "DT_LAST_CLEANED": null, "INSPECTED_USER_ID": null, "CLEAN_USER_ID": null, "FURTHER_WORK_REQUIRED": null, "FURTHERWORK_COMPLETED": null, "WORK_ID": null, "PARALLEL_LINE_NO": null, "DISTANCE": null, "MAP_TOOLTIP": "30.28 - 300 SAN  4.69 % 2021 ", "HC_FID": 2061444, "SUBAREA": "N17", "DEPTH_AT_PL": null, "DEPTH_AT_PL_BELOW_CL": null, "OFFSET_DIRECTION": null, "OFFSET_FROM_PL": null, "DIAMETER_INSIDE": 300, "NAMENUMBER": null, "TO_MAIN_FID": null, "PERMIT_NUMBER": null, "STREET_NAME": "OAK ST", "HUNDRED_BLOCK": "4800", "HCORACLEID": "__H2IIYD", "AS_BUILT": "Yes", "LASTUPDATE_iso": "2022-12-01", "INSTALLDATE_iso": "2021-12-10"}, "geometry": {"type": "LineString", "coordinates": [[-123.12853181107313, 49.24167589291341], [-123.12851946607576, 49.24194819260871]]}}, {"type": "Feature", "properties": {"SHAPE_Length": 49.79585093129118, "OBJECTID": 136658186, "COV_SOURCE_KEY": "2061472", "LASTUPDATE": 1669924507000, "TBFID": 2061472, "UNIT_DESCRIPTION": null, "INSTALLDATE": 1639123200000, "LANE_LOCATION": "Lane West", "PIPE_USE": "Main", "SERVICE_STATUS": "In Service", "EFFLUENT_TYPE": "Sanitary", "TB_LENGTH": 49.79585093, "GRADE": 1.04, "MATERIAL": "Polyvinyl Chloride", "VALIDATION_DATE": null, "BUN": null, "UPSTREAM_INVERT": 71.74, "UPSTRM_INVERT_ESTIMATED": null, "DWNSTREAM_INVERT": 71.22, "DNSTRM_INVERT_ESTIMATED": null, "RAMP_TYPE": null, "PIPE_SHAPE": null, "HEIGHT_MM": null, "WIDTH_MM": null, "SECTION_NAME": null, "FLOW_CATEGORY": "Gravity", "NORMAL_PRESSURE": null, "LINING_MATERIAL": null, "ON_PILES": null, "ON_SLAB": null, "NFB_NOTATION": null, "DRAWING_NUMBER": "DB3625", "PP_NUMBER": null, "NFB_ELEVATION": null, "NFB_TYPE": null, "WET_WEATHER_ONLY": null, "REMARKS": null, "LEGACY_ID": "__H2IIYR", "SOIL_TYPE": null, "SOIL_CONDITION": null, "TYPE_OF_FILL": null, "OWNEDBY": "COVAV", "OPERATOR": "COVAV", "UNIT_ID": "2061408", "MAIN_KEY_1": 983288, "MAIN_COMP1": "30", "UNIT_ID_2": "2013386", "MAIN_KEY_2": 944182, "MAIN_COMP2": 30, "COMPKEY": 983334, "MAIN_KEY": 63055, "COMPTYPE": 31, "UPDATED_BY": "qet39", "ADDRESS_KEY": 155442, "TB_AREA": "CBC06", "DISTRICT": "3", "FACET_GRID": "N17", "CONSTRUCTION_TECHNIQUE": null, "CONNECTN_TYPE": null, "CONNECTN_CONDITION": null, "DATE_OF_PERMIT": null, "SPECIAL_INSTRUCTIONS": null, "TV_CONDITION": null, "TV_LAST_INSPECTION_DATE": null, "TV_INCOMPLETE": null, "TV_NEXT_INSPECTED_DATE": null, "LAST_INSPECTED_OK": null, "DATE_LAST_CLEANING_REQ": null, "DT_LAST_CLEANED": null, "INSPECTED_USER_ID": null, "CLEAN_USER_ID": null, "FURTHER_WORK_REQUIRED": null, "FURTHERWORK_COMPLETED": null, "WORK_ID": null, "PARALLEL_LINE_NO": null, "DISTANCE": null, "MAP_TOOLTIP": "49.8 - 300 SAN  1.04 % 2021 ", "HC_FID": 2061472, "SUBAREA": "N17", "DEPTH_AT_PL": null, "DEPTH_AT_PL_BELOW_CL": null, "OFFSET_DIRECTION": null, "OFFSET_FROM_PL": null, "DIAMETER_INSIDE": 300, "NAMENUMBER": null, "TO_MAIN_FID": null, "PERMIT_NUMBER": null, "STREET_NAME": "OAK ST", "HUNDRED_BLOCK": "4800", "HCORACLEID": "__H2IIYS", "AS_BUILT": "Yes", "LASTUPDATE_iso": "2022-12-01", "INSTALLDATE_iso": "2021-12-10"}, "geometry": {"type": "LineString", "coordinates": [[-123.12852613820073, 49.24195162136836], [-123.128505689088, 49.24239934625468]]}}, {"type": "Feature", "properties": {"SHAPE_Length": 75.41535913204686, "OBJECTID": 136662694, "COV_SOURCE_KEY": "2137757", "LASTUPDATE": 1740645032000, "TBFID": 2137757, "UNIT_DESCRIPTION": null, "INSTALLDATE": 1637049600000, "LANE_LOCATION": null, "PIPE_USE": "Main", "SERVICE_STATUS": "In Service", "EFFLUENT_TYPE": "Sanitary", "TB_LENGTH": 75.55, "GRADE": 4.28, "MATERIAL": "Polyvinyl Chloride", "VALIDATION_DATE": null, "BUN": null, "UPSTREAM_INVERT": 82, "UPSTRM_INVERT_ESTIMATED": null, "DWNSTREAM_INVERT": 78.77, "DNSTRM_INVERT_ESTIMATED": null, "RAMP_TYPE": null, "PIPE_SHAPE": "Round", "HEIGHT_MM": null, "WIDTH_MM": null, "SECTION_NAME": null, "FLOW_CATEGORY": "Gravity", "NORMAL_PRESSURE": null, "LINING_MATERIAL": null, "ON_PILES": null, "ON_SLAB": null, "NFB_NOTATION": null, "DRAWING_NUMBER": "DB4195C", "PP_NUMBER": null, "NFB_ELEVATION": null, "NFB_TYPE": null, "WET_WEATHER_ONLY": null, "REMARKS": null, "LEGACY_ID": "__HHD61N", "SOIL_TYPE": null, "SOIL_CONDITION": null, "TYPE_OF_FILL": null, "OWNEDBY": "COVAV", "OPERATOR": "COVAV", "UNIT_ID": "2137755", "MAIN_KEY_1": 1588143, "MAIN_COMP1": "30", "UNIT_ID_2": "1990558", "MAIN_KEY_2": 934384, "MAIN_COMP2": 30, "COMPKEY": 1588164, "MAIN_KEY": 65748, "COMPTYPE": 31, "UPDATED_BY": "ENHANMGETASK", "ADDRESS_KEY": 153685, "TB_AREA": "CBC07", "DISTRICT": "3", "FACET_GRID": "O17", "CONSTRUCTION_TECHNIQUE": null, "CONNECTN_TYPE": null, "CONNECTN_CONDITION": null, "DATE_OF_PERMIT": null, "SPECIAL_INSTRUCTIONS": null, "TV_CONDITION": "Very Good", "TV_LAST_INSPECTION_DATE": 1631602800000, "TV_INCOMPLETE": null, "TV_NEXT_INSPECTED_DATE": null, "LAST_INSPECTED_OK": null, "DATE_LAST_CLEANING_REQ": null, "DT_LAST_CLEANED": null, "INSPECTED_USER_ID": null, "CLEAN_USER_ID": null, "FURTHER_WORK_REQUIRED": "No", "FURTHERWORK_COMPLETED": "No", "WORK_ID": null, "PARALLEL_LINE_NO": null, "DISTANCE": null, "MAP_TOOLTIP": "75.55 - 250 SAN  4.28 % 2021 1", "HC_FID": 2137757, "SUBAREA": "O17", "DEPTH_AT_PL": null, "DEPTH_AT_PL_BELOW_CL": null, "OFFSET_DIRECTION": null, "OFFSET_FROM_PL": null, "DIAMETER_INSIDE": 250, "NAMENUMBER": null, "TO_MAIN_FID": null, "PERMIT_NUMBER": null, "STREET_NAME": "W 30TH AV", "HUNDRED_BLOCK": "600", "HCORACLEID": "__HHD61O", "AS_BUILT": "Yes", "LASTUPDATE_iso": "2025-02-27", "INSTALLDATE_iso": "2021-11-16", "TV_LAST_INSPECTION_DATE_iso": "2021-09-14"}, "geometry": {"type": "LineString", "coordinates": [[-123.11860007254296, 49.24432080733642], [-123.11963587722099, 49.24433834152095]]}}, {"type": "Feature", "properties": {"SHAPE_Length": 26.15748707254784, "OBJECTID": 136662699, "COV_SOURCE_KEY": "2137789", "LASTUPDATE": 1740645031000, "TBFID": 2137789, "UNIT_DESCRIPTION": null, "INSTALLDATE": 1637049600000, "LANE_LOCATION": null, "PIPE_USE": "Main", "SERVICE_STATUS": "In Service", "EFFLUENT_TYPE": "Sanitary", "TB_LENGTH": 26.2, "GRADE": 2.33, "MATERIAL": "Polyvinyl Chloride", "VALIDATION_DATE": null, "BUN": null, "UPSTREAM_INVERT": 84.52, "UPSTRM_INVERT_ESTIMATED": null, "DWNSTREAM_INVERT": 83.91, "DNSTRM_INVERT_ESTIMATED": null, "RAMP_TYPE": null, "PIPE_SHAPE": null, "HEIGHT_MM": null, "WIDTH_MM": null, "SECTION_NAME": null, "FLOW_CATEGORY": "Gravity", "NORMAL_PRESSURE": null, "LINING_MATERIAL": null, "ON_PILES": null, "ON_SLAB": null, "NFB_NOTATION": null, "DRAWING_NUMBER": "DB4195C", "PP_NUMBER": null, "NFB_ELEVATION": null, "NFB_TYPE": null, "WET_WEATHER_ONLY": null, "REMARKS": null, "LEGACY_ID": "__HHD62A", "SOIL_TYPE": null, "SOIL_CONDITION": null, "TYPE_OF_FILL": null, "OWNEDBY": "COVAV", "OPERATOR": "COVAV", "UNIT_ID": "2137785", "MAIN_KEY_1": 1588138, "MAIN_COMP1": "30", "UNIT_ID_2": "2137781", "MAIN_KEY_2": 1588146, "MAIN_COMP2": 30, "COMPKEY": 1588162, "MAIN_KEY": 65746, "COMPTYPE": 31, "UPDATED_BY": "ENHANMGETASK", "ADDRESS_KEY": 152289, "TB_AREA": "CBC07", "DISTRICT": "3", "FACET_GRID": "O17", "CONSTRUCTION_TECHNIQUE": null, "CONNECTN_TYPE": null, "CONNECTN_CONDITION": null, "DATE_OF_PERMIT": null, "SPECIAL_INSTRUCTIONS": null, "TV_CONDITION": "Very Good", "TV_LAST_INSPECTION_DATE": 1631602800000, "TV_INCOMPLETE": null, "TV_NEXT_INSPECTED_DATE": null, "LAST_INSPECTED_OK": null, "DATE_LAST_CLEANING_REQ": null, "DT_LAST_CLEANED": null, "INSPECTED_USER_ID": null, "CLEAN_USER_ID": null, "FURTHER_WORK_REQUIRED": "No", "FURTHERWORK_COMPLETED": "No", "WORK_ID": null, "PARALLEL_LINE_NO": null, "DISTANCE": null, "MAP_TOOLTIP": "26.2 - 250 SAN  2.33 % 2021 1", "HC_FID": 2137789, "SUBAREA": "O17", "DEPTH_AT_PL": null, "DEPTH_AT_PL_BELOW_CL": null, "OFFSET_DIRECTION": null, "OFFSET_FROM_PL": null, "DIAMETER_INSIDE": 250, "NAMENUMBER": null, "TO_MAIN_FID": null, "PERMIT_NUMBER": null, "STREET_NAME": "W 30TH AV", "HUNDRED_BLOCK": "500", "HCORACLEID": "__HHD62B", "AS_BUILT": "Yes", "LASTUPDATE_iso": "2025-02-27", "INSTALLDATE_iso": "2021-11-16", "TV_LAST_INSPECTION_DATE_iso": "2021-09-14"}, "geometry": {"type": "LineString", "coordinates": [[-123.11789346842508, 49.24411000754763], [-123.11819632193526, 49.244236683868834]]}}, {"type": "Feature", "properties": {"SHAPE_Length": 30.841170940725867, "OBJECTID": 136662701, "COV_SOURCE_KEY": "2137799", "LASTUPDATE": 1740645031000, "TBFID": 2137799, "UNIT_DESCRIPTION": null, "INSTALLDATE": 1637049600000, "LANE_LOCATION": null, "PIPE_USE": "Main", "SERVICE_STATUS": "In Service", "EFFLUENT_TYPE": "Sanitary", "TB_LENGTH": 30.84117094, "GRADE": 5.9, "MATERIAL": "Polyvinyl Chloride", "VALIDATION_DATE": null, "BUN": null, "UPSTREAM_INVERT": 83.89, "UPSTRM_INVERT_ESTIMATED": null, "DWNSTREAM_INVERT": 82.07, "DNSTRM_INVERT_ESTIMATED": null, "RAMP_TYPE": null, "PIPE_SHAPE": null, "HEIGHT_MM": null, "WIDTH_MM": null, "SECTION_NAME": null, "FLOW_CATEGORY": "Gravity", "NORMAL_PRESSURE": null, "LINING_MATERIAL": null, "ON_PILES": null, "ON_SLAB": null, "NFB_NOTATION": null, "DRAWING_NUMBER": "DB4195C", "PP_NUMBER": null, "NFB_ELEVATION": null, "NFB_TYPE": null, "WET_WEATHER_ONLY": null, "REMARKS": null, "LEGACY_ID": "__HHD62E", "SOIL_TYPE": null, "SOIL_CONDITION": null, "TYPE_OF_FILL": null, "OWNEDBY": "COVAV", "OPERATOR": "COVAV", "UNIT_ID": "2137781", "MAIN_KEY_1": 1588146, "MAIN_COMP1": "30", "UNIT_ID_2": "2137755", "MAIN_KEY_2": 1588143, "MAIN_COMP2": 30, "COMPKEY": 1588156, "MAIN_KEY": 65740, "COMPTYPE": 31, "UPDATED_BY": "ENHANMGETASK", "ADDRESS_KEY": 152289, "TB_AREA": "CBC07", "DISTRICT": "3", "FACET_GRID": "O17", "CONSTRUCTION_TECHNIQUE": null, "CONNECTN_TYPE": null, "CONNECTN_CONDITION": null, "DATE_OF_PERMIT": null, "SPECIAL_INSTRUCTIONS": null, "TV_CONDITION": "Very Good", "TV_LAST_INSPECTION_DATE": 1631602800000, "TV_INCOMPLETE": null, "TV_NEXT_INSPECTED_DATE": null, "LAST_INSPECTED_OK": null, "DATE_LAST_CLEANING_REQ": null, "DT_LAST_CLEANED": null, "INSPECTED_USER_ID": null, "CLEAN_USER_ID": null, "FURTHER_WORK_REQUIRED": "No", "FURTHERWORK_COMPLETED": "No", "WORK_ID": null, "PARALLEL_LINE_NO": null, "DISTANCE": null, "MAP_TOOLTIP": "30.84 - 250 SAN  5.90 % 2021 1", "HC_FID": 2137799, "SUBAREA": "O17", "DEPTH_AT_PL": null, "DEPTH_AT_PL_BELOW_CL": null, "OFFSET_DIRECTION": null, "OFFSET_FROM_PL": null, "DIAMETER_INSIDE": 250, "NAMENUMBER": null, "TO_MAIN_FID": null, "PERMIT_NUMBER": null, "STREET_NAME": "W 30TH AV", "HUNDRED_BLOCK": "500", "HCORACLEID": "__HHD62F", "AS_BUILT": "Yes", "LASTUPDATE_iso": "2025-02-27", "INSTALLDATE_iso": "2021-11-16", "TV_LAST_INSPECTION_DATE_iso": "2021-09-14"}, "geometry": {"type": "LineString", "coordinates": [[-123.11819625334654, 49.244236728915205], [-123.11860005880374, 49.244320807350526]]}}, {"type": "Feature", "properties": {"SHAPE_Length": 5.115095795480805, "OBJECTID": 136662704, "COV_SOURCE_KEY": "2137822", "LASTUPDATE": 1736497818000, "TBFID": 2137822, "UNIT_DESCRIPTION": null, "INSTALLDATE": 1637049600000, "LANE_LOCATION": null, "PIPE_USE": "Main", "SERVICE_STATUS": "In Service", "EFFLUENT_TYPE": "Sanitary", "TB_LENGTH": 5.15, "GRADE": 1.36, "MATERIAL": "Polyvinyl Chloride", "VALIDATION_DATE": null, "BUN": null, "UPSTREAM_INVERT": 85.16, "UPSTRM_INVERT_ESTIMATED": null, "DWNSTREAM_INVERT": 85.09, "DNSTRM_INVERT_ESTIMATED": null, "RAMP_TYPE": null, "PIPE_SHAPE": null, "HEIGHT_MM": null, "WIDTH_MM": null, "SECTION_NAME": null, "FLOW_CATEGORY": "Gravity", "NORMAL_PRESSURE": null, "LINING_MATERIAL": null, "ON_PILES": null, "ON_SLAB": null, "NFB_NOTATION": null, "DRAWING_NUMBER": "DB4195C", "PP_NUMBER": null, "NFB_ELEVATION": null, "NFB_TYPE": null, "WET_WEATHER_ONLY": null, "REMARKS": null, "LEGACY_ID": "__HHD62O", "SOIL_TYPE": null, "SOIL_CONDITION": null, "TYPE_OF_FILL": null, "OWNEDBY": "COVAV", "OPERATOR": "COVAV", "UNIT_ID": "2137815", "MAIN_KEY_1": 1588139, "MAIN_COMP1": "30", "UNIT_ID_2": "2137811", "MAIN_KEY_2": 1588141, "MAIN_COMP2": 30, "COMPKEY": 1588161, "MAIN_KEY": 65745, "COMPTYPE": 31, "UPDATED_BY": "ENHANMGETASK", "ADDRESS_KEY": 1, "TB_AREA": null, "DISTRICT": null, "FACET_GRID": null, "CONSTRUCTION_TECHNIQUE": null, "CONNECTN_TYPE": null, "CONNECTN_CONDITION": null, "DATE_OF_PERMIT": null, "SPECIAL_INSTRUCTIONS": null, "TV_CONDITION": "Very Good", "TV_LAST_INSPECTION_DATE": 1631602800000, "TV_INCOMPLETE": null, "TV_NEXT_INSPECTED_DATE": null, "LAST_INSPECTED_OK": null, "DATE_LAST_CLEANING_REQ": null, "DT_LAST_CLEANED": null, "INSPECTED_USER_ID": null, "CLEAN_USER_ID": null, "FURTHER_WORK_REQUIRED": "No", "FURTHERWORK_COMPLETED": "No", "WORK_ID": null, "PARALLEL_LINE_NO": null, "DISTANCE": null, "MAP_TOOLTIP": "5.15 - 250 SAN  1.36 % 2021 1", "HC_FID": 2137822, "SUBAREA": null, "DEPTH_AT_PL": null, "DEPTH_AT_PL_BELOW_CL": null, "OFFSET_DIRECTION": null, "OFFSET_FROM_PL": null, "DIAMETER_INSIDE": 250, "NAMENUMBER": null, "TO_MAIN_FID": null, "PERMIT_NUMBER": null, "STREET_NAME": " ", "HUNDRED_BLOCK": "000", "HCORACLEID": "__HHD62P", "AS_BUILT": "Yes", "LASTUPDATE_iso": "2025-01-10", "INSTALLDATE_iso": "2021-11-16", "TV_LAST_INSPECTION_DATE_iso": "2021-09-14"}, "geometry": {"type": "LineString", "coordinates": [[-123.11854775113672, 49.24378609416407], [-123.1184781337047, 49.24377980594545]]}}, {"type": "Feature", "properties": {"SHAPE_Length": 56.18736222722695, "OBJECTID": 136662706, "COV_SOURCE_KEY": "2137832", "LASTUPDATE": 1736497817000, "TBFID": 2137832, "UNIT_DESCRIPTION": null, "INSTALLDATE": 1637308800000, "LANE_LOCATION": "Lane West", "PIPE_USE": "Main", "SERVICE_STATUS": "In Service", "EFFLUENT_TYPE": "Sanitary", "TB_LENGTH": 56.18736223, "GRADE": 0.93, "MATERIAL": "Polyvinyl Chloride", "VALIDATION_DATE": null, "BUN": null, "UPSTREAM_INVERT": 85.04, "UPSTRM_INVERT_ESTIMATED": null, "DWNSTREAM_INVERT": 84.52, "DNSTRM_INVERT_ESTIMATED": null, "RAMP_TYPE": null, "PIPE_SHAPE": null, "HEIGHT_MM": null, "WIDTH_MM": null, "SECTION_NAME": null, "FLOW_CATEGORY": "Gravity", "NORMAL_PRESSURE": null, "LINING_MATERIAL": null, "ON_PILES": null, "ON_SLAB": null, "NFB_NOTATION": null, "DRAWING_NUMBER": "DB4195C", "PP_NUMBER": null, "NFB_ELEVATION": null, "NFB_TYPE": null, "WET_WEATHER_ONLY": null, "REMARKS": null, "LEGACY_ID": "__HHD62S", "SOIL_TYPE": null, "SOIL_CONDITION": null, "TYPE_OF_FILL": null, "OWNEDBY": "COVAV", "OPERATOR": "COVAV", "UNIT_ID": "2137811", "MAIN_KEY_1": 1588141, "MAIN_COMP1": "30", "UNIT_ID_2": "2137785", "MAIN_KEY_2": 1588138, "MAIN_COMP2": 30, "COMPKEY": 1588159, "MAIN_KEY": 65743, "COMPTYPE": 31, "UPDATED_BY": "ENHANMGETASK", "ADDRESS_KEY": 154808, "TB_AREA": "CBC07", "DISTRICT": "3", "FACET_GRID": "O17", "CONSTRUCTION_TECHNIQUE": null, "CONNECTN_TYPE": null, "CONNECTN_CONDITION": null, "DATE_OF_PERMIT": null, "SPECIAL_INSTRUCTIONS": null, "TV_CONDITION": "Very Good", "TV_LAST_INSPECTION_DATE": 1631602800000, "TV_INCOMPLETE": null, "TV_NEXT_INSPECTED_DATE": null, "LAST_INSPECTED_OK": null, "DATE_LAST_CLEANING_REQ": null, "DT_LAST_CLEANED": null, "INSPECTED_USER_ID": null, "CLEAN_USER_ID": null, "FURTHER_WORK_REQUIRED": "No", "FURTHERWORK_COMPLETED": "No", "WORK_ID": null, "PARALLEL_LINE_NO": null, "DISTANCE": null, "MAP_TOOLTIP": "56.19 - 250 SAN  0.93 % 2021 1", "HC_FID": 2137832, "SUBAREA": "O17", "DEPTH_AT_PL": null, "DEPTH_AT_PL_BELOW_CL": null, "OFFSET_DIRECTION": null, "OFFSET_FROM_PL": null, "DIAMETER_INSIDE": 250, "NAMENUMBER": null, "TO_MAIN_FID": null, "PERMIT_NUMBER": null, "STREET_NAME": "CAMBIE ST", "HUNDRED_BLOCK": "4600", "HCORACLEID": "__HHD62T", "AS_BUILT": "Yes", "LASTUPDATE_iso": "2025-01-10", "INSTALLDATE_iso": "2021-11-19", "TV_LAST_INSPECTION_DATE_iso": "2021-09-14"}, "geometry": {"type": "LineString", "coordinates": [[-123.1184778725975, 49.243779779227516], [-123.11789346842508, 49.24411000754763]]}}, {"type": "Feature", "properties": {"SHAPE_Length": 74.76722630983393, "OBJECTID": 136662771, "COV_SOURCE_KEY": "2184187", "LASTUPDATE": 1775633426000, "TBFID": 2184187, "UNIT_DESCRIPTION": null, "INSTALLDATE": 1686898800000, "LANE_LOCATION": null, "PIPE_USE": "Main", "SERVICE_STATUS": "In Service", "EFFLUENT_TYPE": "Sanitary", "TB_LENGTH": 74.76722631, "GRADE": 0.45, "MATERIAL": "Polyvinyl Chloride", "VALIDATION_DATE": null, "BUN": null, "UPSTREAM_INVERT": 60.51, "UPSTRM_INVERT_ESTIMATED": null, "DWNSTREAM_INVERT": 60.17, "DNSTRM_INVERT_ESTIMATED": null, "RAMP_TYPE": null, "PIPE_SHAPE": null, "HEIGHT_MM": null, "WIDTH_MM": null, "SECTION_NAME": null, "FLOW_CATEGORY": "Gravity", "NORMAL_PRESSURE": null, "LINING_MATERIAL": null, "ON_PILES": null, "ON_SLAB": null, "NFB_NOTATION": null, "DRAWING_NUMBER": "DB4160C", "PP_NUMBER": null, "NFB_ELEVATION": null, "NFB_TYPE": null, "WET_WEATHER_ONLY": null, "REMARKS": null, "LEGACY_ID": "__HNPT7H", "SOIL_TYPE": null, "SOIL_CONDITION": null, "TYPE_OF_FILL": null, "OWNEDBY": "COVAV", "OPERATOR": "COVAV", "UNIT_ID": "2183887", "MAIN_KEY_1": 1615399, "MAIN_COMP1": "30", "UNIT_ID_2": "2184067", "MAIN_KEY_2": 1615396, "MAIN_COMP2": 30, "COMPKEY": 1615405, "MAIN_KEY": 67300, "COMPTYPE": 31, "UPDATED_BY": "ENHANMGETASK", "ADDRESS_KEY": 148951, "TB_AREA": "CBC07", "DISTRICT": "3", "FACET_GRID": "O15", "CONSTRUCTION_TECHNIQUE": null, "CONNECTN_TYPE": null, "CONNECTN_CONDITION": null, "DATE_OF_PERMIT": null, "SPECIAL_INSTRUCTIONS": null, "TV_CONDITION": "Very Good", "TV_LAST_INSPECTION_DATE": 1676361600000, "TV_INCOMPLETE": null, "TV_NEXT_INSPECTED_DATE": null, "LAST_INSPECTED_OK": null, "DATE_LAST_CLEANING_REQ": null, "DT_LAST_CLEANED": null, "INSPECTED_USER_ID": null, "CLEAN_USER_ID": null, "FURTHER_WORK_REQUIRED": "No", "FURTHERWORK_COMPLETED": "No", "WORK_ID": null, "PARALLEL_LINE_NO": null, "DISTANCE": null, "MAP_TOOLTIP": "74.77 - 300 SAN  0.45 % 2023 1", "HC_FID": 2184187, "SUBAREA": "O15", "DEPTH_AT_PL": null, "DEPTH_AT_PL_BELOW_CL": null, "OFFSET_DIRECTION": null, "OFFSET_FROM_PL": null, "DIAMETER_INSIDE": 300, "NAMENUMBER": null, "TO_MAIN_FID": null, "PERMIT_NUMBER": null, "STREET_NAME": "ASH ST", "HUNDRED_BLOCK": "4000", "HCORACLEID": "__HNPT7I", "AS_BUILT": "Yes", "LASTUPDATE_iso": "2026-04-08", "INSTALLDATE_iso": "2023-06-16", "TV_LAST_INSPECTION_DATE_iso": "2023-02-14"}, "geometry": {"type": "LineString", "coordinates": [[-123.11740510997316, 49.249558099006876], [-123.11843222268939, 49.24957269339765]]}}, {"type": "Feature", "properties": {"SHAPE_Length": 10.863377605238405, "OBJECTID": 136662871, "COV_SOURCE_KEY": "2184535", "LASTUPDATE": 1775633426000, "TBFID": 2184535, "UNIT_DESCRIPTION": "Sanitary main 481244 ends at manhole 2183967", "INSTALLDATE": 1686898800000, "LANE_LOCATION": null, "PIPE_USE": "Main", "SERVICE_STATUS": "In Service", "EFFLUENT_TYPE": "Sanitary", "TB_LENGTH": 10.86337761, "GRADE": 1.29, "MATERIAL": "Polyvinyl Chloride", "VALIDATION_DATE": null, "BUN": null, "UPSTREAM_INVERT": 60.15, "UPSTRM_INVERT_ESTIMATED": null, "DWNSTREAM_INVERT": 60.01, "DNSTRM_INVERT_ESTIMATED": null, "RAMP_TYPE": "Closed", "PIPE_SHAPE": null, "HEIGHT_MM": null, "WIDTH_MM": null, "SECTION_NAME": null, "FLOW_CATEGORY": "Gravity", "NORMAL_PRESSURE": null, "LINING_MATERIAL": null, "ON_PILES": null, "ON_SLAB": null, "NFB_NOTATION": null, "DRAWING_NUMBER": "DB4160C", "PP_NUMBER": null, "NFB_ELEVATION": null, "NFB_TYPE": null, "WET_WEATHER_ONLY": null, "REMARKS": "C/R \r\n", "LEGACY_ID": "__HNPT9K", "SOIL_TYPE": null, "SOIL_CONDITION": null, "TYPE_OF_FILL": null, "OWNEDBY": "COVAV", "OPERATOR": "COVAV", "UNIT_ID": "2184067", "MAIN_KEY_1": 1615396, "MAIN_COMP1": "30", "UNIT_ID_2": "2183967", "MAIN_KEY_2": 1615394, "MAIN_COMP2": 30, "COMPKEY": 1615404, "MAIN_KEY": 67299, "COMPTYPE": 31, "UPDATED_BY": "ENHANMGETASK", "ADDRESS_KEY": 149212, "TB_AREA": "CBC07", "DISTRICT": "3", "FACET_GRID": "O15", "CONSTRUCTION_TECHNIQUE": null, "CONNECTN_TYPE": null, "CONNECTN_CONDITION": null, "DATE_OF_PERMIT": null, "SPECIAL_INSTRUCTIONS": null, "TV_CONDITION": "Very Good", "TV_LAST_INSPECTION_DATE": 1674806400000, "TV_INCOMPLETE": null, "TV_NEXT_INSPECTED_DATE": null, "LAST_INSPECTED_OK": null, "DATE_LAST_CLEANING_REQ": null, "DT_LAST_CLEANED": null, "INSPECTED_USER_ID": null, "CLEAN_USER_ID": null, "FURTHER_WORK_REQUIRED": "No", "FURTHERWORK_COMPLETED": "No", "WORK_ID": null, "PARALLEL_LINE_NO": "1", "DISTANCE": null, "MAP_TOOLTIP": "10.86 - 375 SAN  1.29 % 2023 1", "HC_FID": 2184535, "SUBAREA": "O15", "DEPTH_AT_PL": null, "DEPTH_AT_PL_BELOW_CL": null, "OFFSET_DIRECTION": null, "OFFSET_FROM_PL": null, "DIAMETER_INSIDE": 375, "NAMENUMBER": null, "TO_MAIN_FID": null, "PERMIT_NUMBER": null, "STREET_NAME": "ASH ST", "HUNDRED_BLOCK": "3900", "HCORACLEID": "__HNPT9L", "AS_BUILT": "Yes", "LASTUPDATE_iso": "2026-04-08", "INSTALLDATE_iso": "2023-06-16", "TV_LAST_INSPECTION_DATE_iso": "2023-01-27"}, "geometry": {"type": "LineString", "coordinates": [[-123.11842991408082, 49.249572623802344], [-123.11842777064152, 49.249670332174986]]}}, {"type": "Feature", "properties": {"SHAPE_Length": 1, "OBJECTID": 136662875, "COV_SOURCE_KEY": "2184655", "LASTUPDATE": 1763502924000, "TBFID": 2184655, "UNIT_DESCRIPTION": "Sanitary stub at 0.5%", "INSTALLDATE": 1686898800000, "LANE_LOCATION": null, "PIPE_USE": "Main", "SERVICE_STATUS": "In Service", "EFFLUENT_TYPE": "Sanitary", "TB_LENGTH": 1, "GRADE": null, "MATERIAL": "Polyvinyl Chloride", "VALIDATION_DATE": null, "BUN": null, "UPSTREAM_INVERT": null, "UPSTRM_INVERT_ESTIMATED": null, "DWNSTREAM_INVERT": 60.17, "DNSTRM_INVERT_ESTIMATED": null, "RAMP_TYPE": null, "PIPE_SHAPE": null, "HEIGHT_MM": null, "WIDTH_MM": null, "SECTION_NAME": null, "FLOW_CATEGORY": "Gravity", "NORMAL_PRESSURE": null, "LINING_MATERIAL": null, "ON_PILES": null, "ON_SLAB": null, "NFB_NOTATION": null, "DRAWING_NUMBER": "DB4160C", "PP_NUMBER": null, "NFB_ELEVATION": null, "NFB_TYPE": null, "WET_WEATHER_ONLY": null, "REMARKS": null, "LEGACY_ID": "__HNPTA1", "SOIL_TYPE": null, "SOIL_CONDITION": null, "TYPE_OF_FILL": null, "OWNEDBY": "COVAV", "OPERATOR": "COVAV", "UNIT_ID": null, "MAIN_KEY_1": null, "MAIN_COMP1": null, "UNIT_ID_2": null, "MAIN_KEY_2": null, "MAIN_COMP2": null, "COMPKEY": null, "MAIN_KEY": null, "COMPTYPE": 31, "UPDATED_BY": "VIL4825", "ADDRESS_KEY": 1, "TB_AREA": null, "DISTRICT": null, "FACET_GRID": null, "CONSTRUCTION_TECHNIQUE": null, "CONNECTN_TYPE": null, "CONNECTN_CONDITION": null, "DATE_OF_PERMIT": null, "SPECIAL_INSTRUCTIONS": null, "TV_CONDITION": null, "TV_LAST_INSPECTION_DATE": null, "TV_INCOMPLETE": null, "TV_NEXT_INSPECTED_DATE": null, "LAST_INSPECTED_OK": null, "DATE_LAST_CLEANING_REQ": null, "DT_LAST_CLEANED": null, "INSPECTED_USER_ID": null, "CLEAN_USER_ID": null, "FURTHER_WORK_REQUIRED": null, "FURTHERWORK_COMPLETED": null, "WORK_ID": null, "PARALLEL_LINE_NO": null, "DISTANCE": null, "MAP_TOOLTIP": "1 - 250 SAN   % 2023 ", "HC_FID": 2184655, "SUBAREA": null, "DEPTH_AT_PL": null, "DEPTH_AT_PL_BELOW_CL": null, "OFFSET_DIRECTION": null, "OFFSET_FROM_PL": null, "DIAMETER_INSIDE": 250, "NAMENUMBER": null, "TO_MAIN_FID": null, "PERMIT_NUMBER": null, "STREET_NAME": " ", "HUNDRED_BLOCK": "000", "HCORACLEID": "__HNPTA2", "AS_BUILT": "Yes", "LASTUPDATE_iso": "2025-11-18", "INSTALLDATE_iso": "2023-06-16"}, "geometry": {"type": "LineString", "coordinates": [[-123.11844596338258, 49.24957267931148], [-123.11843222268939, 49.24957269339765]]}}, {"type": "Feature", "properties": {"SHAPE_Length": 1.312320082593201, "OBJECTID": 136663444, "COV_SOURCE_KEY": "2152651", "LASTUPDATE": 1746470890000, "TBFID": 2152651, "UNIT_DESCRIPTION": null, "INSTALLDATE": 1732608000000, "LANE_LOCATION": "blank", "PIPE_USE": "Main", "SERVICE_STATUS": "In Service", "EFFLUENT_TYPE": "Sanitary", "TB_LENGTH": 1.31232008, "GRADE": 0, "MATERIAL": "Polyvinyl Chloride", "VALIDATION_DATE": null, "BUN": null, "UPSTREAM_INVERT": 92.13, "UPSTRM_INVERT_ESTIMATED": null, "DWNSTREAM_INVERT": 92.13, "DNSTRM_INVERT_ESTIMATED": null, "RAMP_TYPE": null, "PIPE_SHAPE": null, "HEIGHT_MM": null, "WIDTH_MM": null, "SECTION_NAME": null, "FLOW_CATEGORY": "Gravity", "NORMAL_PRESSURE": null, "LINING_MATERIAL": null, "ON_PILES": null, "ON_SLAB": null, "NFB_NOTATION": null, "DRAWING_NUMBER": "DB5177M", "PP_NUMBER": null, "NFB_ELEVATION": null, "NFB_TYPE": null, "WET_WEATHER_ONLY": null, "REMARKS": null, "LEGACY_ID": "__HKA514", "SOIL_TYPE": null, "SOIL_CONDITION": null, "TYPE_OF_FILL": null, "OWNEDBY": "COVAV", "OPERATOR": "COVAV", "UNIT_ID": "2152654", "MAIN_KEY_1": 1600479, "MAIN_COMP1": "72", "UNIT_ID_2": "2144974", "MAIN_KEY_2": 1600474, "MAIN_COMP2": 30, "COMPKEY": 1600483, "MAIN_KEY": 66524, "COMPTYPE": 31, "UPDATED_BY": "ZAT0224", "ADDRESS_KEY": 156147, "TB_AREA": "CBC07", "DISTRICT": "3", "FACET_GRID": "O17", "CONSTRUCTION_TECHNIQUE": null, "CONNECTN_TYPE": null, "CONNECTN_CONDITION": null, "DATE_OF_PERMIT": null, "SPECIAL_INSTRUCTIONS": null, "TV_CONDITION": null, "TV_LAST_INSPECTION_DATE": null, "TV_INCOMPLETE": null, "TV_NEXT_INSPECTED_DATE": null, "LAST_INSPECTED_OK": null, "DATE_LAST_CLEANING_REQ": null, "DT_LAST_CLEANED": null, "INSPECTED_USER_ID": null, "CLEAN_USER_ID": null, "FURTHER_WORK_REQUIRED": null, "FURTHERWORK_COMPLETED": null, "WORK_ID": null, "PARALLEL_LINE_NO": null, "DISTANCE": null, "MAP_TOOLTIP": "1.31 - 200 SAN  0.00 % 2024 ", "HC_FID": 2152651, "SUBAREA": "O17", "DEPTH_AT_PL": null, "DEPTH_AT_PL_BELOW_CL": null, "OFFSET_DIRECTION": null, "OFFSET_FROM_PL": null, "DIAMETER_INSIDE": 200, "NAMENUMBER": null, "TO_MAIN_FID": null, "PERMIT_NUMBER": null, "STREET_NAME": "W 33RD AV", "HUNDRED_BLOCK": "600", "HCORACLEID": "__HKA515", "AS_BUILT": "Yes", "LASTUPDATE_iso": "2025-05-05", "INSTALLDATE_iso": "2024-11-26"}, "geometry": {"type": "LineString", "coordinates": [[-123.11983154900217, 49.241111987023444], [-123.11981355007288, 49.24111130406241]]}}, {"type": "Feature", "properties": {"SHAPE_Length": 74.89420306827445, "OBJECTID": 136664258, "COV_SOURCE_KEY": "2048124", "LASTUPDATE": 1773071994000, "TBFID": 2048124, "UNIT_DESCRIPTION": "Reserved Storm/Sanitary Sewer Corridor", "INSTALLDATE": -2177424000000, "LANE_LOCATION": null, "PIPE_USE": "Main", "SERVICE_STATUS": "In Service", "EFFLUENT_TYPE": "Sanitary", "TB_LENGTH": 74.89420307, "GRADE": null, "MATERIAL": "Polyvinyl Chloride", "VALIDATION_DATE": null, "BUN": null, "UPSTREAM_INVERT": null, "UPSTRM_INVERT_ESTIMATED": null, "DWNSTREAM_INVERT": null, "DNSTRM_INVERT_ESTIMATED": null, "RAMP_TYPE": null, "PIPE_SHAPE": null, "HEIGHT_MM": null, "WIDTH_MM": null, "SECTION_NAME": null, "FLOW_CATEGORY": "Gravity", "NORMAL_PRESSURE": null, "LINING_MATERIAL": null, "ON_PILES": null, "ON_SLAB": null, "NFB_NOTATION": null, "DRAWING_NUMBER": null, "PP_NUMBER": null, "NFB_ELEVATION": null, "NFB_TYPE": null, "WET_WEATHER_ONLY": null, "REMARKS": "Reserved Storm/Sanitary Sewer Corridor", "LEGACY_ID": "__GZTH64", "SOIL_TYPE": null, "SOIL_CONDITION": null, "TYPE_OF_FILL": null, "OWNEDBY": "COVAV", "OPERATOR": "COVAV", "UNIT_ID": null, "MAIN_KEY_1": null, "MAIN_COMP1": null, "UNIT_ID_2": null, "MAIN_KEY_2": null, "MAIN_COMP2": null, "COMPKEY": null, "MAIN_KEY": null, "COMPTYPE": 31, "UPDATED_BY": "sil25", "ADDRESS_KEY": 1, "TB_AREA": null, "DISTRICT": null, "FACET_GRID": null, "CONSTRUCTION_TECHNIQUE": null, "CONNECTN_TYPE": null, "CONNECTN_CONDITION": null, "DATE_OF_PERMIT": null, "SPECIAL_INSTRUCTIONS": null, "TV_CONDITION": null, "TV_LAST_INSPECTION_DATE": null, "TV_INCOMPLETE": null, "TV_NEXT_INSPECTED_DATE": null, "LAST_INSPECTED_OK": null, "DATE_LAST_CLEANING_REQ": null, "DT_LAST_CLEANED": null, "INSPECTED_USER_ID": null, "CLEAN_USER_ID": null, "FURTHER_WORK_REQUIRED": null, "FURTHERWORK_COMPLETED": null, "WORK_ID": null, "PARALLEL_LINE_NO": null, "DISTANCE": null, "MAP_TOOLTIP": "74.89 -  SAN   % 1901 ", "HC_FID": 2048124, "SUBAREA": null, "DEPTH_AT_PL": null, "DEPTH_AT_PL_BELOW_CL": null, "OFFSET_DIRECTION": null, "OFFSET_FROM_PL": null, "DIAMETER_INSIDE": null, "NAMENUMBER": null, "TO_MAIN_FID": null, "PERMIT_NUMBER": null, "STREET_NAME": " ", "HUNDRED_BLOCK": "000", "HCORACLEID": "__GZTH65", "AS_BUILT": null, "LASTUPDATE_iso": "2026-03-09", "INSTALLDATE_iso": "1901-01-01"}, "geometry": {"type": "LineString", "coordinates": [[-123.11440854797824, 49.24724530112352], [-123.11438561902969, 49.24791882381973]]}}, {"type": "Feature", "properties": {"SHAPE_Length": 101.53348817559701, "OBJECTID": 136664745, "COV_SOURCE_KEY": "2119301", "LASTUPDATE": 1784653855000, "TBFID": 2119301, "UNIT_DESCRIPTION": null, "INSTALLDATE": 1677657600000, "LANE_LOCATION": "Lane South", "PIPE_USE": "Main", "SERVICE_STATUS": "In Service", "EFFLUENT_TYPE": "Sanitary", "TB_LENGTH": 101.53348818, "GRADE": 0.82, "MATERIAL": "Polyvinyl Chloride", "VALIDATION_DATE": null, "BUN": null, "UPSTREAM_INVERT": 64.66, "UPSTRM_INVERT_ESTIMATED": "No", "DWNSTREAM_INVERT": 63.83, "DNSTRM_INVERT_ESTIMATED": "No", "RAMP_TYPE": null, "PIPE_SHAPE": null, "HEIGHT_MM": null, "WIDTH_MM": null, "SECTION_NAME": null, "FLOW_CATEGORY": "Gravity", "NORMAL_PRESSURE": null, "LINING_MATERIAL": null, "ON_PILES": null, "ON_SLAB": null, "NFB_NOTATION": null, "DRAWING_NUMBER": "DB4407C", "PP_NUMBER": null, "NFB_ELEVATION": null, "NFB_TYPE": null, "WET_WEATHER_ONLY": null, "REMARKS": null, "LEGACY_ID": "__HFDITL", "SOIL_TYPE": null, "SOIL_CONDITION": null, "TYPE_OF_FILL": null, "OWNEDBY": "COVAV", "OPERATOR": "COVAV", "UNIT_ID": "1991807", "MAIN_KEY_1": 934864, "MAIN_COMP1": "30", "UNIT_ID_2": "2119304", "MAIN_KEY_2": 1600518, "MAIN_COMP2": 30, "COMPKEY": 1600520, "MAIN_KEY": 66529, "COMPTYPE": 31, "UPDATED_BY": "RUH8023", "ADDRESS_KEY": 150915, "TB_AREA": "CBC07", "DISTRICT": "3", "FACET_GRID": "P16", "CONSTRUCTION_TECHNIQUE": null, "CONNECTN_TYPE": null, "CONNECTN_CONDITION": null, "DATE_OF_PERMIT": null, "SPECIAL_INSTRUCTIONS": null, "TV_CONDITION": null, "TV_LAST_INSPECTION_DATE": null, "TV_INCOMPLETE": null, "TV_NEXT_INSPECTED_DATE": null, "LAST_INSPECTED_OK": null, "DATE_LAST_CLEANING_REQ": null, "DT_LAST_CLEANED": null, "INSPECTED_USER_ID": null, "CLEAN_USER_ID": null, "FURTHER_WORK_REQUIRED": null, "FURTHERWORK_COMPLETED": null, "WORK_ID": null, "PARALLEL_LINE_NO": null, "DISTANCE": null, "MAP_TOOLTIP": "101.53 - 250 SAN  0.82 % 2023 ", "HC_FID": 2119301, "SUBAREA": "P16", "DEPTH_AT_PL": null, "DEPTH_AT_PL_BELOW_CL": null, "OFFSET_DIRECTION": null, "OFFSET_FROM_PL": null, "DIAMETER_INSIDE": 250, "NAMENUMBER": null, "TO_MAIN_FID": null, "PERMIT_NUMBER": null, "STREET_NAME": "W KING EDWARD AV", "HUNDRED_BLOCK": "100", "HCORACLEID": "__HFDITM", "AS_BUILT": "Yes", "LASTUPDATE_iso": "2026-07-21", "INSTALLDATE_iso": "2023-03-01"}, "geometry": {"type": "LineString", "coordinates": [[-123.1087314658017, 49.248360489178296], [-123.11012598218807, 49.248387098538224]]}}, {"type": "Feature", "properties": {"SHAPE_Length": 81.32893613635339, "OBJECTID": 136667255, "COV_SOURCE_KEY": "2180270", "LASTUPDATE": 1760648170000, "TBFID": 2180270, "UNIT_DESCRIPTION": null, "INSTALLDATE": 1699603200000, "LANE_LOCATION": "blank", "PIPE_USE": "Main", "SERVICE_STATUS": "In Service", "EFFLUENT_TYPE": "Sanitary", "TB_LENGTH": 81.32893614, "GRADE": 1.99, "MATERIAL": "Polyvinyl Chloride", "VALIDATION_DATE": null, "BUN": null, "UPSTREAM_INVERT": 69.48, "UPSTRM_INVERT_ESTIMATED": "No", "DWNSTREAM_INVERT": 67.86, "DNSTRM_INVERT_ESTIMATED": "No", "RAMP_TYPE": "Closed", "PIPE_SHAPE": null, "HEIGHT_MM": null, "WIDTH_MM": null, "SECTION_NAME": null, "FLOW_CATEGORY": "Gravity", "NORMAL_PRESSURE": null, "LINING_MATERIAL": null, "ON_PILES": null, "ON_SLAB": null, "NFB_NOTATION": null, "DRAWING_NUMBER": "DB4641C", "PP_NUMBER": null, "NFB_ELEVATION": null, "NFB_TYPE": null, "WET_WEATHER_ONLY": null, "REMARKS": "AS BUILT SEE DB4641C", "LEGACY_ID": "__HMZLBJ", "SOIL_TYPE": null, "SOIL_CONDITION": null, "TYPE_OF_FILL": null, "OWNEDBY": "COVAV", "OPERATOR": "COVAV", "UNIT_ID": "2180274", "MAIN_KEY_1": 1613179, "MAIN_COMP1": "30", "UNIT_ID_2": "2180267", "MAIN_KEY_2": 1613177, "MAIN_COMP2": 30, "COMPKEY": 1613188, "MAIN_KEY": 67135, "COMPTYPE": 31, "UPDATED_BY": "SAP5424", "ADDRESS_KEY": 153949, "TB_AREA": "CBC07", "DISTRICT": "3", "FACET_GRID": "O16", "CONSTRUCTION_TECHNIQUE": null, "CONNECTN_TYPE": null, "CONNECTN_CONDITION": null, "DATE_OF_PERMIT": null, "SPECIAL_INSTRUCTIONS": null, "TV_CONDITION": null, "TV_LAST_INSPECTION_DATE": null, "TV_INCOMPLETE": null, "TV_NEXT_INSPECTED_DATE": null, "LAST_INSPECTED_OK": null, "DATE_LAST_CLEANING_REQ": null, "DT_LAST_CLEANED": null, "INSPECTED_USER_ID": null, "CLEAN_USER_ID": null, "FURTHER_WORK_REQUIRED": null, "FURTHERWORK_COMPLETED": null, "WORK_ID": null, "PARALLEL_LINE_NO": null, "DISTANCE": null, "MAP_TOOLTIP": "81.33 - 200 SAN  1.99 % 2023 ", "HC_FID": 2180270, "SUBAREA": "O16", "DEPTH_AT_PL": null, "DEPTH_AT_PL_BELOW_CL": null, "OFFSET_DIRECTION": null, "OFFSET_FROM_PL": null, "DIAMETER_INSIDE": 200, "NAMENUMBER": null, "TO_MAIN_FID": null, "PERMIT_NUMBER": null, "STREET_NAME": "W 27TH AV", "HUNDRED_BLOCK": "700", "HCORACLEID": "__HMZLBK", "AS_BUILT": "Yes", "LASTUPDATE_iso": "2025-10-16", "INSTALLDATE_iso": "2023-11-10"}, "geometry": {"type": "LineString", "coordinates": [[-123.12125860160816, 49.247129499313004], [-123.12237568707523, 49.24714849776835]]}}, {"type": "Feature", "properties": {"SHAPE_Length": 54.01963777330143, "OBJECTID": 136669467, "COV_SOURCE_KEY": "481244", "LASTUPDATE": 1639038637000, "TBFID": 481244, "UNIT_DESCRIPTION": null, "INSTALLDATE": 1181199600000, "LANE_LOCATION": "blank", "PIPE_USE": "Main", "SERVICE_STATUS": "In Service", "EFFLUENT_TYPE": "Sanitary", "TB_LENGTH": 54.03, "GRADE": 8.33, "MATERIAL": "Polyvinyl Chloride", "VALIDATION_DATE": null, "BUN": null, "UPSTREAM_INVERT": 60.94, "UPSTRM_INVERT_ESTIMATED": "No", "DWNSTREAM_INVERT": 56.44, "DNSTRM_INVERT_ESTIMATED": "No", "RAMP_TYPE": null, "PIPE_SHAPE": "Round", "HEIGHT_MM": 0, "WIDTH_MM": 0, "SECTION_NAME": null, "FLOW_CATEGORY": "Gravity", "NORMAL_PRESSURE": 0, "LINING_MATERIAL": "blank", "ON_PILES": "No", "ON_SLAB": "No", "NFB_NOTATION": null, "DRAWING_NUMBER": null, "PP_NUMBER": null, "NFB_ELEVATION": 0, "NFB_TYPE": "blank", "WET_WEATHER_ONLY": "No", "REMARKS": null, "LEGACY_ID": "__FNJG5Z", "SOIL_TYPE": "blank", "SOIL_CONDITION": "blank", "TYPE_OF_FILL": null, "OWNEDBY": "COVAV", "OPERATOR": null, "UNIT_ID": "410783", "MAIN_KEY_1": 16741, "MAIN_COMP1": "30", "UNIT_ID_2": "410776", "MAIN_KEY_2": 16734, "MAIN_COMP2": 30, "COMPKEY": 358613, "MAIN_KEY": 1817, "COMPTYPE": 31, "UPDATED_BY": "ENHANMGETASK", "ADDRESS_KEY": 148951, "TB_AREA": "CBC07", "DISTRICT": "3", "FACET_GRID": "O15", "CONSTRUCTION_TECHNIQUE": "unknown", "CONNECTN_TYPE": null, "CONNECTN_CONDITION": "{null}", "DATE_OF_PERMIT": null, "SPECIAL_INSTRUCTIONS": null, "TV_CONDITION": "Very Good", "TV_LAST_INSPECTION_DATE": 1636790400000, "TV_INCOMPLETE": "No", "TV_NEXT_INSPECTED_DATE": null, "LAST_INSPECTED_OK": null, "DATE_LAST_CLEANING_REQ": null, "DT_LAST_CLEANED": null, "INSPECTED_USER_ID": null, "CLEAN_USER_ID": null, "FURTHER_WORK_REQUIRED": "No", "FURTHERWORK_COMPLETED": "No", "WORK_ID": null, "PARALLEL_LINE_NO": null, "DISTANCE": 54.03, "MAP_TOOLTIP": "54.03 - 250 SAN n/a 8.33 % 2007 1", "HC_FID": null, "SUBAREA": "O15", "DEPTH_AT_PL": null, "DEPTH_AT_PL_BELOW_CL": null, "OFFSET_DIRECTION": null, "OFFSET_FROM_PL": null, "DIAMETER_INSIDE": 250, "NAMENUMBER": null, "TO_MAIN_FID": null, "PERMIT_NUMBER": null, "STREET_NAME": "ASH ST", "HUNDRED_BLOCK": "4000", "HCORACLEID": null, "AS_BUILT": "Yes", "LASTUPDATE_iso": "2021-12-09", "INSTALLDATE_iso": "2007-06-07", "TV_LAST_INSPECTION_DATE_iso": "2021-11-13"}, "geometry": {"type": "LineString", "coordinates": [[-123.11842993470657, 49.24957550225442], [-123.11841636660108, 49.2500613394588]]}}, {"type": "Feature", "properties": {"SHAPE_Length": 16.606232865348606, "OBJECTID": 136669468, "COV_SOURCE_KEY": "481245", "LASTUPDATE": 1717054226000, "TBFID": 481245, "UNIT_DESCRIPTION": null, "INSTALLDATE": 1181199600000, "LANE_LOCATION": "blank", "PIPE_USE": "Main", "SERVICE_STATUS": "In Service", "EFFLUENT_TYPE": "Sanitary", "TB_LENGTH": 16.60623287, "GRADE": 0.84, "MATERIAL": "Polyvinyl Chloride", "VALIDATION_DATE": null, "BUN": null, "UPSTREAM_INVERT": 65.08, "UPSTRM_INVERT_ESTIMATED": "No", "DWNSTREAM_INVERT": 64.94, "DNSTRM_INVERT_ESTIMATED": "No", "RAMP_TYPE": "Closed", "PIPE_SHAPE": "Round", "HEIGHT_MM": 0, "WIDTH_MM": 0, "SECTION_NAME": null, "FLOW_CATEGORY": "Gravity", "NORMAL_PRESSURE": 0, "LINING_MATERIAL": "blank", "ON_PILES": "No", "ON_SLAB": "No", "NFB_NOTATION": null, "DRAWING_NUMBER": null, "PP_NUMBER": null, "NFB_ELEVATION": 0, "NFB_TYPE": "blank", "WET_WEATHER_ONLY": "No", "REMARKS": "C/R", "LEGACY_ID": "__FNJG5Q", "SOIL_TYPE": "blank", "SOIL_CONDITION": "blank", "TYPE_OF_FILL": null, "OWNEDBY": "COVAV", "OPERATOR": "COVAV", "UNIT_ID": "410780", "MAIN_KEY_1": 16738, "MAIN_COMP1": "30", "UNIT_ID_2": "419720", "MAIN_KEY_2": 25387, "MAIN_COMP2": 30, "COMPKEY": 358614, "MAIN_KEY": 1818, "COMPTYPE": 31, "UPDATED_BY": "ENHANMGETASK", "ADDRESS_KEY": 156485, "TB_AREA": "CBC07", "DISTRICT": "3", "FACET_GRID": "O15", "CONSTRUCTION_TECHNIQUE": "unknown", "CONNECTN_TYPE": null, "CONNECTN_CONDITION": "{null}", "DATE_OF_PERMIT": null, "SPECIAL_INSTRUCTIONS": null, "TV_CONDITION": "Good", "TV_LAST_INSPECTION_DATE": 1712041200000, "TV_INCOMPLETE": "No", "TV_NEXT_INSPECTED_DATE": null, "LAST_INSPECTED_OK": null, "DATE_LAST_CLEANING_REQ": null, "DT_LAST_CLEANED": null, "INSPECTED_USER_ID": null, "CLEAN_USER_ID": null, "FURTHER_WORK_REQUIRED": "No", "FURTHERWORK_COMPLETED": "No", "WORK_ID": null, "PARALLEL_LINE_NO": null, "DISTANCE": 16.71, "MAP_TOOLTIP": "16.61 - 250 SAN n/a 0.84 % 2007 2", "HC_FID": null, "SUBAREA": "O15", "DEPTH_AT_PL": null, "DEPTH_AT_PL_BELOW_CL": null, "OFFSET_DIRECTION": null, "OFFSET_FROM_PL": null, "DIAMETER_INSIDE": 250, "NAMENUMBER": null, "TO_MAIN_FID": null, "PERMIT_NUMBER": null, "STREET_NAME": "ASH ST", "HUNDRED_BLOCK": "4100", "HCORACLEID": null, "AS_BUILT": "Yes", "LASTUPDATE_iso": "2024-05-30", "INSTALLDATE_iso": "2007-06-07", "TV_LAST_INSPECTION_DATE_iso": "2024-04-02"}, "geometry": {"type": "LineString", "coordinates": [[-123.11845069107503, 49.24895273225033], [-123.11844006930448, 49.24910194701577]]}}, {"type": "Feature", "properties": {"SHAPE_Length": 10.134037398228648, "OBJECTID": 136669470, "COV_SOURCE_KEY": "481248", "LASTUPDATE": 1677227426000, "TBFID": 481248, "UNIT_DESCRIPTION": null, "INSTALLDATE": 1181199600000, "LANE_LOCATION": "blank", "PIPE_USE": "Main", "SERVICE_STATUS": "In Service", "EFFLUENT_TYPE": "Sanitary", "TB_LENGTH": 10.1340374, "GRADE": 0.49, "MATERIAL": "Polyvinyl Chloride", "VALIDATION_DATE": null, "BUN": null, "UPSTREAM_INVERT": 63.53, "UPSTRM_INVERT_ESTIMATED": "No", "DWNSTREAM_INVERT": 63.48, "DNSTRM_INVERT_ESTIMATED": "No", "RAMP_TYPE": null, "PIPE_SHAPE": "Round", "HEIGHT_MM": 0, "WIDTH_MM": 0, "SECTION_NAME": null, "FLOW_CATEGORY": "Gravity", "NORMAL_PRESSURE": 0, "LINING_MATERIAL": "blank", "ON_PILES": "No", "ON_SLAB": "No", "NFB_NOTATION": null, "DRAWING_NUMBER": null, "PP_NUMBER": null, "NFB_ELEVATION": 0, "NFB_TYPE": "blank", "WET_WEATHER_ONLY": "No", "REMARKS": null, "LEGACY_ID": "__FNJG5U", "SOIL_TYPE": "blank", "SOIL_CONDITION": "blank", "TYPE_OF_FILL": null, "OWNEDBY": "COVAV", "OPERATOR": "COVAV", "UNIT_ID": "419720", "MAIN_KEY_1": 25387, "MAIN_COMP1": "30", "UNIT_ID_2": "410778", "MAIN_KEY_2": 16736, "MAIN_COMP2": 30, "COMPKEY": 358617, "MAIN_KEY": 1821, "COMPTYPE": 31, "UPDATED_BY": "ENHANMGETASK", "ADDRESS_KEY": 148951, "TB_AREA": "CBC07", "DISTRICT": "3", "FACET_GRID": "O15", "CONSTRUCTION_TECHNIQUE": "unknown", "CONNECTN_TYPE": null, "CONNECTN_CONDITION": "{null}", "DATE_OF_PERMIT": null, "SPECIAL_INSTRUCTIONS": null, "TV_CONDITION": "Very Good", "TV_LAST_INSPECTION_DATE": 1665039600000, "TV_INCOMPLETE": "No", "TV_NEXT_INSPECTED_DATE": null, "LAST_INSPECTED_OK": null, "DATE_LAST_CLEANING_REQ": null, "DT_LAST_CLEANED": null, "INSPECTED_USER_ID": null, "CLEAN_USER_ID": null, "FURTHER_WORK_REQUIRED": "No", "FURTHERWORK_COMPLETED": "No", "WORK_ID": null, "PARALLEL_LINE_NO": null, "DISTANCE": 10.13, "MAP_TOOLTIP": "10.13 - 250 SAN n/a 0.49 % 2007 1", "HC_FID": null, "SUBAREA": "O15", "DEPTH_AT_PL": null, "DEPTH_AT_PL_BELOW_CL": null, "OFFSET_DIRECTION": null, "OFFSET_FROM_PL": null, "DIAMETER_INSIDE": 250, "NAMENUMBER": null, "TO_MAIN_FID": null, "PERMIT_NUMBER": null, "STREET_NAME": "ASH ST", "HUNDRED_BLOCK": "4000", "HCORACLEID": null, "AS_BUILT": "Yes", "LASTUPDATE_iso": "2023-02-24", "INSTALLDATE_iso": "2007-06-07", "TV_LAST_INSPECTION_DATE_iso": "2022-10-06"}, "geometry": {"type": "LineString", "coordinates": [[-123.11844011386135, 49.24910334123067], [-123.11843833951141, 49.24919449171083]]}}, {"type": "Feature", "properties": {"SHAPE_Length": 42.031197901624246, "OBJECTID": 136669472, "COV_SOURCE_KEY": "481250", "LASTUPDATE": 1677227426000, "TBFID": 481250, "UNIT_DESCRIPTION": null, "INSTALLDATE": 1181199600000, "LANE_LOCATION": "blank", "PIPE_USE": "Main", "SERVICE_STATUS": "In Service", "EFFLUENT_TYPE": "Sanitary", "TB_LENGTH": 42.35, "GRADE": 5.74, "MATERIAL": "Polyvinyl Chloride", "VALIDATION_DATE": null, "BUN": null, "UPSTREAM_INVERT": 63.43, "UPSTRM_INVERT_ESTIMATED": "No", "DWNSTREAM_INVERT": 61, "DNSTRM_INVERT_ESTIMATED": "No", "RAMP_TYPE": null, "PIPE_SHAPE": "Round", "HEIGHT_MM": 0, "WIDTH_MM": 0, "SECTION_NAME": null, "FLOW_CATEGORY": "Gravity", "NORMAL_PRESSURE": 0, "LINING_MATERIAL": "blank", "ON_PILES": "No", "ON_SLAB": "No", "NFB_NOTATION": null, "DRAWING_NUMBER": null, "PP_NUMBER": null, "NFB_ELEVATION": 0, "NFB_TYPE": "blank", "WET_WEATHER_ONLY": "No", "REMARKS": null, "LEGACY_ID": "__FNJG5W", "SOIL_TYPE": "blank", "SOIL_CONDITION": "blank", "TYPE_OF_FILL": null, "OWNEDBY": "COVAV", "OPERATOR": null, "UNIT_ID": "410778", "MAIN_KEY_1": 16736, "MAIN_COMP1": "30", "UNIT_ID_2": "410783", "MAIN_KEY_2": 16741, "MAIN_COMP2": 30, "COMPKEY": 358619, "MAIN_KEY": 1823, "COMPTYPE": 31, "UPDATED_BY": "ENHANMGETASK", "ADDRESS_KEY": 148951, "TB_AREA": "CBC07", "DISTRICT": "3", "FACET_GRID": "O15", "CONSTRUCTION_TECHNIQUE": "unknown", "CONNECTN_TYPE": null, "CONNECTN_CONDITION": "{null}", "DATE_OF_PERMIT": null, "SPECIAL_INSTRUCTIONS": null, "TV_CONDITION": "Very Good", "TV_LAST_INSPECTION_DATE": 1665039600000, "TV_INCOMPLETE": "No", "TV_NEXT_INSPECTED_DATE": null, "LAST_INSPECTED_OK": null, "DATE_LAST_CLEANING_REQ": null, "DT_LAST_CLEANED": null, "INSPECTED_USER_ID": null, "CLEAN_USER_ID": null, "FURTHER_WORK_REQUIRED": "No", "FURTHERWORK_COMPLETED": "No", "WORK_ID": null, "PARALLEL_LINE_NO": null, "DISTANCE": 42.35, "MAP_TOOLTIP": "42.35 - 250 SAN n/a 5.74 % 2007 1", "HC_FID": null, "SUBAREA": "O15", "DEPTH_AT_PL": null, "DEPTH_AT_PL_BELOW_CL": null, "OFFSET_DIRECTION": null, "OFFSET_FROM_PL": null, "DIAMETER_INSIDE": 250, "NAMENUMBER": null, "TO_MAIN_FID": null, "PERMIT_NUMBER": null, "STREET_NAME": "ASH ST", "HUNDRED_BLOCK": "4000", "HCORACLEID": null, "AS_BUILT": "Yes", "LASTUPDATE_iso": "2023-02-24", "INSTALLDATE_iso": "2007-06-07", "TV_LAST_INSPECTION_DATE_iso": "2022-10-06"}, "geometry": {"type": "LineString", "coordinates": [[-123.11843840821435, 49.2491944916404], [-123.11843022990159, 49.24957253352631]]}}, {"type": "Feature", "properties": {"SHAPE_Length": 66.928296824279, "OBJECTID": 136669473, "COV_SOURCE_KEY": "507550", "LASTUPDATE": 1638992330000, "TBFID": 507550, "UNIT_DESCRIPTION": null, "INSTALLDATE": 1181199600000, "LANE_LOCATION": "blank", "PIPE_USE": "Main", "SERVICE_STATUS": "In Service", "EFFLUENT_TYPE": "Sanitary", "TB_LENGTH": 66.92829683, "GRADE": 3.77, "MATERIAL": "Polyvinyl Chloride", "VALIDATION_DATE": null, "BUN": null, "UPSTREAM_INVERT": 56.37, "UPSTRM_INVERT_ESTIMATED": "No", "DWNSTREAM_INVERT": 53.845, "DNSTRM_INVERT_ESTIMATED": "No", "RAMP_TYPE": null, "PIPE_SHAPE": "Round", "HEIGHT_MM": 0, "WIDTH_MM": 0, "SECTION_NAME": null, "FLOW_CATEGORY": "Gravity", "NORMAL_PRESSURE": 0, "LINING_MATERIAL": "blank", "ON_PILES": "No", "ON_SLAB": "No", "NFB_NOTATION": null, "DRAWING_NUMBER": null, "PP_NUMBER": null, "NFB_ELEVATION": 0, "NFB_TYPE": "blank", "WET_WEATHER_ONLY": "No", "REMARKS": null, "LEGACY_ID": "__FNJG61", "SOIL_TYPE": "blank", "SOIL_CONDITION": "blank", "TYPE_OF_FILL": null, "OWNEDBY": "COVAV", "OPERATOR": null, "UNIT_ID": "410776", "MAIN_KEY_1": 16734, "MAIN_COMP1": "30", "UNIT_ID_2": "414499", "MAIN_KEY_2": 21438, "MAIN_COMP2": 30, "COMPKEY": 397588, "MAIN_KEY": 37144, "COMPTYPE": 31, "UPDATED_BY": "ENHANMGETASK", "ADDRESS_KEY": 149212, "TB_AREA": "CBC07", "DISTRICT": "3", "FACET_GRID": "O15", "CONSTRUCTION_TECHNIQUE": "unknown", "CONNECTN_TYPE": null, "CONNECTN_CONDITION": "{null}", "DATE_OF_PERMIT": null, "SPECIAL_INSTRUCTIONS": null, "TV_CONDITION": "Very Good", "TV_LAST_INSPECTION_DATE": 1635836400000, "TV_INCOMPLETE": "No", "TV_NEXT_INSPECTED_DATE": null, "LAST_INSPECTED_OK": null, "DATE_LAST_CLEANING_REQ": 1263888000000, "DT_LAST_CLEANED": 1263888000000, "INSPECTED_USER_ID": null, "CLEAN_USER_ID": "D1336", "FURTHER_WORK_REQUIRED": "No", "FURTHERWORK_COMPLETED": "No", "WORK_ID": null, "PARALLEL_LINE_NO": null, "DISTANCE": 64.58, "MAP_TOOLTIP": "66.93 - 250 SAN n/a 3.77 % 2007 1", "HC_FID": null, "SUBAREA": "O15", "DEPTH_AT_PL": null, "DEPTH_AT_PL_BELOW_CL": null, "OFFSET_DIRECTION": null, "OFFSET_FROM_PL": null, "DIAMETER_INSIDE": 250, "NAMENUMBER": null, "TO_MAIN_FID": null, "PERMIT_NUMBER": null, "STREET_NAME": "ASH ST", "HUNDRED_BLOCK": "3900", "HCORACLEID": null, "AS_BUILT": "Yes", "LASTUPDATE_iso": "2021-12-08", "INSTALLDATE_iso": "2007-06-07", "TV_LAST_INSPECTION_DATE_iso": "2021-11-02", "DATE_LAST_CLEANING_REQ_iso": "2010-01-19", "DT_LAST_CLEANED_iso": "2010-01-19"}, "geometry": {"type": "LineString", "coordinates": [[-123.1184164215644, 49.25006133940247], [-123.11839112087856, 49.25066314606228]]}}, {"type": "Feature", "properties": {"SHAPE_Length": 32.37899025642917, "OBJECTID": 136669542, "COV_SOURCE_KEY": "2144917", "LASTUPDATE": 1756452628000, "TBFID": 2144917, "UNIT_DESCRIPTION": null, "INSTALLDATE": 1732608000000, "LANE_LOCATION": null, "PIPE_USE": "Main", "SERVICE_STATUS": "In Service", "EFFLUENT_TYPE": "Sanitary", "TB_LENGTH": 32.37899026, "GRADE": 1.05, "MATERIAL": "Polyvinyl Chloride", "VALIDATION_DATE": null, "BUN": null, "UPSTREAM_INVERT": 92.13, "UPSTRM_INVERT_ESTIMATED": null, "DWNSTREAM_INVERT": 91.79, "DNSTRM_INVERT_ESTIMATED": null, "RAMP_TYPE": "None", "PIPE_SHAPE": null, "HEIGHT_MM": null, "WIDTH_MM": null, "SECTION_NAME": null, "FLOW_CATEGORY": "Gravity", "NORMAL_PRESSURE": null, "LINING_MATERIAL": null, "ON_PILES": null, "ON_SLAB": null, "NFB_NOTATION": null, "DRAWING_NUMBER": "DB5177M", "PP_NUMBER": null, "NFB_ELEVATION": null, "NFB_TYPE": null, "WET_WEATHER_ONLY": null, "REMARKS": null, "LEGACY_ID": "__HISNTY", "SOIL_TYPE": null, "SOIL_CONDITION": null, "TYPE_OF_FILL": null, "OWNEDBY": "COVAV", "OPERATOR": "COVAV", "UNIT_ID": "2144974", "MAIN_KEY_1": 1600474, "MAIN_COMP1": "30", "UNIT_ID_2": "2144980", "MAIN_KEY_2": 1600477, "MAIN_COMP2": 30, "COMPKEY": 1600485, "MAIN_KEY": 66526, "COMPTYPE": 31, "UPDATED_BY": "ENHANMGETASK", "ADDRESS_KEY": 156147, "TB_AREA": "CBC07", "DISTRICT": "3", "FACET_GRID": "O17", "CONSTRUCTION_TECHNIQUE": null, "CONNECTN_TYPE": null, "CONNECTN_CONDITION": null, "DATE_OF_PERMIT": null, "SPECIAL_INSTRUCTIONS": null, "TV_CONDITION": "Good", "TV_LAST_INSPECTION_DATE": 1740643200000, "TV_INCOMPLETE": null, "TV_NEXT_INSPECTED_DATE": null, "LAST_INSPECTED_OK": null, "DATE_LAST_CLEANING_REQ": null, "DT_LAST_CLEANED": null, "INSPECTED_USER_ID": null, "CLEAN_USER_ID": null, "FURTHER_WORK_REQUIRED": "No", "FURTHERWORK_COMPLETED": "No", "WORK_ID": null, "PARALLEL_LINE_NO": null, "DISTANCE": null, "MAP_TOOLTIP": "32.38 - 200 SAN  1.05 % 2024 2", "HC_FID": 2144917, "SUBAREA": "O17", "DEPTH_AT_PL": null, "DEPTH_AT_PL_BELOW_CL": null, "OFFSET_DIRECTION": null, "OFFSET_FROM_PL": null, "DIAMETER_INSIDE": 200, "NAMENUMBER": null, "TO_MAIN_FID": null, "PERMIT_NUMBER": null, "STREET_NAME": "W 33RD AV", "HUNDRED_BLOCK": "600", "HCORACLEID": "__HISNTZ", "AS_BUILT": "Yes", "LASTUPDATE_iso": "2025-08-29", "INSTALLDATE_iso": "2024-11-26", "TV_LAST_INSPECTION_DATE_iso": "2025-02-27"}, "geometry": {"type": "LineString", "coordinates": [[-123.11981355007288, 49.24111130406241], [-123.11936947103014, 49.24109433997384]]}}, {"type": "Feature", "properties": {"SHAPE_Length": 3.3959799753783804, "OBJECTID": 136669543, "COV_SOURCE_KEY": "2144954", "LASTUPDATE": 1746470892000, "TBFID": 2144954, "UNIT_DESCRIPTION": null, "INSTALLDATE": 1732608000000, "LANE_LOCATION": null, "PIPE_USE": "Main", "SERVICE_STATUS": "In Service", "EFFLUENT_TYPE": "Sanitary", "TB_LENGTH": 3.39597998, "GRADE": 19.43, "MATERIAL": "Polyvinyl Chloride", "VALIDATION_DATE": null, "BUN": null, "UPSTREAM_INVERT": 91.76, "UPSTRM_INVERT_ESTIMATED": null, "DWNSTREAM_INVERT": 91.1, "DNSTRM_INVERT_ESTIMATED": null, "RAMP_TYPE": "None", "PIPE_SHAPE": null, "HEIGHT_MM": null, "WIDTH_MM": null, "SECTION_NAME": null, "FLOW_CATEGORY": "Gravity", "NORMAL_PRESSURE": null, "LINING_MATERIAL": null, "ON_PILES": null, "ON_SLAB": null, "NFB_NOTATION": null, "DRAWING_NUMBER": "DB5177M", "PP_NUMBER": null, "NFB_ELEVATION": null, "NFB_TYPE": null, "WET_WEATHER_ONLY": null, "REMARKS": null, "LEGACY_ID": "__HISNVZ", "SOIL_TYPE": null, "SOIL_CONDITION": null, "TYPE_OF_FILL": null, "OWNEDBY": "COVAV", "OPERATOR": "COVAV", "UNIT_ID": "2144980", "MAIN_KEY_1": 1600477, "MAIN_COMP1": "30", "UNIT_ID_2": "2144957", "MAIN_KEY_2": 1600480, "MAIN_COMP2": 72, "COMPKEY": 1600484, "MAIN_KEY": 66525, "COMPTYPE": 31, "UPDATED_BY": "ZAT0224", "ADDRESS_KEY": 1, "TB_AREA": null, "DISTRICT": null, "FACET_GRID": null, "CONSTRUCTION_TECHNIQUE": null, "CONNECTN_TYPE": null, "CONNECTN_CONDITION": null, "DATE_OF_PERMIT": null, "SPECIAL_INSTRUCTIONS": null, "TV_CONDITION": null, "TV_LAST_INSPECTION_DATE": null, "TV_INCOMPLETE": null, "TV_NEXT_INSPECTED_DATE": null, "LAST_INSPECTED_OK": null, "DATE_LAST_CLEANING_REQ": null, "DT_LAST_CLEANED": null, "INSPECTED_USER_ID": null, "CLEAN_USER_ID": null, "FURTHER_WORK_REQUIRED": null, "FURTHERWORK_COMPLETED": null, "WORK_ID": null, "PARALLEL_LINE_NO": null, "DISTANCE": null, "MAP_TOOLTIP": "3.4 - 200 SAN  19.43 % 2024 ", "HC_FID": 2144954, "SUBAREA": null, "DEPTH_AT_PL": null, "DEPTH_AT_PL_BELOW_CL": null, "OFFSET_DIRECTION": null, "OFFSET_FROM_PL": null, "DIAMETER_INSIDE": 200, "NAMENUMBER": null, "TO_MAIN_FID": null, "PERMIT_NUMBER": null, "STREET_NAME": " ", "HUNDRED_BLOCK": "000", "HCORACLEID": "__HISNW0", "AS_BUILT": "Yes", "LASTUPDATE_iso": "2025-05-05", "INSTALLDATE_iso": "2024-11-26"}, "geometry": {"type": "LineString", "coordinates": [[-123.11937029114627, 49.24109260304469], [-123.11932533136971, 49.24110076319918]]}}]}