{"type": "FeatureCollection", "features": [{"type": "Feature", "properties": {"OBJECTID": 12741752, "FACILITYID": "396551", "SERVSTATUS": "In Service", "EFLNTTYPE": "Storm", "UNITDESCR": "[ G 61.36]", "RIMELEV": 61.36}, "geometry": {"type": "Point", "coordinates": [-123.12473187510726, 49.251229308593764]}}, {"type": "Feature", "properties": {"OBJECTID": 12741753, "FACILITYID": "396572", "SERVSTATUS": "In Service", "EFLNTTYPE": "Storm", "UNITDESCR": "[ G 58.87]", "RIMELEV": 58.87}, "geometry": {"type": "Point", "coordinates": [-123.105064755218, 49.254936890664375]}}, {"type": "Feature", "properties": {"OBJECTID": 12741754, "FACILITYID": "396573", "SERVSTATUS": "In Service", "EFLNTTYPE": "Storm", "UNITDESCR": "[ G 58.71]", "RIMELEV": 58.71}, "geometry": {"type": "Point", "coordinates": [-123.1144486670413, 49.25534656883137]}}, {"type": "Feature", "properties": {"OBJECTID": 12741755, "FACILITYID": "396577", "SERVSTATUS": "In Service", "EFLNTTYPE": "Storm", "UNITDESCR": "[ G 57.72]:", "RIMELEV": 57.72}, "geometry": {"type": "Point", "coordinates": [-123.11268468514488, 49.25532120012373]}}, {"type": "Feature", "properties": {"OBJECTID": 12741756, "FACILITYID": "396544", "SERVSTATUS": "In Service", "EFLNTTYPE": "Storm", "UNITDESCR": "[ G 56.49]", "RIMELEV": 56.49}, "geometry": {"type": "Point", "coordinates": [-123.11200976121508, 49.25531026157203]}}, {"type": "Feature", "properties": {"OBJECTID": 12741757, "FACILITYID": "396545", "SERVSTATUS": "In Service", "EFLNTTYPE": "Storm", "UNITDESCR": "[ G 59.72]", "RIMELEV": 59.72}, "geometry": {"type": "Point", "coordinates": [-123.11004817478772, 49.25526965319188]}}, {"type": "Feature", "properties": {"OBJECTID": 12741758, "FACILITYID": "396547", "SERVSTATUS": "In Service", "EFLNTTYPE": "Storm", "UNITDESCR": "[ G 59.14]", "RIMELEV": 59.14}, "geometry": {"type": "Point", "coordinates": [-123.10970099148294, 49.25526451426426]}}, {"type": "Feature", "properties": {"OBJECTID": 12741759, "FACILITYID": "396553", "SERVSTATUS": "In Service", "EFLNTTYPE": "Storm", "UNITDESCR": "[ G 59.36]", "RIMELEV": 59.36}, "geometry": {"type": "Point", "coordinates": [-123.10842706499218, 49.255238974023364]}}, {"type": "Feature", "properties": {"OBJECTID": 12741860, "FACILITYID": "1532413", "SERVSTATUS": "In Service", "EFLNTTYPE": "Storm", "UNITDESCR": "[ G 66.37]", "RIMELEV": 66.368}, "geometry": {"type": "Point", "coordinates": [-123.12229199729737, 49.250136352210035]}}, {"type": "Feature", "properties": {"OBJECTID": 12741861, "FACILITYID": "1532415", "SERVSTATUS": "In Service", "EFLNTTYPE": "Storm", "UNITDESCR": "[ G 62.60]", "RIMELEV": 62.599}, "geometry": {"type": "Point", "coordinates": [-123.1222705119096, 49.25074501004877]}}, {"type": "Feature", "properties": {"OBJECTID": 12742063, "FACILITYID": "409940", "SERVSTATUS": "In Service", "EFLNTTYPE": "Sanitary", "UNITDESCR": "[ G 49.41]: (PLASTIC LINED CONC)", "RIMELEV": 49.41}, "geometry": {"type": "Point", "coordinates": [-123.12205321075545, 49.256196102068415]}}, {"type": "Feature", "properties": {"OBJECTID": 12742064, "FACILITYID": "409938", "SERVSTATUS": "In Service", "EFLNTTYPE": "Sanitary", "UNITDESCR": "[ G 49.38]:", "RIMELEV": 49.38}, "geometry": {"type": "Point", "coordinates": [-123.12216519417176, 49.256177471555866]}}, {"type": "Feature", "properties": {"OBJECTID": 12742065, "FACILITYID": "409937", "SERVSTATUS": "In Service", "EFLNTTYPE": "Sanitary", "UNITDESCR": "[ G 49.7]:  HARD CLAY", "RIMELEV": 49.7}, "geometry": {"type": "Point", "coordinates": [-123.12201734593538, 49.257061578872516]}}, {"type": "Feature", "properties": {"OBJECTID": 12742066, "FACILITYID": "412247", "SERVSTATUS": "In Service", "EFLNTTYPE": "Sanitary", "UNITDESCR": "[ G 52.37]", "RIMELEV": 52.37}, "geometry": {"type": "Point", "coordinates": [-123.12017464513842, 49.25477036800718]}}, {"type": "Feature", "properties": {"OBJECTID": 12742397, "FACILITYID": "400797", "SERVSTATUS": "In Service", "EFLNTTYPE": "Sanitary", "UNITDESCR": "[ G 68.03]", "RIMELEV": 68.03}, "geometry": {"type": "Point", "coordinates": [-123.12843278018929, 49.24494323583806]}}, {"type": "Feature", "properties": {"OBJECTID": 12742554, "FACILITYID": "403131", "SERVSTATUS": "In Service", "EFLNTTYPE": "Sanitary", "UNITDESCR": "[ G 65.06]", "RIMELEV": 65.06}, "geometry": {"type": "Point", "coordinates": [-123.10607527448332, 49.25233912769412]}}, {"type": "Feature", "properties": {"OBJECTID": 12742555, "FACILITYID": "403132", "SERVSTATUS": "In Service", "EFLNTTYPE": "Sanitary", "UNITDESCR": "[ G 67.89]", "RIMELEV": 67.89}, "geometry": {"type": "Point", "coordinates": [-123.10505462341392, 49.25231246291299]}}, {"type": "Feature", "properties": {"OBJECTID": 12742559, "FACILITYID": "403127", "SERVSTATUS": "In Service", "EFLNTTYPE": "Sanitary", "UNITDESCR": "[ G 64.20]", "RIMELEV": 64.2}, "geometry": {"type": "Point", "coordinates": [-123.11012350623774, 49.252407697613435]}}, {"type": "Feature", "properties": {"OBJECTID": 12742561, "FACILITYID": "418960", "SERVSTATUS": "In Service", "EFLNTTYPE": "Sanitary", "UNITDESCR": "[ G 62.10]", "RIMELEV": 62.1}, "geometry": {"type": "Point", "coordinates": [-123.11119429593816, 49.252430401425556]}}, {"type": "Feature", "properties": {"OBJECTID": 12742562, "FACILITYID": "418954", "SERVSTATUS": "In Service", "EFLNTTYPE": "Sanitary", "UNITDESCR": "[ G 64.00]", "RIMELEV": 64}, "geometry": {"type": "Point", "coordinates": [-123.11271592108919, 49.25246023034046]}}, {"type": "Feature", "properties": {"OBJECTID": 12742572, "FACILITYID": "402563", "SERVSTATUS": "In Service", "EFLNTTYPE": "Sanitary", "UNITDESCR": "[ G 61.66]", "RIMELEV": 61.66}, "geometry": {"type": "Point", "coordinates": [-123.11460534951493, 49.25159768147738]}}, {"type": "Feature", "properties": {"OBJECTID": 12742573, "FACILITYID": "402564", "SERVSTATUS": "In Service", "EFLNTTYPE": "Sanitary", "UNITDESCR": "[ G 61.11]", "RIMELEV": 61.11}, "geometry": {"type": "Point", "coordinates": [-123.1145576002128, 49.252501074287586]}}, {"type": "Feature", "properties": {"OBJECTID": 12742577, "FACILITYID": "423731", "SERVSTATUS": "In Service", "EFLNTTYPE": "Sanitary", "UNITDESCR": "[ G 55.36]", "RIMELEV": 55.36}, "geometry": {"type": "Point", "coordinates": [-123.10980447164263, 49.256243644483035]}}, {"type": "Feature", "properties": {"OBJECTID": 12742833, "FACILITYID": "418866", "SERVSTATUS": "In Service", "EFLNTTYPE": "Sanitary", "UNITDESCR": "[ G 62.63]", "RIMELEV": 62.63}, "geometry": {"type": "Point", "coordinates": [-123.11380240734954, 49.25158683534411]}}, {"type": "Feature", "properties": {"OBJECTID": 12742834, "FACILITYID": "418868", "SERVSTATUS": "In Service", "EFLNTTYPE": "Sanitary", "UNITDESCR": "[ G 64.41]", "RIMELEV": 64.41}, "geometry": {"type": "Point", "coordinates": [-123.11297623170609, 49.251571139934754]}}, {"type": "Feature", "properties": {"OBJECTID": 12742847, "FACILITYID": "418859", "SERVSTATUS": "In Service", "EFLNTTYPE": "Sanitary", "UNITDESCR": "[ G 66.53]", "RIMELEV": 66.53}, "geometry": {"type": "Point", "coordinates": [-123.10852457769086, 49.251489125016576]}}, {"type": "Feature", "properties": {"OBJECTID": 12742848, "FACILITYID": "418861", "SERVSTATUS": "In Service", "EFLNTTYPE": "Sanitary", "UNITDESCR": "[ G 67.64]", "RIMELEV": 67.64}, "geometry": {"type": "Point", "coordinates": [-123.10736768143444, 49.25146734905057]}}, {"type": "Feature", "properties": {"OBJECTID": 12742972, "FACILITYID": "420604", "SERVSTATUS": "In Service", "EFLNTTYPE": "Storm", "UNITDESCR": "[ G 74.45]", "RIMELEV": 74.45}, "geometry": {"type": "Point", "coordinates": [-123.1206666562995, 49.24803870049104]}}, {"type": "Feature", "properties": {"OBJECTID": 12742974, "FACILITYID": "400556", "SERVSTATUS": "In Service", "EFLNTTYPE": "Storm", "UNITDESCR": "[ G 69.40]", "RIMELEV": 69.4}, "geometry": {"type": "Point", "coordinates": [-123.12612618711317, 49.248141432823346]}}, {"type": "Feature", "properties": {"OBJECTID": 12742975, "FACILITYID": "420687", "SERVSTATUS": "In Service", "EFLNTTYPE": "Storm", "UNITDESCR": "[ G 76.26]", "RIMELEV": 76.26}, "geometry": {"type": "Point", "coordinates": [-123.11848871160967, 49.24800549547975]}}, {"type": "Feature", "properties": {"OBJECTID": 12743007, "FACILITYID": "418755", "SERVSTATUS": "In Service", "EFLNTTYPE": "Sanitary", "UNITDESCR": "[ G 61.30]", "RIMELEV": 61.3}, "geometry": {"type": "Point", "coordinates": [-123.10498845408063, 49.254222073872775]}}, {"type": "Feature", "properties": {"OBJECTID": 12743008, "FACILITYID": "396958", "SERVSTATUS": "In Service", "EFLNTTYPE": "Sanitary", "UNITDESCR": "[ G 58.82]", "RIMELEV": 58.82}, "geometry": {"type": "Point", "coordinates": [-123.10678316376162, 49.25521061394226]}}, {"type": "Feature", "properties": {"OBJECTID": 12743009, "FACILITYID": "396964", "SERVSTATUS": "In Service", "EFLNTTYPE": "Sanitary", "UNITDESCR": "[ G 75.68]", "RIMELEV": 75.68}, "geometry": {"type": "Point", "coordinates": [-123.10470583500738, 49.24129107391938]}}, {"type": "Feature", "properties": {"OBJECTID": 12743013, "FACILITYID": "418741", "SERVSTATUS": "In Service", "EFLNTTYPE": "Sanitary", "UNITDESCR": "[ G 70.01]", "RIMELEV": 70.01}, "geometry": {"type": "Point", "coordinates": [-123.10426963899376, 49.25204400092837]}}, {"type": "Feature", "properties": {"OBJECTID": 12743014, "FACILITYID": "420863", "SERVSTATUS": "In Service", "EFLNTTYPE": "Sanitary", "UNITDESCR": "[ G 71.35]", "RIMELEV": 71.35}, "geometry": {"type": "Point", "coordinates": [-123.10431194941671, 49.25111817416582]}}, {"type": "Feature", "properties": {"OBJECTID": 12743016, "FACILITYID": "418847", "SERVSTATUS": "In Service", "EFLNTTYPE": "Sanitary", "UNITDESCR": "[ G 64.15]", "RIMELEV": 64.15}, "geometry": {"type": "Point", "coordinates": [-123.10837298806148, 49.25334277818838]}}, {"type": "Feature", "properties": {"OBJECTID": 12743017, "FACILITYID": "418841", "SERVSTATUS": "In Service", "EFLNTTYPE": "Sanitary", "UNITDESCR": "[ G 64.69]", "RIMELEV": 64.69}, "geometry": {"type": "Point", "coordinates": [-123.10954548557821, 49.25337134767874]}}, {"type": "Feature", "properties": {"OBJECTID": 12743018, "FACILITYID": "418843", "SERVSTATUS": "In Service", "EFLNTTYPE": "Sanitary", "UNITDESCR": "[ G 63.45]", "RIMELEV": 63.45}, "geometry": {"type": "Point", "coordinates": [-123.10638379920957, 49.25330507492443]}}, {"type": "Feature", "properties": {"OBJECTID": 12743019, "FACILITYID": "418837", "SERVSTATUS": "In Service", "EFLNTTYPE": "Sanitary", "UNITDESCR": "[ G 65.50]", "RIMELEV": 65.5}, "geometry": {"type": "Point", "coordinates": [-123.10505255544919, 49.253280665648646]}}, {"type": "Feature", "properties": {"OBJECTID": 12743020, "FACILITYID": "418839", "SERVSTATUS": "In Service", "EFLNTTYPE": "Sanitary", "UNITDESCR": "[ G 72.55]", "RIMELEV": 72.55}, "geometry": {"type": "Point", "coordinates": [-123.10496445864055, 49.249399027048305]}}, {"type": "Feature", "properties": {"OBJECTID": 12743021, "FACILITYID": "418833", "SERVSTATUS": "In Service", "EFLNTTYPE": "Sanitary", "UNITDESCR": "[ G 74.17]", "RIMELEV": 74.17}, "geometry": {"type": "Point", "coordinates": [-123.104976204727, 49.249048022546695]}}, {"type": "Feature", "properties": {"OBJECTID": 12743022, "FACILITYID": "408487", "SERVSTATUS": "In Service", "EFLNTTYPE": "Sanitary", "UNITDESCR": "[ G 56.32]", "RIMELEV": 56.32}, "geometry": {"type": "Point", "coordinates": [-123.11001838514485, 49.256254451134375]}}, {"type": "Feature", "properties": {"OBJECTID": 12743023, "FACILITYID": "408488", "SERVSTATUS": "In Service", "EFLNTTYPE": "Sanitary", "UNITDESCR": "[ G 55.43]", "RIMELEV": 55.43}, "geometry": {"type": "Point", "coordinates": [-123.11159984048501, 49.25627898456272]}}, {"type": "Feature", "properties": {"OBJECTID": 12743027, "FACILITYID": "418744", "SERVSTATUS": "In Service", "EFLNTTYPE": "Sanitary", "UNITDESCR": "[ G 60.95]: ON L/E CAMBIE NEW LEADS AT 111.4", "RIMELEV": 60.95}, "geometry": {"type": "Point", "coordinates": [-123.11428617817832, 49.2544062703853]}}, {"type": "Feature", "properties": {"OBJECTID": 12743028, "FACILITYID": "418743", "SERVSTATUS": "In Service", "EFLNTTYPE": "Sanitary", "UNITDESCR": "[ G 60.37]", "RIMELEV": 60.37}, "geometry": {"type": "Point", "coordinates": [-123.11273943311241, 49.25439131078492]}}, {"type": "Feature", "properties": {"OBJECTID": 12743030, "FACILITYID": "408397", "SERVSTATUS": "In Service", "EFLNTTYPE": "Sanitary", "UNITDESCR": "[ G 52.35]", "RIMELEV": 52.35}, "geometry": {"type": "Point", "coordinates": [-123.12014954952461, 49.25521100699347]}}, {"type": "Feature", "properties": {"OBJECTID": 12743032, "FACILITYID": "408400", "SERVSTATUS": "In Service", "EFLNTTYPE": "Sanitary", "UNITDESCR": "[ G 62.70]", "RIMELEV": 62.7}, "geometry": {"type": "Point", "coordinates": [-123.11278325830482, 49.253426980229776]}}, {"type": "Feature", "properties": {"OBJECTID": 12743033, "FACILITYID": "408402", "SERVSTATUS": "In Service", "EFLNTTYPE": "Sanitary", "UNITDESCR": "[ G 62.70]", "RIMELEV": 62.7}, "geometry": {"type": "Point", "coordinates": [-123.11113755971836, 49.253398683865335]}}, {"type": "Feature", "properties": {"OBJECTID": 12743034, "FACILITYID": "408404", "SERVSTATUS": "In Service", "EFLNTTYPE": "Sanitary", "UNITDESCR": "[ G 89.99]", "RIMELEV": 89.99}, "geometry": {"type": "Point", "coordinates": [-123.11712079785396, 49.24465985370516]}}, {"type": "Feature", "properties": {"OBJECTID": 12743035, "FACILITYID": "408406", "SERVSTATUS": "In Service", "EFLNTTYPE": "Sanitary", "UNITDESCR": "[ G 89.94]:", "RIMELEV": 89.94}, "geometry": {"type": "Point", "coordinates": [-123.11764617785444, 49.24426678575505]}}, {"type": "Feature", "properties": {"OBJECTID": 12743038, "FACILITYID": "408484", "SERVSTATUS": "In Service", "EFLNTTYPE": "Sanitary", "UNITDESCR": "[ G 55.08]: BACKFALL", "RIMELEV": 55.08}, "geometry": {"type": "Point", "coordinates": [-123.11438586436788, 49.256339649220514]}}, {"type": "Feature", "properties": {"OBJECTID": 12743039, "FACILITYID": "408391", "SERVSTATUS": "In Service", "EFLNTTYPE": "Sanitary", "UNITDESCR": "[ G 52.35]", "RIMELEV": 52.35}, "geometry": {"type": "Point", "coordinates": [-123.12014926262619, 49.25524567487024]}}, {"type": "Feature", "properties": {"OBJECTID": 12743043, "FACILITYID": "426205", "SERVSTATUS": "In Service", "EFLNTTYPE": "Sanitary", "UNITDESCR": "[ G 56.73]", "RIMELEV": 56.73}, "geometry": {"type": "Point", "coordinates": [-123.11604134892967, 49.25536453579148]}}, {"type": "Feature", "properties": {"OBJECTID": 12743044, "FACILITYID": "426203", "SERVSTATUS": "In Service", "EFLNTTYPE": "Sanitary", "UNITDESCR": "[ G 56.08]", "RIMELEV": 56.08}, "geometry": {"type": "Point", "coordinates": [-123.11603454087647, 49.25603049468773]}}, {"type": "Feature", "properties": {"OBJECTID": 12743045, "FACILITYID": "426202", "SERVSTATUS": "In Service", "EFLNTTYPE": "Sanitary", "UNITDESCR": "[ G 55.08]", "RIMELEV": 55.08}, "geometry": {"type": "Point", "coordinates": [-123.11688792890148, 49.256044278697054]}}, {"type": "Feature", "properties": {"OBJECTID": 12743046, "FACILITYID": "426207", "SERVSTATUS": "In Service", "EFLNTTYPE": "Sanitary", "UNITDESCR": "[ G 55.64]", "RIMELEV": 55.64}, "geometry": {"type": "Point", "coordinates": [-123.11817307016494, 49.256071162409114]}}, {"type": "Feature", "properties": {"OBJECTID": 12743047, "FACILITYID": "426206", "SERVSTATUS": "In Service", "EFLNTTYPE": "Sanitary", "UNITDESCR": "[ G 55.02]", "RIMELEV": 55.02}, "geometry": {"type": "Point", "coordinates": [-123.11908336600592, 49.256084395236115]}}, {"type": "Feature", "properties": {"OBJECTID": 12743051, "FACILITYID": "408314", "SERVSTATUS": "In Service", "EFLNTTYPE": "Sanitary", "UNITDESCR": "[ G 52.95]", "RIMELEV": 52.95}, "geometry": {"type": "Point", "coordinates": [-123.12012794428352, 49.256104776474544]}}, {"type": "Feature", "properties": {"OBJECTID": 12743052, "FACILITYID": "399390", "SERVSTATUS": "In Service", "EFLNTTYPE": "Sanitary", "UNITDESCR": "[ G 53.30]", "RIMELEV": 53.3}, "geometry": {"type": "Point", "coordinates": [-123.12010696470267, 49.25671298298445]}}, {"type": "Feature", "properties": {"OBJECTID": 12743053, "FACILITYID": "426216", "SERVSTATUS": "In Service", "EFLNTTYPE": "Sanitary", "UNITDESCR": "[ G 52.06]", "RIMELEV": 52.06}, "geometry": {"type": "Point", "coordinates": [-123.1244509064111, 49.25544831734463]}}, {"type": "Feature", "properties": {"OBJECTID": 12743054, "FACILITYID": "426214", "SERVSTATUS": "In Service", "EFLNTTYPE": "Sanitary", "UNITDESCR": "[ G 51.59]", "RIMELEV": 51.59}, "geometry": {"type": "Point", "coordinates": [-123.12439903743102, 49.256343028719954]}}, {"type": "Feature", "properties": {"OBJECTID": 12743058, "FACILITYID": "425636", "SERVSTATUS": "In Service", "EFLNTTYPE": "Sanitary", "UNITDESCR": "[ G 62.67]", "RIMELEV": 62.67}, "geometry": {"type": "Point", "coordinates": [-123.12467452688222, 49.25078482637636]}}, {"type": "Feature", "properties": {"OBJECTID": 12743231, "FACILITYID": "404854", "SERVSTATUS": "In Service", "EFLNTTYPE": "Storm", "UNITDESCR": "[ G 56.74]", "RIMELEV": 56.74}, "geometry": {"type": "Point", "coordinates": [-123.11849104254347, 49.25428469186595]}}, {"type": "Feature", "properties": {"OBJECTID": 12743232, "FACILITYID": "404928", "SERVSTATUS": "In Service", "EFLNTTYPE": "Storm", "UNITDESCR": "[ G 52.57]", "RIMELEV": 52.57}, "geometry": {"type": "Point", "coordinates": [-123.12013799856311, 49.254318926971344]}}, {"type": "Feature", "properties": {"OBJECTID": 12743233, "FACILITYID": "404848", "SERVSTATUS": "In Service", "EFLNTTYPE": "Storm", "UNITDESCR": "[ G 51.42]", "RIMELEV": 51.42}, "geometry": {"type": "Point", "coordinates": [-123.12114978832855, 49.25434312904065]}}, {"type": "Feature", "properties": {"OBJECTID": 12743378, "FACILITYID": "426121", "SERVSTATUS": "In Service", "EFLNTTYPE": "Sanitary", "UNITDESCR": "[ G 63.05]", "RIMELEV": 63.05}, "geometry": {"type": "Point", "coordinates": [-123.1246985872851, 49.25019552303866]}}, {"type": "Feature", "properties": {"OBJECTID": 12743716, "FACILITYID": "397510", "SERVSTATUS": "In Service", "EFLNTTYPE": "Storm", "UNITDESCR": "[ G 54.27]", "RIMELEV": 54.27}, "geometry": {"type": "Point", "coordinates": [-123.12547710575123, 49.255319178451366]}}, {"type": "Feature", "properties": {"OBJECTID": 12744056, "FACILITYID": "398330", "SERVSTATUS": "In Service", "EFLNTTYPE": "Sanitary", "UNITDESCR": "[ G 65.98]", "RIMELEV": 65.98}, "geometry": {"type": "Point", "coordinates": [-123.12832868152755, 49.2481951826102]}}, {"type": "Feature", "properties": {"OBJECTID": 12744188, "FACILITYID": "396609", "SERVSTATUS": "In Service", "EFLNTTYPE": "Storm", "UNITDESCR": "[ G 69.66]", "RIMELEV": 69.66}, "geometry": {"type": "Point", "coordinates": [-123.104286126116, 49.25184055004909]}}, {"type": "Feature", "properties": {"OBJECTID": 12744275, "FACILITYID": "410732", "SERVSTATUS": "In Service", "EFLNTTYPE": "Sanitary", "UNITDESCR": "[ G 66.71]", "RIMELEV": 66.71}, "geometry": {"type": "Point", "coordinates": [-123.12836696096177, 49.24727251710127]}}, {"type": "Feature", "properties": {"OBJECTID": 12744305, "FACILITYID": "420686", "SERVSTATUS": "In Service", "EFLNTTYPE": "Combined", "UNITDESCR": "[ G 78.73]", "RIMELEV": 78.73}, "geometry": {"type": "Point", "coordinates": [-123.1193522566473, 49.248020591141874]}}, {"type": "Feature", "properties": {"OBJECTID": 12744306, "FACILITYID": "420689", "SERVSTATUS": "In Service", "EFLNTTYPE": "Storm", "UNITDESCR": "[ G 71.14]", "RIMELEV": 71.14}, "geometry": {"type": "Point", "coordinates": [-123.12130778780487, 49.24805360883335]}}, {"type": "Feature", "properties": {"OBJECTID": 12744661, "FACILITYID": "400324", "SERVSTATUS": "In Service", "EFLNTTYPE": "Storm", "UNITDESCR": "[ G 68.23]", "RIMELEV": 68.23}, "geometry": {"type": "Point", "coordinates": [-123.11219295257266, 49.248454867833416]}}, {"type": "Feature", "properties": {"OBJECTID": 12744662, "FACILITYID": "400328", "SERVSTATUS": "In Service", "EFLNTTYPE": "Storm", "UNITDESCR": "[ G 74.28]", "RIMELEV": 74.28}, "geometry": {"type": "Point", "coordinates": [-123.11796030873838, 49.24799135597461]}}, {"type": "Feature", "properties": {"OBJECTID": 12744664, "FACILITYID": "424432", "SERVSTATUS": "In Service", "EFLNTTYPE": "Storm", "UNITDESCR": "[ G 73.83]", "RIMELEV": 73.83}, "geometry": {"type": "Point", "coordinates": [-123.10493035359232, 49.248730874420836]}}, {"type": "Feature", "properties": {"OBJECTID": 12745231, "FACILITYID": "406781", "SERVSTATUS": "In Service", "EFLNTTYPE": "Sanitary", "UNITDESCR": "[ G 67.10]", "RIMELEV": 67.1}, "geometry": {"type": "Point", "coordinates": [-123.10425875215789, 49.25274699649229]}}, {"type": "Feature", "properties": {"OBJECTID": 12745293, "FACILITYID": "400888", "SERVSTATUS": "In Service", "EFLNTTYPE": "Storm", "UNITDESCR": "[ G 69.34]", "RIMELEV": 69.343}, "geometry": {"type": "Point", "coordinates": [-123.12845294472149, 49.24403556698549]}}, {"type": "Feature", "properties": {"OBJECTID": 12745479, "FACILITYID": "396610", "SERVSTATUS": "In Service", "EFLNTTYPE": "Sanitary", "UNITDESCR": "[ G 69.65]: BACKFALL IN MH", "RIMELEV": 69.65}, "geometry": {"type": "Point", "coordinates": [-123.10426396999026, 49.25184467186823]}}, {"type": "Feature", "properties": {"OBJECTID": 12745485, "FACILITYID": "400815", "SERVSTATUS": "In Service", "EFLNTTYPE": "Sanitary", "UNITDESCR": "[ G 69.39]", "RIMELEV": 69.39}, "geometry": {"type": "Point", "coordinates": [-123.12846434470764, 49.244023608633654]}}, {"type": "Feature", "properties": {"OBJECTID": 12745527, "FACILITYID": "400399", "SERVSTATUS": "In Service", "EFLNTTYPE": "Storm", "UNITDESCR": "[ G 68.59] ", "RIMELEV": 68.59}, "geometry": {"type": "Point", "coordinates": [-123.10737171192466, 49.251013131378606]}}, {"type": "Feature", "properties": {"OBJECTID": 12745530, "FACILITYID": "396622", "SERVSTATUS": "In Service", "EFLNTTYPE": "Storm", "UNITDESCR": "[ G 72.23]: EAST LOOKOUT", "RIMELEV": 72.23}, "geometry": {"type": "Point", "coordinates": [-123.10394981806822, 49.250995274951315]}}, {"type": "Feature", "properties": {"OBJECTID": 12745532, "FACILITYID": "417475", "SERVSTATUS": "In Service", "EFLNTTYPE": "Storm", "UNITDESCR": "[ G 61.10]", "RIMELEV": 61.1}, "geometry": {"type": "Point", "coordinates": [-123.1145773988976, 49.25248795760849]}}, {"type": "Feature", "properties": {"OBJECTID": 12745533, "FACILITYID": "417469", "SERVSTATUS": "In Service", "EFLNTTYPE": "Storm", "UNITDESCR": "[ G 59.14]", "RIMELEV": 59.14}, "geometry": {"type": "Point", "coordinates": [-123.11608085223202, 49.25335773419904]}}, {"type": "Feature", "properties": {"OBJECTID": 12745534, "FACILITYID": "414495", "SERVSTATUS": "In Service", "EFLNTTYPE": "Storm", "UNITDESCR": "[ G 68.54]", "RIMELEV": 68.54}, "geometry": {"type": "Point", "coordinates": [-123.12114489254816, 49.25071956094198]}}, {"type": "Feature", "properties": {"OBJECTID": 12745535, "FACILITYID": "414496", "SERVSTATUS": "In Service", "EFLNTTYPE": "Storm", "UNITDESCR": "[ G 62.74]: C\\O RAMPS", "RIMELEV": 62.74}, "geometry": {"type": "Point", "coordinates": [-123.1222200211526, 49.25074252681809]}}, {"type": "Feature", "properties": {"OBJECTID": 12745538, "FACILITYID": "424097", "SERVSTATUS": "In Service", "EFLNTTYPE": "Storm", "UNITDESCR": "[ G 55.89]", "RIMELEV": 55.89}, "geometry": {"type": "Point", "coordinates": [-123.12027788318632, 49.251605794981614]}}, {"type": "Feature", "properties": {"OBJECTID": 12745539, "FACILITYID": "423615", "SERVSTATUS": "In Service", "EFLNTTYPE": "Storm", "UNITDESCR": "[ G 56.33]", "RIMELEV": 56.33}, "geometry": {"type": "Point", "coordinates": [-123.11849435800153, 49.253396329313674]}}, {"type": "Feature", "properties": {"OBJECTID": 12745540, "FACILITYID": "411893", "SERVSTATUS": "In Service", "EFLNTTYPE": "Storm", "UNITDESCR": "[ G 71.36]", "RIMELEV": 71.36}, "geometry": {"type": "Point", "coordinates": [-123.12760072217387, 49.25132652650791]}}, {"type": "Feature", "properties": {"OBJECTID": 12745541, "FACILITYID": "411898", "SERVSTATUS": "In Service", "EFLNTTYPE": "Storm", "UNITDESCR": "[ G 64.55]: C/RAMP", "RIMELEV": 64.55}, "geometry": {"type": "Point", "coordinates": [-123.12599565510426, 49.25171645005097]}}, {"type": "Feature", "properties": {"OBJECTID": 12745542, "FACILITYID": "411900", "SERVSTATUS": "In Service", "EFLNTTYPE": "Storm", "UNITDESCR": "[ G 69.37]", "RIMELEV": 69.37}, "geometry": {"type": "Point", "coordinates": [-123.12712495441423, 49.25173102659412]}}, {"type": "Feature", "properties": {"OBJECTID": 12745543, "FACILITYID": "411130", "SERVSTATUS": "In Service", "EFLNTTYPE": "Storm", "UNITDESCR": "[ G 60.84]", "RIMELEV": 60.84}, "geometry": {"type": "Point", "coordinates": [-123.12592225599838, 49.25261605259342]}}, {"type": "Feature", "properties": {"OBJECTID": 12745544, "FACILITYID": "411910", "SERVSTATUS": "In Service", "EFLNTTYPE": "Storm", "UNITDESCR": "[ G 64.34]", "RIMELEV": 64.34}, "geometry": {"type": "Point", "coordinates": [-123.12674925785983, 49.252629351745114]}}, {"type": "Feature", "properties": {"OBJECTID": 12745546, "FACILITYID": "414586", "SERVSTATUS": "In Service", "EFLNTTYPE": "Storm", "UNITDESCR": "[ G 70.48]", "RIMELEV": 70.48}, "geometry": {"type": "Point", "coordinates": [-123.12032361553074, 49.25028327810722]}}, {"type": "Feature", "properties": {"OBJECTID": 12745547, "FACILITYID": "421293", "SERVSTATUS": "In Service", "EFLNTTYPE": "Storm", "UNITDESCR": "[ G 67.12]: SEE ENGINEER BEFORE ISSUING PERMIT", "RIMELEV": 67.12}, "geometry": {"type": "Point", "coordinates": [-123.12030933062682, 49.25072102774106]}}, {"type": "Feature", "properties": {"OBJECTID": 12745548, "FACILITYID": "411521", "SERVSTATUS": "In Service", "EFLNTTYPE": "Storm", "UNITDESCR": "[ G 70.06]", "RIMELEV": 70.06}, "geometry": {"type": "Point", "coordinates": [-123.1269071749238, 49.25126729224177]}}, {"type": "Feature", "properties": {"OBJECTID": 12745744, "FACILITYID": "396621", "SERVSTATUS": "In Service", "EFLNTTYPE": "Sanitary", "UNITDESCR": "[ G 72.27]: MED CLAY, GD GROUND", "RIMELEV": 72.27}, "geometry": {"type": "Point", "coordinates": [-123.1039027378289, 49.250987221597505]}}, {"type": "Feature", "properties": {"OBJECTID": 12745746, "FACILITYID": "417470", "SERVSTATUS": "In Service", "EFLNTTYPE": "Sanitary", "UNITDESCR": "[ G 59.20]", "RIMELEV": 59.2}, "geometry": {"type": "Point", "coordinates": [-123.11610020471, 49.253353603936915]}}, {"type": "Feature", "properties": {"OBJECTID": 12745747, "FACILITYID": "414494", "SERVSTATUS": "In Service", "EFLNTTYPE": "Sanitary", "UNITDESCR": "[ G 68.63]", "RIMELEV": 68.63}, "geometry": {"type": "Point", "coordinates": [-123.12112438391529, 49.25070546893312]}}, {"type": "Feature", "properties": {"OBJECTID": 12745748, "FACILITYID": "414497", "SERVSTATUS": "In Service", "EFLNTTYPE": "Sanitary", "UNITDESCR": "[ G 62.86]: C/RMP", "RIMELEV": 62.86}, "geometry": {"type": "Point", "coordinates": [-123.12220830687411, 49.250728596607345]}}, {"type": "Feature", "properties": {"OBJECTID": 12745749, "FACILITYID": "424096", "SERVSTATUS": "In Service", "EFLNTTYPE": "Sanitary", "UNITDESCR": "[ G 55.96]", "RIMELEV": 55.96}, "geometry": {"type": "Point", "coordinates": [-123.12028659248786, 49.25159338149806]}}, {"type": "Feature", "properties": {"OBJECTID": 12745750, "FACILITYID": "423614", "SERVSTATUS": "In Service", "EFLNTTYPE": "Sanitary", "UNITDESCR": "[ G 56.21]", "RIMELEV": 56.21}, "geometry": {"type": "Point", "coordinates": [-123.11851731557941, 49.25340574175488]}}, {"type": "Feature", "properties": {"OBJECTID": 12745751, "FACILITYID": "405744", "SERVSTATUS": "In Service", "EFLNTTYPE": "Sanitary", "UNITDESCR": "[ G 61.22]: INC OUTSIDE MH", "RIMELEV": 61.22}, "geometry": {"type": "Point", "coordinates": [-123.12465406735998, 49.251216349490434]}}, {"type": "Feature", "properties": {"OBJECTID": 12745752, "FACILITYID": "411522", "SERVSTATUS": "In Service", "EFLNTTYPE": "Sanitary", "UNITDESCR": "[ G 70.04] ", "RIMELEV": 70.04}, "geometry": {"type": "Point", "coordinates": [-123.12692568720793, 49.251252339829506]}}, {"type": "Feature", "properties": {"OBJECTID": 12745753, "FACILITYID": "411892", "SERVSTATUS": "In Service", "EFLNTTYPE": "Sanitary", "UNITDESCR": "[ G 71.39]", "RIMELEV": 71.39}, "geometry": {"type": "Point", "coordinates": [-123.12736737105348, 49.251263277692985]}}, {"type": "Feature", "properties": {"OBJECTID": 12745754, "FACILITYID": "411894", "SERVSTATUS": "In Service", "EFLNTTYPE": "Sanitary", "UNITDESCR": "[ G 71.40]:BACKFALL", "RIMELEV": 71.4}, "geometry": {"type": "Point", "coordinates": [-123.12760111122566, 49.2513175308516]}}, {"type": "Feature", "properties": {"OBJECTID": 12745755, "FACILITYID": "411897", "SERVSTATUS": "In Service", "EFLNTTYPE": "Sanitary", "UNITDESCR": "[ G 64.47]", "RIMELEV": 64.47}, "geometry": {"type": "Point", "coordinates": [-123.12597450291058, 49.25172016115895]}}, {"type": "Feature", "properties": {"OBJECTID": 12745756, "FACILITYID": "411899", "SERVSTATUS": "In Service", "EFLNTTYPE": "Sanitary", "UNITDESCR": "[ G 69.20]", "RIMELEV": 69.2}, "geometry": {"type": "Point", "coordinates": [-123.12710792861203, 49.25173626255766]}}, {"type": "Feature", "properties": {"OBJECTID": 12745757, "FACILITYID": "411906", "SERVSTATUS": "In Service", "EFLNTTYPE": "Sanitary", "UNITDESCR": "[ G 60.75]", "RIMELEV": 60.75}, "geometry": {"type": "Point", "coordinates": [-123.12590412906903, 49.25262074986527]}}, {"type": "Feature", "properties": {"OBJECTID": 12745758, "FACILITYID": "411909", "SERVSTATUS": "In Service", "EFLNTTYPE": "Sanitary", "UNITDESCR": "[ G 64.20]", "RIMELEV": 64.2}, "geometry": {"type": "Point", "coordinates": [-123.1267366264684, 49.2526335933573]}}, {"type": "Feature", "properties": {"OBJECTID": 12745759, "FACILITYID": "414583", "SERVSTATUS": "In Service", "EFLNTTYPE": "Sanitary", "UNITDESCR": "[ G 70.59]", "RIMELEV": 70.59}, "geometry": {"type": "Point", "coordinates": [-123.12033238346562, 49.25027247470202]}}, {"type": "Feature", "properties": {"OBJECTID": 12745760, "FACILITYID": "414505", "SERVSTATUS": "In Service", "EFLNTTYPE": "Sanitary", "UNITDESCR": "[ G 67.29]", "RIMELEV": 67.29}, "geometry": {"type": "Point", "coordinates": [-123.12031671728404, 49.250707239360814]}}, {"type": "Feature", "properties": {"OBJECTID": 12745763, "FACILITYID": "411520", "SERVSTATUS": "In Service", "EFLNTTYPE": "Sanitary", "UNITDESCR": "[ G 65.37]", "RIMELEV": 65.37}, "geometry": {"type": "Point", "coordinates": [-123.12582346871203, 49.251237641898946]}}, {"type": "Feature", "properties": {"OBJECTID": 12746446, "FACILITYID": "421093", "SERVSTATUS": "In Service", "EFLNTTYPE": "Storm", "UNITDESCR": "[ G 70.58]:  N/S WYES TAKEN TO 3.4 S OF N PL", "RIMELEV": 70.58}, "geometry": {"type": "Point", "coordinates": [-123.1244490512315, 49.24810120784984]}}, {"type": "Feature", "properties": {"OBJECTID": 12746544, "FACILITYID": "420123", "SERVSTATUS": "In Service", "EFLNTTYPE": "Sanitary", "UNITDESCR": "[ G 59.78]:", "RIMELEV": 59.78}, "geometry": {"type": "Point", "coordinates": [-123.11606990009173, 49.25280094987494]}}, {"type": "Feature", "properties": {"OBJECTID": 12746914, "FACILITYID": "418976", "SERVSTATUS": "In Service", "EFLNTTYPE": "Storm", "UNITDESCR": "[ G 75.32]:", "RIMELEV": 75.32}, "geometry": {"type": "Point", "coordinates": [-123.10546365327166, 49.24193287867982]}}, {"type": "Feature", "properties": {"OBJECTID": 12746915, "FACILITYID": "418902", "SERVSTATUS": "In Service", "EFLNTTYPE": "Storm", "UNITDESCR": "[ G 74.13]:", "RIMELEV": 74.13}, "geometry": {"type": "Point", "coordinates": [-123.10568139176169, 49.24329561136783]}}, {"type": "Feature", "properties": {"OBJECTID": 12746921, "FACILITYID": "410013", "SERVSTATUS": "In Service", "EFLNTTYPE": "Storm", "UNITDESCR": "[ G 78.04]:", "RIMELEV": 78.04}, "geometry": {"type": "Point", "coordinates": [-123.12471485080981, 49.241295403895045]}}, {"type": "Feature", "properties": {"OBJECTID": 12746922, "FACILITYID": "410004", "SERVSTATUS": "In Service", "EFLNTTYPE": "Storm", "UNITDESCR": "[ G 81.13]", "RIMELEV": 81.13}, "geometry": {"type": "Point", "coordinates": [-123.12355739588219, 49.241248990791334]}}, {"type": "Feature", "properties": {"OBJECTID": 12746923, "FACILITYID": "409921", "SERVSTATUS": "In Service", "EFLNTTYPE": "Storm", "UNITDESCR": "[ G 86.29]", "RIMELEV": 86.29}, "geometry": {"type": "Point", "coordinates": [-123.12285914779, 49.24122411700373]}}, {"type": "Feature", "properties": {"OBJECTID": 12746924, "FACILITYID": "409995", "SERVSTATUS": "In Service", "EFLNTTYPE": "Storm", "UNITDESCR": "[ G 87.80]R.C.M.P.", "RIMELEV": 87.8}, "geometry": {"type": "Point", "coordinates": [-123.12283253586546, 49.241129695257506]}}, {"type": "Feature", "properties": {"OBJECTID": 12746925, "FACILITYID": "409999", "SERVSTATUS": "In Service", "EFLNTTYPE": "Storm", "UNITDESCR": "[ G 102.95] ", "RIMELEV": 102.95}, "geometry": {"type": "Point", "coordinates": [-123.11677220583708, 49.24096115723483]}}, {"type": "Feature", "properties": {"OBJECTID": 12746926, "FACILITYID": "422159", "SERVSTATUS": "In Service", "EFLNTTYPE": "Storm", "UNITDESCR": "[ G 77.78]", "RIMELEV": 77.78}, "geometry": {"type": "Point", "coordinates": [-123.12499449589919, 49.24132235725985]}}, {"type": "Feature", "properties": {"OBJECTID": 12747700, "FACILITYID": "420002", "SERVSTATUS": "In Service", "EFLNTTYPE": "Sanitary", "UNITDESCR": "[ G 69.27]", "RIMELEV": 69.27}, "geometry": {"type": "Point", "coordinates": [-123.1050962533308, 49.251422428523895]}}, {"type": "Feature", "properties": {"OBJECTID": 12747701, "FACILITYID": "400057", "SERVSTATUS": "In Service", "EFLNTTYPE": "Sanitary", "UNITDESCR": "[ G 65.37]", "RIMELEV": 65.37}, "geometry": {"type": "Point", "coordinates": [-123.11248189967061, 49.25156368847069]}}, {"type": "Feature", "properties": {"OBJECTID": 12747703, "FACILITYID": "403129", "SERVSTATUS": "In Service", "EFLNTTYPE": "Sanitary", "UNITDESCR": "[ G 66.98]", "RIMELEV": 66.98}, "geometry": {"type": "Point", "coordinates": [-123.10834182729634, 49.25237832158041]}}, {"type": "Feature", "properties": {"OBJECTID": 12749092, "FACILITYID": "402562", "SERVSTATUS": "In Service", "EFLNTTYPE": "Storm", "UNITDESCR": "[ G 61.67]: ST MH LEAKS IN PIPE JOINTS", "RIMELEV": 61.67}, "geometry": {"type": "Point", "coordinates": [-123.11459787974837, 49.25161192832881]}}, {"type": "Feature", "properties": {"OBJECTID": 12749098, "FACILITYID": "423730", "SERVSTATUS": "In Service", "EFLNTTYPE": "Storm", "UNITDESCR": "[ G 55.35]", "RIMELEV": 55.35}, "geometry": {"type": "Point", "coordinates": [-123.10978503605038, 49.25624822352801]}}, {"type": "Feature", "properties": {"OBJECTID": 12749360, "FACILITYID": "409948", "SERVSTATUS": "In Service", "EFLNTTYPE": "Combined", "UNITDESCR": "[ G 67.74] ", "RIMELEV": 67.74}, "geometry": {"type": "Point", "coordinates": [-123.10423765621832, 49.2529350426767]}}, {"type": "Feature", "properties": {"OBJECTID": 12749394, "FACILITYID": "399068", "SERVSTATUS": "In Service", "EFLNTTYPE": "Storm", "UNITDESCR": "[ G 69.18] ", "RIMELEV": 69.18}, "geometry": {"type": "Point", "coordinates": [-123.1049309760988, 49.25187091875626]}}, {"type": "Feature", "properties": {"OBJECTID": 12749395, "FACILITYID": "399069", "SERVSTATUS": "In Service", "EFLNTTYPE": "Storm", "UNITDESCR": "[ G 67.88] ", "RIMELEV": 67.88}, "geometry": {"type": "Point", "coordinates": [-123.10491197447924, 49.25230665568494]}}, {"type": "Feature", "properties": {"OBJECTID": 12749397, "FACILITYID": "399063", "SERVSTATUS": "In Service", "EFLNTTYPE": "Storm", "UNITDESCR": "[ G 66.80] ", "RIMELEV": 66.8}, "geometry": {"type": "Point", "coordinates": [-123.10733127093177, 49.25191914107532]}}, {"type": "Feature", "properties": {"OBJECTID": 12749399, "FACILITYID": "399065", "SERVSTATUS": "In Service", "EFLNTTYPE": "Combined", "UNITDESCR": "[ G 63.83] ", "RIMELEV": 63.83}, "geometry": {"type": "Point", "coordinates": [-123.10997136131856, 49.251968974526406]}}, {"type": "Feature", "properties": {"OBJECTID": 12749400, "FACILITYID": "399066", "SERVSTATUS": "In Service", "EFLNTTYPE": "Storm", "UNITDESCR": "[ G 63.57] ", "RIMELEV": 63.57}, "geometry": {"type": "Point", "coordinates": [-123.10478767795627, 49.25374566232842]}}, {"type": "Feature", "properties": {"OBJECTID": 12749401, "FACILITYID": "400404", "SERVSTATUS": "In Service", "EFLNTTYPE": "Combined", "UNITDESCR": "[ G 63.78]", "RIMELEV": 63.78}, "geometry": {"type": "Point", "coordinates": [-123.11000766218967, 49.25337103447673]}}, {"type": "Feature", "properties": {"OBJECTID": 12749402, "FACILITYID": "418324", "SERVSTATUS": "In Service", "EFLNTTYPE": "Combined", "UNITDESCR": "[ G 63.00] ", "RIMELEV": 63}, "geometry": {"type": "Point", "coordinates": [-123.1098957445609, 49.25365373488966]}}, {"type": "Feature", "properties": {"OBJECTID": 12749403, "FACILITYID": "418402", "SERVSTATUS": "In Service", "EFLNTTYPE": "Combined", "UNITDESCR": "[ G 62.26] ", "RIMELEV": 62.26}, "geometry": {"type": "Point", "coordinates": [-123.1106535085365, 49.25385511628588]}}, {"type": "Feature", "properties": {"OBJECTID": 12749415, "FACILITYID": "418869", "SERVSTATUS": "In Service", "EFLNTTYPE": "Storm", "UNITDESCR": "[ G 62.68]", "RIMELEV": 62.68}, "geometry": {"type": "Point", "coordinates": [-123.11378035575767, 49.2515882153419]}}, {"type": "Feature", "properties": {"OBJECTID": 12749416, "FACILITYID": "418863", "SERVSTATUS": "In Service", "EFLNTTYPE": "Storm", "UNITDESCR": "[ G 64.47]", "RIMELEV": 64.47}, "geometry": {"type": "Point", "coordinates": [-123.11295692845071, 49.25157256206399]}}, {"type": "Feature", "properties": {"OBJECTID": 12749425, "FACILITYID": "418962", "SERVSTATUS": "In Service", "EFLNTTYPE": "Storm", "UNITDESCR": "[ G 66.58]", "RIMELEV": 66.58}, "geometry": {"type": "Point", "coordinates": [-123.10850405720488, 49.25148694045978]}}, {"type": "Feature", "properties": {"OBJECTID": 12749426, "FACILITYID": "418860", "SERVSTATUS": "In Service", "EFLNTTYPE": "Storm", "UNITDESCR": "[ G 67.64]", "RIMELEV": 67.64}, "geometry": {"type": "Point", "coordinates": [-123.10734826027603, 49.25147148691038]}}, {"type": "Feature", "properties": {"OBJECTID": 12749427, "FACILITYID": "420001", "SERVSTATUS": "In Service", "EFLNTTYPE": "Storm", "UNITDESCR": "[ G 69.34]", "RIMELEV": 69.34}, "geometry": {"type": "Point", "coordinates": [-123.10507677892475, 49.25142745657759]}}, {"type": "Feature", "properties": {"OBJECTID": 12749428, "FACILITYID": "418867", "SERVSTATUS": "In Service", "EFLNTTYPE": "Storm", "UNITDESCR": "[ G 65.34]", "RIMELEV": 65.34}, "geometry": {"type": "Point", "coordinates": [-123.11249982872968, 49.251562231777996]}}, {"type": "Feature", "properties": {"OBJECTID": 12749429, "FACILITYID": "403046", "SERVSTATUS": "In Service", "EFLNTTYPE": "Storm", "UNITDESCR": "[ G 66.98]", "RIMELEV": 66.98}, "geometry": {"type": "Point", "coordinates": [-123.10836245218962, 49.25237781649585]}}, {"type": "Feature", "properties": {"OBJECTID": 12749430, "FACILITYID": "403130", "SERVSTATUS": "In Service", "EFLNTTYPE": "Storm", "UNITDESCR": "[ G 65.07]", "RIMELEV": 65.07}, "geometry": {"type": "Point", "coordinates": [-123.10605650911658, 49.25232887237552]}}, {"type": "Feature", "properties": {"OBJECTID": 12749431, "FACILITYID": "403133", "SERVSTATUS": "In Service", "EFLNTTYPE": "Storm", "UNITDESCR": "[ G 67.96]", "RIMELEV": 67.96}, "geometry": {"type": "Point", "coordinates": [-123.1050357796747, 49.25230402453511]}}, {"type": "Feature", "properties": {"OBJECTID": 12749433, "FACILITYID": "403128", "SERVSTATUS": "In Service", "EFLNTTYPE": "Storm", "UNITDESCR": "[ G 64.22]", "RIMELEV": 64.22}, "geometry": {"type": "Point", "coordinates": [-123.1101030204238, 49.252402769764494]}}, {"type": "Feature", "properties": {"OBJECTID": 12749435, "FACILITYID": "418961", "SERVSTATUS": "In Service", "EFLNTTYPE": "Storm", "UNITDESCR": "[ G 62.13]", "RIMELEV": 62.13}, "geometry": {"type": "Point", "coordinates": [-123.1111754531292, 49.252422863570494]}}, {"type": "Feature", "properties": {"OBJECTID": 12749436, "FACILITYID": "418955", "SERVSTATUS": "In Service", "EFLNTTYPE": "Storm", "UNITDESCR": "[ G 64.05]", "RIMELEV": 64.05}, "geometry": {"type": "Point", "coordinates": [-123.11269842269745, 49.25245180989021]}}, {"type": "Feature", "properties": {"OBJECTID": 12749543, "FACILITYID": "396960", "SERVSTATUS": "In Service", "EFLNTTYPE": "Storm", "UNITDESCR": "[ G 61.37]", "RIMELEV": 61.37}, "geometry": {"type": "Point", "coordinates": [-123.10500808686625, 49.2542134476043]}}, {"type": "Feature", "properties": {"OBJECTID": 12749544, "FACILITYID": "396961", "SERVSTATUS": "In Service", "EFLNTTYPE": "Storm", "UNITDESCR": "[ G 58.83]", "RIMELEV": 58.83}, "geometry": {"type": "Point", "coordinates": [-123.1068010550244, 49.255210057692125]}}, {"type": "Feature", "properties": {"OBJECTID": 12749545, "FACILITYID": "396959", "SERVSTATUS": "In Service", "EFLNTTYPE": "Storm", "UNITDESCR": "[ G 75.61]", "RIMELEV": 75.61}, "geometry": {"type": "Point", "coordinates": [-123.1046984288305, 49.24130352105011]}}, {"type": "Feature", "properties": {"OBJECTID": 12749583, "FACILITYID": "418848", "SERVSTATUS": "In Service", "EFLNTTYPE": "Storm", "UNITDESCR": "[ G 69.98]", "RIMELEV": 69.98}, "geometry": {"type": "Point", "coordinates": [-123.10426467944738, 49.252031475056576]}}, {"type": "Feature", "properties": {"OBJECTID": 12749584, "FACILITYID": "418849", "SERVSTATUS": "In Service", "EFLNTTYPE": "Storm", "UNITDESCR": "[ G 71.38]", "RIMELEV": 71.38}, "geometry": {"type": "Point", "coordinates": [-123.10431934335702, 49.25110570010686]}}, {"type": "Feature", "properties": {"OBJECTID": 12749586, "FACILITYID": "418846", "SERVSTATUS": "In Service", "EFLNTTYPE": "Storm", "UNITDESCR": "[ G 64.19]", "RIMELEV": 64.19}, "geometry": {"type": "Point", "coordinates": [-123.1083908001194, 49.25334402081053]}}, {"type": "Feature", "properties": {"OBJECTID": 12749587, "FACILITYID": "418840", "SERVSTATUS": "In Service", "EFLNTTYPE": "Storm", "UNITDESCR": "[ G 64.66]", "RIMELEV": 64.66}, "geometry": {"type": "Point", "coordinates": [-123.10955295905453, 49.2533580006775]}}, {"type": "Feature", "properties": {"OBJECTID": 12749588, "FACILITYID": "418842", "SERVSTATUS": "In Service", "EFLNTTYPE": "Storm", "UNITDESCR": "[ G 63.47]", "RIMELEV": 63.47}, "geometry": {"type": "Point", "coordinates": [-123.10636316018685, 49.25330558866382]}}, {"type": "Feature", "properties": {"OBJECTID": 12749589, "FACILITYID": "418836", "SERVSTATUS": "In Service", "EFLNTTYPE": "Storm", "UNITDESCR": "[ G 65.45]", "RIMELEV": 65.45}, "geometry": {"type": "Point", "coordinates": [-123.10508821867192, 49.25328225235613]}}, {"type": "Feature", "properties": {"OBJECTID": 12749590, "FACILITYID": "418838", "SERVSTATUS": "In Service", "EFLNTTYPE": "Storm", "UNITDESCR": "[ G 72.59]", "RIMELEV": 72.59}, "geometry": {"type": "Point", "coordinates": [-123.1049760939583, 49.24938463310639]}}, {"type": "Feature", "properties": {"OBJECTID": 12749591, "FACILITYID": "418832", "SERVSTATUS": "In Service", "EFLNTTYPE": "Storm", "UNITDESCR": "[ G 73.12]", "RIMELEV": 73.12}, "geometry": {"type": "Point", "coordinates": [-123.10498774799035, 49.24903561663197]}}, {"type": "Feature", "properties": {"OBJECTID": 12749592, "FACILITYID": "418835", "SERVSTATUS": "In Service", "EFLNTTYPE": "Storm", "UNITDESCR": "[ G 73.18]", "RIMELEV": 73.18}, "geometry": {"type": "Point", "coordinates": [-123.10491642812917, 49.24903265902255]}}, {"type": "Feature", "properties": {"OBJECTID": 12749593, "FACILITYID": "408486", "SERVSTATUS": "In Service", "EFLNTTYPE": "Storm", "UNITDESCR": "[ G 56.28]", "RIMELEV": 56.28}, "geometry": {"type": "Point", "coordinates": [-123.10999629213843, 49.25625672996949]}}, {"type": "Feature", "properties": {"OBJECTID": 12749594, "FACILITYID": "408489", "SERVSTATUS": "In Service", "EFLNTTYPE": "Storm", "UNITDESCR": "[ G 55.49]", "RIMELEV": 55.49}, "geometry": {"type": "Point", "coordinates": [-123.11158033923218, 49.25628485028935]}}, {"type": "Feature", "properties": {"OBJECTID": 12749598, "FACILITYID": "418749", "SERVSTATUS": "In Service", "EFLNTTYPE": "Storm", "UNITDESCR": "[ G 60.91]", "RIMELEV": 60.91}, "geometry": {"type": "Point", "coordinates": [-123.1143039515959, 49.2544084026608]}}, {"type": "Feature", "properties": {"OBJECTID": 12749599, "FACILITYID": "418746", "SERVSTATUS": "In Service", "EFLNTTYPE": "Storm", "UNITDESCR": "[ G 60.40]", "RIMELEV": 60.4}, "geometry": {"type": "Point", "coordinates": [-123.11275809383335, 49.254372771414275]}}, {"type": "Feature", "properties": {"OBJECTID": 12749601, "FACILITYID": "408396", "SERVSTATUS": "In Service", "EFLNTTYPE": "Storm", "UNITDESCR": "[ G 52.33]", "RIMELEV": 52.33}, "geometry": {"type": "Point", "coordinates": [-123.12016854384984, 49.25521768867839]}}, {"type": "Feature", "properties": {"OBJECTID": 12749603, "FACILITYID": "408401", "SERVSTATUS": "In Service", "EFLNTTYPE": "Storm", "UNITDESCR": "[ G 62.76]", "RIMELEV": 62.76}, "geometry": {"type": "Point", "coordinates": [-123.1128027443838, 49.25342104234993]}}, {"type": "Feature", "properties": {"OBJECTID": 12749604, "FACILITYID": "408403", "SERVSTATUS": "In Service", "EFLNTTYPE": "Storm", "UNITDESCR": "[ G 62.68]", "RIMELEV": 62.68}, "geometry": {"type": "Point", "coordinates": [-123.11115552868743, 49.253396327821264]}}, {"type": "Feature", "properties": {"OBJECTID": 12749605, "FACILITYID": "408405", "SERVSTATUS": "In Service", "EFLNTTYPE": "Storm", "UNITDESCR": "[ G 90.02]", "RIMELEV": 90.02}, "geometry": {"type": "Point", "coordinates": [-123.11712598454648, 49.24464536611617]}}, {"type": "Feature", "properties": {"OBJECTID": 12749606, "FACILITYID": "408407", "SERVSTATUS": "In Service", "EFLNTTYPE": "Storm", "UNITDESCR": "[ G 89.85]:", "RIMELEV": 89.85}, "geometry": {"type": "Point", "coordinates": [-123.11766007352288, 49.24425744354319]}}, {"type": "Feature", "properties": {"OBJECTID": 12749608, "FACILITYID": "408411", "SERVSTATUS": "In Service", "EFLNTTYPE": "Storm", "UNITDESCR": "[ G 55.06]", "RIMELEV": 55.06}, "geometry": {"type": "Point", "coordinates": [-123.11440209183068, 49.25634449057153]}}, {"type": "Feature", "properties": {"OBJECTID": 12749611, "FACILITYID": "426126", "SERVSTATUS": "In Service", "EFLNTTYPE": "Storm", "UNITDESCR": "[ G 56.72]", "RIMELEV": 56.72}, "geometry": {"type": "Point", "coordinates": [-123.11604469636421, 49.25536796860333]}}, {"type": "Feature", "properties": {"OBJECTID": 12749612, "FACILITYID": "426204", "SERVSTATUS": "In Service", "EFLNTTYPE": "Storm", "UNITDESCR": "[ G 56.1]", "RIMELEV": 56.1}, "geometry": {"type": "Point", "coordinates": [-123.11601595593534, 49.2560342013907]}}, {"type": "Feature", "properties": {"OBJECTID": 12749613, "FACILITYID": "426209", "SERVSTATUS": "In Service", "EFLNTTYPE": "Storm", "UNITDESCR": "[ G 55.06]", "RIMELEV": 55.06}, "geometry": {"type": "Point", "coordinates": [-123.11686083384653, 49.25605230285492]}}, {"type": "Feature", "properties": {"OBJECTID": 12749614, "FACILITYID": "426208", "SERVSTATUS": "In Service", "EFLNTTYPE": "Storm", "UNITDESCR": "[ G 55.63]", "RIMELEV": 55.63}, "geometry": {"type": "Point", "coordinates": [-123.11819136572714, 49.25607869967858]}}, {"type": "Feature", "properties": {"OBJECTID": 12749615, "FACILITYID": "426212", "SERVSTATUS": "In Service", "EFLNTTYPE": "Storm", "UNITDESCR": "[ G 55.06]", "RIMELEV": 55.06}, "geometry": {"type": "Point", "coordinates": [-123.11905970604606, 49.25609205656037]}}, {"type": "Feature", "properties": {"OBJECTID": 12749619, "FACILITYID": "399389", "SERVSTATUS": "In Service", "EFLNTTYPE": "Storm", "UNITDESCR": "[ G 52.94]", "RIMELEV": 52.94}, "geometry": {"type": "Point", "coordinates": [-123.1201380477107, 49.25611719736161]}}, {"type": "Feature", "properties": {"OBJECTID": 12749620, "FACILITYID": "408389", "SERVSTATUS": "In Service", "EFLNTTYPE": "Storm", "UNITDESCR": "[ G 53.28]", "RIMELEV": 53.28}, "geometry": {"type": "Point", "coordinates": [-123.1201163230535, 49.256701477367315]}}, {"type": "Feature", "properties": {"OBJECTID": 12749621, "FACILITYID": "408390", "SERVSTATUS": "In Service", "EFLNTTYPE": "Storm", "UNITDESCR": "[ G 52.34]", "RIMELEV": 52.34}, "geometry": {"type": "Point", "coordinates": [-123.12015711449556, 49.25525340259396]}}, {"type": "Feature", "properties": {"OBJECTID": 12749622, "FACILITYID": "426215", "SERVSTATUS": "In Service", "EFLNTTYPE": "Storm", "UNITDESCR": "[ G 52.03]", "RIMELEV": 52.03}, "geometry": {"type": "Point", "coordinates": [-123.1244415919338, 49.25546038097212]}}, {"type": "Feature", "properties": {"OBJECTID": 12749623, "FACILITYID": "426213", "SERVSTATUS": "In Service", "EFLNTTYPE": "Storm", "UNITDESCR": "[ G 51.55]", "RIMELEV": 51.55}, "geometry": {"type": "Point", "coordinates": [-123.12439233386192, 49.25635508953035]}}, {"type": "Feature", "properties": {"OBJECTID": 12749628, "FACILITYID": "425637", "SERVSTATUS": "In Service", "EFLNTTYPE": "Storm", "UNITDESCR": "[ G 61.19]", "RIMELEV": 61.19}, "geometry": {"type": "Point", "coordinates": [-123.12463515277047, 49.25118092870335]}}, {"type": "Feature", "properties": {"OBJECTID": 12752205, "FACILITYID": "413231", "SERVSTATUS": "In Service", "EFLNTTYPE": "Storm", "UNITDESCR": "[ G 76.93]", "RIMELEV": 76.93}, "geometry": {"type": "Point", "coordinates": [-123.12820053523662, 49.241448249607316]}}, {"type": "Feature", "properties": {"OBJECTID": 12752206, "FACILITYID": "413228", "SERVSTATUS": "In Service", "EFLNTTYPE": "Storm", "UNITDESCR": "[ G 77.36]", "RIMELEV": 77.36}, "geometry": {"type": "Point", "coordinates": [-123.12854670976958, 49.24146123187407]}}, {"type": "Feature", "properties": {"OBJECTID": 12753121, "FACILITYID": "409939", "SERVSTATUS": "In Service", "EFLNTTYPE": "Storm", "UNITDESCR": "[ G 49.39]", "RIMELEV": 49.39}, "geometry": {"type": "Point", "coordinates": [-123.12209077907913, 49.256183397107534]}}, {"type": "Feature", "properties": {"OBJECTID": 12753122, "FACILITYID": "409936", "SERVSTATUS": "In Service", "EFLNTTYPE": "Storm", "UNITDESCR": "[ G 49.71]", "RIMELEV": 49.71}, "geometry": {"type": "Point", "coordinates": [-123.1220528659439, 49.257048345371395]}}, {"type": "Feature", "properties": {"OBJECTID": 12753123, "FACILITYID": "412246", "SERVSTATUS": "In Service", "EFLNTTYPE": "Storm", "UNITDESCR": "[ G 52.35]", "RIMELEV": 52.35}, "geometry": {"type": "Point", "coordinates": [-123.12018278390671, 49.25475478881414]}}, {"type": "Feature", "properties": {"OBJECTID": 12753460, "FACILITYID": "418688", "SERVSTATUS": "In Service", "EFLNTTYPE": "Storm", "UNITDESCR": "[ G 59.78]:", "RIMELEV": 59.78}, "geometry": {"type": "Point", "coordinates": [-123.11607600302182, 49.252813375142864]}}, {"type": "Feature", "properties": {"OBJECTID": 12755152, "FACILITYID": "410728", "SERVSTATUS": "In Service", "EFLNTTYPE": "Storm", "UNITDESCR": "[ G 65.96]", "RIMELEV": 65.96}, "geometry": {"type": "Point", "coordinates": [-123.12831151566469, 49.24818296816105]}}, {"type": "Feature", "properties": {"OBJECTID": 12755153, "FACILITYID": "398331", "SERVSTATUS": "In Service", "EFLNTTYPE": "Storm", "UNITDESCR": "[ G 66.76]", "RIMELEV": 66.76}, "geometry": {"type": "Point", "coordinates": [-123.1283412768608, 49.247260420061664]}}, {"type": "Feature", "properties": {"OBJECTID": 12755321, "FACILITYID": "1506053", "SERVSTATUS": "In Service", "EFLNTTYPE": "Sanitary", "UNITDESCR": "[ G 65.74]", "RIMELEV": 65.74}, "geometry": {"type": "Point", "coordinates": [-123.10732545506838, 49.25236135170863]}}, {"type": "Feature", "properties": {"OBJECTID": 12755322, "FACILITYID": "1506056", "SERVSTATUS": "In Service", "EFLNTTYPE": "Storm", "UNITDESCR": "[ G 65.79]", "RIMELEV": 65.79}, "geometry": {"type": "Point", "coordinates": [-123.10731099585688, 49.25235355728492]}}, {"type": "Feature", "properties": {"OBJECTID": 12755383, "FACILITYID": "1397446", "SERVSTATUS": "In Service", "EFLNTTYPE": "Storm", "UNITDESCR": "[ G 56.41]", "RIMELEV": 56.41}, "geometry": {"type": "Point", "coordinates": [-123.10395137988753, 49.25569193999922]}}, {"type": "Feature", "properties": {"OBJECTID": 12755384, "FACILITYID": "1397454", "SERVSTATUS": "In Service", "EFLNTTYPE": "Sanitary", "UNITDESCR": "[ G 56.89]", "RIMELEV": 56.89}, "geometry": {"type": "Point", "coordinates": [-123.10397442030238, 49.25512003921576]}}, {"type": "Feature", "properties": {"OBJECTID": 12755388, "FACILITYID": "1505805", "SERVSTATUS": "In Service", "EFLNTTYPE": "Storm", "UNITDESCR": "[ G 64.79]", "RIMELEV": 64.79}, "geometry": {"type": "Point", "coordinates": [-123.10729643218247, 49.252798456584564]}}, {"type": "Feature", "properties": {"OBJECTID": 12755389, "FACILITYID": "1505809", "SERVSTATUS": "In Service", "EFLNTTYPE": "Storm", "UNITDESCR": "[ G 63.08]", "RIMELEV": 63.078}, "geometry": {"type": "Point", "coordinates": [-123.10727408544895, 49.25331715988077]}}, {"type": "Feature", "properties": {"OBJECTID": 12755390, "FACILITYID": "1505812", "SERVSTATUS": "In Service", "EFLNTTYPE": "Sanitary", "UNITDESCR": "[ G 63.01]", "RIMELEV": 63.01}, "geometry": {"type": "Point", "coordinates": [-123.1072860562987, 49.253330659589615]}}, {"type": "Feature", "properties": {"OBJECTID": 12755391, "FACILITYID": "1505816", "SERVSTATUS": "In Service", "EFLNTTYPE": "Sanitary", "UNITDESCR": "[ G 53.65]", "RIMELEV": 53.65}, "geometry": {"type": "Point", "coordinates": [-123.1071632248807, 49.256202902438666]}}, {"type": "Feature", "properties": {"OBJECTID": 12755392, "FACILITYID": "1505820", "SERVSTATUS": "In Service", "EFLNTTYPE": "Storm", "UNITDESCR": "[ G 53.67]", "RIMELEV": 53.67}, "geometry": {"type": "Point", "coordinates": [-123.10714124009218, 49.25621078464828]}}, {"type": "Feature", "properties": {"OBJECTID": 12755393, "FACILITYID": "1505823", "SERVSTATUS": "In Service", "EFLNTTYPE": "Sanitary", "UNITDESCR": "[ G 51.50]", "RIMELEV": 51.5}, "geometry": {"type": "Point", "coordinates": [-123.10715069430252, 49.256692973516934]}}, {"type": "Feature", "properties": {"OBJECTID": 12755394, "FACILITYID": "1505827", "SERVSTATUS": "In Service", "EFLNTTYPE": "Sanitary", "UNITDESCR": "[ G 51.46]", "RIMELEV": 51.46}, "geometry": {"type": "Point", "coordinates": [-123.10713674946652, 49.25666307735112]}}, {"type": "Feature", "properties": {"OBJECTID": 12755986, "FACILITYID": "397741", "SERVSTATUS": "In Service", "EFLNTTYPE": "Sanitary", "UNITDESCR": "[ G 59.37]", "RIMELEV": 59.37}, "geometry": {"type": "Point", "coordinates": [-123.10844487773382, 49.25524021663628]}}, {"type": "Feature", "properties": {"OBJECTID": 12755987, "FACILITYID": "396557", "SERVSTATUS": "In Service", "EFLNTTYPE": "Sanitary", "UNITDESCR": "[ G 70.13]", "RIMELEV": 70.13}, "geometry": {"type": "Point", "coordinates": [-123.12692568697727, 49.25125224987749]}}, {"type": "Feature", "properties": {"OBJECTID": 12755989, "FACILITYID": "396554", "SERVSTATUS": "In Service", "EFLNTTYPE": "Sanitary", "UNITDESCR": "[ G 61.49]", "RIMELEV": 61.49}, "geometry": {"type": "Point", "coordinates": [-123.12475560975545, 49.25121983797938]}}, {"type": "Feature", "properties": {"OBJECTID": 12755990, "FACILITYID": "405464", "SERVSTATUS": "In Service", "EFLNTTYPE": "Sanitary", "UNITDESCR": "[ G 58.87]", "RIMELEV": 58.87}, "geometry": {"type": "Point", "coordinates": [-123.10508435357661, 49.25495076146036]}}, {"type": "Feature", "properties": {"OBJECTID": 12755991, "FACILITYID": "396576", "SERVSTATUS": "In Service", "EFLNTTYPE": "Sanitary", "UNITDESCR": "[ G 58.67]", "RIMELEV": 58.67}, "geometry": {"type": "Point", "coordinates": [-123.11445199863488, 49.25536102984434]}}, {"type": "Feature", "properties": {"OBJECTID": 12755992, "FACILITYID": "397739", "SERVSTATUS": "In Service", "EFLNTTYPE": "Sanitary", "UNITDESCR": "[ G 57.54]:", "RIMELEV": 57.54}, "geometry": {"type": "Point", "coordinates": [-123.11270383313361, 49.255323367285335]}}, {"type": "Feature", "properties": {"OBJECTID": 12755993, "FACILITYID": "396549", "SERVSTATUS": "In Service", "EFLNTTYPE": "Sanitary", "UNITDESCR": "[ G 56.48]", "RIMELEV": 56.48}, "geometry": {"type": "Point", "coordinates": [-123.11203168319909, 49.255311580605074]}}, {"type": "Feature", "properties": {"OBJECTID": 12755994, "FACILITYID": "396550", "SERVSTATUS": "In Service", "EFLNTTYPE": "Sanitary", "UNITDESCR": "[ G 59.70]:", "RIMELEV": 59.7}, "geometry": {"type": "Point", "coordinates": [-123.11002900147014, 49.255268394131456]}}, {"type": "Feature", "properties": {"OBJECTID": 12755995, "FACILITYID": "396548", "SERVSTATUS": "In Service", "EFLNTTYPE": "Sanitary", "UNITDESCR": "[ G 59.28]", "RIMELEV": 59.28}, "geometry": {"type": "Point", "coordinates": [-123.1096941730212, 49.25526348628784]}}, {"type": "Feature", "properties": {"OBJECTID": 12756317, "FACILITYID": "1452485", "SERVSTATUS": "In Service", "EFLNTTYPE": "Sanitary", "UNITDESCR": "[ G 60.83]", "RIMELEV": 60.832}, "geometry": {"type": "Point", "coordinates": [-123.10724883841416, 49.25427974401213]}}, {"type": "Feature", "properties": {"OBJECTID": 12756318, "FACILITYID": "1452487", "SERVSTATUS": "In Service", "EFLNTTYPE": "Sanitary", "UNITDESCR": "[ G 58.32]", "RIMELEV": 58.323}, "geometry": {"type": "Point", "coordinates": [-123.1072050708684, 49.25523197367473]}}, {"type": "Feature", "properties": {"OBJECTID": 12756417, "FACILITYID": "1527034", "SERVSTATUS": "In Service", "EFLNTTYPE": "Sanitary", "UNITDESCR": "[ G 62.64]", "RIMELEV": 62.638}, "geometry": {"type": "Point", "coordinates": [-123.122261714465, 49.25073259694993]}}, {"type": "Feature", "properties": {"OBJECTID": 12756418, "FACILITYID": "1527037", "SERVSTATUS": "In Service", "EFLNTTYPE": "Sanitary", "UNITDESCR": "[ G 66.27]", "RIMELEV": 66.273}, "geometry": {"type": "Point", "coordinates": [-123.12228184803125, 49.25014960392843]}}, {"type": "Feature", "properties": {"OBJECTID": 12756633, "FACILITYID": "409510", "SERVSTATUS": "In Service", "EFLNTTYPE": "Combined", "UNITDESCR": "[ G 66.23] ", "RIMELEV": 66.23}, "geometry": {"type": "Point", "coordinates": [-123.11469471309607, 49.24943434858738]}}, {"type": "Feature", "properties": {"OBJECTID": 12756774, "FACILITYID": "418858", "SERVSTATUS": "In Service", "EFLNTTYPE": "Combined", "UNITDESCR": "[ G 63.81]", "RIMELEV": 63.81}, "geometry": {"type": "Point", "coordinates": [-123.11004753856639, 49.25151542570872]}}, {"type": "Feature", "properties": {"OBJECTID": 12756775, "FACILITYID": "403045", "SERVSTATUS": "In Service", "EFLNTTYPE": "Combined", "UNITDESCR": "[ G 64.62]", "RIMELEV": 64.62}, "geometry": {"type": "Point", "coordinates": [-123.10976495661305, 49.252398764733854]}}, {"type": "Feature", "properties": {"OBJECTID": 12756784, "FACILITYID": "418748", "SERVSTATUS": "In Service", "EFLNTTYPE": "Combined", "UNITDESCR": "[ G 54.24]", "RIMELEV": 54.24}, "geometry": {"type": "Point", "coordinates": [-123.11244409216609, 49.256298576155274]}}, {"type": "Feature", "properties": {"OBJECTID": 12756785, "FACILITYID": "408485", "SERVSTATUS": "In Service", "EFLNTTYPE": "Combined", "UNITDESCR": "[ G 54.22]", "RIMELEV": 54.22}, "geometry": {"type": "Point", "coordinates": [-123.11268696410781, 49.25631024920117]}}, {"type": "Feature", "properties": {"OBJECTID": 12756786, "FACILITYID": "426120", "SERVSTATUS": "In Service", "EFLNTTYPE": "Combined", "UNITDESCR": "[ G 62.59]", "RIMELEV": 62.59}, "geometry": {"type": "Point", "coordinates": [-123.1246828444401, 49.25081378203237]}}, {"type": "Feature", "properties": {"OBJECTID": 12756846, "FACILITYID": "399067", "SERVSTATUS": "In Service", "EFLNTTYPE": "Combined", "UNITDESCR": "[ G 69.87] ", "RIMELEV": 69.87}, "geometry": {"type": "Point", "coordinates": [-123.10482001939093, 49.25100996951719]}}, {"type": "Feature", "properties": {"OBJECTID": 12756847, "FACILITYID": "416679", "SERVSTATUS": "In Service", "EFLNTTYPE": "Combined", "UNITDESCR": "[ G 60.96]", "RIMELEV": 60.96}, "geometry": {"type": "Point", "coordinates": [-123.11452756023817, 49.25345700846847]}}, {"type": "Feature", "properties": {"OBJECTID": 12756848, "FACILITYID": "416678", "SERVSTATUS": "In Service", "EFLNTTYPE": "Combined", "UNITDESCR": "[ G 59.30] ", "RIMELEV": 59.3}, "geometry": {"type": "Point", "coordinates": [-123.11510102414864, 49.25301572663292]}}, {"type": "Feature", "properties": {"OBJECTID": 12756850, "FACILITYID": "416676", "SERVSTATUS": "In Service", "EFLNTTYPE": "Combined", "UNITDESCR": "[ G 67.16]", "RIMELEV": 67.16}, "geometry": {"type": "Point", "coordinates": [-123.1116991028856, 49.25057208557172]}}, {"type": "Feature", "properties": {"OBJECTID": 12756851, "FACILITYID": "416675", "SERVSTATUS": "In Service", "EFLNTTYPE": "Combined", "UNITDESCR": "[ G 66.60] ", "RIMELEV": 66.6}, "geometry": {"type": "Point", "coordinates": [-123.11283283816323, 49.249543782860165]}}, {"type": "Feature", "properties": {"OBJECTID": 12756852, "FACILITYID": "416674", "SERVSTATUS": "In Service", "EFLNTTYPE": "Storm", "UNITDESCR": "[ G 65.45]", "RIMELEV": 65.45}, "geometry": {"type": "Point", "coordinates": [-123.1128102929898, 49.2500638999799]}}, {"type": "Feature", "properties": {"OBJECTID": 12756853, "FACILITYID": "416777", "SERVSTATUS": "In Service", "EFLNTTYPE": "Combined", "UNITDESCR": "[ G 66.59] ", "RIMELEV": 66.59}, "geometry": {"type": "Point", "coordinates": [-123.11190407254094, 49.25057599804389]}}, {"type": "Feature", "properties": {"OBJECTID": 12756854, "FACILITYID": "416776", "SERVSTATUS": "In Service", "EFLNTTYPE": "Combined", "UNITDESCR": "[ G 65.14] ", "RIMELEV": 65.14}, "geometry": {"type": "Point", "coordinates": [-123.11278059376151, 49.25059245255951]}}, {"type": "Feature", "properties": {"OBJECTID": 12756855, "FACILITYID": "416775", "SERVSTATUS": "In Service", "EFLNTTYPE": "Combined", "UNITDESCR": "[ G 61.43] ", "RIMELEV": 61.43}, "geometry": {"type": "Point", "coordinates": [-123.11517614225497, 49.2512226965875]}}, {"type": "Feature", "properties": {"OBJECTID": 12756856, "FACILITYID": "416774", "SERVSTATUS": "In Service", "EFLNTTYPE": "Combined", "UNITDESCR": "[ G 61.96] ", "RIMELEV": 61.96}, "geometry": {"type": "Point", "coordinates": [-123.11462872484086, 49.2512125097023]}}, {"type": "Feature", "properties": {"OBJECTID": 12756857, "FACILITYID": "416773", "SERVSTATUS": "In Service", "EFLNTTYPE": "Combined", "UNITDESCR": "[ G 62.54] ", "RIMELEV": 62.54}, "geometry": {"type": "Point", "coordinates": [-123.11465242061273, 49.25062764354107]}}, {"type": "Feature", "properties": {"OBJECTID": 12756858, "FACILITYID": "416772", "SERVSTATUS": "In Service", "EFLNTTYPE": "Combined", "UNITDESCR": "[ G 65.20] ", "RIMELEV": 65.2}, "geometry": {"type": "Point", "coordinates": [-123.11469296609397, 49.249581809107866]}}, {"type": "Feature", "properties": {"OBJECTID": 12756859, "FACILITYID": "416771", "SERVSTATUS": "In Service", "EFLNTTYPE": "Combined", "UNITDESCR": "[ G 64.05] ", "RIMELEV": 64.05}, "geometry": {"type": "Point", "coordinates": [-123.11467699727973, 49.25016230502925]}}, {"type": "Feature", "properties": {"OBJECTID": 12756860, "FACILITYID": "416770", "SERVSTATUS": "In Service", "EFLNTTYPE": "Combined", "UNITDESCR": "[ G 63.76] ", "RIMELEV": 63.76}, "geometry": {"type": "Point", "coordinates": [-123.11522051015716, 49.25017066055212]}}, {"type": "Feature", "properties": {"OBJECTID": 12756862, "FACILITYID": "416768", "SERVSTATUS": "In Service", "EFLNTTYPE": "Combined", "UNITDESCR": "[ G 62.23] ", "RIMELEV": 62.23}, "geometry": {"type": "Point", "coordinates": [-123.11618258509081, 49.25024362886322]}}, {"type": "Feature", "properties": {"OBJECTID": 12756863, "FACILITYID": "416767", "SERVSTATUS": "In Service", "EFLNTTYPE": "Combined", "UNITDESCR": "[ G 63.06] ", "RIMELEV": 63.06}, "geometry": {"type": "Point", "coordinates": [-123.11605458127076, 49.25009399596556]}}, {"type": "Feature", "properties": {"OBJECTID": 12756864, "FACILITYID": "416766", "SERVSTATUS": "In Service", "EFLNTTYPE": "Combined", "UNITDESCR": "[ G 61.50] ", "RIMELEV": 61.5}, "geometry": {"type": "Point", "coordinates": [-123.11737703005035, 49.250117109023726]}}, {"type": "Feature", "properties": {"OBJECTID": 12756866, "FACILITYID": "416693", "SERVSTATUS": "In Service", "EFLNTTYPE": "Combined", "UNITDESCR": "[ G 59.98] ", "RIMELEV": 59.98}, "geometry": {"type": "Point", "coordinates": [-123.11682491569864, 49.250790142833104]}}, {"type": "Feature", "properties": {"OBJECTID": 12756867, "FACILITYID": "416692", "SERVSTATUS": "In Service", "EFLNTTYPE": "Combined", "UNITDESCR": "[ G 60.30] ", "RIMELEV": 60.3}, "geometry": {"type": "Point", "coordinates": [-123.11614508190142, 49.251553911294636]}}, {"type": "Feature", "properties": {"OBJECTID": 12756868, "FACILITYID": "416691", "SERVSTATUS": "In Service", "EFLNTTYPE": "Combined", "UNITDESCR": "[ G 58.99] ", "RIMELEV": 58.99}, "geometry": {"type": "Point", "coordinates": [-123.11679738112595, 49.251565909993865]}}, {"type": "Feature", "properties": {"OBJECTID": 12756869, "FACILITYID": "416690", "SERVSTATUS": "In Service", "EFLNTTYPE": "Combined", "UNITDESCR": "[ G 60.77] ", "RIMELEV": 60.77}, "geometry": {"type": "Point", "coordinates": [-123.11613353334816, 49.251967325471156]}}, {"type": "Feature", "properties": {"OBJECTID": 12756870, "FACILITYID": "416689", "SERVSTATUS": "In Service", "EFLNTTYPE": "Combined", "UNITDESCR": "[ G 58.18] ", "RIMELEV": 58.18}, "geometry": {"type": "Point", "coordinates": [-123.11722851847756, 49.25157369497873]}}, {"type": "Feature", "properties": {"OBJECTID": 12756871, "FACILITYID": "416688", "SERVSTATUS": "In Service", "EFLNTTYPE": "Storm", "UNITDESCR": "[ G 65.13] ", "RIMELEV": 65.13}, "geometry": {"type": "Point", "coordinates": [-123.11275626436876, 49.25111394758485]}}, {"type": "Feature", "properties": {"OBJECTID": 12756872, "FACILITYID": "416687", "SERVSTATUS": "In Service", "EFLNTTYPE": "Storm", "UNITDESCR": "[ G 64.67] ", "RIMELEV": 64.67}, "geometry": {"type": "Point", "coordinates": [-123.11273670221162, 49.2515688462519]}}, {"type": "Feature", "properties": {"OBJECTID": 12756873, "FACILITYID": "416686", "SERVSTATUS": "In Service", "EFLNTTYPE": "Combined", "UNITDESCR": "[ G 61.32]", "RIMELEV": 61.32}, "geometry": {"type": "Point", "coordinates": [-123.11458208105074, 49.25211230339663]}}, {"type": "Feature", "properties": {"OBJECTID": 12756874, "FACILITYID": "416685", "SERVSTATUS": "In Service", "EFLNTTYPE": "Combined", "UNITDESCR": "[G 60.11]: (BACKFALL IN MH)", "RIMELEV": 60.11}, "geometry": {"type": "Point", "coordinates": [-123.11513283539348, 49.25212316182034]}}, {"type": "Feature", "properties": {"OBJECTID": 12756875, "FACILITYID": "417474", "SERVSTATUS": "In Service", "EFLNTTYPE": "Combined", "UNITDESCR": "[ G 59.02]", "RIMELEV": 59.02}, "geometry": {"type": "Point", "coordinates": [-123.1171819805806, 49.25247518067291]}}, {"type": "Feature", "properties": {"OBJECTID": 12756876, "FACILITYID": "417476", "SERVSTATUS": "In Service", "EFLNTTYPE": "Combined", "UNITDESCR": "[ G 60.60]", "RIMELEV": 60.6}, "geometry": {"type": "Point", "coordinates": [-123.11454902907086, 49.25300149607809]}}, {"type": "Feature", "properties": {"OBJECTID": 12756877, "FACILITYID": "399085", "SERVSTATUS": "In Service", "EFLNTTYPE": "Storm", "UNITDESCR": "[ G 69.62] ", "RIMELEV": 69.62}, "geometry": {"type": "Point", "coordinates": [-123.10741874849812, 49.249962103327114]}}, {"type": "Feature", "properties": {"OBJECTID": 12756878, "FACILITYID": "399086", "SERVSTATUS": "In Service", "EFLNTTYPE": "Combined", "UNITDESCR": "[ G 70.61] ", "RIMELEV": 70.61}, "geometry": {"type": "Point", "coordinates": [-123.10607979423277, 49.25046588582818]}}, {"type": "Feature", "properties": {"OBJECTID": 12756879, "FACILITYID": "399081", "SERVSTATUS": "In Service", "EFLNTTYPE": "Combined", "UNITDESCR": "[ G 69.00] ", "RIMELEV": 69}, "geometry": {"type": "Point", "coordinates": [-123.10739446066808, 49.250490649486146]}}, {"type": "Feature", "properties": {"OBJECTID": 12756880, "FACILITYID": "399082", "SERVSTATUS": "In Service", "EFLNTTYPE": "Combined", "UNITDESCR": "[ G 66.60]", "RIMELEV": 66.6}, "geometry": {"type": "Point", "coordinates": [-123.108597575181, 49.25051363208493]}}, {"type": "Feature", "properties": {"OBJECTID": 12756881, "FACILITYID": "399075", "SERVSTATUS": "In Service", "EFLNTTYPE": "Combined", "UNITDESCR": "[ G 63.99]", "RIMELEV": 63.99}, "geometry": {"type": "Point", "coordinates": [-123.10985712666904, 49.25053733109011]}}, {"type": "Feature", "properties": {"OBJECTID": 12756882, "FACILITYID": "399076", "SERVSTATUS": "In Service", "EFLNTTYPE": "Combined", "UNITDESCR": "[ G 63.95]", "RIMELEV": 63.95}, "geometry": {"type": "Point", "coordinates": [-123.11015074267414, 49.25054280847536]}}, {"type": "Feature", "properties": {"OBJECTID": 12756883, "FACILITYID": "399077", "SERVSTATUS": "In Service", "EFLNTTYPE": "Combined", "UNITDESCR": "[ G 63.93]", "RIMELEV": 63.93}, "geometry": {"type": "Point", "coordinates": [-123.10981778789977, 49.251510714934334]}}, {"type": "Feature", "properties": {"OBJECTID": 12756884, "FACILITYID": "399072", "SERVSTATUS": "In Service", "EFLNTTYPE": "Combined", "UNITDESCR": "[ G 71.01] ", "RIMELEV": 71.01}, "geometry": {"type": "Point", "coordinates": [-123.10485399645707, 49.250443248412786]}}, {"type": "Feature", "properties": {"OBJECTID": 12756885, "FACILITYID": "399073", "SERVSTATUS": "In Service", "EFLNTTYPE": "Combined", "UNITDESCR": "[ G 72.03]", "RIMELEV": 72.03}, "geometry": {"type": "Point", "coordinates": [-123.10487638716373, 49.249946898432]}}, {"type": "Feature", "properties": {"OBJECTID": 12756886, "FACILITYID": "399074", "SERVSTATUS": "In Service", "EFLNTTYPE": "Combined", "UNITDESCR": "[ G 69.61] ", "RIMELEV": 69.61}, "geometry": {"type": "Point", "coordinates": [-123.10480197855375, 49.251419529515324]}}, {"type": "Feature", "properties": {"OBJECTID": 12756887, "FACILITYID": "416680", "SERVSTATUS": "In Service", "EFLNTTYPE": "Combined", "UNITDESCR": "[ G 56.11]: SEE ENGINEER BEFORE ISSUING PERMIT", "RIMELEV": 56.11}, "geometry": {"type": "Point", "coordinates": [-123.12219040940116, 49.25153322956549]}}, {"type": "Feature", "properties": {"OBJECTID": 12756888, "FACILITYID": "405460", "SERVSTATUS": "In Service", "EFLNTTYPE": "Combined", "UNITDESCR": "[ G 55.83] ", "RIMELEV": 55.83}, "geometry": {"type": "Point", "coordinates": [-123.11927870544051, 49.2516027919977]}}, {"type": "Feature", "properties": {"OBJECTID": 12756889, "FACILITYID": "405461", "SERVSTATUS": "In Service", "EFLNTTYPE": "Combined", "UNITDESCR": "[ G 55.67]", "RIMELEV": 55.67}, "geometry": {"type": "Point", "coordinates": [-123.12023732884879, 49.25162121003443]}}, {"type": "Feature", "properties": {"OBJECTID": 12756890, "FACILITYID": "424092", "SERVSTATUS": "In Service", "EFLNTTYPE": "Combined", "UNITDESCR": "[ G 56.00] ", "RIMELEV": 56}, "geometry": {"type": "Point", "coordinates": [-123.12124607414073, 49.25164795107915]}}, {"type": "Feature", "properties": {"OBJECTID": 12756891, "FACILITYID": "424093", "SERVSTATUS": "In Service", "EFLNTTYPE": "Combined", "UNITDESCR": "[ G 55.79]", "RIMELEV": 55.79}, "geometry": {"type": "Point", "coordinates": [-123.12224392333526, 49.25166899187261]}}, {"type": "Feature", "properties": {"OBJECTID": 12756892, "FACILITYID": "405457", "SERVSTATUS": "In Service", "EFLNTTYPE": "Combined", "UNITDESCR": "[ G 55.88] ", "RIMELEV": 55.88}, "geometry": {"type": "Point", "coordinates": [-123.11857584190874, 49.25249926900033]}}, {"type": "Feature", "properties": {"OBJECTID": 12756893, "FACILITYID": "424101", "SERVSTATUS": "In Service", "EFLNTTYPE": "Combined", "UNITDESCR": "[ G 53.73]", "RIMELEV": 53.73}, "geometry": {"type": "Point", "coordinates": [-123.1202401451948, 49.252531883689635]}}, {"type": "Feature", "properties": {"OBJECTID": 12756894, "FACILITYID": "424102", "SERVSTATUS": "In Service", "EFLNTTYPE": "Combined", "UNITDESCR": "[ G 53.68]", "RIMELEV": 53.68}, "geometry": {"type": "Point", "coordinates": [-123.12020332609272, 49.25252396122849]}}, {"type": "Feature", "properties": {"OBJECTID": 12756895, "FACILITYID": "423617", "SERVSTATUS": "In Service", "EFLNTTYPE": "Combined", "UNITDESCR": "[ G 53.23]", "RIMELEV": 53.23}, "geometry": {"type": "Point", "coordinates": [-123.1222121237735, 49.25257547434718]}}, {"type": "Feature", "properties": {"OBJECTID": 12756896, "FACILITYID": "423540", "SERVSTATUS": "In Service", "EFLNTTYPE": "Combined", "UNITDESCR": "[ G 52.36]: SEE ENGINEER PRIOR TO ISSUING PERMIT", "RIMELEV": 52.36}, "geometry": {"type": "Point", "coordinates": [-123.12117079363762, 49.25345911054042]}}, {"type": "Feature", "properties": {"OBJECTID": 12756897, "FACILITYID": "423613", "SERVSTATUS": "In Service", "EFLNTTYPE": "Combined", "UNITDESCR": "[ G 52.22]", "RIMELEV": 52.22}, "geometry": {"type": "Point", "coordinates": [-123.12217961736309, 49.2534799784682]}}, {"type": "Feature", "properties": {"OBJECTID": 12756898, "FACILITYID": "423538", "SERVSTATUS": "In Service", "EFLNTTYPE": "Combined", "UNITDESCR": "[ G 63.21]: OVERFLOW NORTH", "RIMELEV": 63.21}, "geometry": {"type": "Point", "coordinates": [-123.12467338805062, 49.25017432149531]}}, {"type": "Feature", "properties": {"OBJECTID": 12756899, "FACILITYID": "423539", "SERVSTATUS": "In Service", "EFLNTTYPE": "Combined", "UNITDESCR": "[ G 64.51] ", "RIMELEV": 64.51}, "geometry": {"type": "Point", "coordinates": [-123.12486176666019, 49.25006175866436]}}, {"type": "Feature", "properties": {"OBJECTID": 12756900, "FACILITYID": "423624", "SERVSTATUS": "In Service", "EFLNTTYPE": "Combined", "UNITDESCR": "[ G 55.34]", "RIMELEV": 55.34}, "geometry": {"type": "Point", "coordinates": [-123.12448558087034, 49.25352570431118]}}, {"type": "Feature", "properties": {"OBJECTID": 12756901, "FACILITYID": "423625", "SERVSTATUS": "In Service", "EFLNTTYPE": "Combined", "UNITDESCR": "[ G 67.40]", "RIMELEV": 67.4}, "geometry": {"type": "Point", "coordinates": [-123.12286447694242, 49.24965187348971]}}, {"type": "Feature", "properties": {"OBJECTID": 12756902, "FACILITYID": "423622", "SERVSTATUS": "In Service", "EFLNTTYPE": "Combined", "UNITDESCR": "[ G 64.35]", "RIMELEV": 64.35}, "geometry": {"type": "Point", "coordinates": [-123.12357627749032, 49.24966378861138]}}, {"type": "Feature", "properties": {"OBJECTID": 12756903, "FACILITYID": "423623", "SERVSTATUS": "In Service", "EFLNTTYPE": "Combined", "UNITDESCR": "[ G 65.72]", "RIMELEV": 65.72}, "geometry": {"type": "Point", "coordinates": [-123.12438851400911, 49.249677471260824]}}, {"type": "Feature", "properties": {"OBJECTID": 12756904, "FACILITYID": "423620", "SERVSTATUS": "In Service", "EFLNTTYPE": "Combined", "UNITDESCR": "[ G 63.22]", "RIMELEV": 63.22}, "geometry": {"type": "Point", "coordinates": [-123.12401647443637, 49.25018970871751]}}, {"type": "Feature", "properties": {"OBJECTID": 12756905, "FACILITYID": "423621", "SERVSTATUS": "In Service", "EFLNTTYPE": "Combined", "UNITDESCR": "[ G 63.55] ", "RIMELEV": 63.55}, "geometry": {"type": "Point", "coordinates": [-123.12402142850738, 49.2500829300398]}}, {"type": "Feature", "properties": {"OBJECTID": 12756906, "FACILITYID": "423618", "SERVSTATUS": "In Service", "EFLNTTYPE": "Combined", "UNITDESCR": "[ G 60.12]", "RIMELEV": 60.12}, "geometry": {"type": "Point", "coordinates": [-123.12399343174357, 49.25079906118087]}}, {"type": "Feature", "properties": {"OBJECTID": 12756907, "FACILITYID": "423619", "SERVSTATUS": "In Service", "EFLNTTYPE": "Combined", "UNITDESCR": "[ G 60.47]", "RIMELEV": 60.47}, "geometry": {"type": "Point", "coordinates": [-123.12399460671026, 49.25077441299716]}}, {"type": "Feature", "properties": {"OBJECTID": 12756908, "FACILITYID": "423632", "SERVSTATUS": "In Service", "EFLNTTYPE": "Storm", "UNITDESCR": "[ G 63.04]", "RIMELEV": 63.04}, "geometry": {"type": "Point", "coordinates": [-123.12462878395945, 49.250250289345146]}}, {"type": "Feature", "properties": {"OBJECTID": 12756909, "FACILITYID": "423633", "SERVSTATUS": "In Service", "EFLNTTYPE": "Combined", "UNITDESCR": "[ G 62.4]", "RIMELEV": 62.4}, "geometry": {"type": "Point", "coordinates": [-123.12460369155376, 49.25081206838012]}}, {"type": "Feature", "properties": {"OBJECTID": 12756910, "FACILITYID": "405745", "SERVSTATUS": "In Service", "EFLNTTYPE": "Combined", "UNITDESCR": "[ G 57.93] ", "RIMELEV": 57.93}, "geometry": {"type": "Point", "coordinates": [-123.12394517275177, 49.25170458146207]}}, {"type": "Feature", "properties": {"OBJECTID": 12756911, "FACILITYID": "405740", "SERVSTATUS": "In Service", "EFLNTTYPE": "Combined", "UNITDESCR": "[ G 58.10]", "RIMELEV": 58.1}, "geometry": {"type": "Point", "coordinates": [-123.1239490627241, 49.25161723364538]}}, {"type": "Feature", "properties": {"OBJECTID": 12756912, "FACILITYID": "405743", "SERVSTATUS": "In Service", "EFLNTTYPE": "Combined", "UNITDESCR": "[ G 59.78]", "RIMELEV": 59.78}, "geometry": {"type": "Point", "coordinates": [-123.12445557907701, 49.2516275643598]}}, {"type": "Feature", "properties": {"OBJECTID": 12756913, "FACILITYID": "423626", "SERVSTATUS": "In Service", "EFLNTTYPE": "Combined", "UNITDESCR": "[ G 60.06]: BACKFALL", "RIMELEV": 60.06}, "geometry": {"type": "Point", "coordinates": [-123.12462173328164, 49.25158168051403]}}, {"type": "Feature", "properties": {"OBJECTID": 12756914, "FACILITYID": "421161", "SERVSTATUS": "In Service", "EFLNTTYPE": "Combined", "UNITDESCR": "[ G 59.98]", "RIMELEV": 59.98}, "geometry": {"type": "Point", "coordinates": [-123.12464952280187, 49.25169813871193]}}, {"type": "Feature", "properties": {"OBJECTID": 12756915, "FACILITYID": "423709", "SERVSTATUS": "In Service", "EFLNTTYPE": "Combined", "UNITDESCR": "[ G 56.48]: ST REDUCED", "RIMELEV": 56.48}, "geometry": {"type": "Point", "coordinates": [-123.12461175452356, 49.25260156991746]}}, {"type": "Feature", "properties": {"OBJECTID": 12756916, "FACILITYID": "423710", "SERVSTATUS": "In Service", "EFLNTTYPE": "Combined", "UNITDESCR": "[ G 52.08]", "RIMELEV": 52.08}, "geometry": {"type": "Point", "coordinates": [-123.12226317935593, 49.25348474749165]}}, {"type": "Feature", "properties": {"OBJECTID": 12756917, "FACILITYID": "423636", "SERVSTATUS": "In Service", "EFLNTTYPE": "Storm", "UNITDESCR": "[ G 52.01] ", "RIMELEV": 52.01}, "geometry": {"type": "Point", "coordinates": [-123.12284400911821, 49.2534145893152]}}, {"type": "Feature", "properties": {"OBJECTID": 12756918, "FACILITYID": "416682", "SERVSTATUS": "In Service", "EFLNTTYPE": "Combined", "UNITDESCR": "[ G 52.18]", "RIMELEV": 52.18}, "geometry": {"type": "Point", "coordinates": [-123.12334771232453, 49.25350193598403]}}, {"type": "Feature", "properties": {"OBJECTID": 12756919, "FACILITYID": "416681", "SERVSTATUS": "In Service", "EFLNTTYPE": "Combined", "UNITDESCR": "[ G 55.06]", "RIMELEV": 55.06}, "geometry": {"type": "Point", "coordinates": [-123.12454531837669, 49.253400786234266]}}, {"type": "Feature", "properties": {"OBJECTID": 12756920, "FACILITYID": "414507", "SERVSTATUS": "In Service", "EFLNTTYPE": "Storm", "UNITDESCR": "[ G 68.55]", "RIMELEV": 68.55}, "geometry": {"type": "Point", "coordinates": [-123.1210068349906, 49.250735906025135]}}, {"type": "Feature", "properties": {"OBJECTID": 12756923, "FACILITYID": "411901", "SERVSTATUS": "In Service", "EFLNTTYPE": "Combined", "UNITDESCR": "[ G 74.37]", "RIMELEV": 74.37}, "geometry": {"type": "Point", "coordinates": [-123.12859693283946, 49.251829145639924]}}, {"type": "Feature", "properties": {"OBJECTID": 12756928, "FACILITYID": "411131", "SERVSTATUS": "In Service", "EFLNTTYPE": "Combined", "UNITDESCR": "[ G 63.16]", "RIMELEV": 63.16}, "geometry": {"type": "Point", "coordinates": [-123.12675421533675, 49.25295011600417]}}, {"type": "Feature", "properties": {"OBJECTID": 12756929, "FACILITYID": "411911", "SERVSTATUS": "In Service", "EFLNTTYPE": "Combined", "UNITDESCR": "[ G 67.46]", "RIMELEV": 67.46}, "geometry": {"type": "Point", "coordinates": [-123.12747575653479, 49.252686229830545]}}, {"type": "Feature", "properties": {"OBJECTID": 12757109, "FACILITYID": "400798", "SERVSTATUS": "In Service", "EFLNTTYPE": "Storm", "UNITDESCR": "[ G 68.02]", "RIMELEV": 68.02}, "geometry": {"type": "Point", "coordinates": [-123.12842135488478, 49.24495611172709]}}, {"type": "Feature", "properties": {"OBJECTID": 12757125, "FACILITYID": "410477", "SERVSTATUS": "In Service", "EFLNTTYPE": "Storm", "UNITDESCR": "[ G 56.77]:", "RIMELEV": 56.77}, "geometry": {"type": "Point", "coordinates": [-123.1286564387044, 49.25703439836609]}}, {"type": "Feature", "properties": {"OBJECTID": 12757154, "FACILITYID": "411134", "SERVSTATUS": "In Service", "EFLNTTYPE": "Combined", "UNITDESCR": "[ G 58.52]", "RIMELEV": 58.52}, "geometry": {"type": "Point", "coordinates": [-123.12591325388617, 49.25355021639373]}}, {"type": "Feature", "properties": {"OBJECTID": 12757155, "FACILITYID": "411913", "SERVSTATUS": "In Service", "EFLNTTYPE": "Combined", "UNITDESCR": "[ G 62.63]", "RIMELEV": 62.63}, "geometry": {"type": "Point", "coordinates": [-123.12707395278959, 49.253569724581546]}}, {"type": "Feature", "properties": {"OBJECTID": 12757156, "FACILITYID": "415428", "SERVSTATUS": "In Service", "EFLNTTYPE": "Storm", "UNITDESCR": "[ G 63.50]", "RIMELEV": 63.5}, "geometry": {"type": "Point", "coordinates": [-123.12726236160493, 49.25357292639392]}}, {"type": "Feature", "properties": {"OBJECTID": 12757163, "FACILITYID": "415425", "SERVSTATUS": "In Service", "EFLNTTYPE": "Combined", "UNITDESCR": "[ G 52.7]", "RIMELEV": 52.7}, "geometry": {"type": "Point", "coordinates": [-123.12016743800429, 49.253437418546724]}}, {"type": "Feature", "properties": {"OBJECTID": 12757164, "FACILITYID": "414509", "SERVSTATUS": "In Service", "EFLNTTYPE": "Combined", "UNITDESCR": "[ G 51.55]:", "RIMELEV": 51.55}, "geometry": {"type": "Point", "coordinates": [-123.12216181909432, 49.253891007001684]}}, {"type": "Feature", "properties": {"OBJECTID": 12757165, "FACILITYID": "414582", "SERVSTATUS": "In Service", "EFLNTTYPE": "Combined", "UNITDESCR": "[ G 72.89] ", "RIMELEV": 72.89}, "geometry": {"type": "Point", "coordinates": [-123.1197073202702, 49.24960083865249]}}, {"type": "Feature", "properties": {"OBJECTID": 12757166, "FACILITYID": "414584", "SERVSTATUS": "In Service", "EFLNTTYPE": "Storm", "UNITDESCR": "[ G 72.91]:", "RIMELEV": 72.91}, "geometry": {"type": "Point", "coordinates": [-123.12025059269196, 49.24961986608743]}}, {"type": "Feature", "properties": {"OBJECTID": 12757167, "FACILITYID": "414585", "SERVSTATUS": "In Service", "EFLNTTYPE": "Combined", "UNITDESCR": "[ G 68.67]", "RIMELEV": 68.67}, "geometry": {"type": "Point", "coordinates": [-123.1196926019045, 49.250157028878675]}}, {"type": "Feature", "properties": {"OBJECTID": 12757168, "FACILITYID": "414502", "SERVSTATUS": "In Service", "EFLNTTYPE": "Combined", "UNITDESCR": "[ G 70.77]:LH", "RIMELEV": 70.77}, "geometry": {"type": "Point", "coordinates": [-123.12008189730976, 49.250163632198834]}}, {"type": "Feature", "properties": {"OBJECTID": 12757169, "FACILITYID": "414501", "SERVSTATUS": "In Service", "EFLNTTYPE": "Combined", "UNITDESCR": "[ G 71.17]", "RIMELEV": 71.17}, "geometry": {"type": "Point", "coordinates": [-123.12028449801201, 49.25012610024461]}}, {"type": "Feature", "properties": {"OBJECTID": 12757170, "FACILITYID": "414504", "SERVSTATUS": "In Service", "EFLNTTYPE": "Combined", "UNITDESCR": "[ G 70.37]", "RIMELEV": 70.37}, "geometry": {"type": "Point", "coordinates": [-123.1212552496313, 49.25014277911634]}}, {"type": "Feature", "properties": {"OBJECTID": 12757171, "FACILITYID": "414503", "SERVSTATUS": "In Service", "EFLNTTYPE": "Combined", "UNITDESCR": "[ G 66.34]", "RIMELEV": 66.34}, "geometry": {"type": "Point", "coordinates": [-123.12224263147026, 49.25015514151309]}}, {"type": "Feature", "properties": {"OBJECTID": 12757172, "FACILITYID": "420910", "SERVSTATUS": "In Service", "EFLNTTYPE": "Combined", "UNITDESCR": "[ G 62.66]", "RIMELEV": 62.66}, "geometry": {"type": "Point", "coordinates": [-123.11967552555004, 49.25072129920561]}}, {"type": "Feature", "properties": {"OBJECTID": 12757230, "FACILITYID": "403300", "SERVSTATUS": "In Service", "EFLNTTYPE": "Combined", "UNITDESCR": "[ G 63.82] ", "RIMELEV": 63.82}, "geometry": {"type": "Point", "coordinates": [-123.1274379641729, 49.25356588747088]}}, {"type": "Feature", "properties": {"OBJECTID": 12757236, "FACILITYID": "412379", "SERVSTATUS": "In Service", "EFLNTTYPE": "Combined", "UNITDESCR": "[ G 66.03]", "RIMELEV": 66.03}, "geometry": {"type": "Point", "coordinates": [-123.12570260763856, 49.250828850441465]}}, {"type": "Feature", "properties": {"OBJECTID": 12757237, "FACILITYID": "412380", "SERVSTATUS": "In Service", "EFLNTTYPE": "Combined", "UNITDESCR": "[ G 70.14]", "RIMELEV": 70.14}, "geometry": {"type": "Point", "coordinates": [-123.12680578442485, 49.250845716321564]}}, {"type": "Feature", "properties": {"OBJECTID": 12757238, "FACILITYID": "412381", "SERVSTATUS": "In Service", "EFLNTTYPE": "Combined", "UNITDESCR": "[ G 71.23] ", "RIMELEV": 71.23}, "geometry": {"type": "Point", "coordinates": [-123.12682352914169, 49.25043460594577]}}, {"type": "Feature", "properties": {"OBJECTID": 12757239, "FACILITYID": "411609", "SERVSTATUS": "In Service", "EFLNTTYPE": "Combined", "UNITDESCR": "[ G 72.12]", "RIMELEV": 72.12}, "geometry": {"type": "Point", "coordinates": [-123.1282832583808, 49.250694026878264]}}, {"type": "Feature", "properties": {"OBJECTID": 12757333, "FACILITYID": "401543", "SERVSTATUS": "In Service", "EFLNTTYPE": "Combined", "UNITDESCR": "[ G 66.97]: CHAMBER", "RIMELEV": 66.97}, "geometry": {"type": "Point", "coordinates": [-123.12753544089284, 49.24816976791992]}}, {"type": "Feature", "properties": {"OBJECTID": 12757351, "FACILITYID": "411607", "SERVSTATUS": "In Service", "EFLNTTYPE": "Combined", "UNITDESCR": "[ G 73.04]", "RIMELEV": 73.04}, "geometry": {"type": "Point", "coordinates": [-123.12799999390779, 49.25077647647525]}}, {"type": "Feature", "properties": {"OBJECTID": 12757372, "FACILITYID": "410328", "SERVSTATUS": "In Service", "EFLNTTYPE": "Combined", "UNITDESCR": "[ G 70.60]:SUMP", "RIMELEV": 70.6}, "geometry": {"type": "Point", "coordinates": [-123.12700217483835, 49.24438087895309]}}, {"type": "Feature", "properties": {"OBJECTID": 12757414, "FACILITYID": "406782", "SERVSTATUS": "In Service", "EFLNTTYPE": "Storm", "UNITDESCR": "[ G 67.10]", "RIMELEV": 67.1}, "geometry": {"type": "Point", "coordinates": [-123.10423890573556, 49.25274531430259]}}, {"type": "Feature", "properties": {"OBJECTID": 12757567, "FACILITYID": "398925", "SERVSTATUS": "In Service", "EFLNTTYPE": "Combined", "UNITDESCR": "[ G 60.41]", "RIMELEV": 60.41}, "geometry": {"type": "Point", "coordinates": [-123.116096563225, 49.25245708964298]}}, {"type": "Feature", "properties": {"OBJECTID": 12757589, "FACILITYID": "408050", "SERVSTATUS": "In Service", "EFLNTTYPE": "Combined", "UNITDESCR": "[ G 56.52] ", "RIMELEV": 56.52}, "geometry": {"type": "Point", "coordinates": [-123.11599995356424, 49.25529855244671]}}, {"type": "Feature", "properties": {"OBJECTID": 12757906, "FACILITYID": "400132", "SERVSTATUS": "In Service", "EFLNTTYPE": "Combined", "UNITDESCR": "[ G 72.73]", "RIMELEV": 72.73}, "geometry": {"type": "Point", "coordinates": [-123.10699453394653, 49.24585719947483]}}, {"type": "Feature", "properties": {"OBJECTID": 12757907, "FACILITYID": "400142", "SERVSTATUS": "In Service", "EFLNTTYPE": "Combined", "UNITDESCR": "[ G 74.75]", "RIMELEV": 74.75}, "geometry": {"type": "Point", "coordinates": [-123.10557560861979, 49.24605719156042]}}, {"type": "Feature", "properties": {"OBJECTID": 12757908, "FACILITYID": "397020", "SERVSTATUS": "In Service", "EFLNTTYPE": "Combined", "UNITDESCR": "[ G 73.65]", "RIMELEV": 73.65}, "geometry": {"type": "Point", "coordinates": [-123.11149741664919, 49.24603410560729]}}, {"type": "Feature", "properties": {"OBJECTID": 12757909, "FACILITYID": "420680", "SERVSTATUS": "In Service", "EFLNTTYPE": "Combined", "UNITDESCR": "[ G 74.98]", "RIMELEV": 74.98}, "geometry": {"type": "Point", "coordinates": [-123.12048458443834, 49.248078586465645]}}, {"type": "Feature", "properties": {"OBJECTID": 12757910, "FACILITYID": "420603", "SERVSTATUS": "In Service", "EFLNTTYPE": "Combined", "UNITDESCR": "[ G 74.15]", "RIMELEV": 74.15}, "geometry": {"type": "Point", "coordinates": [-123.12074723924951, 49.24850475816753]}}, {"type": "Feature", "properties": {"OBJECTID": 12757911, "FACILITYID": "420605", "SERVSTATUS": "In Service", "EFLNTTYPE": "Combined", "UNITDESCR": "[ G 71.28]", "RIMELEV": 71.28}, "geometry": {"type": "Point", "coordinates": [-123.11864907593663, 49.24905541612475]}}, {"type": "Feature", "properties": {"OBJECTID": 12757912, "FACILITYID": "420607", "SERVSTATUS": "In Service", "EFLNTTYPE": "Combined", "UNITDESCR": "[ G 72.75]", "RIMELEV": 72.75}, "geometry": {"type": "Point", "coordinates": [-123.11941749217932, 49.24896492400096]}}, {"type": "Feature", "properties": {"OBJECTID": 12758585, "FACILITYID": "410005", "SERVSTATUS": "In Service", "EFLNTTYPE": "Combined", "UNITDESCR": "[ G 81.42]", "RIMELEV": 81.42}, "geometry": {"type": "Point", "coordinates": [-123.12354064768729, 49.24119899515551]}}, {"type": "Feature", "properties": {"OBJECTID": 12758586, "FACILITYID": "409997", "SERVSTATUS": "In Service", "EFLNTTYPE": "Storm", "UNITDESCR": "[ G 78.32] ", "RIMELEV": 78.32}, "geometry": {"type": "Point", "coordinates": [-123.11137212438238, 49.244849149215874]}}, {"type": "Feature", "properties": {"OBJECTID": 12758587, "FACILITYID": "409998", "SERVSTATUS": "In Service", "EFLNTTYPE": "Combined", "UNITDESCR": "[ G 98.83]", "RIMELEV": 98.83}, "geometry": {"type": "Point", "coordinates": [-123.11802632680003, 49.24100857405532]}}, {"type": "Feature", "properties": {"OBJECTID": 12758588, "FACILITYID": "409919", "SERVSTATUS": "In Service", "EFLNTTYPE": "Storm", "UNITDESCR": "[ G 89.50]", "RIMELEV": 89.5}, "geometry": {"type": "Point", "coordinates": [-123.11808624756478, 49.24316684884287]}}, {"type": "Feature", "properties": {"OBJECTID": 12758589, "FACILITYID": "409918", "SERVSTATUS": "In Service", "EFLNTTYPE": "Storm", "UNITDESCR": "[ G 91.63]", "RIMELEV": 91.63}, "geometry": {"type": "Point", "coordinates": [-123.11723886925188, 49.243653868521214]}}, {"type": "Feature", "properties": {"OBJECTID": 12759143, "FACILITYID": "420606", "SERVSTATUS": "In Service", "EFLNTTYPE": "Combined", "UNITDESCR": "[ G 73.66]: MH NOT CONNECTED TO 550 C", "RIMELEV": 73.66}, "geometry": {"type": "Point", "coordinates": [-123.12038884041057, 49.24898215824227]}}, {"type": "Feature", "properties": {"OBJECTID": 12759144, "FACILITYID": "420595", "SERVSTATUS": "In Service", "EFLNTTYPE": "Combined", "UNITDESCR": "[ G 73.56]", "RIMELEV": 73.56}, "geometry": {"type": "Point", "coordinates": [-123.12038510249448, 49.24907803329688]}}, {"type": "Feature", "properties": {"OBJECTID": 12759145, "FACILITYID": "420594", "SERVSTATUS": "In Service", "EFLNTTYPE": "Combined", "UNITDESCR": "[ G 69.31]", "RIMELEV": 69.31}, "geometry": {"type": "Point", "coordinates": [-123.12210861552231, 49.24912397123552]}}, {"type": "Feature", "properties": {"OBJECTID": 12759146, "FACILITYID": "420597", "SERVSTATUS": "In Service", "EFLNTTYPE": "Combined", "UNITDESCR": "[ G 72.96]", "RIMELEV": 72.96}, "geometry": {"type": "Point", "coordinates": [-123.12070198948585, 49.249219566436054]}}, {"type": "Feature", "properties": {"OBJECTID": 12759147, "FACILITYID": "420596", "SERVSTATUS": "In Service", "EFLNTTYPE": "Combined", "UNITDESCR": "[ G 69.21]", "RIMELEV": 69.21}, "geometry": {"type": "Point", "coordinates": [-123.1222421192502, 49.24924642604257]}}, {"type": "Feature", "properties": {"OBJECTID": 12759148, "FACILITYID": "420598", "SERVSTATUS": "In Service", "EFLNTTYPE": "Combined", "UNITDESCR": "[ G 69.70]", "RIMELEV": 69.7}, "geometry": {"type": "Point", "coordinates": [-123.12231314507818, 49.24852908021304]}}, {"type": "Feature", "properties": {"OBJECTID": 12759149, "FACILITYID": "407064", "SERVSTATUS": "In Service", "EFLNTTYPE": "Combined", "UNITDESCR": "[ G 70.37]", "RIMELEV": 70.37}, "geometry": {"type": "Point", "coordinates": [-123.12233170281657, 49.24807077153164]}}, {"type": "Feature", "properties": {"OBJECTID": 12759150, "FACILITYID": "416673", "SERVSTATUS": "In Service", "EFLNTTYPE": "Combined", "UNITDESCR": "[ G 69.21]", "RIMELEV": 69.21}, "geometry": {"type": "Point", "coordinates": [-123.12229514988115, 49.249009444563306]}}, {"type": "Feature", "properties": {"OBJECTID": 12759151, "FACILITYID": "420587", "SERVSTATUS": "In Service", "EFLNTTYPE": "Combined", "UNITDESCR": "[ G 69.16]", "RIMELEV": 69.16}, "geometry": {"type": "Point", "coordinates": [-123.12228336493645, 49.2492004167712]}}, {"type": "Feature", "properties": {"OBJECTID": 12759152, "FACILITYID": "420586", "SERVSTATUS": "In Service", "EFLNTTYPE": "Storm", "UNITDESCR": "[ G 68.05]", "RIMELEV": 68.046}, "geometry": {"type": "Point", "coordinates": [-123.12332171211052, 49.249033189191465]}}, {"type": "Feature", "properties": {"OBJECTID": 12759153, "FACILITYID": "420589", "SERVSTATUS": "In Service", "EFLNTTYPE": "Combined", "UNITDESCR": "[ G 68.76]", "RIMELEV": 68.76}, "geometry": {"type": "Point", "coordinates": [-123.12445517509163, 49.249154542765126]}}, {"type": "Feature", "properties": {"OBJECTID": 12759154, "FACILITYID": "420588", "SERVSTATUS": "In Service", "EFLNTTYPE": "Combined", "UNITDESCR": "[ G 68.78] ", "RIMELEV": 68.78}, "geometry": {"type": "Point", "coordinates": [-123.12478382436355, 49.249056931843974]}}, {"type": "Feature", "properties": {"OBJECTID": 12759155, "FACILITYID": "406678", "SERVSTATUS": "In Service", "EFLNTTYPE": "Combined", "UNITDESCR": "[ G 70.45]", "RIMELEV": 70.45}, "geometry": {"type": "Point", "coordinates": [-123.12470012587318, 49.24815489052454]}}, {"type": "Feature", "properties": {"OBJECTID": 12759156, "FACILITYID": "420590", "SERVSTATUS": "In Service", "EFLNTTYPE": "Combined", "UNITDESCR": "[ G 70.29]", "RIMELEV": 70.29}, "geometry": {"type": "Point", "coordinates": [-123.12232637862314, 49.248101432917686]}}, {"type": "Feature", "properties": {"OBJECTID": 12759157, "FACILITYID": "420593", "SERVSTATUS": "In Service", "EFLNTTYPE": "Combined", "UNITDESCR": "[ G 71.00]", "RIMELEV": 71}, "geometry": {"type": "Point", "coordinates": [-123.12235521810429, 49.24760596300281]}}, {"type": "Feature", "properties": {"OBJECTID": 12759158, "FACILITYID": "420592", "SERVSTATUS": "In Service", "EFLNTTYPE": "Combined", "UNITDESCR": "[ G 71.45]", "RIMELEV": 71.45}, "geometry": {"type": "Point", "coordinates": [-123.12237367675287, 49.24718568619035]}}, {"type": "Feature", "properties": {"OBJECTID": 12759160, "FACILITYID": "420511", "SERVSTATUS": "In Service", "EFLNTTYPE": "Combined", "UNITDESCR": "[ G 70.66]:", "RIMELEV": 70.66}, "geometry": {"type": "Point", "coordinates": [-123.12474675346408, 49.247148552555096]}}, {"type": "Feature", "properties": {"OBJECTID": 12759161, "FACILITYID": "420585", "SERVSTATUS": "In Service", "EFLNTTYPE": "Combined", "UNITDESCR": "[ G 71.82]", "RIMELEV": 71.82}, "geometry": {"type": "Point", "coordinates": [-123.12357030138301, 49.2471315835083]}}, {"type": "Feature", "properties": {"OBJECTID": 12759162, "FACILITYID": "414058", "SERVSTATUS": "In Service", "EFLNTTYPE": "Combined", "UNITDESCR": "[ G 70.33]", "RIMELEV": 70.33}, "geometry": {"type": "Point", "coordinates": [-123.12462711239247, 49.24672564484809]}}, {"type": "Feature", "properties": {"OBJECTID": 12759163, "FACILITYID": "414059", "SERVSTATUS": "In Service", "EFLNTTYPE": "Combined", "UNITDESCR": "[ G 72.66]:", "RIMELEV": 72.66}, "geometry": {"type": "Point", "coordinates": [-123.12339785840659, 49.246704890028546]}}, {"type": "Feature", "properties": {"OBJECTID": 12759164, "FACILITYID": "397258", "SERVSTATUS": "In Service", "EFLNTTYPE": "Combined", "UNITDESCR": "[ G 72.80]", "RIMELEV": 72.8}, "geometry": {"type": "Point", "coordinates": [-123.12301380884877, 49.24668639160558]}}, {"type": "Feature", "properties": {"OBJECTID": 12759165, "FACILITYID": "397260", "SERVSTATUS": "In Service", "EFLNTTYPE": "Combined", "UNITDESCR": "[ G 71.91]:", "RIMELEV": 71.91}, "geometry": {"type": "Point", "coordinates": [-123.12238368347978, 49.24667583476661]}}, {"type": "Feature", "properties": {"OBJECTID": 12759166, "FACILITYID": "397247", "SERVSTATUS": "In Service", "EFLNTTYPE": "Combined", "UNITDESCR": "[ G 72.47]", "RIMELEV": 72.47}, "geometry": {"type": "Point", "coordinates": [-123.12240217288645, 49.2461904143618]}}, {"type": "Feature", "properties": {"OBJECTID": 12759167, "FACILITYID": "397248", "SERVSTATUS": "In Service", "EFLNTTYPE": "Combined", "UNITDESCR": "[ G 72.52]", "RIMELEV": 72.52}, "geometry": {"type": "Point", "coordinates": [-123.12240327296936, 49.24615742767172]}}, {"type": "Feature", "properties": {"OBJECTID": 12759168, "FACILITYID": "397250", "SERVSTATUS": "In Service", "EFLNTTYPE": "Storm", "UNITDESCR": "[ G 72.73]", "RIMELEV": 72.73}, "geometry": {"type": "Point", "coordinates": [-123.12259958871418, 49.246147045902866]}}, {"type": "Feature", "properties": {"OBJECTID": 12759169, "FACILITYID": "397252", "SERVSTATUS": "In Service", "EFLNTTYPE": "Storm", "UNITDESCR": "[ G 71.24]", "RIMELEV": 71.24}, "geometry": {"type": "Point", "coordinates": [-123.12343692498263, 49.24616079854937]}}, {"type": "Feature", "properties": {"OBJECTID": 12759170, "FACILITYID": "414065", "SERVSTATUS": "In Service", "EFLNTTYPE": "Storm", "UNITDESCR": "[ G 70.75]:", "RIMELEV": 70.75}, "geometry": {"type": "Point", "coordinates": [-123.12488019730358, 49.24618439818411]}}, {"type": "Feature", "properties": {"OBJECTID": 12759171, "FACILITYID": "414066", "SERVSTATUS": "In Service", "EFLNTTYPE": "Combined", "UNITDESCR": "[ G 70.75]:", "RIMELEV": 70.75}, "geometry": {"type": "Point", "coordinates": [-123.12478052450443, 49.24616084841221]}}, {"type": "Feature", "properties": {"OBJECTID": 12759172, "FACILITYID": "412655", "SERVSTATUS": "In Service", "EFLNTTYPE": "Combined", "UNITDESCR": "[ G 67.65] ", "RIMELEV": 67.65}, "geometry": {"type": "Point", "coordinates": [-123.111442945666, 49.24951710276265]}}, {"type": "Feature", "properties": {"OBJECTID": 12759173, "FACILITYID": "412656", "SERVSTATUS": "In Service", "EFLNTTYPE": "Combined", "UNITDESCR": "[ G 67.22] ", "RIMELEV": 67.22}, "geometry": {"type": "Point", "coordinates": [-123.11610702920358, 49.24940801211929]}}, {"type": "Feature", "properties": {"OBJECTID": 12759174, "FACILITYID": "412657", "SERVSTATUS": "In Service", "EFLNTTYPE": "Storm", "UNITDESCR": "[ G 83.14] ", "RIMELEV": 83.14}, "geometry": {"type": "Point", "coordinates": [-123.11237453626843, 49.24511460843156]}}, {"type": "Feature", "properties": {"OBJECTID": 12759175, "FACILITYID": "412652", "SERVSTATUS": "In Service", "EFLNTTYPE": "Combined", "UNITDESCR": "[ G 75.90]", "RIMELEV": 75.9}, "geometry": {"type": "Point", "coordinates": [-123.11153058394426, 49.24560688091405]}}, {"type": "Feature", "properties": {"OBJECTID": 12759176, "FACILITYID": "412653", "SERVSTATUS": "In Service", "EFLNTTYPE": "Combined", "UNITDESCR": "[ G 81.21]", "RIMELEV": 81.21}, "geometry": {"type": "Point", "coordinates": [-123.11235318759358, 49.24562438917353]}}, {"type": "Feature", "properties": {"OBJECTID": 12759177, "FACILITYID": "412654", "SERVSTATUS": "In Service", "EFLNTTYPE": "Combined", "UNITDESCR": "[ G 84.01]", "RIMELEV": 84.01}, "geometry": {"type": "Point", "coordinates": [-123.1144858121637, 49.24520850572335]}}, {"type": "Feature", "properties": {"OBJECTID": 12759178, "FACILITYID": "397075", "SERVSTATUS": "In Service", "EFLNTTYPE": "Storm", "UNITDESCR": "[ G 83.92]:", "RIMELEV": 83.92}, "geometry": {"type": "Point", "coordinates": [-123.11583394498051, 49.2452251883782]}}, {"type": "Feature", "properties": {"OBJECTID": 12759180, "FACILITYID": "412736", "SERVSTATUS": "In Service", "EFLNTTYPE": "Combined", "UNITDESCR": "[ G 82.00]", "RIMELEV": 82}, "geometry": {"type": "Point", "coordinates": [-123.1144778864043, 49.24566698272409]}}, {"type": "Feature", "properties": {"OBJECTID": 12759181, "FACILITYID": "397078", "SERVSTATUS": "In Service", "EFLNTTYPE": "Combined", "UNITDESCR": "[ G 81.63]", "RIMELEV": 81.63}, "geometry": {"type": "Point", "coordinates": [-123.11446580742535, 49.24582073224863]}}, {"type": "Feature", "properties": {"OBJECTID": 12759182, "FACILITYID": "420681", "SERVSTATUS": "In Service", "EFLNTTYPE": "Combined", "UNITDESCR": "[ G 75.04]", "RIMELEV": 75.04}, "geometry": {"type": "Point", "coordinates": [-123.12042650710731, 49.2480798074023]}}, {"type": "Feature", "properties": {"OBJECTID": 12759188, "FACILITYID": "401123", "SERVSTATUS": "In Service", "EFLNTTYPE": "Combined", "UNITDESCR": "[ G 66.67]", "RIMELEV": 66.67}, "geometry": {"type": "Point", "coordinates": [-123.12836507740309, 49.24678444682639]}}, {"type": "Feature", "properties": {"OBJECTID": 12759189, "FACILITYID": "401120", "SERVSTATUS": "In Service", "EFLNTTYPE": "Combined", "UNITDESCR": "[ G 67.54]", "RIMELEV": 67.542}, "geometry": {"type": "Point", "coordinates": [-123.1275766947208, 49.24717991399387]}}, {"type": "Feature", "properties": {"OBJECTID": 12759190, "FACILITYID": "401121", "SERVSTATUS": "In Service", "EFLNTTYPE": "Combined", "UNITDESCR": "[ G 67.53]", "RIMELEV": 67.534}, "geometry": {"type": "Point", "coordinates": [-123.12756843521379, 49.247200576169305]}}, {"type": "Feature", "properties": {"OBJECTID": 12759191, "FACILITYID": "401118", "SERVSTATUS": "In Service", "EFLNTTYPE": "Storm", "UNITDESCR": "[ G 67.4]", "RIMELEV": 67.4}, "geometry": {"type": "Point", "coordinates": [-123.12772324663179, 49.247297256799776]}}, {"type": "Feature", "properties": {"OBJECTID": 12759196, "FACILITYID": "401994", "SERVSTATUS": "In Service", "EFLNTTYPE": "Combined", "UNITDESCR": "[ G 66.99]", "RIMELEV": 66.99}, "geometry": {"type": "Point", "coordinates": [-123.12742307202146, 49.24816427888338]}}, {"type": "Feature", "properties": {"OBJECTID": 12759201, "FACILITYID": "400557", "SERVSTATUS": "In Service", "EFLNTTYPE": "Storm", "UNITDESCR": "[ G 67.98]", "RIMELEV": 67.98}, "geometry": {"type": "Point", "coordinates": [-123.12786061347184, 49.24623577521589]}}, {"type": "Feature", "properties": {"OBJECTID": 12759202, "FACILITYID": "400558", "SERVSTATUS": "In Service", "EFLNTTYPE": "Storm", "UNITDESCR": "[ G 69.03] ", "RIMELEV": 69.03}, "geometry": {"type": "Point", "coordinates": [-123.12732230198574, 49.249094667755976]}}, {"type": "Feature", "properties": {"OBJECTID": 12759203, "FACILITYID": "400553", "SERVSTATUS": "In Service", "EFLNTTYPE": "Combined", "UNITDESCR": "[ G 86.34]:", "RIMELEV": 86.34}, "geometry": {"type": "Point", "coordinates": [-123.11822764567042, 49.245225795005815]}}, {"type": "Feature", "properties": {"OBJECTID": 12759204, "FACILITYID": "400554", "SERVSTATUS": "In Service", "EFLNTTYPE": "Combined", "UNITDESCR": "[ G 85.77] ", "RIMELEV": 85.77}, "geometry": {"type": "Point", "coordinates": [-123.11859476667074, 49.245243427195476]}}, {"type": "Feature", "properties": {"OBJECTID": 12759205, "FACILITYID": "400551", "SERVSTATUS": "In Service", "EFLNTTYPE": "Combined", "UNITDESCR": "[ G 77.62] ", "RIMELEV": 77.62}, "geometry": {"type": "Point", "coordinates": [-123.12041793929471, 49.245274256966816]}}, {"type": "Feature", "properties": {"OBJECTID": 12759206, "FACILITYID": "400552", "SERVSTATUS": "In Service", "EFLNTTYPE": "Combined", "UNITDESCR": "[ G 77.80] ", "RIMELEV": 77.8}, "geometry": {"type": "Point", "coordinates": [-123.12042134039837, 49.245203865701875]}}, {"type": "Feature", "properties": {"OBJECTID": 12759207, "FACILITYID": "400565", "SERVSTATUS": "In Service", "EFLNTTYPE": "Combined", "UNITDESCR": "[ G 77.49]:", "RIMELEV": 77.49}, "geometry": {"type": "Point", "coordinates": [-123.12051650962587, 49.24539965571277]}}, {"type": "Feature", "properties": {"OBJECTID": 12759208, "FACILITYID": "400566", "SERVSTATUS": "In Service", "EFLNTTYPE": "Combined", "UNITDESCR": "[ G 84.30]", "RIMELEV": 84.3}, "geometry": {"type": "Point", "coordinates": [-123.11855935171823, 49.2461639369424]}}, {"type": "Feature", "properties": {"OBJECTID": 12759209, "FACILITYID": "400563", "SERVSTATUS": "In Service", "EFLNTTYPE": "Combined", "UNITDESCR": "[ G 84.01]", "RIMELEV": 84.01}, "geometry": {"type": "Point", "coordinates": [-123.11890056623481, 49.246129935111355]}}, {"type": "Feature", "properties": {"OBJECTID": 12759210, "FACILITYID": "400564", "SERVSTATUS": "In Service", "EFLNTTYPE": "Combined", "UNITDESCR": "[ G 82.64]", "RIMELEV": 82.64}, "geometry": {"type": "Point", "coordinates": [-123.11933172539862, 49.24613776619159]}}, {"type": "Feature", "properties": {"OBJECTID": 12759211, "FACILITYID": "400561", "SERVSTATUS": "In Service", "EFLNTTYPE": "Combined", "UNITDESCR": "[ G 76.24]", "RIMELEV": 76.24}, "geometry": {"type": "Point", "coordinates": [-123.1201731864975, 49.24615315737435]}}, {"type": "Feature", "properties": {"OBJECTID": 12759212, "FACILITYID": "400562", "SERVSTATUS": "In Service", "EFLNTTYPE": "Combined", "UNITDESCR": "[ G 76.12]", "RIMELEV": 76.12}, "geometry": {"type": "Point", "coordinates": [-123.12039022042042, 49.24611375717192]}}, {"type": "Feature", "properties": {"OBJECTID": 12759213, "FACILITYID": "400559", "SERVSTATUS": "In Service", "EFLNTTYPE": "Combined", "UNITDESCR": "[ G 76.21]", "RIMELEV": 76.21}, "geometry": {"type": "Point", "coordinates": [-123.12049116946548, 49.24619403334781]}}, {"type": "Feature", "properties": {"OBJECTID": 12759214, "FACILITYID": "400560", "SERVSTATUS": "In Service", "EFLNTTYPE": "Combined", "UNITDESCR": "[ G 73.98]:", "RIMELEV": 73.98}, "geometry": {"type": "Point", "coordinates": [-123.12123887296657, 49.246170727062555]}}, {"type": "Feature", "properties": {"OBJECTID": 12759215, "FACILITYID": "400568", "SERVSTATUS": "In Service", "EFLNTTYPE": "Combined", "UNITDESCR": "[ G 73.19]:", "RIMELEV": 73.19}, "geometry": {"type": "Point", "coordinates": [-123.12164809006983, 49.246139263347736]}}, {"type": "Feature", "properties": {"OBJECTID": 12759216, "FACILITYID": "400569", "SERVSTATUS": "In Service", "EFLNTTYPE": "Combined", "UNITDESCR": "[ G 82.16]", "RIMELEV": 82.16}, "geometry": {"type": "Point", "coordinates": [-123.11852489686753, 49.24709001359489]}}, {"type": "Feature", "properties": {"OBJECTID": 12759217, "FACILITYID": "400567", "SERVSTATUS": "In Service", "EFLNTTYPE": "Combined", "UNITDESCR": "[ G 82.43]", "RIMELEV": 82.43}, "geometry": {"type": "Point", "coordinates": [-123.11911778885784, 49.24709390144161]}}, {"type": "Feature", "properties": {"OBJECTID": 12759218, "FACILITYID": "420683", "SERVSTATUS": "In Service", "EFLNTTYPE": "Combined", "UNITDESCR": "[ G 80.84]", "RIMELEV": 80.84}, "geometry": {"type": "Point", "coordinates": [-123.11963690944917, 49.24710297195367]}}, {"type": "Feature", "properties": {"OBJECTID": 12759219, "FACILITYID": "420682", "SERVSTATUS": "In Service", "EFLNTTYPE": "Combined", "UNITDESCR": "[ G 75.69]: REMOVABLE PLUG", "RIMELEV": 75.69}, "geometry": {"type": "Point", "coordinates": [-123.12046586805337, 49.24711761835291]}}, {"type": "Feature", "properties": {"OBJECTID": 12759221, "FACILITYID": "420688", "SERVSTATUS": "In Service", "EFLNTTYPE": "Combined", "UNITDESCR": "[ G 78.11]:", "RIMELEV": 78.11}, "geometry": {"type": "Point", "coordinates": [-123.11955902478851, 49.248073530175546]}}, {"type": "Feature", "properties": {"OBJECTID": 12759508, "FACILITYID": "417886", "SERVSTATUS": "In Service", "EFLNTTYPE": "Combined", "UNITDESCR": "[ G 69.21] ", "RIMELEV": 69.21}, "geometry": {"type": "Point", "coordinates": [-123.12688043516202, 49.2486347869667]}}, {"type": "Feature", "properties": {"OBJECTID": 12759509, "FACILITYID": "417782", "SERVSTATUS": "In Service", "EFLNTTYPE": "Combined", "UNITDESCR": "[ G 68.84] ", "RIMELEV": 68.84}, "geometry": {"type": "Point", "coordinates": [-123.12580422515418, 49.24941828802273]}}, {"type": "Feature", "properties": {"OBJECTID": 12759510, "FACILITYID": "417781", "SERVSTATUS": "In Service", "EFLNTTYPE": "Combined", "UNITDESCR": "[ G 68.47]", "RIMELEV": 68.47}, "geometry": {"type": "Point", "coordinates": [-123.1261495988209, 49.249176209608386]}}, {"type": "Feature", "properties": {"OBJECTID": 12759511, "FACILITYID": "417786", "SERVSTATUS": "In Service", "EFLNTTYPE": "Combined", "UNITDESCR": "[ G 68.77]", "RIMELEV": 68.77}, "geometry": {"type": "Point", "coordinates": [-123.12615344987748, 49.24907518897072]}}, {"type": "Feature", "properties": {"OBJECTID": 12759556, "FACILITYID": "410414", "SERVSTATUS": "In Service", "EFLNTTYPE": "Combined", "UNITDESCR": "[ G 70.83]", "RIMELEV": 70.83}, "geometry": {"type": "Point", "coordinates": [-123.12849236372762, 49.24344298879835]}}, {"type": "Feature", "properties": {"OBJECTID": 12759564, "FACILITYID": "410403", "SERVSTATUS": "In Service", "EFLNTTYPE": "Combined", "UNITDESCR": "[ G 73.85]", "RIMELEV": 73.85}, "geometry": {"type": "Point", "coordinates": [-123.12768590708075, 49.242402620954124]}}, {"type": "Feature", "properties": {"OBJECTID": 12759566, "FACILITYID": "410329", "SERVSTATUS": "In Service", "EFLNTTYPE": "Combined", "UNITDESCR": "[ G 72.17]", "RIMELEV": 72.17}, "geometry": {"type": "Point", "coordinates": [-123.1284969446653, 49.242936911535466]}}, {"type": "Feature", "properties": {"OBJECTID": 12759567, "FACILITYID": "410327", "SERVSTATUS": "In Service", "EFLNTTYPE": "Combined", "UNITDESCR": "[ G 69.17]:", "RIMELEV": 69.17}, "geometry": {"type": "Point", "coordinates": [-123.12699975040988, 49.24450699484583]}}, {"type": "Feature", "properties": {"OBJECTID": 12759568, "FACILITYID": "410326", "SERVSTATUS": "In Service", "EFLNTTYPE": "Combined", "UNITDESCR": "[ G 71.24]", "RIMELEV": 71.24}, "geometry": {"type": "Point", "coordinates": [-123.127051605725, 49.24341573449175]}}, {"type": "Feature", "properties": {"OBJECTID": 12759569, "FACILITYID": "422246", "SERVSTATUS": "In Service", "EFLNTTYPE": "Combined", "UNITDESCR": "[ G 70.66]", "RIMELEV": 70.66}, "geometry": {"type": "Point", "coordinates": [-123.12704696133848, 49.24358152185086]}}, {"type": "Feature", "properties": {"OBJECTID": 12759570, "FACILITYID": "422247", "SERVSTATUS": "In Service", "EFLNTTYPE": "Combined", "UNITDESCR": "[ G 70.72]", "RIMELEV": 70.72}, "geometry": {"type": "Point", "coordinates": [-123.1274316894624, 49.24359485185001]}}, {"type": "Feature", "properties": {"OBJECTID": 12759571, "FACILITYID": "422248", "SERVSTATUS": "In Service", "EFLNTTYPE": "Combined", "UNITDESCR": "[ G 73.19]", "RIMELEV": 73.19}, "geometry": {"type": "Point", "coordinates": [-123.12746822354593, 49.24253869846422]}}, {"type": "Feature", "properties": {"OBJECTID": 12759572, "FACILITYID": "422249", "SERVSTATUS": "In Service", "EFLNTTYPE": "Combined", "UNITDESCR": "[ G 73.34]", "RIMELEV": 73.34}, "geometry": {"type": "Point", "coordinates": [-123.12750383755754, 49.24244384933032]}}, {"type": "Feature", "properties": {"OBJECTID": 12759573, "FACILITYID": "422170", "SERVSTATUS": "In Service", "EFLNTTYPE": "Combined", "UNITDESCR": "[ G 72.89]", "RIMELEV": 72.89}, "geometry": {"type": "Point", "coordinates": [-123.12708927350782, 49.24241813896447]}}, {"type": "Feature", "properties": {"OBJECTID": 12759574, "FACILITYID": "422171", "SERVSTATUS": "In Service", "EFLNTTYPE": "Combined", "UNITDESCR": "[ G 72.7]", "RIMELEV": 72.7}, "geometry": {"type": "Point", "coordinates": [-123.12649845941758, 49.24245306824563]}}, {"type": "Feature", "properties": {"OBJECTID": 12759575, "FACILITYID": "422172", "SERVSTATUS": "In Service", "EFLNTTYPE": "Combined", "UNITDESCR": "[ G 75.17]", "RIMELEV": 75.17}, "geometry": {"type": "Point", "coordinates": [-123.12498295364963, 49.24186054606339]}}, {"type": "Feature", "properties": {"OBJECTID": 12759576, "FACILITYID": "422245", "SERVSTATUS": "In Service", "EFLNTTYPE": "Combined", "UNITDESCR": "[ G 75.17]:", "RIMELEV": 75.17}, "geometry": {"type": "Point", "coordinates": [-123.1255587882197, 49.24188041283275]}}, {"type": "Feature", "properties": {"OBJECTID": 12759577, "FACILITYID": "422168", "SERVSTATUS": "In Service", "EFLNTTYPE": "Combined", "UNITDESCR": "[ G 74.87]", "RIMELEV": 74.87}, "geometry": {"type": "Point", "coordinates": [-123.12710601243437, 49.241933007207585]}}, {"type": "Feature", "properties": {"OBJECTID": 12759581, "FACILITYID": "422167", "SERVSTATUS": "In Service", "EFLNTTYPE": "Combined", "UNITDESCR": "[ G 77.00]:", "RIMELEV": 77}, "geometry": {"type": "Point", "coordinates": [-123.12800501472736, 49.24096663624533]}}, {"type": "Feature", "properties": {"OBJECTID": 12759584, "FACILITYID": "422163", "SERVSTATUS": "In Service", "EFLNTTYPE": "Storm", "UNITDESCR": "[ G 76.70]", "RIMELEV": 76.7}, "geometry": {"type": "Point", "coordinates": [-123.1277643780026, 49.241383598232474]}}, {"type": "Feature", "properties": {"OBJECTID": 12759585, "FACILITYID": "422164", "SERVSTATUS": "In Service", "EFLNTTYPE": "Storm", "UNITDESCR": "[ G 76.76] ", "RIMELEV": 76.76}, "geometry": {"type": "Point", "coordinates": [-123.12791559174632, 49.24138681311593]}}, {"type": "Feature", "properties": {"OBJECTID": 12759586, "FACILITYID": "422188", "SERVSTATUS": "In Service", "EFLNTTYPE": "Storm", "UNITDESCR": "[ G 77.13] ", "RIMELEV": 77.13}, "geometry": {"type": "Point", "coordinates": [-123.12633523293822, 49.241328859681296]}}, {"type": "Feature", "properties": {"OBJECTID": 12759587, "FACILITYID": "422189", "SERVSTATUS": "In Service", "EFLNTTYPE": "Storm", "UNITDESCR": "[ G 77.94]", "RIMELEV": 77.94}, "geometry": {"type": "Point", "coordinates": [-123.1250033583423, 49.241246607731696]}}, {"type": "Feature", "properties": {"OBJECTID": 12759781, "FACILITYID": "400318", "SERVSTATUS": "In Service", "EFLNTTYPE": "Combined", "UNITDESCR": "[ G 73.2]", "RIMELEV": 73.2}, "geometry": {"type": "Point", "coordinates": [-123.11588688911102, 49.24786959001319]}}, {"type": "Feature", "properties": {"OBJECTID": 12759782, "FACILITYID": "400327", "SERVSTATUS": "In Service", "EFLNTTYPE": "Combined", "UNITDESCR": "[ G 67.83]", "RIMELEV": 67.83}, "geometry": {"type": "Point", "coordinates": [-123.11221288492379, 49.248877075578186]}}, {"type": "Feature", "properties": {"OBJECTID": 12759783, "FACILITYID": "400219", "SERVSTATUS": "In Service", "EFLNTTYPE": "Combined", "UNITDESCR": "[ G 68.56]", "RIMELEV": 68.56}, "geometry": {"type": "Point", "coordinates": [-123.11433157644399, 49.2489116719103]}}, {"type": "Feature", "properties": {"OBJECTID": 12759786, "FACILITYID": "400215", "SERVSTATUS": "In Service", "EFLNTTYPE": "Combined", "UNITDESCR": "[ G 67.24]", "RIMELEV": 67.24}, "geometry": {"type": "Point", "coordinates": [-123.11007910759179, 49.24900240793876]}}, {"type": "Feature", "properties": {"OBJECTID": 12759787, "FACILITYID": "400228", "SERVSTATUS": "In Service", "EFLNTTYPE": "Combined", "UNITDESCR": "[ G 74.05]", "RIMELEV": 74.05}, "geometry": {"type": "Point", "coordinates": [-123.11102878379263, 49.24547750903525]}}, {"type": "Feature", "properties": {"OBJECTID": 12759788, "FACILITYID": "400227", "SERVSTATUS": "In Service", "EFLNTTYPE": "Combined", "UNITDESCR": "[ G 72.43]", "RIMELEV": 72.43}, "geometry": {"type": "Point", "coordinates": [-123.11070123161244, 49.24584611524951]}}, {"type": "Feature", "properties": {"OBJECTID": 12759789, "FACILITYID": "400226", "SERVSTATUS": "In Service", "EFLNTTYPE": "Combined", "UNITDESCR": "[ G 70.10] ", "RIMELEV": 70.1}, "geometry": {"type": "Point", "coordinates": [-123.11068854906493, 49.24684152196054]}}, {"type": "Feature", "properties": {"OBJECTID": 12759790, "FACILITYID": "400225", "SERVSTATUS": "In Service", "EFLNTTYPE": "Combined", "UNITDESCR": "[ G 68.06] ", "RIMELEV": 68.06}, "geometry": {"type": "Point", "coordinates": [-123.1101474896718, 49.24785141204148]}}, {"type": "Feature", "properties": {"OBJECTID": 12759791, "FACILITYID": "400224", "SERVSTATUS": "In Service", "EFLNTTYPE": "Combined", "UNITDESCR": "[ G 67.18]", "RIMELEV": 67.18}, "geometry": {"type": "Point", "coordinates": [-123.11022052732788, 49.24884273371825]}}, {"type": "Feature", "properties": {"OBJECTID": 12759792, "FACILITYID": "400223", "SERVSTATUS": "In Service", "EFLNTTYPE": "Combined", "UNITDESCR": "[ G 68.65]", "RIMELEV": 68.65}, "geometry": {"type": "Point", "coordinates": [-123.11123378395969, 49.24787152806251]}}, {"type": "Feature", "properties": {"OBJECTID": 12759793, "FACILITYID": "400221", "SERVSTATUS": "In Service", "EFLNTTYPE": "Combined", "UNITDESCR": "[ G 71.64] ", "RIMELEV": 71.64}, "geometry": {"type": "Point", "coordinates": [-123.10622215843712, 49.249419088313786]}}, {"type": "Feature", "properties": {"OBJECTID": 12759794, "FACILITYID": "400138", "SERVSTATUS": "In Service", "EFLNTTYPE": "Combined", "UNITDESCR": "[ G 69.41] ", "RIMELEV": 69.41}, "geometry": {"type": "Point", "coordinates": [-123.10742389944998, 49.24944192248152]}}, {"type": "Feature", "properties": {"OBJECTID": 12759795, "FACILITYID": "400137", "SERVSTATUS": "In Service", "EFLNTTYPE": "Combined", "UNITDESCR": "[ G 66.50] ", "RIMELEV": 66.5}, "geometry": {"type": "Point", "coordinates": [-123.10871741882917, 49.249466187011166]}}, {"type": "Feature", "properties": {"OBJECTID": 12759796, "FACILITYID": "424347", "SERVSTATUS": "In Service", "EFLNTTYPE": "Combined", "UNITDESCR": "[ G 65.72] ", "RIMELEV": 65.72}, "geometry": {"type": "Point", "coordinates": [-123.10997232659874, 49.24948977218998]}}, {"type": "Feature", "properties": {"OBJECTID": 12759797, "FACILITYID": "400135", "SERVSTATUS": "In Service", "EFLNTTYPE": "Combined", "UNITDESCR": "[ G 66.06] ", "RIMELEV": 66.06}, "geometry": {"type": "Point", "coordinates": [-123.11019163822813, 49.24949426773247]}}, {"type": "Feature", "properties": {"OBJECTID": 12759798, "FACILITYID": "400134", "SERVSTATUS": "In Service", "EFLNTTYPE": "Combined", "UNITDESCR": "[ G 76.09]", "RIMELEV": 76.09}, "geometry": {"type": "Point", "coordinates": [-123.10513140320256, 49.24596692467283]}}, {"type": "Feature", "properties": {"OBJECTID": 12759799, "FACILITYID": "424346", "SERVSTATUS": "In Service", "EFLNTTYPE": "Combined", "UNITDESCR": "[ G 73.89]", "RIMELEV": 73.89}, "geometry": {"type": "Point", "coordinates": [-123.10629237269232, 49.24523902944212]}}, {"type": "Feature", "properties": {"OBJECTID": 12759888, "FACILITYID": "410422", "SERVSTATUS": "In Service", "EFLNTTYPE": "Combined", "UNITDESCR": "[ G 69.38]", "RIMELEV": 69.38}, "geometry": {"type": "Point", "coordinates": [-123.12740177939394, 49.24451337959217]}}, {"type": "Feature", "properties": {"OBJECTID": 12760186, "FACILITYID": "406789", "SERVSTATUS": "In Service", "EFLNTTYPE": "Storm", "UNITDESCR": "[ G 76.44] ", "RIMELEV": 76.44}, "geometry": {"type": "Point", "coordinates": [-123.12810196230356, 49.24152284854936]}}, {"type": "Feature", "properties": {"OBJECTID": 12761048, "FACILITYID": "404407", "SERVSTATUS": "In Service", "EFLNTTYPE": "Combined", "UNITDESCR": "[ G 57.61] ", "RIMELEV": 57.61}, "geometry": {"type": "Point", "coordinates": [-123.10399603419926, 49.25466085876135]}}, {"type": "Feature", "properties": {"OBJECTID": 12761049, "FACILITYID": "404406", "SERVSTATUS": "In Service", "EFLNTTYPE": "Combined", "UNITDESCR": "[ G 57.78] ", "RIMELEV": 57.78}, "geometry": {"type": "Point", "coordinates": [-123.10416355660315, 49.2546635863224]}}, {"type": "Feature", "properties": {"OBJECTID": 12761121, "FACILITYID": "410234", "SERVSTATUS": "In Service", "EFLNTTYPE": "Combined", "UNITDESCR": "[ G 52.89] ", "RIMELEV": 52.89}, "geometry": {"type": "Point", "coordinates": [-123.11259971568515, 49.25680106836541]}}, {"type": "Feature", "properties": {"OBJECTID": 12761122, "FACILITYID": "410315", "SERVSTATUS": "In Service", "EFLNTTYPE": "Combined", "UNITDESCR": "[ G 52.40] ", "RIMELEV": 52.4}, "geometry": {"type": "Point", "coordinates": [-123.11311252811163, 49.256814123251594]}}, {"type": "Feature", "properties": {"OBJECTID": 12761123, "FACILITYID": "410314", "SERVSTATUS": "In Service", "EFLNTTYPE": "Combined", "UNITDESCR": "[ G 53.70] ", "RIMELEV": 53.7}, "geometry": {"type": "Point", "coordinates": [-123.11438501487528, 49.256846260724025]}}, {"type": "Feature", "properties": {"OBJECTID": 12761124, "FACILITYID": "410311", "SERVSTATUS": "In Service", "EFLNTTYPE": "Combined", "UNITDESCR": "[ G 53.59] ", "RIMELEV": 53.59}, "geometry": {"type": "Point", "coordinates": [-123.11810704042492, 49.25699978828888]}}, {"type": "Feature", "properties": {"OBJECTID": 12761125, "FACILITYID": "410227", "SERVSTATUS": "In Service", "EFLNTTYPE": "Storm", "UNITDESCR": "[ G 60.89]", "RIMELEV": 60.89}, "geometry": {"type": "Point", "coordinates": [-123.10722990671616, 49.25426928215164]}}, {"type": "Feature", "properties": {"OBJECTID": 12761126, "FACILITYID": "410230", "SERVSTATUS": "In Service", "EFLNTTYPE": "Combined", "UNITDESCR": "[ G 58.29] ", "RIMELEV": 58.29}, "geometry": {"type": "Point", "coordinates": [-123.10453184525403, 49.25466977523717]}}, {"type": "Feature", "properties": {"OBJECTID": 12761127, "FACILITYID": "411790", "SERVSTATUS": "In Service", "EFLNTTYPE": "Storm", "UNITDESCR": "[ G 60.32]: LH", "RIMELEV": 60.32}, "geometry": {"type": "Point", "coordinates": [-123.10720632238916, 49.254737469293275]}}, {"type": "Feature", "properties": {"OBJECTID": 12761128, "FACILITYID": "411793", "SERVSTATUS": "In Service", "EFLNTTYPE": "Storm", "UNITDESCR": "[ G 58.43]", "RIMELEV": 58.43}, "geometry": {"type": "Point", "coordinates": [-123.10718880951958, 49.255217335549496]}}, {"type": "Feature", "properties": {"OBJECTID": 12761129, "FACILITYID": "411787", "SERVSTATUS": "In Service", "EFLNTTYPE": "Combined", "UNITDESCR": "[ G 56.96] ", "RIMELEV": 56.96}, "geometry": {"type": "Point", "coordinates": [-123.1049541210549, 49.25576862622281]}}, {"type": "Feature", "properties": {"OBJECTID": 12761130, "FACILITYID": "411786", "SERVSTATUS": "In Service", "EFLNTTYPE": "Combined", "UNITDESCR": "[ G 57.02]", "RIMELEV": 57.02}, "geometry": {"type": "Point", "coordinates": [-123.10501772152236, 49.255775305849774]}}, {"type": "Feature", "properties": {"OBJECTID": 12761131, "FACILITYID": "411789", "SERVSTATUS": "In Service", "EFLNTTYPE": "Combined", "UNITDESCR": "[ G 56.06]", "RIMELEV": 56.06}, "geometry": {"type": "Point", "coordinates": [-123.10492368333584, 49.25620386951335]}}, {"type": "Feature", "properties": {"OBJECTID": 12761132, "FACILITYID": "411788", "SERVSTATUS": "In Service", "EFLNTTYPE": "Combined", "UNITDESCR": "[ G 54.62]", "RIMELEV": 54.62}, "geometry": {"type": "Point", "coordinates": [-123.10502628283938, 49.256669044927435]}}, {"type": "Feature", "properties": {"OBJECTID": 12761133, "FACILITYID": "411785", "SERVSTATUS": "In Service", "EFLNTTYPE": "Combined", "UNITDESCR": "[ G 54.72] ", "RIMELEV": 54.72}, "geometry": {"type": "Point", "coordinates": [-123.10494022693982, 49.25658517975394]}}, {"type": "Feature", "properties": {"OBJECTID": 12761134, "FACILITYID": "411784", "SERVSTATUS": "In Service", "EFLNTTYPE": "Combined", "UNITDESCR": "[ G 54.36]", "RIMELEV": 54.36}, "geometry": {"type": "Point", "coordinates": [-123.10523722967358, 49.25669969758101]}}, {"type": "Feature", "properties": {"OBJECTID": 12761136, "FACILITYID": "411885", "SERVSTATUS": "In Service", "EFLNTTYPE": "Combined", "UNITDESCR": "[ G 51.46]", "RIMELEV": 51.46}, "geometry": {"type": "Point", "coordinates": [-123.1071195592596, 49.25667665807763]}}, {"type": "Feature", "properties": {"OBJECTID": 12761137, "FACILITYID": "411884", "SERVSTATUS": "In Service", "EFLNTTYPE": "Combined", "UNITDESCR": "[ G 51.54] ", "RIMELEV": 51.54}, "geometry": {"type": "Point", "coordinates": [-123.10726862333506, 49.256668945806496]}}, {"type": "Feature", "properties": {"OBJECTID": 12761140, "FACILITYID": "422252", "SERVSTATUS": "In Service", "EFLNTTYPE": "Combined", "UNITDESCR": "[ G 60.55] ", "RIMELEV": 60.55}, "geometry": {"type": "Point", "coordinates": [-123.11265826470756, 49.25412219896658]}}, {"type": "Feature", "properties": {"OBJECTID": 12761141, "FACILITYID": "422253", "SERVSTATUS": "In Service", "EFLNTTYPE": "Combined", "UNITDESCR": "[ G 57.54]:GVRD MH", "RIMELEV": 57.54}, "geometry": {"type": "Point", "coordinates": [-123.11260896053454, 49.25531925902442]}}, {"type": "Feature", "properties": {"OBJECTID": 12761142, "FACILITYID": "422258", "SERVSTATUS": "In Service", "EFLNTTYPE": "Combined", "UNITDESCR": "[ G 58.18]", "RIMELEV": 58.18}, "geometry": {"type": "Point", "coordinates": [-123.11444499657817, 49.25547085042095]}}, {"type": "Feature", "properties": {"OBJECTID": 12761144, "FACILITYID": "422256", "SERVSTATUS": "In Service", "EFLNTTYPE": "Combined", "UNITDESCR": "[ G 60.01] ", "RIMELEV": 60.01}, "geometry": {"type": "Point", "coordinates": [-123.11451403725434, 49.25402092335708]}}, {"type": "Feature", "properties": {"OBJECTID": 12761145, "FACILITYID": "422257", "SERVSTATUS": "In Service", "EFLNTTYPE": "Combined", "UNITDESCR": "[ G 58.98] ", "RIMELEV": 58.98}, "geometry": {"type": "Point", "coordinates": [-123.1150575141997, 49.25403107873186]}}, {"type": "Feature", "properties": {"OBJECTID": 12761146, "FACILITYID": "426088", "SERVSTATUS": "In Service", "EFLNTTYPE": "Combined", "UNITDESCR": "[ G 59.21] ", "RIMELEV": 59.21}, "geometry": {"type": "Point", "coordinates": [-123.11273872336376, 49.25487013607185]}}, {"type": "Feature", "properties": {"OBJECTID": 12761147, "FACILITYID": "416548", "SERVSTATUS": "In Service", "EFLNTTYPE": "Combined", "UNITDESCR": "[ G 59.06]:", "RIMELEV": 59.06}, "geometry": {"type": "Point", "coordinates": [-123.11386508213909, 49.25489114175847]}}, {"type": "Feature", "properties": {"OBJECTID": 12761148, "FACILITYID": "426093", "SERVSTATUS": "In Service", "EFLNTTYPE": "Combined", "UNITDESCR": "[ G 58.89] ", "RIMELEV": 58.89}, "geometry": {"type": "Point", "coordinates": [-123.1144722387286, 49.25490241548565]}}, {"type": "Feature", "properties": {"OBJECTID": 12761149, "FACILITYID": "426094", "SERVSTATUS": "In Service", "EFLNTTYPE": "Combined", "UNITDESCR": "[ G 58.27] ", "RIMELEV": 58.27}, "geometry": {"type": "Point", "coordinates": [-123.11502053687195, 49.254907411997145]}}, {"type": "Feature", "properties": {"OBJECTID": 12761150, "FACILITYID": "421707", "SERVSTATUS": "In Service", "EFLNTTYPE": "Combined", "UNITDESCR": "[ G 56.22]", "RIMELEV": 56.22}, "geometry": {"type": "Point", "coordinates": [-123.11442085901082, 49.25602712967861]}}, {"type": "Feature", "properties": {"OBJECTID": 12761152, "FACILITYID": "421710", "SERVSTATUS": "In Service", "EFLNTTYPE": "Combined", "UNITDESCR": "[ G 53.92]LH", "RIMELEV": 53.92}, "geometry": {"type": "Point", "coordinates": [-123.11438806366394, 49.25678588180658]}}, {"type": "Feature", "properties": {"OBJECTID": 12761157, "FACILITYID": "403813", "SERVSTATUS": "In Service", "EFLNTTYPE": "Combined", "UNITDESCR": "[ G 50.30]", "RIMELEV": 50.3}, "geometry": {"type": "Point", "coordinates": [-123.1220858208632, 49.255259584313244]}}, {"type": "Feature", "properties": {"OBJECTID": 12761158, "FACILITYID": "403815", "SERVSTATUS": "In Service", "EFLNTTYPE": "Combined", "UNITDESCR": "[ G 50.23]", "RIMELEV": 50.23}, "geometry": {"type": "Point", "coordinates": [-123.1221094633436, 49.25528975628244]}}, {"type": "Feature", "properties": {"OBJECTID": 12761159, "FACILITYID": "403816", "SERVSTATUS": "In Service", "EFLNTTYPE": "Combined", "UNITDESCR": "[ G 50.20]", "RIMELEV": 50.2}, "geometry": {"type": "Point", "coordinates": [-123.12213992075972, 49.255291559113424]}}, {"type": "Feature", "properties": {"OBJECTID": 12761160, "FACILITYID": "404940", "SERVSTATUS": "In Service", "EFLNTTYPE": "Combined", "UNITDESCR": "[ G 53.27]", "RIMELEV": 53.27}, "geometry": {"type": "Point", "coordinates": [-123.12003262896548, 49.2570070959078]}}, {"type": "Feature", "properties": {"OBJECTID": 12761161, "FACILITYID": "416629", "SERVSTATUS": "In Service", "EFLNTTYPE": "Combined", "UNITDESCR": "[ G 50.25]", "RIMELEV": 50.25}, "geometry": {"type": "Point", "coordinates": [-123.1222097905897, 49.25525974109778]}}, {"type": "Feature", "properties": {"OBJECTID": 12761162, "FACILITYID": "416634", "SERVSTATUS": "In Service", "EFLNTTYPE": "Combined", "UNITDESCR": "[ G 51.18]", "RIMELEV": 51.18}, "geometry": {"type": "Point", "coordinates": [-123.12332324133786, 49.25436928144237]}}, {"type": "Feature", "properties": {"OBJECTID": 12761163, "FACILITYID": "416633", "SERVSTATUS": "In Service", "EFLNTTYPE": "Combined", "UNITDESCR": "[ G 53.04]", "RIMELEV": 53.04}, "geometry": {"type": "Point", "coordinates": [-123.12444847676436, 49.25438893481391]}}, {"type": "Feature", "properties": {"OBJECTID": 12761164, "FACILITYID": "416623", "SERVSTATUS": "In Service", "EFLNTTYPE": "Combined", "UNITDESCR": "[ G 50.75]", "RIMELEV": 50.75}, "geometry": {"type": "Point", "coordinates": [-123.12326159966528, 49.255315122736846]}}, {"type": "Feature", "properties": {"OBJECTID": 12761165, "FACILITYID": "416622", "SERVSTATUS": "In Service", "EFLNTTYPE": "Storm", "UNITDESCR": "[ G 52.07]", "RIMELEV": 52.07}, "geometry": {"type": "Point", "coordinates": [-123.1244308292326, 49.25533913699711]}}, {"type": "Feature", "properties": {"OBJECTID": 12761166, "FACILITYID": "403820", "SERVSTATUS": "In Service", "EFLNTTYPE": "Combined", "UNITDESCR": "[ G 51.17]", "RIMELEV": 51.17}, "geometry": {"type": "Point", "coordinates": [-123.12214235154714, 49.254383066224044]}}, {"type": "Feature", "properties": {"OBJECTID": 12761167, "FACILITYID": "397515", "SERVSTATUS": "In Service", "EFLNTTYPE": "Combined", "UNITDESCR": "[ G 58.19] ", "RIMELEV": 58.19}, "geometry": {"type": "Point", "coordinates": [-123.12736719368921, 49.25530708962387]}}, {"type": "Feature", "properties": {"OBJECTID": 12761400, "FACILITYID": "397514", "SERVSTATUS": "In Service", "EFLNTTYPE": "Combined", "UNITDESCR": "[ G 56.38]", "RIMELEV": 56.38}, "geometry": {"type": "Point", "coordinates": [-123.12733212425181, 49.25614089519438]}}, {"type": "Feature", "properties": {"OBJECTID": 12761401, "FACILITYID": "397487", "SERVSTATUS": "In Service", "EFLNTTYPE": "Combined", "UNITDESCR": "[ G 58.44]", "RIMELEV": 58.44}, "geometry": {"type": "Point", "coordinates": [-123.12800367573918, 49.25596329813325]}}, {"type": "Feature", "properties": {"OBJECTID": 12761402, "FACILITYID": "397489", "SERVSTATUS": "In Service", "EFLNTTYPE": "Combined", "UNITDESCR": "[ G 59.23]", "RIMELEV": 59.23}, "geometry": {"type": "Point", "coordinates": [-123.12849258674146, 49.25583393489856]}}, {"type": "Feature", "properties": {"OBJECTID": 12761405, "FACILITYID": "397494", "SERVSTATUS": "In Service", "EFLNTTYPE": "Storm", "UNITDESCR": "[ G 52.01]", "RIMELEV": 52.01}, "geometry": {"type": "Point", "coordinates": [-123.12513232314463, 49.256661387217974]}}, {"type": "Feature", "properties": {"OBJECTID": 12761406, "FACILITYID": "397500", "SERVSTATUS": "In Service", "EFLNTTYPE": "Storm", "UNITDESCR": "[ G 53.10] ", "RIMELEV": 53.1}, "geometry": {"type": "Point", "coordinates": [-123.12666345197731, 49.25705889059201]}}, {"type": "Feature", "properties": {"OBJECTID": 12761408, "FACILITYID": "403818", "SERVSTATUS": "In Service", "EFLNTTYPE": "Combined", "UNITDESCR": "[ G 51.06]", "RIMELEV": 51.06}, "geometry": {"type": "Point", "coordinates": [-123.12221422307563, 49.25434988780573]}}, {"type": "Feature", "properties": {"OBJECTID": 12761409, "FACILITYID": "403819", "SERVSTATUS": "In Service", "EFLNTTYPE": "Combined", "UNITDESCR": "[ G 51.22]", "RIMELEV": 51.22}, "geometry": {"type": "Point", "coordinates": [-123.12209960342115, 49.25436217053243]}}, {"type": "Feature", "properties": {"OBJECTID": 12761425, "FACILITYID": "406731", "SERVSTATUS": "In Service", "EFLNTTYPE": "Combined", "UNITDESCR": "[ G 54.65]", "RIMELEV": 54.65}, "geometry": {"type": "Point", "coordinates": [-123.12729759814852, 49.257020764544315]}}, {"type": "Feature", "properties": {"OBJECTID": 12761549, "FACILITYID": "406790", "SERVSTATUS": "In Service", "EFLNTTYPE": "Sanitary", "UNITDESCR": "[ G 76.44] ", "RIMELEV": 76.44}, "geometry": {"type": "Point", "coordinates": [-123.12809513552463, 49.24152333286672]}}, {"type": "Feature", "properties": {"OBJECTID": 12761555, "FACILITYID": "396619", "SERVSTATUS": "In Service", "EFLNTTYPE": "Combined", "UNITDESCR": "[ G 71.28] ", "RIMELEV": 71.28}, "geometry": {"type": "Point", "coordinates": [-123.10431694556452, 49.25100463191305]}}, {"type": "Feature", "properties": {"OBJECTID": 12761683, "FACILITYID": "413808", "SERVSTATUS": "In Service", "EFLNTTYPE": "Combined", "UNITDESCR": "[ G 72.68] ", "RIMELEV": 72.68}, "geometry": {"type": "Point", "coordinates": [-123.10699453394653, 49.24585719947483]}}, {"type": "Feature", "properties": {"OBJECTID": 12761705, "FACILITYID": "400800", "SERVSTATUS": "In Service", "EFLNTTYPE": "Combined", "UNITDESCR": "[ G 67.44]", "RIMELEV": 67.44}, "geometry": {"type": "Point", "coordinates": [-123.12839967424188, 49.24586760508852]}}, {"type": "Feature", "properties": {"OBJECTID": 12761729, "FACILITYID": "414159", "SERVSTATUS": "In Service", "EFLNTTYPE": "Combined", "UNITDESCR": "[ G 70.44]", "RIMELEV": 70.44}, "geometry": {"type": "Point", "coordinates": [-123.12752946563437, 49.251766057967956]}}, {"type": "Feature", "properties": {"OBJECTID": 12762238, "FACILITYID": "417826", "SERVSTATUS": "In Service", "EFLNTTYPE": "Combined", "UNITDESCR": "[ G 72.33]", "RIMELEV": 72.33}, "geometry": {"type": "Point", "coordinates": [-123.10488837087603, 49.24956501313855]}}, {"type": "Feature", "properties": {"OBJECTID": 12762769, "FACILITYID": "406957", "SERVSTATUS": "In Service", "EFLNTTYPE": "Combined", "UNITDESCR": "[ G 75.97]", "RIMELEV": 75.97}, "geometry": {"type": "Point", "coordinates": [-123.10402363251625, 49.24333501284571]}}, {"type": "Feature", "properties": {"OBJECTID": 12762775, "FACILITYID": "418991", "SERVSTATUS": "In Service", "EFLNTTYPE": "Combined", "UNITDESCR": "[ G 76.12]", "RIMELEV": 76.12}, "geometry": {"type": "Point", "coordinates": [-123.10806337769387, 49.242289683138736]}}, {"type": "Feature", "properties": {"OBJECTID": 12762776, "FACILITYID": "404346", "SERVSTATUS": "In Service", "EFLNTTYPE": "Combined", "UNITDESCR": "[ G 75.43]", "RIMELEV": 75.43}, "geometry": {"type": "Point", "coordinates": [-123.10902407727723, 49.24312284609824]}}, {"type": "Feature", "properties": {"OBJECTID": 12762777, "FACILITYID": "404347", "SERVSTATUS": "In Service", "EFLNTTYPE": "Storm", "UNITDESCR": "[ G 75.63]", "RIMELEV": 75.63}, "geometry": {"type": "Point", "coordinates": [-123.11038938639585, 49.244338110529455]}}, {"type": "Feature", "properties": {"OBJECTID": 12762778, "FACILITYID": "419072", "SERVSTATUS": "In Service", "EFLNTTYPE": "Combined", "UNITDESCR": "[ G 74.93]", "RIMELEV": 74.93}, "geometry": {"type": "Point", "coordinates": [-123.10980984470098, 49.24382759842992]}}, {"type": "Feature", "properties": {"OBJECTID": 12762779, "FACILITYID": "418977", "SERVSTATUS": "In Service", "EFLNTTYPE": "Storm", "UNITDESCR": "[ G 74.16]SUMP", "RIMELEV": 74.16}, "geometry": {"type": "Point", "coordinates": [-123.10728922456201, 49.2429915205988]}}, {"type": "Feature", "properties": {"OBJECTID": 12762780, "FACILITYID": "418975", "SERVSTATUS": "In Service", "EFLNTTYPE": "Combined", "UNITDESCR": "[ G 74.96]:", "RIMELEV": 74.96}, "geometry": {"type": "Point", "coordinates": [-123.10526249793891, 49.242820955245804]}}, {"type": "Feature", "properties": {"OBJECTID": 12762781, "FACILITYID": "418981", "SERVSTATUS": "In Service", "EFLNTTYPE": "Combined", "UNITDESCR": "[ G 74.56]:", "RIMELEV": 74.56}, "geometry": {"type": "Point", "coordinates": [-123.10525804471209, 49.24322086961915]}}, {"type": "Feature", "properties": {"OBJECTID": 12762782, "FACILITYID": "418982", "SERVSTATUS": "In Service", "EFLNTTYPE": "Combined", "UNITDESCR": "[ G 74.72]", "RIMELEV": 74.72}, "geometry": {"type": "Point", "coordinates": [-123.10525408727524, 49.243356332515845]}}, {"type": "Feature", "properties": {"OBJECTID": 12762788, "FACILITYID": "398542", "SERVSTATUS": "In Service", "EFLNTTYPE": "Combined", "UNITDESCR": "[ G 78.34]", "RIMELEV": 78.34}, "geometry": {"type": "Point", "coordinates": [-123.10396544676033, 49.24452557585442]}}, {"type": "Feature", "properties": {"OBJECTID": 12762789, "FACILITYID": "398541", "SERVSTATUS": "In Service", "EFLNTTYPE": "Combined", "UNITDESCR": "[ G 74.90]", "RIMELEV": 74.9}, "geometry": {"type": "Point", "coordinates": [-123.10403933710553, 49.241523879205616]}}, {"type": "Feature", "properties": {"OBJECTID": 12762791, "FACILITYID": "418994", "SERVSTATUS": "In Service", "EFLNTTYPE": "Combined", "UNITDESCR": "[ G 74.87]", "RIMELEV": 74.87}, "geometry": {"type": "Point", "coordinates": [-123.1051936661183, 49.24454785167714]}}, {"type": "Feature", "properties": {"OBJECTID": 12762792, "FACILITYID": "422187", "SERVSTATUS": "In Service", "EFLNTTYPE": "Combined", "UNITDESCR": "[ G 74.11]", "RIMELEV": 74.11}, "geometry": {"type": "Point", "coordinates": [-123.1277434623148, 49.2422921857254]}}, {"type": "Feature", "properties": {"OBJECTID": 12762795, "FACILITYID": "422183", "SERVSTATUS": "In Service", "EFLNTTYPE": "Combined", "UNITDESCR": "[ G 86.60] ", "RIMELEV": 86.6}, "geometry": {"type": "Point", "coordinates": [-123.12161688640352, 49.242273161132935]}}, {"type": "Feature", "properties": {"OBJECTID": 12762798, "FACILITYID": "422180", "SERVSTATUS": "In Service", "EFLNTTYPE": "Storm", "UNITDESCR": "[ G 95.05] ", "RIMELEV": 95.05}, "geometry": {"type": "Point", "coordinates": [-123.1205420620922, 49.2412327106179]}}, {"type": "Feature", "properties": {"OBJECTID": 12762799, "FACILITYID": "422175", "SERVSTATUS": "In Service", "EFLNTTYPE": "Combined", "UNITDESCR": "[ G 92.77] ", "RIMELEV": 92.77}, "geometry": {"type": "Point", "coordinates": [-123.12052617446089, 49.24171009567444]}}, {"type": "Feature", "properties": {"OBJECTID": 12762800, "FACILITYID": "422176", "SERVSTATUS": "In Service", "EFLNTTYPE": "Combined", "UNITDESCR": "[ G 91.91]:", "RIMELEV": 91.91}, "geometry": {"type": "Point", "coordinates": [-123.11928622607418, 49.24167443914451]}}, {"type": "Feature", "properties": {"OBJECTID": 12762801, "FACILITYID": "422177", "SERVSTATUS": "In Service", "EFLNTTYPE": "Combined", "UNITDESCR": "[ G 90.41]", "RIMELEV": 90.41}, "geometry": {"type": "Point", "coordinates": [-123.11842503028777, 49.24216461226901]}}, {"type": "Feature", "properties": {"OBJECTID": 12762802, "FACILITYID": "410942", "SERVSTATUS": "In Service", "EFLNTTYPE": "Combined", "UNITDESCR": "[ G 89.99]", "RIMELEV": 89.99}, "geometry": {"type": "Point", "coordinates": [-123.11926502812442, 49.242193855234255]}}, {"type": "Feature", "properties": {"OBJECTID": 12762803, "FACILITYID": "410941", "SERVSTATUS": "In Service", "EFLNTTYPE": "Combined", "UNITDESCR": "[ G 89.10] ", "RIMELEV": 89.1}, "geometry": {"type": "Point", "coordinates": [-123.12057179423452, 49.24223812268433]}}, {"type": "Feature", "properties": {"OBJECTID": 12762804, "FACILITYID": "410944", "SERVSTATUS": "In Service", "EFLNTTYPE": "Combined", "UNITDESCR": "[ G 89.42] ", "RIMELEV": 89.42}, "geometry": {"type": "Point", "coordinates": [-123.11925694620892, 49.24239776768495]}}, {"type": "Feature", "properties": {"OBJECTID": 12762805, "FACILITYID": "410943", "SERVSTATUS": "In Service", "EFLNTTYPE": "Combined", "UNITDESCR": "[ G 84.56]", "RIMELEV": 84.56}, "geometry": {"type": "Point", "coordinates": [-123.12048637475719, 49.24335943243539]}}, {"type": "Feature", "properties": {"OBJECTID": 12762806, "FACILITYID": "410946", "SERVSTATUS": "In Service", "EFLNTTYPE": "Combined", "UNITDESCR": "[ G 86.76]", "RIMELEV": 86.76}, "geometry": {"type": "Point", "coordinates": [-123.11922141620326, 49.24331593045568]}}, {"type": "Feature", "properties": {"OBJECTID": 12762807, "FACILITYID": "410945", "SERVSTATUS": "In Service", "EFLNTTYPE": "Combined", "UNITDESCR": "[ G 88.74]", "RIMELEV": 88.74}, "geometry": {"type": "Point", "coordinates": [-123.11843094736462, 49.243288876226494]}}, {"type": "Feature", "properties": {"OBJECTID": 12762811, "FACILITYID": "410939", "SERVSTATUS": "In Service", "EFLNTTYPE": "Combined", "UNITDESCR": "[ G 73.89]", "RIMELEV": 73.89}, "geometry": {"type": "Point", "coordinates": [-123.12476211463198, 49.242382130932924]}}, {"type": "Feature", "properties": {"OBJECTID": 12762812, "FACILITYID": "410008", "SERVSTATUS": "In Service", "EFLNTTYPE": "Combined", "UNITDESCR": "[ G 73.89]", "RIMELEV": 73.89}, "geometry": {"type": "Point", "coordinates": [-123.12496811544806, 49.2422959137862]}}, {"type": "Feature", "properties": {"OBJECTID": 12762813, "FACILITYID": "410010", "SERVSTATUS": "In Service", "EFLNTTYPE": "Combined", "UNITDESCR": "[ G 73.83]", "RIMELEV": 73.83}, "geometry": {"type": "Point", "coordinates": [-123.12496492966275, 49.242389107924126]}}, {"type": "Feature", "properties": {"OBJECTID": 12762814, "FACILITYID": "410009", "SERVSTATUS": "In Service", "EFLNTTYPE": "Combined", "UNITDESCR": "[ G 77.00]", "RIMELEV": 77}, "geometry": {"type": "Point", "coordinates": [-123.123937495325, 49.241824899795105]}}, {"type": "Feature", "properties": {"OBJECTID": 12762815, "FACILITYID": "410012", "SERVSTATUS": "In Service", "EFLNTTYPE": "Combined", "UNITDESCR": "[ G 81.57]", "RIMELEV": 81.57}, "geometry": {"type": "Point", "coordinates": [-123.12358695347315, 49.24234160214383]}}, {"type": "Feature", "properties": {"OBJECTID": 12762816, "FACILITYID": "410011", "SERVSTATUS": "In Service", "EFLNTTYPE": "Combined", "UNITDESCR": "[ G 79.44]", "RIMELEV": 79.44}, "geometry": {"type": "Point", "coordinates": [-123.1228091378867, 49.24231474423863]}}, {"type": "Feature", "properties": {"OBJECTID": 12762817, "FACILITYID": "410001", "SERVSTATUS": "In Service", "EFLNTTYPE": "Storm", "UNITDESCR": "[ G 78.22]:", "RIMELEV": 78.22}, "geometry": {"type": "Point", "coordinates": [-123.12476937084705, 49.24123777547697]}}, {"type": "Feature", "properties": {"OBJECTID": 12762818, "FACILITYID": "410000", "SERVSTATUS": "In Service", "EFLNTTYPE": "Storm", "UNITDESCR": "[ G 77.31]", "RIMELEV": 77.31}, "geometry": {"type": "Point", "coordinates": [-123.1249304815159, 49.24127601105185]}}, {"type": "Feature", "properties": {"OBJECTID": 12762822, "FACILITYID": "411882", "SERVSTATUS": "In Service", "EFLNTTYPE": "Combined", "UNITDESCR": "[ G 53.36] ", "RIMELEV": 53.36}, "geometry": {"type": "Point", "coordinates": [-123.10978848755259, 49.25673247779225]}}, {"type": "Feature", "properties": {"OBJECTID": 12762823, "FACILITYID": "411877", "SERVSTATUS": "In Service", "EFLNTTYPE": "Combined", "UNITDESCR": "[ G 54.27] ", "RIMELEV": 54.27}, "geometry": {"type": "Point", "coordinates": [-123.11113617449878, 49.25676652253083]}}, {"type": "Feature", "properties": {"OBJECTID": 12762824, "FACILITYID": "411876", "SERVSTATUS": "In Service", "EFLNTTYPE": "Storm", "UNITDESCR": "[ G 53.83]LH", "RIMELEV": 53.83}, "geometry": {"type": "Point", "coordinates": [-123.1046464614206, 49.2571042093529]}}, {"type": "Feature", "properties": {"OBJECTID": 12762949, "FACILITYID": "406719", "SERVSTATUS": "In Service", "EFLNTTYPE": "Combined", "UNITDESCR": "[ G 56.15]", "RIMELEV": 56.15}, "geometry": {"type": "Point", "coordinates": [-123.12583234559953, 49.254411246268575]}}, {"type": "Feature", "properties": {"OBJECTID": 12762950, "FACILITYID": "406720", "SERVSTATUS": "In Service", "EFLNTTYPE": "Combined", "UNITDESCR": "[ G 58.87]", "RIMELEV": 58.87}, "geometry": {"type": "Point", "coordinates": [-123.1267660202093, 49.25442621912607]}}, {"type": "Feature", "properties": {"OBJECTID": 12763083, "FACILITYID": "424502", "SERVSTATUS": "In Service", "EFLNTTYPE": "Combined", "UNITDESCR": "[ G 79.51]", "RIMELEV": 79.51}, "geometry": {"type": "Point", "coordinates": [-123.10392069874146, 49.24525277296811]}}, {"type": "Feature", "properties": {"OBJECTID": 12763093, "FACILITYID": "415521", "SERVSTATUS": "In Service", "EFLNTTYPE": "Combined", "UNITDESCR": "[ G 76.57] ", "RIMELEV": 76.57}, "geometry": {"type": "Point", "coordinates": [-123.1043127954879, 49.248049990997174]}}, {"type": "Feature", "properties": {"OBJECTID": 12763106, "FACILITYID": "424349", "SERVSTATUS": "In Service", "EFLNTTYPE": "Combined", "UNITDESCR": "[ G 74.62] ", "RIMELEV": 74.62}, "geometry": {"type": "Point", "coordinates": [-123.10567842583946, 49.24686964596782]}}, {"type": "Feature", "properties": {"OBJECTID": 12763107, "FACILITYID": "403318", "SERVSTATUS": "In Service", "EFLNTTYPE": "Combined", "UNITDESCR": "[ G 73.27] ", "RIMELEV": 73.27}, "geometry": {"type": "Point", "coordinates": [-123.10647385119688, 49.246884477401494]}}, {"type": "Feature", "properties": {"OBJECTID": 12763108, "FACILITYID": "419631", "SERVSTATUS": "In Service", "EFLNTTYPE": "Combined", "UNITDESCR": "[ G 72.01] ", "RIMELEV": 72.01}, "geometry": {"type": "Point", "coordinates": [-123.10754658962883, 49.24691759371697]}}, {"type": "Feature", "properties": {"OBJECTID": 12763109, "FACILITYID": "403316", "SERVSTATUS": "In Service", "EFLNTTYPE": "Combined", "UNITDESCR": "[ G 73.56]", "RIMELEV": 73.56}, "geometry": {"type": "Point", "coordinates": [-123.11063205553809, 49.24520798758865]}}, {"type": "Feature", "properties": {"OBJECTID": 12763110, "FACILITYID": "403315", "SERVSTATUS": "In Service", "EFLNTTYPE": "Combined", "UNITDESCR": "[ G 72.12]", "RIMELEV": 72.12}, "geometry": {"type": "Point", "coordinates": [-123.1101153098532, 49.245460185934526]}}, {"type": "Feature", "properties": {"OBJECTID": 12763111, "FACILITYID": "403314", "SERVSTATUS": "In Service", "EFLNTTYPE": "Combined", "UNITDESCR": "[ G 70.34] ", "RIMELEV": 70.34}, "geometry": {"type": "Point", "coordinates": [-123.10898530762906, 49.24601407755837]}}, {"type": "Feature", "properties": {"OBJECTID": 12763112, "FACILITYID": "403313", "SERVSTATUS": "In Service", "EFLNTTYPE": "Combined", "UNITDESCR": "[ G 70.31] ", "RIMELEV": 70.31}, "geometry": {"type": "Point", "coordinates": [-123.10892835991608, 49.246046900902535]}}, {"type": "Feature", "properties": {"OBJECTID": 12763113, "FACILITYID": "424460", "SERVSTATUS": "In Service", "EFLNTTYPE": "Combined", "UNITDESCR": "[ G 71.61]", "RIMELEV": 71.61}, "geometry": {"type": "Point", "coordinates": [-123.107794122075, 49.246560827980375]}}, {"type": "Feature", "properties": {"OBJECTID": 12763114, "FACILITYID": "403311", "SERVSTATUS": "In Service", "EFLNTTYPE": "Combined", "UNITDESCR": "[ G 71.14] ", "RIMELEV": 71.14}, "geometry": {"type": "Point", "coordinates": [-123.10792989985515, 49.24663655801767]}}, {"type": "Feature", "properties": {"OBJECTID": 12763115, "FACILITYID": "424454", "SERVSTATUS": "In Service", "EFLNTTYPE": "Combined", "UNITDESCR": "[ G 68.64]:", "RIMELEV": 68.64}, "geometry": {"type": "Point", "coordinates": [-123.1088496218433, 49.24724901709968]}}, {"type": "Feature", "properties": {"OBJECTID": 12763116, "FACILITYID": "402830", "SERVSTATUS": "In Service", "EFLNTTYPE": "Combined", "UNITDESCR": "[ G 70.23] ", "RIMELEV": 70.23}, "geometry": {"type": "Point", "coordinates": [-123.10752165726025, 49.247755477799096]}}, {"type": "Feature", "properties": {"OBJECTID": 12763117, "FACILITYID": "403404", "SERVSTATUS": "In Service", "EFLNTTYPE": "Combined", "UNITDESCR": "[ G 70.18] ", "RIMELEV": 70.18}, "geometry": {"type": "Point", "coordinates": [-123.10751957372763, 49.24780206604059]}}, {"type": "Feature", "properties": {"OBJECTID": 12763118, "FACILITYID": "406569", "SERVSTATUS": "In Service", "EFLNTTYPE": "Combined", "UNITDESCR": "[ G 68.38] ", "RIMELEV": 68.38}, "geometry": {"type": "Point", "coordinates": [-123.10868282832789, 49.24782372655509]}}, {"type": "Feature", "properties": {"OBJECTID": 12763119, "FACILITYID": "406568", "SERVSTATUS": "In Service", "EFLNTTYPE": "Combined", "UNITDESCR": "[ G 74.73] ", "RIMELEV": 74.73}, "geometry": {"type": "Point", "coordinates": [-123.10440033971354, 49.248840772547055]}}, {"type": "Feature", "properties": {"OBJECTID": 12763120, "FACILITYID": "403401", "SERVSTATUS": "In Service", "EFLNTTYPE": "Combined", "UNITDESCR": "[ G 76.31] ", "RIMELEV": 76.31}, "geometry": {"type": "Point", "coordinates": [-123.10442949547905, 49.248240629435095]}}, {"type": "Feature", "properties": {"OBJECTID": 12763121, "FACILITYID": "424030", "SERVSTATUS": "In Service", "EFLNTTYPE": "Combined", "UNITDESCR": "[ G 77.09] ", "RIMELEV": 77.09}, "geometry": {"type": "Point", "coordinates": [-123.10507174021647, 49.24732433260557]}}, {"type": "Feature", "properties": {"OBJECTID": 12763122, "FACILITYID": "406563", "SERVSTATUS": "In Service", "EFLNTTYPE": "Combined", "UNITDESCR": "[ G 76.64] ", "RIMELEV": 76.64}, "geometry": {"type": "Point", "coordinates": [-123.10498725132575, 49.24753771334143]}}, {"type": "Feature", "properties": {"OBJECTID": 12763123, "FACILITYID": "403398", "SERVSTATUS": "In Service", "EFLNTTYPE": "Combined", "UNITDESCR": "[ G 74.86] ", "RIMELEV": 74.86}, "geometry": {"type": "Point", "coordinates": [-123.10494574741968, 49.24830511620538]}}, {"type": "Feature", "properties": {"OBJECTID": 12763124, "FACILITYID": "408004", "SERVSTATUS": "In Service", "EFLNTTYPE": "Combined", "UNITDESCR": "[ G 73.94] ", "RIMELEV": 73.94}, "geometry": {"type": "Point", "coordinates": [-123.10527213302716, 49.248310054493636]}}, {"type": "Feature", "properties": {"OBJECTID": 12763126, "FACILITYID": "403395", "SERVSTATUS": "In Service", "EFLNTTYPE": "Storm", "UNITDESCR": "[ G 69.28] ", "RIMELEV": 69.28}, "geometry": {"type": "Point", "coordinates": [-123.10746128423627, 49.24893376521887]}}, {"type": "Feature", "properties": {"OBJECTID": 12763129, "FACILITYID": "403392", "SERVSTATUS": "In Service", "EFLNTTYPE": "Combined", "UNITDESCR": "[ G 69.66] ", "RIMELEV": 69.66}, "geometry": {"type": "Point", "coordinates": [-123.10975828103327, 49.24651761860049]}}, {"type": "Feature", "properties": {"OBJECTID": 12763134, "FACILITYID": "400141", "SERVSTATUS": "In Service", "EFLNTTYPE": "Combined", "UNITDESCR": "[ G 73.22]", "RIMELEV": 73.22}, "geometry": {"type": "Point", "coordinates": [-123.10638739799434, 49.246071702795504]}}, {"type": "Feature", "properties": {"OBJECTID": 12763135, "FACILITYID": "412659", "SERVSTATUS": "In Service", "EFLNTTYPE": "Combined", "UNITDESCR": "[ G 78.04]", "RIMELEV": 78.04}, "geometry": {"type": "Point", "coordinates": [-123.11233453231775, 49.24605580076826]}}, {"type": "Feature", "properties": {"OBJECTID": 12763136, "FACILITYID": "412660", "SERVSTATUS": "In Service", "EFLNTTYPE": "Combined", "UNITDESCR": "[ G 80.77]", "RIMELEV": 80.77}, "geometry": {"type": "Point", "coordinates": [-123.11445683026412, 49.246091947459]}}, {"type": "Feature", "properties": {"OBJECTID": 12763137, "FACILITYID": "412661", "SERVSTATUS": "In Service", "EFLNTTYPE": "Combined", "UNITDESCR": "[ G 80.11]", "RIMELEV": 80.11}, "geometry": {"type": "Point", "coordinates": [-123.11525223161881, 49.246106592543484]}}, {"type": "Feature", "properties": {"OBJECTID": 12763139, "FACILITYID": "412646", "SERVSTATUS": "In Service", "EFLNTTYPE": "Combined", "UNITDESCR": "[ G 80.20]", "RIMELEV": 80.2}, "geometry": {"type": "Point", "coordinates": [-123.11444701668805, 49.24631044241926]}}, {"type": "Feature", "properties": {"OBJECTID": 12763140, "FACILITYID": "412647", "SERVSTATUS": "In Service", "EFLNTTYPE": "Combined", "UNITDESCR": "[ G 77.03]", "RIMELEV": 77.03}, "geometry": {"type": "Point", "coordinates": [-123.11440709431331, 49.24725839962133]}}, {"type": "Feature", "properties": {"OBJECTID": 12763141, "FACILITYID": "412648", "SERVSTATUS": "In Service", "EFLNTTYPE": "Combined", "UNITDESCR": "[ G 71.20] ", "RIMELEV": 71.2}, "geometry": {"type": "Point", "coordinates": [-123.1117272352615, 49.24695701941419]}}, {"type": "Feature", "properties": {"OBJECTID": 12763142, "FACILITYID": "412642", "SERVSTATUS": "In Service", "EFLNTTYPE": "Combined", "UNITDESCR": "[ G 72.86]", "RIMELEV": 72.86}, "geometry": {"type": "Point", "coordinates": [-123.1122957712099, 49.246976167765]}}, {"type": "Feature", "properties": {"OBJECTID": 12763143, "FACILITYID": "412643", "SERVSTATUS": "In Service", "EFLNTTYPE": "Combined", "UNITDESCR": "[ G 75.48]", "RIMELEV": 75.48}, "geometry": {"type": "Point", "coordinates": [-123.11316004461997, 49.24698799875548]}}, {"type": "Feature", "properties": {"OBJECTID": 12763144, "FACILITYID": "412644", "SERVSTATUS": "In Service", "EFLNTTYPE": "Combined", "UNITDESCR": "[ G 77.52]", "RIMELEV": 77.52}, "geometry": {"type": "Point", "coordinates": [-123.11441593714049, 49.24701209240249]}}, {"type": "Feature", "properties": {"OBJECTID": 12763146, "FACILITYID": "412650", "SERVSTATUS": "In Service", "EFLNTTYPE": "Combined", "UNITDESCR": "[ G 76.89]", "RIMELEV": 76.89}, "geometry": {"type": "Point", "coordinates": [-123.11742813531399, 49.247070840312404]}}, {"type": "Feature", "properties": {"OBJECTID": 12763147, "FACILITYID": "412651", "SERVSTATUS": "In Service", "EFLNTTYPE": "Combined", "UNITDESCR": "[ G 71.12]", "RIMELEV": 71.12}, "geometry": {"type": "Point", "coordinates": [-123.11435470674176, 49.24840216817823]}}, {"type": "Feature", "properties": {"OBJECTID": 12763148, "FACILITYID": "400323", "SERVSTATUS": "In Service", "EFLNTTYPE": "Combined", "UNITDESCR": "[ G 69.44]", "RIMELEV": 69.44}, "geometry": {"type": "Point", "coordinates": [-123.11225940111667, 49.24789118911043]}}, {"type": "Feature", "properties": {"OBJECTID": 12763149, "FACILITYID": "426059", "SERVSTATUS": "In Service", "EFLNTTYPE": "Combined", "UNITDESCR": "[ G 71.48]", "RIMELEV": 71.48}, "geometry": {"type": "Point", "coordinates": [-123.11331373820063, 49.2479117034169]}}, {"type": "Feature", "properties": {"OBJECTID": 12763150, "FACILITYID": "400321", "SERVSTATUS": "In Service", "EFLNTTYPE": "Combined", "UNITDESCR": "[ G 73.51]", "RIMELEV": 73.51}, "geometry": {"type": "Point", "coordinates": [-123.11437754339553, 49.24793229767611]}}, {"type": "Feature", "properties": {"OBJECTID": 12763201, "FACILITYID": "418445", "SERVSTATUS": "In Service", "EFLNTTYPE": "Combined", "UNITDESCR": "[ G 50.94] ", "RIMELEV": 50.94}, "geometry": {"type": "Point", "coordinates": [-123.10711177153745, 49.25690097003121]}}, {"type": "Feature", "properties": {"OBJECTID": 12763214, "FACILITYID": "410233", "SERVSTATUS": "In Service", "EFLNTTYPE": "Combined", "UNITDESCR": "[ G 53.27] ", "RIMELEV": 53.27}, "geometry": {"type": "Point", "coordinates": [-123.1125458424374, 49.25660084233864]}}, {"type": "Feature", "properties": {"OBJECTID": 12763216, "FACILITYID": "410307", "SERVSTATUS": "In Service", "EFLNTTYPE": "Combined", "UNITDESCR": "[ G 54.13] ", "RIMELEV": 54.13}, "geometry": {"type": "Point", "coordinates": [-123.1114403124555, 49.25677162671177]}}, {"type": "Feature", "properties": {"OBJECTID": 12763323, "FACILITYID": "406717", "SERVSTATUS": "In Service", "EFLNTTYPE": "Combined", "UNITDESCR": "[ G 60.18]", "RIMELEV": 60.18}, "geometry": {"type": "Point", "coordinates": [-123.12717458896097, 49.25443278639865]}}, {"type": "Feature", "properties": {"OBJECTID": 12763324, "FACILITYID": "406718", "SERVSTATUS": "In Service", "EFLNTTYPE": "Combined", "UNITDESCR": "[ G 60.30]", "RIMELEV": 60.3}, "geometry": {"type": "Point", "coordinates": [-123.12740276943748, 49.25446221924051]}}, {"type": "Feature", "properties": {"OBJECTID": 12763325, "FACILITYID": "406715", "SERVSTATUS": "In Service", "EFLNTTYPE": "Combined", "UNITDESCR": "[ G 62.56]", "RIMELEV": 62.56}, "geometry": {"type": "Point", "coordinates": [-123.1280655894293, 49.25448801335506]}}, {"type": "Feature", "properties": {"OBJECTID": 12763515, "FACILITYID": "417784", "SERVSTATUS": "In Service", "EFLNTTYPE": "Combined", "UNITDESCR": "[ G 67.86]", "RIMELEV": 67.86}, "geometry": {"type": "Point", "coordinates": [-123.12631181994628, 49.2471776607387]}}, {"type": "Feature", "properties": {"OBJECTID": 12763516, "FACILITYID": "417783", "SERVSTATUS": "In Service", "EFLNTTYPE": "Combined", "UNITDESCR": "[ G 69.44]", "RIMELEV": 69.44}, "geometry": {"type": "Point", "coordinates": [-123.12611116901464, 49.24817922918974]}}, {"type": "Feature", "properties": {"OBJECTID": 12763517, "FACILITYID": "417790", "SERVSTATUS": "In Service", "EFLNTTYPE": "Storm", "UNITDESCR": "[ G 70.30]", "RIMELEV": 70.3}, "geometry": {"type": "Point", "coordinates": [-123.12503101147205, 49.24816216086696]}}, {"type": "Feature", "properties": {"OBJECTID": 12763519, "FACILITYID": "417788", "SERVSTATUS": "In Service", "EFLNTTYPE": "Combined", "UNITDESCR": "[ G 68.28]:", "RIMELEV": 68.28}, "geometry": {"type": "Point", "coordinates": [-123.12694934419233, 49.24622333226024]}}, {"type": "Feature", "properties": {"OBJECTID": 12763520, "FACILITYID": "417787", "SERVSTATUS": "In Service", "EFLNTTYPE": "Combined", "UNITDESCR": "[ G 68.53]:", "RIMELEV": 68.53}, "geometry": {"type": "Point", "coordinates": [-123.12697990133928, 49.24618576156527]}}, {"type": "Feature", "properties": {"OBJECTID": 12763521, "FACILITYID": "417794", "SERVSTATUS": "In Service", "EFLNTTYPE": "Combined", "UNITDESCR": "[ G 68.56]:", "RIMELEV": 68.56}, "geometry": {"type": "Point", "coordinates": [-123.12733067180582, 49.24618330660034]}}, {"type": "Feature", "properties": {"OBJECTID": 12763522, "FACILITYID": "417793", "SERVSTATUS": "In Service", "EFLNTTYPE": "Combined", "UNITDESCR": "[ G 68.62]", "RIMELEV": 68.62}, "geometry": {"type": "Point", "coordinates": [-123.12738178846044, 49.24544268153111]}}, {"type": "Feature", "properties": {"OBJECTID": 12763523, "FACILITYID": "417792", "SERVSTATUS": "In Service", "EFLNTTYPE": "Storm", "UNITDESCR": "[ G 68.98] ", "RIMELEV": 68.98}, "geometry": {"type": "Point", "coordinates": [-123.12783789536651, 49.24531795353123]}}, {"type": "Feature", "properties": {"OBJECTID": 12764502, "FACILITYID": "1482085", "SERVSTATUS": "In Service", "EFLNTTYPE": "Sanitary", "UNITDESCR": "[ G 52.38]", "RIMELEV": 52.38}, "geometry": {"type": "Point", "coordinates": [-123.11309867948597, 49.256864015288464]}}, {"type": "Feature", "properties": {"OBJECTID": 12764503, "FACILITYID": "1482079", "SERVSTATUS": "In Service", "EFLNTTYPE": "Sanitary", "UNITDESCR": "[ G 51.97]", "RIMELEV": 51.97}, "geometry": {"type": "Point", "coordinates": [-123.11313546932631, 49.25699651479911]}}, {"type": "Feature", "properties": {"OBJECTID": 12765017, "FACILITYID": "410312", "SERVSTATUS": "In Service", "EFLNTTYPE": "Storm", "UNITDESCR": "[ G 53.69]", "RIMELEV": 53.69}, "geometry": {"type": "Point", "coordinates": [-123.11812165911302, 49.25696946845725]}}, {"type": "Feature", "properties": {"OBJECTID": 12765018, "FACILITYID": "413150", "SERVSTATUS": "In Service", "EFLNTTYPE": "Storm", "UNITDESCR": "[ G 61.93]", "RIMELEV": 61.93}, "geometry": {"type": "Point", "coordinates": [-123.1100874895702, 49.2543233095628]}}, {"type": "Feature", "properties": {"OBJECTID": 12765019, "FACILITYID": "410224", "SERVSTATUS": "In Service", "EFLNTTYPE": "Storm", "UNITDESCR": "[ G 62.14]", "RIMELEV": 62.14}, "geometry": {"type": "Point", "coordinates": [-123.1081701336469, 49.254274315562675]}}, {"type": "Feature", "properties": {"OBJECTID": 12765020, "FACILITYID": "410223", "SERVSTATUS": "In Service", "EFLNTTYPE": "Storm", "UNITDESCR": "[ G 62.26]", "RIMELEV": 62.26}, "geometry": {"type": "Point", "coordinates": [-123.1095318438493, 49.25430473181408]}}, {"type": "Feature", "properties": {"OBJECTID": 12765021, "FACILITYID": "410229", "SERVSTATUS": "In Service", "EFLNTTYPE": "Storm", "UNITDESCR": "[ G 59.69]", "RIMELEV": 59.69}, "geometry": {"type": "Point", "coordinates": [-123.10508439929833, 49.25465508853343]}}, {"type": "Feature", "properties": {"OBJECTID": 12765022, "FACILITYID": "411791", "SERVSTATUS": "In Service", "EFLNTTYPE": "Storm", "UNITDESCR": "[ G 58.11]", "RIMELEV": 58.11}, "geometry": {"type": "Point", "coordinates": [-123.10505375841431, 49.25517505810122]}}, {"type": "Feature", "properties": {"OBJECTID": 12765023, "FACILITYID": "411792", "SERVSTATUS": "In Service", "EFLNTTYPE": "Storm", "UNITDESCR": "[ G 60.96] ", "RIMELEV": 60.96}, "geometry": {"type": "Point", "coordinates": [-123.10973788637112, 49.25468034762742]}}, {"type": "Feature", "properties": {"OBJECTID": 12765024, "FACILITYID": "411888", "SERVSTATUS": "In Service", "EFLNTTYPE": "Storm", "UNITDESCR": "[ G 55.91]", "RIMELEV": 55.91}, "geometry": {"type": "Point", "coordinates": [-123.10517284358457, 49.25616213004436]}}, {"type": "Feature", "properties": {"OBJECTID": 12765025, "FACILITYID": "411887", "SERVSTATUS": "In Service", "EFLNTTYPE": "Storm", "UNITDESCR": "[ G 54.03]", "RIMELEV": 54.03}, "geometry": {"type": "Point", "coordinates": [-123.10819163387212, 49.25622703166307]}}, {"type": "Feature", "properties": {"OBJECTID": 12765026, "FACILITYID": "411886", "SERVSTATUS": "In Service", "EFLNTTYPE": "Storm", "UNITDESCR": "[ G 55.14]", "RIMELEV": 55.14}, "geometry": {"type": "Point", "coordinates": [-123.10947651257507, 49.25625327474677]}}, {"type": "Feature", "properties": {"OBJECTID": 12765032, "FACILITYID": "426085", "SERVSTATUS": "In Service", "EFLNTTYPE": "Storm", "UNITDESCR": "[ G 60.30]", "RIMELEV": 60.3}, "geometry": {"type": "Point", "coordinates": [-123.11146541811148, 49.254353804508526]}}, {"type": "Feature", "properties": {"OBJECTID": 12765033, "FACILITYID": "426091", "SERVSTATUS": "In Service", "EFLNTTYPE": "Storm", "UNITDESCR": "[ G 60.14]:", "RIMELEV": 60.14}, "geometry": {"type": "Point", "coordinates": [-123.11253866456093, 49.25436240697719]}}, {"type": "Feature", "properties": {"OBJECTID": 12765034, "FACILITYID": "426098", "SERVSTATUS": "In Service", "EFLNTTYPE": "Storm", "UNITDESCR": "[ G 56.92]", "RIMELEV": 56.92}, "geometry": {"type": "Point", "coordinates": [-123.11599842840695, 49.25516963448594]}}, {"type": "Feature", "properties": {"OBJECTID": 12765035, "FACILITYID": "426095", "SERVSTATUS": "In Service", "EFLNTTYPE": "Storm", "UNITDESCR": "[ G 57.49]", "RIMELEV": 57.49}, "geometry": {"type": "Point", "coordinates": [-123.11565228041455, 49.25506057263411]}}, {"type": "Feature", "properties": {"OBJECTID": 12765036, "FACILITYID": "421706", "SERVSTATUS": "In Service", "EFLNTTYPE": "Storm", "UNITDESCR": "[ G 56.49]", "RIMELEV": 56.49}, "geometry": {"type": "Point", "coordinates": [-123.11707108702468, 49.25518915162294]}}, {"type": "Feature", "properties": {"OBJECTID": 12765040, "FACILITYID": "403821", "SERVSTATUS": "In Service", "EFLNTTYPE": "Storm", "UNITDESCR": "[ G 56.46]", "RIMELEV": 56.46}, "geometry": {"type": "Point", "coordinates": [-123.1186067468633, 49.25522382711594]}}, {"type": "Feature", "properties": {"OBJECTID": 12765041, "FACILITYID": "404942", "SERVSTATUS": "In Service", "EFLNTTYPE": "Storm", "UNITDESCR": "[ G 51.08]", "RIMELEV": 51.08}, "geometry": {"type": "Point", "coordinates": [-123.12113434754751, 49.255238223678255]}}, {"type": "Feature", "properties": {"OBJECTID": 12765042, "FACILITYID": "404934", "SERVSTATUS": "In Service", "EFLNTTYPE": "Storm", "UNITDESCR": "[ G 51.57]: RAMPED", "RIMELEV": 51.57}, "geometry": {"type": "Point", "coordinates": [-123.12069239385619, 49.25615641446268]}}, {"type": "Feature", "properties": {"OBJECTID": 12765043, "FACILITYID": "404937", "SERVSTATUS": "In Service", "EFLNTTYPE": "Storm", "UNITDESCR": "[ G 53.46]", "RIMELEV": 53.46}, "geometry": {"type": "Point", "coordinates": [-123.1190480705168, 49.25698530269586]}}, {"type": "Feature", "properties": {"OBJECTID": 12765045, "FACILITYID": "404931", "SERVSTATUS": "In Service", "EFLNTTYPE": "Storm", "UNITDESCR": "[ G 53.25]", "RIMELEV": 53.25}, "geometry": {"type": "Point", "coordinates": [-123.1201052765786, 49.257008423665525]}}, {"type": "Feature", "properties": {"OBJECTID": 12765046, "FACILITYID": "404933", "SERVSTATUS": "In Service", "EFLNTTYPE": "Storm", "UNITDESCR": "[ G 51.4]", "RIMELEV": 51.4}, "geometry": {"type": "Point", "coordinates": [-123.121047993686, 49.25702645573086]}}, {"type": "Feature", "properties": {"OBJECTID": 12765050, "FACILITYID": "416631", "SERVSTATUS": "In Service", "EFLNTTYPE": "Storm", "UNITDESCR": "[ G 50.62]", "RIMELEV": 50.62}, "geometry": {"type": "Point", "coordinates": [-123.12288947231758, 49.255271226678865]}}, {"type": "Feature", "properties": {"OBJECTID": 12765051, "FACILITYID": "416627", "SERVSTATUS": "In Service", "EFLNTTYPE": "Storm", "UNITDESCR": "[ G 52.15]", "RIMELEV": 52.15}, "geometry": {"type": "Point", "coordinates": [-123.12443622303996, 49.25529811298387]}}, {"type": "Feature", "properties": {"OBJECTID": 12765052, "FACILITYID": "416626", "SERVSTATUS": "In Service", "EFLNTTYPE": "Storm", "UNITDESCR": "[ G 49.85]", "RIMELEV": 49.85}, "geometry": {"type": "Point", "coordinates": [-123.12321561214107, 49.25620722770273]}}, {"type": "Feature", "properties": {"OBJECTID": 12765053, "FACILITYID": "416624", "SERVSTATUS": "In Service", "EFLNTTYPE": "Storm", "UNITDESCR": "[ G 51.88]: LOOKOUT", "RIMELEV": 51.88}, "geometry": {"type": "Point", "coordinates": [-123.12439518225337, 49.25623077254151]}}, {"type": "Feature", "properties": {"OBJECTID": 12765054, "FACILITYID": "416248", "SERVSTATUS": "In Service", "EFLNTTYPE": "Storm", "UNITDESCR": "[ G 49.51]", "RIMELEV": 49.51}, "geometry": {"type": "Point", "coordinates": [-123.1232143586225, 49.25707283887512]}}, {"type": "Feature", "properties": {"OBJECTID": 12765058, "FACILITYID": "397512", "SERVSTATUS": "In Service", "EFLNTTYPE": "Storm", "UNITDESCR": "[ G 56.67]: C/RMP", "RIMELEV": 56.67}, "geometry": {"type": "Point", "coordinates": [-123.12659316396712, 49.25533646415665]}}, {"type": "Feature", "properties": {"OBJECTID": 12765059, "FACILITYID": "397490", "SERVSTATUS": "In Service", "EFLNTTYPE": "Storm", "UNITDESCR": "[ G 52.65]: C/RAMP", "RIMELEV": 52.65}, "geometry": {"type": "Point", "coordinates": [-123.12576301760456, 49.256256079512575]}}, {"type": "Feature", "properties": {"OBJECTID": 12765060, "FACILITYID": "397492", "SERVSTATUS": "In Service", "EFLNTTYPE": "Storm", "UNITDESCR": "[ G 55.2]", "RIMELEV": 55.2}, "geometry": {"type": "Point", "coordinates": [-123.12699344612204, 49.256277554510795]}}, {"type": "Feature", "properties": {"OBJECTID": 12765244, "FACILITYID": "1433058", "SERVSTATUS": "In Service", "EFLNTTYPE": "Storm", "UNITDESCR": "[ G 56.82]", "RIMELEV": 56.82}, "geometry": {"type": "Point", "coordinates": [-123.11660008616491, 49.25468835126712]}}, {"type": "Feature", "properties": {"OBJECTID": 12765483, "FACILITYID": "410313", "SERVSTATUS": "In Service", "EFLNTTYPE": "Sanitary", "UNITDESCR": "[ G 53.69]", "RIMELEV": 53.69}, "geometry": {"type": "Point", "coordinates": [-123.11813786599451, 49.25697696289335]}}, {"type": "Feature", "properties": {"OBJECTID": 12765484, "FACILITYID": "410225", "SERVSTATUS": "In Service", "EFLNTTYPE": "Sanitary", "UNITDESCR": "[ G 61.95]:", "RIMELEV": 61.95}, "geometry": {"type": "Point", "coordinates": [-123.1101066762852, 49.25432457759609]}}, {"type": "Feature", "properties": {"OBJECTID": 12765485, "FACILITYID": "410222", "SERVSTATUS": "In Service", "EFLNTTYPE": "Sanitary", "UNITDESCR": "[ G 62.16]", "RIMELEV": 62.16}, "geometry": {"type": "Point", "coordinates": [-123.10819149174633, 49.25428825614757]}}, {"type": "Feature", "properties": {"OBJECTID": 12765486, "FACILITYID": "410221", "SERVSTATUS": "In Service", "EFLNTTYPE": "Sanitary", "UNITDESCR": "[ G 62.25]", "RIMELEV": 62.25}, "geometry": {"type": "Point", "coordinates": [-123.10955182800411, 49.25431861048349]}}, {"type": "Feature", "properties": {"OBJECTID": 12765487, "FACILITYID": "410231", "SERVSTATUS": "In Service", "EFLNTTYPE": "Sanitary", "UNITDESCR": "[ G 58.05]", "RIMELEV": 58.05}, "geometry": {"type": "Point", "coordinates": [-123.10506606130967, 49.25518968213622]}}, {"type": "Feature", "properties": {"OBJECTID": 12765488, "FACILITYID": "411890", "SERVSTATUS": "In Service", "EFLNTTYPE": "Sanitary", "UNITDESCR": "[ G 55.86]", "RIMELEV": 55.86}, "geometry": {"type": "Point", "coordinates": [-123.10519165022585, 49.25616534220672]}}, {"type": "Feature", "properties": {"OBJECTID": 12765489, "FACILITYID": "411881", "SERVSTATUS": "In Service", "EFLNTTYPE": "Sanitary", "UNITDESCR": "[ G 54.04]", "RIMELEV": 54.04}, "geometry": {"type": "Point", "coordinates": [-123.10816986863183, 49.25622211366757]}}, {"type": "Feature", "properties": {"OBJECTID": 12765490, "FACILITYID": "411880", "SERVSTATUS": "In Service", "EFLNTTYPE": "Sanitary", "UNITDESCR": "[ G 55.09]", "RIMELEV": 55.09}, "geometry": {"type": "Point", "coordinates": [-123.10945890939858, 49.256247543480725]}}, {"type": "Feature", "properties": {"OBJECTID": 12765494, "FACILITYID": "426087", "SERVSTATUS": "In Service", "EFLNTTYPE": "Sanitary", "UNITDESCR": "[ G 58.02]", "RIMELEV": 58.02}, "geometry": {"type": "Point", "coordinates": [-123.11606799575307, 49.25425111660042]}}, {"type": "Feature", "properties": {"OBJECTID": 12765495, "FACILITYID": "426086", "SERVSTATUS": "In Service", "EFLNTTYPE": "Sanitary", "UNITDESCR": "[ G 60.33]", "RIMELEV": 60.33}, "geometry": {"type": "Point", "coordinates": [-123.11144764495654, 49.254351725767435]}}, {"type": "Feature", "properties": {"OBJECTID": 12765496, "FACILITYID": "426090", "SERVSTATUS": "In Service", "EFLNTTYPE": "Sanitary", "UNITDESCR": "[ G 60.09]:", "RIMELEV": 60.09}, "geometry": {"type": "Point", "coordinates": [-123.11251932106396, 49.25436474658412]}}, {"type": "Feature", "properties": {"OBJECTID": 12765497, "FACILITYID": "426092", "SERVSTATUS": "In Service", "EFLNTTYPE": "Sanitary", "UNITDESCR": "[ G 57.46]", "RIMELEV": 57.46}, "geometry": {"type": "Point", "coordinates": [-123.11568722467891, 49.255071358899734]}}, {"type": "Feature", "properties": {"OBJECTID": 12765498, "FACILITYID": "426097", "SERVSTATUS": "In Service", "EFLNTTYPE": "Sanitary", "UNITDESCR": "[ G 56.91]", "RIMELEV": 56.91}, "geometry": {"type": "Point", "coordinates": [-123.11602697656276, 49.25517781845625]}}, {"type": "Feature", "properties": {"OBJECTID": 12765563, "FACILITYID": "426096", "SERVSTATUS": "In Service", "EFLNTTYPE": "Sanitary", "UNITDESCR": "[ G 56.48]", "RIMELEV": 56.48}, "geometry": {"type": "Point", "coordinates": [-123.11709141705329, 49.25519715475756]}}, {"type": "Feature", "properties": {"OBJECTID": 12765568, "FACILITYID": "403822", "SERVSTATUS": "In Service", "EFLNTTYPE": "Sanitary", "UNITDESCR": "[ G 56.49]", "RIMELEV": 56.49}, "geometry": {"type": "Point", "coordinates": [-123.11858994364222, 49.25521385967006]}}, {"type": "Feature", "properties": {"OBJECTID": 12765569, "FACILITYID": "403812", "SERVSTATUS": "In Service", "EFLNTTYPE": "Sanitary", "UNITDESCR": "[ G 51.16]", "RIMELEV": 51.16}, "geometry": {"type": "Point", "coordinates": [-123.12110382764972, 49.25522770427929]}}, {"type": "Feature", "properties": {"OBJECTID": 12765570, "FACILITYID": "403817", "SERVSTATUS": "In Service", "EFLNTTYPE": "Sanitary", "UNITDESCR": "[ G 51.55]", "RIMELEV": 51.55}, "geometry": {"type": "Point", "coordinates": [-123.1207114641191, 49.25616024449371]}}, {"type": "Feature", "properties": {"OBJECTID": 12765571, "FACILITYID": "404936", "SERVSTATUS": "In Service", "EFLNTTYPE": "Sanitary", "UNITDESCR": "[ G 53.43]", "RIMELEV": 53.43}, "geometry": {"type": "Point", "coordinates": [-123.11902290700512, 49.25699653666176]}}, {"type": "Feature", "properties": {"OBJECTID": 12765573, "FACILITYID": "404941", "SERVSTATUS": "In Service", "EFLNTTYPE": "Sanitary", "UNITDESCR": "[ G 53.27]", "RIMELEV": 53.27}, "geometry": {"type": "Point", "coordinates": [-123.12008568875326, 49.25701796096584]}}, {"type": "Feature", "properties": {"OBJECTID": 12765574, "FACILITYID": "404932", "SERVSTATUS": "In Service", "EFLNTTYPE": "Sanitary", "UNITDESCR": "[ G 51.41]:", "RIMELEV": 51.41}, "geometry": {"type": "Point", "coordinates": [-123.12102844499844, 49.25703506664264]}}, {"type": "Feature", "properties": {"OBJECTID": 12765578, "FACILITYID": "416632", "SERVSTATUS": "In Service", "EFLNTTYPE": "Sanitary", "UNITDESCR": "[ G 50.62]", "RIMELEV": 50.62}, "geometry": {"type": "Point", "coordinates": [-123.12290990552924, 49.25527611633387]}}, {"type": "Feature", "properties": {"OBJECTID": 12765579, "FACILITYID": "416549", "SERVSTATUS": "In Service", "EFLNTTYPE": "Sanitary", "UNITDESCR": "[ G 52.17]", "RIMELEV": 52.17}, "geometry": {"type": "Point", "coordinates": [-123.12445685816967, 49.25530672616896]}}, {"type": "Feature", "properties": {"OBJECTID": 12765580, "FACILITYID": "416625", "SERVSTATUS": "In Service", "EFLNTTYPE": "Sanitary", "UNITDESCR": "[ G 49.91]", "RIMELEV": 49.91}, "geometry": {"type": "Point", "coordinates": [-123.12323635104809, 49.25620225821354]}}, {"type": "Feature", "properties": {"OBJECTID": 12765581, "FACILITYID": "416250", "SERVSTATUS": "In Service", "EFLNTTYPE": "Sanitary", "UNITDESCR": "[ G 51.93]: C/RAMP", "RIMELEV": 51.93}, "geometry": {"type": "Point", "coordinates": [-123.12441343835147, 49.25622220742659]}}, {"type": "Feature", "properties": {"OBJECTID": 12765582, "FACILITYID": "416249", "SERVSTATUS": "In Service", "EFLNTTYPE": "Sanitary", "UNITDESCR": "[ G 49.43]", "RIMELEV": 49.43}, "geometry": {"type": "Point", "coordinates": [-123.12319733728567, 49.257080772817325]}}, {"type": "Feature", "properties": {"OBJECTID": 12765586, "FACILITYID": "397511", "SERVSTATUS": "In Service", "EFLNTTYPE": "Sanitary", "UNITDESCR": "[ G 54.33]", "RIMELEV": 54.33}, "geometry": {"type": "Point", "coordinates": [-123.12549774312289, 49.25532860101801]}}, {"type": "Feature", "properties": {"OBJECTID": 12765587, "FACILITYID": "397513", "SERVSTATUS": "In Service", "EFLNTTYPE": "Sanitary", "UNITDESCR": "[ G 56.61]:", "RIMELEV": 56.61}, "geometry": {"type": "Point", "coordinates": [-123.12658465754924, 49.25534187060893]}}, {"type": "Feature", "properties": {"OBJECTID": 12765588, "FACILITYID": "397493", "SERVSTATUS": "In Service", "EFLNTTYPE": "Sanitary", "UNITDESCR": "[ G 52.8]: C/RAMP", "RIMELEV": 52.8}, "geometry": {"type": "Point", "coordinates": [-123.12578801189218, 49.25624930588951]}}, {"type": "Feature", "properties": {"OBJECTID": 12765589, "FACILITYID": "397495", "SERVSTATUS": "In Service", "EFLNTTYPE": "Sanitary", "UNITDESCR": "[ G 55.26]", "RIMELEV": 55.26}, "geometry": {"type": "Point", "coordinates": [-123.12697597393235, 49.25627010768238]}}, {"type": "Feature", "properties": {"OBJECTID": 12765597, "FACILITYID": "404855", "SERVSTATUS": "In Service", "EFLNTTYPE": "Sanitary", "UNITDESCR": "[ G 56.69]", "RIMELEV": 56.69}, "geometry": {"type": "Point", "coordinates": [-123.11850792963955, 49.25427243204931]}}, {"type": "Feature", "properties": {"OBJECTID": 12765598, "FACILITYID": "404929", "SERVSTATUS": "In Service", "EFLNTTYPE": "Sanitary", "UNITDESCR": "[ G 52.6]", "RIMELEV": 52.6}, "geometry": {"type": "Point", "coordinates": [-123.12016008918641, 49.25431621442764]}}, {"type": "Feature", "properties": {"OBJECTID": 12765599, "FACILITYID": "404849", "SERVSTATUS": "In Service", "EFLNTTYPE": "Sanitary", "UNITDESCR": "[ G 51.41]", "RIMELEV": 51.41}, "geometry": {"type": "Point", "coordinates": [-123.12118715097728, 49.25433670324954]}}, {"type": "Feature", "properties": {"OBJECTID": 12765721, "FACILITYID": "413230", "SERVSTATUS": "In Service", "EFLNTTYPE": "Sanitary", "UNITDESCR": "[ G 76.92]", "RIMELEV": 76.92}, "geometry": {"type": "Point", "coordinates": [-123.12822163700388, 49.24144273909142]}}, {"type": "Feature", "properties": {"OBJECTID": 12765722, "FACILITYID": "413229", "SERVSTATUS": "In Service", "EFLNTTYPE": "Sanitary", "UNITDESCR": "[ G 77.34]", "RIMELEV": 77.34}, "geometry": {"type": "Point", "coordinates": [-123.12853079644584, 49.241454332238256]}}, {"type": "Feature", "properties": {"OBJECTID": 12765843, "FACILITYID": "1460120", "SERVSTATUS": "In Service", "EFLNTTYPE": "Sanitary", "UNITDESCR": "[ G 70.52]", "RIMELEV": 70.52}, "geometry": {"type": "Point", "coordinates": [-123.12848431061903, 49.24352693232913]}}, {"type": "Feature", "properties": {"OBJECTID": 12765845, "FACILITYID": "1460130", "SERVSTATUS": "In Service", "EFLNTTYPE": "Storm", "UNITDESCR": "[ G 70.58]", "RIMELEV": 70.58}, "geometry": {"type": "Point", "coordinates": [-123.12847612287477, 49.243532509487515]}}, {"type": "Feature", "properties": {"OBJECTID": 12765846, "FACILITYID": "1460264", "SERVSTATUS": "In Service", "EFLNTTYPE": "Sanitary", "UNITDESCR": "[ G 70.34]", "RIMELEV": 70.34}, "geometry": {"type": "Point", "coordinates": [-123.12837901771272, 49.24358115574179]}}, {"type": "Feature", "properties": {"OBJECTID": 12766512, "FACILITYID": "423699", "SERVSTATUS": "In Service", "EFLNTTYPE": "Storm", "UNITDESCR": "[G 80.51]", "RIMELEV": 80.51}, "geometry": {"type": "Point", "coordinates": [-123.1039178826488, 49.24685054490315]}}, {"type": "Feature", "properties": {"OBJECTID": 12766513, "FACILITYID": "404440", "SERVSTATUS": "In Service", "EFLNTTYPE": "Storm", "UNITDESCR": "[G 80.45]", "RIMELEV": 80.45}, "geometry": {"type": "Point", "coordinates": [-123.10395574981357, 49.24603234940504]}}, {"type": "Feature", "properties": {"OBJECTID": 12766514, "FACILITYID": "404446", "SERVSTATUS": "In Service", "EFLNTTYPE": "Sanitary", "UNITDESCR": "[G 80.49]", "RIMELEV": 80.49}, "geometry": {"type": "Point", "coordinates": [-123.10390682348181, 49.246838168414804]}}, {"type": "Feature", "properties": {"OBJECTID": 12766515, "FACILITYID": "404445", "SERVSTATUS": "In Service", "EFLNTTYPE": "Sanitary", "UNITDESCR": "[G 80.45]", "RIMELEV": 80.45}, "geometry": {"type": "Point", "coordinates": [-123.10394073474939, 49.24604662036016]}}, {"type": "Feature", "properties": {"OBJECTID": 12766630, "FACILITYID": "417780", "SERVSTATUS": "In Service", "EFLNTTYPE": "Combined", "UNITDESCR": "[ G 69.10] ", "RIMELEV": 69.1}, "geometry": {"type": "Point", "coordinates": [-123.12686167008957, 49.24908698881178]}}, {"type": "Feature", "properties": {"OBJECTID": 12766683, "FACILITYID": "402245", "SERVSTATUS": "In Service", "EFLNTTYPE": "Storm", "UNITDESCR": "[G 74.69]", "RIMELEV": 74.69}, "geometry": {"type": "Point", "coordinates": [-123.10546582784671, 49.24338628245814]}}, {"type": "Feature", "properties": {"OBJECTID": 12766684, "FACILITYID": "402243", "SERVSTATUS": "In Service", "EFLNTTYPE": "Storm", "UNITDESCR": "[ G 73.92] ", "RIMELEV": 73.92}, "geometry": {"type": "Point", "coordinates": [-123.10611860530207, 49.24349978030258]}}, {"type": "Feature", "properties": {"OBJECTID": 12766685, "FACILITYID": "421089", "SERVSTATUS": "In Service", "EFLNTTYPE": "Storm", "UNITDESCR": "[ G 73.25] ", "RIMELEV": 73.25}, "geometry": {"type": "Point", "coordinates": [-123.10630903351057, 49.243694163227445]}}, {"type": "Feature", "properties": {"OBJECTID": 12766686, "FACILITYID": "402246", "SERVSTATUS": "In Service", "EFLNTTYPE": "Sanitary", "UNITDESCR": "[G 74.65]", "RIMELEV": 74.65}, "geometry": {"type": "Point", "coordinates": [-123.10547054986787, 49.24337140901896]}}, {"type": "Feature", "properties": {"OBJECTID": 12766687, "FACILITYID": "416683", "SERVSTATUS": "In Service", "EFLNTTYPE": "Sanitary", "UNITDESCR": "[ G 73.94] ", "RIMELEV": 73.94}, "geometry": {"type": "Point", "coordinates": [-123.10611722289278, 49.24348298746328]}}, {"type": "Feature", "properties": {"OBJECTID": 12766688, "FACILITYID": "421015", "SERVSTATUS": "In Service", "EFLNTTYPE": "Sanitary", "UNITDESCR": "[ G 73.28] ", "RIMELEV": 73.28}, "geometry": {"type": "Point", "coordinates": [-123.10632324011694, 49.24367514321695]}}, {"type": "Feature", "properties": {"OBJECTID": 12766689, "FACILITYID": "421014", "SERVSTATUS": "In Service", "EFLNTTYPE": "Storm", "UNITDESCR": "[ G 72.43] ", "RIMELEV": 72.43}, "geometry": {"type": "Point", "coordinates": [-123.10673128548417, 49.244074164501775]}}, {"type": "Feature", "properties": {"OBJECTID": 12766690, "FACILITYID": "421013", "SERVSTATUS": "In Service", "EFLNTTYPE": "Sanitary", "UNITDESCR": " ", "RIMELEV": 72.41}, "geometry": {"type": "Point", "coordinates": [-123.1067464607281, 49.24406474146349]}}, {"type": "Feature", "properties": {"OBJECTID": 12766691, "FACILITYID": "402318", "SERVSTATUS": "In Service", "EFLNTTYPE": "Storm", "UNITDESCR": "[ G 72.39] ", "RIMELEV": 72.39}, "geometry": {"type": "Point", "coordinates": [-123.10669184834397, 49.2442309789115]}}, {"type": "Feature", "properties": {"OBJECTID": 12766692, "FACILITYID": "402319", "SERVSTATUS": "In Service", "EFLNTTYPE": "Sanitary", "UNITDESCR": "[ G 72.35] ", "RIMELEV": 72.35}, "geometry": {"type": "Point", "coordinates": [-123.10672030160224, 49.244230646793625]}}, {"type": "Feature", "properties": {"OBJECTID": 12766693, "FACILITYID": "402137", "SERVSTATUS": "In Service", "EFLNTTYPE": "Storm", "UNITDESCR": "[ G 72.10]: 68.60 C/R", "RIMELEV": 72.1}, "geometry": {"type": "Point", "coordinates": [-123.1073859796319, 49.24484427866878]}}, {"type": "Feature", "properties": {"OBJECTID": 12766694, "FACILITYID": "422340", "SERVSTATUS": "In Service", "EFLNTTYPE": "Sanitary", "UNITDESCR": "[ G 72.11]68.61C/R", "RIMELEV": 72.11}, "geometry": {"type": "Point", "coordinates": [-123.1073924283387, 49.24482754153594]}}, {"type": "Feature", "properties": {"OBJECTID": 12766695, "FACILITYID": "422339", "SERVSTATUS": "In Service", "EFLNTTYPE": "Storm", "UNITDESCR": "[ G 70.53]", "RIMELEV": 70.53}, "geometry": {"type": "Point", "coordinates": [-123.10871221839625, 49.246021162232566]}}, {"type": "Feature", "properties": {"OBJECTID": 12766696, "FACILITYID": "422413", "SERVSTATUS": "In Service", "EFLNTTYPE": "Sanitary", "UNITDESCR": "[ G 70.56]", "RIMELEV": 70.56}, "geometry": {"type": "Point", "coordinates": [-123.10873938094163, 49.246008228509396]}}, {"type": "Feature", "properties": {"OBJECTID": 12766697, "FACILITYID": "410849", "SERVSTATUS": "In Service", "EFLNTTYPE": "Combined", "UNITDESCR": "[ G 70.17]", "RIMELEV": 70.17}, "geometry": {"type": "Point", "coordinates": [-123.10868868781213, 49.24614264701536]}}, {"type": "Feature", "properties": {"OBJECTID": 12766698, "FACILITYID": "404021", "SERVSTATUS": "In Service", "EFLNTTYPE": "Sanitary", "UNITDESCR": "[ G 76.96]", "RIMELEV": 76.96}, "geometry": {"type": "Point", "coordinates": [-123.1091230135684, 49.24283702792627]}}, {"type": "Feature", "properties": {"OBJECTID": 12766699, "FACILITYID": "404022", "SERVSTATUS": "In Service", "EFLNTTYPE": "Sanitary", "UNITDESCR": "[G 75.18]", "RIMELEV": 75.18}, "geometry": {"type": "Point", "coordinates": [-123.10899715723352, 49.24312660452311]}}, {"type": "Feature", "properties": {"OBJECTID": 12766700, "FACILITYID": "408720", "SERVSTATUS": "In Service", "EFLNTTYPE": "Sanitary", "UNITDESCR": "[ G 73.18]", "RIMELEV": 73.18}, "geometry": {"type": "Point", "coordinates": [-123.10805201527133, 49.2433725406345]}}, {"type": "Feature", "properties": {"OBJECTID": 12766701, "FACILITYID": "414595", "SERVSTATUS": "In Service", "EFLNTTYPE": "Sanitary", "UNITDESCR": "[ G 73.42]", "RIMELEV": 73.42}, "geometry": {"type": "Point", "coordinates": [-123.10797050673, 49.24323618605987]}}, {"type": "Feature", "properties": {"OBJECTID": 12766702, "FACILITYID": "396501", "SERVSTATUS": "In Service", "EFLNTTYPE": "Sanitary", "UNITDESCR": "[ G 73.30] ", "RIMELEV": 73.3}, "geometry": {"type": "Point", "coordinates": [-123.10637200479017, 49.243651719705845]}}, {"type": "Feature", "properties": {"OBJECTID": 12766703, "FACILITYID": "410092", "SERVSTATUS": "In Service", "EFLNTTYPE": "Storm", "UNITDESCR": "[G 73.17]", "RIMELEV": 73.17}, "geometry": {"type": "Point", "coordinates": [-123.1080469585594, 49.24338478788288]}}, {"type": "Feature", "properties": {"OBJECTID": 12766704, "FACILITYID": "421447", "SERVSTATUS": "In Service", "EFLNTTYPE": "Storm", "UNITDESCR": "[ G 73.40]", "RIMELEV": 73.4}, "geometry": {"type": "Point", "coordinates": [-123.10796149511783, 49.24324931853416]}}, {"type": "Feature", "properties": {"OBJECTID": 12766705, "FACILITYID": "398964", "SERVSTATUS": "In Service", "EFLNTTYPE": "Storm", "UNITDESCR": "[ G 73.10]", "RIMELEV": 73.1}, "geometry": {"type": "Point", "coordinates": [-123.10763542017548, 49.243334169030604]}}, {"type": "Feature", "properties": {"OBJECTID": 12766706, "FACILITYID": "418819", "SERVSTATUS": "In Service", "EFLNTTYPE": "Storm", "UNITDESCR": "[ G 73.29]", "RIMELEV": 73.29}, "geometry": {"type": "Point", "coordinates": [-123.10639476770032, 49.243650439411944]}}, {"type": "Feature", "properties": {"OBJECTID": 12766754, "FACILITYID": "411883", "SERVSTATUS": "In Service", "EFLNTTYPE": "Combined", "UNITDESCR": "[ G 52.29] ", "RIMELEV": 52.29}, "geometry": {"type": "Point", "coordinates": [-123.10843226803598, 49.256698335389565]}}, {"type": "Feature", "properties": {"OBJECTID": 12767036, "FACILITYID": "398965", "SERVSTATUS": "In Service", "EFLNTTYPE": "Combined", "UNITDESCR": "[G 56.5 calc]", "RIMELEV": 53.63}, "geometry": {"type": "Point", "coordinates": [-123.12458173029444, 49.25261292728394]}}, {"type": "Feature", "properties": {"OBJECTID": 12767106, "FACILITYID": "400706", "SERVSTATUS": "In Service", "EFLNTTYPE": "Combined", "UNITDESCR": "[ G 71.78]:", "RIMELEV": 71.78}, "geometry": {"type": "Point", "coordinates": [-123.12121791702903, 49.24613030647793]}}, {"type": "Feature", "properties": {"OBJECTID": 12767168, "FACILITYID": "419638", "SERVSTATUS": "In Service", "EFLNTTYPE": "Storm", "UNITDESCR": "[G 70.49]", "RIMELEV": 70.49}, "geometry": {"type": "Point", "coordinates": [-123.11845797450326, 49.24905650274889]}}, {"type": "Feature", "properties": {"OBJECTID": 12767174, "FACILITYID": "422038", "SERVSTATUS": "In Service", "EFLNTTYPE": "Storm", "UNITDESCR": "[ G 84.34]SUMP", "RIMELEV": 84.34}, "geometry": {"type": "Point", "coordinates": [-123.1144909545546, 49.24505564458772]}}, {"type": "Feature", "properties": {"OBJECTID": 12767175, "FACILITYID": "415048", "SERVSTATUS": "In Service", "EFLNTTYPE": "Combined", "UNITDESCR": "[ G 97.12] ", "RIMELEV": 97.12}, "geometry": {"type": "Point", "coordinates": [-123.11422131827258, 49.241910798394954]}}, {"type": "Feature", "properties": {"OBJECTID": 12767176, "FACILITYID": "415047", "SERVSTATUS": "In Service", "EFLNTTYPE": "Combined", "UNITDESCR": "[ G 97.12]SUMP", "RIMELEV": 97.12}, "geometry": {"type": "Point", "coordinates": [-123.11413863004925, 49.24193059768493]}}, {"type": "Feature", "properties": {"OBJECTID": 12767335, "FACILITYID": "421594", "SERVSTATUS": "In Service", "EFLNTTYPE": "Storm", "UNITDESCR": "[ G 53.83]SUMP", "RIMELEV": 53.83}, "geometry": {"type": "Point", "coordinates": [-123.1175054338299, 49.25688304110232]}}, {"type": "Feature", "properties": {"OBJECTID": 12767420, "FACILITYID": "417717", "SERVSTATUS": "In Service", "EFLNTTYPE": "Storm", "UNITDESCR": "[ G 58.01]", "RIMELEV": 58.01}, "geometry": {"type": "Point", "coordinates": [-123.11604055083257, 49.2542619474292]}}, {"type": "Feature", "properties": {"OBJECTID": 12767421, "FACILITYID": "417715", "SERVSTATUS": "In Service", "EFLNTTYPE": "Storm", "UNITDESCR": "[G 58.37]", "RIMELEV": 58.37}, "geometry": {"type": "Point", "coordinates": [-123.11526645303127, 49.25476549219622]}}, {"type": "Feature", "properties": {"OBJECTID": 12767422, "FACILITYID": "417716", "SERVSTATUS": "In Service", "EFLNTTYPE": "Sanitary", "UNITDESCR": "[ G 58.37]", "RIMELEV": 58.37}, "geometry": {"type": "Point", "coordinates": [-123.11528517939408, 49.25475778259861]}}, {"type": "Feature", "properties": {"OBJECTID": 12767423, "FACILITYID": "417713", "SERVSTATUS": "In Service", "EFLNTTYPE": "Sanitary", "UNITDESCR": "[ G 59.05]", "RIMELEV": 59.05}, "geometry": {"type": "Point", "coordinates": [-123.11532095179751, 49.25369660760713]}}, {"type": "Feature", "properties": {"OBJECTID": 12767424, "FACILITYID": "417714", "SERVSTATUS": "In Service", "EFLNTTYPE": "Storm", "UNITDESCR": "[G 59.07]", "RIMELEV": 59.07}, "geometry": {"type": "Point", "coordinates": [-123.11530894238855, 49.253685231642045]}}, {"type": "Feature", "properties": {"OBJECTID": 12767425, "FACILITYID": "417711", "SERVSTATUS": "In Service", "EFLNTTYPE": "Sanitary", "UNITDESCR": "[ G 58.85]", "RIMELEV": 58.85}, "geometry": {"type": "Point", "coordinates": [-123.11531714813108, 49.25403408514889]}}, {"type": "Feature", "properties": {"OBJECTID": 12767426, "FACILITYID": "417712", "SERVSTATUS": "In Service", "EFLNTTYPE": "Storm", "UNITDESCR": "[ G 58.93]", "RIMELEV": 58.93}, "geometry": {"type": "Point", "coordinates": [-123.1152910128813, 49.25404083066215]}}, {"type": "Feature", "properties": {"OBJECTID": 12767427, "FACILITYID": "417721", "SERVSTATUS": "In Service", "EFLNTTYPE": "Storm", "UNITDESCR": "[G 58.92]: (NO FLOW IN MH)", "RIMELEV": 58.92}, "geometry": {"type": "Point", "coordinates": [-123.11511794941123, 49.25397114633516]}}, {"type": "Feature", "properties": {"OBJECTID": 12767428, "FACILITYID": "417722", "SERVSTATUS": "In Service", "EFLNTTYPE": "Storm", "UNITDESCR": "[ G 59.97]", "RIMELEV": 59.97}, "geometry": {"type": "Point", "coordinates": [-123.11453082309382, 49.253958569831504]}}, {"type": "Feature", "properties": {"OBJECTID": 12767429, "FACILITYID": "417719", "SERVSTATUS": "In Service", "EFLNTTYPE": "Storm", "UNITDESCR": "[G 59.10]", "RIMELEV": 59.1}, "geometry": {"type": "Point", "coordinates": [-123.11513662491953, 49.25349854573526]}}, {"type": "Feature", "properties": {"OBJECTID": 12767430, "FACILITYID": "417720", "SERVSTATUS": "In Service", "EFLNTTYPE": "Storm", "UNITDESCR": "[G 60.03]: (SAN LID ON)", "RIMELEV": 60.03}, "geometry": {"type": "Point", "coordinates": [-123.11520119449624, 49.25215664586763]}}, {"type": "Feature", "properties": {"OBJECTID": 12767431, "FACILITYID": "417718", "SERVSTATUS": "In Service", "EFLNTTYPE": "Storm", "UNITDESCR": "[ G 60.00]:", "RIMELEV": 60}, "geometry": {"type": "Point", "coordinates": [-123.11446983116724, 49.253980101870766]}}, {"type": "Feature", "properties": {"OBJECTID": 12767432, "FACILITYID": "403005", "SERVSTATUS": "In Service", "EFLNTTYPE": "Storm", "UNITDESCR": "[G 61.07]: (BACKFALL IN MH)", "RIMELEV": 61.07}, "geometry": {"type": "Point", "coordinates": [-123.11277816913295, 49.253943679756226]}}, {"type": "Feature", "properties": {"OBJECTID": 12767433, "FACILITYID": "403006", "SERVSTATUS": "In Service", "EFLNTTYPE": "Combined", "UNITDESCR": "[ G 60.73]", "RIMELEV": 60.73}, "geometry": {"type": "Point", "coordinates": [-123.11265695235907, 49.25404672134197]}}, {"type": "Feature", "properties": {"OBJECTID": 12767434, "FACILITYID": "403000", "SERVSTATUS": "In Service", "EFLNTTYPE": "Storm", "UNITDESCR": "[ G 97.62]", "RIMELEV": 97.62}, "geometry": {"type": "Point", "coordinates": [-123.11812378778806, 49.24106088972287]}}, {"type": "Feature", "properties": {"OBJECTID": 12767435, "FACILITYID": "403002", "SERVSTATUS": "In Service", "EFLNTTYPE": "Sanitary", "UNITDESCR": "[ G 97.73] ", "RIMELEV": 97.73}, "geometry": {"type": "Point", "coordinates": [-123.11809493523134, 49.24107157858188]}}, {"type": "Feature", "properties": {"OBJECTID": 12767436, "FACILITYID": "403001", "SERVSTATUS": "In Service", "EFLNTTYPE": "Combined", "UNITDESCR": "[ G 96.84]", "RIMELEV": 96.84}, "geometry": {"type": "Point", "coordinates": [-123.118378217432, 49.24106459619995]}}, {"type": "Feature", "properties": {"OBJECTID": 12767533, "FACILITYID": "422201", "SERVSTATUS": "In Service", "EFLNTTYPE": "Storm", "UNITDESCR": "[ G 64.11] ", "RIMELEV": 64.11}, "geometry": {"type": "Point", "coordinates": [-123.11553121244172, 49.25010886789384]}}, {"type": "Feature", "properties": {"OBJECTID": 12767536, "FACILITYID": "405425", "SERVSTATUS": "In Service", "EFLNTTYPE": "Combined", "UNITDESCR": "[ G 63.00]", "RIMELEV": 63}, "geometry": {"type": "Point", "coordinates": [-123.11606105205975, 49.25005246749297]}}, {"type": "Feature", "properties": {"OBJECTID": 12767537, "FACILITYID": "405366", "SERVSTATUS": "In Service", "EFLNTTYPE": "Storm", "UNITDESCR": "[ G 45.70]SUMP", "RIMELEV": 45.7}, "geometry": {"type": "Point", "coordinates": [-123.11605473987413, 49.249598889441955]}}, {"type": "Feature", "properties": {"OBJECTID": 12767545, "FACILITYID": "425560", "SERVSTATUS": "In Service", "EFLNTTYPE": "Storm", "UNITDESCR": " ", "RIMELEV": 69.37}, "geometry": {"type": "Point", "coordinates": [-123.11563246391971, 49.247247230964746]}}, {"type": "Feature", "properties": {"OBJECTID": 12767546, "FACILITYID": "425561", "SERVSTATUS": "In Service", "EFLNTTYPE": "Storm", "UNITDESCR": " ", "RIMELEV": 69.64}, "geometry": {"type": "Point", "coordinates": [-123.11538130382722, 49.247227332748174]}}, {"type": "Feature", "properties": {"OBJECTID": 12767547, "FACILITYID": "425562", "SERVSTATUS": "In Service", "EFLNTTYPE": "Storm", "UNITDESCR": "[ G 76.31]", "RIMELEV": 76.31}, "geometry": {"type": "Point", "coordinates": [-123.1153741260094, 49.247030371308526]}}, {"type": "Feature", "properties": {"OBJECTID": 12767548, "FACILITYID": "425563", "SERVSTATUS": "In Service", "EFLNTTYPE": "Storm", "UNITDESCR": " ", "RIMELEV": 68.86}, "geometry": {"type": "Point", "coordinates": [-123.11562712189742, 49.247119009271834]}}, {"type": "Feature", "properties": {"OBJECTID": 12767549, "FACILITYID": "425564", "SERVSTATUS": "In Service", "EFLNTTYPE": "Storm", "UNITDESCR": "[ G 73.83] ", "RIMELEV": 73.83}, "geometry": {"type": "Point", "coordinates": [-123.11534841931865, 49.24795088806441]}}, {"type": "Feature", "properties": {"OBJECTID": 12767628, "FACILITYID": "414629", "SERVSTATUS": "In Service", "EFLNTTYPE": "Storm", "UNITDESCR": "[ G 92.94]", "RIMELEV": 92.94}, "geometry": {"type": "Point", "coordinates": [-123.11835069331134, 49.24203937574858]}}, {"type": "Feature", "properties": {"OBJECTID": 12767629, "FACILITYID": "414702", "SERVSTATUS": "In Service", "EFLNTTYPE": "Storm", "UNITDESCR": "[ G 90.35]", "RIMELEV": 90.35}, "geometry": {"type": "Point", "coordinates": [-123.11788486710532, 49.24289770106352]}}, {"type": "Feature", "properties": {"OBJECTID": 12767630, "FACILITYID": "414705", "SERVSTATUS": "In Service", "EFLNTTYPE": "Storm", "UNITDESCR": "[ G 89.88]", "RIMELEV": 89.88}, "geometry": {"type": "Point", "coordinates": [-123.11786803566709, 49.24295487398716]}}, {"type": "Feature", "properties": {"OBJECTID": 12767631, "FACILITYID": "414706", "SERVSTATUS": "In Service", "EFLNTTYPE": "Storm", "UNITDESCR": "[ G 89.89]", "RIMELEV": 89.89}, "geometry": {"type": "Point", "coordinates": [-123.11786188811375, 49.24296378554579]}}, {"type": "Feature", "properties": {"OBJECTID": 12767632, "FACILITYID": "414703", "SERVSTATUS": "In Service", "EFLNTTYPE": "Storm", "UNITDESCR": "[ G 89.77]", "RIMELEV": 89.77}, "geometry": {"type": "Point", "coordinates": [-123.11802230100784, 49.24315301654242]}}, {"type": "Feature", "properties": {"OBJECTID": 12767633, "FACILITYID": "414704", "SERVSTATUS": "In Service", "EFLNTTYPE": "Storm", "UNITDESCR": "[G 92.28]", "RIMELEV": 92.28}, "geometry": {"type": "Point", "coordinates": [-123.11728585386099, 49.24362937177503]}}, {"type": "Feature", "properties": {"OBJECTID": 12767634, "FACILITYID": "414707", "SERVSTATUS": "In Service", "EFLNTTYPE": "Storm", "UNITDESCR": "[ G 92.05]:", "RIMELEV": 92.05}, "geometry": {"type": "Point", "coordinates": [-123.11655281457573, 49.24390181478771]}}, {"type": "Feature", "properties": {"OBJECTID": 12767635, "FACILITYID": "414708", "SERVSTATUS": "In Service", "EFLNTTYPE": "Storm", "UNITDESCR": "[ G 87.83]", "RIMELEV": 87.83}, "geometry": {"type": "Point", "coordinates": [-123.11563207190613, 49.24449629073322]}}, {"type": "Feature", "properties": {"OBJECTID": 12767689, "FACILITYID": "396658", "SERVSTATUS": "In Service", "EFLNTTYPE": "Combined", "UNITDESCR": "[ G 58.56] ", "RIMELEV": 58.56}, "geometry": {"type": "Point", "coordinates": [-123.10403574776825, 49.254209092022194]}}, {"type": "Feature", "properties": {"OBJECTID": 12767773, "FACILITYID": "421092", "SERVSTATUS": "In Service", "EFLNTTYPE": "Sanitary", "UNITDESCR": "[ G 70.56]", "RIMELEV": 70.56}, "geometry": {"type": "Point", "coordinates": [-123.12443112082633, 49.248112426225795]}}, {"type": "Feature", "properties": {"OBJECTID": 12767934, "FACILITYID": "410833", "SERVSTATUS": "In Service", "EFLNTTYPE": "Storm", "UNITDESCR": "[ G 77.03]:", "RIMELEV": 77.03}, "geometry": {"type": "Point", "coordinates": [-123.12777468429725, 49.2412301190054]}}, {"type": "Feature", "properties": {"OBJECTID": 12767935, "FACILITYID": "410910", "SERVSTATUS": "In Service", "EFLNTTYPE": "Sanitary", "UNITDESCR": "[ G 77.03]:", "RIMELEV": 77.03}, "geometry": {"type": "Point", "coordinates": [-123.12777983110492, 49.24122814335483]}}, {"type": "Feature", "properties": {"OBJECTID": 12767936, "FACILITYID": "400392", "SERVSTATUS": "In Service", "EFLNTTYPE": "Storm", "UNITDESCR": "[ G 76.96]:", "RIMELEV": 76.96}, "geometry": {"type": "Point", "coordinates": [-123.12773905550924, 49.24124412801676]}}, {"type": "Feature", "properties": {"OBJECTID": 12767984, "FACILITYID": "424180", "SERVSTATUS": "In Service", "EFLNTTYPE": "Storm", "UNITDESCR": "[ G 64.36]:", "RIMELEV": 64.36}, "geometry": {"type": "Point", "coordinates": [-123.12631276473999, 49.24711174263769]}}, {"type": "Feature", "properties": {"OBJECTID": 12768629, "FACILITYID": "396994", "SERVSTATUS": "In Service", "EFLNTTYPE": "Storm", "UNITDESCR": "[ G 84.93] ", "RIMELEV": 84.93}, "geometry": {"type": "Point", "coordinates": [-123.11433450150473, 49.24490019993533]}}, {"type": "Feature", "properties": {"OBJECTID": 12768792, "FACILITYID": "419643", "SERVSTATUS": "In Service", "EFLNTTYPE": "Storm", "UNITDESCR": "[G 53.68]", "RIMELEV": 53.68}, "geometry": {"type": "Point", "coordinates": [-123.1181306596141, 49.256888421341806]}}, {"type": "Feature", "properties": {"OBJECTID": 12768793, "FACILITYID": "419642", "SERVSTATUS": "In Service", "EFLNTTYPE": "Storm", "UNITDESCR": "[G 53.58]", "RIMELEV": 53.58}, "geometry": {"type": "Point", "coordinates": [-123.11801097704351, 49.256930074566206]}}, {"type": "Feature", "properties": {"OBJECTID": 12768794, "FACILITYID": "419641", "SERVSTATUS": "In Service", "EFLNTTYPE": "Sanitary", "UNITDESCR": "[ G 53.92]", "RIMELEV": 53.92}, "geometry": {"type": "Point", "coordinates": [-123.11666794249521, 49.25694970782046]}}, {"type": "Feature", "properties": {"OBJECTID": 12769393, "FACILITYID": "419640", "SERVSTATUS": "In Service", "EFLNTTYPE": "Storm", "UNITDESCR": "[G 54.12]", "RIMELEV": 54.12}, "geometry": {"type": "Point", "coordinates": [-123.11595659327692, 49.256881133773966]}}, {"type": "Feature", "properties": {"OBJECTID": 12769394, "FACILITYID": "419639", "SERVSTATUS": "In Service", "EFLNTTYPE": "Sanitary", "UNITDESCR": "[G 54.08]", "RIMELEV": 54.08}, "geometry": {"type": "Point", "coordinates": [-123.1157964823698, 49.25693654297784]}}, {"type": "Feature", "properties": {"OBJECTID": 12769395, "FACILITYID": "419721", "SERVSTATUS": "In Service", "EFLNTTYPE": "Storm", "UNITDESCR": "[G 54.24]", "RIMELEV": 54.24}, "geometry": {"type": "Point", "coordinates": [-123.11527727631993, 49.25689344436744]}}, {"type": "Feature", "properties": {"OBJECTID": 12769396, "FACILITYID": "419720", "SERVSTATUS": "In Service", "EFLNTTYPE": "Sanitary", "UNITDESCR": "[ G 70.44]", "RIMELEV": 70.44}, "geometry": {"type": "Point", "coordinates": [-123.1184509402844, 49.24910285338423]}}, {"type": "Feature", "properties": {"OBJECTID": 12769397, "FACILITYID": "419719", "SERVSTATUS": "In Service", "EFLNTTYPE": "Storm", "UNITDESCR": "[G 70.35]", "RIMELEV": 70.35}, "geometry": {"type": "Point", "coordinates": [-123.11842610841222, 49.249096015480205]}}, {"type": "Feature", "properties": {"OBJECTID": 12769398, "FACILITYID": "410779", "SERVSTATUS": "In Service", "EFLNTTYPE": "Storm", "UNITDESCR": "[ G 70.78]", "RIMELEV": 70.78}, "geometry": {"type": "Point", "coordinates": [-123.11851431796343, 49.248944643254404]}}, {"type": "Feature", "properties": {"OBJECTID": 12769399, "FACILITYID": "410780", "SERVSTATUS": "In Service", "EFLNTTYPE": "Sanitary", "UNITDESCR": "[ G 70.60]", "RIMELEV": 70.6}, "geometry": {"type": "Point", "coordinates": [-123.11845049728745, 49.24895213876385]}}, {"type": "Feature", "properties": {"OBJECTID": 12769400, "FACILITYID": "410777", "SERVSTATUS": "In Service", "EFLNTTYPE": "Storm", "UNITDESCR": "[G 70.56]", "RIMELEV": 70.56}, "geometry": {"type": "Point", "coordinates": [-123.11843293485238, 49.24896278913004]}}, {"type": "Feature", "properties": {"OBJECTID": 12769401, "FACILITYID": "410778", "SERVSTATUS": "In Service", "EFLNTTYPE": "Sanitary", "UNITDESCR": "[ G 70.33]", "RIMELEV": 70.33}, "geometry": {"type": "Point", "coordinates": [-123.11844879506612, 49.24919404922094]}}, {"type": "Feature", "properties": {"OBJECTID": 12769402, "FACILITYID": "410782", "SERVSTATUS": "In Service", "EFLNTTYPE": "Storm", "UNITDESCR": "[G 70.18]", "RIMELEV": 70.18}, "geometry": {"type": "Point", "coordinates": [-123.11842223170483, 49.24920439397967]}}, {"type": "Feature", "properties": {"OBJECTID": 12769406, "FACILITYID": "410776", "SERVSTATUS": "In Service", "EFLNTTYPE": "Sanitary", "UNITDESCR": "[G 61.96]", "RIMELEV": 61.96}, "geometry": {"type": "Point", "coordinates": [-123.1184181527152, 49.25006125667107]}}, {"type": "Feature", "properties": {"OBJECTID": 12769407, "FACILITYID": "410114", "SERVSTATUS": "In Service", "EFLNTTYPE": "Storm", "UNITDESCR": "[ G 61.91]", "RIMELEV": 61.91}, "geometry": {"type": "Point", "coordinates": [-123.11840294075041, 49.25007814730968]}}, {"type": "Feature", "properties": {"OBJECTID": 12769408, "FACILITYID": "410112", "SERVSTATUS": "In Service", "EFLNTTYPE": "Storm", "UNITDESCR": "[ G 61.51]", "RIMELEV": 61.51}, "geometry": {"type": "Point", "coordinates": [-123.11839457363287, 49.25013605816729]}}, {"type": "Feature", "properties": {"OBJECTID": 12769411, "FACILITYID": "410190", "SERVSTATUS": "In Service", "EFLNTTYPE": "Storm", "UNITDESCR": "[ G 56.86]", "RIMELEV": 56.86}, "geometry": {"type": "Point", "coordinates": [-123.11833765155691, 49.2515817393972]}}, {"type": "Feature", "properties": {"OBJECTID": 12769412, "FACILITYID": "410187", "SERVSTATUS": "In Service", "EFLNTTYPE": "Storm", "UNITDESCR": "[ G 56.43]", "RIMELEV": 56.43}, "geometry": {"type": "Point", "coordinates": [-123.11832368544427, 49.25200513197621]}}, {"type": "Feature", "properties": {"OBJECTID": 12769413, "FACILITYID": "410188", "SERVSTATUS": "In Service", "EFLNTTYPE": "Sanitary", "UNITDESCR": "[ G 56.40]", "RIMELEV": 56.4}, "geometry": {"type": "Point", "coordinates": [-123.11832986494952, 49.252480595235625]}}, {"type": "Feature", "properties": {"OBJECTID": 12769414, "FACILITYID": "410109", "SERVSTATUS": "In Service", "EFLNTTYPE": "Storm", "UNITDESCR": "[ G 56.41]", "RIMELEV": 56.41}, "geometry": {"type": "Point", "coordinates": [-123.11830898286651, 49.25249420840478]}}, {"type": "Feature", "properties": {"OBJECTID": 12769415, "FACILITYID": "410107", "SERVSTATUS": "In Service", "EFLNTTYPE": "Sanitary", "UNITDESCR": "[ G 56.50]", "RIMELEV": 56.5}, "geometry": {"type": "Point", "coordinates": [-123.11832187769285, 49.252795391283165]}}, {"type": "Feature", "properties": {"OBJECTID": 12769416, "FACILITYID": "396682", "SERVSTATUS": "In Service", "EFLNTTYPE": "Sanitary", "UNITDESCR": "[ G 56.85]", "RIMELEV": 56.85}, "geometry": {"type": "Point", "coordinates": [-123.11830241415414, 49.253385434902334]}}, {"type": "Feature", "properties": {"OBJECTID": 12769417, "FACILITYID": "410111", "SERVSTATUS": "In Service", "EFLNTTYPE": "Storm", "UNITDESCR": "[G 56.87]", "RIMELEV": 56.87}, "geometry": {"type": "Point", "coordinates": [-123.11828952092954, 49.253401252710184]}}, {"type": "Feature", "properties": {"OBJECTID": 12769433, "FACILITYID": "404987", "SERVSTATUS": "In Service", "EFLNTTYPE": "Storm", "UNITDESCR": "[ G 68.26]", "RIMELEV": 68.26}, "geometry": {"type": "Point", "coordinates": [-123.1165145048948, 49.24893325646987]}}, {"type": "Feature", "properties": {"OBJECTID": 12769434, "FACILITYID": "404988", "SERVSTATUS": "In Service", "EFLNTTYPE": "Sanitary", "UNITDESCR": "[ G 68.27]", "RIMELEV": 68.27}, "geometry": {"type": "Point", "coordinates": [-123.11649843180153, 49.248923000125814]}}, {"type": "Feature", "properties": {"OBJECTID": 12769435, "FACILITYID": "404984", "SERVSTATUS": "In Service", "EFLNTTYPE": "Storm", "UNITDESCR": "[ G 58.29]", "RIMELEV": 58.29}, "geometry": {"type": "Point", "coordinates": [-123.1183690832954, 49.250698897684906]}}, {"type": "Feature", "properties": {"OBJECTID": 12769436, "FACILITYID": "404985", "SERVSTATUS": "In Service", "EFLNTTYPE": "Storm", "UNITDESCR": "[ G 86.86]:", "RIMELEV": 86.86}, "geometry": {"type": "Point", "coordinates": [-123.11584763021314, 49.24456768586427]}}, {"type": "Feature", "properties": {"OBJECTID": 12769437, "FACILITYID": "404597", "SERVSTATUS": "In Service", "EFLNTTYPE": "Storm", "UNITDESCR": "[G 83.99]", "RIMELEV": 83.99}, "geometry": {"type": "Point", "coordinates": [-123.11545840273573, 49.24521342972066]}}, {"type": "Feature", "properties": {"OBJECTID": 12769438, "FACILITYID": "404598", "SERVSTATUS": "In Service", "EFLNTTYPE": "Storm", "UNITDESCR": "[G 83.96]", "RIMELEV": 83.96}, "geometry": {"type": "Point", "coordinates": [-123.11525454113986, 49.245209828288885]}}, {"type": "Feature", "properties": {"OBJECTID": 12769439, "FACILITYID": "404599", "SERVSTATUS": "In Service", "EFLNTTYPE": "Sanitary", "UNITDESCR": "[G 57.31]", "RIMELEV": 57.31}, "geometry": {"type": "Point", "coordinates": [-123.11827431633867, 49.25429020312046]}}, {"type": "Feature", "properties": {"OBJECTID": 12769440, "FACILITYID": "404600", "SERVSTATUS": "In Service", "EFLNTTYPE": "Storm", "UNITDESCR": "[G 57.31]", "RIMELEV": 57.31}, "geometry": {"type": "Point", "coordinates": [-123.11825669714511, 49.25430666442067]}}, {"type": "Feature", "properties": {"OBJECTID": 12769441, "FACILITYID": "404601", "SERVSTATUS": "In Service", "EFLNTTYPE": "Sanitary", "UNITDESCR": "[G 57.05]", "RIMELEV": 57.05}, "geometry": {"type": "Point", "coordinates": [-123.11825104715692, 49.255082463028316]}}, {"type": "Feature", "properties": {"OBJECTID": 12769442, "FACILITYID": "404602", "SERVSTATUS": "In Service", "EFLNTTYPE": "Storm", "UNITDESCR": "[G 57.09]", "RIMELEV": 57.09}, "geometry": {"type": "Point", "coordinates": [-123.11822618421081, 49.25508112119905]}}, {"type": "Feature", "properties": {"OBJECTID": 12769443, "FACILITYID": "404603", "SERVSTATUS": "In Service", "EFLNTTYPE": "Storm", "UNITDESCR": "[G 57.22]", "RIMELEV": 57.22}, "geometry": {"type": "Point", "coordinates": [-123.11820379727983, 49.255207401015156]}}, {"type": "Feature", "properties": {"OBJECTID": 12769444, "FACILITYID": "404517", "SERVSTATUS": "In Service", "EFLNTTYPE": "Sanitary", "UNITDESCR": "[G 57.15]", "RIMELEV": 57.15}, "geometry": {"type": "Point", "coordinates": [-123.11822027136493, 49.25522344062754]}}, {"type": "Feature", "properties": {"OBJECTID": 12769447, "FACILITYID": "404592", "SERVSTATUS": "In Service", "EFLNTTYPE": "Sanitary", "UNITDESCR": "[ G 56.65]", "RIMELEV": 56.65}, "geometry": {"type": "Point", "coordinates": [-123.11819188689037, 49.255508447226944]}}, {"type": "Feature", "properties": {"OBJECTID": 12769449, "FACILITYID": "404594", "SERVSTATUS": "In Service", "EFLNTTYPE": "Storm", "UNITDESCR": "[G 55.62]", "RIMELEV": 55.62}, "geometry": {"type": "Point", "coordinates": [-123.11816388083888, 49.25598666172714]}}, {"type": "Feature", "properties": {"OBJECTID": 12769692, "FACILITYID": "417753", "SERVSTATUS": "In Service", "EFLNTTYPE": "Combined", "UNITDESCR": "[ G 56.64] ", "RIMELEV": 56.64}, "geometry": {"type": "Point", "coordinates": [-123.11843006731638, 49.25159557830759]}}, {"type": "Feature", "properties": {"OBJECTID": 12769703, "FACILITYID": "412497", "SERVSTATUS": "In Service", "EFLNTTYPE": "Sanitary", "UNITDESCR": "[ G 56.92]LID PAVED OVER", "RIMELEV": 56.92}, "geometry": {"type": "Point", "coordinates": [-123.11827756571786, 49.253907462101125]}}, {"type": "Feature", "properties": {"OBJECTID": 12769704, "FACILITYID": "425325", "SERVSTATUS": "In Service", "EFLNTTYPE": "Storm", "UNITDESCR": "[ G 68.30] ", "RIMELEV": 68.296}, "geometry": {"type": "Point", "coordinates": [-123.11651473617616, 49.24914832318217]}}, {"type": "Feature", "properties": {"OBJECTID": 12769717, "FACILITYID": "413995", "SERVSTATUS": "In Service", "EFLNTTYPE": "Storm", "UNITDESCR": "[ G 54.43] ", "RIMELEV": 54.43}, "geometry": {"type": "Point", "coordinates": [-123.11516292656965, 49.256918682043796]}}, {"type": "Feature", "properties": {"OBJECTID": 12769726, "FACILITYID": "415788", "SERVSTATUS": "In Service", "EFLNTTYPE": "Sanitary", "UNITDESCR": "[ G 57.30] ", "RIMELEV": 57.3}, "geometry": {"type": "Point", "coordinates": [-123.11825134265696, 49.25474018558906]}}, {"type": "Feature", "properties": {"OBJECTID": 12769737, "FACILITYID": "399824", "SERVSTATUS": "In Service", "EFLNTTYPE": "Sanitary", "UNITDESCR": "[ G 56.42]MANHOLE BURIED", "RIMELEV": 56.42}, "geometry": {"type": "Point", "coordinates": [-123.11834701028756, 49.25200750981121]}}, {"type": "Feature", "properties": {"OBJECTID": 12769768, "FACILITYID": "400523", "SERVSTATUS": "In Service", "EFLNTTYPE": "Storm", "UNITDESCR": "[ G 56.18]G 56.24", "RIMELEV": 56.18}, "geometry": {"type": "Point", "coordinates": [-123.10980333253453, 49.25601510405557]}}, {"type": "Feature", "properties": {"OBJECTID": 12769769, "FACILITYID": "400524", "SERVSTATUS": "In Service", "EFLNTTYPE": "Sanitary", "UNITDESCR": "[ G 56.15] G 56.25", "RIMELEV": 56.15}, "geometry": {"type": "Point", "coordinates": [-123.10981159110985, 49.25601479936443]}}, {"type": "Feature", "properties": {"OBJECTID": 12769779, "FACILITYID": "402720", "SERVSTATUS": "In Service", "EFLNTTYPE": "Storm", "UNITDESCR": "[ G 65.27] ", "RIMELEV": 65.27}, "geometry": {"type": "Point", "coordinates": [-123.12694989491342, 49.25263326926404]}}, {"type": "Feature", "properties": {"OBJECTID": 12769780, "FACILITYID": "402721", "SERVSTATUS": "In Service", "EFLNTTYPE": "Sanitary", "UNITDESCR": "[ G 65.27] ", "RIMELEV": 65.27}, "geometry": {"type": "Point", "coordinates": [-123.12694977133776, 49.25263866653453]}}, {"type": "Feature", "properties": {"OBJECTID": 12770066, "FACILITYID": "413739", "SERVSTATUS": "In Service", "EFLNTTYPE": "Combined", "UNITDESCR": "[ G 56.77] ", "RIMELEV": 56.77}, "geometry": {"type": "Point", "coordinates": [-123.11534302519438, 49.25589822877698]}}, {"type": "Feature", "properties": {"OBJECTID": 12770312, "FACILITYID": "1363885", "SERVSTATUS": "In Service", "EFLNTTYPE": "Storm", "UNITDESCR": "[ G 77.92]", "RIMELEV": 77.92}, "geometry": {"type": "Point", "coordinates": [-123.11849591653747, 49.247737736027496]}}, {"type": "Feature", "properties": {"OBJECTID": 12770313, "FACILITYID": "1363873", "SERVSTATUS": "In Service", "EFLNTTYPE": "Sanitary", "UNITDESCR": "[ G 77.89]", "RIMELEV": 77.887}, "geometry": {"type": "Point", "coordinates": [-123.11848810056837, 49.24773866155729]}}, {"type": "Feature", "properties": {"OBJECTID": 12770316, "FACILITYID": "401457", "SERVSTATUS": "In Service", "EFLNTTYPE": "Combined", "UNITDESCR": "[ G 64.90]SEALED & FILLED IN", "RIMELEV": 64.9}, "geometry": {"type": "Point", "coordinates": [-123.1040555900153, 49.253260528020206]}}, {"type": "Feature", "properties": {"OBJECTID": 12770349, "FACILITYID": "412248", "SERVSTATUS": "In Service", "EFLNTTYPE": "Combined", "UNITDESCR": "[ G 49.59]:", "RIMELEV": 49.59}, "geometry": {"type": "Point", "coordinates": [-123.12204533022488, 49.25709104463328]}}, {"type": "Feature", "properties": {"OBJECTID": 12770785, "FACILITYID": "410014", "SERVSTATUS": "In Service", "EFLNTTYPE": "Sanitary", "UNITDESCR": "[ G 77.96]:", "RIMELEV": 77.96}, "geometry": {"type": "Point", "coordinates": [-123.12469628133107, 49.24128642869736]}}, {"type": "Feature", "properties": {"OBJECTID": 12770786, "FACILITYID": "410003", "SERVSTATUS": "In Service", "EFLNTTYPE": "Sanitary", "UNITDESCR": "[ G 77.76]", "RIMELEV": 77.76}, "geometry": {"type": "Point", "coordinates": [-123.1249718046133, 49.24131329661353]}}, {"type": "Feature", "properties": {"OBJECTID": 12770787, "FACILITYID": "410007", "SERVSTATUS": "In Service", "EFLNTTYPE": "Sanitary", "UNITDESCR": "[ G 81.06]", "RIMELEV": 81.06}, "geometry": {"type": "Point", "coordinates": [-123.12353882685464, 49.24124010535955]}}, {"type": "Feature", "properties": {"OBJECTID": 12770788, "FACILITYID": "410006", "SERVSTATUS": "In Service", "EFLNTTYPE": "Sanitary", "UNITDESCR": "[ G 88.08]PRIVATE M.H.'S", "RIMELEV": 88.08}, "geometry": {"type": "Point", "coordinates": [-123.12282452635436, 49.24111306257477]}}, {"type": "Feature", "properties": {"OBJECTID": 12770940, "FACILITYID": "409922", "SERVSTATUS": "In Service", "EFLNTTYPE": "Sanitary", "UNITDESCR": "[ G 86.54]", "RIMELEV": 86.54}, "geometry": {"type": "Point", "coordinates": [-123.1228214874672, 49.241217230710994]}}, {"type": "Feature", "properties": {"OBJECTID": 12771061, "FACILITYID": "410480", "SERVSTATUS": "In Service", "EFLNTTYPE": "Sanitary", "UNITDESCR": "[ G 56.79]:", "RIMELEV": 56.79}, "geometry": {"type": "Point", "coordinates": [-123.12867539577492, 49.257041897257146]}}, {"type": "Feature", "properties": {"OBJECTID": 12771236, "FACILITYID": "400317", "SERVSTATUS": "In Service", "EFLNTTYPE": "Sanitary", "UNITDESCR": "[ G 74.34]", "RIMELEV": 74.34}, "geometry": {"type": "Point", "coordinates": [-123.11798047747826, 49.248002048700926]}}, {"type": "Feature", "properties": {"OBJECTID": 12771237, "FACILITYID": "420571", "SERVSTATUS": "In Service", "EFLNTTYPE": "Sanitary", "UNITDESCR": "[ G 74.34]", "RIMELEV": 74.34}, "geometry": {"type": "Point", "coordinates": [-123.12068125217918, 49.24805148545996]}}, {"type": "Feature", "properties": {"OBJECTID": 12771238, "FACILITYID": "420599", "SERVSTATUS": "In Service", "EFLNTTYPE": "Sanitary", "UNITDESCR": "[ G 71.17]", "RIMELEV": 71.17}, "geometry": {"type": "Point", "coordinates": [-123.12128834359076, 49.24805853164893]}}, {"type": "Feature", "properties": {"OBJECTID": 12771240, "FACILITYID": "400555", "SERVSTATUS": "In Service", "EFLNTTYPE": "Sanitary", "UNITDESCR": "[ G 69.4]", "RIMELEV": 69.4}, "geometry": {"type": "Point", "coordinates": [-123.12614431261142, 49.24813682546643]}}, {"type": "Feature", "properties": {"OBJECTID": 12771241, "FACILITYID": "420684", "SERVSTATUS": "In Service", "EFLNTTYPE": "Sanitary", "UNITDESCR": "[ G 76.11]", "RIMELEV": 76.11}, "geometry": {"type": "Point", "coordinates": [-123.1184681521708, 49.24800958240791]}}, {"type": "Feature", "properties": {"OBJECTID": 12771450, "FACILITYID": "400963", "SERVSTATUS": "In Service", "EFLNTTYPE": "Sanitary", "UNITDESCR": "[G 54.62]", "RIMELEV": 54.62}, "geometry": {"type": "Point", "coordinates": [-123.12730133228895, 49.2570299355521]}}, {"type": "Feature", "properties": {"OBJECTID": 12771451, "FACILITYID": "403842", "SERVSTATUS": "In Service", "EFLNTTYPE": "Storm", "UNITDESCR": "[G 54.65]", "RIMELEV": 54.65}, "geometry": {"type": "Point", "coordinates": [-123.1272833608416, 49.25701550903221]}}, {"type": "Feature", "properties": {"OBJECTID": 12771855, "FACILITYID": "1544389", "SERVSTATUS": "In Service", "EFLNTTYPE": "Storm", "UNITDESCR": "[ G 60.92]", "RIMELEV": 60.918}, "geometry": {"type": "Point", "coordinates": [-123.1042028239261, 49.25373939989652]}}, {"type": "Feature", "properties": {"OBJECTID": 12771889, "FACILITYID": "1534762", "SERVSTATUS": "In Service", "EFLNTTYPE": "Sanitary", "UNITDESCR": "[ G 61.05]", "RIMELEV": 61.048}, "geometry": {"type": "Point", "coordinates": [-123.10422534359729, 49.25374437193187]}}, {"type": "Feature", "properties": {"OBJECTID": 12771929, "FACILITYID": "1538167", "SERVSTATUS": "In Service", "EFLNTTYPE": "Sanitary", "UNITDESCR": "[ G 67.89]", "RIMELEV": 67.886}, "geometry": {"type": "Point", "coordinates": [-123.12694715894322, 49.24630348220082]}}, {"type": "Feature", "properties": {"OBJECTID": 12771930, "FACILITYID": "1538169", "SERVSTATUS": "In Service", "EFLNTTYPE": "Sanitary", "UNITDESCR": "[ G 67.80]:", "RIMELEV": 67.8}, "geometry": {"type": "Point", "coordinates": [-123.12734261166712, 49.24631152950412]}}, {"type": "Feature", "properties": {"OBJECTID": 12772041, "FACILITYID": "1556429", "SERVSTATUS": "In Service", "EFLNTTYPE": "Sanitary", "UNITDESCR": "[ G 78.43]", "RIMELEV": 78.43}, "geometry": {"type": "Point", "coordinates": [-123.10442619702563, 49.24728904490844]}}, {"type": "Feature", "properties": {"OBJECTID": 12772076, "FACILITYID": "1560311", "SERVSTATUS": "In Service", "EFLNTTYPE": "Storm", "UNITDESCR": "[ G 67.33]", "RIMELEV": 67.33}, "geometry": {"type": "Point", "coordinates": [-123.12810366686074, 49.253632291620036]}}, {"type": "Feature", "properties": {"OBJECTID": 12772077, "FACILITYID": "1560313", "SERVSTATUS": "In Service", "EFLNTTYPE": "Combined", "UNITDESCR": "[ G 63.10]", "RIMELEV": 63.1}, "geometry": {"type": "Point", "coordinates": [-123.1280713172311, 49.254343570729525]}}, {"type": "Feature", "properties": {"OBJECTID": 12772118, "FACILITYID": "1581723", "SERVSTATUS": "In Service", "EFLNTTYPE": "Combined", "UNITDESCR": "[ G 69.04]", "RIMELEV": 69.04}, "geometry": {"type": "Point", "coordinates": [-123.1151826000217, 49.248930697069916]}}, {"type": "Feature", "properties": {"OBJECTID": 12772215, "FACILITYID": "1576607", "SERVSTATUS": "In Service", "EFLNTTYPE": "Storm", "UNITDESCR": "[ G 70.93]", "RIMELEV": 70.93}, "geometry": {"type": "Point", "coordinates": [-123.1281483143831, 49.252878550310605]}}, {"type": "Feature", "properties": {"OBJECTID": 12772216, "FACILITYID": "1576620", "SERVSTATUS": "In Service", "EFLNTTYPE": "Storm", "UNITDESCR": "[ G 70.99]", "RIMELEV": 70.99}, "geometry": {"type": "Point", "coordinates": [-123.12865184761287, 49.25361813570529]}}, {"type": "Feature", "properties": {"OBJECTID": 12772219, "FACILITYID": "1576641", "SERVSTATUS": "In Service", "EFLNTTYPE": "Storm", "UNITDESCR": "[ G 70.16]", "RIMELEV": 70.16}, "geometry": {"type": "Point", "coordinates": [-123.1279551326726, 49.25273435508826]}}, {"type": "Feature", "properties": {"OBJECTID": 12772220, "FACILITYID": "1576643", "SERVSTATUS": "In Service", "EFLNTTYPE": "Sanitary", "UNITDESCR": "[ G 70.08]", "RIMELEV": 70.08}, "geometry": {"type": "Point", "coordinates": [-123.12793628317627, 49.252730579977694]}}, {"type": "Feature", "properties": {"OBJECTID": 12772252, "FACILITYID": "1576668", "SERVSTATUS": "In Service", "EFLNTTYPE": "Storm", "UNITDESCR": "[ G 68.31]", "RIMELEV": 68.31}, "geometry": {"type": "Point", "coordinates": [-123.12770101817932, 49.25264728361393]}}, {"type": "Feature", "properties": {"OBJECTID": 12772253, "FACILITYID": "1576670", "SERVSTATUS": "In Service", "EFLNTTYPE": "Sanitary", "UNITDESCR": "[ G 68.13]", "RIMELEV": 68.13}, "geometry": {"type": "Point", "coordinates": [-123.12768036137102, 49.25264603811726]}}, {"type": "Feature", "properties": {"OBJECTID": 12772339, "FACILITYID": "1555394", "SERVSTATUS": "In Service", "EFLNTTYPE": "Sanitary", "UNITDESCR": "[ G 70.89]", "RIMELEV": 70.89}, "geometry": {"type": "Point", "coordinates": [-123.1281348927099, 49.25286944403931]}}, {"type": "Feature", "properties": {"OBJECTID": 12772340, "FACILITYID": "1555396", "SERVSTATUS": "In Service", "EFLNTTYPE": "Sanitary", "UNITDESCR": "[ G 70.89]", "RIMELEV": 70.89}, "geometry": {"type": "Point", "coordinates": [-123.1286301566315, 49.25361569516545]}}, {"type": "Feature", "properties": {"OBJECTID": 12772438, "FACILITYID": "1576900", "SERVSTATUS": "In Service", "EFLNTTYPE": "Storm", "UNITDESCR": "[ G 68.04]", "RIMELEV": 68.04}, "geometry": {"type": "Point", "coordinates": [-123.12810490918966, 49.2535016796027]}}, {"type": "Feature", "properties": {"OBJECTID": 12772439, "FACILITYID": "1576923", "SERVSTATUS": "In Service", "EFLNTTYPE": "Sanitary", "UNITDESCR": "[ G 68.05]", "RIMELEV": 68.05}, "geometry": {"type": "Point", "coordinates": [-123.1281122473693, 49.25350169845167]}}, {"type": "Feature", "properties": {"OBJECTID": 12772440, "FACILITYID": "1576944", "SERVSTATUS": "In Service", "EFLNTTYPE": "Sanitary", "UNITDESCR": "[ G 67.27]", "RIMELEV": 67.27}, "geometry": {"type": "Point", "coordinates": [-123.12810823804237, 49.253646346085134]}}, {"type": "Feature", "properties": {"OBJECTID": 12772533, "FACILITYID": "1565544", "SERVSTATUS": "In Service", "EFLNTTYPE": "Sanitary", "UNITDESCR": "[ G 56.44]", "RIMELEV": 56.439}, "geometry": {"type": "Point", "coordinates": [-123.11819629906749, 49.25565845598869]}}, {"type": "Feature", "properties": {"OBJECTID": 12772591, "FACILITYID": "1589402", "SERVSTATUS": "In Service", "EFLNTTYPE": "Storm", "UNITDESCR": "[ G 69.58]", "RIMELEV": 69.58}, "geometry": {"type": "Point", "coordinates": [-123.11542048334691, 49.24881578847444]}}, {"type": "Feature", "properties": {"OBJECTID": 12772592, "FACILITYID": "1589408", "SERVSTATUS": "In Service", "EFLNTTYPE": "Storm", "UNITDESCR": "[ G 69.56]", "RIMELEV": 69.56}, "geometry": {"type": "Point", "coordinates": [-123.11516823271359, 49.24880301510968]}}, {"type": "Feature", "properties": {"OBJECTID": 12772608, "FACILITYID": "1631473", "SERVSTATUS": "In Service", "EFLNTTYPE": "Storm", "UNITDESCR": "[ G 68.79]", "RIMELEV": 68.79}, "geometry": {"type": "Point", "coordinates": [-123.12837131605255, 49.24931806386194]}}, {"type": "Feature", "properties": {"OBJECTID": 12772614, "FACILITYID": "1594979", "SERVSTATUS": "In Service", "EFLNTTYPE": "Storm", "UNITDESCR": "[ G 67.85]:", "RIMELEV": 67.85}, "geometry": {"type": "Point", "coordinates": [-123.12703076981956, 49.24631042457171]}}, {"type": "Feature", "properties": {"OBJECTID": 12772636, "FACILITYID": "1597891", "SERVSTATUS": "In Service", "EFLNTTYPE": "Storm", "UNITDESCR": "[ G 78.40]", "RIMELEV": 78.401}, "geometry": {"type": "Point", "coordinates": [-123.10444537777832, 49.247288847665416]}}, {"type": "Feature", "properties": {"OBJECTID": 12772692, "FACILITYID": "1615822", "SERVSTATUS": "In Service", "EFLNTTYPE": "Sanitary", "UNITDESCR": "[ G 68.62]", "RIMELEV": 68.619}, "geometry": {"type": "Point", "coordinates": [-123.12443581469905, 49.249078050193305]}}, {"type": "Feature", "properties": {"OBJECTID": 12772695, "FACILITYID": "1594895", "SERVSTATUS": "In Service", "EFLNTTYPE": "Sanitary", "UNITDESCR": "[ G 67.95]", "RIMELEV": 67.953}, "geometry": {"type": "Point", "coordinates": [-123.12764888749813, 49.247100928067105]}}, {"type": "Feature", "properties": {"OBJECTID": 12772696, "FACILITYID": "1594927", "SERVSTATUS": "In Service", "EFLNTTYPE": "Sanitary", "UNITDESCR": "[ G 68.11]", "RIMELEV": 68.111}, "geometry": {"type": "Point", "coordinates": [-123.12767759154538, 49.24631802315774]}}, {"type": "Feature", "properties": {"OBJECTID": 12772697, "FACILITYID": "1594935", "SERVSTATUS": "In Service", "EFLNTTYPE": "Storm", "UNITDESCR": "[ G 68.08]", "RIMELEV": 68.081}, "geometry": {"type": "Point", "coordinates": [-123.12765699176938, 49.24632188688642]}}, {"type": "Feature", "properties": {"OBJECTID": 12772708, "FACILITYID": "1612023", "SERVSTATUS": "In Service", "EFLNTTYPE": "Sanitary", "UNITDESCR": "[ G 70.45]", "RIMELEV": 70.45}, "geometry": {"type": "Point", "coordinates": [-123.12835434818707, 49.24999193332866]}}, {"type": "Feature", "properties": {"OBJECTID": 12772760, "FACILITYID": "1637842", "SERVSTATUS": "In Service", "EFLNTTYPE": "Sanitary", "UNITDESCR": "[ G 75.84]", "RIMELEV": 75.84}, "geometry": {"type": "Point", "coordinates": [-123.11660997556194, 49.247060964672215]}}, {"type": "Feature", "properties": {"OBJECTID": 12772761, "FACILITYID": "1637845", "SERVSTATUS": "In Service", "EFLNTTYPE": "Sanitary", "UNITDESCR": "[ G 80.27]", "RIMELEV": 80.27}, "geometry": {"type": "Point", "coordinates": [-123.116646752568, 49.24614308090924]}}, {"type": "Feature", "properties": {"OBJECTID": 12772769, "FACILITYID": "1631570", "SERVSTATUS": "In Service", "EFLNTTYPE": "Storm", "UNITDESCR": "[ G 70.49]", "RIMELEV": 70.49}, "geometry": {"type": "Point", "coordinates": [-123.12835008952791, 49.25000292123406]}}, {"type": "Feature", "properties": {"OBJECTID": 12772798, "FACILITYID": "1603172", "SERVSTATUS": "In Service", "EFLNTTYPE": "Storm", "UNITDESCR": "[ G 70.64]", "RIMELEV": 70.64}, "geometry": {"type": "Point", "coordinates": [-123.12493640511529, 49.248018933192796]}}, {"type": "Feature", "properties": {"OBJECTID": 12772799, "FACILITYID": "1603174", "SERVSTATUS": "In Service", "EFLNTTYPE": "Sanitary", "UNITDESCR": "[ G 70.62]", "RIMELEV": 70.62}, "geometry": {"type": "Point", "coordinates": [-123.12495340192689, 49.248002624446826]}}, {"type": "Feature", "properties": {"OBJECTID": 12772818, "FACILITYID": "1618481", "SERVSTATUS": "In Service", "EFLNTTYPE": "Sanitary", "UNITDESCR": "[ G 58.31]", "RIMELEV": 58.31}, "geometry": {"type": "Point", "coordinates": [-123.11606786523178, 49.253802749899826]}}, {"type": "Feature", "properties": {"OBJECTID": 12772867, "FACILITYID": "1605673", "SERVSTATUS": "In Service", "EFLNTTYPE": "Storm", "UNITDESCR": "[ G 82.40]", "RIMELEV": 82.4}, "geometry": {"type": "Point", "coordinates": [-123.11880954943852, 49.247090099018706]}}, {"type": "Feature", "properties": {"OBJECTID": 12772868, "FACILITYID": "1605675", "SERVSTATUS": "In Service", "EFLNTTYPE": "Sanitary", "UNITDESCR": "[ G 82.39]", "RIMELEV": 82.39}, "geometry": {"type": "Point", "coordinates": [-123.11880106527373, 49.247087364197206]}}, {"type": "Feature", "properties": {"OBJECTID": 12772906, "FACILITYID": "1599120", "SERVSTATUS": "In Service", "EFLNTTYPE": "Storm", "UNITDESCR": "[ G 68.63]", "RIMELEV": 68.63}, "geometry": {"type": "Point", "coordinates": [-123.12445422869038, 49.24907868701077]}}, {"type": "Feature", "properties": {"OBJECTID": 12772907, "FACILITYID": "1599123", "SERVSTATUS": "In Service", "EFLNTTYPE": "Combined", "UNITDESCR": "[ G 69.19]", "RIMELEV": 69.19}, "geometry": {"type": "Point", "coordinates": [-123.12235629766526, 49.24904371461341]}}, {"type": "Feature", "properties": {"OBJECTID": 12772997, "FACILITYID": "1631471", "SERVSTATUS": "In Service", "EFLNTTYPE": "Sanitary", "UNITDESCR": "[ G 68.82]", "RIMELEV": 68.82}, "geometry": {"type": "Point", "coordinates": [-123.12838807524167, 49.249321661321716]}}, {"type": "Feature", "properties": {"OBJECTID": 12773097, "FACILITYID": "1710075", "SERVSTATUS": "In Service", "EFLNTTYPE": "Sanitary", "UNITDESCR": "[ G ]", "RIMELEV": null}, "geometry": {"type": "Point", "coordinates": [-123.12314916611479, 49.246694028280665]}}, {"type": "Feature", "properties": {"OBJECTID": 12773098, "FACILITYID": "1710077", "SERVSTATUS": "In Service", "EFLNTTYPE": "Storm", "UNITDESCR": "[ G ]", "RIMELEV": null}, "geometry": {"type": "Point", "coordinates": [-123.12314334069622, 49.24668862835457]}}, {"type": "Feature", "properties": {"OBJECTID": 12773145, "FACILITYID": "1670199", "SERVSTATUS": "In Service", "EFLNTTYPE": "Sanitary", "UNITDESCR": "[ G 61.36]", "RIMELEV": 61.36}, "geometry": {"type": "Point", "coordinates": [-123.11687211900627, 49.25032561753687]}}, {"type": "Feature", "properties": {"OBJECTID": 12773146, "FACILITYID": "1670206", "SERVSTATUS": "In Service", "EFLNTTYPE": "Sanitary", "UNITDESCR": "[ G 58.34]", "RIMELEV": 58.341}, "geometry": {"type": "Point", "coordinates": [-123.11824231880969, 49.250657199683374]}}, {"type": "Feature", "properties": {"OBJECTID": 12773243, "FACILITYID": "1653620", "SERVSTATUS": "In Service", "EFLNTTYPE": "Sanitary", "UNITDESCR": "[ G 58.26]", "RIMELEV": 58.26}, "geometry": {"type": "Point", "coordinates": [-123.11608278541094, 49.25374850271534]}}, {"type": "Feature", "properties": {"OBJECTID": 12773307, "FACILITYID": "1672690", "SERVSTATUS": "In Service", "EFLNTTYPE": "Combined", "UNITDESCR": "[ G 77.26]", "RIMELEV": 77.26}, "geometry": {"type": "Point", "coordinates": [-123.10593278514219, 49.24097567965214]}}, {"type": "Feature", "properties": {"OBJECTID": 12773329, "FACILITYID": "1647168", "SERVSTATUS": "In Service", "EFLNTTYPE": "Sanitary", "UNITDESCR": "[ G 68.23]", "RIMELEV": 68.23}, "geometry": {"type": "Point", "coordinates": [-123.11654075732646, 49.248919134466426]}}, {"type": "Feature", "properties": {"OBJECTID": 12773367, "FACILITYID": "1646860", "SERVSTATUS": "In Service", "EFLNTTYPE": "Sanitary", "UNITDESCR": "[ G 86.16]", "RIMELEV": 86.16}, "geometry": {"type": "Point", "coordinates": [-123.11679848446039, 49.245055268768546]}}, {"type": "Feature", "properties": {"OBJECTID": 12773368, "FACILITYID": "1646906", "SERVSTATUS": "In Service", "EFLNTTYPE": "Sanitary", "UNITDESCR": "[ G 85.22]", "RIMELEV": 85.22}, "geometry": {"type": "Point", "coordinates": [-123.116686776637, 49.245192702917045]}}, {"type": "Feature", "properties": {"OBJECTID": 12773369, "FACILITYID": "1646887", "SERVSTATUS": "In Service", "EFLNTTYPE": "Storm", "UNITDESCR": "[ G 86.27]", "RIMELEV": 86.27}, "geometry": {"type": "Point", "coordinates": [-123.11679820579324, 49.245041974091606]}}, {"type": "Feature", "properties": {"OBJECTID": 12773370, "FACILITYID": "1646909", "SERVSTATUS": "In Service", "EFLNTTYPE": "Storm", "UNITDESCR": "[ G 85.19]", "RIMELEV": 85.19}, "geometry": {"type": "Point", "coordinates": [-123.11666523547966, 49.24519955205547]}}, {"type": "Feature", "properties": {"OBJECTID": 12773371, "FACILITYID": "1646921", "SERVSTATUS": "In Service", "EFLNTTYPE": "Storm", "UNITDESCR": "[ G 80.30]", "RIMELEV": 80.3}, "geometry": {"type": "Point", "coordinates": [-123.11663316476807, 49.24613176962751]}}, {"type": "Feature", "properties": {"OBJECTID": 12773372, "FACILITYID": "1646930", "SERVSTATUS": "In Service", "EFLNTTYPE": "Sanitary", "UNITDESCR": "[ G 74.85]", "RIMELEV": 74.85}, "geometry": {"type": "Point", "coordinates": [-123.11659053701528, 49.24752933005943]}}, {"type": "Feature", "properties": {"OBJECTID": 12773373, "FACILITYID": "1646932", "SERVSTATUS": "In Service", "EFLNTTYPE": "Storm", "UNITDESCR": "[ G 75.83]", "RIMELEV": 75.83}, "geometry": {"type": "Point", "coordinates": [-123.11658909260355, 49.24705593042724]}}, {"type": "Feature", "properties": {"OBJECTID": 12773374, "FACILITYID": "1646938", "SERVSTATUS": "In Service", "EFLNTTYPE": "Storm", "UNITDESCR": "[ G 74.88]", "RIMELEV": 74.88}, "geometry": {"type": "Point", "coordinates": [-123.11656872793318, 49.247516192041665]}}, {"type": "Feature", "properties": {"OBJECTID": 12773375, "FACILITYID": "1646940", "SERVSTATUS": "In Service", "EFLNTTYPE": "Sanitary", "UNITDESCR": "[ G 73.12]", "RIMELEV": 73.12}, "geometry": {"type": "Point", "coordinates": [-123.11657189793382, 49.24798141322984]}}, {"type": "Feature", "properties": {"OBJECTID": 12773376, "FACILITYID": "1646942", "SERVSTATUS": "In Service", "EFLNTTYPE": "Storm", "UNITDESCR": "[ G 73.16]", "RIMELEV": 73.16}, "geometry": {"type": "Point", "coordinates": [-123.1165570955721, 49.247973845184355]}}, {"type": "Feature", "properties": {"OBJECTID": 12773416, "FACILITYID": "1653106", "SERVSTATUS": "In Service", "EFLNTTYPE": "Storm", "UNITDESCR": "[ G 58.33]", "RIMELEV": 58.33}, "geometry": {"type": "Point", "coordinates": [-123.11607100781407, 49.253771605283525]}}, {"type": "Feature", "properties": {"OBJECTID": 12773436, "FACILITYID": "1666104", "SERVSTATUS": "In Service", "EFLNTTYPE": "Storm", "UNITDESCR": "[ G 95.80]", "RIMELEV": 95.8}, "geometry": {"type": "Point", "coordinates": [-123.11898091416002, 49.241085223828286]}}, {"type": "Feature", "properties": {"OBJECTID": 12773450, "FACILITYID": "1647087", "SERVSTATUS": "In Service", "EFLNTTYPE": "Storm", "UNITDESCR": "[ G 71.71]", "RIMELEV": 71.71}, "geometry": {"type": "Point", "coordinates": [-123.11654500749606, 49.248430617216485]}}, {"type": "Feature", "properties": {"OBJECTID": 12773521, "FACILITYID": "1672756", "SERVSTATUS": "In Service", "EFLNTTYPE": "Storm", "UNITDESCR": "[ G 75.70]", "RIMELEV": 75.7}, "geometry": {"type": "Point", "coordinates": [-123.10548544937602, 49.24131032515336]}}, {"type": "Feature", "properties": {"OBJECTID": 12773522, "FACILITYID": "1672771", "SERVSTATUS": "In Service", "EFLNTTYPE": "Storm", "UNITDESCR": "[ G 75.72]", "RIMELEV": 75.72}, "geometry": {"type": "Point", "coordinates": [-123.10548531965534, 49.241313923368324]}}, {"type": "Feature", "properties": {"OBJECTID": 12773608, "FACILITYID": "2060858", "SERVSTATUS": "In Service", "EFLNTTYPE": "Combined", "UNITDESCR": "[ G 73.44]", "RIMELEV": 73.44}, "geometry": {"type": "Point", "coordinates": [-123.12851335004058, 49.242429084993674]}}, {"type": "Feature", "properties": {"OBJECTID": 12773666, "FACILITYID": "2013386", "SERVSTATUS": "In Service", "EFLNTTYPE": "Sanitary", "UNITDESCR": "[ G 73.46]", "RIMELEV": 73.46}, "geometry": {"type": "Point", "coordinates": [-123.128505689088, 49.24239934625468]}}, {"type": "Feature", "properties": {"OBJECTID": 12773667, "FACILITYID": "2013389", "SERVSTATUS": "In Service", "EFLNTTYPE": "Sanitary", "UNITDESCR": "[ G 73.62]", "RIMELEV": 73.62}, "geometry": {"type": "Point", "coordinates": [-123.1280732264441, 49.24239609345715]}}, {"type": "Feature", "properties": {"OBJECTID": 12773754, "FACILITYID": "2085409", "SERVSTATUS": "In Service", "EFLNTTYPE": "Storm", "UNITDESCR": "[ G ]", "RIMELEV": null}, "geometry": {"type": "Point", "coordinates": [-123.12013712589544, 49.2543387263614]}}, {"type": "Feature", "properties": {"OBJECTID": 12773810, "FACILITYID": "2051121", "SERVSTATUS": "In Service", "EFLNTTYPE": "Sanitary", "UNITDESCR": "[ G 68.56]", "RIMELEV": 68.56}, "geometry": {"type": "Point", "coordinates": [-123.12841597419951, 49.24539786476617]}}, {"type": "Feature", "properties": {"OBJECTID": 12773827, "FACILITYID": "1965316", "SERVSTATUS": "In Service", "EFLNTTYPE": "Sanitary", "UNITDESCR": "[ G 68.30]", "RIMELEV": 68.3}, "geometry": {"type": "Point", "coordinates": [-123.11649546669778, 49.249151976686335]}}, {"type": "Feature", "properties": {"OBJECTID": 12774661, "FACILITYID": "1981601", "SERVSTATUS": "In Service", "EFLNTTYPE": "Storm", "UNITDESCR": "[ G 58.44]", "RIMELEV": 58.44}, "geometry": {"type": "Point", "coordinates": [-123.11840624612779, 49.250667376309345]}}, {"type": "Feature", "properties": {"OBJECTID": 12774662, "FACILITYID": "1981609", "SERVSTATUS": "In Service", "EFLNTTYPE": "Storm", "UNITDESCR": "[ G 57.77]", "RIMELEV": 57.77}, "geometry": {"type": "Point", "coordinates": [-123.11839121119732, 49.25110316548155]}}, {"type": "Feature", "properties": {"OBJECTID": 12774663, "FACILITYID": "1981632", "SERVSTATUS": "In Service", "EFLNTTYPE": "Storm", "UNITDESCR": "[ G 56.91]", "RIMELEV": 56.91}, "geometry": {"type": "Point", "coordinates": [-123.11837512668909, 49.25154836470028]}}, {"type": "Feature", "properties": {"OBJECTID": 12774664, "FACILITYID": "1981697", "SERVSTATUS": "In Service", "EFLNTTYPE": "Sanitary", "UNITDESCR": "[ G 58.47]", "RIMELEV": 58.47}, "geometry": {"type": "Point", "coordinates": [-123.11839138847121, 49.25066012339173]}}, {"type": "Feature", "properties": {"OBJECTID": 12774665, "FACILITYID": "1981714", "SERVSTATUS": "In Service", "EFLNTTYPE": "Sanitary", "UNITDESCR": "[ G 56.90]", "RIMELEV": 56.9}, "geometry": {"type": "Point", "coordinates": [-123.11836039171342, 49.25156379761351]}}, {"type": "Feature", "properties": {"OBJECTID": 12774810, "FACILITYID": "2092131", "SERVSTATUS": "In Service", "EFLNTTYPE": "Storm", "UNITDESCR": "[ G 69.55]", "RIMELEV": 69.55}, "geometry": {"type": "Point", "coordinates": [-123.10748699309913, 49.24835157902214]}}, {"type": "Feature", "properties": {"OBJECTID": 12774811, "FACILITYID": "2092129", "SERVSTATUS": "In Service", "EFLNTTYPE": "Storm", "UNITDESCR": "[ G 67.89]", "RIMELEV": 67.89}, "geometry": {"type": "Point", "coordinates": [-123.10877087691819, 49.24837467353997]}}, {"type": "Feature", "properties": {"OBJECTID": 12774812, "FACILITYID": "2092139", "SERVSTATUS": "In Service", "EFLNTTYPE": "Storm", "UNITDESCR": "[ G 71.07]", "RIMELEV": 71.07}, "geometry": {"type": "Point", "coordinates": [-123.10638172683866, 49.24833087854213]}}, {"type": "Feature", "properties": {"OBJECTID": 12774839, "FACILITYID": "2105212", "SERVSTATUS": "In Service", "EFLNTTYPE": "Storm", "UNITDESCR": "[ G 67.90]", "RIMELEV": 67.9}, "geometry": {"type": "Point", "coordinates": [-123.12828811341896, 49.24892978722052]}}, {"type": "Feature", "properties": {"OBJECTID": 12774840, "FACILITYID": "2105224", "SERVSTATUS": "In Service", "EFLNTTYPE": "Sanitary", "UNITDESCR": "[ G 67.82]", "RIMELEV": 67.82}, "geometry": {"type": "Point", "coordinates": [-123.12829795071566, 49.248918820106155]}}, {"type": "Feature", "properties": {"OBJECTID": 12775020, "FACILITYID": "2068444", "SERVSTATUS": "In Service", "EFLNTTYPE": "Storm", "UNITDESCR": "[ G 68.24]", "RIMELEV": 68.24}, "geometry": {"type": "Point", "coordinates": [-123.11611380525713, 49.249256480674056]}}, {"type": "Feature", "properties": {"OBJECTID": 12775021, "FACILITYID": "2068464", "SERVSTATUS": "In Service", "EFLNTTYPE": "Sanitary", "UNITDESCR": "[ G 67.80]", "RIMELEV": 67.8}, "geometry": {"type": "Point", "coordinates": [-123.11610946697192, 49.24929323954078]}}, {"type": "Feature", "properties": {"OBJECTID": 12775022, "FACILITYID": "2068492", "SERVSTATUS": "In Service", "EFLNTTYPE": "Sanitary", "UNITDESCR": "[ G 68.13]", "RIMELEV": 68.127}, "geometry": {"type": "Point", "coordinates": [-123.11610520030794, 49.24926678885941]}}, {"type": "Feature", "properties": {"OBJECTID": 12775058, "FACILITYID": "2060675", "SERVSTATUS": "In Service", "EFLNTTYPE": "Storm", "UNITDESCR": "[ G 73.45]", "RIMELEV": 73.45}, "geometry": {"type": "Point", "coordinates": [-123.12851603769505, 49.242416515652835]}}, {"type": "Feature", "properties": {"OBJECTID": 12775268, "FACILITYID": "2091847", "SERVSTATUS": "In Service", "EFLNTTYPE": "Sanitary", "UNITDESCR": "[ G 71.06]", "RIMELEV": 71.06}, "geometry": {"type": "Point", "coordinates": [-123.10639828245267, 49.24831737045127]}}, {"type": "Feature", "properties": {"OBJECTID": 12775598, "FACILITYID": "1990558", "SERVSTATUS": "In Service", "EFLNTTYPE": "Sanitary", "UNITDESCR": "[ G 82.54]", "RIMELEV": 82.54}, "geometry": {"type": "Point", "coordinates": [-123.11963587722099, 49.24433834152095]}}, {"type": "Feature", "properties": {"OBJECTID": 12775599, "FACILITYID": "1990561", "SERVSTATUS": "In Service", "EFLNTTYPE": "Combined", "UNITDESCR": "[ G 81.00]", "RIMELEV": 81}, "geometry": {"type": "Point", "coordinates": [-123.12045565130425, 49.24434667384705]}}, {"type": "Feature", "properties": {"OBJECTID": 12775906, "FACILITYID": "2061408", "SERVSTATUS": "In Service", "EFLNTTYPE": "Sanitary", "UNITDESCR": "[ G 75.07]", "RIMELEV": 75.07}, "geometry": {"type": "Point", "coordinates": [-123.12851946607576, 49.24194819260871]}}, {"type": "Feature", "properties": {"OBJECTID": 12775907, "FACILITYID": "2061428", "SERVSTATUS": "In Service", "EFLNTTYPE": "Storm", "UNITDESCR": "[ G 75.05]", "RIMELEV": 75.05}, "geometry": {"type": "Point", "coordinates": [-123.1285373477102, 49.2419617465342]}}, {"type": "Feature", "properties": {"OBJECTID": 12775908, "FACILITYID": "2061442", "SERVSTATUS": "In Service", "EFLNTTYPE": "Sanitary", "UNITDESCR": "[ G 76.32]", "RIMELEV": 76.32}, "geometry": {"type": "Point", "coordinates": [-123.12852752405516, 49.24167566380658]}}, {"type": "Feature", "properties": {"OBJECTID": 12775909, "FACILITYID": "2061451", "SERVSTATUS": "In Service", "EFLNTTYPE": "Storm", "UNITDESCR": "[ G 76.48]", "RIMELEV": 76.48}, "geometry": {"type": "Point", "coordinates": [-123.12853426187135, 49.241656775297976]}}, {"type": "Feature", "properties": {"OBJECTID": 12775991, "FACILITYID": "1969225", "SERVSTATUS": "In Service", "EFLNTTYPE": "Sanitary", "UNITDESCR": "[ G 95.80]", "RIMELEV": 95.8}, "geometry": {"type": "Point", "coordinates": [-123.11896448286336, 49.241073699853644]}}, {"type": "Feature", "properties": {"OBJECTID": 12775992, "FACILITYID": "1969227", "SERVSTATUS": "In Service", "EFLNTTYPE": "Sanitary", "UNITDESCR": "[ G 96.26]", "RIMELEV": 96.26}, "geometry": {"type": "Point", "coordinates": [-123.11857162938311, 49.24107742296648]}}, {"type": "Feature", "properties": {"OBJECTID": 12775993, "FACILITYID": "1969229", "SERVSTATUS": "In Service", "EFLNTTYPE": "Sanitary", "UNITDESCR": "[ G 96.26]", "RIMELEV": 96.26}, "geometry": {"type": "Point", "coordinates": [-123.1185720848973, 49.24105536616506]}}, {"type": "Feature", "properties": {"OBJECTID": 12775994, "FACILITYID": "1969231", "SERVSTATUS": "In Service", "EFLNTTYPE": "Sanitary", "UNITDESCR": "[ G 96.33]", "RIMELEV": 96.33}, "geometry": {"type": "Point", "coordinates": [-123.11857299066506, 49.240986101869815]}}, {"type": "Feature", "properties": {"OBJECTID": 12775995, "FACILITYID": "1969233", "SERVSTATUS": "In Service", "EFLNTTYPE": "Storm", "UNITDESCR": "[ G 96.30]", "RIMELEV": 96.3}, "geometry": {"type": "Point", "coordinates": [-123.11859411857147, 49.24098540554007]}}, {"type": "Feature", "properties": {"OBJECTID": 12775996, "FACILITYID": "1969235", "SERVSTATUS": "In Service", "EFLNTTYPE": "Storm", "UNITDESCR": "[ G 96.25]", "RIMELEV": 96.25}, "geometry": {"type": "Point", "coordinates": [-123.11858804841182, 49.24106664780418]}}, {"type": "Feature", "properties": {"OBJECTID": 12776058, "FACILITYID": "2060230", "SERVSTATUS": "In Service", "EFLNTTYPE": "Storm", "UNITDESCR": "[ G 73.62]", "RIMELEV": 73.62}, "geometry": {"type": "Point", "coordinates": [-123.12804302971848, 49.242396486738215]}}, {"type": "Feature", "properties": {"OBJECTID": 12776249, "FACILITYID": "1978793", "SERVSTATUS": "In Service", "EFLNTTYPE": "Storm", "UNITDESCR": "[ G 65.61]", "RIMELEV": 65.61}, "geometry": {"type": "Point", "coordinates": [-123.1049452640487, 49.25327617559086]}}, {"type": "Feature", "properties": {"OBJECTID": 12776250, "FACILITYID": "1978795", "SERVSTATUS": "In Service", "EFLNTTYPE": "Sanitary", "UNITDESCR": "[ G 65.62]", "RIMELEV": 65.62}, "geometry": {"type": "Point", "coordinates": [-123.10494502760473, 49.2532813210729]}}, {"type": "Feature", "properties": {"OBJECTID": 12776289, "FACILITYID": "2008724", "SERVSTATUS": "In Service", "EFLNTTYPE": "Combined", "UNITDESCR": "[ G ]", "RIMELEV": null}, "geometry": {"type": "Point", "coordinates": [-123.12660040151675, 49.255372257202936]}}, {"type": "Feature", "properties": {"OBJECTID": 12776409, "FACILITYID": "1947398", "SERVSTATUS": "In Service", "EFLNTTYPE": "Combined", "UNITDESCR": "[ G ]", "RIMELEV": null}, "geometry": {"type": "Point", "coordinates": [-123.11451927820956, 49.25386280914736]}}, {"type": "Feature", "properties": {"OBJECTID": 12776439, "FACILITYID": "1696672", "SERVSTATUS": "In Service", "EFLNTTYPE": "Storm", "UNITDESCR": "[ G 60.78]", "RIMELEV": 60.783}, "geometry": {"type": "Point", "coordinates": [-123.11684185806274, 49.25064442101277]}}, {"type": "Feature", "properties": {"OBJECTID": 12776440, "FACILITYID": "1696674", "SERVSTATUS": "In Service", "EFLNTTYPE": "Sanitary", "UNITDESCR": "[ G 60.76]", "RIMELEV": 60.761}, "geometry": {"type": "Point", "coordinates": [-123.11685866489645, 49.25063343883267]}}, {"type": "Feature", "properties": {"OBJECTID": 12776441, "FACILITYID": "1696676", "SERVSTATUS": "In Service", "EFLNTTYPE": "Storm", "UNITDESCR": "[ G 61.41]", "RIMELEV": 61.41}, "geometry": {"type": "Point", "coordinates": [-123.11685153656677, 49.25031460121143]}}, {"type": "Feature", "properties": {"OBJECTID": 12776442, "FACILITYID": "1696713", "SERVSTATUS": "In Service", "EFLNTTYPE": "Storm", "UNITDESCR": "[ G 58.36]", "RIMELEV": 58.36}, "geometry": {"type": "Point", "coordinates": [-123.1183733630202, 49.25067278015567]}}, {"type": "Feature", "properties": {"OBJECTID": 12776499, "FACILITYID": "1991807", "SERVSTATUS": "In Service", "EFLNTTYPE": "Sanitary", "UNITDESCR": "[ G 67.95]", "RIMELEV": 67.95}, "geometry": {"type": "Point", "coordinates": [-123.1087314611795, 49.24835838429875]}}, {"type": "Feature", "properties": {"OBJECTID": 12776500, "FACILITYID": "1991810", "SERVSTATUS": "In Service", "EFLNTTYPE": "Sanitary", "UNITDESCR": "[ G 69.54]", "RIMELEV": 69.54}, "geometry": {"type": "Point", "coordinates": [-123.10751053541341, 49.248341239587894]}}, {"type": "Feature", "properties": {"OBJECTID": 12776501, "FACILITYID": "1991821", "SERVSTATUS": "In Service", "EFLNTTYPE": "Sanitary", "UNITDESCR": "[ G 66.39]", "RIMELEV": 66.39}, "geometry": {"type": "Point", "coordinates": [-123.1147116553466, 49.24941654819932]}}, {"type": "Feature", "properties": {"OBJECTID": 12776711, "FACILITYID": "2220650", "SERVSTATUS": "In Service", "EFLNTTYPE": "Storm", "UNITDESCR": "[ G 68.57]", "RIMELEV": 68.57}, "geometry": {"type": "Point", "coordinates": [-123.12840548855677, 49.24540755529459]}}, {"type": "Feature", "properties": {"OBJECTID": 12776785, "FACILITYID": "2137755", "SERVSTATUS": "In Service", "EFLNTTYPE": "Sanitary", "UNITDESCR": "[ G 85.75]", "RIMELEV": 85.75}, "geometry": {"type": "Point", "coordinates": [-123.11860007254296, 49.24432080733642]}}, {"type": "Feature", "properties": {"OBJECTID": 12776786, "FACILITYID": "2137762", "SERVSTATUS": "In Service", "EFLNTTYPE": "Storm", "UNITDESCR": "[ G 82.61]", "RIMELEV": 82.61}, "geometry": {"type": "Point", "coordinates": [-123.11960607910774, 49.24432794689417]}}, {"type": "Feature", "properties": {"OBJECTID": 12776787, "FACILITYID": "2137764", "SERVSTATUS": "In Service", "EFLNTTYPE": "Storm", "UNITDESCR": "[ G 85.61]", "RIMELEV": 85.61}, "geometry": {"type": "Point", "coordinates": [-123.1186308672817, 49.24431143866333]}}, {"type": "Feature", "properties": {"OBJECTID": 12776788, "FACILITYID": "2137781", "SERVSTATUS": "In Service", "EFLNTTYPE": "Sanitary", "UNITDESCR": "[ G 87.15]", "RIMELEV": 87.15}, "geometry": {"type": "Point", "coordinates": [-123.1181961157397, 49.24423663910362]}}, {"type": "Feature", "properties": {"OBJECTID": 12776789, "FACILITYID": "2137783", "SERVSTATUS": "In Service", "EFLNTTYPE": "Storm", "UNITDESCR": "[ G 87.00]", "RIMELEV": 87}, "geometry": {"type": "Point", "coordinates": [-123.11822900032794, 49.24423363702741]}}, {"type": "Feature", "properties": {"OBJECTID": 12776790, "FACILITYID": "2137785", "SERVSTATUS": "In Service", "EFLNTTYPE": "Sanitary", "UNITDESCR": "[ G 88.87]", "RIMELEV": 88.87}, "geometry": {"type": "Point", "coordinates": [-123.11789346842508, 49.24411000754763]}}, {"type": "Feature", "properties": {"OBJECTID": 12776791, "FACILITYID": "2137787", "SERVSTATUS": "In Service", "EFLNTTYPE": "Storm", "UNITDESCR": "[ G 88.80]", "RIMELEV": 88.8}, "geometry": {"type": "Point", "coordinates": [-123.11792527989961, 49.24410642196239]}}, {"type": "Feature", "properties": {"OBJECTID": 12776792, "FACILITYID": "2137809", "SERVSTATUS": "In Service", "EFLNTTYPE": "Storm", "UNITDESCR": "[ G 87.06]", "RIMELEV": 87.06}, "geometry": {"type": "Point", "coordinates": [-123.1184698797001, 49.24379263262386]}}, {"type": "Feature", "properties": {"OBJECTID": 12776793, "FACILITYID": "2137811", "SERVSTATUS": "In Service", "EFLNTTYPE": "Sanitary", "UNITDESCR": "[ G 87.07]", "RIMELEV": 87.07}, "geometry": {"type": "Point", "coordinates": [-123.11847787261902, 49.24377978822274]}}, {"type": "Feature", "properties": {"OBJECTID": 12776794, "FACILITYID": "2137813", "SERVSTATUS": "In Service", "EFLNTTYPE": "Storm", "UNITDESCR": "[ G 86.84]", "RIMELEV": 86.84}, "geometry": {"type": "Point", "coordinates": [-123.11856249143433, 49.24379682834722]}}, {"type": "Feature", "properties": {"OBJECTID": 12776795, "FACILITYID": "2137815", "SERVSTATUS": "In Service", "EFLNTTYPE": "Sanitary", "UNITDESCR": "[ G 86.89]", "RIMELEV": 86.89}, "geometry": {"type": "Point", "coordinates": [-123.11854775113672, 49.24378609416407]}}, {"type": "Feature", "properties": {"OBJECTID": 12776903, "FACILITYID": "2180255", "SERVSTATUS": "In Service", "EFLNTTYPE": "Storm", "UNITDESCR": "[ G 71.69]", "RIMELEV": 71.69}, "geometry": {"type": "Point", "coordinates": [-123.12124177087729, 49.24711861475444]}}, {"type": "Feature", "properties": {"OBJECTID": 12776904, "FACILITYID": "2180267", "SERVSTATUS": "In Service", "EFLNTTYPE": "Storm", "UNITDESCR": "[ G 71.56]", "RIMELEV": 71.56}, "geometry": {"type": "Point", "coordinates": [-123.1223758953555, 49.24714382002661]}}, {"type": "Feature", "properties": {"OBJECTID": 12776905, "FACILITYID": "2180274", "SERVSTATUS": "In Service", "EFLNTTYPE": "Sanitary", "UNITDESCR": "[ G 72.67]", "RIMELEV": 72.67}, "geometry": {"type": "Point", "coordinates": [-123.12125859995608, 49.247128824672274]}}, {"type": "Feature", "properties": {"OBJECTID": 12776926, "FACILITYID": "2218682", "SERVSTATUS": "In Service", "EFLNTTYPE": "Storm", "UNITDESCR": "[ G 67.08]", "RIMELEV": 67.08}, "geometry": {"type": "Point", "coordinates": [-123.10982655159688, 49.248870355454365]}}, {"type": "Feature", "properties": {"OBJECTID": 12776943, "FACILITYID": "2180581", "SERVSTATUS": "In Service", "EFLNTTYPE": "Storm", "UNITDESCR": "[ G 66.53]", "RIMELEV": 66.53}, "geometry": {"type": "Point", "coordinates": [-123.11470077030813, 49.249403641857555]}}, {"type": "Feature", "properties": {"OBJECTID": 12777103, "FACILITYID": "2183887", "SERVSTATUS": "In Service", "EFLNTTYPE": "Sanitary", "UNITDESCR": "[ G 62.55]", "RIMELEV": 62.55}, "geometry": {"type": "Point", "coordinates": [-123.11740510997316, 49.249558099006876]}}, {"type": "Feature", "properties": {"OBJECTID": 12777104, "FACILITYID": "2183907", "SERVSTATUS": "In Service", "EFLNTTYPE": "Storm", "UNITDESCR": "[ G 62.53]", "RIMELEV": 62.53}, "geometry": {"type": "Point", "coordinates": [-123.11738892825427, 49.249565941298656]}}, {"type": "Feature", "properties": {"OBJECTID": 12777105, "FACILITYID": "2183967", "SERVSTATUS": "In Service", "EFLNTTYPE": "Sanitary", "UNITDESCR": "[ G 64.76]", "RIMELEV": 64.76}, "geometry": {"type": "Point", "coordinates": [-123.11842777064152, 49.249670332174986]}}, {"type": "Feature", "properties": {"OBJECTID": 12777106, "FACILITYID": "2183969", "SERVSTATUS": "In Service", "EFLNTTYPE": "Storm", "UNITDESCR": "[ G 65.25]", "RIMELEV": 65.25}, "geometry": {"type": "Point", "coordinates": [-123.11841908856132, 49.24962523899705]}}, {"type": "Feature", "properties": {"OBJECTID": 12777107, "FACILITYID": "2184067", "SERVSTATUS": "In Service", "EFLNTTYPE": "Sanitary", "UNITDESCR": "[ G 66.03]", "RIMELEV": 66.03}, "geometry": {"type": "Point", "coordinates": [-123.11843222268939, 49.24957269339765]}}, {"type": "Feature", "properties": {"OBJECTID": 12777108, "FACILITYID": "2184129", "SERVSTATUS": "In Service", "EFLNTTYPE": "Storm", "UNITDESCR": "[ G 65.87]", "RIMELEV": 65.87}, "geometry": {"type": "Point", "coordinates": [-123.11842019337885, 49.249581602009464]}}, {"type": "Feature", "properties": {"OBJECTID": 12777321, "FACILITYID": "2144974", "SERVSTATUS": "In Service", "EFLNTTYPE": "Sanitary", "UNITDESCR": "[ G 95.43]", "RIMELEV": 95.43}, "geometry": {"type": "Point", "coordinates": [-123.11981337606588, 49.24111320223898]}}, {"type": "Feature", "properties": {"OBJECTID": 12777322, "FACILITYID": "2144976", "SERVSTATUS": "In Service", "EFLNTTYPE": "Storm", "UNITDESCR": "[ G 95.44]", "RIMELEV": 95.44}, "geometry": {"type": "Point", "coordinates": [-123.11979467189276, 49.24112198300121]}}, {"type": "Feature", "properties": {"OBJECTID": 12777323, "FACILITYID": "2144980", "SERVSTATUS": "In Service", "EFLNTTYPE": "Sanitary", "UNITDESCR": "[ G 95.52]", "RIMELEV": 95.52}, "geometry": {"type": "Point", "coordinates": [-123.11936973842569, 49.24109128131519]}}, {"type": "Feature", "properties": {"OBJECTID": 12777324, "FACILITYID": "2145014", "SERVSTATUS": "In Service", "EFLNTTYPE": "Storm", "UNITDESCR": "[ G 95.62]", "RIMELEV": 95.62}, "geometry": {"type": "Point", "coordinates": [-123.11930819250604, 49.24110351545363]}}, {"type": "Feature", "properties": {"OBJECTID": 12777330, "FACILITYID": "2137982", "SERVSTATUS": "In Service", "EFLNTTYPE": "Storm", "UNITDESCR": "[ G 89.25]", "RIMELEV": 89.25}, "geometry": {"type": "Point", "coordinates": [-123.11783993573637, 49.24407337958441]}}, {"type": "Feature", "properties": {"OBJECTID": 12777331, "FACILITYID": "2138036", "SERVSTATUS": "In Service", "EFLNTTYPE": "Storm", "UNITDESCR": "[ G 87.13]", "RIMELEV": 87.13}, "geometry": {"type": "Point", "coordinates": [-123.11843279444155, 49.24379697037046]}}, {"type": "Feature", "properties": {"OBJECTID": 12777336, "FACILITYID": "2119304", "SERVSTATUS": "In Service", "EFLNTTYPE": "Storm", "UNITDESCR": "[ G 67.31]", "RIMELEV": 67.31}, "geometry": {"type": "Point", "coordinates": [-123.11012599013057, 49.24839066963711]}}]}