{"type": "FeatureCollection", "features": [{"type": "Feature", "properties": {"SHAPE_Length": 67.86661120851315, "OBJECTID": 21260265, "COV_SOURCE_KEY": "399668", "UPDATED_DATE": 1270103885000, "COV_DATE_UPDATE": 1270103885000, "TBFID": 470847, "ORACLE_ID": "__FJABQL", "UNIT_ID_1": "T__FJESVF", "UNIT_ID_2": "79013", "MAIN_COMP1": 43, "MAIN_KEY_1": 74436, "MAIN_COMP2": 46, "MAIN_KEY_2": 33042, "ADDRESS_KEY": 154811, "INSTALLATION_DATE": 220953600000, "DEPTH_OF_COVER_M": 1.2200000286102295, "RESTRAINED_JOINT": 0, "CATHODICALLY_PROTECTED": 0, "REMARKS": null, "ASSET_DESCRIPTION": "4800 HEATHER ST", "SPLIT_ON_CITYSIDE": null, "COMPKEY": 274140, "COMPTYPE": 41, "COATING_DATE": null, "LINING_DATE": null, "UPDATED_BY": "enfoz", "WATERMAIN_KEY": 51947, "BUN": null, "PIPE_LENGTH_M": 67.86586758, "PARALLEL_LINE_NUMBER": null, "PRESSURE_ZONE": null, "PIPE_USE": "Water Main", "SERVICE_STATUS": "In Service (Active)", "SUBSYSTEM": "Transmission", "OWNER": "COVAV", "OPERATOR": "COVAV", "DIAMETER": "600 mm", "PIPE_CLASS": null, "MATERIAL": "Ductile Iron", "LINING_MATERIAL": "Cement Lined", "COATING_MATERIAL": "blank", "FACET": "O17", "CONNECTION_TYPE": null, "DOMESTIC_DIAMETER": null, "DOMESTIC_MATERIAL": null, "FIRE_LIN_DIAMETER": null, "INSTALLED_BY": "City of Vancouver", "FIRE_LIN_MATERIAL": null, "MAP_TOOLTIP": "600 DI CL 1977", "UPDATED_DATE_iso": "2010-04-01", "COV_DATE_UPDATE_iso": "2010-04-01", "INSTALLATION_DATE_iso": "1977-01-01"}, "geometry": {"type": "LineString", "coordinates": [[-123.1206797137328, 49.242103657090794], [-123.12069946623531, 49.24149331833762]]}}, {"type": "Feature", "properties": {"SHAPE_Length": 143.93551370318937, "OBJECTID": 21260269, "COV_SOURCE_KEY": "399672", "UPDATED_DATE": 1378852570000, "COV_DATE_UPDATE": 1378852570000, "TBFID": 470851, "ORACLE_ID": "__FJABQP", "UNIT_ID_1": "226732", "UNIT_ID_2": "218115", "MAIN_COMP1": 43, "MAIN_KEY_1": 160460, "MAIN_COMP2": 43, "MAIN_KEY_2": 191927, "ADDRESS_KEY": 156147, "INSTALLATION_DATE": -347126400000, "DEPTH_OF_COVER_M": 1.2200000286102295, "RESTRAINED_JOINT": 0, "CATHODICALLY_PROTECTED": 0, "REMARKS": "Welded Steel", "ASSET_DESCRIPTION": "4900 5000  HEATHER ST", "SPLIT_ON_CITYSIDE": null, "COMPKEY": 274145, "COMPTYPE": 41, "COATING_DATE": null, "LINING_DATE": null, "UPDATED_BY": "ENJCR", "WATERMAIN_KEY": 51951, "BUN": null, "PIPE_LENGTH_M": 143.93532279, "PARALLEL_LINE_NUMBER": null, "PRESSURE_ZONE": null, "PIPE_USE": "Water Main", "SERVICE_STATUS": "In Service (Active)", "SUBSYSTEM": "Transmission", "OWNER": "COVAV", "OPERATOR": "COVAV", "DIAMETER": "750 mm", "PIPE_CLASS": null, "MATERIAL": "Steel", "LINING_MATERIAL": "Coal Tar", "COATING_MATERIAL": "blank", "FACET": "O17", "CONNECTION_TYPE": null, "DOMESTIC_DIAMETER": null, "DOMESTIC_MATERIAL": null, "FIRE_LIN_DIAMETER": null, "INSTALLED_BY": "City of Vancouver", "FIRE_LIN_MATERIAL": null, "MAP_TOOLTIP": "750 S CTAR 1959", "UPDATED_DATE_iso": "2013-09-10", "COV_DATE_UPDATE_iso": "2013-09-10", "INSTALLATION_DATE_iso": "1959-01-01"}, "geometry": {"type": "LineString", "coordinates": [[-123.12072113260147, 49.241093457194204], [-123.11874676897044, 49.24102131066496]]}}, {"type": "Feature", "properties": {"SHAPE_Length": 17.028840594927413, "OBJECTID": 21261675, "COV_SOURCE_KEY": "391357", "UPDATED_DATE": 1270100004000, "COV_DATE_UPDATE": 1270100004000, "TBFID": 462437, "ORACLE_ID": "__FJA3BO", "UNIT_ID_1": "79013", "UNIT_ID_2": "861522", "MAIN_COMP1": 46, "MAIN_KEY_1": 33042, "MAIN_COMP2": 43, "MAIN_KEY_2": 38006, "ADDRESS_KEY": 154811, "INSTALLATION_DATE": 220953600000, "DEPTH_OF_COVER_M": 1.2200000286102295, "RESTRAINED_JOINT": 0, "CATHODICALLY_PROTECTED": 0, "REMARKS": null, "ASSET_DESCRIPTION": "4800-4899 HEATHER ST", "SPLIT_ON_CITYSIDE": null, "COMPKEY": 262928, "COMPTYPE": 41, "COATING_DATE": null, "LINING_DATE": null, "UPDATED_BY": "enfoz", "WATERMAIN_KEY": 43259, "BUN": null, "PIPE_LENGTH_M": 17.02964419, "PARALLEL_LINE_NUMBER": null, "PRESSURE_ZONE": null, "PIPE_USE": "Water Main", "SERVICE_STATUS": "In Service (Active)", "SUBSYSTEM": "Transmission", "OWNER": "COVAV", "OPERATOR": "COVAV", "DIAMETER": "600 mm", "PIPE_CLASS": null, "MATERIAL": "Ductile Iron", "LINING_MATERIAL": "Cement Lined", "COATING_MATERIAL": "blank", "FACET": "O17", "CONNECTION_TYPE": null, "DOMESTIC_DIAMETER": null, "DOMESTIC_MATERIAL": null, "FIRE_LIN_DIAMETER": null, "INSTALLED_BY": "City of Vancouver", "FIRE_LIN_MATERIAL": null, "MAP_TOOLTIP": "600 DI CL 1977", "UPDATED_DATE_iso": "2010-04-01", "COV_DATE_UPDATE_iso": "2010-04-01", "INSTALLATION_DATE_iso": "1977-01-01"}, "geometry": {"type": "LineString", "coordinates": [[-123.12069946623531, 49.24149331833762], [-123.12070467083224, 49.24134017790405]]}}, {"type": "Feature", "properties": {"SHAPE_Length": 2.9008207463025317, "OBJECTID": 21262441, "COV_SOURCE_KEY": "393204", "UPDATED_DATE": 1409080243000, "COV_DATE_UPDATE": 1409080243000, "TBFID": 461232, "ORACLE_ID": "__FJA58I", "UNIT_ID_1": "T__FNGYCE", "UNIT_ID_2": "861522", "MAIN_COMP1": 43, "MAIN_KEY_1": 115048, "MAIN_COMP2": 43, "MAIN_KEY_2": 38006, "ADDRESS_KEY": 154811, "INSTALLATION_DATE": 852105600000, "DEPTH_OF_COVER_M": 1.2200000286102295, "RESTRAINED_JOINT": 1, "CATHODICALLY_PROTECTED": 0, "REMARKS": null, "ASSET_DESCRIPTION": "4800 HEATHER ST", "SPLIT_ON_CITYSIDE": null, "COMPKEY": 265895, "COMPTYPE": 41, "COATING_DATE": null, "LINING_DATE": null, "UPDATED_BY": "enjcr", "WATERMAIN_KEY": 45356, "BUN": null, "PIPE_LENGTH_M": 2.90078735, "PARALLEL_LINE_NUMBER": null, "PRESSURE_ZONE": null, "PIPE_USE": "Water Main", "SERVICE_STATUS": "In Service (Active)", "SUBSYSTEM": "Transmission", "OWNER": "COVAV", "OPERATOR": "COVAV", "DIAMETER": "600 mm", "PIPE_CLASS": null, "MATERIAL": "Ductile Iron", "LINING_MATERIAL": "Cement Lined", "COATING_MATERIAL": "blank", "FACET": "O17", "CONNECTION_TYPE": null, "DOMESTIC_DIAMETER": null, "DOMESTIC_MATERIAL": null, "FIRE_LIN_DIAMETER": null, "INSTALLED_BY": "City of Vancouver", "FIRE_LIN_MATERIAL": null, "MAP_TOOLTIP": "600 DI CL 1997 RJ", "UPDATED_DATE_iso": "2014-08-26", "COV_DATE_UPDATE_iso": "2014-08-26", "INSTALLATION_DATE_iso": "1997-01-01"}, "geometry": {"type": "LineString", "coordinates": [[-123.12070555520606, 49.241314090778516], [-123.12070467083224, 49.24134017790405]]}}, {"type": "Feature", "properties": {"SHAPE_Length": 13.901964897124842, "OBJECTID": 21262442, "COV_SOURCE_KEY": "393205", "UPDATED_DATE": 1752267922000, "COV_DATE_UPDATE": 1752267922000, "TBFID": 461233, "ORACLE_ID": "__FJA58L", "UNIT_ID_1": "146617", "UNIT_ID_2": "4756195", "MAIN_COMP1": 43, "MAIN_KEY_1": 46957, "MAIN_COMP2": 43, "MAIN_KEY_2": 1605341, "ADDRESS_KEY": 154811, "INSTALLATION_DATE": 852105600000, "DEPTH_OF_COVER_M": 1.2200000286102295, "RESTRAINED_JOINT": 1, "CATHODICALLY_PROTECTED": 0, "REMARKS": null, "ASSET_DESCRIPTION": "700 W 33RD AV", "SPLIT_ON_CITYSIDE": null, "COMPKEY": 265896, "COMPTYPE": 41, "COATING_DATE": null, "LINING_DATE": null, "UPDATED_BY": "enyamw", "WATERMAIN_KEY": 45357, "BUN": null, "PIPE_LENGTH_M": 13.90180485, "PARALLEL_LINE_NUMBER": null, "PRESSURE_ZONE": null, "PIPE_USE": "Water Main", "SERVICE_STATUS": "In Service (Active)", "SUBSYSTEM": "Transmission", "OWNER": "COVAV", "OPERATOR": "COVAV", "DIAMETER": "600 mm", "PIPE_CLASS": "Class 52 - (Material is Ductile Iron)", "MATERIAL": "Ductile Iron", "LINING_MATERIAL": "Cement Lined", "COATING_MATERIAL": "blank", "FACET": "O17", "CONNECTION_TYPE": null, "DOMESTIC_DIAMETER": null, "DOMESTIC_MATERIAL": null, "FIRE_LIN_DIAMETER": null, "INSTALLED_BY": "City of Vancouver", "FIRE_LIN_MATERIAL": null, "MAP_TOOLTIP": "600 DI CL 1997 RJ", "UPDATED_DATE_iso": "2025-07-11", "COV_DATE_UPDATE_iso": "2025-07-11", "INSTALLATION_DATE_iso": "1997-01-01"}, "geometry": {"type": "LineString", "coordinates": [[-123.12070981166072, 49.24118907045753], [-123.12070555520606, 49.241314090778516]]}}, {"type": "Feature", "properties": {"SHAPE_Length": 349.4107824868195, "OBJECTID": 21262444, "COV_SOURCE_KEY": "393207", "UPDATED_DATE": 1270100908000, "COV_DATE_UPDATE": 1270100908000, "TBFID": 461235, "ORACLE_ID": "__FJA58O", "UNIT_ID_1": "138175", "UNIT_ID_2": "146617", "MAIN_COMP1": 43, "MAIN_KEY_1": 49545, "MAIN_COMP2": 43, "MAIN_KEY_2": 46957, "ADDRESS_KEY": 156147, "INSTALLATION_DATE": 854438400000, "DEPTH_OF_COVER_M": 1.2200000286102295, "RESTRAINED_JOINT": 1, "CATHODICALLY_PROTECTED": 0, "REMARKS": null, "ASSET_DESCRIPTION": "400 W 33RD AV", "SPLIT_ON_CITYSIDE": null, "COMPKEY": 265899, "COMPTYPE": 41, "COATING_DATE": null, "LINING_DATE": null, "UPDATED_BY": "enfoz", "WATERMAIN_KEY": 45359, "BUN": null, "PIPE_LENGTH_M": 349.41045785, "PARALLEL_LINE_NUMBER": null, "PRESSURE_ZONE": null, "PIPE_USE": "Water Main", "SERVICE_STATUS": "In Service (Active)", "SUBSYSTEM": "Transmission", "OWNER": "COVAV", "OPERATOR": "COVAV", "DIAMETER": "600 mm", "PIPE_CLASS": null, "MATERIAL": "Ductile Iron Concrete Lined", "LINING_MATERIAL": "blank", "COATING_MATERIAL": "blank", "FACET": "O17", "CONNECTION_TYPE": null, "DOMESTIC_DIAMETER": null, "DOMESTIC_MATERIAL": null, "FIRE_LIN_DIAMETER": null, "INSTALLED_BY": "City of Vancouver", "FIRE_LIN_MATERIAL": null, "MAP_TOOLTIP": "600 DICL n/a 1997 RJ", "UPDATED_DATE_iso": "2010-04-01", "COV_DATE_UPDATE_iso": "2010-04-01", "INSTALLATION_DATE_iso": "1997-01-28"}, "geometry": {"type": "LineString", "coordinates": [[-123.11591672874098, 49.2410179061918], [-123.11816040393576, 49.24110262618312], [-123.11866462890579, 49.24111370423945], [-123.12070981166072, 49.24118907045753]]}}, {"type": "Feature", "properties": {"SHAPE_Length": 1.498645054034674, "OBJECTID": 21262445, "COV_SOURCE_KEY": "393208", "UPDATED_DATE": 1270100909000, "COV_DATE_UPDATE": 1270100909000, "TBFID": 461236, "ORACLE_ID": "__FJA58P", "UNIT_ID_1": "T__FJB30Y", "UNIT_ID_2": "138175", "MAIN_COMP1": 43, "MAIN_KEY_1": 56053, "MAIN_COMP2": 43, "MAIN_KEY_2": 49545, "ADDRESS_KEY": 155937, "INSTALLATION_DATE": 852105600000, "DEPTH_OF_COVER_M": 1.2200000286102295, "RESTRAINED_JOINT": 0, "CATHODICALLY_PROTECTED": 0, "REMARKS": null, "ASSET_DESCRIPTION": "400 W 33RD AV", "SPLIT_ON_CITYSIDE": null, "COMPKEY": 265900, "COMPTYPE": 41, "COATING_DATE": null, "LINING_DATE": null, "UPDATED_BY": "enfoz", "WATERMAIN_KEY": 45360, "BUN": null, "PIPE_LENGTH_M": 1.49854515, "PARALLEL_LINE_NUMBER": null, "PRESSURE_ZONE": null, "PIPE_USE": "Water Main", "SERVICE_STATUS": "In Service (Active)", "SUBSYSTEM": "Transmission", "OWNER": "COVAV", "OPERATOR": "COVAV", "DIAMETER": "450 mm", "PIPE_CLASS": null, "MATERIAL": "Ductile Iron", "LINING_MATERIAL": "Cement Lined", "COATING_MATERIAL": "blank", "FACET": "O17", "CONNECTION_TYPE": null, "DOMESTIC_DIAMETER": null, "DOMESTIC_MATERIAL": null, "FIRE_LIN_DIAMETER": null, "INSTALLED_BY": "City of Vancouver", "FIRE_LIN_MATERIAL": null, "MAP_TOOLTIP": "450 DI CL 1997", "UPDATED_DATE_iso": "2010-04-01", "COV_DATE_UPDATE_iso": "2010-04-01", "INSTALLATION_DATE_iso": "1997-01-01"}, "geometry": {"type": "LineString", "coordinates": [[-123.11589617433964, 49.24101712623682], [-123.11591672874098, 49.2410179061918]]}}, {"type": "Feature", "properties": {"SHAPE_Length": 127.1565468636201, "OBJECTID": 21262692, "COV_SOURCE_KEY": "385979", "UPDATED_DATE": 1270097094000, "COV_DATE_UPDATE": 1270097094000, "TBFID": 451366, "ORACLE_ID": "__FJ9YAF", "UNIT_ID_1": "T__FP56ZB", "UNIT_ID_2": "T__FP5QGM", "MAIN_COMP1": 43, "MAIN_KEY_1": 122974, "MAIN_COMP2": 43, "MAIN_KEY_2": 153760, "ADDRESS_KEY": 156865, "INSTALLATION_DATE": 220953600000, "DEPTH_OF_COVER_M": 1.2200000286102295, "RESTRAINED_JOINT": 0, "CATHODICALLY_PROTECTED": 0, "REMARKS": null, "ASSET_DESCRIPTION": "4200 HEATHER ST", "SPLIT_ON_CITYSIDE": null, "COMPKEY": 255486, "COMPTYPE": 41, "COATING_DATE": null, "LINING_DATE": null, "UPDATED_BY": "enfoz", "WATERMAIN_KEY": 37943, "BUN": null, "PIPE_LENGTH_M": 127.15653128, "PARALLEL_LINE_NUMBER": null, "PRESSURE_ZONE": null, "PIPE_USE": "Water Main", "SERVICE_STATUS": "In Service (Active)", "SUBSYSTEM": "Transmission", "OWNER": "COVAV", "OPERATOR": "COVAV", "DIAMETER": "600 mm", "PIPE_CLASS": null, "MATERIAL": "Ductile Iron", "LINING_MATERIAL": "Cement Lined", "COATING_MATERIAL": "blank", "FACET": "O16", "CONNECTION_TYPE": null, "DOMESTIC_DIAMETER": null, "DOMESTIC_MATERIAL": null, "FIRE_LIN_DIAMETER": null, "INSTALLED_BY": "City of Vancouver", "FIRE_LIN_MATERIAL": null, "MAP_TOOLTIP": "600 DI CL 1977", "UPDATED_DATE_iso": "2010-04-01", "COV_DATE_UPDATE_iso": "2010-04-01", "INSTALLATION_DATE_iso": "1977-01-01"}, "geometry": {"type": "LineString", "coordinates": [[-123.12048284909523, 49.247935743999925], [-123.12043785537303, 49.24907916568715]]}}, {"type": "Feature", "properties": {"SHAPE_Length": 10.354062004465217, "OBJECTID": 21262693, "COV_SOURCE_KEY": "385980", "UPDATED_DATE": 1270097094000, "COV_DATE_UPDATE": 1270097094000, "TBFID": 451367, "ORACLE_ID": "__FJ9YAG", "UNIT_ID_1": "T__FP6LUB", "UNIT_ID_2": "T__FP6197", "MAIN_COMP1": 43, "MAIN_KEY_1": 200732, "MAIN_COMP2": 43, "MAIN_KEY_2": 170033, "ADDRESS_KEY": 152621, "INSTALLATION_DATE": 220953600000, "DEPTH_OF_COVER_M": 1.2200000286102295, "RESTRAINED_JOINT": 0, "CATHODICALLY_PROTECTED": 0, "REMARKS": null, "ASSET_DESCRIPTION": "700 W KING EDWARD AV", "SPLIT_ON_CITYSIDE": null, "COMPKEY": 255487, "COMPTYPE": 41, "COATING_DATE": null, "LINING_DATE": null, "UPDATED_BY": "enfoz", "WATERMAIN_KEY": 37944, "BUN": null, "PIPE_LENGTH_M": 10.35397506, "PARALLEL_LINE_NUMBER": null, "PRESSURE_ZONE": null, "PIPE_USE": "Water Main", "SERVICE_STATUS": "In Service (Active)", "SUBSYSTEM": "Transmission", "OWNER": "COVAV", "OPERATOR": "COVAV", "DIAMETER": "600 mm", "PIPE_CLASS": null, "MATERIAL": "Ductile Iron", "LINING_MATERIAL": "Cement Lined", "COATING_MATERIAL": "blank", "FACET": "O16", "CONNECTION_TYPE": null, "DOMESTIC_DIAMETER": null, "DOMESTIC_MATERIAL": null, "FIRE_LIN_DIAMETER": null, "INSTALLED_BY": "City of Vancouver", "FIRE_LIN_MATERIAL": null, "MAP_TOOLTIP": "600 DI CL 1977", "UPDATED_DATE_iso": "2010-04-01", "COV_DATE_UPDATE_iso": "2010-04-01", "INSTALLATION_DATE_iso": "1977-01-01"}, "geometry": {"type": "LineString", "coordinates": [[-123.12043708104511, 49.24909976557047], [-123.12043332273453, 49.24919287011524]]}}, {"type": "Feature", "properties": {"SHAPE_Length": 1.4505516184687506, "OBJECTID": 21262695, "COV_SOURCE_KEY": "385982", "UPDATED_DATE": 1270097095000, "COV_DATE_UPDATE": 1270097095000, "TBFID": 451369, "ORACLE_ID": "__FJ9YAJ", "UNIT_ID_1": "T__FP6F1S", "UNIT_ID_2": "T__FP6LUB", "MAIN_COMP1": 43, "MAIN_KEY_1": 190612, "MAIN_COMP2": 43, "MAIN_KEY_2": 200732, "ADDRESS_KEY": 152621, "INSTALLATION_DATE": 220953600000, "DEPTH_OF_COVER_M": 1.2200000286102295, "RESTRAINED_JOINT": 0, "CATHODICALLY_PROTECTED": 0, "REMARKS": null, "ASSET_DESCRIPTION": "700 W KING EDWARD AV", "SPLIT_ON_CITYSIDE": null, "COMPKEY": 255491, "COMPTYPE": 41, "COATING_DATE": null, "LINING_DATE": null, "UPDATED_BY": "enfoz", "WATERMAIN_KEY": 37946, "BUN": null, "PIPE_LENGTH_M": 1.45053943, "PARALLEL_LINE_NUMBER": null, "PRESSURE_ZONE": null, "PIPE_USE": "Water Main", "SERVICE_STATUS": "In Service (Active)", "SUBSYSTEM": "Transmission", "OWNER": "COVAV", "OPERATOR": "COVAV", "DIAMETER": "600 mm", "PIPE_CLASS": null, "MATERIAL": "Ductile Iron", "LINING_MATERIAL": "Cement Lined", "COATING_MATERIAL": "blank", "FACET": "O16", "CONNECTION_TYPE": null, "DOMESTIC_DIAMETER": null, "DOMESTIC_MATERIAL": null, "FIRE_LIN_DIAMETER": null, "INSTALLED_BY": "City of Vancouver", "FIRE_LIN_MATERIAL": null, "MAP_TOOLTIP": "600 DI CL 1977", "UPDATED_DATE_iso": "2010-04-01", "COV_DATE_UPDATE_iso": "2010-04-01", "INSTALLATION_DATE_iso": "1977-01-01"}, "geometry": {"type": "LineString", "coordinates": [[-123.12043759894127, 49.249086721947464], [-123.12043708104511, 49.24909976557047]]}}, {"type": "Feature", "properties": {"SHAPE_Length": 0.8402380613665581, "OBJECTID": 21262696, "COV_SOURCE_KEY": "385983", "UPDATED_DATE": 1270097095000, "COV_DATE_UPDATE": 1270097095000, "TBFID": 451370, "ORACLE_ID": "__FJ9YAK", "UNIT_ID_1": "T__FP5QGM", "UNIT_ID_2": "T__FP6F1S", "MAIN_COMP1": 43, "MAIN_KEY_1": 153760, "MAIN_COMP2": 43, "MAIN_KEY_2": 190612, "ADDRESS_KEY": 156865, "INSTALLATION_DATE": 220953600000, "DEPTH_OF_COVER_M": 1.2200000286102295, "RESTRAINED_JOINT": 0, "CATHODICALLY_PROTECTED": 0, "REMARKS": null, "ASSET_DESCRIPTION": "700 W KING EDWARD AV", "SPLIT_ON_CITYSIDE": null, "COMPKEY": 255493, "COMPTYPE": 41, "COATING_DATE": null, "LINING_DATE": null, "UPDATED_BY": "enfoz", "WATERMAIN_KEY": 37947, "BUN": null, "PIPE_LENGTH_M": 0.84023101, "PARALLEL_LINE_NUMBER": null, "PRESSURE_ZONE": null, "PIPE_USE": "Water Main", "SERVICE_STATUS": "In Service (Active)", "SUBSYSTEM": "Transmission", "OWNER": "COVAV", "OPERATOR": "COVAV", "DIAMETER": "600 mm", "PIPE_CLASS": null, "MATERIAL": "Ductile Iron", "LINING_MATERIAL": "Cement Lined", "COATING_MATERIAL": "blank", "FACET": "O16", "CONNECTION_TYPE": null, "DOMESTIC_DIAMETER": null, "DOMESTIC_MATERIAL": null, "FIRE_LIN_DIAMETER": null, "INSTALLED_BY": "City of Vancouver", "FIRE_LIN_MATERIAL": null, "MAP_TOOLTIP": "600 DI CL 1977", "UPDATED_DATE_iso": "2010-04-01", "COV_DATE_UPDATE_iso": "2010-04-01", "INSTALLATION_DATE_iso": "1977-01-01"}, "geometry": {"type": "LineString", "coordinates": [[-123.12043785537303, 49.24907916568715], [-123.12043759894127, 49.249086721947464]]}}, {"type": "Feature", "properties": {"SHAPE_Length": 57.051551459389984, "OBJECTID": 21267233, "COV_SOURCE_KEY": "396384", "UPDATED_DATE": 1440106755000, "COV_DATE_UPDATE": 1440106755000, "TBFID": 465854, "ORACLE_ID": "__FJA87T", "UNIT_ID_1": "211639", "UNIT_ID_2": "141149", "MAIN_COMP1": 43, "MAIN_KEY_1": 145288, "MAIN_COMP2": 43, "MAIN_KEY_2": 49116, "ADDRESS_KEY": 148537, "INSTALLATION_DATE": 883641600000, "DEPTH_OF_COVER_M": 1.2200000286102295, "RESTRAINED_JOINT": 1, "CATHODICALLY_PROTECTED": 0, "REMARKS": "MJ - TJ Pipe", "ASSET_DESCRIPTION": "700 W 16TH AV", "SPLIT_ON_CITYSIDE": null, "COMPKEY": 269818, "COMPTYPE": 41, "COATING_DATE": null, "LINING_DATE": null, "UPDATED_BY": "enjcr", "WATERMAIN_KEY": 48474, "BUN": null, "PIPE_LENGTH_M": 57.05137356, "PARALLEL_LINE_NUMBER": null, "PRESSURE_ZONE": null, "PIPE_USE": "Water Main", "SERVICE_STATUS": "In Service (Active)", "SUBSYSTEM": "Transmission", "OWNER": "COVAV", "OPERATOR": "COVAV", "DIAMETER": "600 mm", "PIPE_CLASS": null, "MATERIAL": "Ductile Iron Concrete Lined", "LINING_MATERIAL": null, "COATING_MATERIAL": "Poly Bagged", "FACET": "O14", "CONNECTION_TYPE": null, "DOMESTIC_DIAMETER": null, "DOMESTIC_MATERIAL": null, "FIRE_LIN_DIAMETER": null, "INSTALLED_BY": "City of Vancouver", "FIRE_LIN_MATERIAL": null, "MAP_TOOLTIP": "600 DICL  1998 RJ", "UPDATED_DATE_iso": "2015-08-20", "COV_DATE_UPDATE_iso": "2015-08-20", "INSTALLATION_DATE_iso": "1998-01-01"}, "geometry": {"type": "LineString", "coordinates": [[-123.1201451776371, 49.25704475883934], [-123.12012487391975, 49.25755777717011]]}}, {"type": "Feature", "properties": {"SHAPE_Length": 53.305829896023575, "OBJECTID": 21267448, "COV_SOURCE_KEY": "398653", "UPDATED_DATE": 1378848004000, "COV_DATE_UPDATE": 1378848004000, "TBFID": 464732, "ORACLE_ID": "__FJABGP", "UNIT_ID_1": "T__FNGYGF", "UNIT_ID_2": "T__FP6C6G", "MAIN_COMP1": 43, "MAIN_KEY_1": 115064, "MAIN_COMP2": 43, "MAIN_KEY_2": 186392, "ADDRESS_KEY": 153904, "INSTALLATION_DATE": -94665600000, "DEPTH_OF_COVER_M": 1.2200000286102295, "RESTRAINED_JOINT": 0, "CATHODICALLY_PROTECTED": 0, "REMARKS": "Welded Steel", "ASSET_DESCRIPTION": "4900 5200  OAK ST", "SPLIT_ON_CITYSIDE": null, "COMPKEY": 273819, "COMPTYPE": 41, "COATING_DATE": null, "LINING_DATE": null, "UPDATED_BY": "ENJCR", "WATERMAIN_KEY": 51688, "BUN": null, "PIPE_LENGTH_M": 53.30617027, "PARALLEL_LINE_NUMBER": null, "PRESSURE_ZONE": null, "PIPE_USE": "Water Main", "SERVICE_STATUS": "In Service (Active)", "SUBSYSTEM": "Transmission", "OWNER": "COVAV", "OPERATOR": "COVAV", "DIAMETER": "750 mm", "PIPE_CLASS": null, "MATERIAL": "Steel", "LINING_MATERIAL": "Coal Tar", "COATING_MATERIAL": "blank", "FACET": "N17", "CONNECTION_TYPE": null, "DOMESTIC_DIAMETER": null, "DOMESTIC_MATERIAL": null, "FIRE_LIN_DIAMETER": null, "INSTALLED_BY": "City of Vancouver", "FIRE_LIN_MATERIAL": null, "MAP_TOOLTIP": "750 S CTAR 1967", "UPDATED_DATE_iso": "2013-09-10", "COV_DATE_UPDATE_iso": "2013-09-10", "INSTALLATION_DATE_iso": "1967-01-01"}, "geometry": {"type": "LineString", "coordinates": [[-123.12800369585796, 49.24051480664105], [-123.12798708868374, 49.240994181548906]]}}, {"type": "Feature", "properties": {"SHAPE_Length": 21.299303589752576, "OBJECTID": 21268165, "COV_SOURCE_KEY": "397716", "UPDATED_DATE": 1285910147000, "COV_DATE_UPDATE": 1285910147000, "TBFID": 463108, "ORACLE_ID": "__FJA9WI", "UNIT_ID_1": "T__FP6BHJ", "UNIT_ID_2": "T__FP57R1", "MAIN_COMP1": 43, "MAIN_KEY_1": 185339, "MAIN_COMP2": 43, "MAIN_KEY_2": 124176, "ADDRESS_KEY": 98106, "INSTALLATION_DATE": null, "DEPTH_OF_COVER_M": 1.2200000286102295, "RESTRAINED_JOINT": 0, "CATHODICALLY_PROTECTED": 0, "REMARKS": null, "ASSET_DESCRIPTION": "Unknown", "SPLIT_ON_CITYSIDE": null, "COMPKEY": 271870, "COMPTYPE": 41, "COATING_DATE": null, "LINING_DATE": null, "UPDATED_BY": "enhanmgetask", "WATERMAIN_KEY": 50120, "BUN": null, "PIPE_LENGTH_M": 21.29916094, "PARALLEL_LINE_NUMBER": null, "PRESSURE_ZONE": null, "PIPE_USE": "Water Main", "SERVICE_STATUS": "In Service (Active)", "SUBSYSTEM": "Transmission", "OWNER": "GVWD", "OPERATOR": "GVWD", "DIAMETER": "1200 mm", "PIPE_CLASS": null, "MATERIAL": "<blank>", "LINING_MATERIAL": "blank", "COATING_MATERIAL": "blank", "FACET": "O17", "CONNECTION_TYPE": null, "DOMESTIC_DIAMETER": null, "DOMESTIC_MATERIAL": null, "FIRE_LIN_DIAMETER": null, "INSTALLED_BY": "City of Vancouver", "FIRE_LIN_MATERIAL": null, "MAP_TOOLTIP": "1200 n/a n/a  GVWD", "UPDATED_DATE_iso": "2010-10-01", "COV_DATE_UPDATE_iso": "2010-10-01"}, "geometry": {"type": "LineString", "coordinates": [[-123.11355185066975, 49.24186914473046], [-123.11364896550378, 49.241981480749985], [-123.1136518559745, 49.24198381666907], [-123.11365502080442, 49.24198597241335], [-123.11365832260766, 49.24198794811799], [-123.11366176179709, 49.241989923687385], [-123.11366547513931, 49.241991629129714], [-123.11366932566122, 49.24199324448456], [-123.11367331294998, 49.24199458984748], [-123.11367743741839, 49.241995845122894], [-123.11368169886002, 49.241996920358524], [-123.11368595988883, 49.24199781568963], [-123.1136904952767, 49.24199853084578], [-123.11369489286577, 49.24199906623253], [-123.11369942742785, 49.24199942157951], [-123.11370396157696, 49.2419995970219], [-123.1137084951065, 49.24199950260753], [-123.11371302842953, 49.24199931824075], [-123.11371756113286, 49.24199886401719], [-123.11372195603711, 49.2419982300243], [-123.1137263507347, 49.24199750607904], [-123.11373060742648, 49.24199651241226], [-123.11373486370499, 49.24199533884088]]}}, {"type": "Feature", "properties": {"SHAPE_Length": 243.75503250098257, "OBJECTID": 21269882, "COV_SOURCE_KEY": "390892", "UPDATED_DATE": 1440106849000, "COV_DATE_UPDATE": 1440106849000, "TBFID": 456480, "ORACLE_ID": "__FJA3U5", "UNIT_ID_1": "220022", "UNIT_ID_2": "861919", "MAIN_COMP1": 43, "MAIN_KEY_1": 147807, "MAIN_COMP2": 43, "MAIN_KEY_2": 37443, "ADDRESS_KEY": 152621, "INSTALLATION_DATE": 883641600000, "DEPTH_OF_COVER_M": 1.2200000286102295, "RESTRAINED_JOINT": 1, "CATHODICALLY_PROTECTED": 0, "REMARKS": "MJ - TJ Pipe", "ASSET_DESCRIPTION": "3800 HEATHER ST", "SPLIT_ON_CITYSIDE": null, "COMPKEY": 263686, "COMPTYPE": 41, "COATING_DATE": null, "LINING_DATE": null, "UPDATED_BY": "enjcr", "WATERMAIN_KEY": 43802, "BUN": null, "PIPE_LENGTH_M": 243.75528371, "PARALLEL_LINE_NUMBER": null, "PRESSURE_ZONE": null, "PIPE_USE": "Water Main", "SERVICE_STATUS": "In Service (Active)", "SUBSYSTEM": "Transmission", "OWNER": "COVAV", "OPERATOR": "COVAV", "DIAMETER": "600 mm", "PIPE_CLASS": null, "MATERIAL": "Ductile Iron Concrete Lined", "LINING_MATERIAL": null, "COATING_MATERIAL": "Poly Bagged", "FACET": "O16", "CONNECTION_TYPE": null, "DOMESTIC_DIAMETER": null, "DOMESTIC_MATERIAL": null, "FIRE_LIN_DIAMETER": null, "INSTALLED_BY": "City of Vancouver", "FIRE_LIN_MATERIAL": null, "MAP_TOOLTIP": "600 DICL  1998 RJ", "UPDATED_DATE_iso": "2015-08-20", "COV_DATE_UPDATE_iso": "2015-08-20", "INSTALLATION_DATE_iso": "1998-01-01"}, "geometry": {"type": "LineString", "coordinates": [[-123.1203490090611, 49.251544004669526], [-123.12036374318093, 49.25113847552701], [-123.12039127561005, 49.250379249669976], [-123.12042675693759, 49.249351966587675]]}}, {"type": "Feature", "properties": {"SHAPE_Length": 191.8922339228772, "OBJECTID": 21270579, "COV_SOURCE_KEY": "388395", "UPDATED_DATE": 1378852571000, "COV_DATE_UPDATE": 1378852571000, "TBFID": 456685, "ORACLE_ID": "__FJA13W", "UNIT_ID_1": "79015", "UNIT_ID_2": "209753", "MAIN_COMP1": 46, "MAIN_KEY_1": 33116, "MAIN_COMP2": 43, "MAIN_KEY_2": 176046, "ADDRESS_KEY": 150485, "INSTALLATION_DATE": -347126400000, "DEPTH_OF_COVER_M": 1.2200000286102295, "RESTRAINED_JOINT": 0, "CATHODICALLY_PROTECTED": 0, "REMARKS": "Welded Steel", "ASSET_DESCRIPTION": "800-899 W 33RD AV", "SPLIT_ON_CITYSIDE": null, "COMPKEY": 259689, "COMPTYPE": 41, "COATING_DATE": null, "LINING_DATE": null, "UPDATED_BY": "ENJCR", "WATERMAIN_KEY": 40863, "BUN": null, "PIPE_LENGTH_M": 191.89206128, "PARALLEL_LINE_NUMBER": null, "PRESSURE_ZONE": null, "PIPE_USE": "Water Main", "SERVICE_STATUS": "In Service (Active)", "SUBSYSTEM": "Transmission", "OWNER": "COVAV", "OPERATOR": "COVAV", "DIAMETER": "750 mm", "PIPE_CLASS": null, "MATERIAL": "Steel", "LINING_MATERIAL": "Coal Tar", "COATING_MATERIAL": "blank", "FACET": "N17", "CONNECTION_TYPE": null, "DOMESTIC_DIAMETER": null, "DOMESTIC_MATERIAL": null, "FIRE_LIN_DIAMETER": null, "INSTALLED_BY": "City of Vancouver", "FIRE_LIN_MATERIAL": null, "MAP_TOOLTIP": "750 S CTAR 1959", "UPDATED_DATE_iso": "2013-09-10", "COV_DATE_UPDATE_iso": "2013-09-10", "INSTALLATION_DATE_iso": "1959-01-01"}, "geometry": {"type": "LineString", "coordinates": [[-123.12488217812131, 49.24124368040404], [-123.12224988293039, 49.24114869955192]]}}, {"type": "Feature", "properties": {"SHAPE_Length": 4.781203300928724, "OBJECTID": 21270877, "COV_SOURCE_KEY": "394166", "UPDATED_DATE": 1378852570000, "COV_DATE_UPDATE": 1378852570000, "TBFID": 459266, "ORACLE_ID": "__FJA5RW", "UNIT_ID_1": "224890", "UNIT_ID_2": "47291", "MAIN_COMP1": 43, "MAIN_KEY_1": 151656, "MAIN_COMP2": 46, "MAIN_KEY_2": 59742, "ADDRESS_KEY": 147819, "INSTALLATION_DATE": -347126400000, "DEPTH_OF_COVER_M": 1.2200000286102295, "RESTRAINED_JOINT": 0, "CATHODICALLY_PROTECTED": 0, "REMARKS": "Welded Steel", "ASSET_DESCRIPTION": "4900 5200  OAK ST", "SPLIT_ON_CITYSIDE": null, "COMPKEY": 266656, "COMPTYPE": 41, "COATING_DATE": null, "LINING_DATE": null, "UPDATED_BY": "ENJCR", "WATERMAIN_KEY": 45944, "BUN": null, "PIPE_LENGTH_M": 4.78122361, "PARALLEL_LINE_NUMBER": null, "PRESSURE_ZONE": null, "PIPE_USE": "Water Main", "SERVICE_STATUS": "In Service (Active)", "SUBSYSTEM": "Transmission", "OWNER": "COVAV", "OPERATOR": "COVAV", "DIAMETER": "750 mm", "PIPE_CLASS": null, "MATERIAL": "Steel", "LINING_MATERIAL": "Coal Tar", "COATING_MATERIAL": "blank", "FACET": "N17", "CONNECTION_TYPE": null, "DOMESTIC_DIAMETER": null, "DOMESTIC_MATERIAL": null, "FIRE_LIN_DIAMETER": null, "INSTALLED_BY": "City of Vancouver", "FIRE_LIN_MATERIAL": null, "MAP_TOOLTIP": "750 S CTAR 1959", "UPDATED_DATE_iso": "2013-09-10", "COV_DATE_UPDATE_iso": "2013-09-10", "INSTALLATION_DATE_iso": "1959-01-01"}, "geometry": {"type": "LineString", "coordinates": [[-123.12773698619993, 49.241352675893665], [-123.12767136639387, 49.24135074249002]]}}, {"type": "Feature", "properties": {"SHAPE_Length": 2.725960013695934, "OBJECTID": 21270878, "COV_SOURCE_KEY": "394167", "UPDATED_DATE": 1378852570000, "COV_DATE_UPDATE": 1378852570000, "TBFID": 459267, "ORACLE_ID": "__FJA5RX", "UNIT_ID_1": "138151", "UNIT_ID_2": "224890", "MAIN_COMP1": 43, "MAIN_KEY_1": 49738, "MAIN_COMP2": 43, "MAIN_KEY_2": 151656, "ADDRESS_KEY": 147819, "INSTALLATION_DATE": -347126400000, "DEPTH_OF_COVER_M": 1.2200000286102295, "RESTRAINED_JOINT": 0, "CATHODICALLY_PROTECTED": 0, "REMARKS": "Welded Steel", "ASSET_DESCRIPTION": "4900 5200  OAK ST", "SPLIT_ON_CITYSIDE": null, "COMPKEY": 266657, "COMPTYPE": 41, "COATING_DATE": null, "LINING_DATE": null, "UPDATED_BY": "ENJCR", "WATERMAIN_KEY": 45945, "BUN": null, "PIPE_LENGTH_M": 2.72597161, "PARALLEL_LINE_NUMBER": null, "PRESSURE_ZONE": null, "PIPE_USE": "Water Main", "SERVICE_STATUS": "In Service (Active)", "SUBSYSTEM": "Transmission", "OWNER": "COVAV", "OPERATOR": "COVAV", "DIAMETER": "750 mm", "PIPE_CLASS": null, "MATERIAL": "Steel", "LINING_MATERIAL": "Coal Tar", "COATING_MATERIAL": "blank", "FACET": "N17", "CONNECTION_TYPE": null, "DOMESTIC_DIAMETER": null, "DOMESTIC_MATERIAL": null, "FIRE_LIN_DIAMETER": null, "INSTALLED_BY": "City of Vancouver", "FIRE_LIN_MATERIAL": null, "MAP_TOOLTIP": "750 S CTAR 1959", "UPDATED_DATE_iso": "2013-09-10", "COV_DATE_UPDATE_iso": "2013-09-10", "INSTALLATION_DATE_iso": "1959-01-01"}, "geometry": {"type": "LineString", "coordinates": [[-123.12777439883122, 49.241353776917286], [-123.12773698619993, 49.241352675893665]]}}, {"type": "Feature", "properties": {"SHAPE_Length": 330.577229628772, "OBJECTID": 21272389, "COV_SOURCE_KEY": "367925", "UPDATED_DATE": 1285909921000, "COV_DATE_UPDATE": 1285909921000, "TBFID": 437021, "ORACLE_ID": "__FJ9GHM", "UNIT_ID_1": "T__FP57PO", "UNIT_ID_2": "T__FJB310", "MAIN_COMP1": 43, "MAIN_KEY_1": 124111, "MAIN_COMP2": 43, "MAIN_KEY_2": 56057, "ADDRESS_KEY": 98106, "INSTALLATION_DATE": -1356969600000, "DEPTH_OF_COVER_M": 1.2200000286102295, "RESTRAINED_JOINT": 0, "CATHODICALLY_PROTECTED": 0, "REMARKS": null, "ASSET_DESCRIPTION": "Unknown", "SPLIT_ON_CITYSIDE": null, "COMPKEY": 231892, "COMPTYPE": 41, "COATING_DATE": null, "LINING_DATE": null, "UPDATED_BY": "enhanmgetask", "WATERMAIN_KEY": 20204, "BUN": null, "PIPE_LENGTH_M": 330.57672038, "PARALLEL_LINE_NUMBER": null, "PRESSURE_ZONE": null, "PIPE_USE": "Water Main", "SERVICE_STATUS": "In Service (Active)", "SUBSYSTEM": "Transmission", "OWNER": "GVWD", "OPERATOR": "GVWD", "DIAMETER": "800 mm", "PIPE_CLASS": null, "MATERIAL": "<blank>", "LINING_MATERIAL": "blank", "COATING_MATERIAL": "blank", "FACET": "O17", "CONNECTION_TYPE": null, "DOMESTIC_DIAMETER": null, "DOMESTIC_MATERIAL": null, "FIRE_LIN_DIAMETER": null, "INSTALLED_BY": "City of Vancouver", "FIRE_LIN_MATERIAL": null, "MAP_TOOLTIP": "800 n/a n/a 1927 GVWD", "UPDATED_DATE_iso": "2010-10-01", "COV_DATE_UPDATE_iso": "2010-10-01", "INSTALLATION_DATE_iso": "1927-01-01"}, "geometry": {"type": "LineString", "coordinates": [[-123.11089992803241, 49.24052981067182], [-123.1098781976157, 49.23981519735954], [-123.11089992803241, 49.24052981067182], [-123.11123783464552, 49.24079346919148], [-123.11194239342372, 49.24128163507704]]}}, {"type": "Feature", "properties": {"SHAPE_Length": 87.00181840057354, "OBJECTID": 21274010, "COV_SOURCE_KEY": "369636", "UPDATED_DATE": 1270087948000, "COV_DATE_UPDATE": 1270087948000, "TBFID": 435733, "ORACLE_ID": "__FJ9IUI", "UNIT_ID_1": "T__FP5RP0", "UNIT_ID_2": "T__FP56X2", "MAIN_COMP1": 43, "MAIN_KEY_1": 155606, "MAIN_COMP2": 43, "MAIN_KEY_2": 122874, "ADDRESS_KEY": 156147, "INSTALLATION_DATE": -757353600000, "DEPTH_OF_COVER_M": 1.2200000286102295, "RESTRAINED_JOINT": 0, "CATHODICALLY_PROTECTED": 0, "REMARKS": null, "ASSET_DESCRIPTION": "4800 LANE", "SPLIT_ON_CITYSIDE": null, "COMPKEY": 235005, "COMPTYPE": 41, "COATING_DATE": null, "LINING_DATE": null, "UPDATED_BY": "enfoz", "WATERMAIN_KEY": 22608, "BUN": null, "PIPE_LENGTH_M": 87.00181797, "PARALLEL_LINE_NUMBER": null, "PRESSURE_ZONE": null, "PIPE_USE": "Water Main", "SERVICE_STATUS": "In Service (Active)", "SUBSYSTEM": "Transmission", "OWNER": "GVWD", "OPERATOR": "GVWD", "DIAMETER": "1200 mm", "PIPE_CLASS": null, "MATERIAL": "Steel", "LINING_MATERIAL": "blank", "COATING_MATERIAL": "blank", "FACET": "O17", "CONNECTION_TYPE": null, "DOMESTIC_DIAMETER": null, "DOMESTIC_MATERIAL": null, "FIRE_LIN_DIAMETER": null, "INSTALLED_BY": "City of Vancouver", "FIRE_LIN_MATERIAL": null, "MAP_TOOLTIP": "1200 S n/a 1946 GVWD", "UPDATED_DATE_iso": "2010-04-01", "COV_DATE_UPDATE_iso": "2010-04-01", "INSTALLATION_DATE_iso": "1946-01-01"}, "geometry": {"type": "LineString", "coordinates": [[-123.11935161163954, 49.241168659125755], [-123.11815768432477, 49.24113166560618]]}}, {"type": "Feature", "properties": {"SHAPE_Length": 316.4465757132592, "OBJECTID": 21274249, "COV_SOURCE_KEY": "377464", "UPDATED_DATE": 1270093829000, "COV_DATE_UPDATE": 1270093829000, "TBFID": 442168, "ORACLE_ID": "__FJ9RJM", "UNIT_ID_1": "T__FP6K4R", "UNIT_ID_2": "T__FP5DD9", "MAIN_COMP1": 43, "MAIN_KEY_1": 198166, "MAIN_COMP2": 43, "MAIN_KEY_2": 132632, "ADDRESS_KEY": 150485, "INSTALLATION_DATE": -757353600000, "DEPTH_OF_COVER_M": 1.2200000286102295, "RESTRAINED_JOINT": 0, "CATHODICALLY_PROTECTED": 0, "REMARKS": null, "ASSET_DESCRIPTION": "900 W 33RD AV", "SPLIT_ON_CITYSIDE": null, "COMPKEY": 246005, "COMPTYPE": 41, "COATING_DATE": null, "LINING_DATE": null, "UPDATED_BY": "enfoz", "WATERMAIN_KEY": 31172, "BUN": null, "PIPE_LENGTH_M": 316.44655526, "PARALLEL_LINE_NUMBER": null, "PRESSURE_ZONE": null, "PIPE_USE": "Water Main", "SERVICE_STATUS": "In Service (Active)", "SUBSYSTEM": "Transmission", "OWNER": "GVWD", "OPERATOR": "GVWD", "DIAMETER": "1200 mm", "PIPE_CLASS": null, "MATERIAL": "Steel", "LINING_MATERIAL": "blank", "COATING_MATERIAL": "blank", "FACET": "O17", "CONNECTION_TYPE": null, "DOMESTIC_DIAMETER": null, "DOMESTIC_MATERIAL": null, "FIRE_LIN_DIAMETER": null, "INSTALLED_BY": "City of Vancouver", "FIRE_LIN_MATERIAL": null, "MAP_TOOLTIP": "1200 S n/a 1946 GVWD", "UPDATED_DATE_iso": "2010-04-01", "COV_DATE_UPDATE_iso": "2010-04-01", "INSTALLATION_DATE_iso": "1946-01-01"}, "geometry": {"type": "LineString", "coordinates": [[-123.12513670639652, 49.241383721770696], [-123.12079633182601, 49.2412211110297]]}}, {"type": "Feature", "properties": {"SHAPE_Length": 354.949293349602, "OBJECTID": 21274250, "COV_SOURCE_KEY": "377465", "UPDATED_DATE": 1757711102000, "COV_DATE_UPDATE": 1757711102000, "TBFID": 442169, "ORACLE_ID": "__FJ9RJN", "UNIT_ID_1": "211264", "UNIT_ID_2": "228446", "MAIN_COMP1": 43, "MAIN_KEY_1": 187936, "MAIN_COMP2": 43, "MAIN_KEY_2": 186725, "ADDRESS_KEY": 154316, "INSTALLATION_DATE": 220953600000, "DEPTH_OF_COVER_M": 1.2200000286102295, "RESTRAINED_JOINT": 0, "CATHODICALLY_PROTECTED": 0, "REMARKS": null, "ASSET_DESCRIPTION": "4600 HEATHER ST", "SPLIT_ON_CITYSIDE": null, "COMPKEY": 246006, "COMPTYPE": 41, "COATING_DATE": null, "LINING_DATE": null, "UPDATED_BY": "enyamw", "WATERMAIN_KEY": 31173, "BUN": null, "PIPE_LENGTH_M": 193.341, "PARALLEL_LINE_NUMBER": null, "PRESSURE_ZONE": 173, "PIPE_USE": "Water Main", "SERVICE_STATUS": "In Service (Active)", "SUBSYSTEM": "Transmission", "OWNER": "COVAV", "OPERATOR": "COVAV", "DIAMETER": "600 mm", "PIPE_CLASS": "Class 52 - (Material is Ductile Iron)", "MATERIAL": "Ductile Iron", "LINING_MATERIAL": "Cement Lined", "COATING_MATERIAL": "blank", "FACET": "O16", "CONNECTION_TYPE": null, "DOMESTIC_DIAMETER": null, "DOMESTIC_MATERIAL": null, "FIRE_LIN_DIAMETER": null, "INSTALLED_BY": "City of Vancouver", "FIRE_LIN_MATERIAL": null, "MAP_TOOLTIP": "600 DI CL 1977", "UPDATED_DATE_iso": "2025-09-12", "COV_DATE_UPDATE_iso": "2025-09-12", "INSTALLATION_DATE_iso": "1977-01-01"}, "geometry": {"type": "LineString", "coordinates": [[-123.12067746904012, 49.242169144787425], [-123.12056817293353, 49.24536119215283]]}}, {"type": "Feature", "properties": {"SHAPE_Length": 3.049590300924806, "OBJECTID": 21275991, "COV_SOURCE_KEY": "377754", "UPDATED_DATE": 1378852572000, "COV_DATE_UPDATE": 1378852572000, "TBFID": 443344, "ORACLE_ID": "__FJ9QZT", "UNIT_ID_1": "219168", "UNIT_ID_2": "218379", "MAIN_COMP1": 43, "MAIN_KEY_1": 188951, "MAIN_COMP2": 43, "MAIN_KEY_2": 134110, "ADDRESS_KEY": 154753, "INSTALLATION_DATE": null, "DEPTH_OF_COVER_M": 1.2200000286102295, "RESTRAINED_JOINT": 0, "CATHODICALLY_PROTECTED": 0, "REMARKS": "Welded Steel", "ASSET_DESCRIPTION": "900 W 33RD AV", "SPLIT_ON_CITYSIDE": null, "COMPKEY": 245289, "COMPTYPE": 41, "COATING_DATE": null, "LINING_DATE": null, "UPDATED_BY": "ENJCR", "WATERMAIN_KEY": 30601, "BUN": null, "PIPE_LENGTH_M": 3.05055687, "PARALLEL_LINE_NUMBER": null, "PRESSURE_ZONE": null, "PIPE_USE": "Water Main", "SERVICE_STATUS": "In Service (Active)", "SUBSYSTEM": "Transmission", "OWNER": "COVAV", "OPERATOR": "COVAV", "DIAMETER": "600 mm", "PIPE_CLASS": null, "MATERIAL": "Steel", "LINING_MATERIAL": "blank", "COATING_MATERIAL": "blank", "FACET": "N17", "CONNECTION_TYPE": null, "DOMESTIC_DIAMETER": null, "DOMESTIC_MATERIAL": null, "FIRE_LIN_DIAMETER": null, "INSTALLED_BY": "City of Vancouver", "FIRE_LIN_MATERIAL": null, "MAP_TOOLTIP": "600 S n/a ", "UPDATED_DATE_iso": "2013-09-10", "COV_DATE_UPDATE_iso": "2013-09-10"}, "geometry": {"type": "LineString", "coordinates": [[-123.12507316066899, 49.24125102980489], [-123.12507240562704, 49.241278457115854]]}}, {"type": "Feature", "properties": {"SHAPE_Length": 3.3507470018895473, "OBJECTID": 21276497, "COV_SOURCE_KEY": "399242", "UPDATED_DATE": 1378852570000, "COV_DATE_UPDATE": 1378852570000, "TBFID": 462957, "ORACLE_ID": "__FJABMN", "UNIT_ID_1": "218379", "UNIT_ID_2": "222009", "MAIN_COMP1": 43, "MAIN_KEY_1": 134110, "MAIN_COMP2": 43, "MAIN_KEY_2": 170142, "ADDRESS_KEY": 149380, "INSTALLATION_DATE": null, "DEPTH_OF_COVER_M": 1.2200000286102295, "RESTRAINED_JOINT": 0, "CATHODICALLY_PROTECTED": 0, "REMARKS": "Welded Steel", "ASSET_DESCRIPTION": "900 W 33RD AV", "SPLIT_ON_CITYSIDE": null, "COMPKEY": 274004, "COMPTYPE": 41, "COATING_DATE": null, "LINING_DATE": null, "UPDATED_BY": "ENJCR", "WATERMAIN_KEY": 51836, "BUN": null, "PIPE_LENGTH_M": 3.35071054, "PARALLEL_LINE_NUMBER": null, "PRESSURE_ZONE": null, "PIPE_USE": "Water Main", "SERVICE_STATUS": "In Service (Active)", "SUBSYSTEM": "Transmission", "OWNER": "COVAV", "OPERATOR": "COVAV", "DIAMETER": "600 mm", "PIPE_CLASS": null, "MATERIAL": "Steel", "LINING_MATERIAL": "blank", "COATING_MATERIAL": "blank", "FACET": "N17", "CONNECTION_TYPE": null, "DOMESTIC_DIAMETER": null, "DOMESTIC_MATERIAL": null, "FIRE_LIN_DIAMETER": null, "INSTALLED_BY": "City of Vancouver", "FIRE_LIN_MATERIAL": null, "MAP_TOOLTIP": "600 S n/a ", "UPDATED_DATE_iso": "2013-09-10", "COV_DATE_UPDATE_iso": "2013-09-10"}, "geometry": {"type": "LineString", "coordinates": [[-123.12507240562704, 49.241278457115854], [-123.12507190493062, 49.241297797428594], [-123.1250715200378, 49.24130859213589]]}}, {"type": "Feature", "properties": {"SHAPE_Length": 7.28210306280347, "OBJECTID": 21276753, "COV_SOURCE_KEY": "402913", "UPDATED_DATE": 1270105154000, "COV_DATE_UPDATE": 1270105154000, "TBFID": 467312, "ORACLE_ID": "__FJAF1C", "UNIT_ID_1": "T__FJESVF", "UNIT_ID_2": "T__FP6D7Y", "MAIN_COMP1": 43, "MAIN_KEY_1": 74436, "MAIN_COMP2": 43, "MAIN_KEY_2": 187936, "ADDRESS_KEY": 154811, "INSTALLATION_DATE": 220953600000, "DEPTH_OF_COVER_M": 1.2200000286102295, "RESTRAINED_JOINT": 0, "CATHODICALLY_PROTECTED": 0, "REMARKS": null, "ASSET_DESCRIPTION": "4800 HEATHER ST", "SPLIT_ON_CITYSIDE": null, "COMPKEY": 278412, "COMPTYPE": 41, "COATING_DATE": null, "LINING_DATE": null, "UPDATED_BY": "enfoz", "WATERMAIN_KEY": 55381, "BUN": null, "PIPE_LENGTH_M": 7.2820214, "PARALLEL_LINE_NUMBER": null, "PRESSURE_ZONE": null, "PIPE_USE": "Water Main", "SERVICE_STATUS": "In Service (Active)", "SUBSYSTEM": "Transmission", "OWNER": "COVAV", "OPERATOR": "COVAV", "DIAMETER": "600 mm", "PIPE_CLASS": null, "MATERIAL": "Ductile Iron", "LINING_MATERIAL": "Cement Lined", "COATING_MATERIAL": "blank", "FACET": "O17", "CONNECTION_TYPE": null, "DOMESTIC_DIAMETER": null, "DOMESTIC_MATERIAL": null, "FIRE_LIN_DIAMETER": null, "INSTALLED_BY": "City of Vancouver", "FIRE_LIN_MATERIAL": null, "MAP_TOOLTIP": "600 DI CL 1977", "UPDATED_DATE_iso": "2010-04-01", "COV_DATE_UPDATE_iso": "2010-04-01", "INSTALLATION_DATE_iso": "1977-01-01"}, "geometry": {"type": "LineString", "coordinates": [[-123.1206797137328, 49.242103657090794], [-123.12067746904012, 49.242169144787425]]}}, {"type": "Feature", "properties": {"SHAPE_Length": 3.8830916814557845, "OBJECTID": 21277356, "COV_SOURCE_KEY": "396944", "UPDATED_DATE": 1285910137000, "COV_DATE_UPDATE": 1285910137000, "TBFID": 466019, "ORACLE_ID": "__FJA9D0", "UNIT_ID_1": "T__FJBFRZ", "UNIT_ID_2": "T__FJB310", "MAIN_COMP1": 43, "MAIN_KEY_1": 65287, "MAIN_COMP2": 43, "MAIN_KEY_2": 56057, "ADDRESS_KEY": 98106, "INSTALLATION_DATE": -1356969600000, "DEPTH_OF_COVER_M": 1.2200000286102295, "RESTRAINED_JOINT": 0, "CATHODICALLY_PROTECTED": 0, "REMARKS": null, "ASSET_DESCRIPTION": " ", "SPLIT_ON_CITYSIDE": null, "COMPKEY": 271194, "COMPTYPE": 41, "COATING_DATE": null, "LINING_DATE": null, "UPDATED_BY": "enhanmgetask", "WATERMAIN_KEY": 49580, "BUN": null, "PIPE_LENGTH_M": 3.88314191, "PARALLEL_LINE_NUMBER": null, "PRESSURE_ZONE": null, "PIPE_USE": "Water Main", "SERVICE_STATUS": "In Service (Active)", "SUBSYSTEM": "Transmission", "OWNER": "GVWD", "OPERATOR": "GVWD", "DIAMETER": "800 mm", "PIPE_CLASS": null, "MATERIAL": "<blank>", "LINING_MATERIAL": "blank", "COATING_MATERIAL": "blank", "FACET": "O17", "CONNECTION_TYPE": null, "DOMESTIC_DIAMETER": null, "DOMESTIC_MATERIAL": null, "FIRE_LIN_DIAMETER": null, "INSTALLED_BY": "City of Vancouver", "FIRE_LIN_MATERIAL": null, "MAP_TOOLTIP": "800 n/a n/a 1927 GVWD", "UPDATED_DATE_iso": "2010-10-01", "COV_DATE_UPDATE_iso": "2010-10-01", "INSTALLATION_DATE_iso": "1927-01-01"}, "geometry": {"type": "LineString", "coordinates": [[-123.11199461558024, 49.24128877166238], [-123.11194239342372, 49.24128163507704]]}}, {"type": "Feature", "properties": {"SHAPE_Length": 47.733108560982245, "OBJECTID": 21277628, "COV_SOURCE_KEY": "396878", "UPDATED_DATE": 1285910135000, "COV_DATE_UPDATE": 1285910135000, "TBFID": 465755, "ORACLE_ID": "__FJA9CX", "UNIT_ID_1": "T__FP67RY", "UNIT_ID_2": "T__FP59OK", "MAIN_COMP1": 43, "MAIN_KEY_1": 179891, "MAIN_COMP2": 43, "MAIN_KEY_2": 127354, "ADDRESS_KEY": 98106, "INSTALLATION_DATE": null, "DEPTH_OF_COVER_M": 1.2200000286102295, "RESTRAINED_JOINT": 0, "CATHODICALLY_PROTECTED": 0, "REMARKS": null, "ASSET_DESCRIPTION": "Unknown", "SPLIT_ON_CITYSIDE": null, "COMPKEY": 271191, "COMPTYPE": 41, "COATING_DATE": null, "LINING_DATE": null, "UPDATED_BY": "enhanmgetask", "WATERMAIN_KEY": 49577, "BUN": null, "PIPE_LENGTH_M": 47.73374682, "PARALLEL_LINE_NUMBER": null, "PRESSURE_ZONE": null, "PIPE_USE": "Water Main", "SERVICE_STATUS": "In Service (Active)", "SUBSYSTEM": "Transmission", "OWNER": "GVWD", "OPERATOR": "GVWD", "DIAMETER": "600 mm", "PIPE_CLASS": null, "MATERIAL": "<blank>", "LINING_MATERIAL": "blank", "COATING_MATERIAL": "blank", "FACET": "O17", "CONNECTION_TYPE": null, "DOMESTIC_DIAMETER": null, "DOMESTIC_MATERIAL": null, "FIRE_LIN_DIAMETER": null, "INSTALLED_BY": "City of Vancouver", "FIRE_LIN_MATERIAL": null, "MAP_TOOLTIP": "600 n/a n/a  GVWD", "UPDATED_DATE_iso": "2010-10-01", "COV_DATE_UPDATE_iso": "2010-10-01"}, "geometry": {"type": "LineString", "coordinates": [[-123.11413961360931, 49.24118895706354], [-123.11462174865477, 49.24089791541131]]}}, {"type": "Feature", "properties": {"SHAPE_Length": 1.0307764064044151, "OBJECTID": 21277629, "COV_SOURCE_KEY": "396879", "UPDATED_DATE": 1378852570000, "COV_DATE_UPDATE": 1378852570000, "TBFID": 465756, "ORACLE_ID": "__FJA9CY", "UNIT_ID_1": "207654", "UNIT_ID_2": "212641", "MAIN_COMP1": 43, "MAIN_KEY_1": 192592, "MAIN_COMP2": 43, "MAIN_KEY_2": 198405, "ADDRESS_KEY": 155937, "INSTALLATION_DATE": -347126400000, "DEPTH_OF_COVER_M": 1.2200000286102295, "RESTRAINED_JOINT": 0, "CATHODICALLY_PROTECTED": 0, "REMARKS": "Welded Steel", "ASSET_DESCRIPTION": "400 W 33RD AV", "SPLIT_ON_CITYSIDE": null, "COMPKEY": 271192, "COMPTYPE": 41, "COATING_DATE": null, "LINING_DATE": null, "UPDATED_BY": "ENJCR", "WATERMAIN_KEY": 49578, "BUN": null, "PIPE_LENGTH_M": 1.03073505, "PARALLEL_LINE_NUMBER": null, "PRESSURE_ZONE": null, "PIPE_USE": "Water Main", "SERVICE_STATUS": "In Service (Active)", "SUBSYSTEM": "Transmission", "OWNER": "COVAV", "OPERATOR": "COVAV", "DIAMETER": "750 mm", "PIPE_CLASS": null, "MATERIAL": "Steel", "LINING_MATERIAL": "Coal Tar", "COATING_MATERIAL": "blank", "FACET": "O17", "CONNECTION_TYPE": null, "DOMESTIC_DIAMETER": null, "DOMESTIC_MATERIAL": null, "FIRE_LIN_DIAMETER": null, "INSTALLED_BY": "City of Vancouver", "FIRE_LIN_MATERIAL": null, "MAP_TOOLTIP": "750 S CTAR 1959", "UPDATED_DATE_iso": "2013-09-10", "COV_DATE_UPDATE_iso": "2013-09-10", "INSTALLATION_DATE_iso": "1959-01-01"}, "geometry": {"type": "LineString", "coordinates": [[-123.11577168072554, 49.240942149781915], [-123.11577509427343, 49.24093315111884]]}}, {"type": "Feature", "properties": {"SHAPE_Length": 14.993330683909134, "OBJECTID": 21277938, "COV_SOURCE_KEY": "397699", "UPDATED_DATE": 1378852570000, "COV_DATE_UPDATE": 1378852570000, "TBFID": 462992, "ORACLE_ID": "__FJA9VX", "UNIT_ID_1": "225231", "UNIT_ID_2": "226428", "MAIN_COMP1": 43, "MAIN_KEY_1": 133193, "MAIN_COMP2": 43, "MAIN_KEY_2": 162704, "ADDRESS_KEY": 155937, "INSTALLATION_DATE": -347126400000, "DEPTH_OF_COVER_M": 1.2200000286102295, "RESTRAINED_JOINT": 0, "CATHODICALLY_PROTECTED": 0, "REMARKS": "Welded Steel", "ASSET_DESCRIPTION": "400 W 33RD AV", "SPLIT_ON_CITYSIDE": null, "COMPKEY": 271848, "COMPTYPE": 41, "COATING_DATE": null, "LINING_DATE": null, "UPDATED_BY": "ENJCR", "WATERMAIN_KEY": 50103, "BUN": null, "PIPE_LENGTH_M": 14.99330543, "PARALLEL_LINE_NUMBER": null, "PRESSURE_ZONE": null, "PIPE_USE": "Water Main", "SERVICE_STATUS": "In Service (Active)", "SUBSYSTEM": "Transmission", "OWNER": "COVAV", "OPERATOR": "COVAV", "DIAMETER": "750 mm", "PIPE_CLASS": null, "MATERIAL": "Steel", "LINING_MATERIAL": "Coal Tar", "COATING_MATERIAL": "blank", "FACET": "O17", "CONNECTION_TYPE": null, "DOMESTIC_DIAMETER": null, "DOMESTIC_MATERIAL": null, "FIRE_LIN_DIAMETER": null, "INSTALLED_BY": "City of Vancouver", "FIRE_LIN_MATERIAL": null, "MAP_TOOLTIP": "750 S CTAR 1959", "UPDATED_DATE_iso": "2013-09-10", "COV_DATE_UPDATE_iso": "2013-09-10", "INSTALLATION_DATE_iso": "1959-01-01"}, "geometry": {"type": "LineString", "coordinates": [[-123.11600890464953, 49.240926323060734], [-123.11580321142385, 49.24091917131749]]}}, {"type": "Feature", "properties": {"SHAPE_Length": 3.756447790172924, "OBJECTID": 21277942, "COV_SOURCE_KEY": "397705", "UPDATED_DATE": 1270103093000, "COV_DATE_UPDATE": 1270103093000, "TBFID": 462998, "ORACLE_ID": "__FJA9W7", "UNIT_ID_1": "T__FP5RSB", "UNIT_ID_2": "T__FP5RGP", "MAIN_COMP1": 43, "MAIN_KEY_1": 155741, "MAIN_COMP2": 43, "MAIN_KEY_2": 155288, "ADDRESS_KEY": 155937, "INSTALLATION_DATE": -757353600000, "DEPTH_OF_COVER_M": 1.2200000286102295, "RESTRAINED_JOINT": 0, "CATHODICALLY_PROTECTED": 0, "REMARKS": null, "ASSET_DESCRIPTION": "400 W 33RD AV", "SPLIT_ON_CITYSIDE": null, "COMPKEY": 271856, "COMPTYPE": 41, "COATING_DATE": null, "LINING_DATE": null, "UPDATED_BY": "enfoz", "WATERMAIN_KEY": 50109, "BUN": null, "PIPE_LENGTH_M": 3.75619549, "PARALLEL_LINE_NUMBER": null, "PRESSURE_ZONE": null, "PIPE_USE": "Water Main", "SERVICE_STATUS": "In Service (Active)", "SUBSYSTEM": "Transmission", "OWNER": "GVWD", "OPERATOR": "GVWD", "DIAMETER": "1200 mm", "PIPE_CLASS": null, "MATERIAL": "Steel", "LINING_MATERIAL": "blank", "COATING_MATERIAL": "blank", "FACET": "O17", "CONNECTION_TYPE": null, "DOMESTIC_DIAMETER": null, "DOMESTIC_MATERIAL": null, "FIRE_LIN_DIAMETER": null, "INSTALLED_BY": "City of Vancouver", "FIRE_LIN_MATERIAL": null, "MAP_TOOLTIP": "1200 S n/a 1946 GVWD", "UPDATED_DATE_iso": "2010-04-01", "COV_DATE_UPDATE_iso": "2010-04-01", "INSTALLATION_DATE_iso": "1946-01-01"}, "geometry": {"type": "LineString", "coordinates": [[-123.11576779619604, 49.24104353005412], [-123.1157162728423, 49.24104160271929]]}}, {"type": "Feature", "properties": {"SHAPE_Length": 50.281104382932355, "OBJECTID": 21278415, "COV_SOURCE_KEY": "398219", "UPDATED_DATE": 1270103314000, "COV_DATE_UPDATE": 1270103314000, "TBFID": 463017, "ORACLE_ID": "__FJAA1E", "UNIT_ID_1": "T__FP6CWH", "UNIT_ID_2": "T__FP5RSB", "MAIN_COMP1": 43, "MAIN_KEY_1": 187463, "MAIN_COMP2": 43, "MAIN_KEY_2": 155741, "ADDRESS_KEY": 155937, "INSTALLATION_DATE": -757353600000, "DEPTH_OF_COVER_M": 1.2200000286102295, "RESTRAINED_JOINT": 0, "CATHODICALLY_PROTECTED": 0, "REMARKS": null, "ASSET_DESCRIPTION": "400 W 33RD AV", "SPLIT_ON_CITYSIDE": null, "COMPKEY": 272024, "COMPTYPE": 41, "COATING_DATE": null, "LINING_DATE": null, "UPDATED_BY": "enfoz", "WATERMAIN_KEY": 50245, "BUN": null, "PIPE_LENGTH_M": 50.28062878, "PARALLEL_LINE_NUMBER": null, "PRESSURE_ZONE": null, "PIPE_USE": "Water Main", "SERVICE_STATUS": "In Service (Active)", "SUBSYSTEM": "Transmission", "OWNER": "GVWD", "OPERATOR": "GVWD", "DIAMETER": "1200 mm", "PIPE_CLASS": null, "MATERIAL": "Steel", "LINING_MATERIAL": "blank", "COATING_MATERIAL": "blank", "FACET": "O17", "CONNECTION_TYPE": null, "DOMESTIC_DIAMETER": null, "DOMESTIC_MATERIAL": null, "FIRE_LIN_DIAMETER": null, "INSTALLED_BY": "City of Vancouver", "FIRE_LIN_MATERIAL": null, "MAP_TOOLTIP": "1200 S n/a 1946 GVWD", "UPDATED_DATE_iso": "2010-04-01", "COV_DATE_UPDATE_iso": "2010-04-01", "INSTALLATION_DATE_iso": "1946-01-01"}, "geometry": {"type": "LineString", "coordinates": [[-123.11645748052042, 49.24106898605356], [-123.11576779619604, 49.24104353005412]]}}, {"type": "Feature", "properties": {"SHAPE_Length": 51.84205715409736, "OBJECTID": 21278524, "COV_SOURCE_KEY": "398221", "UPDATED_DATE": 1285910149000, "COV_DATE_UPDATE": 1285910149000, "TBFID": 463019, "ORACLE_ID": "__FJAA1G", "UNIT_ID_1": "T__FP5E9J", "UNIT_ID_2": "T__FJB312", "MAIN_COMP1": 43, "MAIN_KEY_1": 134093, "MAIN_COMP2": 43, "MAIN_KEY_2": 56059, "ADDRESS_KEY": 98106, "INSTALLATION_DATE": null, "DEPTH_OF_COVER_M": 1.2200000286102295, "RESTRAINED_JOINT": 0, "CATHODICALLY_PROTECTED": 0, "REMARKS": null, "ASSET_DESCRIPTION": "Unknown", "SPLIT_ON_CITYSIDE": null, "COMPKEY": 272026, "COMPTYPE": 41, "COATING_DATE": null, "LINING_DATE": null, "UPDATED_BY": "enhanmgetask", "WATERMAIN_KEY": 50247, "BUN": null, "PIPE_LENGTH_M": 51.84164199, "PARALLEL_LINE_NUMBER": null, "PRESSURE_ZONE": null, "PIPE_USE": "Water Main", "SERVICE_STATUS": "In Service (Active)", "SUBSYSTEM": "Transmission", "OWNER": "GVWD", "OPERATOR": "GVWD", "DIAMETER": "1200 mm", "PIPE_CLASS": null, "MATERIAL": "<blank>", "LINING_MATERIAL": "blank", "COATING_MATERIAL": "blank", "FACET": "O17", "CONNECTION_TYPE": null, "DOMESTIC_DIAMETER": null, "DOMESTIC_MATERIAL": null, "FIRE_LIN_DIAMETER": null, "INSTALLED_BY": "City of Vancouver", "FIRE_LIN_MATERIAL": null, "MAP_TOOLTIP": "1200 n/a n/a  GVWD", "UPDATED_DATE_iso": "2010-10-01", "COV_DATE_UPDATE_iso": "2010-10-01"}, "geometry": {"type": "LineString", "coordinates": [[-123.11375476400393, 49.24198632400745], [-123.11432852421387, 49.24171002652017]]}}, {"type": "Feature", "properties": {"SHAPE_Length": 4.622512303969808, "OBJECTID": 21278785, "COV_SOURCE_KEY": "377740", "UPDATED_DATE": 1378852572000, "COV_DATE_UPDATE": 1378852572000, "TBFID": 443231, "ORACLE_ID": "__FJ9QZD", "UNIT_ID_1": "47291", "UNIT_ID_2": "225827", "MAIN_COMP1": 46, "MAIN_KEY_1": 59742, "MAIN_COMP2": 43, "MAIN_KEY_2": 181749, "ADDRESS_KEY": 147819, "INSTALLATION_DATE": -347126400000, "DEPTH_OF_COVER_M": 1.2200000286102295, "RESTRAINED_JOINT": 0, "CATHODICALLY_PROTECTED": 0, "REMARKS": "Welded Steel", "ASSET_DESCRIPTION": "900 W 33RD AV", "SPLIT_ON_CITYSIDE": null, "COMPKEY": 245271, "COMPTYPE": 41, "COATING_DATE": null, "LINING_DATE": null, "UPDATED_BY": "ENJCR", "WATERMAIN_KEY": 30587, "BUN": null, "PIPE_LENGTH_M": 4.62253074, "PARALLEL_LINE_NUMBER": null, "PRESSURE_ZONE": null, "PIPE_USE": "Water Main", "SERVICE_STATUS": "In Service (Active)", "SUBSYSTEM": "Transmission", "OWNER": "COVAV", "OPERATOR": "COVAV", "DIAMETER": "750 mm", "PIPE_CLASS": null, "MATERIAL": "Steel", "LINING_MATERIAL": "Coal Tar", "COATING_MATERIAL": "blank", "FACET": "N17", "CONNECTION_TYPE": null, "DOMESTIC_DIAMETER": null, "DOMESTIC_MATERIAL": null, "FIRE_LIN_DIAMETER": null, "INSTALLED_BY": "City of Vancouver", "FIRE_LIN_MATERIAL": null, "MAP_TOOLTIP": "750 S CTAR 1959", "UPDATED_DATE_iso": "2013-09-10", "COV_DATE_UPDATE_iso": "2013-09-10", "INSTALLATION_DATE_iso": "1959-01-01"}, "geometry": {"type": "LineString", "coordinates": [[-123.12767136639387, 49.24135074249002], [-123.12760805133092, 49.241347520183744]]}}, {"type": "Feature", "properties": {"SHAPE_Length": 184.82272120581808, "OBJECTID": 21278796, "COV_SOURCE_KEY": "377752", "UPDATED_DATE": 1378852572000, "COV_DATE_UPDATE": 1378852572000, "TBFID": 443243, "ORACLE_ID": "__FJ9QZR", "UNIT_ID_1": "225827", "UNIT_ID_2": "219168", "MAIN_COMP1": 43, "MAIN_KEY_1": 181749, "MAIN_COMP2": 43, "MAIN_KEY_2": 188951, "ADDRESS_KEY": 147819, "INSTALLATION_DATE": -347126400000, "DEPTH_OF_COVER_M": 1.2200000286102295, "RESTRAINED_JOINT": 0, "CATHODICALLY_PROTECTED": 0, "REMARKS": "Welded Steel", "ASSET_DESCRIPTION": "900 W 33RD AV", "SPLIT_ON_CITYSIDE": null, "COMPKEY": 245286, "COMPTYPE": 41, "COATING_DATE": null, "LINING_DATE": null, "UPDATED_BY": "ENJCR", "WATERMAIN_KEY": 30599, "BUN": null, "PIPE_LENGTH_M": 184.82276218, "PARALLEL_LINE_NUMBER": null, "PRESSURE_ZONE": null, "PIPE_USE": "Water Main", "SERVICE_STATUS": "In Service (Active)", "SUBSYSTEM": "Transmission", "OWNER": "COVAV", "OPERATOR": "COVAV", "DIAMETER": "750 mm", "PIPE_CLASS": null, "MATERIAL": "Steel", "LINING_MATERIAL": "Coal Tar", "COATING_MATERIAL": "blank", "FACET": "N17", "CONNECTION_TYPE": null, "DOMESTIC_DIAMETER": null, "DOMESTIC_MATERIAL": null, "FIRE_LIN_DIAMETER": null, "INSTALLED_BY": "City of Vancouver", "FIRE_LIN_MATERIAL": null, "MAP_TOOLTIP": "750 S CTAR 1959", "UPDATED_DATE_iso": "2013-09-10", "COV_DATE_UPDATE_iso": "2013-09-10", "INSTALLATION_DATE_iso": "1959-01-01"}, "geometry": {"type": "LineString", "coordinates": [[-123.12760805133092, 49.241347520183744], [-123.12507316066899, 49.24125102980489]]}}, {"type": "Feature", "properties": {"SHAPE_Length": 0.9601880014624788, "OBJECTID": 21280494, "COV_SOURCE_KEY": "376848", "UPDATED_DATE": 1270093388000, "COV_DATE_UPDATE": 1270093388000, "TBFID": 443688, "ORACLE_ID": "__FJ9Q0T", "UNIT_ID_1": "T__FP61BY", "UNIT_ID_2": "T__FP5F67", "MAIN_COMP1": 43, "MAIN_KEY_1": 170142, "MAIN_COMP2": 43, "MAIN_KEY_2": 135567, "ADDRESS_KEY": 154753, "INSTALLATION_DATE": null, "DEPTH_OF_COVER_M": 1.2200000286102295, "RESTRAINED_JOINT": 0, "CATHODICALLY_PROTECTED": 0, "REMARKS": null, "ASSET_DESCRIPTION": "900 W 33RD AV", "SPLIT_ON_CITYSIDE": null, "COMPKEY": 244145, "COMPTYPE": 41, "COATING_DATE": null, "LINING_DATE": null, "UPDATED_BY": "enfoz", "WATERMAIN_KEY": 29693, "BUN": null, "PIPE_LENGTH_M": 0.96017755, "PARALLEL_LINE_NUMBER": null, "PRESSURE_ZONE": null, "PIPE_USE": "Water Main", "SERVICE_STATUS": "In Service (Active)", "SUBSYSTEM": "Transmission", "OWNER": "COVAV", "OPERATOR": "COVAV", "DIAMETER": "600 mm", "PIPE_CLASS": null, "MATERIAL": "Steel", "LINING_MATERIAL": "blank", "COATING_MATERIAL": "blank", "FACET": "N17", "CONNECTION_TYPE": null, "DOMESTIC_DIAMETER": null, "DOMESTIC_MATERIAL": null, "FIRE_LIN_DIAMETER": null, "INSTALLED_BY": "City of Vancouver", "FIRE_LIN_MATERIAL": null, "MAP_TOOLTIP": "600 S n/a ", "UPDATED_DATE_iso": "2010-04-01", "COV_DATE_UPDATE_iso": "2010-04-01"}, "geometry": {"type": "LineString", "coordinates": [[-123.1250715200378, 49.24130859213589], [-123.12507128081539, 49.241317227827345]]}}, {"type": "Feature", "properties": {"SHAPE_Length": 427.93678318010365, "OBJECTID": 21281764, "COV_SOURCE_KEY": "393282", "UPDATED_DATE": 1440106833000, "COV_DATE_UPDATE": 1440106833000, "TBFID": 459731, "ORACLE_ID": "__FJA591", "UNIT_ID_1": "4239896", "UNIT_ID_2": "141240", "MAIN_COMP1": 43, "MAIN_KEY_1": 858087, "MAIN_COMP2": 43, "MAIN_KEY_2": 48994, "ADDRESS_KEY": 157335, "INSTALLATION_DATE": 852105600000, "DEPTH_OF_COVER_M": 1.2200000286102295, "RESTRAINED_JOINT": 0, "CATHODICALLY_PROTECTED": 0, "REMARKS": null, "ASSET_DESCRIPTION": "1200 W 33RD AV", "SPLIT_ON_CITYSIDE": null, "COMPKEY": 265915, "COMPTYPE": 41, "COATING_DATE": null, "LINING_DATE": null, "UPDATED_BY": "enjcr", "WATERMAIN_KEY": 45371, "BUN": null, "PIPE_LENGTH_M": 427.93678318, "PARALLEL_LINE_NUMBER": null, "PRESSURE_ZONE": 173, "PIPE_USE": "Water Main", "SERVICE_STATUS": "In Service (Active)", "SUBSYSTEM": "Transmission", "OWNER": "COVAV", "OPERATOR": "COVAV", "DIAMETER": "600 mm", "PIPE_CLASS": null, "MATERIAL": "Ductile Iron", "LINING_MATERIAL": "Cement Lined", "COATING_MATERIAL": "blank", "FACET": "N17", "CONNECTION_TYPE": null, "DOMESTIC_DIAMETER": null, "DOMESTIC_MATERIAL": null, "FIRE_LIN_DIAMETER": null, "INSTALLED_BY": "City of Vancouver", "FIRE_LIN_MATERIAL": null, "MAP_TOOLTIP": "600 DI CL 1997", "UPDATED_DATE_iso": "2015-08-20", "COV_DATE_UPDATE_iso": "2015-08-20", "INSTALLATION_DATE_iso": "1997-01-01"}, "geometry": {"type": "LineString", "coordinates": [[-123.13387094209563, 49.24168316043531], [-123.13216810178187, 49.24162012145993], [-123.13114792936837, 49.24158200183774], [-123.1280013387097, 49.24146326765398]]}}, {"type": "Feature", "properties": {"SHAPE_Length": 4.301862969091186, "OBJECTID": 21281767, "COV_SOURCE_KEY": "393285", "UPDATED_DATE": 1409079800000, "COV_DATE_UPDATE": 1409079800000, "TBFID": 459734, "ORACLE_ID": "__FJA594", "UNIT_ID_1": "T__FP6KEE", "UNIT_ID_2": "T__FJF0IZ", "MAIN_COMP1": 43, "MAIN_KEY_1": 198542, "MAIN_COMP2": 43, "MAIN_KEY_2": 83874, "ADDRESS_KEY": 147819, "INSTALLATION_DATE": 852105600000, "DEPTH_OF_COVER_M": 1.2200000286102295, "RESTRAINED_JOINT": 0, "CATHODICALLY_PROTECTED": 0, "REMARKS": null, "ASSET_DESCRIPTION": "900 W 33RD AV", "SPLIT_ON_CITYSIDE": null, "COMPKEY": 265919, "COMPTYPE": 41, "COATING_DATE": null, "LINING_DATE": null, "UPDATED_BY": "enjcr", "WATERMAIN_KEY": 45374, "BUN": null, "PIPE_LENGTH_M": 4.30188126, "PARALLEL_LINE_NUMBER": null, "PRESSURE_ZONE": null, "PIPE_USE": "Water Main", "SERVICE_STATUS": "In Service (Active)", "SUBSYSTEM": "Transmission", "OWNER": "COVAV", "OPERATOR": "COVAV", "DIAMETER": "600 mm", "PIPE_CLASS": null, "MATERIAL": "Ductile Iron", "LINING_MATERIAL": "Cement Lined", "COATING_MATERIAL": "blank", "FACET": "N17", "CONNECTION_TYPE": null, "DOMESTIC_DIAMETER": null, "DOMESTIC_MATERIAL": null, "FIRE_LIN_DIAMETER": null, "INSTALLED_BY": "City of Vancouver", "FIRE_LIN_MATERIAL": null, "MAP_TOOLTIP": "600 DI CL 1997", "UPDATED_DATE_iso": "2014-08-26", "COV_DATE_UPDATE_iso": "2014-08-26", "INSTALLATION_DATE_iso": "1997-01-01"}, "geometry": {"type": "LineString", "coordinates": [[-123.12758268843308, 49.24145884632664], [-123.12752370292955, 49.24145642876459]]}}, {"type": "Feature", "properties": {"SHAPE_Length": 448.807715113428, "OBJECTID": 21281768, "COV_SOURCE_KEY": "393286", "UPDATED_DATE": 1409079796000, "COV_DATE_UPDATE": 1409079796000, "TBFID": 459735, "ORACLE_ID": "__FJA595", "UNIT_ID_1": "T__FJF0IZ", "UNIT_ID_2": "T__FP5S1I", "MAIN_COMP1": 43, "MAIN_KEY_1": 83874, "MAIN_COMP2": 43, "MAIN_KEY_2": 156117, "ADDRESS_KEY": 150485, "INSTALLATION_DATE": 852105600000, "DEPTH_OF_COVER_M": 1.2200000286102295, "RESTRAINED_JOINT": 0, "CATHODICALLY_PROTECTED": 0, "REMARKS": null, "ASSET_DESCRIPTION": "900 W 33RD AV", "SPLIT_ON_CITYSIDE": null, "COMPKEY": 265920, "COMPTYPE": 41, "COATING_DATE": null, "LINING_DATE": null, "UPDATED_BY": "enjcr", "WATERMAIN_KEY": 45375, "BUN": null, "PIPE_LENGTH_M": 448.80762395, "PARALLEL_LINE_NUMBER": null, "PRESSURE_ZONE": null, "PIPE_USE": "Water Main", "SERVICE_STATUS": "In Service (Active)", "SUBSYSTEM": "Transmission", "OWNER": "COVAV", "OPERATOR": "COVAV", "DIAMETER": "600 mm", "PIPE_CLASS": null, "MATERIAL": "Ductile Iron", "LINING_MATERIAL": "Cement Lined", "COATING_MATERIAL": "blank", "FACET": "O17", "CONNECTION_TYPE": null, "DOMESTIC_DIAMETER": null, "DOMESTIC_MATERIAL": null, "FIRE_LIN_DIAMETER": null, "INSTALLED_BY": "City of Vancouver", "FIRE_LIN_MATERIAL": null, "MAP_TOOLTIP": "600 DI CL 1997", "UPDATED_DATE_iso": "2014-08-26", "COV_DATE_UPDATE_iso": "2014-08-26", "INSTALLATION_DATE_iso": "1997-01-01"}, "geometry": {"type": "LineString", "coordinates": [[-123.12752370292955, 49.24145642876459], [-123.12687028941393, 49.24143044129751], [-123.1251446181868, 49.24136679315036], [-123.12379478491142, 49.24131611102486], [-123.12136791475562, 49.24122524346915]]}}, {"type": "Feature", "properties": {"SHAPE_Length": 173.38583679747362, "OBJECTID": 21281769, "COV_SOURCE_KEY": "393288", "UPDATED_DATE": 1440106831000, "COV_DATE_UPDATE": 1440106831000, "TBFID": 459737, "ORACLE_ID": "__FJA597", "UNIT_ID_1": "209222", "UNIT_ID_2": "140601", "MAIN_COMP1": 43, "MAIN_KEY_1": 151263, "MAIN_COMP2": 43, "MAIN_KEY_2": 49549, "ADDRESS_KEY": 157256, "INSTALLATION_DATE": 852105600000, "DEPTH_OF_COVER_M": 1.2200000286102295, "RESTRAINED_JOINT": 0, "CATHODICALLY_PROTECTED": 0, "REMARKS": null, "ASSET_DESCRIPTION": "600 W 33RD AV", "SPLIT_ON_CITYSIDE": null, "COMPKEY": 265923, "COMPTYPE": 41, "COATING_DATE": null, "LINING_DATE": null, "UPDATED_BY": "enjcr", "WATERMAIN_KEY": 45377, "BUN": null, "PIPE_LENGTH_M": 173.38593167, "PARALLEL_LINE_NUMBER": null, "PRESSURE_ZONE": null, "PIPE_USE": "Water Main", "SERVICE_STATUS": "In Service (Active)", "SUBSYSTEM": "Transmission", "OWNER": "COVAV", "OPERATOR": "COVAV", "DIAMETER": "600 mm", "PIPE_CLASS": null, "MATERIAL": "Ductile Iron", "LINING_MATERIAL": "Cement Lined", "COATING_MATERIAL": "blank", "FACET": "O17", "CONNECTION_TYPE": null, "DOMESTIC_DIAMETER": null, "DOMESTIC_MATERIAL": null, "FIRE_LIN_DIAMETER": null, "INSTALLED_BY": "City of Vancouver", "FIRE_LIN_MATERIAL": null, "MAP_TOOLTIP": "600 DI CL 1997", "UPDATED_DATE_iso": "2015-08-20", "COV_DATE_UPDATE_iso": "2015-08-20", "INSTALLATION_DATE_iso": "1997-01-01"}, "geometry": {"type": "LineString", "coordinates": [[-123.11872677478149, 49.24110523883387], [-123.1163479094188, 49.241024803881096]]}}, {"type": "Feature", "properties": {"SHAPE_Length": 0.9483469828841377, "OBJECTID": 21281770, "COV_SOURCE_KEY": "393289", "UPDATED_DATE": 1440106830000, "COV_DATE_UPDATE": 1440106830000, "TBFID": 459738, "ORACLE_ID": "__FJA598", "UNIT_ID_1": "140601", "UNIT_ID_2": "140600", "MAIN_COMP1": 43, "MAIN_KEY_1": 49549, "MAIN_COMP2": 43, "MAIN_KEY_2": 49548, "ADDRESS_KEY": 155937, "INSTALLATION_DATE": 852105600000, "DEPTH_OF_COVER_M": 1.2200000286102295, "RESTRAINED_JOINT": 1, "CATHODICALLY_PROTECTED": 0, "REMARKS": null, "ASSET_DESCRIPTION": "400 W 33RD AV", "SPLIT_ON_CITYSIDE": null, "COMPKEY": 265925, "COMPTYPE": 41, "COATING_DATE": null, "LINING_DATE": null, "UPDATED_BY": "enjcr", "WATERMAIN_KEY": 45378, "BUN": null, "PIPE_LENGTH_M": 0.94830111, "PARALLEL_LINE_NUMBER": null, "PRESSURE_ZONE": null, "PIPE_USE": "Water Main", "SERVICE_STATUS": "In Service (Active)", "SUBSYSTEM": "Transmission", "OWNER": "COVAV", "OPERATOR": "COVAV", "DIAMETER": "600 mm", "PIPE_CLASS": null, "MATERIAL": "Ductile Iron", "LINING_MATERIAL": "Cement Lined", "COATING_MATERIAL": "blank", "FACET": "O17", "CONNECTION_TYPE": null, "DOMESTIC_DIAMETER": null, "DOMESTIC_MATERIAL": null, "FIRE_LIN_DIAMETER": null, "INSTALLED_BY": "City of Vancouver", "FIRE_LIN_MATERIAL": null, "MAP_TOOLTIP": "600 DI CL 1997 RJ", "UPDATED_DATE_iso": "2015-08-20", "COV_DATE_UPDATE_iso": "2015-08-20", "INSTALLATION_DATE_iso": "1997-01-01"}, "geometry": {"type": "LineString", "coordinates": [[-123.1163479094188, 49.241024803881096], [-123.11633579854038, 49.24102165874721]]}}, {"type": "Feature", "properties": {"SHAPE_Length": 199.56619969534157, "OBJECTID": 21281771, "COV_SOURCE_KEY": "393290", "UPDATED_DATE": 1378852570000, "COV_DATE_UPDATE": 1378852570000, "TBFID": 459739, "ORACLE_ID": "__FJA599", "UNIT_ID_1": "218115", "UNIT_ID_2": "225231", "MAIN_COMP1": 43, "MAIN_KEY_1": 191927, "MAIN_COMP2": 43, "MAIN_KEY_2": 133193, "ADDRESS_KEY": 157256, "INSTALLATION_DATE": -347126400000, "DEPTH_OF_COVER_M": 1.2200000286102295, "RESTRAINED_JOINT": 0, "CATHODICALLY_PROTECTED": 0, "REMARKS": "Welded Steel", "ASSET_DESCRIPTION": "600 W 33RD AV", "SPLIT_ON_CITYSIDE": null, "COMPKEY": 265926, "COMPTYPE": 41, "COATING_DATE": null, "LINING_DATE": null, "UPDATED_BY": "ENJCR", "WATERMAIN_KEY": 45379, "BUN": null, "PIPE_LENGTH_M": 199.56579248, "PARALLEL_LINE_NUMBER": null, "PRESSURE_ZONE": null, "PIPE_USE": "Water Main", "SERVICE_STATUS": "In Service (Active)", "SUBSYSTEM": "Transmission", "OWNER": "COVAV", "OPERATOR": "COVAV", "DIAMETER": "750 mm", "PIPE_CLASS": null, "MATERIAL": "Steel", "LINING_MATERIAL": "Coal Tar", "COATING_MATERIAL": "blank", "FACET": "O17", "CONNECTION_TYPE": null, "DOMESTIC_DIAMETER": null, "DOMESTIC_MATERIAL": null, "FIRE_LIN_DIAMETER": null, "INSTALLED_BY": "City of Vancouver", "FIRE_LIN_MATERIAL": null, "MAP_TOOLTIP": "750 S CTAR 1959", "UPDATED_DATE_iso": "2013-09-10", "COV_DATE_UPDATE_iso": "2013-09-10", "INSTALLATION_DATE_iso": "1959-01-01"}, "geometry": {"type": "LineString", "coordinates": [[-123.11874676897044, 49.24102131066496], [-123.11600890464953, 49.240926323060734]]}}, {"type": "Feature", "properties": {"SHAPE_Length": 201.28584703013064, "OBJECTID": 21283813, "COV_SOURCE_KEY": "377935", "UPDATED_DATE": 1440106894000, "COV_DATE_UPDATE": 1440106894000, "TBFID": 444019, "ORACLE_ID": "__FJ9RBR", "UNIT_ID_1": "233921", "UNIT_ID_2": "220022", "MAIN_COMP1": 43, "MAIN_KEY_1": 124500, "MAIN_COMP2": 43, "MAIN_KEY_2": 147807, "ADDRESS_KEY": 149889, "INSTALLATION_DATE": 883641600000, "DEPTH_OF_COVER_M": 1.2200000286102295, "RESTRAINED_JOINT": 1, "CATHODICALLY_PROTECTED": 0, "REMARKS": "MJ - TJ Pipe", "ASSET_DESCRIPTION": "3600 HEATHER ST", "SPLIT_ON_CITYSIDE": null, "COMPKEY": 245727, "COMPTYPE": 41, "COATING_DATE": null, "LINING_DATE": null, "UPDATED_BY": "enjcr", "WATERMAIN_KEY": 30950, "BUN": null, "PIPE_LENGTH_M": 201.28583778, "PARALLEL_LINE_NUMBER": null, "PRESSURE_ZONE": null, "PIPE_USE": "Water Main", "SERVICE_STATUS": "In Service (Active)", "SUBSYSTEM": "Transmission", "OWNER": "COVAV", "OPERATOR": "COVAV", "DIAMETER": "600 mm", "PIPE_CLASS": null, "MATERIAL": "Ductile Iron Concrete Lined", "LINING_MATERIAL": null, "COATING_MATERIAL": "Poly Bagged", "FACET": "O15", "CONNECTION_TYPE": null, "DOMESTIC_DIAMETER": null, "DOMESTIC_MATERIAL": null, "FIRE_LIN_DIAMETER": null, "INSTALLED_BY": "City of Vancouver", "FIRE_LIN_MATERIAL": null, "MAP_TOOLTIP": "600 DICL  1998 RJ", "UPDATED_DATE_iso": "2015-08-20", "COV_DATE_UPDATE_iso": "2015-08-20", "INSTALLATION_DATE_iso": "1998-01-01"}, "geometry": {"type": "LineString", "coordinates": [[-123.12028266666772, 49.25335409282903], [-123.12031545763357, 49.25246763335518], [-123.1203490090611, 49.251544004669526]]}}, {"type": "Feature", "properties": {"SHAPE_Length": 13.694999086739763, "OBJECTID": 21284711, "COV_SOURCE_KEY": "377550", "UPDATED_DATE": 1270093870000, "COV_DATE_UPDATE": 1270093870000, "TBFID": 442450, "ORACLE_ID": "__FJ9RKD", "UNIT_ID_1": "T__FP6B5W", "UNIT_ID_2": "T__FP56ZB", "MAIN_COMP1": 43, "MAIN_KEY_1": 184895, "MAIN_COMP2": 43, "MAIN_KEY_2": 122974, "ADDRESS_KEY": 149565, "INSTALLATION_DATE": 220953600000, "DEPTH_OF_COVER_M": 1.2200000286102295, "RESTRAINED_JOINT": 0, "CATHODICALLY_PROTECTED": 0, "REMARKS": null, "ASSET_DESCRIPTION": "4200 HEATHER ST", "SPLIT_ON_CITYSIDE": null, "COMPKEY": 246034, "COMPTYPE": 41, "COATING_DATE": null, "LINING_DATE": null, "UPDATED_BY": "enfoz", "WATERMAIN_KEY": 31195, "BUN": null, "PIPE_LENGTH_M": 13.69488362, "PARALLEL_LINE_NUMBER": null, "PRESSURE_ZONE": null, "PIPE_USE": "Water Main", "SERVICE_STATUS": "In Service (Active)", "SUBSYSTEM": "Transmission", "OWNER": "COVAV", "OPERATOR": "COVAV", "DIAMETER": "600 mm", "PIPE_CLASS": null, "MATERIAL": "Ductile Iron", "LINING_MATERIAL": "Cement Lined", "COATING_MATERIAL": "blank", "FACET": "O16", "CONNECTION_TYPE": null, "DOMESTIC_DIAMETER": null, "DOMESTIC_MATERIAL": null, "FIRE_LIN_DIAMETER": null, "INSTALLED_BY": "City of Vancouver", "FIRE_LIN_MATERIAL": null, "MAP_TOOLTIP": "600 DI CL 1977", "UPDATED_DATE_iso": "2010-04-01", "COV_DATE_UPDATE_iso": "2010-04-01", "INSTALLATION_DATE_iso": "1977-01-01"}, "geometry": {"type": "LineString", "coordinates": [[-123.12048763333154, 49.24781259428923], [-123.12048284909523, 49.247935743999925]]}}, {"type": "Feature", "properties": {"SHAPE_Length": 310.8561644380723, "OBJECTID": 21285496, "COV_SOURCE_KEY": "376680", "UPDATED_DATE": 1270093000000, "COV_DATE_UPDATE": 1270093000000, "TBFID": 443026, "ORACLE_ID": "__FJ9PZI", "UNIT_ID_1": "T__FP64YJ", "UNIT_ID_2": "T__FP6K4R", "MAIN_COMP1": 43, "MAIN_KEY_1": 175648, "MAIN_COMP2": 43, "MAIN_KEY_2": 198166, "ADDRESS_KEY": 147819, "INSTALLATION_DATE": -757353600000, "DEPTH_OF_COVER_M": 1.2200000286102295, "RESTRAINED_JOINT": 0, "CATHODICALLY_PROTECTED": 0, "REMARKS": null, "ASSET_DESCRIPTION": "4800 LANE", "SPLIT_ON_CITYSIDE": null, "COMPKEY": 244092, "COMPTYPE": 41, "COATING_DATE": null, "LINING_DATE": null, "UPDATED_BY": "enfoz", "WATERMAIN_KEY": 29651, "BUN": null, "PIPE_LENGTH_M": 310.85625337, "PARALLEL_LINE_NUMBER": null, "PRESSURE_ZONE": null, "PIPE_USE": "Water Main", "SERVICE_STATUS": "In Service (Active)", "SUBSYSTEM": "Transmission", "OWNER": "GVWD", "OPERATOR": "GVWD", "DIAMETER": "1200 mm", "PIPE_CLASS": null, "MATERIAL": "Steel", "LINING_MATERIAL": "blank", "COATING_MATERIAL": "blank", "FACET": "N17", "CONNECTION_TYPE": null, "DOMESTIC_DIAMETER": null, "DOMESTIC_MATERIAL": null, "FIRE_LIN_DIAMETER": null, "INSTALLED_BY": "City of Vancouver", "FIRE_LIN_MATERIAL": null, "MAP_TOOLTIP": "1200 S n/a 1946 GVWD", "UPDATED_DATE_iso": "2010-04-01", "COV_DATE_UPDATE_iso": "2010-04-01", "INSTALLATION_DATE_iso": "1946-01-01"}, "geometry": {"type": "LineString", "coordinates": [[-123.12939883743337, 49.24156061351559], [-123.12513670639652, 49.241383721770696]]}}, {"type": "Feature", "properties": {"SHAPE_Length": 96.57925742657962, "OBJECTID": 21288365, "COV_SOURCE_KEY": "377452", "UPDATED_DATE": 1270093821000, "COV_DATE_UPDATE": 1270093821000, "TBFID": 442059, "ORACLE_ID": "__FJ9RJ8", "UNIT_ID_1": "T__FP582R", "UNIT_ID_2": "T__FP60FO", "MAIN_COMP1": 43, "MAIN_KEY_1": 124715, "MAIN_COMP2": 43, "MAIN_KEY_2": 168842, "ADDRESS_KEY": 152538, "INSTALLATION_DATE": 220953600000, "DEPTH_OF_COVER_M": 1.2200000286102295, "RESTRAINED_JOINT": 0, "CATHODICALLY_PROTECTED": 0, "REMARKS": null, "ASSET_DESCRIPTION": "4300 HEATHER ST", "SPLIT_ON_CITYSIDE": null, "COMPKEY": 245990, "COMPTYPE": 41, "COATING_DATE": null, "LINING_DATE": null, "UPDATED_BY": "enfoz", "WATERMAIN_KEY": 31160, "BUN": null, "PIPE_LENGTH_M": 96.57918198, "PARALLEL_LINE_NUMBER": null, "PRESSURE_ZONE": null, "PIPE_USE": "Water Main", "SERVICE_STATUS": "In Service (Active)", "SUBSYSTEM": "Transmission", "OWNER": "COVAV", "OPERATOR": "COVAV", "DIAMETER": "600 mm", "PIPE_CLASS": null, "MATERIAL": "Ductile Iron", "LINING_MATERIAL": "Cement Lined", "COATING_MATERIAL": "blank", "FACET": "O16", "CONNECTION_TYPE": null, "DOMESTIC_DIAMETER": null, "DOMESTIC_MATERIAL": null, "FIRE_LIN_DIAMETER": null, "INSTALLED_BY": "City of Vancouver", "FIRE_LIN_MATERIAL": null, "MAP_TOOLTIP": "600 DI CL 1977", "UPDATED_DATE_iso": "2010-04-01", "COV_DATE_UPDATE_iso": "2010-04-01", "INSTALLATION_DATE_iso": "1977-01-01"}, "geometry": {"type": "LineString", "coordinates": [[-123.1205386276875, 49.246312972800624], [-123.12051356425592, 49.2471815696915]]}}, {"type": "Feature", "properties": {"SHAPE_Length": 70.17647686372989, "OBJECTID": 21288366, "COV_SOURCE_KEY": "377453", "UPDATED_DATE": 1270093822000, "COV_DATE_UPDATE": 1270093822000, "TBFID": 442060, "ORACLE_ID": "__FJ9RJ9", "UNIT_ID_1": "T__FP60FO", "UNIT_ID_2": "T__FP6B5W", "MAIN_COMP1": 43, "MAIN_KEY_1": 168842, "MAIN_COMP2": 43, "MAIN_KEY_2": 184895, "ADDRESS_KEY": 149565, "INSTALLATION_DATE": 220953600000, "DEPTH_OF_COVER_M": 1.2200000286102295, "RESTRAINED_JOINT": 0, "CATHODICALLY_PROTECTED": 0, "REMARKS": null, "ASSET_DESCRIPTION": "4200 HEATHER ST", "SPLIT_ON_CITYSIDE": null, "COMPKEY": 245991, "COMPTYPE": 41, "COATING_DATE": null, "LINING_DATE": null, "UPDATED_BY": "enfoz", "WATERMAIN_KEY": 31161, "BUN": null, "PIPE_LENGTH_M": 70.17689749, "PARALLEL_LINE_NUMBER": null, "PRESSURE_ZONE": null, "PIPE_USE": "Water Main", "SERVICE_STATUS": "In Service (Active)", "SUBSYSTEM": "Transmission", "OWNER": "COVAV", "OPERATOR": "COVAV", "DIAMETER": "600 mm", "PIPE_CLASS": null, "MATERIAL": "Ductile Iron", "LINING_MATERIAL": "Cement Lined", "COATING_MATERIAL": "blank", "FACET": "O16", "CONNECTION_TYPE": null, "DOMESTIC_DIAMETER": null, "DOMESTIC_MATERIAL": null, "FIRE_LIN_DIAMETER": null, "INSTALLED_BY": "City of Vancouver", "FIRE_LIN_MATERIAL": null, "MAP_TOOLTIP": "600 DI CL 1977", "UPDATED_DATE_iso": "2010-04-01", "COV_DATE_UPDATE_iso": "2010-04-01", "INSTALLATION_DATE_iso": "1977-01-01"}, "geometry": {"type": "LineString", "coordinates": [[-123.12051356425592, 49.2471815696915], [-123.12048763333154, 49.24781259428923]]}}, {"type": "Feature", "properties": {"SHAPE_Length": 38.51108372964888, "OBJECTID": 21289359, "COV_SOURCE_KEY": "371487", "UPDATED_DATE": 1346198560000, "COV_DATE_UPDATE": 1346198560000, "TBFID": 440870, "ORACLE_ID": "__FJ9JPZ", "UNIT_ID_1": "207941", "UNIT_ID_2": "4182626", "MAIN_COMP1": 0, "MAIN_KEY_1": 197770, "MAIN_COMP2": 43, "MAIN_KEY_2": 802610, "ADDRESS_KEY": 157480, "INSTALLATION_DATE": -31507200000, "DEPTH_OF_COVER_M": 1.2200000286102295, "RESTRAINED_JOINT": 0, "CATHODICALLY_PROTECTED": 0, "REMARKS": null, "ASSET_DESCRIPTION": "4900 5000  KERSLAND DRIVE", "SPLIT_ON_CITYSIDE": null, "COMPKEY": 236012, "COMPTYPE": 41, "COATING_DATE": null, "LINING_DATE": null, "UPDATED_BY": "ENJCR", "WATERMAIN_KEY": 23388, "BUN": null, "PIPE_LENGTH_M": 38.51108373, "PARALLEL_LINE_NUMBER": null, "PRESSURE_ZONE": 173, "PIPE_USE": "Water Main", "SERVICE_STATUS": "In Service (Active)", "SUBSYSTEM": "Transmission", "OWNER": "GVWD", "OPERATOR": "GVWD", "DIAMETER": "1500 mm", "PIPE_CLASS": null, "MATERIAL": "Steel", "LINING_MATERIAL": "blank", "COATING_MATERIAL": "blank", "FACET": "O17", "CONNECTION_TYPE": null, "DOMESTIC_DIAMETER": null, "DOMESTIC_MATERIAL": null, "FIRE_LIN_DIAMETER": null, "INSTALLED_BY": "City of Vancouver", "FIRE_LIN_MATERIAL": null, "MAP_TOOLTIP": "1500 S n/a 1969 GVWD", "UPDATED_DATE_iso": "2012-08-29", "COV_DATE_UPDATE_iso": "2012-08-29", "INSTALLATION_DATE_iso": "1969-01-01"}, "geometry": {"type": "LineString", "coordinates": [[-123.11681901090031, 49.240884821266064], [-123.11720755112378, 49.24111995016099]]}}, {"type": "Feature", "properties": {"SHAPE_Length": 63.616122399066185, "OBJECTID": 21289360, "COV_SOURCE_KEY": "371488", "UPDATED_DATE": 1346198560000, "COV_DATE_UPDATE": 1346198560000, "TBFID": 440871, "ORACLE_ID": "__FJ9JQ0", "UNIT_ID_1": "4182728", "UNIT_ID_2": "218324", "MAIN_COMP1": 43, "MAIN_KEY_1": 802607, "MAIN_COMP2": 0, "MAIN_KEY_2": 187463, "ADDRESS_KEY": 155937, "INSTALLATION_DATE": -757353600000, "DEPTH_OF_COVER_M": 1.2200000286102295, "RESTRAINED_JOINT": 0, "CATHODICALLY_PROTECTED": 0, "REMARKS": null, "ASSET_DESCRIPTION": "400 500  W 33RD AV", "SPLIT_ON_CITYSIDE": null, "COMPKEY": 236014, "COMPTYPE": 41, "COATING_DATE": null, "LINING_DATE": null, "UPDATED_BY": "ENJCR", "WATERMAIN_KEY": 23389, "BUN": null, "PIPE_LENGTH_M": 63.6161224, "PARALLEL_LINE_NUMBER": null, "PRESSURE_ZONE": 173, "PIPE_USE": "Water Main", "SERVICE_STATUS": "In Service (Active)", "SUBSYSTEM": "Transmission", "OWNER": "GVWD", "OPERATOR": "GVWD", "DIAMETER": "1200 mm", "PIPE_CLASS": null, "MATERIAL": "Steel", "LINING_MATERIAL": "blank", "COATING_MATERIAL": "blank", "FACET": "O17", "CONNECTION_TYPE": null, "DOMESTIC_DIAMETER": null, "DOMESTIC_MATERIAL": null, "FIRE_LIN_DIAMETER": null, "INSTALLED_BY": "City of Vancouver", "FIRE_LIN_MATERIAL": null, "MAP_TOOLTIP": "1200 S n/a 1946 GVWD", "UPDATED_DATE_iso": "2012-08-29", "COV_DATE_UPDATE_iso": "2012-08-29", "INSTALLATION_DATE_iso": "1946-01-01"}, "geometry": {"type": "LineString", "coordinates": [[-123.11733008040868, 49.241101142668505], [-123.11645748052042, 49.24106898605356]]}}, {"type": "Feature", "properties": {"SHAPE_Length": 4.4399740994705725, "OBJECTID": 21289361, "COV_SOURCE_KEY": "371489", "UPDATED_DATE": 1346198560000, "COV_DATE_UPDATE": 1346198560000, "TBFID": 440872, "ORACLE_ID": "__FJ9JQ1", "UNIT_ID_1": "218812", "UNIT_ID_2": "4182436", "MAIN_COMP1": 0, "MAIN_KEY_1": 193872, "MAIN_COMP2": 43, "MAIN_KEY_2": 802619, "ADDRESS_KEY": 155937, "INSTALLATION_DATE": null, "DEPTH_OF_COVER_M": 1.2200000286102295, "RESTRAINED_JOINT": 0, "CATHODICALLY_PROTECTED": 0, "REMARKS": null, "ASSET_DESCRIPTION": "400 W 33RD AV", "SPLIT_ON_CITYSIDE": null, "COMPKEY": 236015, "COMPTYPE": 41, "COATING_DATE": null, "LINING_DATE": null, "UPDATED_BY": "ENJCR", "WATERMAIN_KEY": 23390, "BUN": null, "PIPE_LENGTH_M": 4.4399741, "PARALLEL_LINE_NUMBER": null, "PRESSURE_ZONE": 173, "PIPE_USE": "Water Main", "SERVICE_STATUS": "In Service (Active)", "SUBSYSTEM": "Transmission", "OWNER": "GVWD", "OPERATOR": "GVWD", "DIAMETER": "650 mm", "PIPE_CLASS": null, "MATERIAL": "Steel", "LINING_MATERIAL": "blank", "COATING_MATERIAL": "blank", "FACET": "O17", "CONNECTION_TYPE": null, "DOMESTIC_DIAMETER": null, "DOMESTIC_MATERIAL": null, "FIRE_LIN_DIAMETER": null, "INSTALLED_BY": "City of Vancouver", "FIRE_LIN_MATERIAL": null, "MAP_TOOLTIP": "650 S n/a  GVWD", "UPDATED_DATE_iso": "2012-08-29", "COV_DATE_UPDATE_iso": "2012-08-29"}, "geometry": {"type": "LineString", "coordinates": [[-123.1155898217504, 49.240981353240926], [-123.115650296386, 49.240986572925706]]}}, {"type": "Feature", "properties": {"SHAPE_Length": 2.530565550127245, "OBJECTID": 21289363, "COV_SOURCE_KEY": "371491", "UPDATED_DATE": 1270088930000, "COV_DATE_UPDATE": 1270088930000, "TBFID": 440874, "ORACLE_ID": "__FJ9JQ3", "UNIT_ID_1": "T__FP5WBC", "UNIT_ID_2": "T__FP5OMQ", "MAIN_COMP1": 43, "MAIN_KEY_1": 162704, "MAIN_COMP2": 43, "MAIN_KEY_2": 150963, "ADDRESS_KEY": 155937, "INSTALLATION_DATE": -94665600000, "DEPTH_OF_COVER_M": 1.2200000286102295, "RESTRAINED_JOINT": 0, "CATHODICALLY_PROTECTED": 0, "REMARKS": null, "ASSET_DESCRIPTION": "400 W 33RD AV", "SPLIT_ON_CITYSIDE": null, "COMPKEY": 236017, "COMPTYPE": 41, "COATING_DATE": null, "LINING_DATE": null, "UPDATED_BY": "enfoz", "WATERMAIN_KEY": 23392, "BUN": null, "PIPE_LENGTH_M": 2.53136917, "PARALLEL_LINE_NUMBER": null, "PRESSURE_ZONE": null, "PIPE_USE": "Water Main", "SERVICE_STATUS": "In Service (Active)", "SUBSYSTEM": "Transmission", "OWNER": "GVWD", "OPERATOR": "GVWD", "DIAMETER": "1200 mm", "PIPE_CLASS": null, "MATERIAL": "Steel", "LINING_MATERIAL": "blank", "COATING_MATERIAL": "blank", "FACET": "O17", "CONNECTION_TYPE": null, "DOMESTIC_DIAMETER": null, "DOMESTIC_MATERIAL": null, "FIRE_LIN_DIAMETER": null, "INSTALLED_BY": "City of Vancouver", "FIRE_LIN_MATERIAL": null, "MAP_TOOLTIP": "1200 S n/a 1967 GVWD", "UPDATED_DATE_iso": "2010-04-01", "COV_DATE_UPDATE_iso": "2010-04-01", "INSTALLATION_DATE_iso": "1967-01-01"}, "geometry": {"type": "LineString", "coordinates": [[-123.11580321142385, 49.24091917131749], [-123.11577174178244, 49.24090949699113]]}}, {"type": "Feature", "properties": {"SHAPE_Length": 5.11202503860554, "OBJECTID": 21289364, "COV_SOURCE_KEY": "371492", "UPDATED_DATE": 1285909928000, "COV_DATE_UPDATE": 1285909928000, "TBFID": 440875, "ORACLE_ID": "__FJ9JQ4", "UNIT_ID_1": "T__FP5VMK", "UNIT_ID_2": "T__FJB30Z", "MAIN_COMP1": 43, "MAIN_KEY_1": 161643, "MAIN_COMP2": 43, "MAIN_KEY_2": 56055, "ADDRESS_KEY": 98106, "INSTALLATION_DATE": null, "DEPTH_OF_COVER_M": 1.2200000286102295, "RESTRAINED_JOINT": 0, "CATHODICALLY_PROTECTED": 0, "REMARKS": null, "ASSET_DESCRIPTION": "400 W 33RD AV", "SPLIT_ON_CITYSIDE": null, "COMPKEY": 236019, "COMPTYPE": 41, "COATING_DATE": null, "LINING_DATE": null, "UPDATED_BY": "enhanmgetask", "WATERMAIN_KEY": 23393, "BUN": null, "PIPE_LENGTH_M": 5.11194349, "PARALLEL_LINE_NUMBER": null, "PRESSURE_ZONE": null, "PIPE_USE": "Water Main", "SERVICE_STATUS": "In Service (Active)", "SUBSYSTEM": "Transmission", "OWNER": "GVWD", "OPERATOR": "GVWD", "DIAMETER": "600 mm", "PIPE_CLASS": null, "MATERIAL": "<blank>", "LINING_MATERIAL": "blank", "COATING_MATERIAL": "blank", "FACET": "O17", "CONNECTION_TYPE": null, "DOMESTIC_DIAMETER": null, "DOMESTIC_MATERIAL": null, "FIRE_LIN_DIAMETER": null, "INSTALLED_BY": "City of Vancouver", "FIRE_LIN_MATERIAL": null, "MAP_TOOLTIP": "600 n/a n/a  GVWD", "UPDATED_DATE_iso": "2010-10-01", "COV_DATE_UPDATE_iso": "2010-10-01"}, "geometry": {"type": "LineString", "coordinates": [[-123.11565892488116, 49.24106928453455], [-123.11561652513532, 49.241032626386456]]}}, {"type": "Feature", "properties": {"SHAPE_Length": 120.214233649817, "OBJECTID": 21289365, "COV_SOURCE_KEY": "371493", "UPDATED_DATE": 1285909928000, "COV_DATE_UPDATE": 1285909928000, "TBFID": 440876, "ORACLE_ID": "__FJ9JQ5", "UNIT_ID_1": "T__FJB312", "UNIT_ID_2": "T__FP5VMK", "MAIN_COMP1": 43, "MAIN_KEY_1": 56059, "MAIN_COMP2": 43, "MAIN_KEY_2": 161643, "ADDRESS_KEY": 98106, "INSTALLATION_DATE": null, "DEPTH_OF_COVER_M": 1.2200000286102295, "RESTRAINED_JOINT": 0, "CATHODICALLY_PROTECTED": 0, "REMARKS": null, "ASSET_DESCRIPTION": " ", "SPLIT_ON_CITYSIDE": null, "COMPKEY": 236020, "COMPTYPE": 41, "COATING_DATE": null, "LINING_DATE": null, "UPDATED_BY": "enhanmgetask", "WATERMAIN_KEY": 23394, "BUN": null, "PIPE_LENGTH_M": 120.21443339, "PARALLEL_LINE_NUMBER": null, "PRESSURE_ZONE": null, "PIPE_USE": "Water Main", "SERVICE_STATUS": "In Service (Active)", "SUBSYSTEM": "Transmission", "OWNER": "GVWD", "OPERATOR": "GVWD", "DIAMETER": "1200 mm", "PIPE_CLASS": null, "MATERIAL": "<blank>", "LINING_MATERIAL": "blank", "COATING_MATERIAL": "blank", "FACET": "O17", "CONNECTION_TYPE": null, "DOMESTIC_DIAMETER": null, "DOMESTIC_MATERIAL": null, "FIRE_LIN_DIAMETER": null, "INSTALLED_BY": "City of Vancouver", "FIRE_LIN_MATERIAL": null, "MAP_TOOLTIP": "1200 n/a n/a  GVWD", "UPDATED_DATE_iso": "2010-10-01", "COV_DATE_UPDATE_iso": "2010-10-01"}, "geometry": {"type": "LineString", "coordinates": [[-123.11432852421387, 49.24171002652017], [-123.11565892488116, 49.24106928453455]]}}, {"type": "Feature", "properties": {"SHAPE_Length": 116.32524909861081, "OBJECTID": 21289366, "COV_SOURCE_KEY": "371494", "UPDATED_DATE": 1285909928000, "COV_DATE_UPDATE": 1285909928000, "TBFID": 440877, "ORACLE_ID": "__FJ9JQ6", "UNIT_ID_1": "T__FP5OMQ", "UNIT_ID_2": "T__FP63OB", "MAIN_COMP1": 43, "MAIN_KEY_1": 150963, "MAIN_COMP2": 43, "MAIN_KEY_2": 173630, "ADDRESS_KEY": 98106, "INSTALLATION_DATE": -94665600000, "DEPTH_OF_COVER_M": 1.2200000286102295, "RESTRAINED_JOINT": 0, "CATHODICALLY_PROTECTED": 0, "REMARKS": null, "ASSET_DESCRIPTION": "400 W 33RD AV", "SPLIT_ON_CITYSIDE": null, "COMPKEY": 236021, "COMPTYPE": 41, "COATING_DATE": null, "LINING_DATE": null, "UPDATED_BY": "enhanmgetask", "WATERMAIN_KEY": 23395, "BUN": null, "PIPE_LENGTH_M": 116.32550259, "PARALLEL_LINE_NUMBER": null, "PRESSURE_ZONE": null, "PIPE_USE": "Water Main", "SERVICE_STATUS": "In Service (Active)", "SUBSYSTEM": "Transmission", "OWNER": "GVWD", "OPERATOR": "GVWD", "DIAMETER": "1200 mm", "PIPE_CLASS": null, "MATERIAL": "Steel", "LINING_MATERIAL": "blank", "COATING_MATERIAL": "blank", "FACET": "O18", "CONNECTION_TYPE": null, "DOMESTIC_DIAMETER": null, "DOMESTIC_MATERIAL": null, "FIRE_LIN_DIAMETER": null, "INSTALLED_BY": "City of Vancouver", "FIRE_LIN_MATERIAL": null, "MAP_TOOLTIP": "1200 S n/a 1967 GVWD", "UPDATED_DATE_iso": "2010-10-01", "COV_DATE_UPDATE_iso": "2010-10-01", "INSTALLATION_DATE_iso": "1967-01-01"}, "geometry": {"type": "LineString", "coordinates": [[-123.11577174178244, 49.24090949699113], [-123.1143246621726, 49.240465466651294]]}}, {"type": "Feature", "properties": {"SHAPE_Length": 150.2723389349907, "OBJECTID": 21289718, "COV_SOURCE_KEY": "377676", "UPDATED_DATE": 1378852577000, "COV_DATE_UPDATE": 1378852577000, "TBFID": 442970, "ORACLE_ID": "__FJ9QZC", "UNIT_ID_1": "220600", "UNIT_ID_2": "226624", "MAIN_COMP1": 43, "MAIN_KEY_1": 135572, "MAIN_COMP2": 43, "MAIN_KEY_2": 163086, "ADDRESS_KEY": 149419, "INSTALLATION_DATE": -1230739200000, "DEPTH_OF_COVER_M": 1.2200000286102295, "RESTRAINED_JOINT": 0, "CATHODICALLY_PROTECTED": 0, "REMARKS": "Riveted Steel", "ASSET_DESCRIPTION": "4900 OSLER ST", "SPLIT_ON_CITYSIDE": null, "COMPKEY": 245270, "COMPTYPE": 41, "COATING_DATE": null, "LINING_DATE": null, "UPDATED_BY": "ENJCR", "WATERMAIN_KEY": 30586, "BUN": null, "PIPE_LENGTH_M": 150.27239869, "PARALLEL_LINE_NUMBER": null, "PRESSURE_ZONE": null, "PIPE_USE": "Water Main", "SERVICE_STATUS": "In Service (Active)", "SUBSYSTEM": "Transmission", "OWNER": "COVAV", "OPERATOR": "COVAV", "DIAMETER": "600 mm", "PIPE_CLASS": null, "MATERIAL": "Steel", "LINING_MATERIAL": "blank", "COATING_MATERIAL": "blank", "FACET": "N17", "CONNECTION_TYPE": null, "DOMESTIC_DIAMETER": null, "DOMESTIC_MATERIAL": null, "FIRE_LIN_DIAMETER": null, "INSTALLED_BY": "City of Vancouver", "FIRE_LIN_MATERIAL": null, "MAP_TOOLTIP": "600 S n/a 1931", "UPDATED_DATE_iso": "2013-09-10", "COV_DATE_UPDATE_iso": "2013-09-10", "INSTALLATION_DATE_iso": "1931-01-01"}, "geometry": {"type": "LineString", "coordinates": [[-123.13003599037056, 49.241441142925346], [-123.12797501540553, 49.24136210034209]]}}, {"type": "Feature", "properties": {"SHAPE_Length": 42.53707700352775, "OBJECTID": 21289822, "COV_SOURCE_KEY": "371485", "UPDATED_DATE": 1346198560000, "COV_DATE_UPDATE": 1346198560000, "TBFID": 440868, "ORACLE_ID": "__FJ9JPX", "UNIT_ID_1": "208053", "UNIT_ID_2": "4182736", "MAIN_COMP1": 0, "MAIN_KEY_1": 122874, "MAIN_COMP2": 43, "MAIN_KEY_2": 802599, "ADDRESS_KEY": 157256, "INSTALLATION_DATE": -757353600000, "DEPTH_OF_COVER_M": 1.2200000286102295, "RESTRAINED_JOINT": 0, "CATHODICALLY_PROTECTED": 0, "REMARKS": null, "ASSET_DESCRIPTION": "400 500  W 33RD AV", "SPLIT_ON_CITYSIDE": null, "COMPKEY": 236010, "COMPTYPE": 41, "COATING_DATE": null, "LINING_DATE": null, "UPDATED_BY": "ENJCR", "WATERMAIN_KEY": 23386, "BUN": null, "PIPE_LENGTH_M": 42.537077, "PARALLEL_LINE_NUMBER": null, "PRESSURE_ZONE": 173, "PIPE_USE": "Water Main", "SERVICE_STATUS": "In Service (Active)", "SUBSYSTEM": "Transmission", "OWNER": "GVWD", "OPERATOR": "GVWD", "DIAMETER": "1200 mm", "PIPE_CLASS": null, "MATERIAL": "Steel", "LINING_MATERIAL": "blank", "COATING_MATERIAL": "blank", "FACET": "O17", "CONNECTION_TYPE": null, "DOMESTIC_DIAMETER": null, "DOMESTIC_MATERIAL": null, "FIRE_LIN_DIAMETER": null, "INSTALLED_BY": "City of Vancouver", "FIRE_LIN_MATERIAL": null, "MAP_TOOLTIP": "1200 S n/a 1946 GVWD", "UPDATED_DATE_iso": "2012-08-29", "COV_DATE_UPDATE_iso": "2012-08-29", "INSTALLATION_DATE_iso": "1946-01-01"}, "geometry": {"type": "LineString", "coordinates": [[-123.11815768432477, 49.24113166560618], [-123.11757421900111, 49.24111015056968]]}}, {"type": "Feature", "properties": {"SHAPE_Length": 40.91098512661611, "OBJECTID": 21290122, "COV_SOURCE_KEY": "376684", "UPDATED_DATE": 1378852572000, "COV_DATE_UPDATE": 1378852572000, "TBFID": 443030, "ORACLE_ID": "__FJ9PZM", "UNIT_ID_1": "218012", "UNIT_ID_2": "226624", "MAIN_COMP1": 43, "MAIN_KEY_1": 186392, "MAIN_COMP2": 43, "MAIN_KEY_2": 163086, "ADDRESS_KEY": 153904, "INSTALLATION_DATE": -94665600000, "DEPTH_OF_COVER_M": 1.2200000286102295, "RESTRAINED_JOINT": 0, "CATHODICALLY_PROTECTED": 0, "REMARKS": "Welded Steel", "ASSET_DESCRIPTION": "1000 LANE", "SPLIT_ON_CITYSIDE": null, "COMPKEY": 244097, "COMPTYPE": 41, "COATING_DATE": null, "LINING_DATE": null, "UPDATED_BY": "ENJCR", "WATERMAIN_KEY": 29655, "BUN": null, "PIPE_LENGTH_M": 40.91048268, "PARALLEL_LINE_NUMBER": null, "PRESSURE_ZONE": null, "PIPE_USE": "Water Main", "SERVICE_STATUS": "In Service (Active)", "SUBSYSTEM": "Transmission", "OWNER": "COVAV", "OPERATOR": "COVAV", "DIAMETER": "750 mm", "PIPE_CLASS": null, "MATERIAL": "Steel", "LINING_MATERIAL": "Coal Tar", "COATING_MATERIAL": "blank", "FACET": "N17", "CONNECTION_TYPE": null, "DOMESTIC_DIAMETER": null, "DOMESTIC_MATERIAL": null, "FIRE_LIN_DIAMETER": null, "INSTALLED_BY": "City of Vancouver", "FIRE_LIN_MATERIAL": null, "MAP_TOOLTIP": "750 S CTAR 1967", "UPDATED_DATE_iso": "2013-09-10", "COV_DATE_UPDATE_iso": "2013-09-10", "INSTALLATION_DATE_iso": "1967-01-01"}, "geometry": {"type": "LineString", "coordinates": [[-123.12798708868374, 49.240994181548906], [-123.12797501540553, 49.24136210034209]]}}, {"type": "Feature", "properties": {"SHAPE_Length": 14.631872778960624, "OBJECTID": 21290234, "COV_SOURCE_KEY": "376685", "UPDATED_DATE": 1378852572000, "COV_DATE_UPDATE": 1378852572000, "TBFID": 443031, "ORACLE_ID": "__FJ9PZN", "UNIT_ID_1": "226624", "UNIT_ID_2": "138151", "MAIN_COMP1": 43, "MAIN_KEY_1": 163086, "MAIN_COMP2": 43, "MAIN_KEY_2": 49738, "ADDRESS_KEY": 149419, "INSTALLATION_DATE": -347126400000, "DEPTH_OF_COVER_M": 1.2200000286102295, "RESTRAINED_JOINT": 0, "CATHODICALLY_PROTECTED": 0, "REMARKS": "Welded Steel", "ASSET_DESCRIPTION": "1000 W 33RD AV", "SPLIT_ON_CITYSIDE": null, "COMPKEY": 244099, "COMPTYPE": 41, "COATING_DATE": null, "LINING_DATE": null, "UPDATED_BY": "ENJCR", "WATERMAIN_KEY": 29656, "BUN": null, "PIPE_LENGTH_M": 14.63186847, "PARALLEL_LINE_NUMBER": null, "PRESSURE_ZONE": null, "PIPE_USE": "Water Main", "SERVICE_STATUS": "In Service (Active)", "SUBSYSTEM": "Transmission", "OWNER": "COVAV", "OPERATOR": "COVAV", "DIAMETER": "600 mm", "PIPE_CLASS": null, "MATERIAL": "Steel", "LINING_MATERIAL": "blank", "COATING_MATERIAL": "blank", "FACET": "N17", "CONNECTION_TYPE": null, "DOMESTIC_DIAMETER": null, "DOMESTIC_MATERIAL": null, "FIRE_LIN_DIAMETER": null, "INSTALLED_BY": "City of Vancouver", "FIRE_LIN_MATERIAL": null, "MAP_TOOLTIP": "600 S n/a 1959", "UPDATED_DATE_iso": "2013-09-10", "COV_DATE_UPDATE_iso": "2013-09-10", "INSTALLATION_DATE_iso": "1959-01-01"}, "geometry": {"type": "LineString", "coordinates": [[-123.12797501540553, 49.24136210034209], [-123.12777439883122, 49.241353776917286]]}}, {"type": "Feature", "properties": {"SHAPE_Length": 13.925358164517922, "OBJECTID": 21290235, "COV_SOURCE_KEY": "376686", "UPDATED_DATE": 1378852572000, "COV_DATE_UPDATE": 1378852572000, "TBFID": 443032, "ORACLE_ID": "__FJ9PZO", "UNIT_ID_1": "219168", "UNIT_ID_2": "79015", "MAIN_COMP1": 43, "MAIN_KEY_1": 188951, "MAIN_COMP2": 46, "MAIN_KEY_2": 33116, "ADDRESS_KEY": 149380, "INSTALLATION_DATE": -347126400000, "DEPTH_OF_COVER_M": 1.2200000286102295, "RESTRAINED_JOINT": 0, "CATHODICALLY_PROTECTED": 0, "REMARKS": "Welded Steel", "ASSET_DESCRIPTION": "900 W 33RD AV", "SPLIT_ON_CITYSIDE": null, "COMPKEY": 244100, "COMPTYPE": 41, "COATING_DATE": null, "LINING_DATE": null, "UPDATED_BY": "ENJCR", "WATERMAIN_KEY": 29657, "BUN": null, "PIPE_LENGTH_M": 13.92540867, "PARALLEL_LINE_NUMBER": null, "PRESSURE_ZONE": null, "PIPE_USE": "Water Main", "SERVICE_STATUS": "In Service (Active)", "SUBSYSTEM": "Transmission", "OWNER": "COVAV", "OPERATOR": "COVAV", "DIAMETER": "750 mm", "PIPE_CLASS": null, "MATERIAL": "Steel", "LINING_MATERIAL": "Coal Tar", "COATING_MATERIAL": "blank", "FACET": "N17", "CONNECTION_TYPE": null, "DOMESTIC_DIAMETER": null, "DOMESTIC_MATERIAL": null, "FIRE_LIN_DIAMETER": null, "INSTALLED_BY": "City of Vancouver", "FIRE_LIN_MATERIAL": null, "MAP_TOOLTIP": "750 S CTAR 1959", "UPDATED_DATE_iso": "2013-09-10", "COV_DATE_UPDATE_iso": "2013-09-10", "INSTALLATION_DATE_iso": "1959-01-01"}, "geometry": {"type": "LineString", "coordinates": [[-123.12507316066899, 49.24125102980489], [-123.12488217812131, 49.24124368040404]]}}, {"type": "Feature", "properties": {"SHAPE_Length": 105.32093098750319, "OBJECTID": 21290250, "COV_SOURCE_KEY": "378700", "UPDATED_DATE": 1270094350000, "COV_DATE_UPDATE": 1270094350000, "TBFID": 442910, "ORACLE_ID": "__FJ9RIS", "UNIT_ID_1": "T__FP5DD9", "UNIT_ID_2": "T__FP5RP0", "MAIN_COMP1": 43, "MAIN_KEY_1": 132632, "MAIN_COMP2": 43, "MAIN_KEY_2": 155606, "ADDRESS_KEY": 156147, "INSTALLATION_DATE": -757353600000, "DEPTH_OF_COVER_M": 1.2200000286102295, "RESTRAINED_JOINT": 0, "CATHODICALLY_PROTECTED": 0, "REMARKS": null, "ASSET_DESCRIPTION": "700 W 33RD AV", "SPLIT_ON_CITYSIDE": null, "COMPKEY": 245974, "COMPTYPE": 41, "COATING_DATE": null, "LINING_DATE": null, "UPDATED_BY": "enfoz", "WATERMAIN_KEY": 31147, "BUN": null, "PIPE_LENGTH_M": 105.32072525, "PARALLEL_LINE_NUMBER": null, "PRESSURE_ZONE": null, "PIPE_USE": "Water Main", "SERVICE_STATUS": "In Service (Active)", "SUBSYSTEM": "Transmission", "OWNER": "GVWD", "OPERATOR": "GVWD", "DIAMETER": "1200 mm", "PIPE_CLASS": null, "MATERIAL": "Steel", "LINING_MATERIAL": "blank", "COATING_MATERIAL": "blank", "FACET": "O17", "CONNECTION_TYPE": null, "DOMESTIC_DIAMETER": null, "DOMESTIC_MATERIAL": null, "FIRE_LIN_DIAMETER": null, "INSTALLED_BY": "City of Vancouver", "FIRE_LIN_MATERIAL": null, "MAP_TOOLTIP": "1200 S n/a 1946 GVWD", "UPDATED_DATE_iso": "2010-04-01", "COV_DATE_UPDATE_iso": "2010-04-01", "INSTALLATION_DATE_iso": "1946-01-01"}, "geometry": {"type": "LineString", "coordinates": [[-123.12079633182601, 49.2412211110297], [-123.11935161163954, 49.241168659125755]]}}, {"type": "Feature", "properties": {"SHAPE_Length": 105.83143457281408, "OBJECTID": 21292357, "COV_SOURCE_KEY": "399740", "UPDATED_DATE": 1757711086000, "COV_DATE_UPDATE": 1757711086000, "TBFID": 469043, "ORACLE_ID": "__FJABQU", "UNIT_ID_1": "228446", "UNIT_ID_2": "209110", "MAIN_COMP1": 43, "MAIN_KEY_1": 186725, "MAIN_COMP2": 43, "MAIN_KEY_2": 124715, "ADDRESS_KEY": 152538, "INSTALLATION_DATE": 220953600000, "DEPTH_OF_COVER_M": 1.2200000286102295, "RESTRAINED_JOINT": 0, "CATHODICALLY_PROTECTED": 0, "REMARKS": null, "ASSET_DESCRIPTION": "4400 HEATHER ST", "SPLIT_ON_CITYSIDE": null, "COMPKEY": 274151, "COMPTYPE": 41, "COATING_DATE": null, "LINING_DATE": null, "UPDATED_BY": "enyamw", "WATERMAIN_KEY": 51956, "BUN": null, "PIPE_LENGTH_M": 105.831, "PARALLEL_LINE_NUMBER": null, "PRESSURE_ZONE": 172, "PIPE_USE": "Water Main", "SERVICE_STATUS": "In Service (Active)", "SUBSYSTEM": "Transmission", "OWNER": "COVAV", "OPERATOR": "COVAV", "DIAMETER": "600 mm", "PIPE_CLASS": null, "MATERIAL": "Ductile Iron", "LINING_MATERIAL": "Cement Lined", "COATING_MATERIAL": "blank", "FACET": "O16", "CONNECTION_TYPE": null, "DOMESTIC_DIAMETER": null, "DOMESTIC_MATERIAL": null, "FIRE_LIN_DIAMETER": null, "INSTALLED_BY": "City of Vancouver", "FIRE_LIN_MATERIAL": null, "MAP_TOOLTIP": "600 DI CL 1977", "UPDATED_DATE_iso": "2025-09-12", "COV_DATE_UPDATE_iso": "2025-09-12", "INSTALLATION_DATE_iso": "1977-01-01"}, "geometry": {"type": "LineString", "coordinates": [[-123.12056817293353, 49.24536119215283], [-123.12054458634489, 49.24610796519474], [-123.1205386276875, 49.246312972800624]]}}, {"type": "Feature", "properties": {"SHAPE_Length": 111.44534604892944, "OBJECTID": 21292359, "COV_SOURCE_KEY": "399742", "UPDATED_DATE": 1378852570000, "COV_DATE_UPDATE": 1378852570000, "TBFID": 469045, "ORACLE_ID": "__FJABQY", "UNIT_ID_1": "209753", "UNIT_ID_2": "226732", "MAIN_COMP1": 43, "MAIN_KEY_1": 176046, "MAIN_COMP2": 43, "MAIN_KEY_2": 160460, "ADDRESS_KEY": 150485, "INSTALLATION_DATE": -347126400000, "DEPTH_OF_COVER_M": 1.2200000286102295, "RESTRAINED_JOINT": 0, "CATHODICALLY_PROTECTED": 0, "REMARKS": "Welded Steel", "ASSET_DESCRIPTION": "700 W 33RD AV", "SPLIT_ON_CITYSIDE": null, "COMPKEY": 274154, "COMPTYPE": 41, "COATING_DATE": null, "LINING_DATE": null, "UPDATED_BY": "ENJCR", "WATERMAIN_KEY": 51958, "BUN": null, "PIPE_LENGTH_M": 111.44530932, "PARALLEL_LINE_NUMBER": null, "PRESSURE_ZONE": null, "PIPE_USE": "Water Main", "SERVICE_STATUS": "In Service (Active)", "SUBSYSTEM": "Transmission", "OWNER": "COVAV", "OPERATOR": "COVAV", "DIAMETER": "750 mm", "PIPE_CLASS": null, "MATERIAL": "Steel", "LINING_MATERIAL": "Coal Tar", "COATING_MATERIAL": "blank", "FACET": "O17", "CONNECTION_TYPE": null, "DOMESTIC_DIAMETER": null, "DOMESTIC_MATERIAL": null, "FIRE_LIN_DIAMETER": null, "INSTALLED_BY": "City of Vancouver", "FIRE_LIN_MATERIAL": null, "MAP_TOOLTIP": "750 S CTAR 1959", "UPDATED_DATE_iso": "2013-09-10", "COV_DATE_UPDATE_iso": "2013-09-10", "INSTALLATION_DATE_iso": "1959-01-01"}, "geometry": {"type": "LineString", "coordinates": [[-123.12224988293039, 49.24114869955192], [-123.12072113260147, 49.241093457194204]]}}, {"type": "Feature", "properties": {"SHAPE_Length": 18.510514419128242, "OBJECTID": 21293247, "COV_SOURCE_KEY": "367259", "UPDATED_DATE": 1270086255000, "COV_DATE_UPDATE": 1270086255000, "TBFID": 436455, "ORACLE_ID": "__FJ9GML", "UNIT_ID_1": "T__FP5U4B", "UNIT_ID_2": "T__FP5JH7", "MAIN_COMP1": 43, "MAIN_KEY_1": 159279, "MAIN_COMP2": 43, "MAIN_KEY_2": 142929, "ADDRESS_KEY": 155937, "INSTALLATION_DATE": -536428800000, "DEPTH_OF_COVER_M": 1.2200000286102295, "RESTRAINED_JOINT": 0, "CATHODICALLY_PROTECTED": 0, "REMARKS": null, "ASSET_DESCRIPTION": "400 W 33RD AV", "SPLIT_ON_CITYSIDE": null, "COMPKEY": 232062, "COMPTYPE": 41, "COATING_DATE": null, "LINING_DATE": null, "UPDATED_BY": "enfoz", "WATERMAIN_KEY": 20336, "BUN": null, "PIPE_LENGTH_M": 18.51013591, "PARALLEL_LINE_NUMBER": null, "PRESSURE_ZONE": null, "PIPE_USE": "Water Main", "SERVICE_STATUS": "In Service (Active)", "SUBSYSTEM": "Transmission", "OWNER": "GVWD", "OPERATOR": "GVWD", "DIAMETER": "1050 mm", "PIPE_CLASS": null, "MATERIAL": "Steel", "LINING_MATERIAL": "Coal Tar", "COATING_MATERIAL": "blank", "FACET": "O17", "CONNECTION_TYPE": null, "DOMESTIC_DIAMETER": null, "DOMESTIC_MATERIAL": null, "FIRE_LIN_DIAMETER": null, "INSTALLED_BY": "City of Vancouver", "FIRE_LIN_MATERIAL": null, "MAP_TOOLTIP": "1050 S CTAR 1953 GVWD", "UPDATED_DATE_iso": "2010-04-01", "COV_DATE_UPDATE_iso": "2010-04-01", "INSTALLATION_DATE_iso": "1953-01-01"}, "geometry": {"type": "LineString", "coordinates": [[-123.11645898426434, 49.2409022127465], [-123.1164574798859, 49.24106871619692]]}}, {"type": "Feature", "properties": {"SHAPE_Length": 1.7613914947675124, "OBJECTID": 21293248, "COV_SOURCE_KEY": "367260", "UPDATED_DATE": 1285909920000, "COV_DATE_UPDATE": 1285909920000, "TBFID": 436456, "ORACLE_ID": "__FJ9GMM", "UNIT_ID_1": "T__FP57R1", "UNIT_ID_2": "T__FP5E9J", "MAIN_COMP1": 43, "MAIN_KEY_1": 124176, "MAIN_COMP2": 43, "MAIN_KEY_2": 134093, "ADDRESS_KEY": 98106, "INSTALLATION_DATE": null, "DEPTH_OF_COVER_M": 1.2200000286102295, "RESTRAINED_JOINT": 0, "CATHODICALLY_PROTECTED": 0, "REMARKS": null, "ASSET_DESCRIPTION": "Unknown", "SPLIT_ON_CITYSIDE": null, "COMPKEY": 232063, "COMPTYPE": 41, "COATING_DATE": null, "LINING_DATE": null, "UPDATED_BY": "enhanmgetask", "WATERMAIN_KEY": 20337, "BUN": null, "PIPE_LENGTH_M": 1.761446, "PARALLEL_LINE_NUMBER": null, "PRESSURE_ZONE": null, "PIPE_USE": "Water Main", "SERVICE_STATUS": "In Service (Active)", "SUBSYSTEM": "Transmission", "OWNER": "GVWD", "OPERATOR": "GVWD", "DIAMETER": "1200 mm", "PIPE_CLASS": null, "MATERIAL": "<blank>", "LINING_MATERIAL": "blank", "COATING_MATERIAL": "blank", "FACET": "O17", "CONNECTION_TYPE": null, "DOMESTIC_DIAMETER": null, "DOMESTIC_MATERIAL": null, "FIRE_LIN_DIAMETER": null, "INSTALLED_BY": "City of Vancouver", "FIRE_LIN_MATERIAL": null, "MAP_TOOLTIP": "1200 n/a n/a  GVWD", "UPDATED_DATE_iso": "2010-10-01", "COV_DATE_UPDATE_iso": "2010-10-01"}, "geometry": {"type": "LineString", "coordinates": [[-123.11373486370499, 49.24199533884088], [-123.11375476400393, 49.24198632400745]]}}, {"type": "Feature", "properties": {"SHAPE_Length": 5.186046857362585, "OBJECTID": 21293249, "COV_SOURCE_KEY": "367261", "UPDATED_DATE": 1270086256000, "COV_DATE_UPDATE": 1270086256000, "TBFID": 436457, "ORACLE_ID": "__FJ9GMN", "UNIT_ID_1": "T__FP5VMK", "UNIT_ID_2": "T__FP5RGP", "MAIN_COMP1": 43, "MAIN_KEY_1": 161643, "MAIN_COMP2": 43, "MAIN_KEY_2": 155288, "ADDRESS_KEY": 155937, "INSTALLATION_DATE": null, "DEPTH_OF_COVER_M": 1.2200000286102295, "RESTRAINED_JOINT": 0, "CATHODICALLY_PROTECTED": 0, "REMARKS": null, "ASSET_DESCRIPTION": "400 W 33RD AV", "SPLIT_ON_CITYSIDE": null, "COMPKEY": 232064, "COMPTYPE": 41, "COATING_DATE": null, "LINING_DATE": null, "UPDATED_BY": "enfoz", "WATERMAIN_KEY": 20338, "BUN": null, "PIPE_LENGTH_M": 5.18643229, "PARALLEL_LINE_NUMBER": null, "PRESSURE_ZONE": null, "PIPE_USE": "Water Main", "SERVICE_STATUS": "In Service (Active)", "SUBSYSTEM": "Transmission", "OWNER": "GVWD", "OPERATOR": "GVWD", "DIAMETER": "1200 mm", "PIPE_CLASS": null, "MATERIAL": "<blank>", "LINING_MATERIAL": "blank", "COATING_MATERIAL": "blank", "FACET": "O17", "CONNECTION_TYPE": null, "DOMESTIC_DIAMETER": null, "DOMESTIC_MATERIAL": null, "FIRE_LIN_DIAMETER": null, "INSTALLED_BY": "City of Vancouver", "FIRE_LIN_MATERIAL": null, "MAP_TOOLTIP": "1200 n/a n/a  GVWD", "UPDATED_DATE_iso": "2010-04-01", "COV_DATE_UPDATE_iso": "2010-04-01"}, "geometry": {"type": "LineString", "coordinates": [[-123.11565892488116, 49.24106928453455], [-123.1157162728423, 49.24104160271929]]}}, {"type": "Feature", "properties": {"SHAPE_Length": 3.2760494497412815, "OBJECTID": 21293250, "COV_SOURCE_KEY": "367262", "UPDATED_DATE": 1285909920000, "COV_DATE_UPDATE": 1285909920000, "TBFID": 436458, "ORACLE_ID": "__FJ9GMO", "UNIT_ID_1": "T__FP5KV8", "UNIT_ID_2": "T__FJBFRZ", "MAIN_COMP1": 43, "MAIN_KEY_1": 145101, "MAIN_COMP2": 43, "MAIN_KEY_2": 65287, "ADDRESS_KEY": 98106, "INSTALLATION_DATE": -1356969600000, "DEPTH_OF_COVER_M": 1.2200000286102295, "RESTRAINED_JOINT": 0, "CATHODICALLY_PROTECTED": 0, "REMARKS": null, "ASSET_DESCRIPTION": "Unknown", "SPLIT_ON_CITYSIDE": null, "COMPKEY": 232065, "COMPTYPE": 41, "COATING_DATE": null, "LINING_DATE": null, "UPDATED_BY": "enhanmgetask", "WATERMAIN_KEY": 20339, "BUN": null, "PIPE_LENGTH_M": 3.27600699, "PARALLEL_LINE_NUMBER": null, "PRESSURE_ZONE": null, "PIPE_USE": "Water Main", "SERVICE_STATUS": "In Service (Active)", "SUBSYSTEM": "Transmission", "OWNER": "GVWD", "OPERATOR": "GVWD", "DIAMETER": "800 mm", "PIPE_CLASS": null, "MATERIAL": "<blank>", "LINING_MATERIAL": "blank", "COATING_MATERIAL": "blank", "FACET": "O17", "CONNECTION_TYPE": null, "DOMESTIC_DIAMETER": null, "DOMESTIC_MATERIAL": null, "FIRE_LIN_DIAMETER": null, "INSTALLED_BY": "City of Vancouver", "FIRE_LIN_MATERIAL": null, "MAP_TOOLTIP": "800 n/a n/a 1927 GVWD", "UPDATED_DATE_iso": "2010-10-01", "COV_DATE_UPDATE_iso": "2010-10-01", "INSTALLATION_DATE_iso": "1927-01-01"}, "geometry": {"type": "LineString", "coordinates": [[-123.11203787321968, 49.24128063400264], [-123.11199461558024, 49.24128877166238]]}}, {"type": "Feature", "properties": {"SHAPE_Length": 30.484438784159142, "OBJECTID": 21293251, "COV_SOURCE_KEY": "367263", "UPDATED_DATE": 1285909920000, "COV_DATE_UPDATE": 1285909920000, "TBFID": 436459, "ORACLE_ID": "__FJ9GMP", "UNIT_ID_1": "T__FP5KV8", "UNIT_ID_2": "T__FP6FY6", "MAIN_COMP1": 43, "MAIN_KEY_1": 145101, "MAIN_COMP2": 43, "MAIN_KEY_2": 191966, "ADDRESS_KEY": 98106, "INSTALLATION_DATE": -1356969600000, "DEPTH_OF_COVER_M": 1.2200000286102295, "RESTRAINED_JOINT": 0, "CATHODICALLY_PROTECTED": 0, "REMARKS": null, "ASSET_DESCRIPTION": "Unknown", "SPLIT_ON_CITYSIDE": null, "COMPKEY": 232067, "COMPTYPE": 41, "COATING_DATE": null, "LINING_DATE": null, "UPDATED_BY": "enhanmgetask", "WATERMAIN_KEY": 20340, "BUN": null, "PIPE_LENGTH_M": 30.48380658, "PARALLEL_LINE_NUMBER": null, "PRESSURE_ZONE": null, "PIPE_USE": "Water Main", "SERVICE_STATUS": "In Service (Active)", "SUBSYSTEM": "Transmission", "OWNER": "GVWD", "OPERATOR": "GVWD", "DIAMETER": "800 mm", "PIPE_CLASS": null, "MATERIAL": "<blank>", "LINING_MATERIAL": "blank", "COATING_MATERIAL": "blank", "FACET": "O17", "CONNECTION_TYPE": null, "DOMESTIC_DIAMETER": null, "DOMESTIC_MATERIAL": null, "FIRE_LIN_DIAMETER": null, "INSTALLED_BY": "City of Vancouver", "FIRE_LIN_MATERIAL": null, "MAP_TOOLTIP": "800 n/a n/a 1927 GVWD", "UPDATED_DATE_iso": "2010-10-01", "COV_DATE_UPDATE_iso": "2010-10-01", "INSTALLATION_DATE_iso": "1927-01-01"}, "geometry": {"type": "LineString", "coordinates": [[-123.11203787321968, 49.24128063400264], [-123.11234034782883, 49.24109097244345]]}}, {"type": "Feature", "properties": {"SHAPE_Length": 11.255443127648917, "OBJECTID": 21293252, "COV_SOURCE_KEY": "367264", "UPDATED_DATE": 1378852572000, "COV_DATE_UPDATE": 1378852572000, "TBFID": 436460, "ORACLE_ID": "__FJ9GMQ", "UNIT_ID_1": "226809", "UNIT_ID_2": "207654", "MAIN_COMP1": 43, "MAIN_KEY_1": 194750, "MAIN_COMP2": 43, "MAIN_KEY_2": 192592, "ADDRESS_KEY": 155937, "INSTALLATION_DATE": -347126400000, "DEPTH_OF_COVER_M": 1.2200000286102295, "RESTRAINED_JOINT": 0, "CATHODICALLY_PROTECTED": 0, "REMARKS": "Welded Steel", "ASSET_DESCRIPTION": "400 W 33RD AV", "SPLIT_ON_CITYSIDE": null, "COMPKEY": 232068, "COMPTYPE": 41, "COATING_DATE": null, "LINING_DATE": null, "UPDATED_BY": "ENJCR", "WATERMAIN_KEY": 20341, "BUN": null, "PIPE_LENGTH_M": 11.2551375, "PARALLEL_LINE_NUMBER": null, "PRESSURE_ZONE": null, "PIPE_USE": "Water Main", "SERVICE_STATUS": "In Service (Active)", "SUBSYSTEM": "Transmission", "OWNER": "COVAV", "OPERATOR": "COVAV", "DIAMETER": "750 mm", "PIPE_CLASS": null, "MATERIAL": "Steel", "LINING_MATERIAL": "Coal Tar", "COATING_MATERIAL": "blank", "FACET": "O17", "CONNECTION_TYPE": null, "DOMESTIC_DIAMETER": null, "DOMESTIC_MATERIAL": null, "FIRE_LIN_DIAMETER": null, "INSTALLED_BY": "City of Vancouver", "FIRE_LIN_MATERIAL": null, "MAP_TOOLTIP": "750 S CTAR 1959", "UPDATED_DATE_iso": "2013-09-10", "COV_DATE_UPDATE_iso": "2013-09-10", "INSTALLATION_DATE_iso": "1959-01-01"}, "geometry": {"type": "LineString", "coordinates": [[-123.11576710885912, 49.24104335083804], [-123.11577168072554, 49.240942149781915]]}}, {"type": "Feature", "properties": {"SHAPE_Length": 1.4924144871947578, "OBJECTID": 21293253, "COV_SOURCE_KEY": "367265", "UPDATED_DATE": 1378852572000, "COV_DATE_UPDATE": 1378852572000, "TBFID": 436461, "ORACLE_ID": "__FJ9GMR", "UNIT_ID_1": "212641", "UNIT_ID_2": "223091", "MAIN_COMP1": 43, "MAIN_KEY_1": 198405, "MAIN_COMP2": 43, "MAIN_KEY_2": 193688, "ADDRESS_KEY": 155937, "INSTALLATION_DATE": -347126400000, "DEPTH_OF_COVER_M": 1.2200000286102295, "RESTRAINED_JOINT": 0, "CATHODICALLY_PROTECTED": 0, "REMARKS": "Welded Steel", "ASSET_DESCRIPTION": "400 W 33RD AV", "SPLIT_ON_CITYSIDE": null, "COMPKEY": 232069, "COMPTYPE": 41, "COATING_DATE": null, "LINING_DATE": null, "UPDATED_BY": "ENJCR", "WATERMAIN_KEY": 20342, "BUN": null, "PIPE_LENGTH_M": 1.49231334, "PARALLEL_LINE_NUMBER": null, "PRESSURE_ZONE": null, "PIPE_USE": "Water Main", "SERVICE_STATUS": "In Service (Active)", "SUBSYSTEM": "Transmission", "OWNER": "COVAV", "OPERATOR": "COVAV", "DIAMETER": "750 mm", "PIPE_CLASS": null, "MATERIAL": "Steel", "LINING_MATERIAL": "Coal Tar", "COATING_MATERIAL": "blank", "FACET": "O17", "CONNECTION_TYPE": null, "DOMESTIC_DIAMETER": null, "DOMESTIC_MATERIAL": null, "FIRE_LIN_DIAMETER": null, "INSTALLED_BY": "City of Vancouver", "FIRE_LIN_MATERIAL": null, "MAP_TOOLTIP": "750 S CTAR 1959", "UPDATED_DATE_iso": "2013-09-10", "COV_DATE_UPDATE_iso": "2013-09-10", "INSTALLATION_DATE_iso": "1959-01-01"}, "geometry": {"type": "LineString", "coordinates": [[-123.11577509427343, 49.24093315111884], [-123.11578812145105, 49.24092278453925]]}}, {"type": "Feature", "properties": {"SHAPE_Length": 1.169530248076539, "OBJECTID": 21293254, "COV_SOURCE_KEY": "367266", "UPDATED_DATE": 1378852572000, "COV_DATE_UPDATE": 1378852572000, "TBFID": 436462, "ORACLE_ID": "__FJ9GMS", "UNIT_ID_1": "223091", "UNIT_ID_2": "226428", "MAIN_COMP1": 43, "MAIN_KEY_1": 193688, "MAIN_COMP2": 43, "MAIN_KEY_2": 162704, "ADDRESS_KEY": 155937, "INSTALLATION_DATE": -347126400000, "DEPTH_OF_COVER_M": 1.2200000286102295, "RESTRAINED_JOINT": 0, "CATHODICALLY_PROTECTED": 0, "REMARKS": "Welded Steel", "ASSET_DESCRIPTION": "400 W 33RD AV", "SPLIT_ON_CITYSIDE": null, "COMPKEY": 232071, "COMPTYPE": 41, "COATING_DATE": null, "LINING_DATE": null, "UPDATED_BY": "ENJCR", "WATERMAIN_KEY": 20343, "BUN": null, "PIPE_LENGTH_M": 1.1703776, "PARALLEL_LINE_NUMBER": null, "PRESSURE_ZONE": null, "PIPE_USE": "Water Main", "SERVICE_STATUS": "In Service (Active)", "SUBSYSTEM": "Transmission", "OWNER": "COVAV", "OPERATOR": "COVAV", "DIAMETER": "750 mm", "PIPE_CLASS": null, "MATERIAL": "Steel", "LINING_MATERIAL": "Coal Tar", "COATING_MATERIAL": "blank", "FACET": "O17", "CONNECTION_TYPE": null, "DOMESTIC_DIAMETER": null, "DOMESTIC_MATERIAL": null, "FIRE_LIN_DIAMETER": null, "INSTALLED_BY": "City of Vancouver", "FIRE_LIN_MATERIAL": null, "MAP_TOOLTIP": "750 S CTAR 1959", "UPDATED_DATE_iso": "2013-09-10", "COV_DATE_UPDATE_iso": "2013-09-10", "INSTALLATION_DATE_iso": "1959-01-01"}, "geometry": {"type": "LineString", "coordinates": [[-123.11578812145105, 49.24092278453925], [-123.11580321142385, 49.24091917131749]]}}, {"type": "Feature", "properties": {"SHAPE_Length": 3.806008408563959, "OBJECTID": 21293255, "COV_SOURCE_KEY": "367267", "UPDATED_DATE": 1346198560000, "COV_DATE_UPDATE": 1346198560000, "TBFID": 436463, "ORACLE_ID": "__FJ9GMT", "UNIT_ID_1": "64684", "UNIT_ID_2": "4182472", "MAIN_COMP1": 46, "MAIN_KEY_1": 56055, "MAIN_COMP2": 43, "MAIN_KEY_2": 802616, "ADDRESS_KEY": 155937, "INSTALLATION_DATE": null, "DEPTH_OF_COVER_M": 1.2200000286102295, "RESTRAINED_JOINT": 0, "CATHODICALLY_PROTECTED": 0, "REMARKS": null, "ASSET_DESCRIPTION": "400 W 33RD AV", "SPLIT_ON_CITYSIDE": null, "COMPKEY": 232072, "COMPTYPE": 41, "COATING_DATE": null, "LINING_DATE": null, "UPDATED_BY": "ENJCR", "WATERMAIN_KEY": 20344, "BUN": null, "PIPE_LENGTH_M": 3.80600841, "PARALLEL_LINE_NUMBER": null, "PRESSURE_ZONE": 173, "PIPE_USE": "Water Main", "SERVICE_STATUS": "In Service (Active)", "SUBSYSTEM": "Transmission", "OWNER": "GVWD", "OPERATOR": "GVWD", "DIAMETER": "600 mm", "PIPE_CLASS": null, "MATERIAL": "<blank>", "LINING_MATERIAL": "blank", "COATING_MATERIAL": "blank", "FACET": "O17", "CONNECTION_TYPE": null, "DOMESTIC_DIAMETER": null, "DOMESTIC_MATERIAL": null, "FIRE_LIN_DIAMETER": null, "INSTALLED_BY": "City of Vancouver", "FIRE_LIN_MATERIAL": null, "MAP_TOOLTIP": "600 n/a n/a  GVWD", "UPDATED_DATE_iso": "2012-08-29", "COV_DATE_UPDATE_iso": "2012-08-29"}, "geometry": {"type": "LineString", "coordinates": [[-123.11561652513532, 49.241032626386456], [-123.11558500055334, 49.241005312394506]]}}, {"type": "Feature", "properties": {"SHAPE_Length": 8.885433754386744, "OBJECTID": 21293762, "COV_SOURCE_KEY": "415380", "UPDATED_DATE": 1755722831000, "COV_DATE_UPDATE": 1755722831000, "TBFID": 480104, "ORACLE_ID": "__FNKJT5", "UNIT_ID_1": "47138", "UNIT_ID_2": "4118939", "MAIN_COMP1": 46, "MAIN_KEY_1": 646743, "MAIN_COMP2": 43, "MAIN_KEY_2": 646890, "ADDRESS_KEY": 150609, "INSTALLATION_DATE": 1199174400000, "DEPTH_OF_COVER_M": 1.2200000286102295, "RESTRAINED_JOINT": 1, "CATHODICALLY_PROTECTED": 0, "REMARKS": "THIS AREA HAS BEEN INPUTTED USING DESIGN DRAWINGS!!\r\nTHE INFORMATION HERE IS NOT FROM AS-BUILTS!!\r\n", "ASSET_DESCRIPTION": "400 W KING EDWARD AV", "SPLIT_ON_CITYSIDE": null, "COMPKEY": 293346, "COMPTYPE": 41, "COATING_DATE": 1199174400000, "LINING_DATE": null, "UPDATED_BY": "HAP6025", "WATERMAIN_KEY": 67452, "BUN": null, "PIPE_LENGTH_M": 7.80003941, "PARALLEL_LINE_NUMBER": null, "PRESSURE_ZONE": 172, "PIPE_USE": "Water Main", "SERVICE_STATUS": "In Service (Active)", "SUBSYSTEM": "Transmission", "OWNER": "GVWD", "OPERATOR": "GVWD", "DIAMETER": "650 mm", "PIPE_CLASS": null, "MATERIAL": "Ductile Iron Concrete Lined", "LINING_MATERIAL": "blank", "COATING_MATERIAL": "Poly Bagged", "FACET": "O16", "CONNECTION_TYPE": null, "DOMESTIC_DIAMETER": null, "DOMESTIC_MATERIAL": null, "FIRE_LIN_DIAMETER": null, "INSTALLED_BY": "Contr", "FIRE_LIN_MATERIAL": null, "MAP_TOOLTIP": "650 DICL n/a 2008 GVWD RJ", "UPDATED_DATE_iso": "2025-08-20", "COV_DATE_UPDATE_iso": "2025-08-20", "INSTALLATION_DATE_iso": "2008-01-01", "COATING_DATE_iso": "2008-01-01"}, "geometry": {"type": "LineString", "coordinates": [[-123.1150326390219, 49.24907999638036], [-123.11515468782609, 49.24908209661822]]}}, {"type": "Feature", "properties": {"SHAPE_Length": 2.7000418515808775, "OBJECTID": 21293763, "COV_SOURCE_KEY": "415381", "UPDATED_DATE": 1755722830000, "COV_DATE_UPDATE": 1755722830000, "TBFID": 480105, "ORACLE_ID": "__FNKJT7", "UNIT_ID_1": "211011", "UNIT_ID_2": "47138", "MAIN_COMP1": 43, "MAIN_KEY_1": 163748, "MAIN_COMP2": 46, "MAIN_KEY_2": 646743, "ADDRESS_KEY": 150609, "INSTALLATION_DATE": 1199174400000, "DEPTH_OF_COVER_M": 1.2200000286102295, "RESTRAINED_JOINT": 0, "CATHODICALLY_PROTECTED": 0, "REMARKS": "THIS SECTION OF 650 DICL MAIN WAS INPUTTED USING DESIGN DRAWINGS IT IS NOT FROM AS-BUILTS!!\r\n", "ASSET_DESCRIPTION": "400 W KING EDWARD AV", "SPLIT_ON_CITYSIDE": null, "COMPKEY": 293348, "COMPTYPE": 41, "COATING_DATE": 1199174400000, "LINING_DATE": null, "UPDATED_BY": "HAP6025", "WATERMAIN_KEY": 67453, "BUN": null, "PIPE_LENGTH_M": 2.70001364, "PARALLEL_LINE_NUMBER": null, "PRESSURE_ZONE": null, "PIPE_USE": "Water Main", "SERVICE_STATUS": "In Service (Active)", "SUBSYSTEM": "Transmission", "OWNER": "GVWD", "OPERATOR": "GVWD", "DIAMETER": "650 mm", "PIPE_CLASS": null, "MATERIAL": "Ductile Iron Concrete Lined", "LINING_MATERIAL": "blank", "COATING_MATERIAL": "Poly Bagged", "FACET": "O16", "CONNECTION_TYPE": null, "DOMESTIC_DIAMETER": null, "DOMESTIC_MATERIAL": null, "FIRE_LIN_DIAMETER": null, "INSTALLED_BY": "Contr", "FIRE_LIN_MATERIAL": null, "MAP_TOOLTIP": "650 DICL n/a 2008 GVWD", "UPDATED_DATE_iso": "2025-08-20", "COV_DATE_UPDATE_iso": "2025-08-20", "INSTALLATION_DATE_iso": "2008-01-01", "COATING_DATE_iso": "2008-01-01"}, "geometry": {"type": "LineString", "coordinates": [[-123.11499555168861, 49.249079358658626], [-123.1150326390219, 49.24907999638036]]}}, {"type": "Feature", "properties": {"SHAPE_Length": 5.999700742967526, "OBJECTID": 21293764, "COV_SOURCE_KEY": "415384", "UPDATED_DATE": 1755722829000, "COV_DATE_UPDATE": 1755722829000, "TBFID": 480108, "ORACLE_ID": "__FNKK2C", "UNIT_ID_1": "148125", "UNIT_ID_2": "148126", "MAIN_COMP1": 43, "MAIN_KEY_1": 119947, "MAIN_COMP2": 43, "MAIN_KEY_2": 119950, "ADDRESS_KEY": 150915, "INSTALLATION_DATE": 1199174400000, "DEPTH_OF_COVER_M": 1.2200000286102295, "RESTRAINED_JOINT": 0, "CATHODICALLY_PROTECTED": 0, "REMARKS": "THIS SECTION OF 650 DICL MAIN WAS INPUTTED USING DESIGN DRAWINGS NOT AS-BUILTS!!", "ASSET_DESCRIPTION": "4000 MANITOBA ST", "SPLIT_ON_CITYSIDE": null, "COMPKEY": 293351, "COMPTYPE": 41, "COATING_DATE": 1199174400000, "LINING_DATE": null, "UPDATED_BY": "HAP6025", "WATERMAIN_KEY": 67456, "BUN": null, "PIPE_LENGTH_M": 6.00000325, "PARALLEL_LINE_NUMBER": null, "PRESSURE_ZONE": null, "PIPE_USE": "Water Main", "SERVICE_STATUS": "In Service (Active)", "SUBSYSTEM": "Transmission", "OWNER": "GVWD", "OPERATOR": "GVWD", "DIAMETER": "650 mm", "PIPE_CLASS": null, "MATERIAL": "Ductile Iron Concrete Lined", "LINING_MATERIAL": "blank", "COATING_MATERIAL": "Poly Bagged", "FACET": "P16", "CONNECTION_TYPE": null, "DOMESTIC_DIAMETER": null, "DOMESTIC_MATERIAL": null, "FIRE_LIN_DIAMETER": null, "INSTALLED_BY": "Contr", "FIRE_LIN_MATERIAL": null, "MAP_TOOLTIP": "650 DICL n/a 2008 GVWD", "UPDATED_DATE_iso": "2025-08-20", "COV_DATE_UPDATE_iso": "2025-08-20", "INSTALLATION_DATE_iso": "2008-01-01", "COATING_DATE_iso": "2008-01-01"}, "geometry": {"type": "LineString", "coordinates": [[-123.1075302503191, 49.24894746375201], [-123.10744784487783, 49.248945921278114]]}}, {"type": "Feature", "properties": {"SHAPE_Length": 71.07308977411208, "OBJECTID": 21293845, "COV_SOURCE_KEY": "367270", "UPDATED_DATE": 1346198560000, "COV_DATE_UPDATE": 1346198560000, "TBFID": 436466, "ORACLE_ID": "__FJ9GMW", "UNIT_ID_1": "213807", "UNIT_ID_2": "218812", "MAIN_COMP1": 0, "MAIN_KEY_1": 127354, "MAIN_COMP2": 0, "MAIN_KEY_2": 193872, "ADDRESS_KEY": 155937, "INSTALLATION_DATE": null, "DEPTH_OF_COVER_M": 1.2200000286102295, "RESTRAINED_JOINT": 0, "CATHODICALLY_PROTECTED": 0, "REMARKS": null, "ASSET_DESCRIPTION": "Unknown", "SPLIT_ON_CITYSIDE": null, "COMPKEY": 232076, "COMPTYPE": 41, "COATING_DATE": null, "LINING_DATE": null, "UPDATED_BY": "ENJCR", "WATERMAIN_KEY": 20347, "BUN": null, "PIPE_LENGTH_M": 71.07308977, "PARALLEL_LINE_NUMBER": null, "PRESSURE_ZONE": 173, "PIPE_USE": "Water Main", "SERVICE_STATUS": "In Service (Active)", "SUBSYSTEM": "Transmission", "OWNER": "GVWD", "OPERATOR": "GVWD", "DIAMETER": "650 mm", "PIPE_CLASS": null, "MATERIAL": "<blank>", "LINING_MATERIAL": "blank", "COATING_MATERIAL": "blank", "FACET": "O17", "CONNECTION_TYPE": null, "DOMESTIC_DIAMETER": null, "DOMESTIC_MATERIAL": null, "FIRE_LIN_DIAMETER": null, "INSTALLED_BY": "City of Vancouver", "FIRE_LIN_MATERIAL": null, "MAP_TOOLTIP": "650 n/a n/a  GVWD", "UPDATED_DATE_iso": "2012-08-29", "COV_DATE_UPDATE_iso": "2012-08-29"}, "geometry": {"type": "LineString", "coordinates": [[-123.11462174865477, 49.24089791541131], [-123.1155898217504, 49.240981353240926]]}}, {"type": "Feature", "properties": {"SHAPE_Length": 0.22537524322434094, "OBJECTID": 21293846, "COV_SOURCE_KEY": "367271", "UPDATED_DATE": 1346198560000, "COV_DATE_UPDATE": 1346198560000, "TBFID": 436467, "ORACLE_ID": "__FJ9GMX", "UNIT_ID_1": "4182273", "UNIT_ID_2": "64683", "MAIN_COMP1": 43, "MAIN_KEY_1": 802615, "MAIN_COMP2": 46, "MAIN_KEY_2": 56053, "ADDRESS_KEY": 155937, "INSTALLATION_DATE": null, "DEPTH_OF_COVER_M": 1.2200000286102295, "RESTRAINED_JOINT": 0, "CATHODICALLY_PROTECTED": 0, "REMARKS": null, "ASSET_DESCRIPTION": "400 W 33RD AV", "SPLIT_ON_CITYSIDE": null, "COMPKEY": 232077, "COMPTYPE": 41, "COATING_DATE": null, "LINING_DATE": null, "UPDATED_BY": "ENJCR", "WATERMAIN_KEY": 20348, "BUN": null, "PIPE_LENGTH_M": 0.22537524, "PARALLEL_LINE_NUMBER": null, "PRESSURE_ZONE": 173, "PIPE_USE": "Water Main", "SERVICE_STATUS": "In Service (Active)", "SUBSYSTEM": "Transmission", "OWNER": "GVWD", "OPERATOR": "GVWD", "DIAMETER": "650 mm", "PIPE_CLASS": null, "MATERIAL": "<blank>", "LINING_MATERIAL": "blank", "COATING_MATERIAL": "blank", "FACET": "O17", "CONNECTION_TYPE": null, "DOMESTIC_DIAMETER": null, "DOMESTIC_MATERIAL": null, "FIRE_LIN_DIAMETER": null, "INSTALLED_BY": "City of Vancouver", "FIRE_LIN_MATERIAL": null, "MAP_TOOLTIP": "650 n/a n/a  GVWD", "UPDATED_DATE_iso": "2012-08-29", "COV_DATE_UPDATE_iso": "2012-08-29"}, "geometry": {"type": "LineString", "coordinates": [[-123.11589308294384, 49.241017012399844], [-123.11589617433964, 49.24101712623682]]}}, {"type": "Feature", "properties": {"SHAPE_Length": 99.00103087073938, "OBJECTID": 21295800, "COV_SOURCE_KEY": "415532", "UPDATED_DATE": 1755722822000, "COV_DATE_UPDATE": 1755722822000, "TBFID": 480742, "ORACLE_ID": "__FNKK7F", "UNIT_ID_1": "211011", "UNIT_ID_2": "865983", "MAIN_COMP1": 43, "MAIN_KEY_1": 163748, "MAIN_COMP2": 43, "MAIN_KEY_2": 119972, "ADDRESS_KEY": 150609, "INSTALLATION_DATE": 1199174400000, "DEPTH_OF_COVER_M": 1.2200000286102295, "RESTRAINED_JOINT": 1, "CATHODICALLY_PROTECTED": 0, "REMARKS": "THIS SECTION OF 650 DICL MAIN WAS INPUTTED USING DESIGN DRAWINGS NOT AS-BUILTS!!", "ASSET_DESCRIPTION": "400 W KING EDWARD AV", "SPLIT_ON_CITYSIDE": null, "COMPKEY": 293380, "COMPTYPE": 41, "COATING_DATE": 1199174400000, "LINING_DATE": null, "UPDATED_BY": "HAP6025", "WATERMAIN_KEY": 67479, "BUN": null, "PIPE_LENGTH_M": 99.00180764, "PARALLEL_LINE_NUMBER": null, "PRESSURE_ZONE": null, "PIPE_USE": "Water Main", "SERVICE_STATUS": "In Service (Active)", "SUBSYSTEM": "Transmission", "OWNER": "GVWD", "OPERATOR": "GVWD", "DIAMETER": "650 mm", "PIPE_CLASS": null, "MATERIAL": "Ductile Iron Concrete Lined", "LINING_MATERIAL": "blank", "COATING_MATERIAL": "Poly Bagged", "FACET": "O16", "CONNECTION_TYPE": null, "DOMESTIC_DIAMETER": null, "DOMESTIC_MATERIAL": null, "FIRE_LIN_DIAMETER": null, "INSTALLED_BY": "Contr", "FIRE_LIN_MATERIAL": null, "MAP_TOOLTIP": "650 DICL n/a 2008 GVWD RJ", "UPDATED_DATE_iso": "2025-08-20", "COV_DATE_UPDATE_iso": "2025-08-20", "INSTALLATION_DATE_iso": "2008-01-01", "COATING_DATE_iso": "2008-01-01"}, "geometry": {"type": "LineString", "coordinates": [[-123.11499555168861, 49.249079358658626], [-123.11469377545616, 49.249071095176305], [-123.11363588513511, 49.24905204518875]]}}, {"type": "Feature", "properties": {"SHAPE_Length": 173.08484215855515, "OBJECTID": 21295801, "COV_SOURCE_KEY": "415533", "UPDATED_DATE": 1755722821000, "COV_DATE_UPDATE": 1755722821000, "TBFID": 480743, "ORACLE_ID": "__FNKK7G", "UNIT_ID_1": "865983", "UNIT_ID_2": "207955", "MAIN_COMP1": 43, "MAIN_KEY_1": 119972, "MAIN_COMP2": 43, "MAIN_KEY_2": 160653, "ADDRESS_KEY": 150609, "INSTALLATION_DATE": 1199174400000, "DEPTH_OF_COVER_M": 1.2200000286102295, "RESTRAINED_JOINT": 0, "CATHODICALLY_PROTECTED": 0, "REMARKS": "THIS SECTION OF 650 DICL MAIN WAS INPUTTED USING DESIGN DRAWINGS NOT AS-BUILTS!!", "ASSET_DESCRIPTION": "400 W KING EDWARD AV", "SPLIT_ON_CITYSIDE": null, "COMPKEY": 293381, "COMPTYPE": 41, "COATING_DATE": 1199174400000, "LINING_DATE": null, "UPDATED_BY": "HAP6025", "WATERMAIN_KEY": 67480, "BUN": null, "PIPE_LENGTH_M": 173.08438146, "PARALLEL_LINE_NUMBER": null, "PRESSURE_ZONE": null, "PIPE_USE": "Water Main", "SERVICE_STATUS": "In Service (Active)", "SUBSYSTEM": "Transmission", "OWNER": "GVWD", "OPERATOR": "GVWD", "DIAMETER": "650 mm", "PIPE_CLASS": null, "MATERIAL": "Ductile Iron Concrete Lined", "LINING_MATERIAL": "blank", "COATING_MATERIAL": "Poly Bagged", "FACET": "O16", "CONNECTION_TYPE": null, "DOMESTIC_DIAMETER": null, "DOMESTIC_MATERIAL": null, "FIRE_LIN_DIAMETER": null, "INSTALLED_BY": "Contr", "FIRE_LIN_MATERIAL": null, "MAP_TOOLTIP": "650 DICL n/a 2008 GVWD", "UPDATED_DATE_iso": "2025-08-20", "COV_DATE_UPDATE_iso": "2025-08-20", "INSTALLATION_DATE_iso": "2008-01-01", "COATING_DATE_iso": "2008-01-01"}, "geometry": {"type": "LineString", "coordinates": [[-123.11363588513511, 49.24905204518875], [-123.11125850327917, 49.249009194008515]]}}, {"type": "Feature", "properties": {"SHAPE_Length": 78.41600802165836, "OBJECTID": 21296003, "COV_SOURCE_KEY": "415455", "UPDATED_DATE": 1755722825000, "COV_DATE_UPDATE": 1755722825000, "TBFID": 480372, "ORACLE_ID": "__FNKK4E", "UNIT_ID_1": "207955", "UNIT_ID_2": "865979", "MAIN_COMP1": 43, "MAIN_KEY_1": 160653, "MAIN_COMP2": 43, "MAIN_KEY_2": 119961, "ADDRESS_KEY": 154934, "INSTALLATION_DATE": 1199174400000, "DEPTH_OF_COVER_M": 1.2200000286102295, "RESTRAINED_JOINT": 0, "CATHODICALLY_PROTECTED": 0, "REMARKS": "THIS SECTION OF 650 DICL MAIN WAS INPUTTED USING DESIGN DRAWINGS NOT AS-BUILTS!!\r\n", "ASSET_DESCRIPTION": "200 300  W KING EDWARD AV", "SPLIT_ON_CITYSIDE": null, "COMPKEY": 293362, "COMPTYPE": 41, "COATING_DATE": 1199174400000, "LINING_DATE": null, "UPDATED_BY": "HAP6025", "WATERMAIN_KEY": 67465, "BUN": null, "PIPE_LENGTH_M": 78.4161418, "PARALLEL_LINE_NUMBER": null, "PRESSURE_ZONE": null, "PIPE_USE": "Water Main", "SERVICE_STATUS": "In Service (Active)", "SUBSYSTEM": "Transmission", "OWNER": "GVWD", "OPERATOR": "GVWD", "DIAMETER": "650 mm", "PIPE_CLASS": null, "MATERIAL": "Ductile Iron Concrete Lined", "LINING_MATERIAL": "blank", "COATING_MATERIAL": "Poly Bagged", "FACET": "P16", "CONNECTION_TYPE": null, "DOMESTIC_DIAMETER": null, "DOMESTIC_MATERIAL": null, "FIRE_LIN_DIAMETER": null, "INSTALLED_BY": "Contr", "FIRE_LIN_MATERIAL": null, "MAP_TOOLTIP": "650 DICL n/a 2008 GVWD", "UPDATED_DATE_iso": "2025-08-20", "COV_DATE_UPDATE_iso": "2025-08-20", "INSTALLATION_DATE_iso": "2008-01-01", "COATING_DATE_iso": "2008-01-01"}, "geometry": {"type": "LineString", "coordinates": [[-123.11125850327917, 49.249009194008515], [-123.1101814329425, 49.248989762054215]]}}, {"type": "Feature", "properties": {"SHAPE_Length": 29.40037674862737, "OBJECTID": 21296004, "COV_SOURCE_KEY": "415456", "UPDATED_DATE": 1755722689000, "COV_DATE_UPDATE": 1755722689000, "TBFID": 480373, "ORACLE_ID": "__FNKK4F", "UNIT_ID_1": "865979", "UNIT_ID_2": "78934", "MAIN_COMP1": 43, "MAIN_KEY_1": 119961, "MAIN_COMP2": 46, "MAIN_KEY_2": 33049, "ADDRESS_KEY": 150915, "INSTALLATION_DATE": 1199174400000, "DEPTH_OF_COVER_M": 1.2200000286102295, "RESTRAINED_JOINT": 1, "CATHODICALLY_PROTECTED": 0, "REMARKS": "THIS SECTION OF 650 DICL MAIN WAS INPUTTED USING DESIGN DRAWINGS NOT AS-BUILTS!!", "ASSET_DESCRIPTION": "4000 COLUMBIA ST", "SPLIT_ON_CITYSIDE": null, "COMPKEY": 293364, "COMPTYPE": 41, "COATING_DATE": 1199174400000, "LINING_DATE": null, "UPDATED_BY": "HAP6025", "WATERMAIN_KEY": 67466, "BUN": null, "PIPE_LENGTH_M": 29.40006117, "PARALLEL_LINE_NUMBER": null, "PRESSURE_ZONE": null, "PIPE_USE": "Water Main", "SERVICE_STATUS": "In Service (Active)", "SUBSYSTEM": "Transmission", "OWNER": "GVWD", "OPERATOR": "GVWD", "DIAMETER": "650 mm", "PIPE_CLASS": null, "MATERIAL": "Ductile Iron Concrete Lined", "LINING_MATERIAL": "blank", "COATING_MATERIAL": "Poly Bagged", "FACET": "P16", "CONNECTION_TYPE": null, "DOMESTIC_DIAMETER": null, "DOMESTIC_MATERIAL": null, "FIRE_LIN_DIAMETER": null, "INSTALLED_BY": "Contr", "FIRE_LIN_MATERIAL": null, "MAP_TOOLTIP": "650 DICL n/a 2008 GVWD RJ", "UPDATED_DATE_iso": "2025-08-20", "COV_DATE_UPDATE_iso": "2025-08-20", "INSTALLATION_DATE_iso": "2008-01-01", "COATING_DATE_iso": "2008-01-01"}, "geometry": {"type": "LineString", "coordinates": [[-123.1101814329425, 49.248989762054215], [-123.10977760907295, 49.24898247353337]]}}, {"type": "Feature", "properties": {"SHAPE_Length": 29.600427192912775, "OBJECTID": 21296005, "COV_SOURCE_KEY": "415457", "UPDATED_DATE": 1755722689000, "COV_DATE_UPDATE": 1755722689000, "TBFID": 480374, "ORACLE_ID": "__FNKK4G", "UNIT_ID_1": "78934", "UNIT_ID_2": "865980", "MAIN_COMP1": 46, "MAIN_KEY_1": 33049, "MAIN_COMP2": 43, "MAIN_KEY_2": 119964, "ADDRESS_KEY": 150915, "INSTALLATION_DATE": 1199174400000, "DEPTH_OF_COVER_M": 1.2200000286102295, "RESTRAINED_JOINT": 1, "CATHODICALLY_PROTECTED": 0, "REMARKS": "THIS SECTION OF 650 DICL MAIN WAS INPUTTED USING DESIGN DRAWINGS NOT AS-BUILTS!!", "ASSET_DESCRIPTION": " ", "SPLIT_ON_CITYSIDE": null, "COMPKEY": 293365, "COMPTYPE": 41, "COATING_DATE": 1199174400000, "LINING_DATE": null, "UPDATED_BY": "HAP6025", "WATERMAIN_KEY": 67467, "BUN": null, "PIPE_LENGTH_M": 29.60050212, "PARALLEL_LINE_NUMBER": null, "PRESSURE_ZONE": null, "PIPE_USE": "Water Main", "SERVICE_STATUS": "In Service (Active)", "SUBSYSTEM": "Transmission", "OWNER": "GVWD", "OPERATOR": "GVWD", "DIAMETER": "650 mm", "PIPE_CLASS": null, "MATERIAL": "Ductile Iron Concrete Lined", "LINING_MATERIAL": "blank", "COATING_MATERIAL": "Poly Bagged", "FACET": "P16", "CONNECTION_TYPE": null, "DOMESTIC_DIAMETER": null, "DOMESTIC_MATERIAL": null, "FIRE_LIN_DIAMETER": null, "INSTALLED_BY": "Contr", "FIRE_LIN_MATERIAL": null, "MAP_TOOLTIP": "650 DICL n/a 2008 GVWD RJ", "UPDATED_DATE_iso": "2025-08-20", "COV_DATE_UPDATE_iso": "2025-08-20", "INSTALLATION_DATE_iso": "2008-01-01", "COATING_DATE_iso": "2008-01-01"}, "geometry": {"type": "LineString", "coordinates": [[-123.10977760907295, 49.24898247353337], [-123.10937099809821, 49.24897613973382]]}}, {"type": "Feature", "properties": {"SHAPE_Length": 134.00263430240082, "OBJECTID": 21296006, "COV_SOURCE_KEY": "415458", "UPDATED_DATE": 1755722824000, "COV_DATE_UPDATE": 1755722824000, "TBFID": 480375, "ORACLE_ID": "__FNKK4H", "UNIT_ID_1": "865980", "UNIT_ID_2": "148125", "MAIN_COMP1": 43, "MAIN_KEY_1": 119964, "MAIN_COMP2": 43, "MAIN_KEY_2": 119947, "ADDRESS_KEY": 150915, "INSTALLATION_DATE": 1199174400000, "DEPTH_OF_COVER_M": 1.2200000286102295, "RESTRAINED_JOINT": 0, "CATHODICALLY_PROTECTED": 0, "REMARKS": "THIS SECTION OF 650 DICL MAIN WAS INPUTTED USING DESIGN DRAWINGS NOT AS-BUILTS!!", "ASSET_DESCRIPTION": "100 W KING EDWARD AV", "SPLIT_ON_CITYSIDE": null, "COMPKEY": 293366, "COMPTYPE": 41, "COATING_DATE": 1199174400000, "LINING_DATE": null, "UPDATED_BY": "HAP6025", "WATERMAIN_KEY": 67468, "BUN": null, "PIPE_LENGTH_M": 134.00227309, "PARALLEL_LINE_NUMBER": null, "PRESSURE_ZONE": null, "PIPE_USE": "Water Main", "SERVICE_STATUS": "In Service (Active)", "SUBSYSTEM": "Transmission", "OWNER": "GVWD", "OPERATOR": "GVWD", "DIAMETER": "650 mm", "PIPE_CLASS": null, "MATERIAL": "Ductile Iron Concrete Lined", "LINING_MATERIAL": "blank", "COATING_MATERIAL": "Poly Bagged", "FACET": "P16", "CONNECTION_TYPE": null, "DOMESTIC_DIAMETER": null, "DOMESTIC_MATERIAL": null, "FIRE_LIN_DIAMETER": null, "INSTALLED_BY": "Contr", "FIRE_LIN_MATERIAL": null, "MAP_TOOLTIP": "650 DICL n/a 2008 GVWD", "UPDATED_DATE_iso": "2025-08-20", "COV_DATE_UPDATE_iso": "2025-08-20", "INSTALLATION_DATE_iso": "2008-01-01", "COATING_DATE_iso": "2008-01-01"}, "geometry": {"type": "LineString", "coordinates": [[-123.10937099809821, 49.24897613973382], [-123.1075302503191, 49.24894746375201]]}}, {"type": "Feature", "properties": {"SHAPE_Length": 14.692004492923031, "OBJECTID": 21296407, "COV_SOURCE_KEY": "415815", "UPDATED_DATE": 1270110407000, "COV_DATE_UPDATE": 1270110407000, "TBFID": 479894, "ORACLE_ID": "__FPALA1", "UNIT_ID_1": "T__FPAM3K", "UNIT_ID_2": "861919", "MAIN_COMP1": 43, "MAIN_KEY_1": 201960, "MAIN_COMP2": 43, "MAIN_KEY_2": 37443, "ADDRESS_KEY": 152621, "INSTALLATION_DATE": 220953600000, "DEPTH_OF_COVER_M": 1.2200000286102295, "RESTRAINED_JOINT": 0, "CATHODICALLY_PROTECTED": 0, "REMARKS": null, "ASSET_DESCRIPTION": "4000 HEATHER ST", "SPLIT_ON_CITYSIDE": null, "COMPKEY": 294396, "COMPTYPE": 41, "COATING_DATE": null, "LINING_DATE": null, "UPDATED_BY": "enfoz", "WATERMAIN_KEY": 68303, "BUN": null, "PIPE_LENGTH_M": 14.69127551, "PARALLEL_LINE_NUMBER": null, "PRESSURE_ZONE": null, "PIPE_USE": "Water Main", "SERVICE_STATUS": "In Service (Active)", "SUBSYSTEM": "Transmission", "OWNER": "COVAV", "OPERATOR": "COVAV", "DIAMETER": "600 mm", "PIPE_CLASS": null, "MATERIAL": "Ductile Iron", "LINING_MATERIAL": "Cement Lined", "COATING_MATERIAL": "blank", "FACET": "O16", "CONNECTION_TYPE": null, "DOMESTIC_DIAMETER": null, "DOMESTIC_MATERIAL": null, "FIRE_LIN_DIAMETER": null, "INSTALLED_BY": "City of Vancouver", "FIRE_LIN_MATERIAL": null, "MAP_TOOLTIP": "600 DI CL 1977", "UPDATED_DATE_iso": "2010-04-01", "COV_DATE_UPDATE_iso": "2010-04-01", "INSTALLATION_DATE_iso": "1977-01-01"}, "geometry": {"type": "LineString", "coordinates": [[-123.12043220668194, 49.24921985696735], [-123.12042675693759, 49.249351966587675]]}}, {"type": "Feature", "properties": {"SHAPE_Length": 127.96502262357626, "OBJECTID": 21297817, "COV_SOURCE_KEY": "409006", "UPDATED_DATE": 1346198561000, "COV_DATE_UPDATE": 1346198561000, "TBFID": 479044, "ORACLE_ID": "__FN3EBN", "UNIT_ID_1": "215747", "UNIT_ID_2": "865178", "MAIN_COMP1": 0, "MAIN_KEY_1": 176835, "MAIN_COMP2": 43, "MAIN_KEY_2": 110852, "ADDRESS_KEY": 154049, "INSTALLATION_DATE": 1133942400000, "DEPTH_OF_COVER_M": 1.5, "RESTRAINED_JOINT": 1, "CATHODICALLY_PROTECTED": 0, "REMARKS": "MJ - TJ Pipe", "ASSET_DESCRIPTION": "3500 HEATHER ST", "SPLIT_ON_CITYSIDE": null, "COMPKEY": 286039, "COMPTYPE": 41, "COATING_DATE": 1133942400000, "LINING_DATE": null, "UPDATED_BY": "ENJCR", "WATERMAIN_KEY": 61536, "BUN": null, "PIPE_LENGTH_M": 127.96504592, "PARALLEL_LINE_NUMBER": null, "PRESSURE_ZONE": null, "PIPE_USE": "Water Main", "SERVICE_STATUS": "In Service (Active)", "SUBSYSTEM": "Transmission", "OWNER": "COVAV", "OPERATOR": "COVAV", "DIAMETER": "600 mm", "PIPE_CLASS": null, "MATERIAL": "Ductile Iron Concrete Lined", "LINING_MATERIAL": null, "COATING_MATERIAL": "Poly Bagged", "FACET": "O14", "CONNECTION_TYPE": null, "DOMESTIC_DIAMETER": null, "DOMESTIC_MATERIAL": null, "FIRE_LIN_DIAMETER": null, "INSTALLED_BY": "City of Vancouver", "FIRE_LIN_MATERIAL": null, "MAP_TOOLTIP": "600 DICL  2005 RJ", "UPDATED_DATE_iso": "2012-08-29", "COV_DATE_UPDATE_iso": "2012-08-29", "INSTALLATION_DATE_iso": "2005-12-07", "COATING_DATE_iso": "2005-12-07"}, "geometry": {"type": "LineString", "coordinates": [[-123.12025298548487, 49.25416916284016], [-123.12023598272037, 49.25439387217661], [-123.1202089081264, 49.25511712510302], [-123.12020993609816, 49.25531974136747]]}}, {"type": "Feature", "properties": {"SHAPE_Length": 191.828617411748, "OBJECTID": 21297818, "COV_SOURCE_KEY": "409007", "UPDATED_DATE": 1440106686000, "COV_DATE_UPDATE": 1440106686000, "TBFID": 479045, "ORACLE_ID": "__FN3EBV", "UNIT_ID_1": "865178", "UNIT_ID_2": "211639", "MAIN_COMP1": 43, "MAIN_KEY_1": 110852, "MAIN_COMP2": 43, "MAIN_KEY_2": 145288, "ADDRESS_KEY": 151412, "INSTALLATION_DATE": 883641600000, "DEPTH_OF_COVER_M": 1.2200000286102295, "RESTRAINED_JOINT": 1, "CATHODICALLY_PROTECTED": 0, "REMARKS": "MJ - TJ Pipe", "ASSET_DESCRIPTION": "3300 HEATHER ST", "SPLIT_ON_CITYSIDE": null, "COMPKEY": 286041, "COMPTYPE": 41, "COATING_DATE": null, "LINING_DATE": null, "UPDATED_BY": "enjcr", "WATERMAIN_KEY": 61537, "BUN": null, "PIPE_LENGTH_M": 191.82832681, "PARALLEL_LINE_NUMBER": null, "PRESSURE_ZONE": null, "PIPE_USE": "Water Main", "SERVICE_STATUS": "In Service (Active)", "SUBSYSTEM": "Transmission", "OWNER": "COVAV", "OPERATOR": "COVAV", "DIAMETER": "600 mm", "PIPE_CLASS": null, "MATERIAL": "Ductile Iron Concrete Lined", "LINING_MATERIAL": null, "COATING_MATERIAL": "Poly Bagged", "FACET": "O14", "CONNECTION_TYPE": null, "DOMESTIC_DIAMETER": null, "DOMESTIC_MATERIAL": null, "FIRE_LIN_DIAMETER": null, "INSTALLED_BY": "City of Vancouver", "FIRE_LIN_MATERIAL": null, "MAP_TOOLTIP": "600 DICL  1998 RJ", "UPDATED_DATE_iso": "2015-08-20", "COV_DATE_UPDATE_iso": "2015-08-20", "INSTALLATION_DATE_iso": "1998-01-01"}, "geometry": {"type": "LineString", "coordinates": [[-123.12020993609816, 49.25531974136747], [-123.1201451776371, 49.25704475883934]]}}, {"type": "Feature", "properties": {"SHAPE_Length": 1.000312451196438, "OBJECTID": 21297819, "COV_SOURCE_KEY": "409008", "UPDATED_DATE": 1340133233000, "COV_DATE_UPDATE": 1340133233000, "TBFID": 479046, "ORACLE_ID": "__FN3EBX", "UNIT_ID_1": "T__FP65QQ", "UNIT_ID_2": "T__FN3Z4C", "MAIN_COMP1": 43, "MAIN_KEY_1": 176835, "MAIN_COMP2": 43, "MAIN_KEY_2": 111502, "ADDRESS_KEY": 156471, "INSTALLATION_DATE": 883641600000, "DEPTH_OF_COVER_M": 1.2200000286102295, "RESTRAINED_JOINT": 1, "CATHODICALLY_PROTECTED": 0, "REMARKS": "MJ - TJ Pipe", "ASSET_DESCRIPTION": "3500 HEATHER ST", "SPLIT_ON_CITYSIDE": null, "COMPKEY": 286042, "COMPTYPE": 41, "COATING_DATE": null, "LINING_DATE": null, "UPDATED_BY": "enjcr", "WATERMAIN_KEY": 61538, "BUN": null, "PIPE_LENGTH_M": 1.00035743, "PARALLEL_LINE_NUMBER": null, "PRESSURE_ZONE": null, "PIPE_USE": "Water Main", "SERVICE_STATUS": "In Service (Active)", "SUBSYSTEM": "Transmission", "OWNER": "COVAV", "OPERATOR": "COVAV", "DIAMETER": "600 mm", "PIPE_CLASS": null, "MATERIAL": "Ductile Iron Concrete Lined", "LINING_MATERIAL": null, "COATING_MATERIAL": "Poly Bagged", "FACET": "O14", "CONNECTION_TYPE": null, "DOMESTIC_DIAMETER": null, "DOMESTIC_MATERIAL": null, "FIRE_LIN_DIAMETER": null, "INSTALLED_BY": "City of Vancouver", "FIRE_LIN_MATERIAL": null, "MAP_TOOLTIP": "600 DICL  1998 RJ", "UPDATED_DATE_iso": "2012-06-19", "COV_DATE_UPDATE_iso": "2012-06-19", "INSTALLATION_DATE_iso": "1998-01-01"}, "geometry": {"type": "LineString", "coordinates": [[-123.12025298548487, 49.25416916284016], [-123.12025330718345, 49.25416016728353]]}}, {"type": "Feature", "properties": {"SHAPE_Length": 0.999338280889894, "OBJECTID": 21297820, "COV_SOURCE_KEY": "409009", "UPDATED_DATE": 1409083127000, "COV_DATE_UPDATE": 1409083127000, "TBFID": 479047, "ORACLE_ID": "__FN3ECB", "UNIT_ID_1": "T__FN3Z4C", "UNIT_ID_2": "865179", "MAIN_COMP1": 43, "MAIN_KEY_1": 111502, "MAIN_COMP2": 43, "MAIN_KEY_2": 110855, "ADDRESS_KEY": 156471, "INSTALLATION_DATE": 883641600000, "DEPTH_OF_COVER_M": 1.2200000286102295, "RESTRAINED_JOINT": 1, "CATHODICALLY_PROTECTED": 0, "REMARKS": "MJ - TJ Pipe", "ASSET_DESCRIPTION": "3500 HEATHER ST", "SPLIT_ON_CITYSIDE": null, "COMPKEY": 286043, "COMPTYPE": 41, "COATING_DATE": null, "LINING_DATE": null, "UPDATED_BY": "enjcr", "WATERMAIN_KEY": 61539, "BUN": null, "PIPE_LENGTH_M": 0.99972379, "PARALLEL_LINE_NUMBER": null, "PRESSURE_ZONE": null, "PIPE_USE": "Water Main", "SERVICE_STATUS": "In Service (Active)", "SUBSYSTEM": "Transmission", "OWNER": "COVAV", "OPERATOR": "COVAV", "DIAMETER": "600 mm", "PIPE_CLASS": null, "MATERIAL": "Ductile Iron Concrete Lined", "LINING_MATERIAL": null, "COATING_MATERIAL": "Poly Bagged", "FACET": "O14", "CONNECTION_TYPE": null, "DOMESTIC_DIAMETER": null, "DOMESTIC_MATERIAL": null, "FIRE_LIN_DIAMETER": null, "INSTALLED_BY": "City of Vancouver", "FIRE_LIN_MATERIAL": null, "MAP_TOOLTIP": "600 DICL  1998 RJ", "UPDATED_DATE_iso": "2014-08-26", "COV_DATE_UPDATE_iso": "2014-08-26", "INSTALLATION_DATE_iso": "1998-01-01"}, "geometry": {"type": "LineString", "coordinates": [[-123.12025330718345, 49.25416016728353], [-123.12025364264576, 49.25415118070777]]}}, {"type": "Feature", "properties": {"SHAPE_Length": 93.41166317470936, "OBJECTID": 21298106, "COV_SOURCE_KEY": "414512", "UPDATED_DATE": 1368721213000, "COV_DATE_UPDATE": 1368721213000, "TBFID": 480691, "ORACLE_ID": "__FNKLD7", "UNIT_ID_1": "227020", "UNIT_ID_2": "213545", "MAIN_COMP1": 0, "MAIN_KEY_1": 186704, "MAIN_COMP2": 0, "MAIN_KEY_2": 127227, "ADDRESS_KEY": 1, "INSTALLATION_DATE": 1212303600000, "DEPTH_OF_COVER_M": 1.2200000286102295, "RESTRAINED_JOINT": 0, "CATHODICALLY_PROTECTED": 0, "REMARKS": "THIS SECTION OF 1800 S MAIN WAS INPUTTED USING DESIGN DRAWINGS NOT AS-BUILTS!!", "ASSET_DESCRIPTION": "Unknown", "SPLIT_ON_CITYSIDE": null, "COMPKEY": 293436, "COMPTYPE": 41, "COATING_DATE": null, "LINING_DATE": null, "UPDATED_BY": "enmht", "WATERMAIN_KEY": 67525, "BUN": null, "PIPE_LENGTH_M": 93.41152463, "PARALLEL_LINE_NUMBER": null, "PRESSURE_ZONE": null, "PIPE_USE": "Water Main", "SERVICE_STATUS": "In Service (Active)", "SUBSYSTEM": "Transmission", "OWNER": "GVWD", "OPERATOR": "GVWD", "DIAMETER": "1800 mm", "PIPE_CLASS": null, "MATERIAL": "Steel", "LINING_MATERIAL": "blank", "COATING_MATERIAL": "blank", "FACET": "N17", "CONNECTION_TYPE": null, "DOMESTIC_DIAMETER": null, "DOMESTIC_MATERIAL": null, "FIRE_LIN_DIAMETER": null, "INSTALLED_BY": "City of Vancouver", "FIRE_LIN_MATERIAL": null, "MAP_TOOLTIP": "1800 S n/a 2008 GVWD", "UPDATED_DATE_iso": "2013-05-16", "COV_DATE_UPDATE_iso": "2013-05-16", "INSTALLATION_DATE_iso": "2008-06-01"}, "geometry": {"type": "LineString", "coordinates": [[-123.12351666342002, 49.24280322308436], [-123.12223551746837, 49.24275381656275]]}}, {"type": "Feature", "properties": {"SHAPE_Length": 110.88354414421957, "OBJECTID": 21298107, "COV_SOURCE_KEY": "414513", "UPDATED_DATE": 1368721213000, "COV_DATE_UPDATE": 1368721213000, "TBFID": 480692, "ORACLE_ID": "__FNKLD8", "UNIT_ID_1": "213545", "UNIT_ID_2": "215878", "MAIN_COMP1": 0, "MAIN_KEY_1": 127227, "MAIN_COMP2": 0, "MAIN_KEY_2": 175821, "ADDRESS_KEY": 148112, "INSTALLATION_DATE": 1212303600000, "DEPTH_OF_COVER_M": 1.2200000286102295, "RESTRAINED_JOINT": 0, "CATHODICALLY_PROTECTED": 0, "REMARKS": "THIS SECTION OF 1800 S MAIN WAS INPUTTED USING DESIGN DRAWINGS NOT AS-BUILTS!!", "ASSET_DESCRIPTION": "Unknown", "SPLIT_ON_CITYSIDE": null, "COMPKEY": 293438, "COMPTYPE": 41, "COATING_DATE": null, "LINING_DATE": null, "UPDATED_BY": "enmht", "WATERMAIN_KEY": 67526, "BUN": null, "PIPE_LENGTH_M": 110.88323282, "PARALLEL_LINE_NUMBER": null, "PRESSURE_ZONE": null, "PIPE_USE": "Water Main", "SERVICE_STATUS": "In Service (Active)", "SUBSYSTEM": "Transmission", "OWNER": "GVWD", "OPERATOR": "GVWD", "DIAMETER": "1800 mm", "PIPE_CLASS": null, "MATERIAL": "Steel", "LINING_MATERIAL": "blank", "COATING_MATERIAL": "blank", "FACET": "O17", "CONNECTION_TYPE": null, "DOMESTIC_DIAMETER": null, "DOMESTIC_MATERIAL": null, "FIRE_LIN_DIAMETER": null, "INSTALLED_BY": "City of Vancouver", "FIRE_LIN_MATERIAL": null, "MAP_TOOLTIP": "1800 S n/a 2008 GVWD", "UPDATED_DATE_iso": "2013-05-16", "COV_DATE_UPDATE_iso": "2013-05-16", "INSTALLATION_DATE_iso": "2008-06-01"}, "geometry": {"type": "LineString", "coordinates": [[-123.12223551746837, 49.24275381656275], [-123.12071474648316, 49.24269515648405]]}}, {"type": "Feature", "properties": {"SHAPE_Length": 71.35976712602364, "OBJECTID": 21298108, "COV_SOURCE_KEY": "414514", "UPDATED_DATE": 1368721213000, "COV_DATE_UPDATE": 1368721213000, "TBFID": 480693, "ORACLE_ID": "__FNKLDA", "UNIT_ID_1": "215878", "UNIT_ID_2": "215621", "MAIN_COMP1": 0, "MAIN_KEY_1": 175821, "MAIN_COMP2": 0, "MAIN_KEY_2": 121144, "ADDRESS_KEY": 157462, "INSTALLATION_DATE": 1212303600000, "DEPTH_OF_COVER_M": 1.2200000286102295, "RESTRAINED_JOINT": 0, "CATHODICALLY_PROTECTED": 0, "REMARKS": "THIS SECTION OF 1800 S MAIN WAS INPUTTED USING DESIGN DRAWINGS NOT AS-BUILTS!!", "ASSET_DESCRIPTION": "4700 HEATHER ST", "SPLIT_ON_CITYSIDE": null, "COMPKEY": 293439, "COMPTYPE": 41, "COATING_DATE": null, "LINING_DATE": null, "UPDATED_BY": "enmht", "WATERMAIN_KEY": 67527, "BUN": null, "PIPE_LENGTH_M": 71.36028926, "PARALLEL_LINE_NUMBER": null, "PRESSURE_ZONE": null, "PIPE_USE": "Water Main", "SERVICE_STATUS": "In Service (Active)", "SUBSYSTEM": "Transmission", "OWNER": "GVWD", "OPERATOR": "GVWD", "DIAMETER": "1800 mm", "PIPE_CLASS": null, "MATERIAL": "Steel", "LINING_MATERIAL": "blank", "COATING_MATERIAL": "blank", "FACET": "O17", "CONNECTION_TYPE": null, "DOMESTIC_DIAMETER": null, "DOMESTIC_MATERIAL": null, "FIRE_LIN_DIAMETER": null, "INSTALLED_BY": "City of Vancouver", "FIRE_LIN_MATERIAL": null, "MAP_TOOLTIP": "1800 S n/a 2008 GVWD", "UPDATED_DATE_iso": "2013-05-16", "COV_DATE_UPDATE_iso": "2013-05-16", "INSTALLATION_DATE_iso": "2008-06-01"}, "geometry": {"type": "LineString", "coordinates": [[-123.12071474648316, 49.24269515648405], [-123.1206203542866, 49.242590946272706], [-123.12063757852773, 49.24207032875364]]}}, {"type": "Feature", "properties": {"SHAPE_Length": 84.44779493347913, "OBJECTID": 21298109, "COV_SOURCE_KEY": "414515", "UPDATED_DATE": 1368721213000, "COV_DATE_UPDATE": 1368721213000, "TBFID": 480694, "ORACLE_ID": "__FNKLDB", "UNIT_ID_1": "215621", "UNIT_ID_2": "216709", "MAIN_COMP1": 0, "MAIN_KEY_1": 121144, "MAIN_COMP2": 0, "MAIN_KEY_2": 126210, "ADDRESS_KEY": 154811, "INSTALLATION_DATE": 1212303600000, "DEPTH_OF_COVER_M": 1.2200000286102295, "RESTRAINED_JOINT": 0, "CATHODICALLY_PROTECTED": 0, "REMARKS": "THIS SECTION OF 1800 S MAIN WAS INPUTTED USING DESIGN DRAWINGS NOT AS-BUILTS!!", "ASSET_DESCRIPTION": "4800 HEATHER ST", "SPLIT_ON_CITYSIDE": null, "COMPKEY": 293440, "COMPTYPE": 41, "COATING_DATE": null, "LINING_DATE": null, "UPDATED_BY": "enmht", "WATERMAIN_KEY": 67528, "BUN": null, "PIPE_LENGTH_M": 84.4473423, "PARALLEL_LINE_NUMBER": null, "PRESSURE_ZONE": null, "PIPE_USE": "Water Main", "SERVICE_STATUS": "In Service (Active)", "SUBSYSTEM": "Transmission", "OWNER": "GVWD", "OPERATOR": "GVWD", "DIAMETER": "1800 mm", "PIPE_CLASS": null, "MATERIAL": "Steel", "LINING_MATERIAL": "blank", "COATING_MATERIAL": "blank", "FACET": "O17", "CONNECTION_TYPE": null, "DOMESTIC_DIAMETER": null, "DOMESTIC_MATERIAL": null, "FIRE_LIN_DIAMETER": null, "INSTALLED_BY": "City of Vancouver", "FIRE_LIN_MATERIAL": null, "MAP_TOOLTIP": "1800 S n/a 2008 GVWD", "UPDATED_DATE_iso": "2013-05-16", "COV_DATE_UPDATE_iso": "2013-05-16", "INSTALLATION_DATE_iso": "2008-06-01"}, "geometry": {"type": "LineString", "coordinates": [[-123.12063757852773, 49.24207032875364], [-123.1206626834628, 49.241310879285734]]}}, {"type": "Feature", "properties": {"SHAPE_Length": 334.19830457058333, "OBJECTID": 21298491, "COV_SOURCE_KEY": "4118923", "UPDATED_DATE": 1346198561000, "COV_DATE_UPDATE": 1346198561000, "TBFID": 4119001, "ORACLE_ID": "__FPCPU9", "UNIT_ID_1": "4118920", "UNIT_ID_2": "4118905", "MAIN_COMP1": 43, "MAIN_KEY_1": 646892, "MAIN_COMP2": 43, "MAIN_KEY_2": 646893, "ADDRESS_KEY": 157026, "INSTALLATION_DATE": 1199174400000, "DEPTH_OF_COVER_M": 0, "RESTRAINED_JOINT": 1, "CATHODICALLY_PROTECTED": 0, "REMARKS": null, "ASSET_DESCRIPTION": null, "SPLIT_ON_CITYSIDE": null, "COMPKEY": 646923, "COMPTYPE": 41, "COATING_DATE": null, "LINING_DATE": null, "UPDATED_BY": "ENJCR", "WATERMAIN_KEY": 69582, "BUN": null, "PIPE_LENGTH_M": 360.91723805, "PARALLEL_LINE_NUMBER": null, "PRESSURE_ZONE": 172, "PIPE_USE": "Water Main", "SERVICE_STATUS": "In Service (Active)", "SUBSYSTEM": "Transmission", "OWNER": "GVWD", "OPERATOR": "GVWD", "DIAMETER": "600 mm", "PIPE_CLASS": null, "MATERIAL": "Ductile Iron Concrete Lined", "LINING_MATERIAL": "blank", "COATING_MATERIAL": "blank", "FACET": " ", "CONNECTION_TYPE": null, "DOMESTIC_DIAMETER": null, "DOMESTIC_MATERIAL": null, "FIRE_LIN_DIAMETER": null, "INSTALLED_BY": "Contr", "FIRE_LIN_MATERIAL": null, "MAP_TOOLTIP": "600 DICL n/a 2008 GVWD RJ", "UPDATED_DATE_iso": "2012-08-29", "COV_DATE_UPDATE_iso": "2012-08-29", "INSTALLATION_DATE_iso": "2008-01-01"}, "geometry": {"type": "LineString", "coordinates": [[-123.11517059800083, 49.24836669910638], [-123.11517041312025, 49.24836400971673], [-123.11519077124099, 49.24823776834305], [-123.11524502808359, 49.24693733653115], [-123.11528344351888, 49.246039591884106], [-123.11531301440732, 49.24536232913441]]}}, {"type": "Feature", "properties": {"SHAPE_Length": 24.7275932102942, "OBJECTID": 21298561, "COV_SOURCE_KEY": "415693", "UPDATED_DATE": 1368721217000, "COV_DATE_UPDATE": 1368721217000, "TBFID": 479350, "ORACLE_ID": "__FNKL4W", "UNIT_ID_1": "229278", "UNIT_ID_2": "227020", "MAIN_COMP1": 0, "MAIN_KEY_1": 153129, "MAIN_COMP2": 0, "MAIN_KEY_2": 186704, "ADDRESS_KEY": 1, "INSTALLATION_DATE": 1212303600000, "DEPTH_OF_COVER_M": 1.2200000286102295, "RESTRAINED_JOINT": 0, "CATHODICALLY_PROTECTED": 0, "REMARKS": "THIS SECTION OF 1800 S MAIN WAS INPUTTED USING DESIGN DRAWINGS NOT AS-BUILTS!!", "ASSET_DESCRIPTION": "800 W 32ND AV", "SPLIT_ON_CITYSIDE": null, "COMPKEY": 293423, "COMPTYPE": 41, "COATING_DATE": null, "LINING_DATE": null, "UPDATED_BY": "enmht", "WATERMAIN_KEY": 67514, "BUN": null, "PIPE_LENGTH_M": 24.72794154, "PARALLEL_LINE_NUMBER": null, "PRESSURE_ZONE": null, "PIPE_USE": "Water Main", "SERVICE_STATUS": "In Service (Active)", "SUBSYSTEM": "Transmission", "OWNER": "GVWD", "OPERATOR": "GVWD", "DIAMETER": "650 mm", "PIPE_CLASS": null, "MATERIAL": "Steel", "LINING_MATERIAL": "blank", "COATING_MATERIAL": "blank", "FACET": "N17", "CONNECTION_TYPE": null, "DOMESTIC_DIAMETER": null, "DOMESTIC_MATERIAL": null, "FIRE_LIN_DIAMETER": null, "INSTALLED_BY": "City of Vancouver", "FIRE_LIN_MATERIAL": null, "MAP_TOOLTIP": "650 S n/a 2008 GVWD", "UPDATED_DATE_iso": "2013-05-16", "COV_DATE_UPDATE_iso": "2013-05-16", "INSTALLATION_DATE_iso": "2008-06-01"}, "geometry": {"type": "LineString", "coordinates": [[-123.12381355066341, 49.24269509734156], [-123.12351666342002, 49.24280322308436]]}}, {"type": "Feature", "properties": {"SHAPE_Length": 166.6433735914395, "OBJECTID": 21298562, "COV_SOURCE_KEY": "415694", "UPDATED_DATE": 1368721217000, "COV_DATE_UPDATE": 1368721217000, "TBFID": 479351, "ORACLE_ID": "__FNKL56", "UNIT_ID_1": "216709", "UNIT_ID_2": "150874", "MAIN_COMP1": 0, "MAIN_KEY_1": 126210, "MAIN_COMP2": 43, "MAIN_KEY_2": 120007, "ADDRESS_KEY": 154811, "INSTALLATION_DATE": 1212303600000, "DEPTH_OF_COVER_M": 1.2200000286102295, "RESTRAINED_JOINT": 0, "CATHODICALLY_PROTECTED": 0, "REMARKS": "THIS SECTION OF 1800 S MAIN WAS INPUTTED USING DESIGN DRAWINGS NOT AS-BUILTS!!", "ASSET_DESCRIPTION": "4800 HEATHER ST", "SPLIT_ON_CITYSIDE": null, "COMPKEY": 293424, "COMPTYPE": 41, "COATING_DATE": null, "LINING_DATE": null, "UPDATED_BY": "enmht", "WATERMAIN_KEY": 67515, "BUN": null, "PIPE_LENGTH_M": 166.64337359, "PARALLEL_LINE_NUMBER": null, "PRESSURE_ZONE": 173, "PIPE_USE": "Water Main", "SERVICE_STATUS": "In Service (Active)", "SUBSYSTEM": "Transmission", "OWNER": "GVWD", "OPERATOR": "GVWD", "DIAMETER": "1800 mm", "PIPE_CLASS": null, "MATERIAL": "Steel", "LINING_MATERIAL": "blank", "COATING_MATERIAL": "blank", "FACET": "O17", "CONNECTION_TYPE": null, "DOMESTIC_DIAMETER": null, "DOMESTIC_MATERIAL": null, "FIRE_LIN_DIAMETER": null, "INSTALLED_BY": "City of Vancouver", "FIRE_LIN_MATERIAL": null, "MAP_TOOLTIP": "1800 S n/a 2008 GVWD", "UPDATED_DATE_iso": "2013-05-16", "COV_DATE_UPDATE_iso": "2013-05-16", "INSTALLATION_DATE_iso": "2008-06-01"}, "geometry": {"type": "LineString", "coordinates": [[-123.1206626834628, 49.241310879285734], [-123.12048338109216, 49.24124791082272], [-123.11840079526097, 49.24117042007718]]}}, {"type": "Feature", "properties": {"SHAPE_Length": 26.718933476888132, "OBJECTID": 21298703, "COV_SOURCE_KEY": "4118923", "UPDATED_DATE": 1346198561000, "COV_DATE_UPDATE": 1346198561000, "TBFID": 4119000, "ORACLE_ID": "__FPCPU9", "UNIT_ID_1": "4118920", "UNIT_ID_2": "4118905", "MAIN_COMP1": 43, "MAIN_KEY_1": 646892, "MAIN_COMP2": 43, "MAIN_KEY_2": 646893, "ADDRESS_KEY": 157026, "INSTALLATION_DATE": 1199174400000, "DEPTH_OF_COVER_M": 0, "RESTRAINED_JOINT": 1, "CATHODICALLY_PROTECTED": 0, "REMARKS": null, "ASSET_DESCRIPTION": null, "SPLIT_ON_CITYSIDE": null, "COMPKEY": 646923, "COMPTYPE": 41, "COATING_DATE": null, "LINING_DATE": null, "UPDATED_BY": "ENJCR", "WATERMAIN_KEY": 69582, "BUN": null, "PIPE_LENGTH_M": 360.91723805, "PARALLEL_LINE_NUMBER": null, "PRESSURE_ZONE": 172, "PIPE_USE": "Water Main", "SERVICE_STATUS": "In Service (Active)", "SUBSYSTEM": "Transmission", "OWNER": "GVWD", "OPERATOR": "GVWD", "DIAMETER": "600 mm", "PIPE_CLASS": null, "MATERIAL": "Ductile Iron Concrete Lined", "LINING_MATERIAL": "blank", "COATING_MATERIAL": "blank", "FACET": " ", "CONNECTION_TYPE": null, "DOMESTIC_DIAMETER": null, "DOMESTIC_MATERIAL": null, "FIRE_LIN_DIAMETER": null, "INSTALLED_BY": "Contr", "FIRE_LIN_MATERIAL": null, "MAP_TOOLTIP": "600 DICL n/a 2008 GVWD RJ", "UPDATED_DATE_iso": "2012-08-29", "COV_DATE_UPDATE_iso": "2012-08-29", "INSTALLATION_DATE_iso": "2008-01-01"}, "geometry": {"type": "LineString", "coordinates": [[-123.1151741932977, 49.24860687717052], [-123.1151789914973, 49.248489934392595], [-123.11517059800083, 49.24836669910638]]}}, {"type": "Feature", "properties": {"SHAPE_Length": 3.0012324135030926, "OBJECTID": 21298936, "COV_SOURCE_KEY": "415814", "UPDATED_DATE": 1270110407000, "COV_DATE_UPDATE": 1270110407000, "TBFID": 479893, "ORACLE_ID": "__FPALA0", "UNIT_ID_1": "T__FP6197", "UNIT_ID_2": "T__FPAM3K", "MAIN_COMP1": 43, "MAIN_KEY_1": 170033, "MAIN_COMP2": 43, "MAIN_KEY_2": 201960, "ADDRESS_KEY": 152621, "INSTALLATION_DATE": 220953600000, "DEPTH_OF_COVER_M": 1.2200000286102295, "RESTRAINED_JOINT": 0, "CATHODICALLY_PROTECTED": 0, "REMARKS": null, "ASSET_DESCRIPTION": "4000 HEATHER ST", "SPLIT_ON_CITYSIDE": null, "COMPKEY": 294395, "COMPTYPE": 41, "COATING_DATE": null, "LINING_DATE": null, "UPDATED_BY": "enfoz", "WATERMAIN_KEY": 68302, "BUN": null, "PIPE_LENGTH_M": 3.00181288, "PARALLEL_LINE_NUMBER": null, "PRESSURE_ZONE": null, "PIPE_USE": "Water Main", "SERVICE_STATUS": "In Service (Active)", "SUBSYSTEM": "Transmission", "OWNER": "COVAV", "OPERATOR": "COVAV", "DIAMETER": "600 mm", "PIPE_CLASS": null, "MATERIAL": "Ductile Iron", "LINING_MATERIAL": "Cement Lined", "COATING_MATERIAL": "blank", "FACET": "O16", "CONNECTION_TYPE": null, "DOMESTIC_DIAMETER": null, "DOMESTIC_MATERIAL": null, "FIRE_LIN_DIAMETER": null, "INSTALLED_BY": "City of Vancouver", "FIRE_LIN_MATERIAL": null, "MAP_TOOLTIP": "600 DI CL 1977", "UPDATED_DATE_iso": "2010-04-01", "COV_DATE_UPDATE_iso": "2010-04-01", "INSTALLATION_DATE_iso": "1977-01-01"}, "geometry": {"type": "LineString", "coordinates": [[-123.12043332273453, 49.24919287011524], [-123.12043220668194, 49.24921985696735]]}}, {"type": "Feature", "properties": {"SHAPE_Length": 88.63763811083606, "OBJECTID": 21300564, "COV_SOURCE_KEY": "409073", "UPDATED_DATE": 1440106685000, "COV_DATE_UPDATE": 1440106685000, "TBFID": 477247, "ORACLE_ID": "__FN3ECC", "UNIT_ID_1": "865179", "UNIT_ID_2": "233921", "MAIN_COMP1": 43, "MAIN_KEY_1": 110855, "MAIN_COMP2": 43, "MAIN_KEY_2": 124500, "ADDRESS_KEY": 156471, "INSTALLATION_DATE": 883641600000, "DEPTH_OF_COVER_M": 1.2200000286102295, "RESTRAINED_JOINT": 1, "CATHODICALLY_PROTECTED": 0, "REMARKS": "MJ - TJ Pipe", "ASSET_DESCRIPTION": "3500 HEATHER ST", "SPLIT_ON_CITYSIDE": null, "COMPKEY": 286045, "COMPTYPE": 41, "COATING_DATE": null, "LINING_DATE": null, "UPDATED_BY": "enjcr", "WATERMAIN_KEY": 61540, "BUN": null, "PIPE_LENGTH_M": 88.63743512, "PARALLEL_LINE_NUMBER": null, "PRESSURE_ZONE": null, "PIPE_USE": "Water Main", "SERVICE_STATUS": "In Service (Active)", "SUBSYSTEM": "Transmission", "OWNER": "COVAV", "OPERATOR": "COVAV", "DIAMETER": "600 mm", "PIPE_CLASS": null, "MATERIAL": "Ductile Iron Concrete Lined", "LINING_MATERIAL": null, "COATING_MATERIAL": "Poly Bagged", "FACET": "O15", "CONNECTION_TYPE": null, "DOMESTIC_DIAMETER": null, "DOMESTIC_MATERIAL": null, "FIRE_LIN_DIAMETER": null, "INSTALLED_BY": "City of Vancouver", "FIRE_LIN_MATERIAL": null, "MAP_TOOLTIP": "600 DICL  1998 RJ", "UPDATED_DATE_iso": "2015-08-20", "COV_DATE_UPDATE_iso": "2015-08-20", "INSTALLATION_DATE_iso": "1998-01-01"}, "geometry": {"type": "LineString", "coordinates": [[-123.12025364264576, 49.25415118070777], [-123.12028266666772, 49.25335409282903]]}}, {"type": "Feature", "properties": {"SHAPE_Length": 286.51139554287937, "OBJECTID": 21302358, "COV_SOURCE_KEY": "415385", "UPDATED_DATE": 1755722828000, "COV_DATE_UPDATE": 1755722828000, "TBFID": 4116853, "ORACLE_ID": "__FNKK2F", "UNIT_ID_1": "148126", "UNIT_ID_2": "148661", "MAIN_COMP1": 43, "MAIN_KEY_1": 119950, "MAIN_COMP2": 43, "MAIN_KEY_2": 119951, "ADDRESS_KEY": 155167, "INSTALLATION_DATE": 1199174400000, "DEPTH_OF_COVER_M": 1.2200000286102295, "RESTRAINED_JOINT": 0, "CATHODICALLY_PROTECTED": 0, "REMARKS": "THIS SECTION OF 650 DICL MAIN WAS INPUTTED USING DESIGN DRAWINGS NOT AS-BUILTS!!", "ASSET_DESCRIPTION": "4000 MANITOBA ST", "SPLIT_ON_CITYSIDE": null, "COMPKEY": 293353, "COMPTYPE": 41, "COATING_DATE": 1199174400000, "LINING_DATE": null, "UPDATED_BY": "HAP6025", "WATERMAIN_KEY": 67457, "BUN": null, "PIPE_LENGTH_M": 301.500424, "PARALLEL_LINE_NUMBER": null, "PRESSURE_ZONE": 172, "PIPE_USE": "Water Main", "SERVICE_STATUS": "In Service (Active)", "SUBSYSTEM": "Transmission", "OWNER": "GVWD", "OPERATOR": "GVWD", "DIAMETER": "650 mm", "PIPE_CLASS": null, "MATERIAL": "Ductile Iron Concrete Lined", "LINING_MATERIAL": "blank", "COATING_MATERIAL": "Poly Bagged", "FACET": "P16", "CONNECTION_TYPE": null, "DOMESTIC_DIAMETER": null, "DOMESTIC_MATERIAL": null, "FIRE_LIN_DIAMETER": null, "INSTALLED_BY": "Contr", "FIRE_LIN_MATERIAL": null, "MAP_TOOLTIP": "650 DICL n/a 2008 GVWD", "UPDATED_DATE_iso": "2025-08-20", "COV_DATE_UPDATE_iso": "2025-08-20", "INSTALLATION_DATE_iso": "2008-01-01", "COATING_DATE_iso": "2008-01-01"}, "geometry": {"type": "LineString", "coordinates": [[-123.10744784487783, 49.248945921278114], [-123.10521326323868, 49.2489021291704], [-123.10412819885688, 49.248881847488335], [-123.10351272247307, 49.24887031097607]]}}, {"type": "Feature", "properties": {"SHAPE_Length": 5.602578076945214, "OBJECTID": 21303291, "COV_SOURCE_KEY": "403657", "UPDATED_DATE": 1440106737000, "COV_DATE_UPDATE": 1440106737000, "TBFID": 474334, "ORACLE_ID": "__FJAEWU", "UNIT_ID_1": "149190", "UNIT_ID_2": "216293", "MAIN_COMP1": 43, "MAIN_KEY_1": 49547, "MAIN_COMP2": 43, "MAIN_KEY_2": 198542, "ADDRESS_KEY": 147819, "INSTALLATION_DATE": 852105600000, "DEPTH_OF_COVER_M": 1.2200000286102295, "RESTRAINED_JOINT": 0, "CATHODICALLY_PROTECTED": 0, "REMARKS": null, "ASSET_DESCRIPTION": "900 W 33RD AV", "SPLIT_ON_CITYSIDE": null, "COMPKEY": 278243, "COMPTYPE": 41, "COATING_DATE": null, "LINING_DATE": null, "UPDATED_BY": "enjcr", "WATERMAIN_KEY": 55245, "BUN": null, "PIPE_LENGTH_M": 5.60260195, "PARALLEL_LINE_NUMBER": null, "PRESSURE_ZONE": null, "PIPE_USE": "Water Main", "SERVICE_STATUS": "In Service (Active)", "SUBSYSTEM": "Transmission", "OWNER": "COVAV", "OPERATOR": "COVAV", "DIAMETER": "600 mm", "PIPE_CLASS": null, "MATERIAL": "Ductile Iron", "LINING_MATERIAL": "Cement Lined", "COATING_MATERIAL": "blank", "FACET": "N17", "CONNECTION_TYPE": null, "DOMESTIC_DIAMETER": null, "DOMESTIC_MATERIAL": null, "FIRE_LIN_DIAMETER": null, "INSTALLED_BY": "City of Vancouver", "FIRE_LIN_MATERIAL": null, "MAP_TOOLTIP": "600 DI CL 1997", "UPDATED_DATE_iso": "2015-08-20", "COV_DATE_UPDATE_iso": "2015-08-20", "INSTALLATION_DATE_iso": "1997-01-01"}, "geometry": {"type": "LineString", "coordinates": [[-123.12765950838222, 49.24146199975323], [-123.1276279614978, 49.24146070331241], [-123.12758268843308, 49.24145884632664]]}}, {"type": "Feature", "properties": {"SHAPE_Length": 1.8969999998807907, "OBJECTID": 21304007, "COV_SOURCE_KEY": "4118931", "UPDATED_DATE": 1787663259000, "COV_DATE_UPDATE": 1787663259000, "TBFID": 4118930, "ORACLE_ID": "__FPCPUB", "UNIT_ID_1": "4118928", "UNIT_ID_2": "4118920", "MAIN_COMP1": 46, "MAIN_KEY_1": 646888, "MAIN_COMP2": 43, "MAIN_KEY_2": 646892, "ADDRESS_KEY": 157026, "INSTALLATION_DATE": 1199174400000, "DEPTH_OF_COVER_M": 0, "RESTRAINED_JOINT": 0, "CATHODICALLY_PROTECTED": 0, "REMARKS": null, "ASSET_DESCRIPTION": null, "SPLIT_ON_CITYSIDE": null, "COMPKEY": 646898, "COMPTYPE": 41, "COATING_DATE": null, "LINING_DATE": null, "UPDATED_BY": "enwwio", "WATERMAIN_KEY": 69581, "BUN": null, "PIPE_LENGTH_M": 1.89700415, "PARALLEL_LINE_NUMBER": null, "PRESSURE_ZONE": 172, "PIPE_USE": "Water Main", "SERVICE_STATUS": "In Service (Active)", "SUBSYSTEM": "Transmission", "OWNER": "COVAV", "OPERATOR": "COVAV", "DIAMETER": "300 mm", "PIPE_CLASS": null, "MATERIAL": "Ductile Iron Concrete Lined", "LINING_MATERIAL": "blank", "COATING_MATERIAL": "blank", "FACET": " ", "CONNECTION_TYPE": null, "DOMESTIC_DIAMETER": null, "DOMESTIC_MATERIAL": null, "FIRE_LIN_DIAMETER": null, "INSTALLED_BY": "Contr", "FIRE_LIN_MATERIAL": null, "MAP_TOOLTIP": "300 DICL n/a 2008", "UPDATED_DATE_iso": "2026-08-25", "COV_DATE_UPDATE_iso": "2026-08-25", "INSTALLATION_DATE_iso": "2008-01-01"}, "geometry": {"type": "LineString", "coordinates": [[-123.1151481277081, 49.248606903152115], [-123.1151741932977, 49.24860687717052]]}}, {"type": "Feature", "properties": {"SHAPE_Length": 79.25884933122188, "OBJECTID": 21304212, "COV_SOURCE_KEY": "415687", "UPDATED_DATE": 1368721216000, "COV_DATE_UPDATE": 1368721216000, "TBFID": 481286, "ORACLE_ID": "__FNKL4D", "UNIT_ID_1": "228529", "UNIT_ID_2": "216005", "MAIN_COMP1": 0, "MAIN_KEY_1": 177406, "MAIN_COMP2": 0, "MAIN_KEY_2": 163553, "ADDRESS_KEY": 155280, "INSTALLATION_DATE": 1212303600000, "DEPTH_OF_COVER_M": 1.2200000286102295, "RESTRAINED_JOINT": 0, "CATHODICALLY_PROTECTED": 0, "REMARKS": "THIS SECTION OF 1800 S MAIN WAS INPUTTED USING DESIGN DRAWINGS NOT AS-BUILTS!!", "ASSET_DESCRIPTION": "1000 CONNAUGHT DRIVE", "SPLIT_ON_CITYSIDE": null, "COMPKEY": 293416, "COMPTYPE": 41, "COATING_DATE": null, "LINING_DATE": null, "UPDATED_BY": "enmht", "WATERMAIN_KEY": 67508, "BUN": null, "PIPE_LENGTH_M": 79.25797418, "PARALLEL_LINE_NUMBER": null, "PRESSURE_ZONE": null, "PIPE_USE": "Water Main", "SERVICE_STATUS": "In Service (Active)", "SUBSYSTEM": "Transmission", "OWNER": "GVWD", "OPERATOR": "GVWD", "DIAMETER": "1800 mm", "PIPE_CLASS": null, "MATERIAL": "Steel", "LINING_MATERIAL": "blank", "COATING_MATERIAL": "blank", "FACET": "N17", "CONNECTION_TYPE": null, "DOMESTIC_DIAMETER": null, "DOMESTIC_MATERIAL": null, "FIRE_LIN_DIAMETER": null, "INSTALLED_BY": "City of Vancouver", "FIRE_LIN_MATERIAL": null, "MAP_TOOLTIP": "1800 S n/a 2008 GVWD", "UPDATED_DATE_iso": "2013-05-16", "COV_DATE_UPDATE_iso": "2013-05-16", "INSTALLATION_DATE_iso": "2008-06-01"}, "geometry": {"type": "LineString", "coordinates": [[-123.1293288555964, 49.24359745717264], [-123.12835490928072, 49.24357195341398], [-123.12824071976462, 49.24357034414188]]}}, {"type": "Feature", "properties": {"SHAPE_Length": 20.726582014282574, "OBJECTID": 21304213, "COV_SOURCE_KEY": "415688", "UPDATED_DATE": 1654626540000, "COV_DATE_UPDATE": 1654626540000, "TBFID": 481287, "ORACLE_ID": "__FNKL4G", "UNIT_ID_1": "216005", "UNIT_ID_2": "233867", "MAIN_COMP1": 43, "MAIN_KEY_1": 163553, "MAIN_COMP2": 43, "MAIN_KEY_2": 157611, "ADDRESS_KEY": 155280, "INSTALLATION_DATE": 1212303600000, "DEPTH_OF_COVER_M": 1.2200000286102295, "RESTRAINED_JOINT": 0, "CATHODICALLY_PROTECTED": 0, "REMARKS": "THIS SECTION OF 1800 S MAIN WAS INPUTTED USING DESIGN DRAWINGS NOT AS-BUILTS!!", "ASSET_DESCRIPTION": "1000 CONNAUGHT DRIVE", "SPLIT_ON_CITYSIDE": null, "COMPKEY": 293417, "COMPTYPE": 41, "COATING_DATE": null, "LINING_DATE": null, "UPDATED_BY": "enyamw", "WATERMAIN_KEY": 67509, "BUN": null, "PIPE_LENGTH_M": 20.7273846, "PARALLEL_LINE_NUMBER": null, "PRESSURE_ZONE": null, "PIPE_USE": "Water Main", "SERVICE_STATUS": "In Service (Active)", "SUBSYSTEM": "Transmission", "OWNER": "GVWD", "OPERATOR": "GVWD", "DIAMETER": "1800 mm", "PIPE_CLASS": null, "MATERIAL": "Steel", "LINING_MATERIAL": "blank", "COATING_MATERIAL": "blank", "FACET": "N17", "CONNECTION_TYPE": null, "DOMESTIC_DIAMETER": null, "DOMESTIC_MATERIAL": null, "FIRE_LIN_DIAMETER": null, "INSTALLED_BY": "City of Vancouver", "FIRE_LIN_MATERIAL": null, "MAP_TOOLTIP": "1800 S n/a 2008 GVWD", "UPDATED_DATE_iso": "2022-06-07", "COV_DATE_UPDATE_iso": "2022-06-07", "INSTALLATION_DATE_iso": "2008-06-01"}, "geometry": {"type": "LineString", "coordinates": [[-123.12824071976462, 49.24357034414188], [-123.12795602229555, 49.24356633310096]]}}, {"type": "Feature", "properties": {"SHAPE_Length": 43.27075250230978, "OBJECTID": 21304214, "COV_SOURCE_KEY": "415689", "UPDATED_DATE": 1368721216000, "COV_DATE_UPDATE": 1368721216000, "TBFID": 481288, "ORACLE_ID": "__FNKL4L", "UNIT_ID_1": "233867", "UNIT_ID_2": "221544", "MAIN_COMP1": 0, "MAIN_KEY_1": 157611, "MAIN_COMP2": 0, "MAIN_KEY_2": 154463, "ADDRESS_KEY": 156546, "INSTALLATION_DATE": 1212303600000, "DEPTH_OF_COVER_M": 1.2200000286102295, "RESTRAINED_JOINT": 0, "CATHODICALLY_PROTECTED": 0, "REMARKS": "THIS SECTION OF 1800 S MAIN WAS INPUTTED USING DESIGN DRAWINGS NOT AS-BUILTS!!", "ASSET_DESCRIPTION": "1000 CONNAUGHT DRIVE", "SPLIT_ON_CITYSIDE": null, "COMPKEY": 293418, "COMPTYPE": 41, "COATING_DATE": null, "LINING_DATE": null, "UPDATED_BY": "enmht", "WATERMAIN_KEY": 67510, "BUN": null, "PIPE_LENGTH_M": 43.27059511, "PARALLEL_LINE_NUMBER": null, "PRESSURE_ZONE": null, "PIPE_USE": "Water Main", "SERVICE_STATUS": "In Service (Active)", "SUBSYSTEM": "Transmission", "OWNER": "GVWD", "OPERATOR": "GVWD", "DIAMETER": "1800 mm", "PIPE_CLASS": null, "MATERIAL": "Steel", "LINING_MATERIAL": "blank", "COATING_MATERIAL": "blank", "FACET": "N17", "CONNECTION_TYPE": null, "DOMESTIC_DIAMETER": null, "DOMESTIC_MATERIAL": null, "FIRE_LIN_DIAMETER": null, "INSTALLED_BY": "City of Vancouver", "FIRE_LIN_MATERIAL": null, "MAP_TOOLTIP": "1800 S n/a 2008 GVWD", "UPDATED_DATE_iso": "2013-05-16", "COV_DATE_UPDATE_iso": "2013-05-16", "INSTALLATION_DATE_iso": "2008-06-01"}, "geometry": {"type": "LineString", "coordinates": [[-123.12795602229555, 49.24356633310096], [-123.12770794079947, 49.24356283859346], [-123.12746304215997, 49.24359490721561], [-123.12736647886766, 49.243592917821736]]}}, {"type": "Feature", "properties": {"SHAPE_Length": 85.15893320709526, "OBJECTID": 21304215, "COV_SOURCE_KEY": "415690", "UPDATED_DATE": 1368721216000, "COV_DATE_UPDATE": 1368721216000, "TBFID": 481289, "ORACLE_ID": "__FNKL4Q", "UNIT_ID_1": "221544", "UNIT_ID_2": "234065", "MAIN_COMP1": 0, "MAIN_KEY_1": 154463, "MAIN_COMP2": 0, "MAIN_KEY_2": 152132, "ADDRESS_KEY": 155280, "INSTALLATION_DATE": 1212303600000, "DEPTH_OF_COVER_M": 1.2200000286102295, "RESTRAINED_JOINT": 0, "CATHODICALLY_PROTECTED": 0, "REMARKS": "THIS SECTION OF 1800 S MAIN WAS INPUTTED USING DESIGN DRAWINGS NOT AS-BUILTS!!", "ASSET_DESCRIPTION": "4600 OAK ST", "SPLIT_ON_CITYSIDE": null, "COMPKEY": 293419, "COMPTYPE": 41, "COATING_DATE": null, "LINING_DATE": null, "UPDATED_BY": "enmht", "WATERMAIN_KEY": 67511, "BUN": null, "PIPE_LENGTH_M": 85.15904042, "PARALLEL_LINE_NUMBER": null, "PRESSURE_ZONE": null, "PIPE_USE": "Water Main", "SERVICE_STATUS": "In Service (Active)", "SUBSYSTEM": "Transmission", "OWNER": "GVWD", "OPERATOR": "GVWD", "DIAMETER": "1800 mm", "PIPE_CLASS": null, "MATERIAL": "Steel", "LINING_MATERIAL": "blank", "COATING_MATERIAL": "blank", "FACET": "N17", "CONNECTION_TYPE": null, "DOMESTIC_DIAMETER": null, "DOMESTIC_MATERIAL": null, "FIRE_LIN_DIAMETER": null, "INSTALLED_BY": "City of Vancouver", "FIRE_LIN_MATERIAL": null, "MAP_TOOLTIP": "1800 S n/a 2008 GVWD", "UPDATED_DATE_iso": "2013-05-16", "COV_DATE_UPDATE_iso": "2013-05-16", "INSTALLATION_DATE_iso": "2008-06-01"}, "geometry": {"type": "LineString", "coordinates": [[-123.12736647886766, 49.243592917821736], [-123.12619909094893, 49.243541738680605]]}}, {"type": "Feature", "properties": {"SHAPE_Length": 106.60131984369227, "OBJECTID": 21304216, "COV_SOURCE_KEY": "415691", "UPDATED_DATE": 1368721216000, "COV_DATE_UPDATE": 1368721216000, "TBFID": 481290, "ORACLE_ID": "__FNKL4R", "UNIT_ID_1": "234065", "UNIT_ID_2": "216221", "MAIN_COMP1": 0, "MAIN_KEY_1": 152132, "MAIN_COMP2": 0, "MAIN_KEY_2": 134140, "ADDRESS_KEY": 1, "INSTALLATION_DATE": 1212303600000, "DEPTH_OF_COVER_M": 1.2200000286102295, "RESTRAINED_JOINT": 0, "CATHODICALLY_PROTECTED": 0, "REMARKS": "THIS SECTION OF 1800 S MAIN WAS INPUTTED USING DESIGN DRAWINGS NOT AS-BUILTS!!", "ASSET_DESCRIPTION": "Unknown", "SPLIT_ON_CITYSIDE": null, "COMPKEY": 293420, "COMPTYPE": 41, "COATING_DATE": null, "LINING_DATE": null, "UPDATED_BY": "enmht", "WATERMAIN_KEY": 67512, "BUN": null, "PIPE_LENGTH_M": 106.60101294, "PARALLEL_LINE_NUMBER": null, "PRESSURE_ZONE": null, "PIPE_USE": "Water Main", "SERVICE_STATUS": "In Service (Active)", "SUBSYSTEM": "Transmission", "OWNER": "GVWD", "OPERATOR": "GVWD", "DIAMETER": "1800 mm", "PIPE_CLASS": null, "MATERIAL": "Steel", "LINING_MATERIAL": "blank", "COATING_MATERIAL": "blank", "FACET": "N17", "CONNECTION_TYPE": null, "DOMESTIC_DIAMETER": null, "DOMESTIC_MATERIAL": null, "FIRE_LIN_DIAMETER": null, "INSTALLED_BY": "City of Vancouver", "FIRE_LIN_MATERIAL": null, "MAP_TOOLTIP": "1800 S n/a 2008 GVWD", "UPDATED_DATE_iso": "2013-05-16", "COV_DATE_UPDATE_iso": "2013-05-16", "INSTALLATION_DATE_iso": "2008-06-01"}, "geometry": {"type": "LineString", "coordinates": [[-123.12619909094893, 49.243541738680605], [-123.12602748300237, 49.24341475132233], [-123.12572125587255, 49.24318818006267], [-123.12522854806943, 49.242823607406784]]}}, {"type": "Feature", "properties": {"SHAPE_Length": 105.51696532020196, "OBJECTID": 21304217, "COV_SOURCE_KEY": "415692", "UPDATED_DATE": 1368721218000, "COV_DATE_UPDATE": 1368721218000, "TBFID": 481291, "ORACLE_ID": "__FNKL4S", "UNIT_ID_1": "216221", "UNIT_ID_2": "229278", "MAIN_COMP1": 0, "MAIN_KEY_1": 134140, "MAIN_COMP2": 0, "MAIN_KEY_2": 153129, "ADDRESS_KEY": 153040, "INSTALLATION_DATE": 1212303600000, "DEPTH_OF_COVER_M": 1.2200000286102295, "RESTRAINED_JOINT": 0, "CATHODICALLY_PROTECTED": 0, "REMARKS": "THIS SECTION OF 1800 S MAIN WAS INPUTTED USING DESIGN DRAWINGS NOT AS-BUILTS!!", "ASSET_DESCRIPTION": "900 W 32ND AV", "SPLIT_ON_CITYSIDE": null, "COMPKEY": 293422, "COMPTYPE": 41, "COATING_DATE": null, "LINING_DATE": null, "UPDATED_BY": "enmht", "WATERMAIN_KEY": 67513, "BUN": null, "PIPE_LENGTH_M": 105.51607971, "PARALLEL_LINE_NUMBER": null, "PRESSURE_ZONE": null, "PIPE_USE": "Water Main", "SERVICE_STATUS": "In Service (Active)", "SUBSYSTEM": "Transmission", "OWNER": "GVWD", "OPERATOR": "GVWD", "DIAMETER": "1800 mm", "PIPE_CLASS": null, "MATERIAL": "Steel", "LINING_MATERIAL": "blank", "COATING_MATERIAL": "blank", "FACET": "N17", "CONNECTION_TYPE": null, "DOMESTIC_DIAMETER": null, "DOMESTIC_MATERIAL": null, "FIRE_LIN_DIAMETER": null, "INSTALLED_BY": "City of Vancouver", "FIRE_LIN_MATERIAL": null, "MAP_TOOLTIP": "1800 S n/a 2008 GVWD", "UPDATED_DATE_iso": "2013-05-16", "COV_DATE_UPDATE_iso": "2013-05-16", "INSTALLATION_DATE_iso": "2008-06-01"}, "geometry": {"type": "LineString", "coordinates": [[-123.12522854806943, 49.242823607406784], [-123.12496390456879, 49.24273423840855], [-123.12440147123513, 49.24271510084969], [-123.12381355066341, 49.24269509734156]]}}, {"type": "Feature", "properties": {"SHAPE_Length": 112.29378018643152, "OBJECTID": 21304383, "COV_SOURCE_KEY": "4118902", "UPDATED_DATE": 1346198561000, "COV_DATE_UPDATE": 1346198561000, "TBFID": 4118901, "ORACLE_ID": "__FPCPU4", "UNIT_ID_1": "4118883", "UNIT_ID_2": "4118905", "MAIN_COMP1": 43, "MAIN_KEY_1": 646891, "MAIN_COMP2": 43, "MAIN_KEY_2": 646893, "ADDRESS_KEY": 98106, "INSTALLATION_DATE": 1199174400000, "DEPTH_OF_COVER_M": 0, "RESTRAINED_JOINT": 1, "CATHODICALLY_PROTECTED": 0, "REMARKS": null, "ASSET_DESCRIPTION": null, "SPLIT_ON_CITYSIDE": null, "COMPKEY": 646924, "COMPTYPE": 41, "COATING_DATE": null, "LINING_DATE": null, "UPDATED_BY": "ENJCR", "WATERMAIN_KEY": 69583, "BUN": null, "PIPE_LENGTH_M": 112.29378019, "PARALLEL_LINE_NUMBER": null, "PRESSURE_ZONE": 173, "PIPE_USE": "Water Main", "SERVICE_STATUS": "In Service (Active)", "SUBSYSTEM": "Transmission", "OWNER": "GVWD", "OPERATOR": "GVWD", "DIAMETER": "600 mm", "PIPE_CLASS": null, "MATERIAL": "Ductile Iron Concrete Lined", "LINING_MATERIAL": "blank", "COATING_MATERIAL": "blank", "FACET": " ", "CONNECTION_TYPE": null, "DOMESTIC_DIAMETER": null, "DOMESTIC_MATERIAL": null, "FIRE_LIN_DIAMETER": null, "INSTALLED_BY": "Contr", "FIRE_LIN_MATERIAL": null, "MAP_TOOLTIP": "600 DICL n/a 2008 GVWD RJ", "UPDATED_DATE_iso": "2012-08-29", "COV_DATE_UPDATE_iso": "2012-08-29", "INSTALLATION_DATE_iso": "2008-01-01"}, "geometry": {"type": "LineString", "coordinates": [[-123.11572743118454, 49.244394063332535], [-123.11563702616174, 49.24465273992455], [-123.11546640126834, 49.24490204264352], [-123.11531407050177, 49.245337933001984], [-123.11531301440732, 49.24536232913441]]}}, {"type": "Feature", "properties": {"SHAPE_Length": 21.747558575152752, "OBJECTID": 21306745, "COV_SOURCE_KEY": "410023", "UPDATED_DATE": 1440106684000, "COV_DATE_UPDATE": 1440106684000, "TBFID": 476953, "ORACLE_ID": "__FN3VL6", "UNIT_ID_1": "140600", "UNIT_ID_2": "865244", "MAIN_COMP1": 43, "MAIN_KEY_1": 49548, "MAIN_COMP2": 43, "MAIN_KEY_2": 111307, "ADDRESS_KEY": 155937, "INSTALLATION_DATE": 852105600000, "DEPTH_OF_COVER_M": 1.2200000286102295, "RESTRAINED_JOINT": 0, "CATHODICALLY_PROTECTED": 0, "REMARKS": null, "ASSET_DESCRIPTION": "400 W 33RD AV", "SPLIT_ON_CITYSIDE": null, "COMPKEY": 286362, "COMPTYPE": 41, "COATING_DATE": null, "LINING_DATE": null, "UPDATED_BY": "enjcr", "WATERMAIN_KEY": 61798, "BUN": null, "PIPE_LENGTH_M": 21.74791507, "PARALLEL_LINE_NUMBER": null, "PRESSURE_ZONE": null, "PIPE_USE": "Water Main", "SERVICE_STATUS": "In Service (Active)", "SUBSYSTEM": "Transmission", "OWNER": "COVAV", "OPERATOR": "COVAV", "DIAMETER": "600 mm", "PIPE_CLASS": null, "MATERIAL": "Ductile Iron", "LINING_MATERIAL": "Cement Lined", "COATING_MATERIAL": "blank", "FACET": "O17", "CONNECTION_TYPE": null, "DOMESTIC_DIAMETER": null, "DOMESTIC_MATERIAL": null, "FIRE_LIN_DIAMETER": null, "INSTALLED_BY": "City of Vancouver", "FIRE_LIN_MATERIAL": null, "MAP_TOOLTIP": "600 DI CL 1997", "UPDATED_DATE_iso": "2015-08-20", "COV_DATE_UPDATE_iso": "2015-08-20", "INSTALLATION_DATE_iso": "1997-01-01"}, "geometry": {"type": "LineString", "coordinates": [[-123.11633579854038, 49.24102165874721], [-123.11606287819143, 49.24094205550055]]}}, {"type": "Feature", "properties": {"SHAPE_Length": 2.600307098228629, "OBJECTID": 21306746, "COV_SOURCE_KEY": "410024", "UPDATED_DATE": 1676411614000, "COV_DATE_UPDATE": 1676411614000, "TBFID": 476954, "ORACLE_ID": "__FN3VL8", "UNIT_ID_1": "865244", "UNIT_ID_2": "79107", "MAIN_COMP1": 43, "MAIN_KEY_1": 111307, "MAIN_COMP2": 46, "MAIN_KEY_2": 32775, "ADDRESS_KEY": 155937, "INSTALLATION_DATE": 1118818800000, "DEPTH_OF_COVER_M": 1.399999976158142, "RESTRAINED_JOINT": 0, "CATHODICALLY_PROTECTED": 0, "REMARKS": null, "ASSET_DESCRIPTION": "400 W 33RD AV", "SPLIT_ON_CITYSIDE": null, "COMPKEY": 286364, "COMPTYPE": 41, "COATING_DATE": null, "LINING_DATE": null, "UPDATED_BY": "enyamw", "WATERMAIN_KEY": 61799, "BUN": null, "PIPE_LENGTH_M": 2.59988869, "PARALLEL_LINE_NUMBER": null, "PRESSURE_ZONE": null, "PIPE_USE": "Water Main", "SERVICE_STATUS": "In Service (Active)", "SUBSYSTEM": "Transmission", "OWNER": "COVAV", "OPERATOR": "COVAV", "DIAMETER": "600 mm", "PIPE_CLASS": "Class 52 - (Material is Ductile Iron)", "MATERIAL": "Ductile Iron Concrete Lined", "LINING_MATERIAL": "blank", "COATING_MATERIAL": "blank", "FACET": "O17", "CONNECTION_TYPE": null, "DOMESTIC_DIAMETER": null, "DOMESTIC_MATERIAL": null, "FIRE_LIN_DIAMETER": null, "INSTALLED_BY": "City of Vancouver", "FIRE_LIN_MATERIAL": null, "MAP_TOOLTIP": "600 DICL n/a 2005", "UPDATED_DATE_iso": "2023-02-14", "COV_DATE_UPDATE_iso": "2023-02-14", "INSTALLATION_DATE_iso": "2005-06-15"}, "geometry": {"type": "LineString", "coordinates": [[-123.11606287819143, 49.24094205550055], [-123.11603024110892, 49.240932544331805]]}}, {"type": "Feature", "properties": {"SHAPE_Length": 1.7000999963927785, "OBJECTID": 21306747, "COV_SOURCE_KEY": "410025", "UPDATED_DATE": 1440106683000, "COV_DATE_UPDATE": 1440106683000, "TBFID": 476955, "ORACLE_ID": "__FN3VL9", "UNIT_ID_1": "79107", "UNIT_ID_2": "225231", "MAIN_COMP1": 46, "MAIN_KEY_1": 32775, "MAIN_COMP2": 43, "MAIN_KEY_2": 133193, "ADDRESS_KEY": 155937, "INSTALLATION_DATE": 852105600000, "DEPTH_OF_COVER_M": 1.2200000286102295, "RESTRAINED_JOINT": 1, "CATHODICALLY_PROTECTED": 0, "REMARKS": null, "ASSET_DESCRIPTION": "400-599 W 33RD AV", "SPLIT_ON_CITYSIDE": null, "COMPKEY": 286365, "COMPTYPE": 41, "COATING_DATE": null, "LINING_DATE": null, "UPDATED_BY": "enjcr", "WATERMAIN_KEY": 61800, "BUN": null, "PIPE_LENGTH_M": 1.69992767, "PARALLEL_LINE_NUMBER": null, "PRESSURE_ZONE": null, "PIPE_USE": "Water Main", "SERVICE_STATUS": "In Service (Active)", "SUBSYSTEM": "Transmission", "OWNER": "COVAV", "OPERATOR": "COVAV", "DIAMETER": "600 mm", "PIPE_CLASS": null, "MATERIAL": "Ductile Iron", "LINING_MATERIAL": "Cement Lined", "COATING_MATERIAL": "blank", "FACET": "O17", "CONNECTION_TYPE": null, "DOMESTIC_DIAMETER": null, "DOMESTIC_MATERIAL": null, "FIRE_LIN_DIAMETER": null, "INSTALLED_BY": "City of Vancouver", "FIRE_LIN_MATERIAL": null, "MAP_TOOLTIP": "600 DI CL 1997 RJ", "UPDATED_DATE_iso": "2015-08-20", "COV_DATE_UPDATE_iso": "2015-08-20", "INSTALLATION_DATE_iso": "1997-01-01"}, "geometry": {"type": "LineString", "coordinates": [[-123.11603024110892, 49.240932544331805], [-123.11600890464953, 49.240926323060734]]}}, {"type": "Feature", "properties": {"SHAPE_Length": 49.56705414811753, "OBJECTID": 21307891, "COV_SOURCE_KEY": "403228", "UPDATED_DATE": 1752267904000, "COV_DATE_UPDATE": 1752267904000, "TBFID": 468516, "ORACLE_ID": "__FJAETC", "UNIT_ID_1": "205926", "UNIT_ID_2": "4756177", "MAIN_COMP1": 43, "MAIN_KEY_1": 156117, "MAIN_COMP2": 43, "MAIN_KEY_2": 1605339, "ADDRESS_KEY": 150485, "INSTALLATION_DATE": 852105600000, "DEPTH_OF_COVER_M": 1.2200000286102295, "RESTRAINED_JOINT": 0, "CATHODICALLY_PROTECTED": 0, "REMARKS": null, "ASSET_DESCRIPTION": "700 W 33RD AV", "SPLIT_ON_CITYSIDE": null, "COMPKEY": 278104, "COMPTYPE": 41, "COATING_DATE": null, "LINING_DATE": null, "UPDATED_BY": "enyamw", "WATERMAIN_KEY": 55132, "BUN": null, "PIPE_LENGTH_M": 49.65242858, "PARALLEL_LINE_NUMBER": null, "PRESSURE_ZONE": 173, "PIPE_USE": "Water Main", "SERVICE_STATUS": "In Service (Active)", "SUBSYSTEM": "Transmission", "OWNER": "COVAV", "OPERATOR": "COVAV", "DIAMETER": "600 mm", "PIPE_CLASS": null, "MATERIAL": "Ductile Iron", "LINING_MATERIAL": "Cement Lined", "COATING_MATERIAL": "blank", "FACET": "O17", "CONNECTION_TYPE": null, "DOMESTIC_DIAMETER": null, "DOMESTIC_MATERIAL": null, "FIRE_LIN_DIAMETER": null, "INSTALLED_BY": "City of Vancouver", "FIRE_LIN_MATERIAL": null, "MAP_TOOLTIP": "600 DI CL 1997", "UPDATED_DATE_iso": "2025-07-11", "COV_DATE_UPDATE_iso": "2025-07-11", "INSTALLATION_DATE_iso": "1997-01-01"}, "geometry": {"type": "LineString", "coordinates": [[-123.12136791475562, 49.24122524346915], [-123.12069062195826, 49.241178961863575]]}}, {"type": "Feature", "properties": {"SHAPE_Length": 2.6865580196877086, "OBJECTID": 21308668, "COV_SOURCE_KEY": "4182474", "UPDATED_DATE": 1346198288000, "COV_DATE_UPDATE": 1346198288000, "TBFID": 4182475, "ORACLE_ID": "__FPIP0S", "UNIT_ID_1": "4182472", "UNIT_ID_2": "218812", "MAIN_COMP1": 43, "MAIN_KEY_1": 802616, "MAIN_COMP2": 0, "MAIN_KEY_2": 193872, "ADDRESS_KEY": 155937, "INSTALLATION_DATE": null, "DEPTH_OF_COVER_M": 1.2200000286102295, "RESTRAINED_JOINT": 0, "CATHODICALLY_PROTECTED": 0, "REMARKS": null, "ASSET_DESCRIPTION": "400 W 33RD AV", "SPLIT_ON_CITYSIDE": null, "COMPKEY": 802655, "COMPTYPE": 41, "COATING_DATE": null, "LINING_DATE": null, "UPDATED_BY": "ENJCR", "WATERMAIN_KEY": 75708, "BUN": null, "PIPE_LENGTH_M": 2.68655802, "PARALLEL_LINE_NUMBER": null, "PRESSURE_ZONE": 173, "PIPE_USE": "Water Main", "SERVICE_STATUS": "In Service (Active)", "SUBSYSTEM": "Transmission", "OWNER": "GVWD", "OPERATOR": "GVWD", "DIAMETER": "600 mm", "PIPE_CLASS": null, "MATERIAL": "<blank>", "LINING_MATERIAL": "blank", "COATING_MATERIAL": "blank", "FACET": "O17", "CONNECTION_TYPE": null, "DOMESTIC_DIAMETER": null, "DOMESTIC_MATERIAL": null, "FIRE_LIN_DIAMETER": null, "INSTALLED_BY": "City of Vancouver", "FIRE_LIN_MATERIAL": null, "MAP_TOOLTIP": "600 n/a n/a  GVWD", "UPDATED_DATE_iso": "2012-08-28", "COV_DATE_UPDATE_iso": "2012-08-28"}, "geometry": {"type": "LineString", "coordinates": [[-123.11558500055334, 49.241005312394506], [-123.1155898217504, 49.240981353240926]]}}, {"type": "Feature", "properties": {"SHAPE_Length": 0.6992031176578863, "OBJECTID": 21308844, "COV_SOURCE_KEY": "4182506", "UPDATED_DATE": 1346198288000, "COV_DATE_UPDATE": 1346198288000, "TBFID": 4182505, "ORACLE_ID": "__FPIP1M", "UNIT_ID_1": "4182273", "UNIT_ID_2": "4182429", "MAIN_COMP1": 43, "MAIN_KEY_1": 802615, "MAIN_COMP2": 43, "MAIN_KEY_2": 802618, "ADDRESS_KEY": 155937, "INSTALLATION_DATE": 1285916400000, "DEPTH_OF_COVER_M": null, "RESTRAINED_JOINT": null, "CATHODICALLY_PROTECTED": null, "REMARKS": null, "ASSET_DESCRIPTION": null, "SPLIT_ON_CITYSIDE": null, "COMPKEY": 802657, "COMPTYPE": 41, "COATING_DATE": null, "LINING_DATE": null, "UPDATED_BY": "ENJCR", "WATERMAIN_KEY": 75710, "BUN": null, "PIPE_LENGTH_M": 0.69920312, "PARALLEL_LINE_NUMBER": null, "PRESSURE_ZONE": 173, "PIPE_USE": "Water Main", "SERVICE_STATUS": "In Service (Active)", "SUBSYSTEM": "Transmission", "OWNER": "GVWD", "OPERATOR": "GVWD", "DIAMETER": "600 mm", "PIPE_CLASS": null, "MATERIAL": "Ductile Iron Concrete Lined", "LINING_MATERIAL": null, "COATING_MATERIAL": null, "FACET": "O17", "CONNECTION_TYPE": null, "DOMESTIC_DIAMETER": null, "DOMESTIC_MATERIAL": null, "FIRE_LIN_DIAMETER": null, "INSTALLED_BY": "Contr", "FIRE_LIN_MATERIAL": null, "MAP_TOOLTIP": "600 DICL  2010 GVWD", "UPDATED_DATE_iso": "2012-08-28", "COV_DATE_UPDATE_iso": "2012-08-28", "INSTALLATION_DATE_iso": "2010-10-01"}, "geometry": {"type": "LineString", "coordinates": [[-123.11589308294384, 49.241017012399844], [-123.11588349273319, 49.24101665321498]]}}, {"type": "Feature", "properties": {"SHAPE_Length": 17.30040060208484, "OBJECTID": 21308848, "COV_SOURCE_KEY": "4182510", "UPDATED_DATE": 1346198288000, "COV_DATE_UPDATE": 1346198288000, "TBFID": 4182509, "ORACLE_ID": "__FPIP1N", "UNIT_ID_1": "4182429", "UNIT_ID_2": "4182436", "MAIN_COMP1": 43, "MAIN_KEY_1": 802618, "MAIN_COMP2": 43, "MAIN_KEY_2": 802619, "ADDRESS_KEY": 155937, "INSTALLATION_DATE": 1285916400000, "DEPTH_OF_COVER_M": null, "RESTRAINED_JOINT": null, "CATHODICALLY_PROTECTED": null, "REMARKS": null, "ASSET_DESCRIPTION": null, "SPLIT_ON_CITYSIDE": null, "COMPKEY": 802656, "COMPTYPE": 41, "COATING_DATE": null, "LINING_DATE": null, "UPDATED_BY": "ENJCR", "WATERMAIN_KEY": 75709, "BUN": null, "PIPE_LENGTH_M": 17.3004006, "PARALLEL_LINE_NUMBER": null, "PRESSURE_ZONE": 173, "PIPE_USE": "Water Main", "SERVICE_STATUS": "In Service (Active)", "SUBSYSTEM": "Transmission", "OWNER": "GVWD", "OPERATOR": "GVWD", "DIAMETER": "600 mm", "PIPE_CLASS": null, "MATERIAL": "Ductile Iron Concrete Lined", "LINING_MATERIAL": null, "COATING_MATERIAL": null, "FACET": "O17", "CONNECTION_TYPE": null, "DOMESTIC_DIAMETER": null, "DOMESTIC_MATERIAL": null, "FIRE_LIN_DIAMETER": null, "INSTALLED_BY": "Contr", "FIRE_LIN_MATERIAL": null, "MAP_TOOLTIP": "600 DICL  2010 GVWD", "UPDATED_DATE_iso": "2012-08-28", "COV_DATE_UPDATE_iso": "2012-08-28", "INSTALLATION_DATE_iso": "2010-10-01"}, "geometry": {"type": "LineString", "coordinates": [[-123.11588349273319, 49.24101665321498], [-123.115650296386, 49.240986572925706]]}}, {"type": "Feature", "properties": {"SHAPE_Length": 7.170078102561548, "OBJECTID": 21308852, "COV_SOURCE_KEY": "4182616", "UPDATED_DATE": 1346198287000, "COV_DATE_UPDATE": 1346198287000, "TBFID": 4182615, "ORACLE_ID": "__FPIP66", "UNIT_ID_1": "4182619", "UNIT_ID_2": "4182718", "MAIN_COMP1": 43, "MAIN_KEY_1": 802617, "MAIN_COMP2": 43, "MAIN_KEY_2": 802606, "ADDRESS_KEY": 155937, "INSTALLATION_DATE": 1199174400000, "DEPTH_OF_COVER_M": null, "RESTRAINED_JOINT": null, "CATHODICALLY_PROTECTED": null, "REMARKS": null, "ASSET_DESCRIPTION": null, "SPLIT_ON_CITYSIDE": null, "COMPKEY": 802620, "COMPTYPE": 41, "COATING_DATE": null, "LINING_DATE": null, "UPDATED_BY": "ENJCR", "WATERMAIN_KEY": 75673, "BUN": null, "PIPE_LENGTH_M": 7.1700781, "PARALLEL_LINE_NUMBER": null, "PRESSURE_ZONE": 173, "PIPE_USE": "Water Main", "SERVICE_STATUS": "In Service (Active)", "SUBSYSTEM": "Transmission", "OWNER": "GVWD", "OPERATOR": "GVWD", "DIAMETER": "1500 mm", "PIPE_CLASS": null, "MATERIAL": "Steel", "LINING_MATERIAL": null, "COATING_MATERIAL": null, "FACET": "O17", "CONNECTION_TYPE": null, "DOMESTIC_DIAMETER": null, "DOMESTIC_MATERIAL": null, "FIRE_LIN_DIAMETER": null, "INSTALLED_BY": "Contr", "FIRE_LIN_MATERIAL": null, "MAP_TOOLTIP": "1500 S  2008 GVWD", "UPDATED_DATE_iso": "2012-08-28", "COV_DATE_UPDATE_iso": "2012-08-28", "INSTALLATION_DATE_iso": "2008-01-01"}, "geometry": {"type": "LineString", "coordinates": [[-123.11733498140168, 49.241140213022554], [-123.11723663340521, 49.24113657084552]]}}, {"type": "Feature", "properties": {"SHAPE_Length": 2.8098393191568287, "OBJECTID": 21308853, "COV_SOURCE_KEY": "4182623", "UPDATED_DATE": 1346198287000, "COV_DATE_UPDATE": 1346198287000, "TBFID": 4182622, "ORACLE_ID": "__FPIP68", "UNIT_ID_1": "4182718", "UNIT_ID_2": "4182626", "MAIN_COMP1": 43, "MAIN_KEY_1": 802606, "MAIN_COMP2": 43, "MAIN_KEY_2": 802610, "ADDRESS_KEY": 155937, "INSTALLATION_DATE": 1199174400000, "DEPTH_OF_COVER_M": null, "RESTRAINED_JOINT": null, "CATHODICALLY_PROTECTED": null, "REMARKS": null, "ASSET_DESCRIPTION": null, "SPLIT_ON_CITYSIDE": null, "COMPKEY": 802622, "COMPTYPE": 41, "COATING_DATE": null, "LINING_DATE": null, "UPDATED_BY": "ENJCR", "WATERMAIN_KEY": 75675, "BUN": null, "PIPE_LENGTH_M": 2.80983932, "PARALLEL_LINE_NUMBER": null, "PRESSURE_ZONE": 173, "PIPE_USE": "Water Main", "SERVICE_STATUS": "In Service (Active)", "SUBSYSTEM": "Transmission", "OWNER": "GVWD", "OPERATOR": "GVWD", "DIAMETER": "1500 mm", "PIPE_CLASS": null, "MATERIAL": "Steel", "LINING_MATERIAL": null, "COATING_MATERIAL": null, "FACET": null, "CONNECTION_TYPE": null, "DOMESTIC_DIAMETER": null, "DOMESTIC_MATERIAL": null, "FIRE_LIN_DIAMETER": null, "INSTALLED_BY": "Contr", "FIRE_LIN_MATERIAL": null, "MAP_TOOLTIP": "1500 S  2008 GVWD", "UPDATED_DATE_iso": "2012-08-28", "COV_DATE_UPDATE_iso": "2012-08-28", "INSTALLATION_DATE_iso": "2008-01-01"}, "geometry": {"type": "LineString", "coordinates": [[-123.11723663340521, 49.24113657084552], [-123.11720755112378, 49.24111995016099]]}}, {"type": "Feature", "properties": {"SHAPE_Length": 8.499368271028045, "OBJECTID": 21308854, "COV_SOURCE_KEY": "4182631", "UPDATED_DATE": 1346198287000, "COV_DATE_UPDATE": 1346198287000, "TBFID": 4182630, "ORACLE_ID": "__FPIP6A", "UNIT_ID_1": "4182634", "UNIT_ID_2": "4182619", "MAIN_COMP1": 43, "MAIN_KEY_1": 802603, "MAIN_COMP2": 43, "MAIN_KEY_2": 802617, "ADDRESS_KEY": 155937, "INSTALLATION_DATE": 1199174400000, "DEPTH_OF_COVER_M": null, "RESTRAINED_JOINT": null, "CATHODICALLY_PROTECTED": null, "REMARKS": null, "ASSET_DESCRIPTION": null, "SPLIT_ON_CITYSIDE": null, "COMPKEY": 802624, "COMPTYPE": 41, "COATING_DATE": null, "LINING_DATE": null, "UPDATED_BY": "ENJCR", "WATERMAIN_KEY": 75677, "BUN": null, "PIPE_LENGTH_M": 8.49936827, "PARALLEL_LINE_NUMBER": null, "PRESSURE_ZONE": 173, "PIPE_USE": "Water Main", "SERVICE_STATUS": "In Service (Active)", "SUBSYSTEM": "Transmission", "OWNER": "GVWD", "OPERATOR": "GVWD", "DIAMETER": "1200 mm", "PIPE_CLASS": null, "MATERIAL": "Steel", "LINING_MATERIAL": null, "COATING_MATERIAL": null, "FACET": "O17", "CONNECTION_TYPE": null, "DOMESTIC_DIAMETER": null, "DOMESTIC_MATERIAL": null, "FIRE_LIN_DIAMETER": null, "INSTALLED_BY": "Contr", "FIRE_LIN_MATERIAL": null, "MAP_TOOLTIP": "1200 S  2008 GVWD", "UPDATED_DATE_iso": "2012-08-28", "COV_DATE_UPDATE_iso": "2012-08-28", "INSTALLATION_DATE_iso": "2008-01-01"}, "geometry": {"type": "LineString", "coordinates": [[-123.11745156187342, 49.2411445382103], [-123.11733498140168, 49.241140213022554]]}}, {"type": "Feature", "properties": {"SHAPE_Length": 8.500424753614048, "OBJECTID": 21308855, "COV_SOURCE_KEY": "4182638", "UPDATED_DATE": 1346198287000, "COV_DATE_UPDATE": 1346198287000, "TBFID": 4182637, "ORACLE_ID": "__FPIP6C", "UNIT_ID_1": "4182641", "UNIT_ID_2": "4182634", "MAIN_COMP1": 43, "MAIN_KEY_1": 802604, "MAIN_COMP2": 43, "MAIN_KEY_2": 802603, "ADDRESS_KEY": 155937, "INSTALLATION_DATE": 1199174400000, "DEPTH_OF_COVER_M": null, "RESTRAINED_JOINT": null, "CATHODICALLY_PROTECTED": null, "REMARKS": null, "ASSET_DESCRIPTION": null, "SPLIT_ON_CITYSIDE": null, "COMPKEY": 802623, "COMPTYPE": 41, "COATING_DATE": null, "LINING_DATE": null, "UPDATED_BY": "ENJCR", "WATERMAIN_KEY": 75676, "BUN": null, "PIPE_LENGTH_M": 8.50042475, "PARALLEL_LINE_NUMBER": null, "PRESSURE_ZONE": 173, "PIPE_USE": "Water Main", "SERVICE_STATUS": "In Service (Active)", "SUBSYSTEM": "Transmission", "OWNER": "GVWD", "OPERATOR": "GVWD", "DIAMETER": "1200 mm", "PIPE_CLASS": null, "MATERIAL": "Steel", "LINING_MATERIAL": null, "COATING_MATERIAL": null, "FACET": null, "CONNECTION_TYPE": null, "DOMESTIC_DIAMETER": null, "DOMESTIC_MATERIAL": null, "FIRE_LIN_DIAMETER": null, "INSTALLED_BY": "Contr", "FIRE_LIN_MATERIAL": null, "MAP_TOOLTIP": "1200 S  2008 GVWD", "UPDATED_DATE_iso": "2012-08-28", "COV_DATE_UPDATE_iso": "2012-08-28", "INSTALLATION_DATE_iso": "2008-01-01"}, "geometry": {"type": "LineString", "coordinates": [[-123.11756815612506, 49.2411488722616], [-123.11745156187342, 49.2411445382103]]}}, {"type": "Feature", "properties": {"SHAPE_Length": 2.2006676256856728, "OBJECTID": 21308856, "COV_SOURCE_KEY": "4182645", "UPDATED_DATE": 1346198287000, "COV_DATE_UPDATE": 1346198287000, "TBFID": 4182644, "ORACLE_ID": "__FPIP6E", "UNIT_ID_1": "4182648", "UNIT_ID_2": "4182641", "MAIN_COMP1": 43, "MAIN_KEY_1": 802601, "MAIN_COMP2": 43, "MAIN_KEY_2": 802604, "ADDRESS_KEY": 155937, "INSTALLATION_DATE": 1199174400000, "DEPTH_OF_COVER_M": null, "RESTRAINED_JOINT": null, "CATHODICALLY_PROTECTED": null, "REMARKS": null, "ASSET_DESCRIPTION": null, "SPLIT_ON_CITYSIDE": null, "COMPKEY": 802638, "COMPTYPE": 41, "COATING_DATE": null, "LINING_DATE": null, "UPDATED_BY": "ENJCR", "WATERMAIN_KEY": 75691, "BUN": null, "PIPE_LENGTH_M": 2.20066763, "PARALLEL_LINE_NUMBER": null, "PRESSURE_ZONE": 173, "PIPE_USE": "Water Main", "SERVICE_STATUS": "In Service (Active)", "SUBSYSTEM": "Transmission", "OWNER": "GVWD", "OPERATOR": "GVWD", "DIAMETER": "1800 mm", "PIPE_CLASS": null, "MATERIAL": "Steel", "LINING_MATERIAL": null, "COATING_MATERIAL": null, "FACET": null, "CONNECTION_TYPE": null, "DOMESTIC_DIAMETER": null, "DOMESTIC_MATERIAL": null, "FIRE_LIN_DIAMETER": null, "INSTALLED_BY": "Contr", "FIRE_LIN_MATERIAL": null, "MAP_TOOLTIP": "1800 S  2008 GVWD", "UPDATED_DATE_iso": "2012-08-28", "COV_DATE_UPDATE_iso": "2012-08-28", "INSTALLATION_DATE_iso": "2008-01-01"}, "geometry": {"type": "LineString", "coordinates": [[-123.11759834200643, 49.2411499839347], [-123.11756815612506, 49.2411488722616]]}}, {"type": "Feature", "properties": {"SHAPE_Length": 5.039811603489649, "OBJECTID": 21308857, "COV_SOURCE_KEY": "4182652", "UPDATED_DATE": 1346198287000, "COV_DATE_UPDATE": 1346198287000, "TBFID": 4182651, "ORACLE_ID": "__FPIP6G", "UNIT_ID_1": "4182655", "UNIT_ID_2": "4182648", "MAIN_COMP1": 43, "MAIN_KEY_1": 802602, "MAIN_COMP2": 43, "MAIN_KEY_2": 802601, "ADDRESS_KEY": 155937, "INSTALLATION_DATE": 1199174400000, "DEPTH_OF_COVER_M": null, "RESTRAINED_JOINT": null, "CATHODICALLY_PROTECTED": null, "REMARKS": null, "ASSET_DESCRIPTION": null, "SPLIT_ON_CITYSIDE": null, "COMPKEY": 802637, "COMPTYPE": 41, "COATING_DATE": null, "LINING_DATE": null, "UPDATED_BY": "ENJCR", "WATERMAIN_KEY": 75690, "BUN": null, "PIPE_LENGTH_M": 5.0398116, "PARALLEL_LINE_NUMBER": null, "PRESSURE_ZONE": 173, "PIPE_USE": "Water Main", "SERVICE_STATUS": "In Service (Active)", "SUBSYSTEM": "Transmission", "OWNER": "GVWD", "OPERATOR": "GVWD", "DIAMETER": "1800 mm", "PIPE_CLASS": null, "MATERIAL": "Steel", "LINING_MATERIAL": null, "COATING_MATERIAL": null, "FACET": null, "CONNECTION_TYPE": null, "DOMESTIC_DIAMETER": null, "DOMESTIC_MATERIAL": null, "FIRE_LIN_DIAMETER": null, "INSTALLED_BY": "Contr", "FIRE_LIN_MATERIAL": null, "MAP_TOOLTIP": "1800 S  2008 GVWD", "UPDATED_DATE_iso": "2012-08-28", "COV_DATE_UPDATE_iso": "2012-08-28", "INSTALLATION_DATE_iso": "2008-01-01"}, "geometry": {"type": "LineString", "coordinates": [[-123.11766599439142, 49.24114033511785], [-123.11759834200643, 49.2411499839347]]}}, {"type": "Feature", "properties": {"SHAPE_Length": 53.59156373214526, "OBJECTID": 21308858, "COV_SOURCE_KEY": "4182659", "UPDATED_DATE": 1346198287000, "COV_DATE_UPDATE": 1346198287000, "TBFID": 4182658, "ORACLE_ID": "__FPIP6H", "UNIT_ID_1": "150874", "UNIT_ID_2": "4182655", "MAIN_COMP1": 43, "MAIN_KEY_1": 120007, "MAIN_COMP2": 43, "MAIN_KEY_2": 802602, "ADDRESS_KEY": 155937, "INSTALLATION_DATE": 1199174400000, "DEPTH_OF_COVER_M": null, "RESTRAINED_JOINT": null, "CATHODICALLY_PROTECTED": null, "REMARKS": null, "ASSET_DESCRIPTION": null, "SPLIT_ON_CITYSIDE": null, "COMPKEY": 802639, "COMPTYPE": 41, "COATING_DATE": null, "LINING_DATE": null, "UPDATED_BY": "ENJCR", "WATERMAIN_KEY": 75692, "BUN": null, "PIPE_LENGTH_M": 53.59156373, "PARALLEL_LINE_NUMBER": null, "PRESSURE_ZONE": 173, "PIPE_USE": "Water Main", "SERVICE_STATUS": "In Service (Active)", "SUBSYSTEM": "Transmission", "OWNER": "GVWD", "OPERATOR": "GVWD", "DIAMETER": "1800 mm", "PIPE_CLASS": null, "MATERIAL": "Steel", "LINING_MATERIAL": null, "COATING_MATERIAL": null, "FACET": null, "CONNECTION_TYPE": null, "DOMESTIC_DIAMETER": null, "DOMESTIC_MATERIAL": null, "FIRE_LIN_DIAMETER": null, "INSTALLED_BY": "Contr", "FIRE_LIN_MATERIAL": null, "MAP_TOOLTIP": "1800 S  2008 GVWD", "UPDATED_DATE_iso": "2012-08-28", "COV_DATE_UPDATE_iso": "2012-08-28", "INSTALLATION_DATE_iso": "2008-01-01"}, "geometry": {"type": "LineString", "coordinates": [[-123.11840079526097, 49.24117042007718], [-123.11815520672207, 49.24115849195201], [-123.11766599439142, 49.24114033511785]]}}, {"type": "Feature", "properties": {"SHAPE_Length": 1.599647772824089, "OBJECTID": 21308859, "COV_SOURCE_KEY": "4182663", "UPDATED_DATE": 1346198287000, "COV_DATE_UPDATE": 1346198287000, "TBFID": 4182662, "ORACLE_ID": "__FPIP6J", "UNIT_ID_1": "4182634", "UNIT_ID_2": "4182670", "MAIN_COMP1": 43, "MAIN_KEY_1": 802603, "MAIN_COMP2": 46, "MAIN_KEY_2": 802580, "ADDRESS_KEY": 155937, "INSTALLATION_DATE": 1199174400000, "DEPTH_OF_COVER_M": null, "RESTRAINED_JOINT": null, "CATHODICALLY_PROTECTED": null, "REMARKS": null, "ASSET_DESCRIPTION": null, "SPLIT_ON_CITYSIDE": null, "COMPKEY": 802641, "COMPTYPE": 41, "COATING_DATE": null, "LINING_DATE": null, "UPDATED_BY": "ENJCR", "WATERMAIN_KEY": 75694, "BUN": null, "PIPE_LENGTH_M": 1.59964777, "PARALLEL_LINE_NUMBER": null, "PRESSURE_ZONE": 173, "PIPE_USE": "Water Main", "SERVICE_STATUS": "In Service (Active)", "SUBSYSTEM": "Transmission", "OWNER": "GVWD", "OPERATOR": "GVWD", "DIAMETER": "1200 mm", "PIPE_CLASS": null, "MATERIAL": "Steel", "LINING_MATERIAL": null, "COATING_MATERIAL": null, "FACET": null, "CONNECTION_TYPE": null, "DOMESTIC_DIAMETER": null, "DOMESTIC_MATERIAL": null, "FIRE_LIN_DIAMETER": null, "INSTALLED_BY": "Contr", "FIRE_LIN_MATERIAL": null, "MAP_TOOLTIP": "1200 S  2008 GVWD", "UPDATED_DATE_iso": "2012-08-28", "COV_DATE_UPDATE_iso": "2012-08-28", "INSTALLATION_DATE_iso": "2008-01-01"}, "geometry": {"type": "LineString", "coordinates": [[-123.11745156187342, 49.2411445382103], [-123.11745279173499, 49.24113017155841]]}}, {"type": "Feature", "properties": {"SHAPE_Length": 2.90286548088676, "OBJECTID": 21308925, "COV_SOURCE_KEY": "4182673", "UPDATED_DATE": 1346198287000, "COV_DATE_UPDATE": 1346198287000, "TBFID": 4182672, "ORACLE_ID": "__FPIP6N", "UNIT_ID_1": "4182714", "UNIT_ID_2": "4182678", "MAIN_COMP1": 46, "MAIN_KEY_1": 802576, "MAIN_COMP2": 43, "MAIN_KEY_2": 802605, "ADDRESS_KEY": 155937, "INSTALLATION_DATE": 1199174400000, "DEPTH_OF_COVER_M": null, "RESTRAINED_JOINT": null, "CATHODICALLY_PROTECTED": null, "REMARKS": null, "ASSET_DESCRIPTION": null, "SPLIT_ON_CITYSIDE": null, "COMPKEY": 802640, "COMPTYPE": 41, "COATING_DATE": null, "LINING_DATE": null, "UPDATED_BY": "ENJCR", "WATERMAIN_KEY": 75693, "BUN": null, "PIPE_LENGTH_M": 2.90286548, "PARALLEL_LINE_NUMBER": null, "PRESSURE_ZONE": 173, "PIPE_USE": "Water Main", "SERVICE_STATUS": "In Service (Active)", "SUBSYSTEM": "Transmission", "OWNER": "GVWD", "OPERATOR": "GVWD", "DIAMETER": "900 mm", "PIPE_CLASS": null, "MATERIAL": "Steel", "LINING_MATERIAL": null, "COATING_MATERIAL": null, "FACET": null, "CONNECTION_TYPE": null, "DOMESTIC_DIAMETER": null, "DOMESTIC_MATERIAL": null, "FIRE_LIN_DIAMETER": null, "INSTALLED_BY": "Contr", "FIRE_LIN_MATERIAL": null, "MAP_TOOLTIP": "900 S  2008 GVWD", "UPDATED_DATE_iso": "2012-08-28", "COV_DATE_UPDATE_iso": "2012-08-28", "INSTALLATION_DATE_iso": "2008-01-01"}, "geometry": {"type": "LineString", "coordinates": [[-123.11743161589327, 49.24110488946897], [-123.11739179858976, 49.241103418734525]]}}, {"type": "Feature", "properties": {"SHAPE_Length": 1.6958920955629442, "OBJECTID": 21308926, "COV_SOURCE_KEY": "4182684", "UPDATED_DATE": 1346198287000, "COV_DATE_UPDATE": 1346198287000, "TBFID": 4182683, "ORACLE_ID": "__FPIP6P", "UNIT_ID_1": "4182687", "UNIT_ID_2": "4182714", "MAIN_COMP1": 43, "MAIN_KEY_1": 802608, "MAIN_COMP2": 46, "MAIN_KEY_2": 802576, "ADDRESS_KEY": 155937, "INSTALLATION_DATE": 1199174400000, "DEPTH_OF_COVER_M": null, "RESTRAINED_JOINT": null, "CATHODICALLY_PROTECTED": null, "REMARKS": null, "ASSET_DESCRIPTION": null, "SPLIT_ON_CITYSIDE": null, "COMPKEY": 802636, "COMPTYPE": 41, "COATING_DATE": null, "LINING_DATE": null, "UPDATED_BY": "ENJCR", "WATERMAIN_KEY": 75689, "BUN": null, "PIPE_LENGTH_M": 1.6958921, "PARALLEL_LINE_NUMBER": null, "PRESSURE_ZONE": 173, "PIPE_USE": "Water Main", "SERVICE_STATUS": "In Service (Active)", "SUBSYSTEM": "Transmission", "OWNER": "GVWD", "OPERATOR": "GVWD", "DIAMETER": "900 mm", "PIPE_CLASS": null, "MATERIAL": "Steel", "LINING_MATERIAL": null, "COATING_MATERIAL": null, "FACET": null, "CONNECTION_TYPE": null, "DOMESTIC_DIAMETER": null, "DOMESTIC_MATERIAL": null, "FIRE_LIN_DIAMETER": null, "INSTALLED_BY": null, "FIRE_LIN_MATERIAL": null, "MAP_TOOLTIP": "900 S  2008 GVWD", "UPDATED_DATE_iso": "2012-08-28", "COV_DATE_UPDATE_iso": "2012-08-28", "INSTALLATION_DATE_iso": "2008-01-01"}, "geometry": {"type": "LineString", "coordinates": [[-123.1174548770219, 49.24110575635134], [-123.11743161589327, 49.24110488946897]]}}, {"type": "Feature", "properties": {"SHAPE_Length": 1.7007683556889646, "OBJECTID": 21308927, "COV_SOURCE_KEY": "4182691", "UPDATED_DATE": 1346198287000, "COV_DATE_UPDATE": 1346198287000, "TBFID": 4182690, "ORACLE_ID": "__FPIP6R", "UNIT_ID_1": "4182710", "UNIT_ID_2": "4182687", "MAIN_COMP1": 46, "MAIN_KEY_1": 802581, "MAIN_COMP2": 43, "MAIN_KEY_2": 802608, "ADDRESS_KEY": 155937, "INSTALLATION_DATE": 1199174400000, "DEPTH_OF_COVER_M": null, "RESTRAINED_JOINT": null, "CATHODICALLY_PROTECTED": null, "REMARKS": null, "ASSET_DESCRIPTION": null, "SPLIT_ON_CITYSIDE": null, "COMPKEY": 802632, "COMPTYPE": 41, "COATING_DATE": null, "LINING_DATE": null, "UPDATED_BY": "ENJCR", "WATERMAIN_KEY": 75685, "BUN": null, "PIPE_LENGTH_M": 1.70076836, "PARALLEL_LINE_NUMBER": null, "PRESSURE_ZONE": 173, "PIPE_USE": "Water Main", "SERVICE_STATUS": "In Service (Active)", "SUBSYSTEM": "Transmission", "OWNER": "GVWD", "OPERATOR": "GVWD", "DIAMETER": "900 mm", "PIPE_CLASS": null, "MATERIAL": "Steel", "LINING_MATERIAL": null, "COATING_MATERIAL": null, "FACET": null, "CONNECTION_TYPE": null, "DOMESTIC_DIAMETER": null, "DOMESTIC_MATERIAL": null, "FIRE_LIN_DIAMETER": null, "INSTALLED_BY": "Contr", "FIRE_LIN_MATERIAL": null, "MAP_TOOLTIP": "900 S  2008 GVWD", "UPDATED_DATE_iso": "2012-08-28", "COV_DATE_UPDATE_iso": "2012-08-28", "INSTALLATION_DATE_iso": "2008-01-01"}, "geometry": {"type": "LineString", "coordinates": [[-123.1174782068004, 49.24110660516876], [-123.1174548770219, 49.24110575635134]]}}, {"type": "Feature", "properties": {"SHAPE_Length": 3.7001935085690962, "OBJECTID": 21308928, "COV_SOURCE_KEY": "4182698", "UPDATED_DATE": 1346198287000, "COV_DATE_UPDATE": 1346198287000, "TBFID": 4182697, "ORACLE_ID": "__FPIP6T", "UNIT_ID_1": "4182701", "UNIT_ID_2": "4182710", "MAIN_COMP1": 43, "MAIN_KEY_1": 802609, "MAIN_COMP2": 46, "MAIN_KEY_2": 802581, "ADDRESS_KEY": 155937, "INSTALLATION_DATE": 1199174400000, "DEPTH_OF_COVER_M": null, "RESTRAINED_JOINT": null, "CATHODICALLY_PROTECTED": null, "REMARKS": null, "ASSET_DESCRIPTION": null, "SPLIT_ON_CITYSIDE": null, "COMPKEY": 802631, "COMPTYPE": 41, "COATING_DATE": null, "LINING_DATE": null, "UPDATED_BY": "ENJCR", "WATERMAIN_KEY": 75684, "BUN": null, "PIPE_LENGTH_M": 3.70019351, "PARALLEL_LINE_NUMBER": null, "PRESSURE_ZONE": 173, "PIPE_USE": "Water Main", "SERVICE_STATUS": "In Service (Active)", "SUBSYSTEM": "Transmission", "OWNER": "GVWD", "OPERATOR": "GVWD", "DIAMETER": "900 mm", "PIPE_CLASS": null, "MATERIAL": "Steel", "LINING_MATERIAL": null, "COATING_MATERIAL": null, "FACET": null, "CONNECTION_TYPE": null, "DOMESTIC_DIAMETER": null, "DOMESTIC_MATERIAL": null, "FIRE_LIN_DIAMETER": null, "INSTALLED_BY": "Contr", "FIRE_LIN_MATERIAL": null, "MAP_TOOLTIP": "900 S  2008 GVWD", "UPDATED_DATE_iso": "2012-08-28", "COV_DATE_UPDATE_iso": "2012-08-28", "INSTALLATION_DATE_iso": "2008-01-01"}, "geometry": {"type": "LineString", "coordinates": [[-123.11752896081359, 49.241108478529036], [-123.1174782068004, 49.24110660516876]]}}, {"type": "Feature", "properties": {"SHAPE_Length": 2.7184797237692218, "OBJECTID": 21308929, "COV_SOURCE_KEY": "4182706", "UPDATED_DATE": 1346198287000, "COV_DATE_UPDATE": 1346198287000, "TBFID": 4182705, "ORACLE_ID": "__FPIP6U", "UNIT_ID_1": "4182670", "UNIT_ID_2": "4182687", "MAIN_COMP1": 46, "MAIN_KEY_1": 802580, "MAIN_COMP2": 43, "MAIN_KEY_2": 802608, "ADDRESS_KEY": 155937, "INSTALLATION_DATE": 1199174400000, "DEPTH_OF_COVER_M": null, "RESTRAINED_JOINT": null, "CATHODICALLY_PROTECTED": null, "REMARKS": null, "ASSET_DESCRIPTION": null, "SPLIT_ON_CITYSIDE": null, "COMPKEY": 802633, "COMPTYPE": 41, "COATING_DATE": null, "LINING_DATE": null, "UPDATED_BY": "ENJCR", "WATERMAIN_KEY": 75686, "BUN": null, "PIPE_LENGTH_M": 2.71847972, "PARALLEL_LINE_NUMBER": null, "PRESSURE_ZONE": 173, "PIPE_USE": "Water Main", "SERVICE_STATUS": "In Service (Active)", "SUBSYSTEM": "Transmission", "OWNER": "GVWD", "OPERATOR": "GVWD", "DIAMETER": "900 mm", "PIPE_CLASS": null, "MATERIAL": "Steel", "LINING_MATERIAL": null, "COATING_MATERIAL": null, "FACET": null, "CONNECTION_TYPE": null, "DOMESTIC_DIAMETER": null, "DOMESTIC_MATERIAL": null, "FIRE_LIN_DIAMETER": null, "INSTALLED_BY": "Contr", "FIRE_LIN_MATERIAL": null, "MAP_TOOLTIP": "900 S  2008 GVWD", "UPDATED_DATE_iso": "2012-08-28", "COV_DATE_UPDATE_iso": "2012-08-28", "INSTALLATION_DATE_iso": "2008-01-01"}, "geometry": {"type": "LineString", "coordinates": [[-123.11745279173499, 49.24113017155841], [-123.1174548770219, 49.24110575635134]]}}, {"type": "Feature", "properties": {"SHAPE_Length": 4.4995181960372195, "OBJECTID": 21308930, "COV_SOURCE_KEY": "4182725", "UPDATED_DATE": 1346198287000, "COV_DATE_UPDATE": 1346198287000, "TBFID": 4182724, "ORACLE_ID": "__FPIP6Z", "UNIT_ID_1": "4182678", "UNIT_ID_2": "4182728", "MAIN_COMP1": 43, "MAIN_KEY_1": 802605, "MAIN_COMP2": 43, "MAIN_KEY_2": 802607, "ADDRESS_KEY": 155937, "INSTALLATION_DATE": 1199174400000, "DEPTH_OF_COVER_M": null, "RESTRAINED_JOINT": null, "CATHODICALLY_PROTECTED": null, "REMARKS": null, "ASSET_DESCRIPTION": null, "SPLIT_ON_CITYSIDE": null, "COMPKEY": 802635, "COMPTYPE": 41, "COATING_DATE": null, "LINING_DATE": null, "UPDATED_BY": "ENJCR", "WATERMAIN_KEY": 75688, "BUN": null, "PIPE_LENGTH_M": 4.4995182, "PARALLEL_LINE_NUMBER": null, "PRESSURE_ZONE": 173, "PIPE_USE": "Water Main", "SERVICE_STATUS": "In Service (Active)", "SUBSYSTEM": "Transmission", "OWNER": "GVWD", "OPERATOR": "GVWD", "DIAMETER": "1200 mm", "PIPE_CLASS": null, "MATERIAL": "Steel", "LINING_MATERIAL": null, "COATING_MATERIAL": null, "FACET": null, "CONNECTION_TYPE": null, "DOMESTIC_DIAMETER": null, "DOMESTIC_MATERIAL": null, "FIRE_LIN_DIAMETER": null, "INSTALLED_BY": "Contr", "FIRE_LIN_MATERIAL": null, "MAP_TOOLTIP": "1200 S  2008 GVWD", "UPDATED_DATE_iso": "2012-08-28", "COV_DATE_UPDATE_iso": "2012-08-28", "INSTALLATION_DATE_iso": "2008-01-01"}, "geometry": {"type": "LineString", "coordinates": [[-123.11739179858976, 49.241103418734525], [-123.11733008040868, 49.241101142668505]]}}, {"type": "Feature", "properties": {"SHAPE_Length": 3.2995328454635335, "OBJECTID": 21308931, "COV_SOURCE_KEY": "4182733", "UPDATED_DATE": 1346198287000, "COV_DATE_UPDATE": 1346198287000, "TBFID": 4182732, "ORACLE_ID": "__FPIP71", "UNIT_ID_1": "4182736", "UNIT_ID_2": "4182701", "MAIN_COMP1": 43, "MAIN_KEY_1": 802599, "MAIN_COMP2": 43, "MAIN_KEY_2": 802609, "ADDRESS_KEY": 155937, "INSTALLATION_DATE": 1199174400000, "DEPTH_OF_COVER_M": null, "RESTRAINED_JOINT": null, "CATHODICALLY_PROTECTED": null, "REMARKS": null, "ASSET_DESCRIPTION": null, "SPLIT_ON_CITYSIDE": null, "COMPKEY": 802634, "COMPTYPE": 41, "COATING_DATE": null, "LINING_DATE": null, "UPDATED_BY": "ENJCR", "WATERMAIN_KEY": 75687, "BUN": null, "PIPE_LENGTH_M": 3.29953285, "PARALLEL_LINE_NUMBER": null, "PRESSURE_ZONE": 173, "PIPE_USE": "Water Main", "SERVICE_STATUS": "In Service (Active)", "SUBSYSTEM": "Transmission", "OWNER": "GVWD", "OPERATOR": "GVWD", "DIAMETER": "1200 mm", "PIPE_CLASS": null, "MATERIAL": "Steel", "LINING_MATERIAL": null, "COATING_MATERIAL": null, "FACET": null, "CONNECTION_TYPE": null, "DOMESTIC_DIAMETER": null, "DOMESTIC_MATERIAL": null, "FIRE_LIN_DIAMETER": null, "INSTALLED_BY": "Contr", "FIRE_LIN_MATERIAL": null, "MAP_TOOLTIP": "1200 S  2008 GVWD", "UPDATED_DATE_iso": "2012-08-28", "COV_DATE_UPDATE_iso": "2012-08-28", "INSTALLATION_DATE_iso": "2008-01-01"}, "geometry": {"type": "LineString", "coordinates": [[-123.11757421900111, 49.24111015056968], [-123.11752896081359, 49.241108478529036]]}}, {"type": "Feature", "properties": {"SHAPE_Length": 33.34944834731092, "OBJECTID": 21309044, "COV_SOURCE_KEY": "4118959", "UPDATED_DATE": 1346198561000, "COV_DATE_UPDATE": 1346198561000, "TBFID": 4187313, "ORACLE_ID": "__FPCPUI", "UNIT_ID_1": "4118939", "UNIT_ID_2": "4187312", "MAIN_COMP1": 43, "MAIN_KEY_1": 646890, "MAIN_COMP2": 43, "MAIN_KEY_2": 802593, "ADDRESS_KEY": 157026, "INSTALLATION_DATE": 1199174400000, "DEPTH_OF_COVER_M": 0, "RESTRAINED_JOINT": 1, "CATHODICALLY_PROTECTED": 0, "REMARKS": null, "ASSET_DESCRIPTION": null, "SPLIT_ON_CITYSIDE": null, "COMPKEY": 646925, "COMPTYPE": 41, "COATING_DATE": null, "LINING_DATE": null, "UPDATED_BY": "ENJCR", "WATERMAIN_KEY": 69584, "BUN": null, "PIPE_LENGTH_M": 52.84956917, "PARALLEL_LINE_NUMBER": null, "PRESSURE_ZONE": 172, "PIPE_USE": "Water Main", "SERVICE_STATUS": "In Service (Active)", "SUBSYSTEM": "Transmission", "OWNER": "GVWD", "OPERATOR": "GVWD", "DIAMETER": "600 mm", "PIPE_CLASS": null, "MATERIAL": "Ductile Iron Concrete Lined", "LINING_MATERIAL": "blank", "COATING_MATERIAL": "blank", "FACET": "O16", "CONNECTION_TYPE": null, "DOMESTIC_DIAMETER": null, "DOMESTIC_MATERIAL": null, "FIRE_LIN_DIAMETER": null, "INSTALLED_BY": "Contr", "FIRE_LIN_MATERIAL": null, "MAP_TOOLTIP": "600 DICL n/a 2008 GVWD RJ", "UPDATED_DATE_iso": "2012-08-29", "COV_DATE_UPDATE_iso": "2012-08-29", "INSTALLATION_DATE_iso": "2008-01-01"}, "geometry": {"type": "LineString", "coordinates": [[-123.11515468782609, 49.24908209661822], [-123.11516700265953, 49.24878221936414]]}}, {"type": "Feature", "properties": {"SHAPE_Length": 19.49984289550093, "OBJECTID": 21309051, "COV_SOURCE_KEY": "4187320", "UPDATED_DATE": 1346198287000, "COV_DATE_UPDATE": 1346198287000, "TBFID": 4187321, "ORACLE_ID": "__FPJ0D9", "UNIT_ID_1": "4187312", "UNIT_ID_2": "4118920", "MAIN_COMP1": 43, "MAIN_KEY_1": 802593, "MAIN_COMP2": 43, "MAIN_KEY_2": 646892, "ADDRESS_KEY": 157026, "INSTALLATION_DATE": 1199174400000, "DEPTH_OF_COVER_M": 0, "RESTRAINED_JOINT": 1, "CATHODICALLY_PROTECTED": 0, "REMARKS": null, "ASSET_DESCRIPTION": null, "SPLIT_ON_CITYSIDE": null, "COMPKEY": 802627, "COMPTYPE": 41, "COATING_DATE": null, "LINING_DATE": null, "UPDATED_BY": "ENJCR", "WATERMAIN_KEY": 75680, "BUN": null, "PIPE_LENGTH_M": 19.4998429, "PARALLEL_LINE_NUMBER": null, "PRESSURE_ZONE": 172, "PIPE_USE": "Water Main", "SERVICE_STATUS": "In Service (Active)", "SUBSYSTEM": "Transmission", "OWNER": "GVWD", "OPERATOR": "GVWD", "DIAMETER": "600 mm", "PIPE_CLASS": null, "MATERIAL": "Ductile Iron Concrete Lined", "LINING_MATERIAL": "blank", "COATING_MATERIAL": "blank", "FACET": "O16", "CONNECTION_TYPE": null, "DOMESTIC_DIAMETER": null, "DOMESTIC_MATERIAL": null, "FIRE_LIN_DIAMETER": null, "INSTALLED_BY": "Contr", "FIRE_LIN_MATERIAL": null, "MAP_TOOLTIP": "600 DICL n/a 2008 GVWD RJ", "UPDATED_DATE_iso": "2012-08-28", "COV_DATE_UPDATE_iso": "2012-08-28", "INSTALLATION_DATE_iso": "2008-01-01"}, "geometry": {"type": "LineString", "coordinates": [[-123.11516700265953, 49.24878221936414], [-123.1151741932977, 49.24860687717052]]}}, {"type": "Feature", "properties": {"SHAPE_Length": 16.74958447302864, "OBJECTID": 21309360, "COV_SOURCE_KEY": "4182133", "UPDATED_DATE": 1346198288000, "COV_DATE_UPDATE": 1346198288000, "TBFID": 4182132, "ORACLE_ID": "__FPIOV4", "UNIT_ID_1": "4182136", "UNIT_ID_2": "4118883", "MAIN_COMP1": 43, "MAIN_KEY_1": 802600, "MAIN_COMP2": 43, "MAIN_KEY_2": 646891, "ADDRESS_KEY": 153297, "INSTALLATION_DATE": 1285916400000, "DEPTH_OF_COVER_M": null, "RESTRAINED_JOINT": 1, "CATHODICALLY_PROTECTED": null, "REMARKS": null, "ASSET_DESCRIPTION": null, "SPLIT_ON_CITYSIDE": null, "COMPKEY": 802649, "COMPTYPE": 41, "COATING_DATE": null, "LINING_DATE": null, "UPDATED_BY": "ENJCR", "WATERMAIN_KEY": 75702, "BUN": null, "PIPE_LENGTH_M": 16.74958447, "PARALLEL_LINE_NUMBER": null, "PRESSURE_ZONE": 173, "PIPE_USE": "Water Main", "SERVICE_STATUS": "In Service (Active)", "SUBSYSTEM": "Transmission", "OWNER": "GVWD", "OPERATOR": "GVWD", "DIAMETER": "750 mm", "PIPE_CLASS": null, "MATERIAL": "Ductile Iron Concrete Lined", "LINING_MATERIAL": null, "COATING_MATERIAL": null, "FACET": "O17", "CONNECTION_TYPE": null, "DOMESTIC_DIAMETER": null, "DOMESTIC_MATERIAL": null, "FIRE_LIN_DIAMETER": null, "INSTALLED_BY": null, "FIRE_LIN_MATERIAL": null, "MAP_TOOLTIP": "750 DICL  2010 GVWD RJ", "UPDATED_DATE_iso": "2012-08-28", "COV_DATE_UPDATE_iso": "2012-08-28", "INSTALLATION_DATE_iso": "2010-10-01"}, "geometry": {"type": "LineString", "coordinates": [[-123.11573400381742, 49.24424345849075], [-123.11572743118454, 49.244394063332535]]}}, {"type": "Feature", "properties": {"SHAPE_Length": 6.419901712076387, "OBJECTID": 21309361, "COV_SOURCE_KEY": "4182140", "UPDATED_DATE": 1346198287000, "COV_DATE_UPDATE": 1346198287000, "TBFID": 4182139, "ORACLE_ID": "__FPIOV6", "UNIT_ID_1": "4182143", "UNIT_ID_2": "4182136", "MAIN_COMP1": 43, "MAIN_KEY_1": 802597, "MAIN_COMP2": 43, "MAIN_KEY_2": 802600, "ADDRESS_KEY": 153297, "INSTALLATION_DATE": 1285916400000, "DEPTH_OF_COVER_M": null, "RESTRAINED_JOINT": 1, "CATHODICALLY_PROTECTED": null, "REMARKS": null, "ASSET_DESCRIPTION": null, "SPLIT_ON_CITYSIDE": null, "COMPKEY": 802648, "COMPTYPE": 41, "COATING_DATE": null, "LINING_DATE": null, "UPDATED_BY": "ENJCR", "WATERMAIN_KEY": 75701, "BUN": null, "PIPE_LENGTH_M": 6.41990171, "PARALLEL_LINE_NUMBER": null, "PRESSURE_ZONE": 173, "PIPE_USE": "Water Main", "SERVICE_STATUS": "In Service (Active)", "SUBSYSTEM": "Transmission", "OWNER": "GVWD", "OPERATOR": "GVWD", "DIAMETER": "750 mm", "PIPE_CLASS": null, "MATERIAL": "Ductile Iron Concrete Lined", "LINING_MATERIAL": null, "COATING_MATERIAL": null, "FACET": null, "CONNECTION_TYPE": null, "DOMESTIC_DIAMETER": null, "DOMESTIC_MATERIAL": null, "FIRE_LIN_DIAMETER": null, "INSTALLED_BY": null, "FIRE_LIN_MATERIAL": null, "MAP_TOOLTIP": "750 DICL  2010 GVWD RJ", "UPDATED_DATE_iso": "2012-08-28", "COV_DATE_UPDATE_iso": "2012-08-28", "INSTALLATION_DATE_iso": "2010-10-01"}, "geometry": {"type": "LineString", "coordinates": [[-123.1157365205846, 49.244185733532696], [-123.11573400381742, 49.24424345849075]]}}, {"type": "Feature", "properties": {"SHAPE_Length": 13.339791678363163, "OBJECTID": 21309362, "COV_SOURCE_KEY": "4182147", "UPDATED_DATE": 1346198288000, "COV_DATE_UPDATE": 1346198288000, "TBFID": 4182146, "ORACLE_ID": "__FPIOV8", "UNIT_ID_1": "4182143", "UNIT_ID_2": "4182150", "MAIN_COMP1": 43, "MAIN_KEY_1": 802597, "MAIN_COMP2": 43, "MAIN_KEY_2": 802598, "ADDRESS_KEY": 153297, "INSTALLATION_DATE": 1285916400000, "DEPTH_OF_COVER_M": null, "RESTRAINED_JOINT": 1, "CATHODICALLY_PROTECTED": null, "REMARKS": null, "ASSET_DESCRIPTION": null, "SPLIT_ON_CITYSIDE": null, "COMPKEY": 802650, "COMPTYPE": 41, "COATING_DATE": null, "LINING_DATE": null, "UPDATED_BY": "ENJCR", "WATERMAIN_KEY": 75703, "BUN": null, "PIPE_LENGTH_M": 13.33979168, "PARALLEL_LINE_NUMBER": null, "PRESSURE_ZONE": 173, "PIPE_USE": "Water Main", "SERVICE_STATUS": "In Service (Active)", "SUBSYSTEM": "Transmission", "OWNER": "GVWD", "OPERATOR": "GVWD", "DIAMETER": "750 mm", "PIPE_CLASS": null, "MATERIAL": "Ductile Iron Concrete Lined", "LINING_MATERIAL": null, "COATING_MATERIAL": null, "FACET": null, "CONNECTION_TYPE": null, "DOMESTIC_DIAMETER": null, "DOMESTIC_MATERIAL": null, "FIRE_LIN_DIAMETER": null, "INSTALLED_BY": null, "FIRE_LIN_MATERIAL": null, "MAP_TOOLTIP": "750 DICL  2010 GVWD RJ", "UPDATED_DATE_iso": "2012-08-28", "COV_DATE_UPDATE_iso": "2012-08-28", "INSTALLATION_DATE_iso": "2010-10-01"}, "geometry": {"type": "LineString", "coordinates": [[-123.1157365205846, 49.244185733532696], [-123.11567156045882, 49.244073529033635]]}}, {"type": "Feature", "properties": {"SHAPE_Length": 18.74054334733615, "OBJECTID": 21309363, "COV_SOURCE_KEY": "4182154", "UPDATED_DATE": 1346198288000, "COV_DATE_UPDATE": 1346198288000, "TBFID": 4182153, "ORACLE_ID": "__FPIOVA", "UNIT_ID_1": "4182150", "UNIT_ID_2": "4182164", "MAIN_COMP1": 43, "MAIN_KEY_1": 802598, "MAIN_COMP2": 43, "MAIN_KEY_2": 802591, "ADDRESS_KEY": 153297, "INSTALLATION_DATE": 1285916400000, "DEPTH_OF_COVER_M": null, "RESTRAINED_JOINT": 1, "CATHODICALLY_PROTECTED": null, "REMARKS": null, "ASSET_DESCRIPTION": null, "SPLIT_ON_CITYSIDE": null, "COMPKEY": 802652, "COMPTYPE": 41, "COATING_DATE": null, "LINING_DATE": null, "UPDATED_BY": "ENJCR", "WATERMAIN_KEY": 75705, "BUN": null, "PIPE_LENGTH_M": 18.74054335, "PARALLEL_LINE_NUMBER": null, "PRESSURE_ZONE": 173, "PIPE_USE": "Water Main", "SERVICE_STATUS": "In Service (Active)", "SUBSYSTEM": "Transmission", "OWNER": "GVWD", "OPERATOR": "GVWD", "DIAMETER": "750 mm", "PIPE_CLASS": null, "MATERIAL": "Ductile Iron Concrete Lined", "LINING_MATERIAL": null, "COATING_MATERIAL": null, "FACET": null, "CONNECTION_TYPE": null, "DOMESTIC_DIAMETER": null, "DOMESTIC_MATERIAL": null, "FIRE_LIN_DIAMETER": null, "INSTALLED_BY": null, "FIRE_LIN_MATERIAL": null, "MAP_TOOLTIP": "750 DICL  2010 GVWD RJ", "UPDATED_DATE_iso": "2012-08-28", "COV_DATE_UPDATE_iso": "2012-08-28", "INSTALLATION_DATE_iso": "2010-10-01"}, "geometry": {"type": "LineString", "coordinates": [[-123.11567156045882, 49.244073529033635], [-123.11567938290605, 49.243905031407614]]}}, {"type": "Feature", "properties": {"SHAPE_Length": 52.81994715973543, "OBJECTID": 21309364, "COV_SOURCE_KEY": "4182266", "UPDATED_DATE": 1346198288000, "COV_DATE_UPDATE": 1346198288000, "TBFID": 4182265, "ORACLE_ID": "__FPIOWI", "UNIT_ID_1": "4182255", "UNIT_ID_2": "4182262", "MAIN_COMP1": 43, "MAIN_KEY_1": 802612, "MAIN_COMP2": 46, "MAIN_KEY_2": 802579, "ADDRESS_KEY": 153179, "INSTALLATION_DATE": 1285916400000, "DEPTH_OF_COVER_M": null, "RESTRAINED_JOINT": 1, "CATHODICALLY_PROTECTED": null, "REMARKS": null, "ASSET_DESCRIPTION": null, "SPLIT_ON_CITYSIDE": null, "COMPKEY": 802654, "COMPTYPE": 41, "COATING_DATE": null, "LINING_DATE": null, "UPDATED_BY": "ENJCR", "WATERMAIN_KEY": 75707, "BUN": null, "PIPE_LENGTH_M": 52.81994716, "PARALLEL_LINE_NUMBER": null, "PRESSURE_ZONE": 173, "PIPE_USE": "Water Main", "SERVICE_STATUS": "In Service (Active)", "SUBSYSTEM": "Transmission", "OWNER": "GVWD", "OPERATOR": "GVWD", "DIAMETER": "600 mm", "PIPE_CLASS": null, "MATERIAL": "Ductile Iron Concrete Lined", "LINING_MATERIAL": null, "COATING_MATERIAL": null, "FACET": "O17", "CONNECTION_TYPE": null, "DOMESTIC_DIAMETER": null, "DOMESTIC_MATERIAL": null, "FIRE_LIN_DIAMETER": null, "INSTALLED_BY": "Contr", "FIRE_LIN_MATERIAL": null, "MAP_TOOLTIP": "600 DICL  2010 GVWD RJ", "UPDATED_DATE_iso": "2012-08-28", "COV_DATE_UPDATE_iso": "2012-08-28", "INSTALLATION_DATE_iso": "2010-10-01"}, "geometry": {"type": "LineString", "coordinates": [[-123.11587049472165, 49.24150339878528], [-123.11589256026889, 49.24102849085317]]}}, {"type": "Feature", "properties": {"SHAPE_Length": 25.71007781009044, "OBJECTID": 21309365, "COV_SOURCE_KEY": "4182168", "UPDATED_DATE": 1346198288000, "COV_DATE_UPDATE": 1346198288000, "TBFID": 4182167, "ORACLE_ID": "__FPIOVE", "UNIT_ID_1": "4182164", "UNIT_ID_2": "4182171", "MAIN_COMP1": 43, "MAIN_KEY_1": 802591, "MAIN_COMP2": 43, "MAIN_KEY_2": 802584, "ADDRESS_KEY": 153297, "INSTALLATION_DATE": 1285916400000, "DEPTH_OF_COVER_M": null, "RESTRAINED_JOINT": 1, "CATHODICALLY_PROTECTED": null, "REMARKS": null, "ASSET_DESCRIPTION": null, "SPLIT_ON_CITYSIDE": null, "COMPKEY": 802651, "COMPTYPE": 41, "COATING_DATE": null, "LINING_DATE": null, "UPDATED_BY": "ENJCR", "WATERMAIN_KEY": 75704, "BUN": null, "PIPE_LENGTH_M": 25.71007781, "PARALLEL_LINE_NUMBER": null, "PRESSURE_ZONE": 173, "PIPE_USE": "Water Main", "SERVICE_STATUS": "In Service (Active)", "SUBSYSTEM": "Transmission", "OWNER": "GVWD", "OPERATOR": "GVWD", "DIAMETER": "750 mm", "PIPE_CLASS": null, "MATERIAL": "Ductile Iron Concrete Lined", "LINING_MATERIAL": null, "COATING_MATERIAL": null, "FACET": null, "CONNECTION_TYPE": null, "DOMESTIC_DIAMETER": null, "DOMESTIC_MATERIAL": null, "FIRE_LIN_DIAMETER": null, "INSTALLED_BY": null, "FIRE_LIN_MATERIAL": null, "MAP_TOOLTIP": "750 DICL  2010 GVWD RJ", "UPDATED_DATE_iso": "2012-08-28", "COV_DATE_UPDATE_iso": "2012-08-28", "INSTALLATION_DATE_iso": "2010-10-01"}, "geometry": {"type": "LineString", "coordinates": [[-123.11567938290605, 49.243905031407614], [-123.11593663475783, 49.24374654730561]]}}, {"type": "Feature", "properties": {"SHAPE_Length": 21.9998873864004, "OBJECTID": 21309366, "COV_SOURCE_KEY": "4182175", "UPDATED_DATE": 1346198287000, "COV_DATE_UPDATE": 1346198287000, "TBFID": 4182174, "ORACLE_ID": "__FPIOVG", "UNIT_ID_1": "4182171", "UNIT_ID_2": "4182178", "MAIN_COMP1": 43, "MAIN_KEY_1": 802584, "MAIN_COMP2": 43, "MAIN_KEY_2": 802585, "ADDRESS_KEY": 153297, "INSTALLATION_DATE": 1285916400000, "DEPTH_OF_COVER_M": null, "RESTRAINED_JOINT": 1, "CATHODICALLY_PROTECTED": null, "REMARKS": null, "ASSET_DESCRIPTION": null, "SPLIT_ON_CITYSIDE": null, "COMPKEY": 802647, "COMPTYPE": 41, "COATING_DATE": null, "LINING_DATE": null, "UPDATED_BY": "ENJCR", "WATERMAIN_KEY": 75700, "BUN": null, "PIPE_LENGTH_M": 21.99988739, "PARALLEL_LINE_NUMBER": null, "PRESSURE_ZONE": 173, "PIPE_USE": "Water Main", "SERVICE_STATUS": "In Service (Active)", "SUBSYSTEM": "Transmission", "OWNER": "GVWD", "OPERATOR": "GVWD", "DIAMETER": "750 mm", "PIPE_CLASS": null, "MATERIAL": "Ductile Iron Concrete Lined", "LINING_MATERIAL": null, "COATING_MATERIAL": null, "FACET": null, "CONNECTION_TYPE": null, "DOMESTIC_DIAMETER": null, "DOMESTIC_MATERIAL": null, "FIRE_LIN_DIAMETER": null, "INSTALLED_BY": null, "FIRE_LIN_MATERIAL": null, "MAP_TOOLTIP": "750 DICL  2010 GVWD RJ", "UPDATED_DATE_iso": "2012-08-28", "COV_DATE_UPDATE_iso": "2012-08-28", "INSTALLATION_DATE_iso": "2010-10-01"}, "geometry": {"type": "LineString", "coordinates": [[-123.11593663475783, 49.24374654730561], [-123.1161638620569, 49.24361605001915]]}}, {"type": "Feature", "properties": {"SHAPE_Length": 38.50023672670518, "OBJECTID": 21309367, "COV_SOURCE_KEY": "4182182", "UPDATED_DATE": 1346198287000, "COV_DATE_UPDATE": 1346198287000, "TBFID": 4182181, "ORACLE_ID": "__FPIOVI", "UNIT_ID_1": "4182178", "UNIT_ID_2": "4182185", "MAIN_COMP1": 43, "MAIN_KEY_1": 802585, "MAIN_COMP2": 43, "MAIN_KEY_2": 802582, "ADDRESS_KEY": 153297, "INSTALLATION_DATE": 1285916400000, "DEPTH_OF_COVER_M": null, "RESTRAINED_JOINT": 1, "CATHODICALLY_PROTECTED": null, "REMARKS": null, "ASSET_DESCRIPTION": null, "SPLIT_ON_CITYSIDE": null, "COMPKEY": 802643, "COMPTYPE": 41, "COATING_DATE": null, "LINING_DATE": null, "UPDATED_BY": "ENJCR", "WATERMAIN_KEY": 75696, "BUN": null, "PIPE_LENGTH_M": 38.50023673, "PARALLEL_LINE_NUMBER": null, "PRESSURE_ZONE": 173, "PIPE_USE": "Water Main", "SERVICE_STATUS": "In Service (Active)", "SUBSYSTEM": "Transmission", "OWNER": "GVWD", "OPERATOR": "GVWD", "DIAMETER": "750 mm", "PIPE_CLASS": null, "MATERIAL": "Ductile Iron Concrete Lined", "LINING_MATERIAL": null, "COATING_MATERIAL": null, "FACET": null, "CONNECTION_TYPE": null, "DOMESTIC_DIAMETER": null, "DOMESTIC_MATERIAL": null, "FIRE_LIN_DIAMETER": null, "INSTALLED_BY": null, "FIRE_LIN_MATERIAL": null, "MAP_TOOLTIP": "750 DICL  2010 GVWD RJ", "UPDATED_DATE_iso": "2012-08-28", "COV_DATE_UPDATE_iso": "2012-08-28", "INSTALLATION_DATE_iso": "2010-10-01"}, "geometry": {"type": "LineString", "coordinates": [[-123.1161638620569, 49.24361605001915], [-123.11657343005169, 49.24339689127443]]}}, {"type": "Feature", "properties": {"SHAPE_Length": 38.50022579174596, "OBJECTID": 21309368, "COV_SOURCE_KEY": "4182189", "UPDATED_DATE": 1346198287000, "COV_DATE_UPDATE": 1346198287000, "TBFID": 4182188, "ORACLE_ID": "__FPIOVK", "UNIT_ID_1": "4182185", "UNIT_ID_2": "4182192", "MAIN_COMP1": 43, "MAIN_KEY_1": 802582, "MAIN_COMP2": 43, "MAIN_KEY_2": 802583, "ADDRESS_KEY": 153297, "INSTALLATION_DATE": 1285916400000, "DEPTH_OF_COVER_M": null, "RESTRAINED_JOINT": 1, "CATHODICALLY_PROTECTED": null, "REMARKS": null, "ASSET_DESCRIPTION": null, "SPLIT_ON_CITYSIDE": null, "COMPKEY": 802642, "COMPTYPE": 41, "COATING_DATE": null, "LINING_DATE": null, "UPDATED_BY": "ENJCR", "WATERMAIN_KEY": 75695, "BUN": null, "PIPE_LENGTH_M": 38.50022579, "PARALLEL_LINE_NUMBER": null, "PRESSURE_ZONE": 173, "PIPE_USE": "Water Main", "SERVICE_STATUS": "In Service (Active)", "SUBSYSTEM": "Transmission", "OWNER": "GVWD", "OPERATOR": "GVWD", "DIAMETER": "750 mm", "PIPE_CLASS": null, "MATERIAL": "Ductile Iron Concrete Lined", "LINING_MATERIAL": null, "COATING_MATERIAL": null, "FACET": null, "CONNECTION_TYPE": null, "DOMESTIC_DIAMETER": null, "DOMESTIC_MATERIAL": null, "FIRE_LIN_DIAMETER": null, "INSTALLED_BY": null, "FIRE_LIN_MATERIAL": null, "MAP_TOOLTIP": "750 DICL  2010 GVWD RJ", "UPDATED_DATE_iso": "2012-08-28", "COV_DATE_UPDATE_iso": "2012-08-28", "INSTALLATION_DATE_iso": "2010-10-01"}, "geometry": {"type": "LineString", "coordinates": [[-123.11657343005169, 49.24339689127443], [-123.11697106095785, 49.24316850504473]]}}, {"type": "Feature", "properties": {"SHAPE_Length": 36.409835553611856, "OBJECTID": 21309369, "COV_SOURCE_KEY": "4182196", "UPDATED_DATE": 1346198287000, "COV_DATE_UPDATE": 1346198287000, "TBFID": 4182195, "ORACLE_ID": "__FPIOVM", "UNIT_ID_1": "4182192", "UNIT_ID_2": "4182199", "MAIN_COMP1": 43, "MAIN_KEY_1": 802583, "MAIN_COMP2": 43, "MAIN_KEY_2": 802586, "ADDRESS_KEY": 154808, "INSTALLATION_DATE": 1285916400000, "DEPTH_OF_COVER_M": null, "RESTRAINED_JOINT": 1, "CATHODICALLY_PROTECTED": null, "REMARKS": null, "ASSET_DESCRIPTION": null, "SPLIT_ON_CITYSIDE": null, "COMPKEY": 802644, "COMPTYPE": 41, "COATING_DATE": null, "LINING_DATE": null, "UPDATED_BY": "ENJCR", "WATERMAIN_KEY": 75697, "BUN": null, "PIPE_LENGTH_M": 36.40983555, "PARALLEL_LINE_NUMBER": null, "PRESSURE_ZONE": 173, "PIPE_USE": "Water Main", "SERVICE_STATUS": "In Service (Active)", "SUBSYSTEM": "Transmission", "OWNER": "GVWD", "OPERATOR": "GVWD", "DIAMETER": "750 mm", "PIPE_CLASS": null, "MATERIAL": "Concrete", "LINING_MATERIAL": null, "COATING_MATERIAL": null, "FACET": "O17", "CONNECTION_TYPE": null, "DOMESTIC_DIAMETER": null, "DOMESTIC_MATERIAL": null, "FIRE_LIN_DIAMETER": null, "INSTALLED_BY": "Contr", "FIRE_LIN_MATERIAL": null, "MAP_TOOLTIP": "750 CONC  2010 GVWD RJ", "UPDATED_DATE_iso": "2012-08-28", "COV_DATE_UPDATE_iso": "2012-08-28", "INSTALLATION_DATE_iso": "2010-10-01"}, "geometry": {"type": "LineString", "coordinates": [[-123.11697106095785, 49.24316850504473], [-123.11733536700832, 49.24294406421589]]}}, {"type": "Feature", "properties": {"SHAPE_Length": 31.35970640728736, "OBJECTID": 21309370, "COV_SOURCE_KEY": "4182203", "UPDATED_DATE": 1346198287000, "COV_DATE_UPDATE": 1346198287000, "TBFID": 4182202, "ORACLE_ID": "__FPIOVO", "UNIT_ID_1": "4182199", "UNIT_ID_2": "4182206", "MAIN_COMP1": 43, "MAIN_KEY_1": 802586, "MAIN_COMP2": 43, "MAIN_KEY_2": 802589, "ADDRESS_KEY": 151615, "INSTALLATION_DATE": 1285916400000, "DEPTH_OF_COVER_M": null, "RESTRAINED_JOINT": 1, "CATHODICALLY_PROTECTED": null, "REMARKS": null, "ASSET_DESCRIPTION": null, "SPLIT_ON_CITYSIDE": null, "COMPKEY": 802646, "COMPTYPE": 41, "COATING_DATE": null, "LINING_DATE": null, "UPDATED_BY": "ENJCR", "WATERMAIN_KEY": 75699, "BUN": null, "PIPE_LENGTH_M": 31.35970641, "PARALLEL_LINE_NUMBER": null, "PRESSURE_ZONE": 173, "PIPE_USE": "Water Main", "SERVICE_STATUS": "In Service (Active)", "SUBSYSTEM": "Transmission", "OWNER": "GVWD", "OPERATOR": "GVWD", "DIAMETER": "750 mm", "PIPE_CLASS": null, "MATERIAL": "Concrete", "LINING_MATERIAL": null, "COATING_MATERIAL": null, "FACET": "O17", "CONNECTION_TYPE": null, "DOMESTIC_DIAMETER": null, "DOMESTIC_MATERIAL": null, "FIRE_LIN_DIAMETER": null, "INSTALLED_BY": "Contr", "FIRE_LIN_MATERIAL": null, "MAP_TOOLTIP": "750 CONC  2010 GVWD RJ", "UPDATED_DATE_iso": "2012-08-28", "COV_DATE_UPDATE_iso": "2012-08-28", "INSTALLATION_DATE_iso": "2010-10-01"}, "geometry": {"type": "LineString", "coordinates": [[-123.11733536700832, 49.24294406421589], [-123.11751224936194, 49.242686845467254]]}}, {"type": "Feature", "properties": {"SHAPE_Length": 25.40997743001382, "OBJECTID": 21309371, "COV_SOURCE_KEY": "4182210", "UPDATED_DATE": 1346198287000, "COV_DATE_UPDATE": 1346198287000, "TBFID": 4182209, "ORACLE_ID": "__FPIOVQ", "UNIT_ID_1": "4182206", "UNIT_ID_2": "4182213", "MAIN_COMP1": 43, "MAIN_KEY_1": 802589, "MAIN_COMP2": 43, "MAIN_KEY_2": 802590, "ADDRESS_KEY": 151615, "INSTALLATION_DATE": 1285916400000, "DEPTH_OF_COVER_M": null, "RESTRAINED_JOINT": 1, "CATHODICALLY_PROTECTED": null, "REMARKS": null, "ASSET_DESCRIPTION": null, "SPLIT_ON_CITYSIDE": null, "COMPKEY": 802645, "COMPTYPE": 41, "COATING_DATE": null, "LINING_DATE": null, "UPDATED_BY": "ENJCR", "WATERMAIN_KEY": 75698, "BUN": null, "PIPE_LENGTH_M": 25.40997743, "PARALLEL_LINE_NUMBER": null, "PRESSURE_ZONE": 173, "PIPE_USE": "Water Main", "SERVICE_STATUS": "In Service (Active)", "SUBSYSTEM": "Transmission", "OWNER": "GVWD", "OPERATOR": "GVWD", "DIAMETER": "750 mm", "PIPE_CLASS": null, "MATERIAL": "Concrete", "LINING_MATERIAL": null, "COATING_MATERIAL": null, "FACET": null, "CONNECTION_TYPE": null, "DOMESTIC_DIAMETER": null, "DOMESTIC_MATERIAL": null, "FIRE_LIN_DIAMETER": null, "INSTALLED_BY": "Contr", "FIRE_LIN_MATERIAL": null, "MAP_TOOLTIP": "750 CONC  2010 GVWD RJ", "UPDATED_DATE_iso": "2012-08-28", "COV_DATE_UPDATE_iso": "2012-08-28", "INSTALLATION_DATE_iso": "2010-10-01"}, "geometry": {"type": "LineString", "coordinates": [[-123.11751224936194, 49.242686845467254], [-123.11752286313458, 49.24245838256538]]}}, {"type": "Feature", "properties": {"SHAPE_Length": 27.4998480366174, "OBJECTID": 21309372, "COV_SOURCE_KEY": "4182217", "UPDATED_DATE": 1346198288000, "COV_DATE_UPDATE": 1346198288000, "TBFID": 4182216, "ORACLE_ID": "__FPIOVS", "UNIT_ID_1": "4182213", "UNIT_ID_2": "4182220", "MAIN_COMP1": 43, "MAIN_KEY_1": 802590, "MAIN_COMP2": 43, "MAIN_KEY_2": 802587, "ADDRESS_KEY": 151615, "INSTALLATION_DATE": 1285916400000, "DEPTH_OF_COVER_M": null, "RESTRAINED_JOINT": 1, "CATHODICALLY_PROTECTED": null, "REMARKS": null, "ASSET_DESCRIPTION": null, "SPLIT_ON_CITYSIDE": null, "COMPKEY": 802660, "COMPTYPE": 41, "COATING_DATE": null, "LINING_DATE": null, "UPDATED_BY": "ENJCR", "WATERMAIN_KEY": 75713, "BUN": null, "PIPE_LENGTH_M": 27.49984804, "PARALLEL_LINE_NUMBER": null, "PRESSURE_ZONE": 173, "PIPE_USE": "Water Main", "SERVICE_STATUS": "In Service (Active)", "SUBSYSTEM": "Transmission", "OWNER": "GVWD", "OPERATOR": "GVWD", "DIAMETER": "750 mm", "PIPE_CLASS": null, "MATERIAL": "Concrete", "LINING_MATERIAL": null, "COATING_MATERIAL": null, "FACET": null, "CONNECTION_TYPE": null, "DOMESTIC_DIAMETER": null, "DOMESTIC_MATERIAL": null, "FIRE_LIN_DIAMETER": null, "INSTALLED_BY": "Contr", "FIRE_LIN_MATERIAL": null, "MAP_TOOLTIP": "750 CONC  2010 GVWD RJ", "UPDATED_DATE_iso": "2012-08-28", "COV_DATE_UPDATE_iso": "2012-08-28", "INSTALLATION_DATE_iso": "2010-10-01"}, "geometry": {"type": "LineString", "coordinates": [[-123.11752286313458, 49.24245838256538], [-123.11746044637955, 49.24221441417135]]}}, {"type": "Feature", "properties": {"SHAPE_Length": 38.50064629317041, "OBJECTID": 21309373, "COV_SOURCE_KEY": "4182224", "UPDATED_DATE": 1346198288000, "COV_DATE_UPDATE": 1346198288000, "TBFID": 4182223, "ORACLE_ID": "__FPIOVU", "UNIT_ID_1": "4182220", "UNIT_ID_2": "4182227", "MAIN_COMP1": 43, "MAIN_KEY_1": 802587, "MAIN_COMP2": 43, "MAIN_KEY_2": 802588, "ADDRESS_KEY": 153179, "INSTALLATION_DATE": 1285916400000, "DEPTH_OF_COVER_M": null, "RESTRAINED_JOINT": 1, "CATHODICALLY_PROTECTED": null, "REMARKS": null, "ASSET_DESCRIPTION": null, "SPLIT_ON_CITYSIDE": null, "COMPKEY": 802659, "COMPTYPE": 41, "COATING_DATE": null, "LINING_DATE": null, "UPDATED_BY": "ENJCR", "WATERMAIN_KEY": 75712, "BUN": null, "PIPE_LENGTH_M": 38.50064629, "PARALLEL_LINE_NUMBER": null, "PRESSURE_ZONE": 173, "PIPE_USE": "Water Main", "SERVICE_STATUS": "In Service (Active)", "SUBSYSTEM": "Transmission", "OWNER": "GVWD", "OPERATOR": "GVWD", "DIAMETER": "750 mm", "PIPE_CLASS": null, "MATERIAL": "Ductile Iron Concrete Lined", "LINING_MATERIAL": null, "COATING_MATERIAL": null, "FACET": "O17", "CONNECTION_TYPE": null, "DOMESTIC_DIAMETER": null, "DOMESTIC_MATERIAL": null, "FIRE_LIN_DIAMETER": null, "INSTALLED_BY": "Contr", "FIRE_LIN_MATERIAL": null, "MAP_TOOLTIP": "750 DICL  2010 GVWD RJ", "UPDATED_DATE_iso": "2012-08-28", "COV_DATE_UPDATE_iso": "2012-08-28", "INSTALLATION_DATE_iso": "2010-10-01"}, "geometry": {"type": "LineString", "coordinates": [[-123.11746044637955, 49.24221441417135], [-123.11727295708951, 49.24189057808475]]}}, {"type": "Feature", "properties": {"SHAPE_Length": 27.50019207222799, "OBJECTID": 21309374, "COV_SOURCE_KEY": "4182231", "UPDATED_DATE": 1346198288000, "COV_DATE_UPDATE": 1346198288000, "TBFID": 4182230, "ORACLE_ID": "__FPIOVW", "UNIT_ID_1": "4182227", "UNIT_ID_2": "4182234", "MAIN_COMP1": 43, "MAIN_KEY_1": 802588, "MAIN_COMP2": 43, "MAIN_KEY_2": 802613, "ADDRESS_KEY": 153179, "INSTALLATION_DATE": 1285916400000, "DEPTH_OF_COVER_M": null, "RESTRAINED_JOINT": 1, "CATHODICALLY_PROTECTED": null, "REMARKS": null, "ASSET_DESCRIPTION": null, "SPLIT_ON_CITYSIDE": null, "COMPKEY": 802661, "COMPTYPE": 41, "COATING_DATE": null, "LINING_DATE": null, "UPDATED_BY": "ENJCR", "WATERMAIN_KEY": 75714, "BUN": null, "PIPE_LENGTH_M": 27.50019207, "PARALLEL_LINE_NUMBER": null, "PRESSURE_ZONE": 173, "PIPE_USE": "Water Main", "SERVICE_STATUS": "In Service (Active)", "SUBSYSTEM": "Transmission", "OWNER": "GVWD", "OPERATOR": "GVWD", "DIAMETER": "750 mm", "PIPE_CLASS": null, "MATERIAL": "Ductile Iron Concrete Lined", "LINING_MATERIAL": null, "COATING_MATERIAL": null, "FACET": "O17", "CONNECTION_TYPE": null, "DOMESTIC_DIAMETER": null, "DOMESTIC_MATERIAL": null, "FIRE_LIN_DIAMETER": null, "INSTALLED_BY": "Contr", "FIRE_LIN_MATERIAL": null, "MAP_TOOLTIP": "750 DICL  2010 GVWD RJ", "UPDATED_DATE_iso": "2012-08-28", "COV_DATE_UPDATE_iso": "2012-08-28", "INSTALLATION_DATE_iso": "2010-10-01"}, "geometry": {"type": "LineString", "coordinates": [[-123.11727295708951, 49.24189057808475], [-123.11707270206216, 49.241680814272634]]}}, {"type": "Feature", "properties": {"SHAPE_Length": 24.11968666837541, "OBJECTID": 21309375, "COV_SOURCE_KEY": "4182238", "UPDATED_DATE": 1346198288000, "COV_DATE_UPDATE": 1346198288000, "TBFID": 4182237, "ORACLE_ID": "__FPIOVY", "UNIT_ID_1": "4182234", "UNIT_ID_2": "4182241", "MAIN_COMP1": 43, "MAIN_KEY_1": 802613, "MAIN_COMP2": 43, "MAIN_KEY_2": 802614, "ADDRESS_KEY": 153179, "INSTALLATION_DATE": 1285916400000, "DEPTH_OF_COVER_M": null, "RESTRAINED_JOINT": 1, "CATHODICALLY_PROTECTED": null, "REMARKS": null, "ASSET_DESCRIPTION": null, "SPLIT_ON_CITYSIDE": null, "COMPKEY": 802663, "COMPTYPE": 41, "COATING_DATE": null, "LINING_DATE": null, "UPDATED_BY": "ENJCR", "WATERMAIN_KEY": 75716, "BUN": null, "PIPE_LENGTH_M": 24.11968667, "PARALLEL_LINE_NUMBER": null, "PRESSURE_ZONE": 173, "PIPE_USE": "Water Main", "SERVICE_STATUS": "In Service (Active)", "SUBSYSTEM": "Transmission", "OWNER": "GVWD", "OPERATOR": "GVWD", "DIAMETER": "750 mm", "PIPE_CLASS": null, "MATERIAL": "Ductile Iron Concrete Lined", "LINING_MATERIAL": null, "COATING_MATERIAL": null, "FACET": null, "CONNECTION_TYPE": null, "DOMESTIC_DIAMETER": null, "DOMESTIC_MATERIAL": null, "FIRE_LIN_DIAMETER": null, "INSTALLED_BY": "Contr", "FIRE_LIN_MATERIAL": null, "MAP_TOOLTIP": "750 DICL  2010 GVWD RJ", "UPDATED_DATE_iso": "2012-08-28", "COV_DATE_UPDATE_iso": "2012-08-28", "INSTALLATION_DATE_iso": "2010-10-01"}, "geometry": {"type": "LineString", "coordinates": [[-123.11707270206216, 49.241680814272634], [-123.1168456159481, 49.241522808879786]]}}, {"type": "Feature", "properties": {"SHAPE_Length": 44.88987834740356, "OBJECTID": 21309376, "COV_SOURCE_KEY": "4182245", "UPDATED_DATE": 1346198288000, "COV_DATE_UPDATE": 1346198288000, "TBFID": 4182244, "ORACLE_ID": "__FPIOW0", "UNIT_ID_1": "4182241", "UNIT_ID_2": "4182248", "MAIN_COMP1": 43, "MAIN_KEY_1": 802614, "MAIN_COMP2": 43, "MAIN_KEY_2": 802611, "ADDRESS_KEY": 153179, "INSTALLATION_DATE": 1285916400000, "DEPTH_OF_COVER_M": null, "RESTRAINED_JOINT": 1, "CATHODICALLY_PROTECTED": null, "REMARKS": null, "ASSET_DESCRIPTION": null, "SPLIT_ON_CITYSIDE": null, "COMPKEY": 802662, "COMPTYPE": 41, "COATING_DATE": null, "LINING_DATE": null, "UPDATED_BY": "ENJCR", "WATERMAIN_KEY": 75715, "BUN": null, "PIPE_LENGTH_M": 44.88987835, "PARALLEL_LINE_NUMBER": null, "PRESSURE_ZONE": 173, "PIPE_USE": "Water Main", "SERVICE_STATUS": "In Service (Active)", "SUBSYSTEM": "Transmission", "OWNER": "GVWD", "OPERATOR": "GVWD", "DIAMETER": "750 mm", "PIPE_CLASS": null, "MATERIAL": "Ductile Iron Concrete Lined", "LINING_MATERIAL": null, "COATING_MATERIAL": null, "FACET": null, "CONNECTION_TYPE": null, "DOMESTIC_DIAMETER": null, "DOMESTIC_MATERIAL": null, "FIRE_LIN_DIAMETER": null, "INSTALLED_BY": "Contr", "FIRE_LIN_MATERIAL": null, "MAP_TOOLTIP": "750 DICL  2010 GVWD RJ", "UPDATED_DATE_iso": "2012-08-28", "COV_DATE_UPDATE_iso": "2012-08-28", "INSTALLATION_DATE_iso": "2010-10-01"}, "geometry": {"type": "LineString", "coordinates": [[-123.1168456159481, 49.241522808879786], [-123.1162291821823, 49.24151054051251]]}}, {"type": "Feature", "properties": {"SHAPE_Length": 26.12031785781039, "OBJECTID": 21309377, "COV_SOURCE_KEY": "4182252", "UPDATED_DATE": 1346198288000, "COV_DATE_UPDATE": 1346198288000, "TBFID": 4182251, "ORACLE_ID": "__FPIOW2", "UNIT_ID_1": "4182248", "UNIT_ID_2": "4182255", "MAIN_COMP1": 43, "MAIN_KEY_1": 802611, "MAIN_COMP2": 43, "MAIN_KEY_2": 802612, "ADDRESS_KEY": 153179, "INSTALLATION_DATE": 1285916400000, "DEPTH_OF_COVER_M": null, "RESTRAINED_JOINT": 1, "CATHODICALLY_PROTECTED": null, "REMARKS": null, "ASSET_DESCRIPTION": null, "SPLIT_ON_CITYSIDE": null, "COMPKEY": 802658, "COMPTYPE": 41, "COATING_DATE": null, "LINING_DATE": null, "UPDATED_BY": "ENJCR", "WATERMAIN_KEY": 75711, "BUN": null, "PIPE_LENGTH_M": 26.12031786, "PARALLEL_LINE_NUMBER": null, "PRESSURE_ZONE": 173, "PIPE_USE": "Water Main", "SERVICE_STATUS": "In Service (Active)", "SUBSYSTEM": "Transmission", "OWNER": "GVWD", "OPERATOR": "GVWD", "DIAMETER": "600 mm", "PIPE_CLASS": null, "MATERIAL": "Ductile Iron Concrete Lined", "LINING_MATERIAL": null, "COATING_MATERIAL": null, "FACET": null, "CONNECTION_TYPE": null, "DOMESTIC_DIAMETER": null, "DOMESTIC_MATERIAL": null, "FIRE_LIN_DIAMETER": null, "INSTALLED_BY": "Contr", "FIRE_LIN_MATERIAL": null, "MAP_TOOLTIP": "600 DICL  2010 GVWD RJ", "UPDATED_DATE_iso": "2012-08-28", "COV_DATE_UPDATE_iso": "2012-08-28", "INSTALLATION_DATE_iso": "2010-10-01"}, "geometry": {"type": "LineString", "coordinates": [[-123.1162291821823, 49.24151054051251], [-123.11587049472165, 49.24150339878528]]}}, {"type": "Feature", "properties": {"SHAPE_Length": 1.2766268058332395, "OBJECTID": 21309378, "COV_SOURCE_KEY": "4182270", "UPDATED_DATE": 1346198288000, "COV_DATE_UPDATE": 1346198288000, "TBFID": 4182269, "ORACLE_ID": "__FPIOWK", "UNIT_ID_1": "4182262", "UNIT_ID_2": "4182273", "MAIN_COMP1": 46, "MAIN_KEY_1": 802579, "MAIN_COMP2": 43, "MAIN_KEY_2": 802615, "ADDRESS_KEY": 153179, "INSTALLATION_DATE": 1285916400000, "DEPTH_OF_COVER_M": null, "RESTRAINED_JOINT": 1, "CATHODICALLY_PROTECTED": null, "REMARKS": null, "ASSET_DESCRIPTION": null, "SPLIT_ON_CITYSIDE": null, "COMPKEY": 802653, "COMPTYPE": 41, "COATING_DATE": null, "LINING_DATE": null, "UPDATED_BY": "ENJCR", "WATERMAIN_KEY": 75706, "BUN": null, "PIPE_LENGTH_M": 1.2766268, "PARALLEL_LINE_NUMBER": null, "PRESSURE_ZONE": 173, "PIPE_USE": "Water Main", "SERVICE_STATUS": "In Service (Active)", "SUBSYSTEM": "Transmission", "OWNER": "GVWD", "OPERATOR": "GVWD", "DIAMETER": "600 mm", "PIPE_CLASS": null, "MATERIAL": "Ductile Iron Concrete Lined", "LINING_MATERIAL": null, "COATING_MATERIAL": null, "FACET": null, "CONNECTION_TYPE": null, "DOMESTIC_DIAMETER": null, "DOMESTIC_MATERIAL": null, "FIRE_LIN_DIAMETER": null, "INSTALLED_BY": "Contr", "FIRE_LIN_MATERIAL": null, "MAP_TOOLTIP": "600 DICL  2010 GVWD RJ", "UPDATED_DATE_iso": "2012-08-28", "COV_DATE_UPDATE_iso": "2012-08-28", "INSTALLATION_DATE_iso": "2010-10-01"}, "geometry": {"type": "LineString", "coordinates": [[-123.11589256026889, 49.24102849085317], [-123.11589308294384, 49.241017012399844]]}}, {"type": "Feature", "properties": {"SHAPE_Length": 139.1470023837888, "OBJECTID": 21329907, "COV_SOURCE_KEY": "393287", "UPDATED_DATE": 1752267921000, "COV_DATE_UPDATE": 1752267921000, "TBFID": 4755856, "ORACLE_ID": "__FJA596", "UNIT_ID_1": "4755854", "UNIT_ID_2": "209222", "MAIN_COMP1": 43, "MAIN_KEY_1": 1605424, "MAIN_COMP2": 43, "MAIN_KEY_2": 151263, "ADDRESS_KEY": 156147, "INSTALLATION_DATE": 854438400000, "DEPTH_OF_COVER_M": 1.5, "RESTRAINED_JOINT": 0, "CATHODICALLY_PROTECTED": 0, "REMARKS": null, "ASSET_DESCRIPTION": "700 W 33RD AV", "SPLIT_ON_CITYSIDE": null, "COMPKEY": 265922, "COMPTYPE": 41, "COATING_DATE": null, "LINING_DATE": null, "UPDATED_BY": "enyamw", "WATERMAIN_KEY": 45376, "BUN": null, "PIPE_LENGTH_M": 139.147, "PARALLEL_LINE_NUMBER": null, "PRESSURE_ZONE": 173, "PIPE_USE": "Water Main", "SERVICE_STATUS": "In Service (Active)", "SUBSYSTEM": "Transmission", "OWNER": "COVAV", "OPERATOR": "COVAV", "DIAMETER": "600 mm", "PIPE_CLASS": "Class 52 - (Material is Ductile Iron)", "MATERIAL": "Ductile Iron Concrete Lined", "LINING_MATERIAL": "blank", "COATING_MATERIAL": "blank", "FACET": "O17", "CONNECTION_TYPE": null, "DOMESTIC_DIAMETER": null, "DOMESTIC_MATERIAL": null, "FIRE_LIN_DIAMETER": null, "INSTALLED_BY": "City of Vancouver", "FIRE_LIN_MATERIAL": null, "MAP_TOOLTIP": "600 DICL n/a 1997", "UPDATED_DATE_iso": "2025-07-11", "COV_DATE_UPDATE_iso": "2025-07-11", "INSTALLATION_DATE_iso": "1997-01-28"}, "geometry": {"type": "LineString", "coordinates": [[-123.12063529239902, 49.24117689677483], [-123.1195895128964, 49.24113750545562], [-123.11872677478149, 49.24110523883387]]}}, {"type": "Feature", "properties": {"SHAPE_Length": 2.023561217805595, "OBJECTID": 21329975, "COV_SOURCE_KEY": "4755870", "UPDATED_DATE": 1752267160000, "COV_DATE_UPDATE": 1752267160000, "TBFID": 4755871, "ORACLE_ID": "__HIE17Q", "UNIT_ID_1": "4748352", "UNIT_ID_2": "4755854", "MAIN_COMP1": 43, "MAIN_KEY_1": 1605397, "MAIN_COMP2": 43, "MAIN_KEY_2": 1605424, "ADDRESS_KEY": 150485, "INSTALLATION_DATE": 1674460800000, "DEPTH_OF_COVER_M": 1.7999999523162842, "RESTRAINED_JOINT": 1, "CATHODICALLY_PROTECTED": 0, "REMARKS": "TR-Flex", "ASSET_DESCRIPTION": "700 W 33RD AV", "SPLIT_ON_CITYSIDE": null, "COMPKEY": 1605511, "COMPTYPE": 41, "COATING_DATE": 1671091200000, "LINING_DATE": null, "UPDATED_BY": "enyamw", "WATERMAIN_KEY": 105360, "BUN": null, "PIPE_LENGTH_M": 2.024, "PARALLEL_LINE_NUMBER": null, "PRESSURE_ZONE": 173, "PIPE_USE": "Water Main", "SERVICE_STATUS": "In Service (Active)", "SUBSYSTEM": "Transmission", "OWNER": "COVAV", "OPERATOR": "COVAV", "DIAMETER": "600 mm", "PIPE_CLASS": "Class 52 - (Material is Ductile Iron)", "MATERIAL": "Ductile Iron Concrete Lined", "LINING_MATERIAL": "blank", "COATING_MATERIAL": "Poly Bagged", "FACET": "O17", "CONNECTION_TYPE": null, "DOMESTIC_DIAMETER": null, "DOMESTIC_MATERIAL": null, "FIRE_LIN_DIAMETER": null, "INSTALLED_BY": "City of Vancouver", "FIRE_LIN_MATERIAL": null, "MAP_TOOLTIP": "600 DICL n/a 2023 RJ", "UPDATED_DATE_iso": "2025-07-11", "COV_DATE_UPDATE_iso": "2025-07-11", "INSTALLATION_DATE_iso": "2023-01-23", "COATING_DATE_iso": "2022-12-15"}, "geometry": {"type": "LineString", "coordinates": [[-123.12066304652126, 49.2411779472197], [-123.12063529239902, 49.24117689677483]]}}, {"type": "Feature", "properties": {"SHAPE_Length": 2.01034947234484, "OBJECTID": 21335053, "COV_SOURCE_KEY": "4770284", "UPDATED_DATE": 1752267045000, "COV_DATE_UPDATE": 1752267045000, "TBFID": 4770285, "ORACLE_ID": "__HLHKO9", "UNIT_ID_1": "4756177", "UNIT_ID_2": "4748352", "MAIN_COMP1": 43, "MAIN_KEY_1": 1605339, "MAIN_COMP2": 43, "MAIN_KEY_2": 1605397, "ADDRESS_KEY": 156147, "INSTALLATION_DATE": 854438400000, "DEPTH_OF_COVER_M": 1.5, "RESTRAINED_JOINT": 0, "CATHODICALLY_PROTECTED": 0, "REMARKS": null, "ASSET_DESCRIPTION": "700 W 33RD AV", "SPLIT_ON_CITYSIDE": null, "COMPKEY": 1605473, "COMPTYPE": 41, "COATING_DATE": null, "LINING_DATE": null, "UPDATED_BY": "enyamw", "WATERMAIN_KEY": 105322, "BUN": null, "PIPE_LENGTH_M": 2.01, "PARALLEL_LINE_NUMBER": null, "PRESSURE_ZONE": 173, "PIPE_USE": "Water Main", "SERVICE_STATUS": "In Service (Active)", "SUBSYSTEM": "Transmission", "OWNER": "COVAV", "OPERATOR": "COVAV", "DIAMETER": "600 mm", "PIPE_CLASS": "Class 52 - (Material is Ductile Iron)", "MATERIAL": "Ductile Iron Concrete Lined", "LINING_MATERIAL": "blank", "COATING_MATERIAL": "blank", "FACET": "O17", "CONNECTION_TYPE": null, "DOMESTIC_DIAMETER": null, "DOMESTIC_MATERIAL": null, "FIRE_LIN_DIAMETER": null, "INSTALLED_BY": "City of Vancouver", "FIRE_LIN_MATERIAL": null, "MAP_TOOLTIP": "600 DICL n/a 1997", "UPDATED_DATE_iso": "2025-07-11", "COV_DATE_UPDATE_iso": "2025-07-11", "INSTALLATION_DATE_iso": "1997-01-28"}, "geometry": {"type": "LineString", "coordinates": [[-123.12069062195826, 49.241178961863575], [-123.12066304652126, 49.2411779472197]]}}, {"type": "Feature", "properties": {"SHAPE_Length": 2.401676496457208, "OBJECTID": 21339302, "COV_SOURCE_KEY": "4756940", "UPDATED_DATE": 1752267222000, "COV_DATE_UPDATE": 1752267222000, "TBFID": 4756941, "ORACLE_ID": "__HIKWSX", "UNIT_ID_1": "4756931", "UNIT_ID_2": "4755854", "MAIN_COMP1": 43, "MAIN_KEY_1": 1605405, "MAIN_COMP2": 43, "MAIN_KEY_2": 1605424, "ADDRESS_KEY": 156683, "INSTALLATION_DATE": 1674460800000, "DEPTH_OF_COVER_M": 1.7999999523162842, "RESTRAINED_JOINT": 1, "CATHODICALLY_PROTECTED": 0, "REMARKS": "TR-Flex", "ASSET_DESCRIPTION": "4900 5000 HEATHER ST", "SPLIT_ON_CITYSIDE": null, "COMPKEY": 1605527, "COMPTYPE": 41, "COATING_DATE": 1671091200000, "LINING_DATE": null, "UPDATED_BY": "enyamw", "WATERMAIN_KEY": 105376, "BUN": null, "PIPE_LENGTH_M": 2.402, "PARALLEL_LINE_NUMBER": null, "PRESSURE_ZONE": 173, "PIPE_USE": "Water Main", "SERVICE_STATUS": "In Service (Active)", "SUBSYSTEM": "Transmission", "OWNER": "COVAV", "OPERATOR": "COVAV", "DIAMETER": "600 mm", "PIPE_CLASS": "Class 52 - (Material is Ductile Iron)", "MATERIAL": "Ductile Iron Concrete Lined", "LINING_MATERIAL": null, "COATING_MATERIAL": "Poly Bagged", "FACET": "O17", "CONNECTION_TYPE": null, "DOMESTIC_DIAMETER": null, "DOMESTIC_MATERIAL": null, "FIRE_LIN_DIAMETER": null, "INSTALLED_BY": "City of Vancouver", "FIRE_LIN_MATERIAL": null, "MAP_TOOLTIP": "600 DICL  2023 RJ", "UPDATED_DATE_iso": "2025-07-11", "COV_DATE_UPDATE_iso": "2025-07-11", "INSTALLATION_DATE_iso": "2023-01-23", "COATING_DATE_iso": "2022-12-15"}, "geometry": {"type": "LineString", "coordinates": [[-123.12063602287951, 49.241155298435636], [-123.12063529239902, 49.24117689677483]]}}, {"type": "Feature", "properties": {"SHAPE_Length": 1.9995524497668193, "OBJECTID": 21339359, "COV_SOURCE_KEY": "4756472", "UPDATED_DATE": 1752267193000, "COV_DATE_UPDATE": 1752267193000, "TBFID": 4756473, "ORACLE_ID": "__HIIBS4", "UNIT_ID_1": "4756447", "UNIT_ID_2": "4756444", "MAIN_COMP1": 43, "MAIN_KEY_1": 1605344, "MAIN_COMP2": 43, "MAIN_KEY_2": 1605375, "ADDRESS_KEY": 156683, "INSTALLATION_DATE": 1674460800000, "DEPTH_OF_COVER_M": 1.7999999523162842, "RESTRAINED_JOINT": 1, "CATHODICALLY_PROTECTED": 0, "REMARKS": "TR-Flex", "ASSET_DESCRIPTION": "4900 5000 HEATHER ST", "SPLIT_ON_CITYSIDE": null, "COMPKEY": 1605519, "COMPTYPE": 41, "COATING_DATE": 1671091200000, "LINING_DATE": null, "UPDATED_BY": "enyamw", "WATERMAIN_KEY": 105368, "BUN": null, "PIPE_LENGTH_M": 2, "PARALLEL_LINE_NUMBER": null, "PRESSURE_ZONE": 173, "PIPE_USE": "Water Main", "SERVICE_STATUS": "In Service (Active)", "SUBSYSTEM": "Transmission", "OWNER": "COVAV", "OPERATOR": "COVAV", "DIAMETER": "600 mm", "PIPE_CLASS": "Class 52 - (Material is Ductile Iron)", "MATERIAL": "Ductile Iron Concrete Lined", "LINING_MATERIAL": null, "COATING_MATERIAL": "Poly Bagged", "FACET": "O17", "CONNECTION_TYPE": null, "DOMESTIC_DIAMETER": null, "DOMESTIC_MATERIAL": null, "FIRE_LIN_DIAMETER": null, "INSTALLED_BY": "City of Vancouver", "FIRE_LIN_MATERIAL": null, "MAP_TOOLTIP": "600 DICL  2023 RJ", "UPDATED_DATE_iso": "2025-07-11", "COV_DATE_UPDATE_iso": "2025-07-11", "INSTALLATION_DATE_iso": "2023-01-23", "COATING_DATE_iso": "2022-12-15"}, "geometry": {"type": "LineString", "coordinates": [[-123.12063957161048, 49.24104987049069], [-123.12063896970832, 49.24106785260863]]}}, {"type": "Feature", "properties": {"SHAPE_Length": 2.0995718624577617, "OBJECTID": 21339361, "COV_SOURCE_KEY": "4756435", "UPDATED_DATE": 1752267200000, "COV_DATE_UPDATE": 1752267200000, "TBFID": 4756436, "ORACLE_ID": "__HIIBRW", "UNIT_ID_1": "4748449", "UNIT_ID_2": "4748441", "MAIN_COMP1": 43, "MAIN_KEY_1": 1605444, "MAIN_COMP2": 43, "MAIN_KEY_2": 1605462, "ADDRESS_KEY": 156683, "INSTALLATION_DATE": 1671091200000, "DEPTH_OF_COVER_M": 1.7999999523162842, "RESTRAINED_JOINT": 1, "CATHODICALLY_PROTECTED": 0, "REMARKS": "TR-Flex", "ASSET_DESCRIPTION": "4900 5000 HEATHER ST", "SPLIT_ON_CITYSIDE": null, "COMPKEY": 1605521, "COMPTYPE": 41, "COATING_DATE": 1671091200000, "LINING_DATE": null, "UPDATED_BY": "enyamw", "WATERMAIN_KEY": 105370, "BUN": null, "PIPE_LENGTH_M": 2.1, "PARALLEL_LINE_NUMBER": null, "PRESSURE_ZONE": 173, "PIPE_USE": "Water Main", "SERVICE_STATUS": "In Service (Active)", "SUBSYSTEM": "Transmission", "OWNER": "COVAV", "OPERATOR": "COVAV", "DIAMETER": "600 mm", "PIPE_CLASS": "Class 52 - (Material is Ductile Iron)", "MATERIAL": "Ductile Iron Concrete Lined", "LINING_MATERIAL": null, "COATING_MATERIAL": "Poly Bagged", "FACET": "O17", "CONNECTION_TYPE": null, "DOMESTIC_DIAMETER": null, "DOMESTIC_MATERIAL": null, "FIRE_LIN_DIAMETER": null, "INSTALLED_BY": "City of Vancouver", "FIRE_LIN_MATERIAL": null, "MAP_TOOLTIP": "600 DICL  2022 RJ", "UPDATED_DATE_iso": "2025-07-11", "COV_DATE_UPDATE_iso": "2025-07-11", "INSTALLATION_DATE_iso": "2022-12-15", "COATING_DATE_iso": "2022-12-15"}, "geometry": {"type": "LineString", "coordinates": [[-123.12063817489883, 49.24109124106857], [-123.12063754771003, 49.241110122736984]]}}, {"type": "Feature", "properties": {"SHAPE_Length": 3.0998833843676183, "OBJECTID": 21339363, "COV_SOURCE_KEY": "4756477", "UPDATED_DATE": 1752267195000, "COV_DATE_UPDATE": 1752267195000, "TBFID": 4756478, "ORACLE_ID": "__HIIBS5", "UNIT_ID_1": "4748099", "UNIT_ID_2": "4756447", "MAIN_COMP1": 46, "MAIN_KEY_1": 1605325, "MAIN_COMP2": 43, "MAIN_KEY_2": 1605344, "ADDRESS_KEY": 156683, "INSTALLATION_DATE": 1674460800000, "DEPTH_OF_COVER_M": 1.7999999523162842, "RESTRAINED_JOINT": 1, "CATHODICALLY_PROTECTED": 0, "REMARKS": "TR-Flex", "ASSET_DESCRIPTION": "4900 5000 HEATHER ST", "SPLIT_ON_CITYSIDE": null, "COMPKEY": 1605520, "COMPTYPE": 41, "COATING_DATE": 1671091200000, "LINING_DATE": null, "UPDATED_BY": "enyamw", "WATERMAIN_KEY": 105369, "BUN": null, "PIPE_LENGTH_M": 3.1, "PARALLEL_LINE_NUMBER": null, "PRESSURE_ZONE": 173, "PIPE_USE": "Water Main", "SERVICE_STATUS": "In Service (Active)", "SUBSYSTEM": "Transmission", "OWNER": "COVAV", "OPERATOR": "COVAV", "DIAMETER": "600 mm", "PIPE_CLASS": "Class 52 - (Material is Ductile Iron)", "MATERIAL": "Ductile Iron Concrete Lined", "LINING_MATERIAL": null, "COATING_MATERIAL": "Poly Bagged", "FACET": "O17", "CONNECTION_TYPE": null, "DOMESTIC_DIAMETER": null, "DOMESTIC_MATERIAL": null, "FIRE_LIN_DIAMETER": null, "INSTALLED_BY": "City of Vancouver", "FIRE_LIN_MATERIAL": null, "MAP_TOOLTIP": "600 DICL  2023 RJ", "UPDATED_DATE_iso": "2025-07-11", "COV_DATE_UPDATE_iso": "2025-07-11", "INSTALLATION_DATE_iso": "2023-01-23", "COATING_DATE_iso": "2022-12-15"}, "geometry": {"type": "LineString", "coordinates": [[-123.12064052034503, 49.2410219932439], [-123.12063957161048, 49.24104987049069]]}}, {"type": "Feature", "properties": {"SHAPE_Length": 2.600739125335851, "OBJECTID": 21339364, "COV_SOURCE_KEY": "4756467", "UPDATED_DATE": 1752267189000, "COV_DATE_UPDATE": 1752267189000, "TBFID": 4756468, "ORACLE_ID": "__HIIBS3", "UNIT_ID_1": "4756444", "UNIT_ID_2": "4748449", "MAIN_COMP1": 43, "MAIN_KEY_1": 1605375, "MAIN_COMP2": 43, "MAIN_KEY_2": 1605444, "ADDRESS_KEY": 156683, "INSTALLATION_DATE": 1671091200000, "DEPTH_OF_COVER_M": 1.7999999523162842, "RESTRAINED_JOINT": 1, "CATHODICALLY_PROTECTED": 0, "REMARKS": "TR-Flex", "ASSET_DESCRIPTION": "4900 5000 HEATHER ST", "SPLIT_ON_CITYSIDE": null, "COMPKEY": 1605518, "COMPTYPE": 41, "COATING_DATE": 1671091200000, "LINING_DATE": null, "UPDATED_BY": "enyamw", "WATERMAIN_KEY": 105367, "BUN": null, "PIPE_LENGTH_M": 2.601, "PARALLEL_LINE_NUMBER": null, "PRESSURE_ZONE": 173, "PIPE_USE": "Water Main", "SERVICE_STATUS": "In Service (Active)", "SUBSYSTEM": "Transmission", "OWNER": "COVAV", "OPERATOR": "COVAV", "DIAMETER": "600 mm", "PIPE_CLASS": "Class 52 - (Material is Ductile Iron)", "MATERIAL": "Ductile Iron Concrete Lined", "LINING_MATERIAL": null, "COATING_MATERIAL": "Poly Bagged", "FACET": "O17", "CONNECTION_TYPE": null, "DOMESTIC_DIAMETER": null, "DOMESTIC_MATERIAL": null, "FIRE_LIN_DIAMETER": null, "INSTALLED_BY": "City of Vancouver", "FIRE_LIN_MATERIAL": null, "MAP_TOOLTIP": "600 DICL  2022 RJ", "UPDATED_DATE_iso": "2025-07-11", "COV_DATE_UPDATE_iso": "2025-07-11", "INSTALLATION_DATE_iso": "2022-12-15", "COATING_DATE_iso": "2022-12-15"}, "geometry": {"type": "LineString", "coordinates": [[-123.12063896970832, 49.24106785260863], [-123.12063817489883, 49.24109124106857]]}}, {"type": "Feature", "properties": {"SHAPE_Length": 5.023409698480729, "OBJECTID": 21339381, "COV_SOURCE_KEY": "4756191", "UPDATED_DATE": 1752267132000, "COV_DATE_UPDATE": 1752267132000, "TBFID": 4756934, "ORACLE_ID": "__HIHGTN", "UNIT_ID_1": "4748441", "UNIT_ID_2": "4756931", "MAIN_COMP1": 43, "MAIN_KEY_1": 1605462, "MAIN_COMP2": 43, "MAIN_KEY_2": 1605405, "ADDRESS_KEY": 156683, "INSTALLATION_DATE": 1674460800000, "DEPTH_OF_COVER_M": 1.7999999523162842, "RESTRAINED_JOINT": 1, "CATHODICALLY_PROTECTED": 0, "REMARKS": "TR-Flex", "ASSET_DESCRIPTION": "4900 5000 HEATHER ST", "SPLIT_ON_CITYSIDE": null, "COMPKEY": 1605503, "COMPTYPE": 41, "COATING_DATE": 1671091200000, "LINING_DATE": null, "UPDATED_BY": "enyamw", "WATERMAIN_KEY": 105352, "BUN": null, "PIPE_LENGTH_M": 5.024, "PARALLEL_LINE_NUMBER": null, "PRESSURE_ZONE": 173, "PIPE_USE": "Water Main", "SERVICE_STATUS": "In Service (Active)", "SUBSYSTEM": "Transmission", "OWNER": "COVAV", "OPERATOR": "COVAV", "DIAMETER": "600 mm", "PIPE_CLASS": "Class 52 - (Material is Ductile Iron)", "MATERIAL": "Ductile Iron Concrete Lined", "LINING_MATERIAL": null, "COATING_MATERIAL": "Poly Bagged", "FACET": "O17", "CONNECTION_TYPE": null, "DOMESTIC_DIAMETER": null, "DOMESTIC_MATERIAL": null, "FIRE_LIN_DIAMETER": null, "INSTALLED_BY": "City of Vancouver", "FIRE_LIN_MATERIAL": null, "MAP_TOOLTIP": "600 DICL  2023 RJ", "UPDATED_DATE_iso": "2025-07-11", "COV_DATE_UPDATE_iso": "2025-07-11", "INSTALLATION_DATE_iso": "2023-01-23", "COATING_DATE_iso": "2022-12-15"}, "geometry": {"type": "LineString", "coordinates": [[-123.12063754771003, 49.241110122736984], [-123.12063602287951, 49.241155298435636]]}}, {"type": "Feature", "properties": {"SHAPE_Length": 145.8541251982183, "OBJECTID": 21339436, "COV_SOURCE_KEY": "4757049", "UPDATED_DATE": 1752267248000, "COV_DATE_UPDATE": 1752267248000, "TBFID": 4757050, "ORACLE_ID": "__HIKWTV", "UNIT_ID_1": "4748283", "UNIT_ID_2": "4748099", "MAIN_COMP1": 43, "MAIN_KEY_1": 1605438, "MAIN_COMP2": 46, "MAIN_KEY_2": 1605325, "ADDRESS_KEY": 156683, "INSTALLATION_DATE": 1671091200000, "DEPTH_OF_COVER_M": 1.7999999523162842, "RESTRAINED_JOINT": 1, "CATHODICALLY_PROTECTED": 0, "REMARKS": "TR-Flex", "ASSET_DESCRIPTION": "4900 5000 HEATHER ST", "SPLIT_ON_CITYSIDE": null, "COMPKEY": 1605534, "COMPTYPE": 41, "COATING_DATE": 1671091200000, "LINING_DATE": null, "UPDATED_BY": "enyamw", "WATERMAIN_KEY": 105383, "BUN": null, "PIPE_LENGTH_M": 145.854, "PARALLEL_LINE_NUMBER": null, "PRESSURE_ZONE": 173, "PIPE_USE": "Water Main", "SERVICE_STATUS": "In Service (Active)", "SUBSYSTEM": "Transmission", "OWNER": "COVAV", "OPERATOR": "COVAV", "DIAMETER": "600 mm", "PIPE_CLASS": "Class 52 - (Material is Ductile Iron)", "MATERIAL": "Ductile Iron Concrete Lined", "LINING_MATERIAL": null, "COATING_MATERIAL": "Poly Bagged", "FACET": "O18", "CONNECTION_TYPE": null, "DOMESTIC_DIAMETER": null, "DOMESTIC_MATERIAL": null, "FIRE_LIN_DIAMETER": null, "INSTALLED_BY": "City of Vancouver", "FIRE_LIN_MATERIAL": null, "MAP_TOOLTIP": "600 DICL  2022 RJ", "UPDATED_DATE_iso": "2025-07-11", "COV_DATE_UPDATE_iso": "2025-07-11", "INSTALLATION_DATE_iso": "2022-12-15", "COATING_DATE_iso": "2022-12-15"}, "geometry": {"type": "LineString", "coordinates": [[-123.12068432310363, 49.23971031507146], [-123.12064052034503, 49.2410219932439]]}}, {"type": "Feature", "properties": {"SHAPE_Length": 23.4806373214429, "OBJECTID": 21339631, "COV_SOURCE_KEY": "394164", "UPDATED_DATE": 1676320261000, "COV_DATE_UPDATE": 1676320261000, "TBFID": 4682160, "ORACLE_ID": "__FJA5RT", "UNIT_ID_1": "141240", "UNIT_ID_2": "4682159", "MAIN_COMP1": 43, "MAIN_KEY_1": 48994, "MAIN_COMP2": 43, "MAIN_KEY_2": 985395, "ADDRESS_KEY": 147819, "INSTALLATION_DATE": 852105600000, "DEPTH_OF_COVER_M": 1.2200000286102295, "RESTRAINED_JOINT": 0, "CATHODICALLY_PROTECTED": 0, "REMARKS": null, "ASSET_DESCRIPTION": "1000 W 33RD AV", "SPLIT_ON_CITYSIDE": null, "COMPKEY": 266654, "COMPTYPE": 41, "COATING_DATE": null, "LINING_DATE": null, "UPDATED_BY": "enyamw", "WATERMAIN_KEY": 45942, "BUN": null, "PIPE_LENGTH_M": 23.481, "PARALLEL_LINE_NUMBER": null, "PRESSURE_ZONE": 173, "PIPE_USE": "Water Main", "SERVICE_STATUS": "In Service (Active)", "SUBSYSTEM": "Transmission", "OWNER": "COVAV", "OPERATOR": "COVAV", "DIAMETER": "600 mm", "PIPE_CLASS": null, "MATERIAL": "Ductile Iron", "LINING_MATERIAL": "Cement Lined", "COATING_MATERIAL": "blank", "FACET": "N17", "CONNECTION_TYPE": null, "DOMESTIC_DIAMETER": null, "DOMESTIC_MATERIAL": null, "FIRE_LIN_DIAMETER": null, "INSTALLED_BY": "City of Vancouver", "FIRE_LIN_MATERIAL": null, "MAP_TOOLTIP": "600 DI CL 1997", "UPDATED_DATE_iso": "2023-02-13", "COV_DATE_UPDATE_iso": "2023-02-13", "INSTALLATION_DATE_iso": "1997-01-01"}, "geometry": {"type": "LineString", "coordinates": [[-123.1280013387097, 49.24146326765398], [-123.12767875616576, 49.2414620684352]]}}, {"type": "Feature", "properties": {"SHAPE_Length": 1.4010356879426995, "OBJECTID": 21339639, "COV_SOURCE_KEY": "4682194", "UPDATED_DATE": 1676320257000, "COV_DATE_UPDATE": 1676320257000, "TBFID": 4682195, "ORACLE_ID": "__H62V1C", "UNIT_ID_1": "4682159", "UNIT_ID_2": "149190", "MAIN_COMP1": 43, "MAIN_KEY_1": 985395, "MAIN_COMP2": 43, "MAIN_KEY_2": 49547, "ADDRESS_KEY": 147819, "INSTALLATION_DATE": 852105600000, "DEPTH_OF_COVER_M": 1.2200000286102295, "RESTRAINED_JOINT": 0, "CATHODICALLY_PROTECTED": 0, "REMARKS": null, "ASSET_DESCRIPTION": "1000 W 33RD AV", "SPLIT_ON_CITYSIDE": null, "COMPKEY": 985400, "COMPTYPE": 41, "COATING_DATE": null, "LINING_DATE": null, "UPDATED_BY": "enyamw", "WATERMAIN_KEY": 100365, "BUN": null, "PIPE_LENGTH_M": 1.401, "PARALLEL_LINE_NUMBER": null, "PRESSURE_ZONE": 173, "PIPE_USE": "Water Main", "SERVICE_STATUS": "In Service (Active)", "SUBSYSTEM": "Transmission", "OWNER": "COVAV", "OPERATOR": "COVAV", "DIAMETER": "600 mm", "PIPE_CLASS": null, "MATERIAL": "Ductile Iron", "LINING_MATERIAL": "Cement Lined", "COATING_MATERIAL": "blank", "FACET": "N17", "CONNECTION_TYPE": null, "DOMESTIC_DIAMETER": null, "DOMESTIC_MATERIAL": null, "FIRE_LIN_DIAMETER": null, "INSTALLED_BY": "City of Vancouver", "FIRE_LIN_MATERIAL": null, "MAP_TOOLTIP": "600 DI CL 1997", "UPDATED_DATE_iso": "2023-02-13", "COV_DATE_UPDATE_iso": "2023-02-13", "INSTALLATION_DATE_iso": "1997-01-01"}, "geometry": {"type": "LineString", "coordinates": [[-123.12767875616576, 49.2414620684352], [-123.12765950838222, 49.24146199975323]]}}]}