{"type": "FeatureCollection", "features": [{"type": "Feature", "geometry": {"coordinates": [[-123.11836637103639, 49.24888342697328], [-123.1183659570801, 49.248888446735485]], "type": "LineString"}, "properties": {"diameter_mm": 150, "installation_date": "1930-01-01", "material": "Cast Iron", "geo_point_2d": {"lon": -123.11836616405824, "lat": 49.24888593685438}}}, {"type": "Feature", "geometry": {"coordinates": [[-123.12058159546447, 49.2422717254404], [-123.12076841547774, 49.24227783595966]], "type": "LineString"}, "properties": {"diameter_mm": 150, "installation_date": "1954-01-01", "material": "Cast Iron", "geo_point_2d": {"lon": -123.1206750054711, "lat": 49.24227478070003}}}, {"type": "Feature", "geometry": {"coordinates": [[-123.11253013401155, 49.2548141436194], [-123.11253375906435, 49.25472824473203]], "type": "LineString"}, "properties": {"diameter_mm": 150, "installation_date": "1931-01-01", "material": "Cast Iron", "geo_point_2d": {"lon": -123.11253194653796, "lat": 49.25477119417572}}}, {"type": "Feature", "geometry": {"coordinates": [[-123.1151881531618, 49.248361659855625], [-123.11551750994613, 49.24836739379277]], "type": "LineString"}, "properties": {"diameter_mm": null, "installation_date": "2008-01-01", "material": "Ductile Iron Concrete Lined", "geo_point_2d": {"lon": -123.11535283155396, "lat": 49.248364526824204}}}, {"type": "Feature", "geometry": {"coordinates": [[-123.11824635639115, 49.25263835535716], [-123.11824619706651, 49.252577403884224]], "type": "LineString"}, "properties": {"diameter_mm": 150, "installation_date": "1966-01-01", "material": "Cast Iron", "geo_point_2d": {"lon": -123.11824627672883, "lat": 49.2526078796207}}}, {"type": "Feature", "geometry": {"coordinates": [[-123.11824619706651, 49.252577403884224], [-123.11824619489651, 49.252576495368835]], "type": "LineString"}, "properties": {"diameter_mm": 150, "installation_date": "1966-01-01", "material": "Cast Iron", "geo_point_2d": {"lon": -123.11824619598151, "lat": 49.25257694962653}}}, {"type": "Feature", "geometry": {"coordinates": [[-123.12761840856906, 49.24635085564485], [-123.12775874554517, 49.24635553097926]], "type": "LineString"}, "properties": {"diameter_mm": 150, "installation_date": "1930-01-01", "material": "Cast Iron", "geo_point_2d": {"lon": -123.12768857705711, "lat": 49.24635319331205}}}, {"type": "Feature", "geometry": {"coordinates": [[-123.1182202733699, 49.25321316781899], [-123.11821952143914, 49.253232049560985]], "type": "LineString"}, "properties": {"diameter_mm": 150, "installation_date": "2006-08-16", "material": "Ductile Iron Concrete Lined", "geo_point_2d": {"lon": -123.11821989740451, "lat": 49.25322260868999}}}, {"type": "Feature", "geometry": {"coordinates": [[-123.11835109838829, 49.24960483299974], [-123.11836856647301, 49.24921551059943]], "type": "LineString"}, "properties": {"diameter_mm": 150, "installation_date": "1963-01-01", "material": "Cast Iron", "geo_point_2d": {"lon": -123.11835983243064, "lat": 49.24941017179958}}}, {"type": "Feature", "geometry": {"coordinates": [[-123.11828703407849, 49.249021836868195], [-123.11834610784092, 49.2490231076644]], "type": "LineString"}, "properties": {"diameter_mm": 450, "installation_date": "1928-01-01", "material": "Steel", "geo_point_2d": {"lon": -123.1183165709597, "lat": 49.2490224722663}}}, {"type": "Feature", "geometry": {"coordinates": [[-123.11251757696262, 49.25485187280656], [-123.11244136040543, 49.25485083159997]], "type": "LineString"}, "properties": {"diameter_mm": 150, "installation_date": "1954-01-01", "material": "Cast Iron", "geo_point_2d": {"lon": -123.11247946868404, "lat": 49.25485135220326}}}, {"type": "Feature", "geometry": {"coordinates": [[-123.11252854359539, 49.25485203303502], [-123.11252881680397, 49.25484526836351]], "type": "LineString"}, "properties": {"diameter_mm": 150, "installation_date": "1931-01-01", "material": "Cast Iron", "geo_point_2d": {"lon": -123.11252868019969, "lat": 49.254848650699266}}}, {"type": "Feature", "geometry": {"coordinates": [[-123.11791338453622, 49.2410062585465], [-123.1175620373129, 49.240993555526636]], "type": "LineString"}, "properties": {"diameter_mm": 150, "installation_date": "1951-01-01", "material": "Cast Iron", "geo_point_2d": {"lon": -123.11773771092457, "lat": 49.24099990703657}}}, {"type": "Feature", "geometry": {"coordinates": [[-123.11825820926371, 49.250006798929405], [-123.11781257782178, 49.250000165976296]], "type": "LineString"}, "properties": {"diameter_mm": 150, "installation_date": "1945-01-01", "material": "Cast Iron", "geo_point_2d": {"lon": -123.11803539354275, "lat": 49.250003482452854}}}, {"type": "Feature", "geometry": {"coordinates": [[-123.11738290017361, 49.24999376696245], [-123.11634639208252, 49.2499783181762]], "type": "LineString"}, "properties": {"diameter_mm": 150, "installation_date": "1945-01-01", "material": "Cast Iron", "geo_point_2d": {"lon": -123.11686464612805, "lat": 49.24998604256932}}}, {"type": "Feature", "geometry": {"coordinates": [[-123.11258265644898, 49.253974163720684], [-123.1125714699762, 49.253973931749805]], "type": "LineString"}, "properties": {"diameter_mm": 150, "installation_date": "1955-01-01", "material": "Cast Iron", "geo_point_2d": {"lon": -123.1125770632126, "lat": 49.25397404773525}}}, {"type": "Feature", "geometry": {"coordinates": [[-123.11273929154866, 49.25485102700492], [-123.11271265348734, 49.254854561131026]], "type": "LineString"}, "properties": {"diameter_mm": 150, "installation_date": "1966-01-01", "material": "Cast Iron", "geo_point_2d": {"lon": -123.112725972518, "lat": 49.25485279406797}}}, {"type": "Feature", "geometry": {"coordinates": [[-123.11256802992887, 49.2539960993269], [-123.11256895712812, 49.253974779748994]], "type": "LineString"}, "properties": {"diameter_mm": 150, "installation_date": "1929-01-01", "material": "Cast Iron", "geo_point_2d": {"lon": -123.1125684935285, "lat": 49.25398543953794}}}, {"type": "Feature", "geometry": {"coordinates": [[-123.11843695217128, 49.24721589969668], [-123.11842673795066, 49.24747218432642]], "type": "LineString"}, "properties": {"diameter_mm": 150, "installation_date": "1930-01-01", "material": "Cast Iron", "geo_point_2d": {"lon": -123.11843184506098, "lat": 49.24734404201155}}}, {"type": "Feature", "geometry": {"coordinates": [[-123.11844124666038, 49.247178861923075], [-123.11844087977666, 49.247186319346724]], "type": "LineString"}, "properties": {"diameter_mm": 150, "installation_date": "1930-01-01", "material": "Cast Iron", "geo_point_2d": {"lon": -123.11844106321851, "lat": 49.2471825906349}}}, {"type": "Feature", "geometry": {"coordinates": [[-123.11844293352134, 49.24713732920634], [-123.11844160756242, 49.247168903831]], "type": "LineString"}, "properties": {"diameter_mm": 150, "installation_date": "1930-01-01", "material": "Cast Iron", "geo_point_2d": {"lon": -123.11844227054188, "lat": 49.247153116518675}}}, {"type": "Feature", "geometry": {"coordinates": [[-123.11847862918357, 49.24625832341375], [-123.11847839540529, 49.24626398165546]], "type": "LineString"}, "properties": {"diameter_mm": 150, "installation_date": "1930-01-01", "material": "Cast Iron", "geo_point_2d": {"lon": -123.11847851229443, "lat": 49.2462611525346}}}, {"type": "Feature", "geometry": {"coordinates": [[-123.11852618082222, 49.246200156433574], [-123.11868689954134, 49.246201988376775]], "type": "LineString"}, "properties": {"diameter_mm": 150, "installation_date": "1944-01-01", "material": "Cast Iron", "geo_point_2d": {"lon": -123.11860654018177, "lat": 49.24620107240517}}}, {"type": "Feature", "geometry": {"coordinates": [[-123.11851397169154, 49.24538727862068], [-123.1185137248491, 49.24539321572903]], "type": "LineString"}, "properties": {"diameter_mm": 150, "installation_date": "1930-01-01", "material": "Cast Iron", "geo_point_2d": {"lon": -123.11851384827031, "lat": 49.245390247174846}}}, {"type": "Feature", "geometry": {"coordinates": [[-123.11851355643954, 49.245397479643195], [-123.11848110682277, 49.246197027350235]], "type": "LineString"}, "properties": {"diameter_mm": 150, "installation_date": "1930-01-01", "material": "Cast Iron", "geo_point_2d": {"lon": -123.11849733163115, "lat": 49.24579725349672}}}, {"type": "Feature", "geometry": {"coordinates": [[-123.11851682019069, 49.24532597317143], [-123.11851444041606, 49.245376456872094]], "type": "LineString"}, "properties": {"diameter_mm": 150, "installation_date": "1930-01-01", "material": "Cast Iron", "geo_point_2d": {"lon": -123.11851563030338, "lat": 49.24535121502176}}}, {"type": "Feature", "geometry": {"coordinates": [[-123.1184809257657, 49.24620175003365], [-123.11847900527503, 49.24624897698025]], "type": "LineString"}, "properties": {"diameter_mm": 150, "installation_date": "1930-01-01", "material": "Cast Iron", "geo_point_2d": {"lon": -123.11847996552036, "lat": 49.24622536350695}}}, {"type": "Feature", "geometry": {"coordinates": [[-123.11596635139028, 49.24528050889303], [-123.11593604072044, 49.245279972614554]], "type": "LineString"}, "properties": {"diameter_mm": 200, "installation_date": "1930-01-01", "material": "Cast Iron", "geo_point_2d": {"lon": -123.11595119605536, "lat": 49.24528024075379}}}, {"type": "Feature", "geometry": {"coordinates": [[-123.1225474277715, 49.246264747466775], [-123.12257012614289, 49.24626483133026]], "type": "LineString"}, "properties": {"diameter_mm": 150, "installation_date": "1958-01-01", "material": "Cast Iron", "geo_point_2d": {"lon": -123.12255877695719, "lat": 49.246264789398516}}}, {"type": "Feature", "geometry": {"coordinates": [[-123.1183718866788, 49.248897300961374], [-123.11838718111764, 49.24891505086824]], "type": "LineString"}, "properties": {"diameter_mm": 150, "installation_date": "2007-03-01", "material": "Ductile Iron Concrete Lined", "geo_point_2d": {"lon": -123.11837953389822, "lat": 49.248906175914804}}}, {"type": "Feature", "geometry": {"coordinates": [[-123.11836733566409, 49.248861603558], [-123.11836637103639, 49.24888342697328]], "type": "LineString"}, "properties": {"diameter_mm": 150, "installation_date": "1930-01-01", "material": "Cast Iron", "geo_point_2d": {"lon": -123.11836685335024, "lat": 49.24887251526564}}}, {"type": "Feature", "geometry": {"coordinates": [[-123.11840131490999, 49.2480969291967], [-123.11836753129892, 49.248857222680755]], "type": "LineString"}, "properties": {"diameter_mm": 150, "installation_date": "1930-01-01", "material": "Cast Iron", "geo_point_2d": {"lon": -123.11838442310446, "lat": 49.248477075938716}}}, {"type": "Feature", "geometry": {"coordinates": [[-123.11836625938967, 49.24713538386062], [-123.11842119330828, 49.24713588526968]], "type": "LineString"}, "properties": {"diameter_mm": 150, "installation_date": "1930-01-01", "material": "Cast Iron", "geo_point_2d": {"lon": -123.11839372634898, "lat": 49.247135634565154}}}, {"type": "Feature", "geometry": {"coordinates": [[-123.11847369565396, 49.24713656005559], [-123.11848055228809, 49.247136705943014]], "type": "LineString"}, "properties": {"diameter_mm": 150, "installation_date": "2020-03-11", "material": "Ductile Iron Concrete Lined", "geo_point_2d": {"lon": -123.11847712397102, "lat": 49.2471366329993}}}, {"type": "Feature", "geometry": {"coordinates": [[-123.11832746004774, 49.24803915653324], [-123.1183888674303, 49.24803998415106]], "type": "LineString"}, "properties": {"diameter_mm": 150, "installation_date": "1930-01-01", "material": "Cast Iron", "geo_point_2d": {"lon": -123.11835816373902, "lat": 49.24803957034215}}}, {"type": "Feature", "geometry": {"coordinates": [[-123.11840299712362, 49.24805342653639], [-123.11840165533658, 49.24808989457732]], "type": "LineString"}, "properties": {"diameter_mm": 150, "installation_date": "1930-01-01", "material": "Cast Iron", "geo_point_2d": {"lon": -123.11840232623008, "lat": 49.24807166055685}}}, {"type": "Feature", "geometry": {"coordinates": [[-123.12226075576105, 49.24718662182519], [-123.1222520719298, 49.247186577043195]], "type": "LineString"}, "properties": {"diameter_mm": 150, "installation_date": "1940-01-01", "material": "Cast Iron", "geo_point_2d": {"lon": -123.12225641384542, "lat": 49.247186599434194}}}, {"type": "Feature", "geometry": {"coordinates": [[-123.11585357644135, 49.2470889068782], [-123.11590870382423, 49.24708991302092]], "type": "LineString"}, "properties": {"diameter_mm": 150, "installation_date": "1930-01-01", "material": "Cast Iron", "geo_point_2d": {"lon": -123.11588114013279, "lat": 49.24708940994956}}}, {"type": "Feature", "geometry": {"coordinates": [[-123.1222962414128, 49.24626113669167], [-123.12246629230101, 49.24626397895482]], "type": "LineString"}, "properties": {"diameter_mm": 150, "installation_date": "1958-01-01", "material": "Cast Iron", "geo_point_2d": {"lon": -123.12238126685689, "lat": 49.24626255782324}}}, {"type": "Feature", "geometry": {"coordinates": [[-123.12257012614289, 49.24626483133026], [-123.12258580442585, 49.24626530043813]], "type": "LineString"}, "properties": {"diameter_mm": 150, "installation_date": "1951-01-01", "material": "Cast Iron", "geo_point_2d": {"lon": -123.12257796528436, "lat": 49.246265065884195}}}, {"type": "Feature", "geometry": {"coordinates": [[-123.12258580442585, 49.24626530043813], [-123.12263150660768, 49.246266745144545]], "type": "LineString"}, "properties": {"diameter_mm": 150, "installation_date": "1951-01-01", "material": "Cast Iron", "geo_point_2d": {"lon": -123.12260865551676, "lat": 49.24626602279134}}}, {"type": "Feature", "geometry": {"coordinates": [[-123.116152818737, 49.24998155333838], [-123.11615316255548, 49.24997582303263]], "type": "LineString"}, "properties": {"diameter_mm": 150, "installation_date": "1945-01-01", "material": "Cast Iron", "geo_point_2d": {"lon": -123.11615299064624, "lat": 49.24997868818551}}}, {"type": "Feature", "geometry": {"coordinates": [[-123.11854195524312, 49.25001149149637], [-123.11835269515849, 49.25000840227357]], "type": "LineString"}, "properties": {"diameter_mm": 150, "installation_date": "2006-12-18", "material": "Ductile Iron Concrete Lined", "geo_point_2d": {"lon": -123.1184473252008, "lat": 49.25000994688497}}}, {"type": "Feature", "geometry": {"coordinates": [[-123.1183422516887, 49.25000822407174], [-123.11825820926371, 49.250006798929405]], "type": "LineString"}, "properties": {"diameter_mm": 150, "installation_date": "2006-12-18", "material": "Ductile Iron Concrete Lined", "geo_point_2d": {"lon": -123.11830023047621, "lat": 49.25000751150057}}}, {"type": "Feature", "geometry": {"coordinates": [[-123.11847900527503, 49.24624897698025], [-123.11847862918357, 49.24625832341375]], "type": "LineString"}, "properties": {"diameter_mm": 150, "installation_date": "1930-01-01", "material": "Cast Iron", "geo_point_2d": {"lon": -123.1184788172293, "lat": 49.246253650197}}}, {"type": "Feature", "geometry": {"coordinates": [[-123.11851444041606, 49.245376456872094], [-123.11851397169154, 49.24538727862068]], "type": "LineString"}, "properties": {"diameter_mm": 150, "installation_date": "1930-01-01", "material": "Cast Iron", "geo_point_2d": {"lon": -123.1185142060538, "lat": 49.24538186774639}}}, {"type": "Feature", "geometry": {"coordinates": [[-123.12758010937955, 49.252598165508594], [-123.12734302245049, 49.252591392807005]], "type": "LineString"}, "properties": {"diameter_mm": 150, "installation_date": "1952-01-01", "material": "Cast Iron", "geo_point_2d": {"lon": -123.12746156591501, "lat": 49.2525947791578}}}, {"type": "Feature", "geometry": {"coordinates": [[-123.12479601732925, 49.251651346582825], [-123.12721082444848, 49.25168599814556]], "type": "LineString"}, "properties": {"diameter_mm": 100, "installation_date": null, "material": "Cast Iron", "geo_point_2d": {"lon": -123.12600342088886, "lat": 49.25166867236419}}}, {"type": "Feature", "geometry": {"coordinates": [[-123.11552120624039, 49.248968154507416], [-123.1155326251844, 49.24896838596011]], "type": "LineString"}, "properties": {"diameter_mm": 450, "installation_date": "1928-01-01", "material": "Steel", "geo_point_2d": {"lon": -123.11552691571241, "lat": 49.24896827023376}}}, {"type": "Feature", "geometry": {"coordinates": [[-123.11837153719021, 49.24890629654898], [-123.11836933409529, 49.24896184434829]], "type": "LineString"}, "properties": {"diameter_mm": 150, "installation_date": "1930-01-01", "material": "Cast Iron", "geo_point_2d": {"lon": -123.11837043564276, "lat": 49.248934070448634}}}, {"type": "Feature", "geometry": {"coordinates": [[-123.12022782852323, 49.25167865178412], [-123.12023164122692, 49.25157376348871]], "type": "LineString"}, "properties": {"diameter_mm": 150, "installation_date": null, "material": "Cast Iron", "geo_point_2d": {"lon": -123.12022973487507, "lat": 49.25162620763641}}}, {"type": "Feature", "geometry": {"coordinates": [[-123.12238024110711, 49.249272039574294], [-123.12238026111737, 49.24928013525932]], "type": "LineString"}, "properties": {"diameter_mm": 150, "installation_date": "1963-01-01", "material": "Cast Iron", "geo_point_2d": {"lon": -123.12238025111223, "lat": 49.2492760874168}}}, {"type": "Feature", "geometry": {"coordinates": [[-123.12021077978947, 49.24906010487775], [-123.12023208135439, 49.24906161190051]], "type": "LineString"}, "properties": {"diameter_mm": 300, "installation_date": null, "material": "Cast Iron", "geo_point_2d": {"lon": -123.12022143057193, "lat": 49.24906085838913}}}, {"type": "Feature", "geometry": {"coordinates": [[-123.12028612153404, 49.25019215692317], [-123.12029119797452, 49.250053256326574]], "type": "LineString"}, "properties": {"diameter_mm": 200, "installation_date": "1963-01-01", "material": "Cast Iron", "geo_point_2d": {"lon": -123.12028865975427, "lat": 49.25012270662487}}}, {"type": "Feature", "geometry": {"coordinates": [[-123.11605352633447, 49.25334586731099], [-123.11605515646735, 49.25328505796928]], "type": "LineString"}, "properties": {"diameter_mm": 200, "installation_date": "1969-01-01", "material": "Cast Iron", "geo_point_2d": {"lon": -123.11605434140091, "lat": 49.25331546264013}}}, {"type": "Feature", "geometry": {"coordinates": [[-123.12013588113605, 49.2490549655525], [-123.12021077978947, 49.24906010487775]], "type": "LineString"}, "properties": {"diameter_mm": 300, "installation_date": null, "material": "Cast Iron", "geo_point_2d": {"lon": -123.12017333046278, "lat": 49.24905753521513}}}, {"type": "Feature", "geometry": {"coordinates": [[-123.12232967191953, 49.2502048893218], [-123.12231006991482, 49.25060790525691]], "type": "LineString"}, "properties": {"diameter_mm": 150, "installation_date": "1963-01-01", "material": "Cast Iron", "geo_point_2d": {"lon": -123.1223198709172, "lat": 49.25040639728935}}}, {"type": "Feature", "geometry": {"coordinates": [[-123.12232660020445, 49.25062452892578], [-123.12232593315765, 49.250632625336365]], "type": "LineString"}, "properties": {"diameter_mm": 150, "installation_date": "1963-01-01", "material": "Cast Iron", "geo_point_2d": {"lon": -123.12232626668107, "lat": 49.250628577131074}}}, {"type": "Feature", "geometry": {"coordinates": [[-123.11833531017325, 49.249955483165806], [-123.11833570347778, 49.24994756696241]], "type": "LineString"}, "properties": {"diameter_mm": 150, "installation_date": "1963-01-01", "material": "Cast Iron", "geo_point_2d": {"lon": -123.11833550682552, "lat": 49.249951525064105}}}, {"type": "Feature", "geometry": {"coordinates": [[-123.12721082444848, 49.25168599814556], [-123.12728296960877, 49.251687267969665]], "type": "LineString"}, "properties": {"diameter_mm": 200, "installation_date": "1952-01-01", "material": "Cast Iron", "geo_point_2d": {"lon": -123.12724689702864, "lat": 49.251686633057616}}}, {"type": "Feature", "geometry": {"coordinates": [[-123.1201999016338, 49.25244650422575], [-123.1202050520517, 49.252303924563776]], "type": "LineString"}, "properties": {"diameter_mm": 150, "installation_date": null, "material": "Cast Iron", "geo_point_2d": {"lon": -123.12020247684276, "lat": 49.25237521439476}}}, {"type": "Feature", "geometry": {"coordinates": [[-123.10991884703645, 49.251033626552086], [-123.10992001909484, 49.2509673755985]], "type": "LineString"}, "properties": {"diameter_mm": 150, "installation_date": "1958-01-01", "material": "Cast Iron", "geo_point_2d": {"lon": -123.10991943306564, "lat": 49.251000501075296}}}, {"type": "Feature", "geometry": {"coordinates": [[-123.12016564099015, 49.2534925943777], [-123.12016602726037, 49.25348188966123]], "type": "LineString"}, "properties": {"diameter_mm": 150, "installation_date": "1968-01-01", "material": "Cast Iron", "geo_point_2d": {"lon": -123.12016583412526, "lat": 49.25348724201946}}}, {"type": "Feature", "geometry": {"coordinates": [[-123.12019606506317, 49.25256425569918], [-123.12019992784174, 49.25245729846736]], "type": "LineString"}, "properties": {"diameter_mm": 150, "installation_date": null, "material": "Cast Iron", "geo_point_2d": {"lon": -123.12019799645245, "lat": 49.25251077708327}}}, {"type": "Feature", "geometry": {"coordinates": [[-123.12019502994856, 49.25259070273424], [-123.12019606506317, 49.25256425569918]], "type": "LineString"}, "properties": {"diameter_mm": 150, "installation_date": null, "material": "Cast Iron", "geo_point_2d": {"lon": -123.12019554750586, "lat": 49.25257747921671}}}, {"type": "Feature", "geometry": {"coordinates": [[-123.1183289058176, 49.2501389923713], [-123.11833308565714, 49.25001935156191]], "type": "LineString"}, "properties": {"diameter_mm": 150, "installation_date": "1963-01-01", "material": "Cast Iron", "geo_point_2d": {"lon": -123.11833099573738, "lat": 49.250079171966604}}}, {"type": "Feature", "geometry": {"coordinates": [[-123.1202325205818, 49.251551094605425], [-123.12026413024735, 49.25080068894227]], "type": "LineString"}, "properties": {"diameter_mm": 150, "installation_date": null, "material": "Cast Iron", "geo_point_2d": {"lon": -123.12024832541456, "lat": 49.25117589177385}}}, {"type": "Feature", "geometry": {"coordinates": [[-123.12028513503013, 49.25023857332455], [-123.1202868085772, 49.25019215620788]], "type": "LineString"}, "properties": {"diameter_mm": 200, "installation_date": "1963-01-01", "material": "Cast Iron", "geo_point_2d": {"lon": -123.12028597180367, "lat": 49.25021536476622}}}, {"type": "Feature", "geometry": {"coordinates": [[-123.11836856647301, 49.24921551059943], [-123.11836922038515, 49.24920165727672]], "type": "LineString"}, "properties": {"diameter_mm": 150, "installation_date": "1963-01-01", "material": "Cast Iron", "geo_point_2d": {"lon": -123.11836889342908, "lat": 49.24920858393807}}}, {"type": "Feature", "geometry": {"coordinates": [[-123.12813506707332, 49.24820905862652], [-123.12776444646099, 49.24820288457648]], "type": "LineString"}, "properties": {"diameter_mm": 150, "installation_date": "1964-01-01", "material": "Cast Iron", "geo_point_2d": {"lon": -123.12794975676714, "lat": 49.2482059716015}}}, {"type": "Feature", "geometry": {"coordinates": [[-123.11491189386503, 49.25685920994441], [-123.11415228922469, 49.256840596243286]], "type": "LineString"}, "properties": {"diameter_mm": 20, "installation_date": null, "material": "Galvanized", "geo_point_2d": {"lon": -123.11453209154486, "lat": 49.256849903093844}}}, {"type": "Feature", "geometry": {"coordinates": [[-123.11114795494221, 49.244676042719476], [-123.11124301783376, 49.24473118197011], [-123.11125429804713, 49.244737377820485], [-123.1112655780612, 49.24474348371759], [-123.11127699547164, 49.244749589481245], [-123.11128841268275, 49.2447556052916], [-123.11129996706782, 49.244761522021086], [-123.1113115214759, 49.24476744774462], [-123.11132307588673, 49.244773373466984], [-123.1113347672895, 49.24477911915146], [-123.11134645889724, 49.2447849547869], [-123.1113582874969, 49.244790610384406], [-123.11137011609922, 49.244796265980675], [-123.111382082098, 49.2448019214433], [-123.11139404789714, 49.24480748695247], [-123.11140175004077, 49.24481107762001]], "type": "LineString"}, "properties": {"diameter_mm": 600, "installation_date": "1959-01-01", "material": "Steel", "geo_point_2d": {"lon": -123.11127359821896, "lat": 49.2447459358222}}}, {"type": "Feature", "geometry": {"coordinates": [[-123.12252342375001, 49.24718628958555], [-123.12248493563897, 49.24718540388793]], "type": "LineString"}, "properties": {"diameter_mm": 150, "installation_date": "1958-01-01", "material": "Cast Iron", "geo_point_2d": {"lon": -123.12250417969449, "lat": 49.24718584673674}}}, {"type": "Feature", "geometry": {"coordinates": [[-123.1246415356315, 49.247223908712115], [-123.12464909310505, 49.24722408046304]], "type": "LineString"}, "properties": {"diameter_mm": 100, "installation_date": "1925-01-01", "material": "Cast Iron", "geo_point_2d": {"lon": -123.12464531436828, "lat": 49.24722399458758}}}, {"type": "Feature", "geometry": {"coordinates": [[-123.1222962414128, 49.24626113669167], [-123.12060846928964, 49.246232255226715]], "type": "LineString"}, "properties": {"diameter_mm": 150, "installation_date": "1944-01-01", "material": "Cast Iron", "geo_point_2d": {"lon": -123.1214523553512, "lat": 49.246246695959194}}}, {"type": "Feature", "geometry": {"coordinates": [[-123.12077160283022, 49.24216514925488], [-123.12077293162629, 49.24211849854994]], "type": "LineString"}, "properties": {"diameter_mm": 100, "installation_date": "1954-01-01", "material": "Cast Iron", "geo_point_2d": {"lon": -123.12077226722826, "lat": 49.242141823902415}}}, {"type": "Feature", "geometry": {"coordinates": [[-123.11594908302267, 49.24615576253285], [-123.11840672565678, 49.24619955930631]], "type": "LineString"}, "properties": {"diameter_mm": 150, "installation_date": "1930-01-01", "material": "Cast Iron", "geo_point_2d": {"lon": -123.11717790433973, "lat": 49.246177660919585}}}, {"type": "Feature", "geometry": {"coordinates": [[-123.11564822940113, 49.24525834868775], [-123.11562349830699, 49.24525837344164], [-123.11562352330073, 49.24526907774641]], "type": "LineString"}, "properties": {"diameter_mm": 300, "installation_date": "1958-01-01", "material": "Cast Iron", "geo_point_2d": {"lon": -123.11563213224603, "lat": 49.24525998158112}}}, {"type": "Feature", "geometry": {"coordinates": [[-123.109748343377, 49.2548131315246], [-123.10974740399222, 49.25485430353823]], "type": "LineString"}, "properties": {"diameter_mm": 150, "installation_date": null, "material": "Cast Iron", "geo_point_2d": {"lon": -123.10974787368461, "lat": 49.25483371753141}}}, {"type": "Feature", "geometry": {"coordinates": [[-123.12238026111737, 49.24928013525932], [-123.12234089114844, 49.25002407336254]], "type": "LineString"}, "properties": {"diameter_mm": 150, "installation_date": "1963-01-01", "material": "Cast Iron", "geo_point_2d": {"lon": -123.1223605761329, "lat": 49.24965210431093}}}, {"type": "Feature", "geometry": {"coordinates": [[-123.11114795494221, 49.244676042719476], [-123.1111324076892, 49.244666342821425], [-123.11111699765391, 49.244656561832166], [-123.11110172479604, 49.244646681761296], [-123.11108658893394, 49.24463662165195], [-123.11107159047123, 49.24462656140851], [-123.1110567292061, 49.244616411078894], [-123.11104200513856, 49.24460617066309], [-123.11102741826855, 49.24459584016119], [-123.1110129685961, 49.244585419573255], [-123.11099865612121, 49.244574908899274], [-123.11098461825708, 49.244564317002606], [-123.11097058017721, 49.24455362615681], [-123.11095667929489, 49.244542845225176], [-123.11094305320456, 49.24453206402795], [-123.11092942671715, 49.24452110292477], [-123.1109160750216, 49.244510141556134], [-123.11090286032199, 49.244499000149716], [-123.11088978302114, 49.24448785860988], [-123.1108768429176, 49.24447662698451]], "type": "LineString"}, "properties": {"diameter_mm": 600, "installation_date": "1959-01-01", "material": "Steel", "geo_point_2d": {"lon": -123.11100964302433, "lat": 49.244580072065006}}}, {"type": "Feature", "geometry": {"coordinates": [[-123.12232593315765, 49.250632625336365], [-123.12232473956627, 49.250666754491334]], "type": "LineString"}, "properties": {"diameter_mm": 150, "installation_date": "1963-01-01", "material": "Cast Iron", "geo_point_2d": {"lon": -123.12232533636195, "lat": 49.25064968991385}}}, {"type": "Feature", "geometry": {"coordinates": [[-123.11832005394946, 49.25073582576202], [-123.1183240189821, 49.2506297679779]], "type": "LineString"}, "properties": {"diameter_mm": 150, "installation_date": "1963-01-01", "material": "Cast Iron", "geo_point_2d": {"lon": -123.11832203646577, "lat": 49.25068279686996}}}, {"type": "Feature", "geometry": {"coordinates": [[-123.12012624024595, 49.25423889694656], [-123.12016476617087, 49.2535228192349]], "type": "LineString"}, "properties": {"diameter_mm": 150, "installation_date": "1930-01-01", "material": "Cast Iron", "geo_point_2d": {"lon": -123.12014550320842, "lat": 49.25388085809074}}}, {"type": "Feature", "geometry": {"coordinates": [[-123.10908803716777, 49.24292254066162], [-123.10907143118537, 49.24293074200775]], "type": "LineString"}, "properties": {"diameter_mm": 150, "installation_date": "1992-01-01", "material": "Ductile Iron", "geo_point_2d": {"lon": -123.10907973417656, "lat": 49.242926641334684}}}, {"type": "Feature", "geometry": {"coordinates": [[-123.10909476187338, 49.24291920607335], [-123.10908803716777, 49.24292254066162]], "type": "LineString"}, "properties": {"diameter_mm": 150, "installation_date": "1992-01-01", "material": "Ductile Iron", "geo_point_2d": {"lon": -123.10909139952057, "lat": 49.24292087336748}}}, {"type": "Feature", "geometry": {"coordinates": [[-123.12828617454244, 49.24821093285258], [-123.12813506707332, 49.24820905862652]], "type": "LineString"}, "properties": {"diameter_mm": 150, "installation_date": "1998-01-01", "material": "Ductile Iron", "geo_point_2d": {"lon": -123.12821062080789, "lat": 49.24820999573955}}}, {"type": "Feature", "geometry": {"coordinates": [[-123.12832440054918, 49.24728856430415], [-123.12818031564176, 49.247280826440914]], "type": "LineString"}, "properties": {"diameter_mm": 150, "installation_date": "1998-01-01", "material": "Ductile Iron", "geo_point_2d": {"lon": -123.12825235809545, "lat": 49.24728469537253}}}, {"type": "Feature", "geometry": {"coordinates": [[-123.11605540620766, 49.25327435340356], [-123.11605733141447, 49.25322217917841]], "type": "LineString"}, "properties": {"diameter_mm": 150, "installation_date": "1931-01-01", "material": "Cast Iron", "geo_point_2d": {"lon": -123.11605636881106, "lat": 49.25324826629098}}}, {"type": "Feature", "geometry": {"coordinates": [[-123.12006071971508, 49.25619993194934], [-123.1200658981779, 49.256068596380736]], "type": "LineString"}, "properties": {"diameter_mm": 150, "installation_date": "1930-01-01", "material": "Cast Iron", "geo_point_2d": {"lon": -123.12006330894651, "lat": 49.25613426416504}}}, {"type": "Feature", "geometry": {"coordinates": [[-123.1155074787622, 49.248967871390256], [-123.1156338173952, 49.245852939128355]], "type": "LineString"}, "properties": {"diameter_mm": 600, "installation_date": null, "material": "Steel", "geo_point_2d": {"lon": -123.1155706480787, "lat": 49.2474104052593}}}, {"type": "Feature", "geometry": {"coordinates": [[-123.11567182280932, 49.248970855293976], [-123.11585484065279, 49.24897399114876]], "type": "LineString"}, "properties": {"diameter_mm": 450, "installation_date": "1928-01-01", "material": "Steel", "geo_point_2d": {"lon": -123.11576333173105, "lat": 49.24897242322137}}}, {"type": "Feature", "geometry": {"coordinates": [[-123.11837053530508, 49.24917691904952], [-123.11836922038515, 49.24920165727672]], "type": "LineString"}, "properties": {"diameter_mm": 300, "installation_date": null, "material": "Cast Iron", "geo_point_2d": {"lon": -123.11836987784511, "lat": 49.24918928816312}}}, {"type": "Feature", "geometry": {"coordinates": [[-123.1116387346155, 49.251066923890036], [-123.11009263069448, 49.25103961381689]], "type": "LineString"}, "properties": {"diameter_mm": 150, "installation_date": "1958-01-01", "material": "Cast Iron", "geo_point_2d": {"lon": -123.11086568265499, "lat": 49.25105326885347}}}, {"type": "Feature", "geometry": {"coordinates": [[-123.11822069162348, 49.25320417216822], [-123.11824635639115, 49.25263835535716]], "type": "LineString"}, "properties": {"diameter_mm": 150, "installation_date": "1966-01-01", "material": "Cast Iron", "geo_point_2d": {"lon": -123.11823352400731, "lat": 49.25292126376269}}}, {"type": "Feature", "geometry": {"coordinates": [[-123.11824615229163, 49.25255865788366], [-123.11824609986813, 49.25253670959118]], "type": "LineString"}, "properties": {"diameter_mm": 150, "installation_date": "1966-01-01", "material": "Cast Iron", "geo_point_2d": {"lon": -123.11824612607988, "lat": 49.25254768373742}}}, {"type": "Feature", "geometry": {"coordinates": [[-123.11833612453587, 49.25028470766289], [-123.11833238725268, 49.25015832854486]], "type": "LineString"}, "properties": {"diameter_mm": 150, "installation_date": "1963-01-01", "material": "Cast Iron", "geo_point_2d": {"lon": -123.11833425589427, "lat": 49.25022151810388}}}, {"type": "Feature", "geometry": {"coordinates": [[-123.11833238725268, 49.25015832854486], [-123.1183289058176, 49.2501389923713]], "type": "LineString"}, "properties": {"diameter_mm": 150, "installation_date": "1963-01-01", "material": "Cast Iron", "geo_point_2d": {"lon": -123.11833064653514, "lat": 49.25014866045808}}}, {"type": "Feature", "geometry": {"coordinates": [[-123.1223371655109, 49.25008448925841], [-123.12233251123229, 49.25015835400238]], "type": "LineString"}, "properties": {"diameter_mm": 150, "installation_date": "1963-01-01", "material": "Cast Iron", "geo_point_2d": {"lon": -123.12233483837157, "lat": 49.250121421630396}}}, {"type": "Feature", "geometry": {"coordinates": [[-123.11844160756242, 49.247168903831], [-123.11844124666038, 49.247178861923075]], "type": "LineString"}, "properties": {"diameter_mm": 150, "installation_date": "1930-01-01", "material": "Cast Iron", "geo_point_2d": {"lon": -123.1184414271114, "lat": 49.24717388287704}}}, {"type": "Feature", "geometry": {"coordinates": [[-123.11550331933327, 49.2490697015435], [-123.1155074787622, 49.248967871390256]], "type": "LineString"}, "properties": {"diameter_mm": 600, "installation_date": null, "material": "Steel", "geo_point_2d": {"lon": -123.11550539904773, "lat": 49.24901878646688}}}, {"type": "Feature", "geometry": {"coordinates": [[-123.1155326251844, 49.24896838596011], [-123.11567182280932, 49.248970855293976]], "type": "LineString"}, "properties": {"diameter_mm": 450, "installation_date": "1928-01-01", "material": "Steel", "geo_point_2d": {"lon": -123.11560222399686, "lat": 49.248969620627044}}}, {"type": "Feature", "geometry": {"coordinates": [[-123.11818729189164, 49.251520327371374], [-123.116290914067, 49.2514849845309]], "type": "LineString"}, "properties": {"diameter_mm": 100, "installation_date": null, "material": "Cast Iron", "geo_point_2d": {"lon": -123.11723910297931, "lat": 49.251502655951136}}}, {"type": "Feature", "geometry": {"coordinates": [[-123.12039423122543, 49.246229330351845], [-123.12040609498091, 49.24623757561262]], "type": "LineString"}, "properties": {"diameter_mm": 150, "installation_date": "1944-01-01", "material": "Cast Iron", "geo_point_2d": {"lon": -123.12040016310317, "lat": 49.24623345298223}}}, {"type": "Feature", "geometry": {"coordinates": [[-123.12029343370686, 49.24998938788078], [-123.12031403363858, 49.2492552838225]], "type": "LineString"}, "properties": {"diameter_mm": 200, "installation_date": "1963-01-01", "material": "Cast Iron", "geo_point_2d": {"lon": -123.12030373367273, "lat": 49.24962233585164}}}, {"type": "Feature", "geometry": {"coordinates": [[-123.12263150660768, 49.246266745144545], [-123.12468589852566, 49.24630023929324]], "type": "LineString"}, "properties": {"diameter_mm": 150, "installation_date": "1951-01-01", "material": "Cast Iron", "geo_point_2d": {"lon": -123.12365870256667, "lat": 49.24628349221889}}}, {"type": "Feature", "geometry": {"coordinates": [[-123.12231006991482, 49.25060790525691], [-123.12232660020445, 49.25062452892578]], "type": "LineString"}, "properties": {"diameter_mm": 150, "installation_date": "1963-01-01", "material": "Cast Iron", "geo_point_2d": {"lon": -123.12231833505963, "lat": 49.25061621709135}}}, {"type": "Feature", "geometry": {"coordinates": [[-123.11605988528356, 49.253361962371514], [-123.11607080685363, 49.2533899265415]], "type": "LineString"}, "properties": {"diameter_mm": 200, "installation_date": "1947-01-01", "material": "Cast Iron", "geo_point_2d": {"lon": -123.1160653460686, "lat": 49.25337594445651}}}, {"type": "Feature", "geometry": {"coordinates": [[-123.12776444646099, 49.24820288457648], [-123.12752686576768, 49.248198964287226]], "type": "LineString"}, "properties": {"diameter_mm": 150, "installation_date": "1930-01-01", "material": "Cast Iron", "geo_point_2d": {"lon": -123.12764565611434, "lat": 49.248200924431856}}}, {"type": "Feature", "geometry": {"coordinates": [[-123.12003816473191, 49.25680488377742], [-123.12006045773678, 49.25620523940031]], "type": "LineString"}, "properties": {"diameter_mm": 150, "installation_date": "1930-01-01", "material": "Cast Iron", "geo_point_2d": {"lon": -123.12004931123435, "lat": 49.25650506158887}}}, {"type": "Feature", "geometry": {"coordinates": [[-123.1096893390789, 49.2539159502853], [-123.10736749953055, 49.253876609381564]], "type": "LineString"}, "properties": {"diameter_mm": 150, "installation_date": "1966-01-01", "material": "Cast Iron", "geo_point_2d": {"lon": -123.1085284193047, "lat": 49.25389627983343}}}, {"type": "Feature", "geometry": {"coordinates": [[-123.10974676574286, 49.25487634243303], [-123.10974740399222, 49.25485430353823]], "type": "LineString"}, "properties": {"diameter_mm": 150, "installation_date": null, "material": "Cast Iron", "geo_point_2d": {"lon": -123.10974708486754, "lat": 49.25486532298563}}}, {"type": "Feature", "geometry": {"coordinates": [[-123.10975109832016, 49.254673505102744], [-123.10975240572154, 49.254643369873335]], "type": "LineString"}, "properties": {"diameter_mm": 150, "installation_date": null, "material": "Cast Iron", "geo_point_2d": {"lon": -123.10975175202086, "lat": 49.25465843748804}}}, {"type": "Feature", "geometry": {"coordinates": [[-123.11515264867421, 49.249076833998494], [-123.11525532221657, 49.24907849468113]], "type": "LineString"}, "properties": {"diameter_mm": 600, "installation_date": null, "material": "Steel", "geo_point_2d": {"lon": -123.11520398544539, "lat": 49.2490776643398}}}, {"type": "Feature", "geometry": {"coordinates": [[-123.11570808134366, 49.244253943685095], [-123.11585833646733, 49.24101924899917]], "type": "LineString"}, "properties": {"diameter_mm": 600, "installation_date": null, "material": "Steel", "geo_point_2d": {"lon": -123.1157832089055, "lat": 49.24263659634214}}}, {"type": "Feature", "geometry": {"coordinates": [[-123.11567182280932, 49.248970855293976], [-123.11583653749128, 49.24897367667819]], "type": "LineString"}, "properties": {"diameter_mm": 450, "installation_date": "1928-01-01", "material": "Steel", "geo_point_2d": {"lon": -123.1157541801503, "lat": 49.24897226598608}}}, {"type": "Feature", "geometry": {"coordinates": [[-123.11524773564419, 49.24924302498743], [-123.11524814087436, 49.249234119306614]], "type": "LineString"}, "properties": {"diameter_mm": 300, "installation_date": "1947-01-01", "material": "Cast Iron", "geo_point_2d": {"lon": -123.11524793825927, "lat": 49.24923857214702}}}, {"type": "Feature", "geometry": {"coordinates": [[-123.1173246129214, 49.24113925894414], [-123.11728298085997, 49.24116625995565]], "type": "LineString"}, "properties": {"diameter_mm": 1200, "installation_date": null, "material": "<blank>", "geo_point_2d": {"lon": -123.1173037968907, "lat": 49.24115275944989}}}, {"type": "Feature", "geometry": {"coordinates": [-123.11728298085997, 49.24116625995565], "type": "Point"}, "properties": {"diameter_mm": 1200, "installation_date": null, "material": "<blank>", "geo_point_2d": {"lon": -123.11728298085997, "lat": 49.24116625995565}}}, {"type": "Feature", "geometry": {"coordinates": [[-123.11009263069448, 49.25103961381689], [-123.10992538003158, 49.2510363099089]], "type": "LineString"}, "properties": {"diameter_mm": 150, "installation_date": "1958-01-01", "material": "Cast Iron", "geo_point_2d": {"lon": -123.11000900536303, "lat": 49.25103796186289}}}, {"type": "Feature", "geometry": {"coordinates": [[-123.11610775248754, 49.251600307632316], [-123.11611125993097, 49.25153145465324]], "type": "LineString"}, "properties": {"diameter_mm": 150, "installation_date": null, "material": "Cast Iron", "geo_point_2d": {"lon": -123.11610950620926, "lat": 49.25156588114278}}}, {"type": "Feature", "geometry": {"coordinates": [[-123.11600899461344, 49.25426881279057], [-123.11601262633361, 49.254211806427975]], "type": "LineString"}, "properties": {"diameter_mm": 150, "installation_date": "1931-01-01", "material": "Cast Iron", "geo_point_2d": {"lon": -123.11601081047353, "lat": 49.25424030960927}}}, {"type": "Feature", "geometry": {"coordinates": [[-123.11599233319826, 49.254975862843665], [-123.1160037983126, 49.25438532410966]], "type": "LineString"}, "properties": {"diameter_mm": 150, "installation_date": "1931-01-01", "material": "Cast Iron", "geo_point_2d": {"lon": -123.11599806575543, "lat": 49.254680593476664}}}, {"type": "Feature", "geometry": {"coordinates": [[-123.1163163938967, 49.245286516627495], [-123.11631027956378, 49.2452864148405]], "type": "LineString"}, "properties": {"diameter_mm": 200, "installation_date": "2015-03-09", "material": "Ductile Iron Concrete Lined", "geo_point_2d": {"lon": -123.11631333673023, "lat": 49.245286465734004}}}, {"type": "Feature", "geometry": {"coordinates": [[-123.12234089114844, 49.25002407336254], [-123.12233750896989, 49.25007890285821]], "type": "LineString"}, "properties": {"diameter_mm": 150, "installation_date": "1963-01-01", "material": "Cast Iron", "geo_point_2d": {"lon": -123.12233920005917, "lat": 49.25005148811037}}}, {"type": "Feature", "geometry": {"coordinates": [[-123.12016931038832, 49.25003939559123], [-123.12015831729474, 49.250039227120475]], "type": "LineString"}, "properties": {"diameter_mm": 150, "installation_date": "2012-05-17", "material": "Ductile Iron Concrete Lined", "geo_point_2d": {"lon": -123.12016381384153, "lat": 49.25003931135585}}}, {"type": "Feature", "geometry": {"coordinates": [[-123.11649354715655, 49.248006253712425], [-123.1165703447877, 49.24800758850072]], "type": "LineString"}, "properties": {"diameter_mm": 150, "installation_date": "1930-01-01", "material": "Cast Iron", "geo_point_2d": {"lon": -123.11653194597213, "lat": 49.24800692110657}}}, {"type": "Feature", "geometry": {"coordinates": [[-123.11523786391233, 49.24945890233247], [-123.11524773564419, 49.24924302498743]], "type": "LineString"}, "properties": {"diameter_mm": 300, "installation_date": "1947-01-01", "material": "Cast Iron", "geo_point_2d": {"lon": -123.11524279977826, "lat": 49.24935096365995}}}, {"type": "Feature", "geometry": {"coordinates": [[-123.11837592578065, 49.24902348190156], [-123.11834610784092, 49.2490231076644]], "type": "LineString"}, "properties": {"diameter_mm": 450, "installation_date": "2007-03-01", "material": "Steel", "geo_point_2d": {"lon": -123.11836101681078, "lat": 49.24902329478298}}}, {"type": "Feature", "geometry": {"coordinates": [[-123.1170594555672, 49.25692148677328], [-123.1162028431754, 49.25690464891429]], "type": "LineString"}, "properties": {"diameter_mm": 100, "installation_date": "1966-01-01", "material": "Cast Iron", "geo_point_2d": {"lon": -123.1166311493713, "lat": 49.25691306784378}}}, {"type": "Feature", "geometry": {"coordinates": [[-123.12444733884797, 49.25011803653253], [-123.12242211543052, 49.250086054395666]], "type": "LineString"}, "properties": {"diameter_mm": 150, "installation_date": "1963-01-01", "material": "Cast Iron", "geo_point_2d": {"lon": -123.12343472713926, "lat": 49.2501020454641}}}, {"type": "Feature", "geometry": {"coordinates": [[-123.11500595440056, 49.251129628066906], [-123.1139448023255, 49.25110959469547]], "type": "LineString"}, "properties": {"diameter_mm": 150, "installation_date": "1958-01-01", "material": "Cast Iron", "geo_point_2d": {"lon": -123.11447537836304, "lat": 49.251119611381185}}}, {"type": "Feature", "geometry": {"coordinates": [[-123.10995897074369, 49.253922692262975], [-123.10978735197104, 49.25391840283733]], "type": "LineString"}, "properties": {"diameter_mm": 150, "installation_date": "1966-01-01", "material": "Cast Iron", "geo_point_2d": {"lon": -123.10987316135737, "lat": 49.25392054755015}}}, {"type": "Feature", "geometry": {"coordinates": [[-123.11524855965658, 49.2492251326552], [-123.11525485038001, 49.249088299951566]], "type": "LineString"}, "properties": {"diameter_mm": 300, "installation_date": "1947-01-01", "material": "Cast Iron", "geo_point_2d": {"lon": -123.11525170501831, "lat": 49.24915671630338}}}, {"type": "Feature", "geometry": {"coordinates": [[-123.10977835740108, 49.25396466481182], [-123.10978020329122, 49.253923303030554]], "type": "LineString"}, "properties": {"diameter_mm": 150, "installation_date": "1929-01-01", "material": "Cast Iron", "geo_point_2d": {"lon": -123.10977928034615, "lat": 49.2539439839212}}}, {"type": "Feature", "geometry": {"coordinates": [[-123.10978164029736, 49.253895857244906], [-123.10978043931043, 49.25378805965268]], "type": "LineString"}, "properties": {"diameter_mm": 150, "installation_date": "1929-01-01", "material": "Cast Iron", "geo_point_2d": {"lon": -123.10978103980389, "lat": 49.25384195844879}}}, {"type": "Feature", "geometry": {"coordinates": [[-123.11608751420735, 49.252281221501164], [-123.11610775248754, 49.251600307632316]], "type": "LineString"}, "properties": {"diameter_mm": 150, "installation_date": null, "material": "Cast Iron", "geo_point_2d": {"lon": -123.11609763334744, "lat": 49.25194076456674}}}, {"type": "Feature", "geometry": {"coordinates": [[-123.11601468087137, 49.254179601473226], [-123.11601495927076, 49.25417525650184]], "type": "LineString"}, "properties": {"diameter_mm": 150, "installation_date": "1931-01-01", "material": "Cast Iron", "geo_point_2d": {"lon": -123.11601482007104, "lat": 49.25417742898753}}}, {"type": "Feature", "geometry": {"coordinates": [[-123.11600872822648, 49.25427242014169], [-123.11600899461344, 49.25426881279057]], "type": "LineString"}, "properties": {"diameter_mm": 150, "installation_date": "1931-01-01", "material": "Cast Iron", "geo_point_2d": {"lon": -123.11600886141996, "lat": 49.25427061646613}}}, {"type": "Feature", "geometry": {"coordinates": [[-123.11600438611359, 49.25435467680198], [-123.11600499954294, 49.25432323788894]], "type": "LineString"}, "properties": {"diameter_mm": 150, "installation_date": "1931-01-01", "material": "Cast Iron", "geo_point_2d": {"lon": -123.11600469282826, "lat": 49.25433895734546}}}, {"type": "Feature", "geometry": {"coordinates": [[-123.11606731987057, 49.25292835817878], [-123.11607954453406, 49.252568554951104]], "type": "LineString"}, "properties": {"diameter_mm": 150, "installation_date": "1931-01-01", "material": "Cast Iron", "geo_point_2d": {"lon": -123.11607343220231, "lat": 49.25274845656495}}}, {"type": "Feature", "geometry": {"coordinates": [[-123.11632180749378, 49.245286610124495], [-123.1163163938967, 49.245286516627495]], "type": "LineString"}, "properties": {"diameter_mm": 200, "installation_date": "2015-03-09", "material": "Ductile Iron Concrete Lined", "geo_point_2d": {"lon": -123.11631910069525, "lat": 49.245286563376}}}, {"type": "Feature", "geometry": {"coordinates": [[-123.116059748077, 49.253362052461576], [-123.11605159186261, 49.25335892132193]], "type": "LineString"}, "properties": {"diameter_mm": 200, "installation_date": "1947-01-01", "material": "Cast Iron", "geo_point_2d": {"lon": -123.1160556699698, "lat": 49.25336048689175}}}, {"type": "Feature", "geometry": {"coordinates": [[-123.11590870382423, 49.24708991302092], [-123.11656482414843, 49.24709832907898]], "type": "LineString"}, "properties": {"diameter_mm": 150, "installation_date": "1930-01-01", "material": "Cast Iron", "geo_point_2d": {"lon": -123.11623676398635, "lat": 49.24709412104995}}}, {"type": "Feature", "geometry": {"coordinates": [[-123.1156338173952, 49.245852939128355], [-123.11570719080386, 49.24447846568023]], "type": "LineString"}, "properties": {"diameter_mm": 600, "installation_date": null, "material": "Steel", "geo_point_2d": {"lon": -123.11567050409953, "lat": 49.24516570240429}}}, {"type": "Feature", "geometry": {"coordinates": [[-123.11836640788847, 49.24903678660233], [-123.11836548310414, 49.24907527813594]], "type": "LineString"}, "properties": {"diameter_mm": 300, "installation_date": null, "material": "Cast Iron", "geo_point_2d": {"lon": -123.11836594549631, "lat": 49.24905603236914}}}, {"type": "Feature", "geometry": {"coordinates": [[-123.1126039097664, 49.251083923696505], [-123.11255375265233, 49.25108307304854]], "type": "LineString"}, "properties": {"diameter_mm": 150, "installation_date": "1958-01-01", "material": "Cast Iron", "geo_point_2d": {"lon": -123.11257883120936, "lat": 49.251083498372516}}}, {"type": "Feature", "geometry": {"coordinates": [[-123.1202918550688, 49.25003527418193], [-123.12029343370686, 49.24998938788078]], "type": "LineString"}, "properties": {"diameter_mm": 200, "installation_date": "1963-01-01", "material": "Cast Iron", "geo_point_2d": {"lon": -123.12029264438782, "lat": 49.25001233103135}}}, {"type": "Feature", "geometry": {"coordinates": [[-123.11605733141447, 49.25322217917841], [-123.11605784291356, 49.25320589731155]], "type": "LineString"}, "properties": {"diameter_mm": 150, "installation_date": "1931-01-01", "material": "Cast Iron", "geo_point_2d": {"lon": -123.11605758716404, "lat": 49.25321403824498}}}, {"type": "Feature", "geometry": {"coordinates": [[-123.12047565432187, 49.250047217226935], [-123.12037834837874, 49.25004436822066]], "type": "LineString"}, "properties": {"diameter_mm": 150, "installation_date": "1963-01-01", "material": "Cast Iron", "geo_point_2d": {"lon": -123.12042700135028, "lat": 49.250045792723796}}}, {"type": "Feature", "geometry": {"coordinates": [[-123.1203142889968, 49.24924727780269], [-123.12031639488767, 49.24918654881771]], "type": "LineString"}, "properties": {"diameter_mm": 200, "installation_date": "1963-01-01", "material": "Cast Iron", "geo_point_2d": {"lon": -123.12031534194223, "lat": 49.2492169133102}}}, {"type": "Feature", "geometry": {"coordinates": [[-123.12032094452445, 49.24907407672798], [-123.12038243295335, 49.249073787793506]], "type": "LineString"}, "properties": {"diameter_mm": 300, "installation_date": "1977-01-01", "material": "Ductile Iron Concrete Lined", "geo_point_2d": {"lon": -123.12035168873891, "lat": 49.24907393226074}}}, {"type": "Feature", "geometry": {"coordinates": [[-123.11511876109951, 49.2511260975339], [-123.11510213350138, 49.251125754291635]], "type": "LineString"}, "properties": {"diameter_mm": 150, "installation_date": "1947-01-01", "material": "Cast Iron", "geo_point_2d": {"lon": -123.11511044730044, "lat": 49.25112592591277}}}, {"type": "Feature", "geometry": {"coordinates": [[-123.1182539258136, 49.252361303708845], [-123.11828217302238, 49.251663146411595]], "type": "LineString"}, "properties": {"diameter_mm": 150, "installation_date": "1963-01-01", "material": "Cast Iron", "geo_point_2d": {"lon": -123.11826804941799, "lat": 49.25201222506022}}}, {"type": "Feature", "geometry": {"coordinates": [[-123.11601495927076, 49.25417525650184], [-123.11601820292258, 49.25409339673139]], "type": "LineString"}, "properties": {"diameter_mm": 150, "installation_date": "1931-01-01", "material": "Cast Iron", "geo_point_2d": {"lon": -123.11601658109666, "lat": 49.25413432661661}}}, {"type": "Feature", "geometry": {"coordinates": [[-123.11252589512577, 49.254914147608005], [-123.11252854359539, 49.25485203303502]], "type": "LineString"}, "properties": {"diameter_mm": 150, "installation_date": "1931-01-01", "material": "Cast Iron", "geo_point_2d": {"lon": -123.11252721936057, "lat": 49.25488309032151}}}, {"type": "Feature", "geometry": {"coordinates": [[-123.12016602726037, 49.25348188966123], [-123.12017003389971, 49.25337753191722]], "type": "LineString"}, "properties": {"diameter_mm": 150, "installation_date": "1968-01-01", "material": "Cast Iron", "geo_point_2d": {"lon": -123.12016803058003, "lat": 49.25342971078922}}}, {"type": "Feature", "geometry": {"coordinates": [[-123.12026976362382, 49.250642115220366], [-123.12028314055148, 49.250266010844975]], "type": "LineString"}, "properties": {"diameter_mm": 150, "installation_date": null, "material": "Cast Iron", "geo_point_2d": {"lon": -123.12027645208765, "lat": 49.25045406303267}}}, {"type": "Feature", "geometry": {"coordinates": [[-123.12077293162629, 49.24211849854994], [-123.12077331221884, 49.24210555400132]], "type": "LineString"}, "properties": {"diameter_mm": 100, "installation_date": "1954-01-01", "material": "Cast Iron", "geo_point_2d": {"lon": -123.12077312192257, "lat": 49.242112026275635}}}, {"type": "Feature", "geometry": {"coordinates": [[-123.1201703182928, 49.253268248660774], [-123.12019502994856, 49.25259070273424]], "type": "LineString"}, "properties": {"diameter_mm": 150, "installation_date": null, "material": "Cast Iron", "geo_point_2d": {"lon": -123.12018267412068, "lat": 49.252929475697506}}}, {"type": "Feature", "geometry": {"coordinates": [[-123.12026412369222, 49.25079799038108], [-123.12026413024735, 49.25080068894227]], "type": "LineString"}, "properties": {"diameter_mm": 150, "installation_date": "1991-01-01", "material": "Ductile Iron", "geo_point_2d": {"lon": -123.12026412696979, "lat": 49.250799339661675}}}, {"type": "Feature", "geometry": {"coordinates": [[-123.11609158725422, 49.24897846699751], [-123.11828703407849, 49.249021836868195]], "type": "LineString"}, "properties": {"diameter_mm": 450, "installation_date": "1928-01-01", "material": "Steel", "geo_point_2d": {"lon": -123.11718931066636, "lat": 49.24900015193285}}}, {"type": "Feature", "geometry": {"coordinates": [[-123.11514816878135, 49.25112678784597], [-123.11511876109951, 49.2511260975339]], "type": "LineString"}, "properties": {"diameter_mm": 150, "installation_date": "1947-01-01", "material": "Cast Iron", "geo_point_2d": {"lon": -123.11513346494043, "lat": 49.25112644268994}}}, {"type": "Feature", "geometry": {"coordinates": [[-123.1183337154861, 49.25000116256619], [-123.11833531017325, 49.249955483165806]], "type": "LineString"}, "properties": {"diameter_mm": 150, "installation_date": "1963-01-01", "material": "Cast Iron", "geo_point_2d": {"lon": -123.11833451282968, "lat": 49.249978322866}}}, {"type": "Feature", "geometry": {"coordinates": [[-123.1182003460632, 49.25152031401658], [-123.11818729189164, 49.251520327371374]], "type": "LineString"}, "properties": {"diameter_mm": 150, "installation_date": "1963-01-01", "material": "Cast Iron", "geo_point_2d": {"lon": -123.11819381897743, "lat": 49.25152032069398}}}, {"type": "Feature", "geometry": {"coordinates": [[-123.12008343140575, 49.25531423909376], [-123.12008644782252, 49.255181106707155]], "type": "LineString"}, "properties": {"diameter_mm": 150, "installation_date": "1930-01-01", "material": "Cast Iron", "geo_point_2d": {"lon": -123.12008493961412, "lat": 49.25524767290045}}}, {"type": "Feature", "geometry": {"coordinates": [[-123.11728298085997, 49.24116625995565], [-123.11731409924128, 49.241184047933615]], "type": "LineString"}, "properties": {"diameter_mm": 1500, "installation_date": "1969-01-01", "material": "Steel", "geo_point_2d": {"lon": -123.11729854005063, "lat": 49.24117515394463}}}, {"type": "Feature", "geometry": {"coordinates": [[-123.11166509118135, 49.25106739315626], [-123.1116387346155, 49.251066923890036]], "type": "LineString"}, "properties": {"diameter_mm": 150, "installation_date": "2000-01-01", "material": "Ductile Iron", "geo_point_2d": {"lon": -123.11165191289842, "lat": 49.25106715852315}}}, {"type": "Feature", "geometry": {"coordinates": [[-123.10968797721047, 49.255627031313274], [-123.10971057438131, 49.25559192850492]], "type": "LineString"}, "properties": {"diameter_mm": 150, "installation_date": "1966-01-01", "material": "Cast Iron", "geo_point_2d": {"lon": -123.10969927579589, "lat": 49.255609479909104}}}, {"type": "Feature", "geometry": {"coordinates": [[-123.12076841547774, 49.24227783595966], [-123.12077160283022, 49.24216514925488]], "type": "LineString"}, "properties": {"diameter_mm": 100, "installation_date": "1954-01-01", "material": "Cast Iron", "geo_point_2d": {"lon": -123.12077000915396, "lat": 49.24222149260727}}}, {"type": "Feature", "geometry": {"coordinates": [[-123.11567182280932, 49.248970855293976], [-123.11567145829662, 49.248991274829415]], "type": "LineString"}, "properties": {"diameter_mm": 200, "installation_date": null, "material": "Cast Iron", "geo_point_2d": {"lon": -123.11567164055296, "lat": 49.24898106506169}}}, {"type": "Feature", "geometry": {"coordinates": [[-123.12006640096796, 49.25604925613864], [-123.12007771567775, 49.25556395232461]], "type": "LineString"}, "properties": {"diameter_mm": 150, "installation_date": "1930-01-01", "material": "Cast Iron", "geo_point_2d": {"lon": -123.12007205832285, "lat": 49.25580660423162}}}, {"type": "Feature", "geometry": {"coordinates": [[-123.12007771567775, 49.25556395232461], [-123.12008343140575, 49.25531423909376]], "type": "LineString"}, "properties": {"diameter_mm": 150, "installation_date": "1930-01-01", "material": "Cast Iron", "geo_point_2d": {"lon": -123.12008057354174, "lat": 49.25543909570918}}}, {"type": "Feature", "geometry": {"coordinates": [[-123.12006627707049, 49.25605483330283], [-123.12006640096796, 49.25604925613864]], "type": "LineString"}, "properties": {"diameter_mm": 150, "installation_date": "1990-01-01", "material": "Ductile Iron", "geo_point_2d": {"lon": -123.12006633901922, "lat": 49.25605204472073}}}, {"type": "Feature", "geometry": {"coordinates": [[-123.12818031564176, 49.247280826440914], [-123.12781700344173, 49.2472767763217]], "type": "LineString"}, "properties": {"diameter_mm": 150, "installation_date": "1952-01-01", "material": "Cast Iron", "geo_point_2d": {"lon": -123.12799865954175, "lat": 49.247278801381306}}}, {"type": "Feature", "geometry": {"coordinates": [[-123.11618635084504, 49.25690421573972], [-123.11611751164718, 49.25685076340471]], "type": "LineString"}, "properties": {"diameter_mm": 100, "installation_date": "1966-01-01", "material": "Cast Iron", "geo_point_2d": {"lon": -123.11615193124611, "lat": 49.256877489572226}}}, {"type": "Feature", "geometry": {"coordinates": [[-123.12837639827826, 49.247221680953466], [-123.12836267137699, 49.24722146232978]], "type": "LineString"}, "properties": {"diameter_mm": 150, "installation_date": "1998-01-01", "material": "Ductile Iron", "geo_point_2d": {"lon": -123.12836953482763, "lat": 49.247221571641624}}}, {"type": "Feature", "geometry": {"coordinates": [[-123.11138804101624, 49.244824583691866], [-123.11139695157952, 49.24481566981709]], "type": "LineString"}, "properties": {"diameter_mm": 300, "installation_date": "1944-01-01", "material": "Cast Iron", "geo_point_2d": {"lon": -123.11139249629788, "lat": 49.244820126754476}}}, {"type": "Feature", "geometry": {"coordinates": [[-123.111454699474, 49.244834504115005], [-123.11144245948122, 49.2448292087337], [-123.11143021928864, 49.2448238233989], [-123.1114181164925, 49.2448184379303], [-123.1114060134966, 49.24481296250828], [-123.11140175004077, 49.24481107762001]], "type": "LineString"}, "properties": {"diameter_mm": 600, "installation_date": "1959-01-01", "material": "Steel", "geo_point_2d": {"lon": -123.11142819175541, "lat": 49.244822865548755}}}, {"type": "Feature", "geometry": {"coordinates": [[-123.11832649150045, 49.25056041224634], [-123.11833612453587, 49.25028470766289]], "type": "LineString"}, "properties": {"diameter_mm": 150, "installation_date": "1963-01-01", "material": "Cast Iron", "geo_point_2d": {"lon": -123.11833130801816, "lat": 49.250422559954615}}}, {"type": "Feature", "geometry": {"coordinates": [[-123.12483185671492, 49.24722680658036], [-123.12464909310505, 49.24722408046304]], "type": "LineString"}, "properties": {"diameter_mm": 150, "installation_date": "1962-01-01", "material": "Cast Iron", "geo_point_2d": {"lon": -123.12474047490998, "lat": 49.24722544352171}}}, {"type": "Feature", "geometry": {"coordinates": [[-123.120343715869, 49.24806910589836], [-123.12029949780845, 49.24806838735528]], "type": "LineString"}, "properties": {"diameter_mm": 150, "installation_date": "1980-01-01", "material": "Cast Iron", "geo_point_2d": {"lon": -123.12032160683874, "lat": 49.24806874662682}}}, {"type": "Feature", "geometry": {"coordinates": [[-123.12029949780845, 49.24806838735528], [-123.12028262403068, 49.248068108081675]], "type": "LineString"}, "properties": {"diameter_mm": 150, "installation_date": "1980-01-01", "material": "Cast Iron", "geo_point_2d": {"lon": -123.12029106091956, "lat": 49.24806824771848}}}, {"type": "Feature", "geometry": {"coordinates": [[-123.11846762273333, 49.251524088112056], [-123.11831370243988, 49.25152226688959]], "type": "LineString"}, "properties": {"diameter_mm": 150, "installation_date": "1963-01-01", "material": "Cast Iron", "geo_point_2d": {"lon": -123.11839066258659, "lat": 49.25152317750082}}}, {"type": "Feature", "geometry": {"coordinates": [[-123.12834528852872, 49.24813787989139], [-123.12842766503898, 49.248139128638165]], "type": "LineString"}, "properties": {"diameter_mm": 150, "installation_date": "1998-01-01", "material": "Ductile Iron", "geo_point_2d": {"lon": -123.12838647678383, "lat": 49.24813850426477}}}, {"type": "Feature", "geometry": {"coordinates": [[-123.11606949700335, 49.25341736328569], [-123.11607080685363, 49.2533899265415]], "type": "LineString"}, "properties": {"diameter_mm": 150, "installation_date": "1931-01-01", "material": "Cast Iron", "geo_point_2d": {"lon": -123.11607015192848, "lat": 49.253403644913604}}}, {"type": "Feature", "geometry": {"coordinates": [[-123.12006045773678, 49.25620523940031], [-123.12006071971508, 49.25619993194934]], "type": "LineString"}, "properties": {"diameter_mm": 150, "installation_date": "1930-01-01", "material": "Cast Iron", "geo_point_2d": {"lon": -123.12006058872593, "lat": 49.25620258567483}}}, {"type": "Feature", "geometry": {"coordinates": [[-123.11510213350138, 49.251125754291635], [-123.11508976586136, 49.251125496755726]], "type": "LineString"}, "properties": {"diameter_mm": 150, "installation_date": "1947-01-01", "material": "Cast Iron", "geo_point_2d": {"lon": -123.11509594968138, "lat": 49.25112562552368}}}, {"type": "Feature", "geometry": {"coordinates": [[-123.12010284971677, 49.25154205434786], [-123.11851364427966, 49.251524940435]], "type": "LineString"}, "properties": {"diameter_mm": 100, "installation_date": null, "material": "Cast Iron", "geo_point_2d": {"lon": -123.11930824699822, "lat": 49.25153349739143}}}, {"type": "Feature", "geometry": {"coordinates": [[-123.12008714908691, 49.255152950940236], [-123.12012463567699, 49.25427421385347]], "type": "LineString"}, "properties": {"diameter_mm": 150, "installation_date": "1930-01-01", "material": "Cast Iron", "geo_point_2d": {"lon": -123.12010589238196, "lat": 49.25471358239685}}}, {"type": "Feature", "geometry": {"coordinates": [[-123.11586063940807, 49.24897409327639], [-123.11607119533944, 49.248978073705885]], "type": "LineString"}, "properties": {"diameter_mm": 450, "installation_date": "1928-01-01", "material": "Steel", "geo_point_2d": {"lon": -123.11596591737376, "lat": 49.24897608349114}}}, {"type": "Feature", "geometry": {"coordinates": [[-123.11525532221657, 49.24907849468113], [-123.11548205189527, 49.249082765885966]], "type": "LineString"}, "properties": {"diameter_mm": 600, "installation_date": null, "material": "Steel", "geo_point_2d": {"lon": -123.11536868705592, "lat": 49.249080630283544}}}, {"type": "Feature", "geometry": {"coordinates": [[-123.11601820292258, 49.25409339673139], [-123.11606949700335, 49.25341736328569]], "type": "LineString"}, "properties": {"diameter_mm": 150, "installation_date": "1931-01-01", "material": "Cast Iron", "geo_point_2d": {"lon": -123.11604384996295, "lat": 49.25375538000854}}}, {"type": "Feature", "geometry": {"coordinates": [[-123.11836933409529, 49.24896184434829], [-123.11836711048113, 49.24901455867078]], "type": "LineString"}, "properties": {"diameter_mm": 300, "installation_date": null, "material": "Cast Iron", "geo_point_2d": {"lon": -123.11836822228821, "lat": 49.24898820150953}}}, {"type": "Feature", "geometry": {"coordinates": [[-123.11829267191186, 49.25151384190764], [-123.11829433380592, 49.25146174885524]], "type": "LineString"}, "properties": {"diameter_mm": 150, "installation_date": "1963-01-01", "material": "Cast Iron", "geo_point_2d": {"lon": -123.11829350285889, "lat": 49.251487795381436}}}, {"type": "Feature", "geometry": {"coordinates": [[-123.12214592513253, 49.250080958584974], [-123.12212954532886, 49.25008067905876]], "type": "LineString"}, "properties": {"diameter_mm": 150, "installation_date": "1963-01-01", "material": "Cast Iron", "geo_point_2d": {"lon": -123.12213773523071, "lat": 49.25008081882187}}}, {"type": "Feature", "geometry": {"coordinates": [[-123.12214592513253, 49.250080958584974], [-123.1223371655109, 49.25008448925841]], "type": "LineString"}, "properties": {"diameter_mm": 150, "installation_date": "1963-01-01", "material": "Cast Iron", "geo_point_2d": {"lon": -123.12224154532173, "lat": 49.25008272392169}}}, {"type": "Feature", "geometry": {"coordinates": [[-123.10910148677627, 49.242915961436886], [-123.10681595011509, 49.24093873066367]], "type": "LineString"}, "properties": {"diameter_mm": 600, "installation_date": "1959-01-01", "material": "Steel", "geo_point_2d": {"lon": -123.10795871844567, "lat": 49.241927346050275}}}, {"type": "Feature", "geometry": {"coordinates": [[-123.11130018122704, 49.244911823205925], [-123.11138804101624, 49.244824583691866]], "type": "LineString"}, "properties": {"diameter_mm": 300, "installation_date": "1944-01-01", "material": "Cast Iron", "geo_point_2d": {"lon": -123.11134411112164, "lat": 49.244868203448895}}}, {"type": "Feature", "geometry": {"coordinates": [[-123.11734812429005, 49.24112397013942], [-123.1173246129214, 49.24113925894414]], "type": "LineString"}, "properties": {"diameter_mm": 1200, "installation_date": null, "material": "<blank>", "geo_point_2d": {"lon": -123.11733636860572, "lat": 49.24113161454178}}}, {"type": "Feature", "geometry": {"coordinates": [[-123.11840165533658, 49.24808989457732], [-123.11840131490999, 49.2480969291967]], "type": "LineString"}, "properties": {"diameter_mm": 150, "installation_date": "1930-01-01", "material": "Cast Iron", "geo_point_2d": {"lon": -123.11840148512329, "lat": 49.24809341188701}}}, {"type": "Feature", "geometry": {"coordinates": [[-123.11550331933327, 49.2490697015435], [-123.11550318423598, 49.24907069115376], [-123.11550291173312, 49.249071680901395], [-123.11550250182471, 49.24907267078641], [-123.11550209191627, 49.249073660671435], [-123.11550154439243, 49.24907456074172], [-123.11550085946301, 49.24907546094938], [-123.11550003691816, 49.24907627134232], [-123.11549921458312, 49.24907717168735], [-123.11549825442283, 49.249077892265554], [-123.11549715706676, 49.249078702933204], [-123.115496059291, 49.2490793336967], [-123.11549496151524, 49.249079964460165], [-123.11549358892826, 49.24908059549835], [-123.1154923533272, 49.24908104649499], [-123.11549098032054, 49.24908149762898], [-123.11548960710402, 49.249081858810854], [-123.11548809648191, 49.24908222013009], [-123.11548658565, 49.24908249149721], [-123.11548507460824, 49.24908267291223], [-123.11548356335666, 49.24908276437516], [-123.11548205189527, 49.249082765885966]], "type": "LineString"}, "properties": {"diameter_mm": 300, "installation_date": "1930-01-01", "material": "Cast Iron", "geo_point_2d": {"lon": -123.11549442693376, "lat": 49.249078622384324}}}, {"type": "Feature", "geometry": {"coordinates": [[-123.11872168059314, 49.24532753489336], [-123.1196026220839, 49.2453401011136]], "type": "LineString"}, "properties": {"diameter_mm": 150, "installation_date": "1944-01-01", "material": "Cast Iron", "geo_point_2d": {"lon": -123.11916215133851, "lat": 49.24533381800348}}}, {"type": "Feature", "geometry": {"coordinates": [[-123.12034259389195, 49.24622802587148], [-123.12039423122543, 49.246229330351845]], "type": "LineString"}, "properties": {"diameter_mm": 150, "installation_date": "1944-01-01", "material": "Cast Iron", "geo_point_2d": {"lon": -123.12036841255869, "lat": 49.24622867811166}}}, {"type": "Feature", "geometry": {"coordinates": [[-123.11605352633447, 49.25334586731099], [-123.11605988528356, 49.253361962371514]], "type": "LineString"}, "properties": {"diameter_mm": 200, "installation_date": "1947-01-01", "material": "Cast Iron", "geo_point_2d": {"lon": -123.11605670580903, "lat": 49.253353914841256}}}, {"type": "Feature", "geometry": {"coordinates": [[-123.1182922637296, 49.251521290372246], [-123.11829267191186, 49.25151384190764]], "type": "LineString"}, "properties": {"diameter_mm": 150, "installation_date": "1997-01-01", "material": "Ductile Iron", "geo_point_2d": {"lon": -123.11829246782074, "lat": 49.25151756613994}}}, {"type": "Feature", "geometry": {"coordinates": [[-123.11829433380592, 49.25146174885524], [-123.11831895903111, 49.250766401658694]], "type": "LineString"}, "properties": {"diameter_mm": 150, "installation_date": "1963-01-01", "material": "Cast Iron", "geo_point_2d": {"lon": -123.11830664641852, "lat": 49.251114075256964}}}, {"type": "Feature", "geometry": {"coordinates": [[-123.11860679752657, 49.24804370953105], [-123.12025514217164, 49.24806759697667]], "type": "LineString"}, "properties": {"diameter_mm": 150, "installation_date": "1941-01-01", "material": "Cast Iron", "geo_point_2d": {"lon": -123.1194309698491, "lat": 49.248055653253864}}}, {"type": "Feature", "geometry": {"coordinates": [[-123.11508976586136, 49.251125496755726], [-123.11500595440056, 49.251129628066906]], "type": "LineString"}, "properties": {"diameter_mm": 150, "installation_date": "1958-01-01", "material": "Cast Iron", "geo_point_2d": {"lon": -123.11504786013096, "lat": 49.25112756241131}}}, {"type": "Feature", "geometry": {"coordinates": [[-123.10709161537437, 49.25386962428082], [-123.10496564241458, 49.25382977453796]], "type": "LineString"}, "properties": {"diameter_mm": 150, "installation_date": "1966-01-01", "material": "Cast Iron", "geo_point_2d": {"lon": -123.10602862889446, "lat": 49.253849699409386}}}, {"type": "Feature", "geometry": {"coordinates": [[-123.12254678313377, 49.24718680452384], [-123.12299472901167, 49.24719476603355]], "type": "LineString"}, "properties": {"diameter_mm": 100, "installation_date": "1925-01-01", "material": "Cast Iron", "geo_point_2d": {"lon": -123.12277075607273, "lat": 49.2471907852787}}}, {"type": "Feature", "geometry": {"coordinates": [[-123.10971057438131, 49.25559192850492], [-123.10974676574286, 49.25487634243303]], "type": "LineString"}, "properties": {"diameter_mm": 150, "installation_date": "1966-01-01", "material": "Cast Iron", "geo_point_2d": {"lon": -123.10972867006208, "lat": 49.25523413546898}}}, {"type": "Feature", "geometry": {"coordinates": [[-123.1073796750442, 49.24894764647654], [-123.10737966353439, 49.248942339302126]], "type": "LineString"}, "properties": {"diameter_mm": 200, "installation_date": "1939-01-01", "material": "Cast Iron", "geo_point_2d": {"lon": -123.10737966928929, "lat": 49.248944992889335}}}, {"type": "Feature", "geometry": {"coordinates": [[-123.11139695157952, 49.24481566981709], [-123.11140175024312, 49.24481116757217]], "type": "LineString"}, "properties": {"diameter_mm": 300, "installation_date": "1944-01-01", "material": "Cast Iron", "geo_point_2d": {"lon": -123.1113993509113, "lat": 49.24481341869463}}}, {"type": "Feature", "geometry": {"coordinates": [[-123.111454699474, 49.244834504115005], [-123.11150131106677, 49.24478902420277]], "type": "LineString"}, "properties": {"diameter_mm": 50, "installation_date": "1983-01-01", "material": "Copper", "geo_point_2d": {"lon": -123.11147800527038, "lat": 49.24481176415888}}}, {"type": "Feature", "geometry": {"coordinates": [[-123.11586829720538, 49.24799536858389], [-123.11636670533055, 49.24800404278131]], "type": "LineString"}, "properties": {"diameter_mm": 150, "installation_date": "1930-01-01", "material": "Cast Iron", "geo_point_2d": {"lon": -123.11611750126796, "lat": 49.2479997056826}}}, {"type": "Feature", "geometry": {"coordinates": [[-123.11843980261929, 49.24532287683688], [-123.11807968824726, 49.24531675989739]], "type": "LineString"}, "properties": {"diameter_mm": 200, "installation_date": "1930-01-01", "material": "Cast Iron", "geo_point_2d": {"lon": -123.11825974543328, "lat": 49.245319818367136}}}, {"type": "Feature", "geometry": {"coordinates": [[-123.11845463538663, 49.24719281779191], [-123.1184397655569, 49.24720876359336]], "type": "LineString"}, "properties": {"diameter_mm": 150, "installation_date": "2020-03-11", "material": "Ductile Iron Concrete Lined", "geo_point_2d": {"lon": -123.11844720047176, "lat": 49.24720079069263}}}, {"type": "Feature", "geometry": {"coordinates": [[-123.11252854359539, 49.25485203303502], [-123.11252315648436, 49.254851957324846]], "type": "LineString"}, "properties": {"diameter_mm": 150, "installation_date": "1954-01-01", "material": "Cast Iron", "geo_point_2d": {"lon": -123.11252585003987, "lat": 49.25485199517993}}}, {"type": "Feature", "geometry": {"coordinates": [[-123.11252897312177, 49.25484149021888], [-123.11253013401155, 49.2548141436194]], "type": "LineString"}, "properties": {"diameter_mm": 150, "installation_date": "1931-01-01", "material": "Cast Iron", "geo_point_2d": {"lon": -123.11252955356666, "lat": 49.25482781691914}}}, {"type": "Feature", "geometry": {"coordinates": [[-123.11781257782178, 49.250000165976296], [-123.11738290017361, 49.24999376696245]], "type": "LineString"}, "properties": {"diameter_mm": 150, "installation_date": "1945-01-01", "material": "Cast Iron", "geo_point_2d": {"lon": -123.11759773899769, "lat": 49.24999696646937}}}, {"type": "Feature", "geometry": {"coordinates": [[-123.11256584926626, 49.25397382028833], [-123.1124785005527, 49.253971665549315]], "type": "LineString"}, "properties": {"diameter_mm": 150, "installation_date": "1955-01-01", "material": "Cast Iron", "geo_point_2d": {"lon": -123.11252217490947, "lat": 49.25397274291882}}}, {"type": "Feature", "geometry": {"coordinates": [[-123.11252543831826, 49.25492478040278], [-123.11252503343265, 49.254934072859214], [-123.11251889039036, 49.25493395290893]], "type": "LineString"}, "properties": {"diameter_mm": 25, "installation_date": "1978-01-01", "material": "Copper", "geo_point_2d": {"lon": -123.11252393349285, "lat": 49.25493125104212}}}, {"type": "Feature", "geometry": {"coordinates": [[-123.11252589512577, 49.254914147608005], [-123.11252543831826, 49.25492478040278]], "type": "LineString"}, "properties": {"diameter_mm": 25, "installation_date": "1978-01-01", "material": "Copper", "geo_point_2d": {"lon": -123.112525666722, "lat": 49.254919464005404}}}, {"type": "Feature", "geometry": {"coordinates": [[-123.11247561460716, 49.253971605392344], [-123.11212812051193, 49.253964881914136]], "type": "LineString"}, "properties": {"diameter_mm": 150, "installation_date": "1966-01-01", "material": "Cast Iron", "geo_point_2d": {"lon": -123.11230186755954, "lat": 49.25396824365324}}}, {"type": "Feature", "geometry": {"coordinates": [[-123.11256765086517, 49.25400465415166], [-123.11256802992887, 49.2539960993269]], "type": "LineString"}, "properties": {"diameter_mm": 150, "installation_date": "1929-01-01", "material": "Cast Iron", "geo_point_2d": {"lon": -123.112567840397, "lat": 49.25400037673928}}}, {"type": "Feature", "geometry": {"coordinates": [[-123.10977502476607, 49.253918090722706], [-123.1096893390789, 49.2539159502853]], "type": "LineString"}, "properties": {"diameter_mm": 150, "installation_date": "1966-01-01", "material": "Cast Iron", "geo_point_2d": {"lon": -123.10973218192248, "lat": 49.253917020504005}}}, {"type": "Feature", "geometry": {"coordinates": [[-123.10736749953055, 49.253876609381564], [-123.1071880476932, 49.25387206251255]], "type": "LineString"}, "properties": {"diameter_mm": 150, "installation_date": "1966-01-01", "material": "Cast Iron", "geo_point_2d": {"lon": -123.10727777361187, "lat": 49.25387433594705}}}, {"type": "Feature", "geometry": {"coordinates": [[-123.1184397655569, 49.24720876359336], [-123.11843695217128, 49.24721589969668]], "type": "LineString"}, "properties": {"diameter_mm": 150, "installation_date": "2020-03-11", "material": "Ductile Iron Concrete Lined", "geo_point_2d": {"lon": -123.1184383588641, "lat": 49.24721233164502}}}, {"type": "Feature", "geometry": {"coordinates": [[-123.11844069625944, 49.24719001657531], [-123.1184399226915, 49.24720552514867]], "type": "LineString"}, "properties": {"diameter_mm": 150, "installation_date": "1930-01-01", "material": "Cast Iron", "geo_point_2d": {"lon": -123.11844030947546, "lat": 49.24719777086199}}}, {"type": "Feature", "geometry": {"coordinates": [[-123.11847123417947, 49.24619964609245], [-123.1184794782271, 49.24619971859533]], "type": "LineString"}, "properties": {"diameter_mm": 150, "installation_date": "2020-03-11", "material": "Ductile Iron Concrete Lined", "geo_point_2d": {"lon": -123.11847535620328, "lat": 49.246199682343885}}}, {"type": "Feature", "geometry": {"coordinates": [[-123.11807968824726, 49.24531675989739], [-123.11724119891396, 49.24530257382025]], "type": "LineString"}, "properties": {"diameter_mm": 200, "installation_date": "1930-01-01", "material": "Cast Iron", "geo_point_2d": {"lon": -123.1176604435806, "lat": 49.245309666858816}}}, {"type": "Feature", "geometry": {"coordinates": [[-123.1185688085735, 49.24532511025585], [-123.11872168059314, 49.24532753489336]], "type": "LineString"}, "properties": {"diameter_mm": 150, "installation_date": "1944-01-01", "material": "Cast Iron", "geo_point_2d": {"lon": -123.11864524458332, "lat": 49.245326322574606}}}, {"type": "Feature", "geometry": {"coordinates": [[-123.11850183940611, 49.24532401858213], [-123.11843980261929, 49.24532287683688]], "type": "LineString"}, "properties": {"diameter_mm": 200, "installation_date": "1930-01-01", "material": "Cast Iron", "geo_point_2d": {"lon": -123.11847082101269, "lat": 49.24532344770951}}}, {"type": "Feature", "geometry": {"coordinates": [[-123.1185124407211, 49.24620002660547], [-123.11851610932224, 49.246200058823035]], "type": "LineString"}, "properties": {"diameter_mm": 150, "installation_date": "2020-03-11", "material": "Ductile Iron Concrete Lined", "geo_point_2d": {"lon": -123.11851427502168, "lat": 49.24620004271425}}}, {"type": "Feature", "geometry": {"coordinates": [[-123.1196026220839, 49.2453401011136], [-123.12031720235376, 49.24535137676375]], "type": "LineString"}, "properties": {"diameter_mm": 150, "installation_date": "1945-01-01", "material": "Cast Iron", "geo_point_2d": {"lon": -123.11995991221883, "lat": 49.245345738938674}}}, {"type": "Feature", "geometry": {"coordinates": [[-123.11849845617544, 49.247136957437526], [-123.1186452598359, 49.24713902859166]], "type": "LineString"}, "properties": {"diameter_mm": 150, "installation_date": "1951-01-01", "material": "Cast Iron", "geo_point_2d": {"lon": -123.1185718580057, "lat": 49.24713799301459}}}, {"type": "Feature", "geometry": {"coordinates": [[-123.11842673795066, 49.24747218432642], [-123.11840470795495, 49.24801040059362]], "type": "LineString"}, "properties": {"diameter_mm": 150, "installation_date": "1930-01-01", "material": "Cast Iron", "geo_point_2d": {"lon": -123.1184157229528, "lat": 49.24774129246002}}}, {"type": "Feature", "geometry": {"coordinates": [[-123.11844984929692, 49.248040992077144], [-123.11860679752657, 49.24804370953105]], "type": "LineString"}, "properties": {"diameter_mm": 150, "installation_date": "1941-01-01", "material": "Cast Iron", "geo_point_2d": {"lon": -123.11852832341172, "lat": 49.2480423508041}}}, {"type": "Feature", "geometry": {"coordinates": [[-123.11576904746552, 49.24799381295824], [-123.11586829720538, 49.24799536858389]], "type": "LineString"}, "properties": {"diameter_mm": 150, "installation_date": "1930-01-01", "material": "Cast Iron", "geo_point_2d": {"lon": -123.11581867233545, "lat": 49.247994590771064}}}, {"type": "Feature", "geometry": {"coordinates": [[-123.1160809486875, 49.248988750239], [-123.11608088285506, 49.24897825287255]], "type": "LineString"}, "properties": {"diameter_mm": 150, "installation_date": "1965-01-01", "material": "Cast Iron", "geo_point_2d": {"lon": -123.11608091577129, "lat": 49.24898350155576}}}, {"type": "Feature", "geometry": {"coordinates": [[-123.12060396262497, 49.246232250936174], [-123.12060846928964, 49.246232255226715]], "type": "LineString"}, "properties": {"diameter_mm": 150, "installation_date": "1944-01-01", "material": "Cast Iron", "geo_point_2d": {"lon": -123.12060621595731, "lat": 49.246232253081445}}}, {"type": "Feature", "geometry": {"coordinates": [[-123.12035406540966, 49.248064723435], [-123.12035387047834, 49.24806932020108]], "type": "LineString"}, "properties": {"diameter_mm": 200, "installation_date": "1980-01-01", "material": "Ductile Iron", "geo_point_2d": {"lon": -123.12035396794401, "lat": 49.248067021818045}}}, {"type": "Feature", "geometry": {"coordinates": [[-123.12245535140873, 49.24719020272238], [-123.1222677632644, 49.24718665039019]], "type": "LineString"}, "properties": {"diameter_mm": 150, "installation_date": "1958-01-01", "material": "Cast Iron", "geo_point_2d": {"lon": -123.12236155733657, "lat": 49.247188426556285}}}, {"type": "Feature", "geometry": {"coordinates": [[-123.11615316255548, 49.24997582303263], [-123.11609411652104, 49.24997511778654]], "type": "LineString"}, "properties": {"diameter_mm": 150, "installation_date": "1945-01-01", "material": "Cast Iron", "geo_point_2d": {"lon": -123.11612363953826, "lat": 49.24997547040958}}}, {"type": "Feature", "geometry": {"coordinates": [[-123.10977822680896, 49.25391816863723], [-123.10977502476607, 49.253918090722706]], "type": "LineString"}, "properties": {"diameter_mm": 150, "installation_date": "1966-01-01", "material": "Cast Iron", "geo_point_2d": {"lon": -123.1097766257875, "lat": 49.253918129679974}}}, {"type": "Feature", "geometry": {"coordinates": [[-123.10977822680896, 49.25391816863723], [-123.10977863347883, 49.253909451881384]], "type": "LineString"}, "properties": {"diameter_mm": 200, "installation_date": "2012-07-16", "material": "Ductile Iron Concrete Lined", "geo_point_2d": {"lon": -123.1097784301439, "lat": 49.253913810259306}}}, {"type": "Feature", "geometry": {"coordinates": [[-123.10718117633863, 49.25387187998766], [-123.10709161537437, 49.25386962428082]], "type": "LineString"}, "properties": {"diameter_mm": 150, "installation_date": "1966-01-01", "material": "Cast Iron", "geo_point_2d": {"lon": -123.10713639585651, "lat": 49.25387075213424}}}, {"type": "Feature", "geometry": {"coordinates": [[-123.11639791081038, 49.24800458704069], [-123.11649354715655, 49.248006253712425]], "type": "LineString"}, "properties": {"diameter_mm": 150, "installation_date": "1930-01-01", "material": "Cast Iron", "geo_point_2d": {"lon": -123.11644572898346, "lat": 49.24800542037656}}}, {"type": "Feature", "geometry": {"coordinates": [[-123.1184211285398, 49.24102436834335], [-123.11817991795157, 49.24101597091789]], "type": "LineString"}, "properties": {"diameter_mm": 150, "installation_date": "2007-03-09", "material": "Ductile Iron Concrete Lined", "geo_point_2d": {"lon": -123.11830052324568, "lat": 49.24102016963062}}}, {"type": "Feature", "geometry": {"coordinates": [[-123.11813584137033, 49.241014315897594], [-123.11811914787644, 49.2410137302857]], "type": "LineString"}, "properties": {"diameter_mm": 150, "installation_date": "2007-03-09", "material": "Ductile Iron Concrete Lined", "geo_point_2d": {"lon": -123.11812749462338, "lat": 49.24101402309165}}}, {"type": "Feature", "geometry": {"coordinates": [[-123.11256963576896, 49.253958974483865], [-123.11257555033787, 49.25382242125916]], "type": "LineString"}, "properties": {"diameter_mm": 150, "installation_date": "1929-01-01", "material": "Cast Iron", "geo_point_2d": {"lon": -123.11257259305341, "lat": 49.25389069787151}}}, {"type": "Feature", "geometry": {"coordinates": [[-123.11265104038345, 49.25397592309377], [-123.11259120433056, 49.25397433529534]], "type": "LineString"}, "properties": {"diameter_mm": 150, "installation_date": "1955-01-01", "material": "Cast Iron", "geo_point_2d": {"lon": -123.11262112235701, "lat": 49.25397512919456}}}, {"type": "Feature", "geometry": {"coordinates": [[-123.11244136040543, 49.25485083159997], [-123.1124102193216, 49.2548502682184]], "type": "LineString"}, "properties": {"diameter_mm": 150, "installation_date": "1954-01-01", "material": "Cast Iron", "geo_point_2d": {"lon": -123.11242578986352, "lat": 49.25485054990918}}}, {"type": "Feature", "geometry": {"coordinates": [[-123.11256907470991, 49.253972099058466], [-123.11256951833042, 49.2539617181408]], "type": "LineString"}, "properties": {"diameter_mm": 150, "installation_date": "1929-01-01", "material": "Cast Iron", "geo_point_2d": {"lon": -123.11256929652015, "lat": 49.25396690859964}}}, {"type": "Feature", "geometry": {"coordinates": [[-123.10978735197104, 49.25391840283733], [-123.10978078296246, 49.25391823817018]], "type": "LineString"}, "properties": {"diameter_mm": 150, "installation_date": "2012-07-16", "material": "Ductile Iron Concrete Lined", "geo_point_2d": {"lon": -123.10978406746675, "lat": 49.253918320503765}}}, {"type": "Feature", "geometry": {"coordinates": [[-123.11847823965353, 49.24626779579426], [-123.11844310297545, 49.24713349706365]], "type": "LineString"}, "properties": {"diameter_mm": 150, "installation_date": "1930-01-01", "material": "Cast Iron", "geo_point_2d": {"lon": -123.1184606713145, "lat": 49.246700646428955}}}, {"type": "Feature", "geometry": {"coordinates": [[-123.11848055228809, 49.247136705943014], [-123.11849845617544, 49.247136957437526]], "type": "LineString"}, "properties": {"diameter_mm": 150, "installation_date": "2020-03-11", "material": "Ductile Iron Concrete Lined", "geo_point_2d": {"lon": -123.11848950423176, "lat": 49.24713683169027}}}, {"type": "Feature", "geometry": {"coordinates": [[-123.11840672565678, 49.24619955930631], [-123.11847123417947, 49.24619964609245]], "type": "LineString"}, "properties": {"diameter_mm": 150, "installation_date": "1930-01-01", "material": "Cast Iron", "geo_point_2d": {"lon": -123.11843897991812, "lat": 49.24619960269938}}}, {"type": "Feature", "geometry": {"coordinates": [[-123.11586374428391, 49.2461553444166], [-123.11594908302267, 49.24615576253285]], "type": "LineString"}, "properties": {"diameter_mm": 150, "installation_date": "1930-01-01", "material": "Cast Iron", "geo_point_2d": {"lon": -123.11590641365329, "lat": 49.246155553474715}}}, {"type": "Feature", "geometry": {"coordinates": [[-123.11719108833024, 49.245301527243775], [-123.11632180749378, 49.245286610124495]], "type": "LineString"}, "properties": {"diameter_mm": 200, "installation_date": "1930-01-01", "material": "Cast Iron", "geo_point_2d": {"lon": -123.11675644791201, "lat": 49.24529406868413}}}, {"type": "Feature", "geometry": {"coordinates": [[-123.11851610932224, 49.246200058823035], [-123.11852618082222, 49.246200156433574]], "type": "LineString"}, "properties": {"diameter_mm": 150, "installation_date": "2020-03-11", "material": "Ductile Iron Concrete Lined", "geo_point_2d": {"lon": -123.11852114507224, "lat": 49.24620010762831}}}, {"type": "Feature", "geometry": {"coordinates": [[-123.1165703447877, 49.24800758850072], [-123.11822914396924, 49.24803738617917]], "type": "LineString"}, "properties": {"diameter_mm": 150, "installation_date": "1930-01-01", "material": "Cast Iron", "geo_point_2d": {"lon": -123.11739974437846, "lat": 49.24802248733995}}}, {"type": "Feature", "geometry": {"coordinates": [[-123.11826449928655, 49.24803802463507], [-123.11832746004774, 49.24803915653324]], "type": "LineString"}, "properties": {"diameter_mm": 150, "installation_date": "1930-01-01", "material": "Cast Iron", "geo_point_2d": {"lon": -123.11829597966715, "lat": 49.24803859058416}}}, {"type": "Feature", "geometry": {"coordinates": [[-123.1222677632644, 49.24718665039019], [-123.12226075576105, 49.24718662182519]], "type": "LineString"}, "properties": {"diameter_mm": 150, "installation_date": "1940-01-01", "material": "Cast Iron", "geo_point_2d": {"lon": -123.12226425951272, "lat": 49.24718663610769}}}, {"type": "Feature", "geometry": {"coordinates": [[-123.1203060614465, 49.24716748108638], [-123.12035058085193, 49.24716814534153]], "type": "LineString"}, "properties": {"diameter_mm": 150, "installation_date": "1951-01-01", "material": "Cast Iron", "geo_point_2d": {"lon": -123.12032832114922, "lat": 49.247167813213956}}}, {"type": "Feature", "geometry": {"coordinates": [[-123.1222520719298, 49.247186577043195], [-123.12224887045875, 49.24718656244041]], "type": "LineString"}, "properties": {"diameter_mm": 150, "installation_date": "1940-01-01", "material": "Cast Iron", "geo_point_2d": {"lon": -123.12225047119426, "lat": 49.2471865697418}}}, {"type": "Feature", "geometry": {"coordinates": [[-123.12220300411244, 49.247185747422556], [-123.1221323529091, 49.24718583112786]], "type": "LineString"}, "properties": {"diameter_mm": 150, "installation_date": "1940-01-01", "material": "Cast Iron", "geo_point_2d": {"lon": -123.12216767851076, "lat": 49.24718578927521}}}, {"type": "Feature", "geometry": {"coordinates": [[-123.1221323529091, 49.24718583112786], [-123.12059082930296, 49.2471583059022]], "type": "LineString"}, "properties": {"diameter_mm": 150, "installation_date": "1940-01-01", "material": "Cast Iron", "geo_point_2d": {"lon": -123.12136159110602, "lat": 49.24717206851503}}}, {"type": "Feature", "geometry": {"coordinates": [[-123.12063944242831, 49.24809479369179], [-123.12063161013924, 49.24809466694164]], "type": "LineString"}, "properties": {"diameter_mm": 150, "installation_date": "1978-01-01", "material": "Ductile Iron", "geo_point_2d": {"lon": -123.12063552628378, "lat": 49.248094730316716}}}, {"type": "Feature", "geometry": {"coordinates": [[-123.12018161712865, 49.2500486298841], [-123.12016931038832, 49.25003939559123]], "type": "LineString"}, "properties": {"diameter_mm": 150, "installation_date": "2012-05-17", "material": "Ductile Iron Concrete Lined", "geo_point_2d": {"lon": -123.12017546375849, "lat": 49.25004401273766}}}, {"type": "Feature", "geometry": {"coordinates": [[-123.1183365261705, 49.24992958465914], [-123.11835069390685, 49.2496138196473]], "type": "LineString"}, "properties": {"diameter_mm": 150, "installation_date": "1963-01-01", "material": "Cast Iron", "geo_point_2d": {"lon": -123.11834361003868, "lat": 49.249771702153225}}}, {"type": "Feature", "geometry": {"coordinates": [[-123.11862503979867, 49.24902813778133], [-123.1184010865381, 49.24902422071312]], "type": "LineString"}, "properties": {"diameter_mm": 300, "installation_date": "2007-03-01", "material": "Ductile Iron Concrete Lined", "geo_point_2d": {"lon": -123.1185130631684, "lat": 49.249026179247224}}}, {"type": "Feature", "geometry": {"coordinates": [[-123.11610445606891, 49.25685077652519], [-123.11594795720688, 49.256846418088436]], "type": "LineString"}, "properties": {"diameter_mm": 100, "installation_date": "1966-01-01", "material": "Cast Iron", "geo_point_2d": {"lon": -123.1160262066379, "lat": 49.25684859730681}}}, {"type": "Feature", "geometry": {"coordinates": [[-123.12242211543052, 49.250086054395666], [-123.12237964047004, 49.25008527183486]], "type": "LineString"}, "properties": {"diameter_mm": 150, "installation_date": "1963-01-01", "material": "Cast Iron", "geo_point_2d": {"lon": -123.12240087795028, "lat": 49.250085663115264}}}, {"type": "Feature", "geometry": {"coordinates": [[-123.12232967191953, 49.2502048893218], [-123.12233026649969, 49.25019527279381]], "type": "LineString"}, "properties": {"diameter_mm": 150, "installation_date": "1963-01-01", "material": "Cast Iron", "geo_point_2d": {"lon": -123.1223299692096, "lat": 49.250200081057805}}}, {"type": "Feature", "geometry": {"coordinates": [[-123.12778814817474, 49.24727635848043], [-123.12756207989958, 49.247270023802685]], "type": "LineString"}, "properties": {"diameter_mm": 150, "installation_date": "1930-01-01", "material": "Cast Iron", "geo_point_2d": {"lon": -123.12767511403716, "lat": 49.24727319114156}}}, {"type": "Feature", "geometry": {"coordinates": [[-123.11868689954134, 49.246201988376775], [-123.12034259389195, 49.24622802587148]], "type": "LineString"}, "properties": {"diameter_mm": 150, "installation_date": "1944-01-01", "material": "Cast Iron", "geo_point_2d": {"lon": -123.11951474671665, "lat": 49.24621500712413}}}, {"type": "Feature", "geometry": {"coordinates": [[-123.11811914787644, 49.2410137302857], [-123.11810884358022, 49.241013506944476]], "type": "LineString"}, "properties": {"diameter_mm": 150, "installation_date": "1951-01-01", "material": "Cast Iron", "geo_point_2d": {"lon": -123.11811399572834, "lat": 49.24101361861508}}}, {"type": "Feature", "geometry": {"coordinates": [[-123.12254678313377, 49.24718680452384], [-123.12252342375001, 49.24718628958555]], "type": "LineString"}, "properties": {"diameter_mm": 150, "installation_date": "1958-01-01", "material": "Cast Iron", "geo_point_2d": {"lon": -123.12253510344189, "lat": 49.247186547054696}}}, {"type": "Feature", "geometry": {"coordinates": [[-123.12299472901167, 49.24719476603355], [-123.1246415356315, 49.247223908712115]], "type": "LineString"}, "properties": {"diameter_mm": 100, "installation_date": "1925-01-01", "material": "Cast Iron", "geo_point_2d": {"lon": -123.12381813232159, "lat": 49.24720933737284}}}, {"type": "Feature", "geometry": {"coordinates": [[-123.11862503979867, 49.24902813778133], [-123.11863878096509, 49.24902838453308]], "type": "LineString"}, "properties": {"diameter_mm": 300, "installation_date": null, "material": "Cast Iron", "geo_point_2d": {"lon": -123.11863191038188, "lat": 49.24902826115721}}}, {"type": "Feature", "geometry": {"coordinates": [[-123.11863878096509, 49.24902838453308], [-123.12013588113605, 49.2490549655525]], "type": "LineString"}, "properties": {"diameter_mm": 300, "installation_date": null, "material": "Cast Iron", "geo_point_2d": {"lon": -123.11938733105058, "lat": 49.24904167504279}}}, {"type": "Feature", "geometry": {"coordinates": [[-123.1183659570801, 49.248888446735485], [-123.1183718866788, 49.248897300961374]], "type": "LineString"}, "properties": {"diameter_mm": 150, "installation_date": "1930-01-01", "material": "Cast Iron", "geo_point_2d": {"lon": -123.11836892187945, "lat": 49.24889287384844}}}, {"type": "Feature", "geometry": {"coordinates": [[-123.1139448023255, 49.25110959469547], [-123.11288011948228, 49.251089492060856]], "type": "LineString"}, "properties": {"diameter_mm": 150, "installation_date": "1958-01-01", "material": "Cast Iron", "geo_point_2d": {"lon": -123.1134124609039, "lat": 49.25109954337816}}}, {"type": "Feature", "geometry": {"coordinates": [[-123.11585751620126, 49.24890774759671], [-123.11585537562449, 49.248967729932694]], "type": "LineString"}, "properties": {"diameter_mm": 200, "installation_date": "1930-01-01", "material": "Cast Iron", "geo_point_2d": {"lon": -123.11585644591287, "lat": 49.2489377387647}}}, {"type": "Feature", "geometry": {"coordinates": [[-123.12777750208298, 49.24635617588314], [-123.1283466137309, 49.24636445031918]], "type": "LineString"}, "properties": {"diameter_mm": 150, "installation_date": "1956-01-01", "material": "Cast Iron", "geo_point_2d": {"lon": -123.12806205790692, "lat": 49.246360313101164}}}, {"type": "Feature", "geometry": {"coordinates": [[-123.11723659225053, 49.24113975308688], [-123.11728298085997, 49.24116625995565]], "type": "LineString"}, "properties": {"diameter_mm": 1500, "installation_date": "1969-01-01", "material": "Steel", "geo_point_2d": {"lon": -123.11725978655525, "lat": 49.24115300652126}}}, {"type": "Feature", "geometry": {"coordinates": [[-123.11212812051193, 49.253964881914136], [-123.10995897074369, 49.253922692262975]], "type": "LineString"}, "properties": {"diameter_mm": 150, "installation_date": "1966-01-01", "material": "Cast Iron", "geo_point_2d": {"lon": -123.11104354562781, "lat": 49.25394378708856}}}, {"type": "Feature", "geometry": {"coordinates": [[-123.11800842265224, 49.254212825525734], [-123.11614460716831, 49.25417774385184]], "type": "LineString"}, "properties": {"diameter_mm": 150, "installation_date": "1966-01-01", "material": "Cast Iron", "geo_point_2d": {"lon": -123.11707651491028, "lat": 49.25419528468879}}}, {"type": "Feature", "geometry": {"coordinates": [[-123.11600499954294, 49.25432323788894], [-123.11600675729072, 49.25429925486494]], "type": "LineString"}, "properties": {"diameter_mm": 150, "installation_date": "1931-01-01", "material": "Cast Iron", "geo_point_2d": {"lon": -123.11600587841683, "lat": 49.254311246376936}}}, {"type": "Feature", "geometry": {"coordinates": [[-123.11605784291356, 49.25320589731155], [-123.11606558360953, 49.252979057000374]], "type": "LineString"}, "properties": {"diameter_mm": 150, "installation_date": "1931-01-01", "material": "Cast Iron", "geo_point_2d": {"lon": -123.11606171326154, "lat": 49.25309247715596}}}, {"type": "Feature", "geometry": {"coordinates": [[-123.11629957602521, 49.24528622772071], [-123.11596635139028, 49.24528050889303]], "type": "LineString"}, "properties": {"diameter_mm": 200, "installation_date": "1930-01-01", "material": "Cast Iron", "geo_point_2d": {"lon": -123.11613296370774, "lat": 49.24528336830687}}}, {"type": "Feature", "geometry": {"coordinates": [[-123.11631027956378, 49.2452864148405], [-123.11629957602521, 49.24528622772071]], "type": "LineString"}, "properties": {"diameter_mm": 200, "installation_date": "2015-03-09", "material": "Ductile Iron Concrete Lined", "geo_point_2d": {"lon": -123.11630492779447, "lat": 49.2452863212806}}}, {"type": "Feature", "geometry": {"coordinates": [[-123.12238142251063, 49.24924968517838], [-123.12238024110711, 49.249272039574294]], "type": "LineString"}, "properties": {"diameter_mm": 150, "installation_date": "1963-01-01", "material": "Cast Iron", "geo_point_2d": {"lon": -123.12238083180888, "lat": 49.24926086237633}}}, {"type": "Feature", "geometry": {"coordinates": [[-123.12015831729474, 49.250039227120475], [-123.11854195524312, 49.25001149149637]], "type": "LineString"}, "properties": {"diameter_mm": 150, "installation_date": "1945-01-01", "material": "Cast Iron", "geo_point_2d": {"lon": -123.11935013626892, "lat": 49.250025359308424}}}, {"type": "Feature", "geometry": {"coordinates": [[-123.11606337458777, 49.25328529258485], [-123.11605543151272, 49.253285147645215]], "type": "LineString"}, "properties": {"diameter_mm": 300, "installation_date": "1969-01-01", "material": "Ductile Iron", "geo_point_2d": {"lon": -123.11605940305024, "lat": 49.25328522011503}}}, {"type": "Feature", "geometry": {"coordinates": [[-123.11656482414843, 49.24709832907898], [-123.11836625938967, 49.24713538386062]], "type": "LineString"}, "properties": {"diameter_mm": 150, "installation_date": "1930-01-01", "material": "Cast Iron", "geo_point_2d": {"lon": -123.11746554176905, "lat": 49.2471168564698}}}, {"type": "Feature", "geometry": {"coordinates": [[-123.1096949418754, 49.255663005575265], [-123.10968853268592, 49.25562963939931]], "type": "LineString"}, "properties": {"diameter_mm": 150, "installation_date": "1950-01-01", "material": "Cast Iron", "geo_point_2d": {"lon": -123.10969173728067, "lat": 49.25564632248729}}}, {"type": "Feature", "geometry": {"coordinates": [[-123.12026425411044, 49.250795111772796], [-123.12026425432893, 49.250795201724834], [-123.12026412369222, 49.25079799038108]], "type": "LineString"}, "properties": {"diameter_mm": 150, "installation_date": "1991-01-01", "material": "Ductile Iron", "geo_point_2d": {"lon": -123.12026419104612, "lat": 49.250796551124544}}}, {"type": "Feature", "geometry": {"coordinates": [[-123.12106998446569, 49.2500627693579], [-123.12047565432187, 49.250047217226935]], "type": "LineString"}, "properties": {"diameter_mm": 150, "installation_date": "1963-01-01", "material": "Cast Iron", "geo_point_2d": {"lon": -123.12077281939378, "lat": 49.25005499329242}}}, {"type": "Feature", "geometry": {"coordinates": [[-123.12023208135439, 49.24906161190051], [-123.12031112011633, 49.249074122940144]], "type": "LineString"}, "properties": {"diameter_mm": 300, "installation_date": null, "material": "Cast Iron", "geo_point_2d": {"lon": -123.12027160073534, "lat": 49.24906786742032}}}, {"type": "Feature", "geometry": {"coordinates": [[-123.12031403363858, 49.2492552838225], [-123.1203142889968, 49.24924727780269]], "type": "LineString"}, "properties": {"diameter_mm": 200, "installation_date": "1963-01-01", "material": "Cast Iron", "geo_point_2d": {"lon": -123.12031416131768, "lat": 49.249251280812594}}}, {"type": "Feature", "geometry": {"coordinates": [[-123.11271265348734, 49.254854561131026], [-123.11252854359539, 49.25485203303502]], "type": "LineString"}, "properties": {"diameter_mm": 150, "installation_date": "1954-01-01", "material": "Cast Iron", "geo_point_2d": {"lon": -123.11262059854135, "lat": 49.254853297083024}}}, {"type": "Feature", "geometry": {"coordinates": [[-123.11608229809364, 49.25417653814676], [-123.11601495927076, 49.25417525650184]], "type": "LineString"}, "properties": {"diameter_mm": 150, "installation_date": "1966-01-01", "material": "Cast Iron", "geo_point_2d": {"lon": -123.1160486286822, "lat": 49.2541758973243}}}, {"type": "Feature", "geometry": {"coordinates": [[-123.11253375906435, 49.25472824473203], [-123.11256716601811, 49.254015035109404]], "type": "LineString"}, "properties": {"diameter_mm": 150, "installation_date": "1931-01-01", "material": "Cast Iron", "geo_point_2d": {"lon": -123.11255046254122, "lat": 49.25437163992073}}}, {"type": "Feature", "geometry": {"coordinates": [[-123.1201716587154, 49.253350580540186], [-123.1201703182928, 49.253268248660774]], "type": "LineString"}, "properties": {"diameter_mm": 150, "installation_date": null, "material": "Cast Iron", "geo_point_2d": {"lon": -123.1201709885041, "lat": 49.25330941460048}}}, {"type": "Feature", "geometry": {"coordinates": [[-123.12028314055148, 49.250266010844975], [-123.12028444798632, 49.250238574039855]], "type": "LineString"}, "properties": {"diameter_mm": 150, "installation_date": "1963-01-01", "material": "Cast Iron", "geo_point_2d": {"lon": -123.1202837942689, "lat": 49.25025229244241}}}, {"type": "Feature", "geometry": {"coordinates": [[-123.12010810062262, 49.25154843549924], [-123.12010284971677, 49.25154205434786]], "type": "LineString"}, "properties": {"diameter_mm": 100, "installation_date": "1993-01-01", "material": "Ductile Iron", "geo_point_2d": {"lon": -123.12010547516968, "lat": 49.25154524492355}}}, {"type": "Feature", "geometry": {"coordinates": [[-123.12026880139653, 49.25066459529404], [-123.12026425411044, 49.250795111772796]], "type": "LineString"}, "properties": {"diameter_mm": 150, "installation_date": "1991-01-01", "material": "Ductile Iron", "geo_point_2d": {"lon": -123.1202665277535, "lat": 49.250729853533414}}}, {"type": "Feature", "geometry": {"coordinates": [[-123.1202050520517, 49.252303924563776], [-123.12022782852323, 49.25167865178412]], "type": "LineString"}, "properties": {"diameter_mm": 150, "installation_date": null, "material": "Cast Iron", "geo_point_2d": {"lon": -123.12021644028746, "lat": 49.25199128817395}}}, {"type": "Feature", "geometry": {"coordinates": [[-123.11851364427966, 49.251524940435], [-123.11846762273333, 49.251524088112056]], "type": "LineString"}, "properties": {"diameter_mm": 150, "installation_date": "1963-01-01", "material": "Cast Iron", "geo_point_2d": {"lon": -123.11849063350648, "lat": 49.25152451427353}}}, {"type": "Feature", "geometry": {"coordinates": [[-123.11827260084111, 49.25152165232159], [-123.1182003460632, 49.25152031401658]], "type": "LineString"}, "properties": {"diameter_mm": 150, "installation_date": "1963-01-01", "material": "Cast Iron", "geo_point_2d": {"lon": -123.11823647345214, "lat": 49.25152098316909}}}, {"type": "Feature", "geometry": {"coordinates": [[-123.11255375265233, 49.25108307304854], [-123.11166509118135, 49.25106739315626]], "type": "LineString"}, "properties": {"diameter_mm": 150, "installation_date": "1958-01-01", "material": "Cast Iron", "geo_point_2d": {"lon": -123.11210942191684, "lat": 49.2510752331024}}}, {"type": "Feature", "geometry": {"coordinates": [[-123.12973058961705, 49.24815928846401], [-123.12842766503898, 49.248139128638165]], "type": "LineString"}, "properties": {"diameter_mm": 150, "installation_date": "1966-01-01", "material": "Cast Iron", "geo_point_2d": {"lon": -123.12907912732803, "lat": 49.248149208551084}}}, {"type": "Feature", "geometry": {"coordinates": [[-123.10975109832016, 49.254673505102744], [-123.10974891479042, 49.25478574053715]], "type": "LineString"}, "properties": {"diameter_mm": 150, "installation_date": null, "material": "Cast Iron", "geo_point_2d": {"lon": -123.10975000655527, "lat": 49.25472962281995}}}, {"type": "Feature", "geometry": {"coordinates": [[-123.1200658981779, 49.256068596380736], [-123.12006627707049, 49.25605483330283]], "type": "LineString"}, "properties": {"diameter_mm": 150, "installation_date": "1990-01-01", "material": "Ductile Iron", "geo_point_2d": {"lon": -123.1200660876242, "lat": 49.25606171484178}}}, {"type": "Feature", "geometry": {"coordinates": [[-123.116290914067, 49.2514849845309], [-123.11613491680866, 49.25148220900245]], "type": "LineString"}, "properties": {"diameter_mm": 100, "installation_date": "1970-01-01", "material": "Ductile Iron", "geo_point_2d": {"lon": -123.11621291543783, "lat": 49.251483596766676}}}, {"type": "Feature", "geometry": {"coordinates": [[-123.12781700344173, 49.2472767763217], [-123.12778814817474, 49.24727635848043]], "type": "LineString"}, "properties": {"diameter_mm": 150, "installation_date": "1952-01-01", "material": "Cast Iron", "geo_point_2d": {"lon": -123.12780257580823, "lat": 49.24727656740106}}}, {"type": "Feature", "geometry": {"coordinates": [[-123.10969187413347, 49.25570498017754], [-123.1096949418754, 49.255663005575265]], "type": "LineString"}, "properties": {"diameter_mm": 150, "installation_date": "1950-01-01", "material": "Cast Iron", "geo_point_2d": {"lon": -123.10969340800442, "lat": 49.25568399287639}}}, {"type": "Feature", "geometry": {"coordinates": [[-123.11806756332783, 49.25694177064849], [-123.11709407702297, 49.25692293590109]], "type": "LineString"}, "properties": {"diameter_mm": 100, "installation_date": "1966-01-01", "material": "Cast Iron", "geo_point_2d": {"lon": -123.11758082017539, "lat": 49.25693235327479}}}, {"type": "Feature", "geometry": {"coordinates": [[-123.11810884358022, 49.241013506944476], [-123.11791338453622, 49.2410062585465]], "type": "LineString"}, "properties": {"diameter_mm": 150, "installation_date": "1951-01-01", "material": "Cast Iron", "geo_point_2d": {"lon": -123.11801111405822, "lat": 49.24100988274549}}}, {"type": "Feature", "geometry": {"coordinates": [[-123.1108768429176, 49.24447662698451], [-123.10925042589109, 49.2430449023576]], "type": "LineString"}, "properties": {"diameter_mm": 600, "installation_date": "1959-01-01", "material": "Steel", "geo_point_2d": {"lon": -123.11006363440436, "lat": 49.24376076467105}}}, {"type": "Feature", "geometry": {"coordinates": [[-123.12028262403068, 49.248068108081675], [-123.12025514217164, 49.24806759697667]], "type": "LineString"}, "properties": {"diameter_mm": 150, "installation_date": "1980-01-01", "material": "Cast Iron", "geo_point_2d": {"lon": -123.12026888310116, "lat": 49.248067852529175}}}, {"type": "Feature", "geometry": {"coordinates": [[-123.11871224884204, 49.241112249918075], [-123.11588073726486, 49.24101061808554]], "type": "LineString"}, "properties": {"diameter_mm": 450, "installation_date": "1913-01-01", "material": "Steel", "geo_point_2d": {"lon": -123.11729649305346, "lat": 49.24106143400181}}}, {"type": "Feature", "geometry": {"coordinates": [[-123.10978063756428, 49.25391464021981], [-123.10978164029736, 49.253895857244906]], "type": "LineString"}, "properties": {"diameter_mm": 150, "installation_date": "1929-01-01", "material": "Cast Iron", "geo_point_2d": {"lon": -123.10978113893083, "lat": 49.25390524873236}}}, {"type": "Feature", "geometry": {"coordinates": [[-123.12035711587785, 49.25004318498128], [-123.1201793831308, 49.250039681956274]], "type": "LineString"}, "properties": {"diameter_mm": 150, "installation_date": "1963-01-01", "material": "Cast Iron", "geo_point_2d": {"lon": -123.12026824950435, "lat": 49.25004143346878}}}, {"type": "Feature", "geometry": {"coordinates": [[-123.11828309303382, 49.251639865826796], [-123.11829105621922, 49.25153926406897]], "type": "LineString"}, "properties": {"diameter_mm": 150, "installation_date": "1963-01-01", "material": "Cast Iron", "geo_point_2d": {"lon": -123.11828707462652, "lat": 49.25158956494788}}}, {"type": "Feature", "geometry": {"coordinates": [[-123.11831960308825, 49.25074841054585], [-123.11832005394946, 49.25073582576202]], "type": "LineString"}, "properties": {"diameter_mm": 150, "installation_date": "1963-01-01", "material": "Cast Iron", "geo_point_2d": {"lon": -123.11831982851885, "lat": 49.250742118153944}}}, {"type": "Feature", "geometry": {"coordinates": [[-123.12016476617087, 49.2535228192349], [-123.12016564099015, 49.2534925943777]], "type": "LineString"}, "properties": {"diameter_mm": 150, "installation_date": "1968-01-01", "material": "Cast Iron", "geo_point_2d": {"lon": -123.12016520358051, "lat": 49.2535077068063}}}, {"type": "Feature", "geometry": {"coordinates": [[-123.10910134938776, 49.242915961566624], [-123.10909476187338, 49.24291920607335]], "type": "LineString"}, "properties": {"diameter_mm": 150, "installation_date": "1992-01-01", "material": "Ductile Iron", "geo_point_2d": {"lon": -123.10909805563057, "lat": 49.24291758381999}}}, {"type": "Feature", "geometry": {"coordinates": [[-123.10925042589109, 49.2430449023576], [-123.10910148677627, 49.242915961436886]], "type": "LineString"}, "properties": {"diameter_mm": 600, "installation_date": "1959-01-01", "material": "Steel", "geo_point_2d": {"lon": -123.10917595633369, "lat": 49.242980431897244}}}, {"type": "Feature", "geometry": {"coordinates": [[-123.1183246630357, 49.25061177686461], [-123.11832649150045, 49.25056041224634]], "type": "LineString"}, "properties": {"diameter_mm": 150, "installation_date": "1963-01-01", "material": "Cast Iron", "geo_point_2d": {"lon": -123.11832557726808, "lat": 49.25058609455547}}}, {"type": "Feature", "geometry": {"coordinates": [[-123.12840934832843, 49.24722220203943], [-123.12837639827826, 49.247221680953466]], "type": "LineString"}, "properties": {"diameter_mm": 150, "installation_date": "1998-01-01", "material": "Ductile Iron", "geo_point_2d": {"lon": -123.12839287330334, "lat": 49.24722194149645}}}, {"type": "Feature", "geometry": {"coordinates": [[-123.12832965142674, 49.248137645395374], [-123.12834528852872, 49.24813787989139]], "type": "LineString"}, "properties": {"diameter_mm": 150, "installation_date": "1998-01-01", "material": "Ductile Iron", "geo_point_2d": {"lon": -123.12833746997774, "lat": 49.24813776264338}}}, {"type": "Feature", "geometry": {"coordinates": [[-123.12040916916041, 49.24117316359522], [-123.11871224884204, 49.241112249918075]], "type": "LineString"}, "properties": {"diameter_mm": 450, "installation_date": "1913-01-01", "material": "Steel", "geo_point_2d": {"lon": -123.11956070900123, "lat": 49.24114270675665}}}, {"type": "Feature", "geometry": {"coordinates": [[-123.11605515646735, 49.25328505796928], [-123.11605540620766, 49.25327435340356]], "type": "LineString"}, "properties": {"diameter_mm": 200, "installation_date": "1969-01-01", "material": "Cast Iron", "geo_point_2d": {"lon": -123.11605528133751, "lat": 49.253279705686424}}}, {"type": "Feature", "geometry": {"coordinates": [[-123.1200869730617, 49.25515969753806], [-123.12008714908691, 49.255152950940236]], "type": "LineString"}, "properties": {"diameter_mm": 150, "installation_date": "1990-01-01", "material": "Ductile Iron", "geo_point_2d": {"lon": -123.12008706107432, "lat": 49.25515632423915}}}, {"type": "Feature", "geometry": {"coordinates": [[-123.11288011948228, 49.251089492060856], [-123.11270010166507, 49.251085628948466]], "type": "LineString"}, "properties": {"diameter_mm": 150, "installation_date": "1958-01-01", "material": "Cast Iron", "geo_point_2d": {"lon": -123.11279011057367, "lat": 49.25108756050466}}}, {"type": "Feature", "geometry": {"coordinates": [[-123.11270010166507, 49.251085628948466], [-123.1126039097664, 49.251083923696505]], "type": "LineString"}, "properties": {"diameter_mm": 150, "installation_date": "1958-01-01", "material": "Cast Iron", "geo_point_2d": {"lon": -123.11265200571573, "lat": 49.251084776322486}}}, {"type": "Feature", "geometry": {"coordinates": [[-123.1220898688648, 49.256235108686155], [-123.12209326906223, 49.256126020080366]], "type": "LineString"}, "properties": {"diameter_mm": 150, "installation_date": "1970-01-01", "material": "Ductile Iron", "geo_point_2d": {"lon": -123.12209156896353, "lat": 49.256180564383264}}}, {"type": "Feature", "geometry": {"coordinates": [[-123.10907143118537, 49.24293074200775], [-123.1089770930341, 49.24297751632245]], "type": "LineString"}, "properties": {"diameter_mm": 150, "installation_date": "1992-01-01", "material": "Ductile Iron", "geo_point_2d": {"lon": -123.10902426210973, "lat": 49.2429541291651}}}, {"type": "Feature", "geometry": {"coordinates": [[-123.12008714908691, 49.255152950940236], [-123.12007884833719, 49.25515277966332]], "type": "LineString"}, "properties": {"diameter_mm": 150, "installation_date": "1990-01-01", "material": "Ductile Iron", "geo_point_2d": {"lon": -123.12008299871205, "lat": 49.25515286530178}}}, {"type": "Feature", "geometry": {"coordinates": [[-123.11256716601811, 49.254015035109404], [-123.11256765086517, 49.25400465415166]], "type": "LineString"}, "properties": {"diameter_mm": 150, "installation_date": "1931-01-01", "material": "Cast Iron", "geo_point_2d": {"lon": -123.11256740844163, "lat": 49.25400984463054}}}, {"type": "Feature", "geometry": {"coordinates": [[-123.11836548310414, 49.24907527813594], [-123.11837053530508, 49.24917691904952]], "type": "LineString"}, "properties": {"diameter_mm": 300, "installation_date": null, "material": "Cast Iron", "geo_point_2d": {"lon": -123.1183680092046, "lat": 49.249126098592725}}}, {"type": "Feature", "geometry": {"coordinates": [[-123.11824609986813, 49.25253670959118], [-123.11825155720781, 49.252422464661635]], "type": "LineString"}, "properties": {"diameter_mm": 150, "installation_date": "1963-01-01", "material": "Cast Iron", "geo_point_2d": {"lon": -123.11824882853797, "lat": 49.25247958712641}}}, {"type": "Feature", "geometry": {"coordinates": [[-123.1182523250047, 49.25240448242294], [-123.1182539258136, 49.252361303708845]], "type": "LineString"}, "properties": {"diameter_mm": 150, "installation_date": "1963-01-01", "material": "Cast Iron", "geo_point_2d": {"lon": -123.11825312540915, "lat": 49.252382893065885}}}, {"type": "Feature", "geometry": {"coordinates": [[-123.11828288583177, 49.251645164226595], [-123.11828309303382, 49.251639865826796]], "type": "LineString"}, "properties": {"diameter_mm": 150, "installation_date": "1963-01-01", "material": "Cast Iron", "geo_point_2d": {"lon": -123.11828298943281, "lat": 49.251642515026695}}}, {"type": "Feature", "geometry": {"coordinates": [[-123.12040609498091, 49.24623757561262], [-123.12041809605051, 49.24624578474808]], "type": "LineString"}, "properties": {"diameter_mm": 200, "installation_date": "1956-01-01", "material": "Cast Iron", "geo_point_2d": {"lon": -123.12041209551572, "lat": 49.24624168018035}}}, {"type": "Feature", "geometry": {"coordinates": [[-123.12212954532886, 49.25008067905876], [-123.12106998446569, 49.2500627693579]], "type": "LineString"}, "properties": {"diameter_mm": 150, "installation_date": "1963-01-01", "material": "Cast Iron", "geo_point_2d": {"lon": -123.12159976489728, "lat": 49.25007172420833}}}, {"type": "Feature", "geometry": {"coordinates": [[-123.1223371655109, 49.25008448925841], [-123.1223414803324, 49.250084565646425]], "type": "LineString"}, "properties": {"diameter_mm": 150, "installation_date": "1963-01-01", "material": "Cast Iron", "geo_point_2d": {"lon": -123.12233932292165, "lat": 49.250084527452415}}}, {"type": "Feature", "geometry": {"coordinates": [[-123.10739412717832, 49.24895896703172], [-123.10737901259812, 49.24895898108071], [-123.10737967523929, 49.248947736428626], [-123.1073796750442, 49.24894764647654]], "type": "LineString"}, "properties": {"diameter_mm": 200, "installation_date": "1939-01-01", "material": "Cast Iron", "geo_point_2d": {"lon": -123.10738347133496, "lat": 49.24895654603547}}}, {"type": "Feature", "geometry": {"coordinates": [[-123.1186452598359, 49.24713902859166], [-123.1203060614465, 49.24716748108638]], "type": "LineString"}, "properties": {"diameter_mm": 150, "installation_date": "1951-01-01", "material": "Cast Iron", "geo_point_2d": {"lon": -123.1194756606412, "lat": 49.24715325483902}}}, {"type": "Feature", "geometry": {"coordinates": [[-123.12035387047834, 49.24806932020108], [-123.120343715869, 49.24806910589836]], "type": "LineString"}, "properties": {"diameter_mm": 150, "installation_date": "1980-01-01", "material": "Cast Iron", "geo_point_2d": {"lon": -123.12034879317366, "lat": 49.24806921304972}}}, {"type": "Feature", "geometry": {"coordinates": [[-123.11634639208252, 49.2499783181762], [-123.11615316255548, 49.24997582303263]], "type": "LineString"}, "properties": {"diameter_mm": 150, "installation_date": "1945-01-01", "material": "Cast Iron", "geo_point_2d": {"lon": -123.116249777319, "lat": 49.249977070604416}}}, {"type": "Feature", "geometry": {"coordinates": [[-123.11537999436497, 49.2531013681182], [-123.11511963115163, 49.253001286129155]], "type": "LineString"}, "properties": {"diameter_mm": 200, "installation_date": "1947-01-01", "material": "Cast Iron", "geo_point_2d": {"lon": -123.1152498127583, "lat": 49.25305132712368}}}]}