{"type": "FeatureCollection", "features": [{"type": "Feature", "geometry": {"coordinates": [[[-123.11550491936005, 49.250615503806124], [-123.11554683145872, 49.25061636141917], [-123.11554030733481, 49.25076478918288], [-123.11553510594739, 49.250885330418164], [-123.11553119353519, 49.25097528659287], [-123.11548928218207, 49.2509748787347], [-123.11548578086392, 49.25106438473422], [-123.11548214736754, 49.25115613967081], [-123.11575787893621, 49.25125074537347], [-123.11603500051388, 49.251345816772485], [-123.11604286219858, 49.25107100472764], [-123.11604539960094, 49.25098105891321], [-123.11604792428646, 49.250891553876166], [-123.1160514892438, 49.2507710142614], [-123.11605567481419, 49.25062213905642], [-123.11605819946395, 49.25053263401359], [-123.11606087420084, 49.250442679057194], [-123.11606341257354, 49.250353173997674], [-123.11606593616318, 49.25026322818542], [-123.1160705106785, 49.25010445782569], [-123.1157971400957, 49.25013558577657], [-123.11552376897914, 49.25016663212381], [-123.11551999400972, 49.250256588171965], [-123.11551623276776, 49.25034654420486], [-123.11551245672214, 49.25043605048968], [-123.11550868171246, 49.250526006533285], [-123.11550491936005, 49.250615503806124]]], "type": "Polygon"}, "properties": {"geo_point_2d": {"lon": -123.11579474814995, "lat": 49.25069454063792}}}, {"type": "Feature", "geometry": {"coordinates": [[[-123.11535485807373, 49.254144030329456], [-123.11534460385285, 49.2543905815844], [-123.11538645083327, 49.254391610230094], [-123.115382689991, 49.254481970978325], [-123.11534085665535, 49.254480933322434], [-123.11533709570239, 49.25457128507266], [-123.115325371033, 49.25485328793789], [-123.11561860116558, 49.2549353371126], [-123.11591184599028, 49.2550173765322], [-123.11592843936036, 49.25458591314235], [-123.11593191054644, 49.25449551668749], [-123.11593539544111, 49.25440511122213], [-123.11593912604253, 49.25430813899738], [-123.1156469984349, 49.25422608052922], [-123.11535485807373, 49.254144030329456]]], "type": "Polygon"}, "properties": {"geo_point_2d": {"lon": -123.11563519465282, "lat": 49.25458223221432}}}, {"type": "Feature", "geometry": {"coordinates": [[[-123.12041649318077, 49.25167719689606], [-123.120386895235, 49.25249127758192], [-123.12035729640564, 49.253305385131284], [-123.12216852657728, 49.25334321599317], [-123.12439615721479, 49.25338965604678], [-123.124431874511, 49.25257599962356], [-123.12446759063555, 49.251762334079885], [-123.12222696366463, 49.25171528848989], [-123.12041649318077, 49.25167719689606]]], "type": "Polygon"}, "properties": {"geo_point_2d": {"lon": -123.12240927410275, "lat": 49.25253324985469}}}, {"type": "Feature", "geometry": {"coordinates": [[[-123.11600138753768, 49.25252376620311], [-123.11571750367595, 49.252413229729406], [-123.11543334606334, 49.25230261187284], [-123.11542164681538, 49.25258327454569], [-123.11541788627382, 49.25267368029936], [-123.11541411197726, 49.25276408606523], [-123.1154103376672, 49.25285449182956], [-123.11540734799932, 49.25292780588471], [-123.11569549357344, 49.253038140948696], [-123.11598364047327, 49.253148493281394], [-123.11599176915624, 49.25286423607392], [-123.1159943056628, 49.25277383153323], [-123.11599684216037, 49.252683426991055], [-123.1159993649285, 49.2525930314564], [-123.11600138753768, 49.25252376620311]]], "type": "Polygon"}, "properties": {"geo_point_2d": {"lon": -123.11570612170554, "lat": 49.25272630370825}}}, {"type": "Feature", "geometry": {"coordinates": [[[-123.10816862200608, 49.246283423508366], [-123.11106072634172, 49.24487325812498], [-123.11103299190457, 49.24485798118727], [-123.11100546948023, 49.24484232551772], [-123.11097816424024, 49.24482629405805], [-123.11095108131529, 49.24480988982061], [-123.1109242257943, 49.24479311588777], [-123.1108976027235, 49.244775975411386], [-123.11087121710537, 49.24475847161219], [-123.11084507389785, 49.244740607779164], [-123.11081917801326, 49.24472238726897], [-123.11079353431751, 49.24470381350526], [-123.11076814762907, 49.24468488997809], [-123.11074302271818, 49.24466562024321], [-123.11071816430582, 49.24464600792144], [-123.11069357706295, 49.244626056697975], [-123.11066926560953, 49.24460577032168], [-123.11064523451375, 49.2445851526044], [-123.10654374486873, 49.24097984833387], [-123.10652136294338, 49.24096257095602], [-123.10649861956955, 49.240945772226496], [-123.10647552498152, 49.240929459704574], [-123.10645208957168, 49.240913640730746], [-123.10642832388574, 49.24089832242341], [-123.10640423861807, 49.240883511675676], [-123.1063798446068, 49.240869215152244], [-123.10635515282907, 49.24085543928642], [-123.10633017439591, 49.240842190277235], [-123.10630492054742, 49.24082947408662], [-123.1062794026476, 49.240817296436745], [-123.10625363217929, 49.24080566280745], [-123.10622762073896, 49.240794578433764], [-123.10620138003156, 49.24078404830356], [-123.10617492186515, 49.24077407715531], [-123.10614825814567, 49.24076466947592], [-123.10612140087157, 49.24075582949879], [-123.1060943621284, 49.24074756120182], [-123.10606715408333, 49.24073986830567], [-123.10603978897976, 49.240732754272074], [-123.10601227913175, 49.24072622230229], [-123.10598463691846, 49.24072027533565], [-123.10595687477867, 49.24071491604822], [-123.10592900520508, 49.24071014685165], [-123.10590104073879, 49.240705969892026], [-123.10587299396352, 49.240702387048955], [-123.10584487750008, 49.24069939993467], [-123.10581670400066, 49.24069700989335], [-123.10578848614306, 49.2406952180005], [-123.10576023662507, 49.24069402506246], [-123.10573196815874, 49.24069343161602], [-123.10570369346462, 49.24069343792825], [-123.1054885570354, 49.2406892179082], [-123.10537038935263, 49.24344416286596], [-123.10532309198567, 49.244454784857176], [-123.10562611013961, 49.2444601842041], [-123.10788867898033, 49.24644998014762], [-123.10790530375606, 49.24643818530763], [-123.10792205393099, 49.24642656923869], [-123.10793892758286, 49.2464151332739], [-123.10795592277519, 49.246403878725665], [-123.10797303755757, 49.2463928068856], [-123.10799026996585, 49.24638191902434], [-123.10800761802241, 49.24637121639139], [-123.10802507973632, 49.24636070021503], [-123.10804265310365, 49.246350371702114], [-123.10806033610761, 49.24634023203797], [-123.10807812671888, 49.24633028238626], [-123.10809602289574, 49.246320523888826], [-123.10811402258437, 49.246310957665585], [-123.10813212371909, 49.246301584814375], [-123.10815032422258, 49.24629240641086], [-123.10816862200608, 49.246283423508366]]], "type": "Polygon"}, "properties": {"geo_point_2d": {"lon": -123.10755600439059, "lat": 49.24377974006418}}}, {"type": "Feature", "geometry": {"coordinates": [[[-123.12831314813522, 49.24942561970684], [-123.12775655948924, 49.24941703441044], [-123.1277446247914, 49.249690952329765], [-123.12770276876999, 49.24969030597006], [-123.12769071004438, 49.24996422400778], [-123.12768880417747, 49.2500190970068], [-123.127676868966, 49.250293014890865], [-123.12765769411102, 49.25073291169844], [-123.12767212263525, 49.25073307565931], [-123.12768668810567, 49.25073305956248], [-123.12770111593399, 49.25073295366368], [-123.12771554329812, 49.25073266785905], [-123.1277299699659, 49.25073211219657], [-123.12774439640127, 49.25073146658027], [-123.12775882237202, 49.25073064105815], [-123.1277732480869, 49.25072971658702], [-123.12778753571787, 49.250728531405215], [-123.12780196052604, 49.250727256117635], [-123.12781624745892, 49.25072580107624], [-123.12783053392647, 49.250724166129054], [-123.12784468251846, 49.250722351428124], [-123.12785883064481, 49.25072035682144], [-123.12787297853768, 49.250718272261004], [-123.1278869885546, 49.250716007946906], [-123.12790099810546, 49.25071356372708], [-123.1279148697801, 49.250710939753674], [-123.12792874122087, 49.25070822582657], [-123.12794247478517, 49.250705332145955], [-123.12795620788289, 49.25070225855968], [-123.12796980310391, 49.250699005219936], [-123.12798023952094, 49.25069638504368], [-123.12798326068062, 49.250695662078805], [-123.1279967177904, 49.250692139032076], [-123.12801003702313, 49.25068843623199], [-123.12816656679685, 49.250642836793546], [-123.12817961118394, 49.250639134278764], [-123.1281927932118, 49.25063552156208], [-123.12820596172966, 49.250631998811144], [-123.12821928186237, 49.25062865579499], [-123.12823260222623, 49.250625402729305], [-123.12824592282136, 49.25062223961411], [-123.1282593812906, 49.25061925624886], [-123.12827297716801, 49.25061627272948], [-123.12828657350993, 49.25061346911253], [-123.1283001703165, 49.250610845398], [-123.1283139045314, 49.25060822152927], [-123.12832763921111, 49.25060577756293], [-123.12834137412267, 49.25060342354698], [-123.12835263729018, 49.25060170194134], [-123.12835524690904, 49.250601249280756], [-123.12836911992741, 49.25059916496488], [-123.12838299317788, 49.25059717059936], [-123.12839700407022, 49.250595266031475], [-123.12841101542806, 49.250593541365916], [-123.12842502701825, 49.250591906650676], [-123.12843903907425, 49.25059045183777], [-123.12845318877247, 49.25058908682241], [-123.12846720129363, 49.25058781191011], [-123.1284813514572, 49.25058662679533], [-123.12849550208699, 49.25058562158284], [-123.12850965292634, 49.250584697325415], [-123.12852394166521, 49.250583961812644], [-123.12853809299396, 49.25058322645097], [-123.12855224502299, 49.250582760943615], [-123.1285665344614, 49.250582295281625], [-123.12858082436678, 49.250582009521885], [-123.12859497709596, 49.25058181386533], [-123.12860926770199, 49.25058179795812], [-123.12862342113206, 49.25058187215413], [-123.12863771220553, 49.25058203614743], [-123.12866725668806, 49.25058254296152], [-123.12898126582874, 49.25058767991541], [-123.12956734473751, 49.25059718873412], [-123.12957761947501, 49.250322822767245], [-123.12958788153794, 49.250048906561965], [-123.12958978530114, 49.24999403353369], [-123.12961033653391, 49.24944620104515], [-123.12919191514345, 49.2494395634655], [-123.12879409179614, 49.24943317126664], [-123.12839628254618, 49.24942687662979], [-123.12831314813522, 49.24942561970684]]], "type": "Polygon"}, "properties": {"geo_point_2d": {"lon": -123.12861991024438, "lat": 49.25003064109751}}}, {"type": "Feature", "geometry": {"coordinates": [[[-123.11586935603361, 49.256115690415534], [-123.11533186069562, 49.256016696121904], [-123.115318229624, 49.25602324025654], [-123.11528582741904, 49.25679735604748], [-123.1153058831785, 49.25681135058162], [-123.11584166082318, 49.256824532337106], [-123.11584474732034, 49.25674579410728], [-123.11584823147285, 49.25665493891989], [-123.11585172935553, 49.25656408371719], [-123.11585522722562, 49.25647322851296], [-123.11585872508317, 49.256382373307204], [-123.1158620855026, 49.25629151823772], [-123.11586558333529, 49.256200663028885], [-123.11586935603361, 49.256115690415534]]], "type": "Polygon"}, "properties": {"geo_point_2d": {"lon": -123.11557336522135, "lat": 49.25644097693562}}}, {"type": "Feature", "geometry": {"coordinates": [[[-123.12461224581132, 49.2548686963792], [-123.12460003304398, 49.255203340739094], [-123.12499582714534, 49.25520974058626], [-123.12547269033116, 49.25521740034717], [-123.12586642308477, 49.25522370949838], [-123.12653432616116, 49.255234475833504], [-123.1266181573978, 49.255235733274226], [-123.12713212610396, 49.25524370532405], [-123.12713498075485, 49.255178037076114], [-123.1271378354214, 49.25511237782256], [-123.12714069005743, 49.255046709572994], [-123.12714354468606, 49.25498104132263], [-123.12714639815208, 49.25491492331168], [-123.12714925274278, 49.254849246064474], [-123.12715210734918, 49.25478357781165], [-123.12715496194815, 49.25471790955801], [-123.12715766537664, 49.25465224146993], [-123.12716259853846, 49.254539795777134], [-123.126641064108, 49.25453138239613], [-123.1265578717466, 49.254510793542124], [-123.12641974456787, 49.25450869595972], [-123.12628163114256, 49.25450659819714], [-123.1262809922274, 49.254525488859876], [-123.12590720560105, 49.2545195102008], [-123.12545094935682, 49.2545121986646], [-123.12508265997674, 49.25450630132098], [-123.12462640394729, 49.254498977533174], [-123.12461485724664, 49.25481427247825], [-123.12461224581132, 49.2548686963792]]], "type": "Polygon"}, "properties": {"geo_point_2d": {"lon": -123.12588211903802, "lat": 49.25487022443776}}}, {"type": "Feature", "geometry": {"coordinates": [[[-123.12397309751582, 49.251571285441734], [-123.12447535336793, 49.25158153067927], [-123.12448185193753, 49.251433552213825], [-123.12448692262747, 49.25131885761924], [-123.12449199329443, 49.25120416302216], [-123.12449706393838, 49.251089468422585], [-123.12450212081825, 49.25097477383534], [-123.12450719026255, 49.25085962047545], [-123.12400492686041, 49.25084892562382], [-123.12392110198925, 49.250847216519894], [-123.12374520698637, 49.25084354609964], [-123.1235693120091, 49.25083987541157], [-123.12339341681081, 49.250836105508455], [-123.12321684855173, 49.250832426007655], [-123.12304095342809, 49.25082866456308], [-123.1228650585316, 49.250824983807505], [-123.12268916366075, 49.25082130278413], [-123.12239852473768, 49.250815143492325], [-123.12238632319175, 49.25114887932058], [-123.12238439766134, 49.25120375223996], [-123.12237148138497, 49.25153748880114], [-123.12265731488954, 49.25154356331093], [-123.12283321230196, 49.25154723538511], [-123.12300910998579, 49.251551006138676], [-123.12318500747212, 49.251554686672414], [-123.12336157852906, 49.25155845617139], [-123.12353747604463, 49.251562127173244], [-123.12371337383301, 49.251565896854494], [-123.12388995848482, 49.25156957557914], [-123.12397309751582, 49.251571285441734]]], "type": "Polygon"}, "properties": {"geo_point_2d": {"lon": -123.12343819909896, "lat": 49.25119838364848}}}, {"type": "Feature", "geometry": {"coordinates": [[[-123.12831357133133, 49.24906401101125], [-123.12859182928246, 49.24906828020501], [-123.12886802622144, 49.249072560022775], [-123.12914422320688, 49.249076839180184], [-123.1294204339793, 49.24908111766188], [-123.12969663103408, 49.24908538650339], [-123.12971204275622, 49.24867428718387], [-123.12971396125063, 49.24861986388535], [-123.12971995656663, 49.24844849800953], [-123.12972610298588, 49.24827713195858], [-123.12922385919863, 49.248269617102075], [-123.1291400396947, 49.248268361540745], [-123.12886865633301, 49.248264077004784], [-123.12861307508938, 49.24826004409791], [-123.12834099108336, 49.248255768097685], [-123.12825717045898, 49.248254062135516], [-123.12775494081036, 49.24824652288716], [-123.12775049240531, 49.2483810065084], [-123.12774589399287, 49.2485159400537], [-123.12774129439568, 49.24865042383545], [-123.12773631156803, 49.24879615207528], [-123.12772751149626, 49.24905476567081], [-123.12822975050433, 49.24906275479075], [-123.12831357133133, 49.24906401101125]]], "type": "Polygon"}, "properties": {"geo_point_2d": {"lon": -123.128726337114, "lat": 49.24866597478762}}}, {"type": "Feature", "geometry": {"coordinates": [[[-123.11835932113873, 49.25473999223474], [-123.11835546410701, 49.25485108715688], [-123.11835160705841, 49.25496218207674], [-123.11834777855266, 49.25507372672609], [-123.11863293028472, 49.255079452083415], [-123.11877104672695, 49.25508227860408], [-123.11890847605194, 49.25508509667159], [-123.11904659230873, 49.25508783291085], [-123.11918470879709, 49.255090658936965], [-123.11932281155869, 49.25509348481212], [-123.11946091431406, 49.255096301527026], [-123.1195990308488, 49.25509912705778], [-123.11965331546772, 49.255100240229716], [-123.11973714718144, 49.255101862471456], [-123.12001338032778, 49.25510751270737], [-123.12001647564196, 49.255023853946305], [-123.12001943461458, 49.25494064508659], [-123.12002252990861, 49.25485698632296], [-123.12002561142847, 49.2547733185771], [-123.12002822681121, 49.254718445015165], [-123.12004047148416, 49.25438425984178], [-123.11990235735551, 49.25438161474082], [-123.1197642430237, 49.25437887952277], [-123.11962612892424, 49.25437623409159], [-123.11948801483926, 49.25437358849528], [-123.11934991429388, 49.254370852767664], [-123.11921180004309, 49.25436812588435], [-123.11907368600198, 49.2543654797927], [-123.11893557178082, 49.254362752579155], [-123.11879745776889, 49.25436010615726], [-123.11865934355579, 49.25435736961827], [-123.11852122957303, 49.25435472286614], [-123.11837350930958, 49.25435182493021], [-123.11836193836692, 49.2546851187088], [-123.11835932113873, 49.25473999223474]]], "type": "Polygon"}, "properties": {"geo_point_2d": {"lon": -123.11919403823441, "lat": 49.2547292885872}}}, {"type": "Feature", "geometry": {"coordinates": [[[-123.11442567769927, 49.25680074778039], [-123.11482286572561, 49.256810689232715], [-123.11486679227862, 49.256789057048294], [-123.1148824042517, 49.2564220366591], [-123.1148863172124, 49.256331630830566], [-123.1148902301591, 49.25624122500049], [-123.1148984756863, 49.25624121680076], [-123.11490225119962, 49.256150820100714], [-123.1149060277226, 49.25606086416383], [-123.1149108241104, 49.255942572273305], [-123.11444218432138, 49.25593360144287], [-123.11437965300992, 49.25593231408253], [-123.11418656252624, 49.25592863713528], [-123.1140484445966, 49.25592607499201], [-123.113910326474, 49.25592342273165], [-123.11377220836593, 49.25592077030613], [-123.11363340314955, 49.255918118391314], [-123.11349528529739, 49.25591556458192], [-123.11335716723262, 49.25591291166021], [-123.11321904938812, 49.255910348525376], [-123.11308093135214, 49.255907695273415], [-123.11294281333069, 49.25590504185634], [-123.11280469552875, 49.25590247822612], [-123.1126665775566, 49.25589983347398], [-123.1126495975538, 49.25627674067115], [-123.11264697288837, 49.25633116429723], [-123.11263742387295, 49.25654346073959], [-123.11262802490292, 49.256755298270974], [-123.11287815681746, 49.25676162067337], [-123.1130877453863, 49.256766902799384], [-123.11329733399918, 49.256772184545156], [-123.11350623550084, 49.25677745759055], [-123.11434252916402, 49.25679858129533], [-123.11442567769927, 49.25680074778039]]], "type": "Polygon"}, "properties": {"geo_point_2d": {"lon": -123.11376996045094, "lat": 49.25635200101819}}}, {"type": "Feature", "geometry": {"coordinates": [[[-123.1161301785361, 49.25650934712572], [-123.11611723483612, 49.25684407216969], [-123.11625525918882, 49.256846613943814], [-123.1163932698127, 49.2568491555669], [-123.1165312804293, 49.25685168802988], [-123.11666929108091, 49.256854229323224], [-123.11666953735124, 49.25684793242263], [-123.11694532614726, 49.25685930240617], [-123.11708333681923, 49.256861834209694], [-123.11722134752634, 49.25686437484353], [-123.11735935822597, 49.256866906317306], [-123.11749736896078, 49.25686944662142], [-123.11763539343082, 49.256871977751466], [-123.11799623894231, 49.25687860806612], [-123.11800959686644, 49.2565442601864], [-123.11801178874622, 49.25648946807714], [-123.11802513270099, 49.256155111192], [-123.11780029447799, 49.25615088802225], [-123.11766236807996, 49.256148303018215], [-123.11752444169602, 49.25614571784953], [-123.11738652904741, 49.25614312350699], [-123.11724860269173, 49.256140538008964], [-123.1171106763502, 49.25613795234628], [-123.11697276374402, 49.25613535750981], [-123.11683483743073, 49.256132771517805], [-123.11669691113158, 49.25613018536114], [-123.11655898482535, 49.2561275900446], [-123.11642107229699, 49.25612500354474], [-123.1162831460191, 49.25612240789888], [-123.11614521977648, 49.25611982108355], [-123.11613229003918, 49.25645455513311], [-123.1161301785361, 49.25650934712572]]], "type": "Polygon"}, "properties": {"geo_point_2d": {"lon": -123.11707099893654, "lat": 49.256499147604956}}}, {"type": "Feature", "geometry": {"coordinates": [[[-123.11449167145379, 49.254763283382005], [-123.11499396945317, 49.25477267027609], [-123.11499786834284, 49.25468226443176], [-123.11500176721857, 49.25459185858588], [-123.11500567982239, 49.25450145272478], [-123.11500959241219, 49.25441104686213], [-123.11496767710969, 49.25441018905713], [-123.11497117752252, 49.25431979259974], [-123.11497481532183, 49.25422938700888], [-123.11501672942639, 49.254229795051415], [-123.11502064302043, 49.25413983894416], [-123.11502455555546, 49.25404943307537], [-123.11452226488923, 49.25404004630766], [-123.11445973700769, 49.25403920874851], [-123.11427077669035, 49.254035617803076], [-123.114132663831, 49.25403296580374], [-123.11399455098618, 49.2540303136393], [-123.11385643836276, 49.25402775126174], [-123.11371832558804, 49.254025116757475], [-123.11358021278645, 49.25402246409768], [-123.11344208646358, 49.25401990123829], [-123.11330397369079, 49.25401724824825], [-123.11316586093254, 49.2540145950931], [-123.11302843528516, 49.25401194110065], [-123.11289032278155, 49.25400938656331], [-123.11275221006655, 49.25400673291364], [-123.11273718161813, 49.25434092004028], [-123.11273455817228, 49.25439579344656], [-123.112720230319, 49.2547299708695], [-123.11285834482467, 49.2547325256084], [-123.11299645936484, 49.25473508917738], [-123.1131345741246, 49.25473774253325], [-123.11327268869307, 49.25474030577198], [-123.11341011616905, 49.25474286952008], [-123.11354823076553, 49.25474543242942], [-123.11368634558261, 49.25474808512563], [-123.1138244601867, 49.254750638709524], [-123.11396257503253, 49.254753291075495], [-123.11410068966481, 49.25475584432915], [-123.11423880433183, 49.25475840641289], [-123.11442914161952, 49.25476199604708], [-123.11449167145379, 49.254763283382005]]], "type": "Polygon"}, "properties": {"geo_point_2d": {"lon": -123.11386748146256, "lat": 49.25439013320639}}}, {"type": "Feature", "geometry": {"coordinates": [[[-123.1144500117627, 49.25575278979757], [-123.11495231979552, 49.25576217686373], [-123.11495596399757, 49.25567446985545], [-123.11495973934356, 49.25558406414952], [-123.11496351467606, 49.25549365844208], [-123.11496727625274, 49.255403252746774], [-123.11497117419424, 49.255312397153254], [-123.11497481835207, 49.25522469913275], [-123.11497872478512, 49.25513159472278], [-123.11498314955129, 49.25502499696565], [-123.1149861441476, 49.2549534819875], [-123.11450514574261, 49.25494452371249], [-123.1144213142524, 49.254942807722095], [-123.1142302891608, 49.25493921875496], [-123.11409217398972, 49.2549366566615], [-123.11395405883266, 49.25493409440291], [-123.11381594348279, 49.25493144202722], [-123.11367782837466, 49.25492888843358], [-123.1135397132805, 49.25492633467484], [-123.1134015981797, 49.25492377175579], [-123.11326279577811, 49.25492111939319], [-123.11312468070565, 49.254918556143075], [-123.1129865656472, 49.25491599272783], [-123.11284845039773, 49.25491333919547], [-123.11271033536757, 49.254910775449986], [-123.11269334125829, 49.25528723297138], [-123.11269141857261, 49.255342105684115], [-123.11267441147875, 49.25571902194323], [-123.11281252896731, 49.255721675681635], [-123.1129506464704, 49.25572432925494], [-123.1130887637825, 49.2557268927111], [-123.11322688131436, 49.25572954595414], [-123.11336568577502, 49.255732108405866], [-123.1135038033151, 49.25573475232264], [-123.1135725184169, 49.25573602508323], [-123.11364192086965, 49.25573739607429], [-123.1137800382526, 49.25573995870403], [-123.11391815585657, 49.25574261112061], [-123.11405627326779, 49.25574517342012], [-123.11419439090056, 49.255747825506454], [-123.11438679355899, 49.25575150312153], [-123.1144500117627, 49.25575278979757]]], "type": "Polygon"}, "properties": {"geo_point_2d": {"lon": -123.1138308952697, "lat": 49.255336428011724}}}, {"type": "Feature", "geometry": {"coordinates": [[[-123.11839080193282, 49.25383682179031], [-123.11838707815522, 49.2539461175501], [-123.11837923229629, 49.254170565360255], [-123.1185249044657, 49.25417346538996], [-123.1186671407496, 49.25417619785586], [-123.11880525445764, 49.25417893438601], [-123.11894336815902, 49.25418166175583], [-123.11908079479835, 49.254184398663924], [-123.1192188947876, 49.25418712571851], [-123.11935700855541, 49.25418986158902], [-123.11949512233822, 49.25419259729443], [-123.11963323591858, 49.25419524288271], [-123.11977134973108, 49.254197978257864], [-123.11990946355851, 49.25420071346788], [-123.12004757737913, 49.25420343951761], [-123.12005980803659, 49.25386924533152], [-123.12006173624201, 49.25381437247425], [-123.12007396673437, 49.25348018725939], [-123.11993585490846, 49.25347745224413], [-123.11979844414573, 49.25347480628905], [-123.11966033258865, 49.25347216989157], [-123.11952222080707, 49.25346943438179], [-123.11938410925741, 49.253466788658905], [-123.11924599750553, 49.253464052818906], [-123.11910789972681, 49.25346140675162], [-123.11896978826404, 49.25345877852381], [-123.11883167655651, 49.253456042188475], [-123.11869356507964, 49.25345339564004], [-123.11855545340183, 49.25345065897449], [-123.11840497373885, 49.25344776391055], [-123.11839273198709, 49.25378194895919], [-123.11839080193282, 49.25383682179031]]], "type": "Polygon"}, "properties": {"geo_point_2d": {"lon": -123.11922645357032, "lat": 49.25382546004722}}}, {"type": "Feature", "geometry": {"coordinates": [[[-123.12033603521468, 49.25387525461046], [-123.12032379267863, 49.2542094488383], [-123.12047633674024, 49.2542126181025], [-123.12061445086512, 49.25421544242169], [-123.12075256522486, 49.25421835652774], [-123.12088999225986, 49.254221172240435], [-123.12102810643132, 49.25422399606508], [-123.12116620709641, 49.254226909691006], [-123.12130363442024, 49.254229823858815], [-123.12144174885921, 49.25423273714093], [-123.12157917599392, 49.25423556102898], [-123.12171729022121, 49.2542383750345], [-123.12199283188859, 49.254244111218036], [-123.12199762890732, 49.254133015167994], [-123.12200230111922, 49.25402146948632], [-123.12200711072946, 49.253909923657176], [-123.12200971010775, 49.253855041063225], [-123.12202400246906, 49.253520853463314], [-123.12188589020478, 49.253518030827365], [-123.12174777773474, 49.25351511807429], [-123.12160966550161, 49.253512295108095], [-123.12147086597403, 49.25350938274718], [-123.1213327537721, 49.25350655944994], [-123.12119464138742, 49.25350365503078], [-123.12105654295837, 49.2535008313889], [-123.1209184305833, 49.253497917644324], [-123.1207796311352, 49.253495004452915], [-123.1206415190113, 49.25349218032928], [-123.12035017800133, 49.25348619652089], [-123.12034247319227, 49.25369714250936], [-123.12033796311411, 49.253820381748874], [-123.12033603521468, 49.25387525461046]]], "type": "Polygon"}, "properties": {"geo_point_2d": {"lon": -123.12117272686194, "lat": 49.253864964893374}}}, {"type": "Feature", "geometry": {"coordinates": [[[-123.11615471323692, 49.25198974559994], [-123.11614520492934, 49.25232392774316], [-123.11628331227911, 49.252326217532826], [-123.11642073256843, 49.25232850784973], [-123.11655883990078, 49.25233077931961], [-123.11669626021494, 49.25233306930877], [-123.1168336805415, 49.25233535913447], [-123.11697178795355, 49.25233764810108], [-123.11710920807094, 49.2523398386518], [-123.11724731550764, 49.25234212728903], [-123.11738473586237, 49.252344407464044], [-123.11752284330262, 49.25234668677668], [-123.11766026370348, 49.25234897561915], [-123.11779837118996, 49.2523512635976], [-123.11795296906801, 49.25235379543797], [-123.11816597076539, 49.25235734677866], [-123.11817959214453, 49.25202495930527], [-123.11818150864596, 49.25197009546952], [-123.11819514463389, 49.25163815771816], [-123.11796290656456, 49.25163391545133], [-123.11782480064383, 49.251631447763685], [-123.11768669452275, 49.2516288899589], [-123.11754790137387, 49.25162634168327], [-123.11740979549408, 49.251623873499504], [-123.11727168941472, 49.251621315198605], [-123.1171335833706, 49.2516187657278], [-123.116995477553, 49.251616306043935], [-123.11685668445227, 49.251613747942656], [-123.11671857842857, 49.251611188980526], [-123.11658047263067, 49.25160871980534], [-123.11644236665585, 49.25160616950822], [-123.11630426090629, 49.25160370899802], [-123.11616615493799, 49.25160114937549], [-123.11615664570134, 49.25193487278675], [-123.11615471323692, 49.25198974559994]]], "type": "Polygon"}, "properties": {"geo_point_2d": {"lon": -123.11716730227127, "lat": 49.25197989694654}}}, {"type": "Feature", "geometry": {"coordinates": [[[-123.11453007800867, 49.253859234611426], [-123.11503235309979, 49.2538686213605], [-123.11503612817425, 49.2537782156239], [-123.11503976581686, 49.25368781002258], [-123.11504354086459, 49.25359740428292], [-123.11504731589878, 49.25350699854172], [-123.11500540240598, 49.25350659050978], [-123.1150093149208, 49.253416184631554], [-123.11501516942353, 49.253280359940156], [-123.11502102491882, 49.25314497601016], [-123.1150249373777, 49.25305457012578], [-123.11458518343284, 49.25304602087684], [-123.11450135619525, 49.25304475470168], [-123.1143151482101, 49.2530412510536], [-123.11417703812272, 49.25303859910482], [-123.11399290519351, 49.253035101881935], [-123.11380875854816, 49.25303160437909], [-123.11362461190771, 49.25302809758751], [-123.1134865020988, 49.25302553476523], [-123.11334839209798, 49.2530228818258], [-123.11321028211164, 49.25302022872128], [-123.11307217216039, 49.25301758444682], [-123.1129340622236, 49.25301494000729], [-123.11279595228083, 49.25301228640743], [-123.11277896662216, 49.253391892385594], [-123.11277634327116, 49.25344676580182], [-123.11276004340857, 49.25382593031315], [-123.11289815539386, 49.2538284850067], [-123.11303626759853, 49.25383112948714], [-123.11317437983823, 49.25383378279768], [-123.11331249209249, 49.25383643594309], [-123.11345060436125, 49.2538390889234], [-123.11358871643813, 49.25384165178658], [-123.11372682873566, 49.25384430443665], [-123.11386494104772, 49.25384695692162], [-123.11400236625953, 49.253849600924234], [-123.11414047860056, 49.2538522530798], [-123.1142785907277, 49.25385480612303], [-123.11446686326119, 49.25385839773705], [-123.11453007800867, 49.253859234611426]]], "type": "Polygon"}, "properties": {"geo_point_2d": {"lon": -123.11390194634379, "lat": 49.25344234844524}}}, {"type": "Feature", "geometry": {"coordinates": [[[-123.11011353166869, 49.25056420611786], [-123.11009590020579, 49.250971247912965], [-123.11024637169272, 49.250974072849274], [-123.11038447561731, 49.250976639549926], [-123.11052257955598, 49.250979206085475], [-123.11066068368959, 49.25098185341281], [-123.11079878765653, 49.250984419618185], [-123.11093689163752, 49.250986985658436], [-123.11107499563256, 49.250989551533614], [-123.11121309982347, 49.25099219820055], [-123.11135120382659, 49.25099475475033], [-123.11148930786393, 49.25099732013022], [-123.11162741191531, 49.250999885344996], [-123.11176551598071, 49.25100245039469], [-123.11190362026348, 49.25100510523136], [-123.11204172433686, 49.251007660955636], [-123.1121798286484, 49.25101031546211], [-123.11231793275, 49.25101287085621], [-123.11245603688603, 49.25101543508042], [-123.1126065086367, 49.25101825694264], [-123.11262410675629, 49.25061166455648], [-123.11262673013114, 49.25055679111664], [-123.11264434164745, 49.25015018968638], [-123.11249318549027, 49.25014736854007], [-123.11235508356974, 49.25014471440605], [-123.11221696812676, 49.250142150072364], [-123.11207955331841, 49.250139512932044], [-123.11194145164451, 49.250136948255644], [-123.11180334978154, 49.250134293462054], [-123.1116652618768, 49.25013172844219], [-123.11152716004261, 49.25012907331843], [-123.1113890584456, 49.25012651697689], [-123.11118156232274, 49.250122579040706], [-123.11097475329484, 49.250118649067105], [-123.11083665153281, 49.250115993117895], [-123.11062915571746, 49.25011215313681], [-123.11042234675523, 49.25010821317908], [-123.11028424505085, 49.250105556569515], [-123.11013308915933, 49.25010273233517], [-123.11011547077594, 49.25050933338745], [-123.11011353166869, 49.25056420611786]]], "type": "Polygon"}, "properties": {"geo_point_2d": {"lon": -123.111369849841, "lat": 49.250560581351074}}}, {"type": "Feature", "geometry": {"coordinates": [[[-123.11686507385213, 49.25052821356503], [-123.11699080933988, 49.25053050602705], [-123.11712891212835, 49.250532965719245], [-123.11726701516461, 49.25053552419361], [-123.11740511821488, 49.25053808250288], [-123.1176813241221, 49.250543099678865], [-123.11795821734665, 49.25054820544507], [-123.11823440983792, 49.25055331126477], [-123.11824186640474, 49.25034417359852], [-123.11824919922101, 49.250135027055585], [-123.11797299617822, 49.25013028109135], [-123.1176967929734, 49.250125444514694], [-123.1174199027578, 49.25012059898074], [-123.11728180131882, 49.2501182295874], [-123.11714369987152, 49.25011585103377], [-123.11700559845845, 49.25011348131025], [-123.11687986422024, 49.25011126982024], [-123.1168132179491, 49.250109987940455], [-123.11634669630205, 49.25010193121658], [-123.11634250317188, 49.25024719936727], [-123.11633996742253, 49.25033760395478], [-123.11633730799585, 49.250428008665345], [-123.11633463481877, 49.25051841338829], [-123.11679842702009, 49.25052693167726], [-123.11686507385213, 49.25052821356503]]], "type": "Polygon"}, "properties": {"geo_point_2d": {"lon": -123.11729193389769, "lat": 49.250327138191665}}}, {"type": "Feature", "geometry": {"coordinates": [[[-123.1168321951373, 49.25143224906209], [-123.11695793294089, 49.251434550552986], [-123.11709603827094, 49.2514370192774], [-123.1172341437849, 49.25143955979835], [-123.11737224935537, 49.251442118144595], [-123.11751104200046, 49.251444675626914], [-123.11764914738517, 49.251447143690115], [-123.11778725297597, 49.25144969254503], [-123.11792535860214, 49.251452250230074], [-123.11806346422081, 49.2514547987548], [-123.11820225693567, 49.2514573554067], [-123.11821381237019, 49.25112317094557], [-123.1182157425202, 49.25106829809143], [-123.11822798484977, 49.25073412189859], [-123.11808988121189, 49.25073156457348], [-123.1179510905373, 49.25072900778471], [-123.11781298718428, 49.250726558071044], [-123.11767488358808, 49.25072400024983], [-123.11753678000582, 49.25072144226351], [-123.11739867643759, 49.250718884112096], [-123.11726057311763, 49.250716424742855], [-123.1171217825266, 49.25071386695775], [-123.11698367902127, 49.25071131730544], [-123.11685863010385, 49.250709015145944], [-123.11679129597815, 49.250707733949206], [-123.11632957699734, 49.250699222539176], [-123.1163270412027, 49.25078962711932], [-123.11632450539906, 49.250880031697996], [-123.11632198330642, 49.250970427266175], [-123.11631944748488, 49.251060831841926], [-123.11631691165437, 49.25115123641619], [-123.11631312216126, 49.25128706814113], [-123.1163093178502, 49.25142245011635], [-123.11676554708907, 49.25143096715644], [-123.1168321951373, 49.25143224906209]]], "type": "Polygon"}, "properties": {"geo_point_2d": {"lon": -123.11726720464435, "lat": 49.25107815241245}}}, {"type": "Feature", "geometry": {"coordinates": [[[-123.12095154208758, 49.25078431157276], [-123.12044928018969, 49.25077360126208], [-123.12044594119229, 49.25086400677082], [-123.1204427258527, 49.25095441214913], [-123.12043937309062, 49.251044817669175], [-123.1204361703749, 49.251134773269975], [-123.12043281756739, 49.25122516979181], [-123.12042946476978, 49.25131557530734], [-123.12042624937223, 49.25140598067813], [-123.120422896551, 49.251496386190645], [-123.1209251657763, 49.251507096608954], [-123.12099181403035, 49.25150837611483], [-123.12112992085909, 49.25151128977702], [-123.12126802770378, 49.251514203274105], [-123.121405433519, 49.25151701839529], [-123.1215435403953, 49.25151993156299], [-123.1217778410014, 49.25152481211451], [-123.12195717383655, 49.251528580848735], [-123.12209528075417, 49.25153148436165], [-123.12210818514983, 49.25119774784405], [-123.12211011098617, 49.25114287492898], [-123.12212232813367, 49.25080913911355], [-123.12191551407679, 49.25080468901572], [-123.12184680514956, 49.250803232311576], [-123.12170870027752, 49.250800328499665], [-123.1215705953993, 49.25079741552745], [-123.12143249053703, 49.25079450239014], [-123.1212943992114, 49.25079149912127], [-123.1211562943813, 49.250788585653765], [-123.12101818936924, 49.250785591064336], [-123.12095154208758, 49.25078431157276]]], "type": "Polygon"}, "properties": {"geo_point_2d": {"lon": -123.12127245357405, "lat": 49.25115264544561}}}, {"type": "Feature", "geometry": {"coordinates": [[[-123.11858527604004, 49.24848946421548], [-123.1185684254162, 49.24890056351531], [-123.11877796386358, 49.248904297184794], [-123.11898682905701, 49.24890803116762], [-123.11919638132835, 49.24891177305922], [-123.11940524636657, 49.24891541633349], [-123.11961478495891, 49.24891915748033], [-123.1198236502754, 49.2489228899502], [-123.12003320264833, 49.24892662132864], [-123.1202372586502, 49.248930277090324], [-123.12025410916769, 49.248519177545674], [-123.12025603807432, 49.24846476339001], [-123.1202703062857, 49.24812203025235], [-123.12012947553715, 49.24811948720022], [-123.11999137931622, 49.248117022093446], [-123.11985326958622, 49.24811464678792], [-123.11971517339192, 49.24811218135096], [-123.11957707721113, 49.248109715748924], [-123.11943898106547, 49.24810725897703], [-123.11930088493321, 49.24810480204003], [-123.11916278879272, 49.24810233594277], [-123.11902470640598, 49.24809986966625], [-123.11888662403268, 49.24809740322469], [-123.11874852795415, 49.24809494562742], [-123.11860218726754, 49.248092307429296], [-123.11858789377692, 49.24843504038561], [-123.11858527604004, 49.24848946421548]]], "type": "Polygon"}, "properties": {"geo_point_2d": {"lon": -123.11941947039172, "lat": 49.24851134193096}}}, {"type": "Feature", "geometry": {"coordinates": [[[-123.1205685670114, 49.247602694527565], [-123.12055428726752, 49.24794542774564], [-123.12076795655338, 49.24794871272861], [-123.12097681673836, 49.247951984361855], [-123.12118567677416, 49.24795518365581], [-123.12139452331652, 49.24795847253868], [-123.12160339714553, 49.247961671063], [-123.12181225723847, 49.247964860228926], [-123.12202111760145, 49.24796814796454], [-123.12223547428984, 49.2479715104645], [-123.12225040195312, 49.2476287853467], [-123.12225301117573, 49.24757256238719], [-123.1222679738344, 49.24723297654232], [-123.12205360591379, 49.24722933526276], [-123.1218440749827, 49.24722587738409], [-123.12163521712115, 49.247222328464474], [-123.12142567226489, 49.247218770894094], [-123.12121681468211, 49.24721531117011], [-123.12100726988423, 49.2472117528408], [-123.12079842585757, 49.2472081933987], [-123.1205847591082, 49.24720463861289], [-123.12057049332631, 49.24754737184218], [-123.1205685670114, 49.247602694527565]]], "type": "Polygon"}, "properties": {"geo_point_2d": {"lon": -123.12141017641531, "lat": 49.2475885288302}}}, {"type": "Feature", "geometry": {"coordinates": [[[-123.11661881717504, 49.24695605189896], [-123.11686339920665, 49.24696030237011], [-123.11711416424427, 49.24696453706066], [-123.11736492951574, 49.24696885216376], [-123.11761569485131, 49.246973175717734], [-123.11786714724975, 49.2469775070217], [-123.11811791267104, 49.2469818294855], [-123.11836867815668, 49.24698616040019], [-123.11838295902443, 49.246643427397856], [-123.11838488989648, 49.246589004258944], [-123.11839917054239, 49.246246271231094], [-123.11814840882273, 49.24624194937441], [-123.11789696015752, 49.24623762767445], [-123.11764621226332, 49.24623330471363], [-123.11739545065086, 49.24622897222729], [-123.1171446891026, 49.246224648191834], [-123.11689325437003, 49.24622033328848], [-123.11664936321223, 49.246216181130926], [-123.11656554748751, 49.2462149164433], [-123.11593761305056, 49.246203881481875], [-123.11592993934478, 49.24638873223555], [-123.11592241674244, 49.24657359182636], [-123.11591474399894, 49.24675890132302], [-123.11590707012537, 49.24694375205747], [-123.11653499916132, 49.24695434642495], [-123.11661881717504, 49.24695605189896]]], "type": "Polygon"}, "properties": {"geo_point_2d": {"lon": -123.11715320770621, "lat": 49.2465950226295}}}, {"type": "Feature", "geometry": {"coordinates": [[[-123.11870130528567, 49.24575187097946], [-123.11868787720128, 49.24607103568588], [-123.12034085254447, 49.24609947772575], [-123.12035149413742, 49.24578013582412], [-123.12035332571834, 49.245725334947146], [-123.12036396717666, 49.24540600201892], [-123.12012965657847, 49.245402000146036], [-123.11989533229954, 49.24539800680737], [-123.11966102179706, 49.245394012979176], [-123.11942669757032, 49.24539000969473], [-123.11919238714178, 49.245386014916015], [-123.11895806301065, 49.24538201967619], [-123.11871704746427, 49.245377904904046], [-123.11870361960003, 49.24569707862811], [-123.11870130528567, 49.24575187097946]]], "type": "Polygon"}, "properties": {"geo_point_2d": {"lon": -123.11952747674442, "lat": 49.245738818369894}}}, {"type": "Feature", "geometry": {"coordinates": [[[-123.11865914028296, 49.24664718292651], [-123.11864484756433, 49.24698990698021], [-123.118886681934, 49.24699415598975], [-123.11912370713561, 49.24699831949961], [-123.11936073235456, 49.247002473527935], [-123.11959774387242, 49.24700662708415], [-123.1198347691909, 49.24701078913507], [-123.12007179452652, 49.24701494170444], [-123.12030882014146, 49.24701919273481], [-123.12032104034577, 49.24667646163722], [-123.12032296908886, 49.246622038467905], [-123.12033448948836, 49.24627976683091], [-123.12009746743269, 49.246275524845124], [-123.11986044517725, 49.24627118342571], [-123.11962342296252, 49.24626684151998], [-123.11938640081013, 49.246262508123145], [-123.11914937869838, 49.24625817424001], [-123.11867534853053, 49.2462495859576], [-123.11866106977378, 49.24659231002271], [-123.11865914028296, 49.24664718292651]]], "type": "Polygon"}, "properties": {"geo_point_2d": {"lon": -123.11949075311891, "lat": 49.24663476786659}}}, {"type": "Feature", "geometry": {"coordinates": [[[-123.11514590779248, 49.24531553033834], [-123.11451497392697, 49.24530354613549], [-123.11443128270614, 49.24530195594782], [-123.11418894779656, 49.24529734729348], [-123.11394639309911, 49.245292738347594], [-123.11370383844596, 49.24528812889243], [-123.11346128383707, 49.245283518927984], [-123.11321872927252, 49.24527890845426], [-123.11297617475223, 49.24527429747127], [-123.11273362027625, 49.245269685978975], [-123.11265144057415, 49.24526812001274], [-123.11249120950022, 49.245261781581526], [-123.11247682654277, 49.24559550080215], [-123.11247447784316, 49.24565028406622], [-123.11246023832423, 49.245980710866924], [-123.11270287863543, 49.24598529586404], [-123.11294550523044, 49.24598987136972], [-123.11318814562972, 49.24599445534758], [-123.11343078605242, 49.24599902982058], [-123.11367341280004, 49.24600361279268], [-123.11391605331072, 49.246008186246435], [-123.11415869388605, 49.24601276818576], [-123.1144012108273, 49.24601734074268], [-123.11448490323552, 49.24601892195583], [-123.11511279567968, 49.24603077442569], [-123.11513934047684, 49.2453983380212], [-123.11514040671887, 49.24537759402688], [-123.11514185703922, 49.24535687334293], [-123.1151436909402, 49.245336183080006], [-123.11514590779248, 49.24531553033834]]], "type": "Polygon"}, "properties": {"geo_point_2d": {"lon": -123.11380150591447, "lat": 49.24564795829403}}}, {"type": "Feature", "geometry": {"coordinates": [[[-123.10959314381982, 49.24581409494937], [-123.10915943474166, 49.246024985033095], [-123.1091678322277, 49.246032353189904], [-123.10917636691505, 49.24603963126412], [-123.10918490160495, 49.24604690933767], [-123.10919343629733, 49.2460541874106], [-123.10920210838947, 49.246061465353016], [-123.10921078028574, 49.246068653342604], [-123.10921945238296, 49.2460759312837], [-123.10922826148317, 49.24608302918992], [-123.10923707078433, 49.24609021704761], [-123.10924601728695, 49.24609731482254], [-123.10925482639475, 49.24610441272671], [-123.10926391027998, 49.2461115013751], [-123.10927285659177, 49.24611850919577], [-123.10928194050204, 49.246125606837936], [-123.10929102401782, 49.24613252457506], [-123.10930010773468, 49.246139532263626], [-123.10930932865301, 49.246146449869315], [-123.10931868697142, 49.24615336734425], [-123.10932790789492, 49.24616028494843], [-123.10933726601992, 49.2461671124697], [-123.10934662414748, 49.24617393999019], [-123.10935611967518, 49.24618076737986], [-123.10936547780794, 49.24618759489881], [-123.10937511053977, 49.24619433220468], [-123.10938460587661, 49.24620106963984], [-123.10939423841494, 49.246207716991954], [-123.1094038711546, 49.246214454295405], [-123.1094136410958, 49.246221101515786], [-123.10942327342326, 49.24622764991809], [-123.10943318056859, 49.2462342070545], [-123.1094429505176, 49.246240854272365], [-123.10945285746935, 49.24624732145493], [-123.1094627646225, 49.246253878588796], [-123.10947267157941, 49.24626034576964], [-123.10948271573784, 49.24626672286728], [-123.10949276009777, 49.24627318991619], [-123.10950280426138, 49.24627956701207], [-123.10951298582542, 49.246285943976815], [-123.10952316719313, 49.246292230988516], [-123.10953334856343, 49.246298517999314], [-123.10954366733421, 49.24630480487893], [-123.10955398610761, 49.24631109175761], [-123.10956430468462, 49.24631728868322], [-123.1095746232642, 49.24632348560791], [-123.10958507904525, 49.246329592449186], [-123.10959553502798, 49.24633578924164], [-123.1096061280131, 49.246341805998526], [-123.10961658380191, 49.246347912836924], [-123.10962717679217, 49.246353929591855], [-123.10963790718309, 49.24635994621542], [-123.10964849997934, 49.24636587301623], [-123.10965923037541, 49.246371889637786], [-123.10966996037565, 49.24637772635406], [-123.10968082795587, 49.24638364389582], [-123.1096915579612, 49.24638948061007], [-123.1097024253672, 49.24639531719285], [-123.10971342997465, 49.24640106369198], [-123.10972429718646, 49.24640681032055], [-123.10973530179896, 49.246412556817575], [-123.10974630621469, 49.24641821336141], [-123.10975744803116, 49.24642386977366], [-123.10976845245189, 49.24642952631537], [-123.10977959407403, 49.246435092773325], [-123.10979073569862, 49.2464406592302], [-123.10980201472404, 49.2464462255554], [-123.1098132935525, 49.246451701927356], [-123.10982457238345, 49.24645717829821], [-123.1098358512169, 49.24646265466795], [-123.10984726725164, 49.24646804095379], [-123.10985854587054, 49.24647341837395], [-123.10987009910903, 49.24647871457474], [-123.10988151495158, 49.24648401090505], [-123.10989293079659, 49.24648930723422], [-123.1099044838428, 49.24649451347942], [-123.10991603689143, 49.246499719723445], [-123.10992772734096, 49.24650492583558], [-123.10993928019477, 49.24651004212514], [-123.10995097044943, 49.24651515828277], [-123.10996266070653, 49.246520274439206], [-123.10997448816474, 49.24652530051152], [-123.10998617822686, 49.24653032671344], [-123.10999800568985, 49.24653535278335], [-123.11000983295543, 49.24654028889989], [-123.1100216600235, 49.24654513506309], [-123.11003362469235, 49.246550071046336], [-123.11004545174507, 49.24655490821187], [-123.11005741601879, 49.24655966428838], [-123.11006951789338, 49.24656451018486], [-123.11008148197173, 49.24656917630672], [-123.11009358365101, 49.246573932248545], [-123.11010568513255, 49.24657859823695], [-123.11011778661641, 49.246583264224085], [-123.11012988790247, 49.24658784025782], [-123.11014212658947, 49.246592416159274], [-123.11015422788003, 49.24659699219044], [-123.1101664663714, 49.24660147813719], [-123.11017884226372, 49.24660596395159], [-123.11019066816296, 49.246610270384586], [-123.11020345625593, 49.24661475580319], [-123.11021583195469, 49.24661915166147], [-123.11022820745544, 49.24662345756629], [-123.1102405829583, 49.24662776346979], [-123.11025295824301, 49.246631970424595], [-123.11026547094868, 49.24663618624215], [-123.11027798365649, 49.24664040205835], [-123.11029049616604, 49.24664452792105], [-123.1103030086777, 49.2466486537824], [-123.11031565859028, 49.24665277951117], [-123.11032817090567, 49.246656815417644], [-123.11034082062203, 49.24666085119153], [-123.11035347013994, 49.246664797011896], [-123.11036598206047, 49.24666865301], [-123.11037890638022, 49.24667259856505], [-123.1103916930825, 49.24667644530258], [-123.1104043424079, 49.246680301165235], [-123.1104171291342, 49.246684156895164], [-123.11043005286025, 49.246687832588066], [-123.11044283938988, 49.24669159836302], [-123.11045576311976, 49.24669527405305], [-123.11046854945258, 49.246698949873], [-123.1104814729655, 49.2467025266128], [-123.1104945338994, 49.24670611221495], [-123.11050745723539, 49.246709607994916], [-123.11052038057323, 49.24671310377344], [-123.11053344131193, 49.24671659941903], [-123.11054650185163, 49.24672000511102], [-123.11055956239316, 49.246723410801536], [-123.11057260899568, 49.24672672655159], [-123.11057755817431, 49.246727981147245], [-123.11058566933987, 49.24673004228702], [-123.11059886688396, 49.24673326793729], [-123.11061192703067, 49.246736493717606], [-123.1106251245782, 49.24673971936487], [-123.11063832192646, 49.2467428550585], [-123.11065151927639, 49.24674599075062], [-123.1106648538261, 49.24674903635748], [-123.11067805097827, 49.246752082094424], [-123.11069138553123, 49.246755127698215], [-123.11070458248557, 49.24675808348], [-123.11071791684063, 49.24676103912859], [-123.110731250976, 49.24676389582829], [-123.11074458513305, 49.24676676152167], [-123.11075805648963, 49.246769537129644], [-123.1107713904485, 49.24677231286779], [-123.11078472440889, 49.2467750886044], [-123.11079544637693, 49.24677723717816], [-123.11079819556868, 49.246777774255555], [-123.11081166652862, 49.24678036995301], [-123.11082513769131, 49.24678305560103], [-123.11083860845277, 49.24678556134321], [-123.11085207941693, 49.24678815703594], [-123.11086555018115, 49.24679066277497], [-123.1108791581445, 49.246793078428425], [-123.1108927661092, 49.24679549408029], [-123.11090623667599, 49.24679790986243], [-123.11091984444182, 49.24680023555895], [-123.11093345220895, 49.24680256125388], [-123.11094705977581, 49.24680479699507], [-123.11096066734389, 49.246807032734665], [-123.11097427491319, 49.246809268472646], [-123.11098801966124, 49.24681140512967], [-123.11100162682969, 49.24681346096016], [-123.11101537139858, 49.24681551665703], [-123.11101729559394, 49.24681578466499], [-123.11102897856927, 49.24681757248429], [-123.1110427229387, 49.24681953822576], [-123.11105646730924, 49.2468215039656], [-123.11107021168083, 49.24682346970379], [-123.11108395585175, 49.24682534548822], [-123.11109769982185, 49.24682713131889], [-123.11111144379296, 49.24682891714793], [-123.11112532516441, 49.246830702843155], [-123.1111390689356, 49.24683239871677], [-123.11115281270776, 49.246834094588735], [-123.11116669367824, 49.24683570037473], [-123.11118057464962, 49.24683730615906], [-123.11119431802055, 49.24683882212182], [-123.11120819879166, 49.2468403379507], [-123.11122207956366, 49.24684185377791], [-123.11124434149696, 49.24684327158119], [-123.11147341964465, 49.246857874917474], [-123.11162004610165, 49.24686716934571], [-123.11170248962728, 49.24686879875737], [-123.11192439989114, 49.24687307260755], [-123.11214631041665, 49.246877444978814], [-123.11216131062679, 49.24652392676742], [-123.11216393532439, 49.2464695030595], [-123.11217893529003, 49.246115984820925], [-123.11195702819462, 49.246111621504504], [-123.11173512115793, 49.24610726675706], [-123.1116540530754, 49.24610572599181], [-123.11163990033842, 49.24610537985953], [-123.11162574739886, 49.246104943773375], [-123.1116115942568, 49.246104417733356], [-123.1115974409123, 49.24610380173945], [-123.11158328756817, 49.24610318574381], [-123.11156927141904, 49.24610247966162], [-123.11155511787298, 49.24610177371041], [-123.11154096392207, 49.24610088785316], [-123.11152694738924, 49.24610001085677], [-123.11151279343933, 49.246099124996064], [-123.11149877648216, 49.24609805909675], [-123.11148462212829, 49.24609699332832], [-123.11147060496984, 49.24609583747345], [-123.11145658760955, 49.24609459166475], [-123.11144257024998, 49.24609334585433], [-123.11142855268868, 49.24609201009007], [-123.11141453492576, 49.24609058437197], [-123.11140051716363, 49.24608915865217], [-123.11138663659726, 49.24608764284604], [-123.11137261843213, 49.24608603721858], [-123.11135873746291, 49.246084341504826], [-123.11134485649463, 49.2460826457894], [-123.11133990877694, 49.246082020891436], [-123.11133097532505, 49.24608086012017], [-123.11131709395427, 49.24607898449714], [-123.11130321258452, 49.24607710887242], [-123.11128933101367, 49.2460751432939], [-123.11127558663904, 49.24607308762923], [-123.11126170468637, 49.246070951138314], [-123.11124796011195, 49.24606880551821], [-123.11122047056257, 49.24606433436882], [-123.11120686298496, 49.24606200870726], [-123.11119325520663, 49.24605959309197], [-123.11117964742962, 49.24605717747506], [-123.11116603945199, 49.2460546719044], [-123.11115655500686, 49.24605288198348], [-123.11115243127382, 49.24605207638001], [-123.11113896029238, 49.246049390769684], [-123.11112548931239, 49.2460467051578], [-123.11111201813203, 49.24604392959218], [-123.11109854695316, 49.246041154025], [-123.11108507557401, 49.2460382885041], [-123.11107174139178, 49.2460353328974], [-123.11105840700941, 49.24603228733699], [-123.11104507262868, 49.24602924177506], [-123.1110317380479, 49.246026106259436], [-123.1110185406844, 49.24602288965332], [-123.11100534330247, 49.24601966405046], [-123.1109921457206, 49.24601634849397], [-123.1109789479389, 49.2460129429838], [-123.1109658875561, 49.24600953734017], [-123.11095282697356, 49.24600604174291], [-123.1109397661913, 49.24600245619202], [-123.11092684280798, 49.245998870507734], [-123.11091378182802, 49.24599519500176], [-123.11090099564407, 49.24599151923052], [-123.1108880716621, 49.245987663685455], [-123.11087528507915, 49.245983808007075], [-123.11086236112132, 49.24597996145434], [-123.11084971153662, 49.24597592573698], [-123.11083692475836, 49.2459719801022], [-123.11082427497644, 49.245967854429914], [-123.11081162519662, 49.24596372875623], [-123.11080653770524, 49.24596203353665], [-123.11079911263472, 49.245959521992454], [-123.1107866000548, 49.24595530623211], [-123.11077408747701, 49.245951090470406], [-123.11076157449894, 49.24594669480305], [-123.11074919912116, 49.24594238895477], [-123.11073682334323, 49.24593790320087], [-123.11072458496437, 49.24593341731396], [-123.11071220898978, 49.245928841605256], [-123.11070010781116, 49.24592426563193], [-123.11068786903687, 49.24591959983681], [-123.11067576746066, 49.24591484395664], [-123.11066366588676, 49.24591008807517], [-123.11065170151096, 49.2459052421087], [-123.11064221249029, 49.24590138324611], [-123.11063973713752, 49.24590039614098], [-123.11062790976125, 49.24589537013616], [-123.11061594519155, 49.24589043421382], [-123.11060425503598, 49.24588532711808], [-123.11059242746602, 49.24588021115746], [-123.1105807372952, 49.24587509506411], [-123.11056918432261, 49.24586988888593], [-123.11055763115162, 49.245864592754444], [-123.11054607798313, 49.245859296621795], [-123.11053466201291, 49.24585391040438], [-123.11052324584445, 49.245848434233686], [-123.11051196707511, 49.245842957930414], [-123.11050068810752, 49.245837391673895], [-123.11048940914249, 49.24583182541627], [-123.11048748338257, 49.24583083778225], [-123.11047826737585, 49.245826169074], [-123.11046712561178, 49.24582051273064], [-123.11045612104613, 49.24581476630269], [-123.1104451162824, 49.24580892992155], [-123.11043424891778, 49.245803093408], [-123.1104233813752, 49.245797175936495], [-123.1104126512116, 49.24579124933744], [-123.11040192085002, 49.24578523278522], [-123.11039119049107, 49.245779216232], [-123.11038059753115, 49.24577319954649], [-123.11037000437328, 49.24576709290786], [-123.11035954841395, 49.245760896184876], [-123.11034909245726, 49.2457546994609], [-123.11034331399243, 49.24575119683881], [-123.11033863630273, 49.24574841278384], [-123.11032831754719, 49.24574212597461], [-123.1103181359902, 49.2457357490811], [-123.1103079544358, 49.245729372186695], [-123.11029791007998, 49.24572290520805], [-123.11028786572678, 49.24571643822853], [-123.11027782117587, 49.245709881295966], [-123.11026791404387, 49.24570333322661], [-123.11025814409041, 49.24569668607789], [-123.11024837413956, 49.24569003892833], [-123.11023860399108, 49.2456833018258], [-123.11022897124138, 49.24567656459132], [-123.11021947569024, 49.24566973727281], [-123.11021080571966, 49.24566344888], [-123.11020062199195, 49.245656082502364], [-123.11019126344439, 49.24564907514614], [-123.11018204249571, 49.245642157610256], [-123.11017282134947, 49.24563515012148], [-123.11016360020582, 49.245628142631965], [-123.11015465365668, 49.245621044927546], [-123.11014570691005, 49.24561385727026], [-123.11013676016599, 49.245606669612265], [-123.11012795082048, 49.245599481822616], [-123.11011914149752, 49.24559230302749], [-123.11011046915299, 49.24558493520121], [-123.11010193440691, 49.24557765719548], [-123.11009339946338, 49.245570289236944], [-123.10965970942796, 49.24578164894275], [-123.10959314381982, 49.24581409494937]]], "type": "Polygon"}, "properties": {"geo_point_2d": {"lon": -123.11078311387438, "lat": 49.2463066900627}}}, {"type": "Feature", "geometry": {"coordinates": [[[-123.10988757769925, 49.24753810241764], [-123.10990036400808, 49.24754168834769], [-123.10991301291742, 49.24754527440705], [-123.10992579903025, 49.24754877038216], [-123.10993858534461, 49.24755235630797], [-123.10995150866269, 49.24755576219736], [-123.10996429478092, 49.2475592581682], [-123.10997708090098, 49.247562754137626], [-123.10999000422443, 49.2475661600227], [-123.1100027899484, 49.24756947608501], [-123.11001571327535, 49.2475728819672], [-123.1100286364042, 49.247576197895825], [-123.11004155953476, 49.247579513823], [-123.11005446892692, 49.24758282976179], [-123.11006739186101, 49.24758605573394], [-123.11008031479676, 49.247589281704656], [-123.11009337513568, 49.24759250754297], [-123.11010629807481, 49.24759573351075], [-123.11011935821706, 49.24759886939401], [-123.11013241836096, 49.24760200527578], [-123.11014534090495, 49.24760505133495], [-123.11015840103211, 49.24760817821858], [-123.11017146098078, 49.2476112241438], [-123.11018452093109, 49.24761427006756], [-123.11019771808431, 49.247617225906644], [-123.1102107778376, 49.24762018187531], [-123.11022397499397, 49.24762313771141], [-123.11023703475036, 49.247626093677084], [-123.11025023170956, 49.247628959558035], [-123.11026329126875, 49.24763182556863], [-123.11027648823102, 49.2476346914466], [-123.11027868765811, 49.24763513910874], [-123.11028968519483, 49.247637557323046], [-123.11030288195977, 49.24764033324587], [-123.11031607872619, 49.247643109167164], [-123.11032941269526, 49.247645795003635], [-123.11034260926417, 49.2476484809698], [-123.1103558058345, 49.24765116693444], [-123.11036913980789, 49.24765385276632], [-123.1103823363811, 49.247656538727924], [-123.11039567015682, 49.2476591346046], [-123.11040900393395, 49.247661730479756], [-123.11042233751185, 49.24766423640124], [-123.11043553366939, 49.24766673345732], [-123.11044886725, 49.24766923937573], [-123.11046233823365, 49.247671745161234], [-123.11047567161626, 49.24767416112445], [-123.11047952046934, 49.24767487706242], [-123.11048900500016, 49.2476765770861], [-123.11050233838537, 49.247678993046236], [-123.11051580917359, 49.24768140887337], [-123.11052914236059, 49.247683734878265], [-123.1105426129506, 49.24768606075017], [-123.11055594593928, 49.24768829679986], [-123.11056941653176, 49.24769062266862], [-123.11058288692463, 49.247692858583704], [-123.11059635711779, 49.24769500454509], [-123.11060982749296, 49.2476972314618], [-123.11062329768846, 49.24769937742005], [-123.11063676788515, 49.247701523376705], [-123.11065023788198, 49.24770357937969], [-123.11066370787992, 49.2477056353811], [-123.11067731528075, 49.2477076912493], [-123.11069078528094, 49.24770974724754], [-123.11070439248293, 49.24771171316045], [-123.11070686651975, 49.247712070598986], [-123.11071786228419, 49.24771367920342], [-123.11073146948831, 49.24771564511312], [-123.11074493927158, 49.247717602157714], [-123.11075854627664, 49.24771947811211], [-123.11077215308153, 49.247721264112776], [-123.11078576008863, 49.247723140063954], [-123.11079936689546, 49.247724926061416], [-123.11081297370329, 49.247726712057286], [-123.1108265805121, 49.24772849805155], [-123.11084018712052, 49.24773019409208], [-123.11085379372987, 49.24773189013102], [-123.11086740034015, 49.247733586168344], [-123.11088100674992, 49.24773519225195], [-123.11089475056245, 49.24773679820207], [-123.11090835697398, 49.24773840428246], [-123.1109221007883, 49.24774001022931], [-123.11093570700007, 49.24774152635436], [-123.11093708142194, 49.24774170493921], [-123.11094945061454, 49.247743042345846], [-123.1109630566264, 49.24774446851555], [-123.11097680024254, 49.24774598450379], [-123.110990406256, 49.24774741067027], [-123.11100414947045, 49.247748746751], [-123.11101789288735, 49.24775017278223], [-123.1110316361033, 49.247751508859714], [-123.11104537932003, 49.24775284493554], [-123.11105912233573, 49.24775409105763], [-123.11107272793001, 49.247755328314966], [-123.11108647094707, 49.24775657443381], [-123.11110035136674, 49.24775782041886], [-123.11111409418332, 49.24775897658229], [-123.11112783700058, 49.247760132744084], [-123.11114157981844, 49.247761288904236], [-123.11115532243501, 49.24776235511066], [-123.11116865284635, 49.24776342171206], [-123.11118294507187, 49.24776448738633], [-123.11119668748819, 49.2477654636357], [-123.11121043010709, 49.247766529835545], [-123.11122430972443, 49.247767415997245], [-123.11140253806535, 49.247775250030784], [-123.11157815539867, 49.247782897411234], [-123.11163792810434, 49.24778409900048], [-123.11187289624495, 49.24778862119301], [-123.11210717745833, 49.24779316156471], [-123.11212150191119, 49.24745043834851], [-123.11212413792326, 49.24740097101192], [-123.11213847588986, 49.24705824775704], [-123.11191656477834, 49.24705397431881], [-123.1116946534812, 49.24704960150695], [-123.11161152267529, 49.247047981748864], [-123.11149760231562, 49.247041075467656], [-123.111301505758, 49.247029318884266], [-123.11122248990351, 49.24702453755539], [-123.11120860948435, 49.24702320163256], [-123.11119472906591, 49.24702186570808], [-123.11118084844628, 49.24702043982978], [-123.11116710502536, 49.247018923865504], [-123.11115322440732, 49.2470174979839], [-123.1111393433863, 49.247015892196366], [-123.11112559996789, 49.247014376227135], [-123.11111171894862, 49.247012770436285], [-123.1111058091401, 49.24701205650133], [-123.11109797533014, 49.24701116451164], [-123.1110842315107, 49.24700946863323], [-123.11107035029238, 49.247007772885276], [-123.11105660627308, 49.24700598705145], [-123.11104286227496, 49.2470042102112], [-123.11102911825763, 49.247002424374095], [-123.11101537403964, 49.24700054858324], [-123.1110016298227, 49.24699867279074], [-123.11098802280495, 49.246996706912476], [-123.1109742783885, 49.24699474116459], [-123.11096053397313, 49.246992775415066], [-123.11094692675707, 49.24699071957984], [-123.11093318214238, 49.24698866387493], [-123.11091957472712, 49.24698651808434], [-123.11091201511964, 49.24698535596181], [-123.110905967313, 49.246984372292154], [-123.11089235990008, 49.24698222649836], [-123.11087875228692, 49.24697999075082], [-123.110865144675, 49.246977755001694], [-123.11085153686291, 49.24697542929882], [-123.11083792905208, 49.24697310359436], [-123.1108244586423, 49.246970777756474], [-123.1108108506327, 49.24696836209668], [-123.1107973800242, 49.246965946303504], [-123.11078392315696, 49.2469635304956], [-123.11077031497025, 49.24696103387411], [-123.1107568439633, 49.246958438171944], [-123.11074337315893, 49.246955932420335], [-123.11073003955445, 49.24695333658333], [-123.11072151695181, 49.24695163565738], [-123.11071656835057, 49.24695065092435], [-123.11070309714815, 49.246947965263786], [-123.11068976334684, 49.24694527947], [-123.11067642934593, 49.24694250372254], [-123.11066295794683, 49.24693972810516], [-123.11064962394893, 49.246936952354616], [-123.11063628975151, 49.24693408665039], [-123.11062295555564, 49.246931220944624], [-123.11060975856002, 49.24692826515364], [-123.11059642416632, 49.24692530949268], [-123.11058322717383, 49.24692235369866], [-123.11056989258246, 49.246919308082504], [-123.11055669539232, 49.246916262333315], [-123.110543498003, 49.246913126630496], [-123.11053387481144, 49.2469107970775], [-123.1105303006153, 49.24690999092615], [-123.11051710324939, 49.24690686421552], [-123.11050404306388, 49.2469036384246], [-123.1104908454805, 49.246900412763615], [-123.11047778509769, 49.2468970970176], [-123.11046472491732, 49.246893871222234], [-123.11045166433732, 49.24689046552113], [-123.11043860395975, 49.24688714977067], [-123.11042554338334, 49.2468837440666], [-123.11041262000764, 49.24688024827761], [-123.11039955943481, 49.2468768425706], [-123.11038663586221, 49.24687325682657], [-123.11037371249198, 49.24686976103321], [-123.11036078892307, 49.246866175286286], [-123.11031404405108, 49.246853176843096], [-123.11030139508928, 49.24684950087498], [-123.11028874612934, 49.24684582490546], [-123.11027609699099, 49.24684206797765], [-123.11026358525395, 49.24683831091732], [-123.11025107349876, 49.246834544860405], [-123.11023842414585, 49.2468306889811], [-123.11022591219425, 49.246826832969326], [-123.11021353744373, 49.24682288687298], [-123.11020102529585, 49.246818940906365], [-123.11018865054929, 49.246814994807345], [-123.11017613840538, 49.24681104883802], [-123.11016843844077, 49.2468085375158], [-123.11016376346262, 49.246807012784195], [-123.1101513883218, 49.24680288677691], [-123.11013915078237, 49.246798850589435], [-123.11012677564563, 49.246794724579495], [-123.11011453771016, 49.246790508485134], [-123.11010216237754, 49.246786292520426], [-123.11008992444623, 49.24678207642344], [-123.11007782391623, 49.24677786019425], [-123.11006558578914, 49.24677355414256], [-123.11005348508334, 49.246769256953904], [-123.1100412467606, 49.24676486094748], [-123.11002914583918, 49.246760464808894], [-123.11002639565734, 49.24675947795251], [-123.11001718231908, 49.2467560685382], [-123.11000508140194, 49.24675167239711], [-123.10999311768624, 49.24674718617177], [-123.10998101637382, 49.24674261012386], [-123.10996905266254, 49.24673812389603], [-123.10995722615272, 49.24673354758405], [-123.1099452620463, 49.246728881449485], [-123.1099334353412, 49.246724215182915], [-123.10992147123928, 49.24671954904587], [-123.10990964453865, 49.246714882776864], [-123.10989795503961, 49.24671012642381], [-123.10988777852891, 49.24670608824908], [-123.10988612814381, 49.246705370200246], [-123.10987443864929, 49.24670061384479], [-123.10986274895744, 49.24669576753601], [-123.10985105926785, 49.24669092122604], [-123.109839369401, 49.246685993957975], [-123.10982781691546, 49.24668105756289], [-123.10981612703327, 49.24667612129723], [-123.10980457455233, 49.246671184899796], [-123.10979302187425, 49.246666158549075], [-123.10978160659742, 49.24666113206661], [-123.10977019112349, 49.2466560156309], [-123.10975863825304, 49.24665089932457], [-123.10975327431433, 49.2466484757076], [-123.10974736018267, 49.246645782756055], [-123.10973594471581, 49.24664066631693], [-123.10972466645079, 49.246635459794035], [-123.10971325078934, 49.24663025340051], [-123.1097019723298, 49.24662495692326], [-123.10969083127145, 49.246619660314444], [-123.10967955281671, 49.24661436383498], [-123.10966841176314, 49.246609067223986], [-123.10965727051273, 49.24660368065977], [-123.10964612928467, 49.2465983030897], [-123.10963512523865, 49.246592826440796], [-123.10962398379638, 49.246587349921214], [-123.10961297975525, 49.24658187327019], [-123.10960211311522, 49.24657639648776], [-123.10959110887984, 49.2465708298825], [-123.10958024204555, 49.24656526314586], [-123.10956937521372, 49.24655969640819], [-123.10955850818532, 49.24655403971737], [-123.10954777855797, 49.246548382895206], [-123.10953691133552, 49.24654263625018], [-123.10952618171311, 49.24653697942602], [-123.10951558929273, 49.24653123251846], [-123.10950485927738, 49.24652539578802], [-123.10949715581077, 49.24652126528234], [-123.10949426686193, 49.24651964887849], [-123.10948367425009, 49.24651381201584], [-123.10947308164072, 49.24650797515222], [-123.10946262623347, 49.24650204820528], [-123.10945217082869, 49.2464961212574], [-123.10944171542644, 49.246490194308564], [-123.10943126002667, 49.246484267358774], [-123.10942094182903, 49.24647825032575], [-123.10941048623552, 49.24647223342193], [-123.10940030544126, 49.246466216256934], [-123.10938998705242, 49.24646010926899], [-123.10937980606442, 49.24645400215002], [-123.10937595374568, 49.24645166703663], [-123.10936962507897, 49.24644789503015], [-123.10935944389736, 49.246441697957245], [-123.10934940011654, 49.24643550075338], [-123.10933921894001, 49.24642930367867], [-123.10932931256247, 49.24642310634299], [-123.1093192685906, 49.24641681918433], [-123.1093093620195, 49.2464105318948], [-123.10929931785418, 49.246404154782255], [-123.10928954870616, 49.24639787635623], [-123.10927964194407, 49.24639149911197], [-123.1092698725827, 49.24638512173691], [-123.10926010302535, 49.24637865440887], [-123.10925033347054, 49.24637218707999], [-123.10924070131638, 49.24636571962035], [-123.10923106916471, 49.24635925215991], [-123.10922143681715, 49.24635269474651], [-123.10921194206855, 49.24634622715456], [-123.10920244692569, 49.24633957965754], [-123.10919295198374, 49.246333022111855], [-123.10918345684597, 49.24632637461325], [-123.10917409910867, 49.24631972698403], [-123.10916474139374, 49.246313088349225], [-123.10915538346319, 49.24630635076632], [-123.1091493282397, 49.246301948823], [-123.10914616293306, 49.24629961305283], [-123.10913694240544, 49.24629287533859], [-123.10912772188036, 49.246286137623606], [-123.10911863855736, 49.24627930982596], [-123.10910955523687, 49.24627248202759], [-123.10910047191891, 49.246265654228495], [-123.10909138860345, 49.246258826428694], [-123.10908244249008, 49.24625190854627], [-123.10907349637922, 49.246244990663165], [-123.10906455027086, 49.24623807277933], [-123.10905574136459, 49.24623106481296], [-123.1090469326589, 49.24622414679806], [-123.10904459273854, 49.246222260007656], [-123.10903812375759, 49.24621713883033], [-123.10902945205838, 49.246210040780106], [-123.10902078055966, 49.24620303268137], [-123.10901210886541, 49.246195934629824], [-123.1090035745712, 49.24618883644798], [-123.10899504027945, 49.24618173826549], [-123.10898650579215, 49.24617455013022], [-123.10897810890283, 49.246167451816845], [-123.10896957442046, 49.24616026368029], [-123.10896131453761, 49.24615298533178], [-123.10895291745764, 49.24614579706439], [-123.10894465757963, 49.24613851871468], [-123.10852468263896, 49.24634309678699], [-123.10845742854139, 49.24637554278245], [-123.1083400781185, 49.246432763623424], [-123.10832854925906, 49.24643853138328], [-123.10831702039694, 49.24644429914199], [-123.10830549153212, 49.24645006689954], [-123.10829410025968, 49.2464559244793], [-123.10828270918122, 49.24646187201007], [-123.10827145549841, 49.246467819410945], [-123.10826020200956, 49.24647385676287], [-123.10824908591637, 49.24647989398495], [-123.10823783242205, 49.24648593133468], [-123.10822685391844, 49.246492058378024], [-123.10821573821022, 49.246498275501175], [-123.10820475989772, 49.24650449249456], [-123.1081939189809, 49.24651070935822], [-123.1081830782579, 49.246517016173016], [-123.10817223753212, 49.24652332298677], [-123.1081615343986, 49.24652971962302], [-123.10815083145881, 49.246536206210436], [-123.10814026571832, 49.24654260271607], [-123.10812970036794, 49.246549179125026], [-123.10811913481837, 49.246555665580885], [-123.108108706861, 49.24656224185933], [-123.10809827909728, 49.24656890808898], [-123.10808798872935, 49.24657557418913], [-123.10807769855502, 49.2465823302405], [-123.10806754577658, 49.246589086162416], [-123.10805739299536, 49.24659584208346], [-123.10806565262314, 49.246603030543916], [-123.10807404965206, 49.246610218875254], [-123.10808244668344, 49.24661740720597], [-123.10809084369761, 49.246624586540854], [-123.10809937793627, 49.24663168478963], [-123.10810777477856, 49.246638783166325], [-123.10811630902211, 49.246645881413826], [-123.10812484326812, 49.246652979660674], [-123.10813351491547, 49.24666007777829], [-123.10814204896991, 49.246667086071724], [-123.1081507206222, 49.246674184188024], [-123.10815939208048, 49.24668119235153], [-123.10816214477519, 49.246683348630235], [-123.10816820094017, 49.24668820038572], [-123.10817687220688, 49.246695118595746], [-123.10818568107153, 49.246702126628584], [-123.10819448974215, 49.24670904470861], [-123.1082032984152, 49.24671596278795], [-123.1082122444898, 49.24672288073791], [-123.1082211905669, 49.24672979868717], [-123.1082301366465, 49.24673671663572], [-123.10823908253197, 49.246743544631435], [-123.10824802841991, 49.246750372626444], [-123.10825711170946, 49.246757200492], [-123.10826619500153, 49.246764028356836], [-123.10827527829612, 49.246770856220934], [-123.10827720483536, 49.24677220370023], [-123.10828436139649, 49.24677759413219], [-123.10829358189855, 49.246784331913915], [-123.10830280240314, 49.2467910696949], [-123.10831202291024, 49.24679780747513], [-123.10832124322307, 49.246804455302495], [-123.10833046373519, 49.246811193081236], [-123.10833982145232, 49.24681784077826], [-123.10834917917195, 49.246824488474516], [-123.10835853689409, 49.24683113616999], [-123.10836803182129, 49.246837693783675], [-123.10837738935159, 49.24684425152548], [-123.1083868842838, 49.2468508091376], [-123.10839637921849, 49.24685736674894], [-123.10839747998934, 49.24685808533471], [-123.10840587415574, 49.24686392435948], [-123.10841550649495, 49.246870481840304], [-123.10842500124028, 49.24687694949712], [-123.10843463338756, 49.246883417024186], [-123.10844440293693, 49.24688988442148], [-123.10845403489226, 49.24689626199477], [-123.1084636670471, 49.24690272951939], [-123.10847343640698, 49.24690910696206], [-123.1084832057694, 49.24691548440389], [-123.10849297513434, 49.24692186184488], [-123.1085028816846, 49.24692814020865], [-123.1085127884542, 49.24693451751891], [-123.10852255762957, 49.24694080500525], [-123.10853246420707, 49.24694709236166], [-123.10854250798963, 49.246953289636], [-123.10855241457217, 49.2469595769907], [-123.10856245835976, 49.24696577426327], [-123.10857250214984, 49.246971971534975], [-123.10858254594245, 49.2469781688058], [-123.1085925897376, 49.24698436607574], [-123.10860277073776, 49.2469904732635], [-123.10861295174041, 49.24699658045036], [-123.10862313274559, 49.247002687636304], [-123.10863331375329, 49.24700879482136], [-123.10864349456612, 49.24701481205336], [-123.1086522996061, 49.24702002100745], [-123.10865381297873, 49.24702091910738], [-123.10866399379653, 49.24702693633756], [-123.10867431181934, 49.247032863485465], [-123.10868476744199, 49.24703888045531], [-123.10869508546975, 49.247044807601334], [-123.1087054035, 49.247050734746416], [-123.1087158589327, 49.2470566617613], [-123.10872631436791, 49.24706258877522], [-123.1087367696081, 49.24706842583605], [-123.10874736244831, 49.24707435271872], [-123.10875781749588, 49.24708009982551], [-123.10876841014354, 49.2470859367541], [-123.10877900279368, 49.24709177368173], [-123.10878725668019, 49.24709626352586], [-123.10878959524872, 49.247097520656226], [-123.10880032508655, 49.24710325850515], [-123.10881091754649, 49.2471090054777], [-123.10882164721134, 49.2471146623677], [-123.1088323770764, 49.24712040920884], [-123.10884310674619, 49.24712606609683], [-123.10885383641842, 49.24713172298382], [-123.10886470329557, 49.24713728978822], [-123.10887543297271, 49.24714294667318], [-123.10888629985473, 49.24714851347552], [-123.1088971667392, 49.24715408027683], [-123.10890817082854, 49.24715955699545], [-123.1089190377179, 49.247165123794694], [-123.10892605284994, 49.24716862532122], [-123.10893004181213, 49.247170600511225], [-123.10894090850846, 49.247176077356265], [-123.1089519124096, 49.24718146411856], [-123.10896305391142, 49.247186940702356], [-123.10897405781739, 49.24719232746252], [-123.10898519912611, 49.247197714092025], [-123.10899620301707, 49.24720309185487], [-123.10900734413262, 49.2472083885301], [-123.10901848544859, 49.247213775156375], [-123.10902962637086, 49.2472189818773], [-123.10904090489399, 49.24722427841962], [-123.10905218341955, 49.247229574960805], [-123.10906332434891, 49.24723478167847], [-123.10906937611246, 49.24723756448715], [-123.10907460268109, 49.247239988265335], [-123.10908588101566, 49.2472451948511], [-123.10909729655494, 49.24725031135385], [-123.10910857469601, 49.24725542798525], [-123.10911999023998, 49.247260544485776], [-123.10913140578631, 49.24726566098515], [-123.10914282133501, 49.24727077748339], [-123.10915423668776, 49.24727580402836], [-123.10916565204282, 49.24728083057222], [-123.10917720480083, 49.24728585698509], [-123.10918875736284, 49.24729079344467], [-123.10920017252649, 49.247295730032974], [-123.10921172509308, 49.24730066649023], [-123.10921653848129, 49.24730264089097], [-123.10922341506264, 49.24730560281644], [-123.10923496763387, 49.247310539271375], [-123.10924652000891, 49.247315385773014], [-123.10925820978694, 49.24732023214357], [-123.10926989936874, 49.24732498856079], [-123.10928158915132, 49.24732983492896], [-123.10929327873764, 49.247334591343815], [-123.1093049683262, 49.247339347757475], [-123.1093167953178, 49.24734410403993], [-123.10932862211305, 49.24734877036906], [-123.10934031150973, 49.247353436827005], [-123.10935213830943, 49.247358103153694], [-123.10936410251219, 49.247362769349124], [-123.10936781551368, 49.247364205071285], [-123.10937592911765, 49.24736734572125], [-123.10938775572531, 49.24737192209216], [-123.109399719736, 49.247376498331754], [-123.10941168374895, 49.24738107457009], [-123.10942351016439, 49.2473855609852], [-123.10943561138382, 49.2473900471388], [-123.10944757520448, 49.24739453342128], [-123.10945953882847, 49.247398929750396], [-123.10947163985554, 49.24740332594806], [-123.10948360348381, 49.24740772227467], [-123.10949570451517, 49.247412118469825], [-123.10950780554866, 49.2474165146637], [-123.10951990638534, 49.24742082090417], [-123.10952265659388, 49.24742180777247], [-123.10953200722415, 49.24742512714339], [-123.10954424526706, 49.2474293432989], [-123.10955634611005, 49.247433649535544], [-123.10956858415713, 49.24743786568848], [-123.10958082220631, 49.24744208184012], [-123.10959306005846, 49.24744620803832], [-123.10960529811176, 49.24745042418735], [-123.1096175359481, 49.247454541387754], [-123.10962977380639, 49.247458667582066], [-123.10964214886867, 49.24746270369254], [-123.10965438653183, 49.2474667399321], [-123.10966676157817, 49.24747076704473], [-123.10967913664648, 49.24747480315124], [-123.10968064905535, 49.24747525147699], [-123.10969151151751, 49.2474787493043], [-123.10970388658981, 49.247482785408145], [-123.1097163986667, 49.24748664147593], [-123.10972877354367, 49.24749058762498], [-123.10974128562444, 49.247494443690066], [-123.10975366030594, 49.24749829988431], [-123.10976617239061, 49.2475021559467], [-123.1097786844772, 49.24750601200771], [-123.10979119636632, 49.24750977811525], [-123.10980384565856, 49.24751354409084], [-123.10981635735197, 49.24751722024352], [-123.10982886924677, 49.24752098634697], [-123.10984151834518, 49.247524662366295], [-123.10988757769925, 49.24753810241764]]], "type": "Polygon"}, "properties": {"geo_point_2d": {"lon": -123.11015694011151, "lat": 49.24710290305494}}}, {"type": "Feature", "geometry": {"coordinates": [[[-123.11020677844671, 49.24841609268423], [-123.11019191160764, 49.24875579372239], [-123.11089153660505, 49.2487680684494], [-123.11206330443872, 49.24878860730793], [-123.11207847449683, 49.24844891472881], [-123.11208091994469, 49.248394131405746], [-123.11209964682885, 49.24797480057302], [-123.11186536479735, 49.24797027817724], [-123.11163108282813, 49.247965764301526], [-123.11139678716054, 49.24796124996394], [-123.11116250527515, 49.24795673513796], [-123.11092822343171, 49.247952219836854], [-123.11069392786983, 49.24794769507857], [-123.1104596461103, 49.24794317882717], [-123.11022767285368, 49.247938704874336], [-123.11020917100254, 49.24836130945143], [-123.11020677844671, 49.24841609268423]]], "type": "Polygon"}, "properties": {"geo_point_2d": {"lon": -123.11114500930576, "lat": 49.24836444101597}}}, {"type": "Feature", "geometry": {"coordinates": [[[-123.10751639033039, 49.250515424432315], [-123.10749806324208, 49.25092201671534], [-123.10769182077293, 49.2509257042175], [-123.1078312847818, 49.250928263707095], [-123.10803809697092, 49.25093220830015], [-123.10819956147971, 49.25093520552632], [-123.10836033895389, 49.25093820317123], [-123.1085211166443, 49.25094129054444], [-123.10865922039136, 49.250943859307554], [-123.10886671972354, 49.2509477837806], [-123.10907353187545, 49.250951636567954], [-123.10921163567895, 49.25095420467066], [-123.10934973969519, 49.25095686256037], [-123.10948784352705, 49.250959430332905], [-123.10962594737296, 49.25096199794033], [-123.10981970519292, 49.2509656728784], [-123.10983732618152, 49.250559080896885], [-123.10983926559469, 49.25050420817083], [-123.10985688626468, 49.25009761615393], [-123.10966381886142, 49.25009393162793], [-123.10952573097691, 49.25009127409855], [-123.10938762956486, 49.25008870636921], [-123.10924952798824, 49.25008605751792], [-123.10911142660451, 49.250083489458405], [-123.10897332503687, 49.250080831281714], [-123.10883522348378, 49.250078172939915], [-123.10869643492317, 49.25007552407465], [-123.10855833359645, 49.25007295535395], [-123.10842023208681, 49.250070296516064], [-123.10821342348848, 49.2500663615992], [-123.1080059278611, 49.25006241795919], [-123.10786782640946, 49.250059758460935], [-123.10772973890893, 49.25005718873689], [-123.10753667181592, 49.25005350065593], [-123.10751833231434, 49.25046055174304], [-123.10751639033039, 49.250515424432315]]], "type": "Polygon"}, "properties": {"geo_point_2d": {"lon": -123.10867771714203, "lat": 49.25050974284172}}}, {"type": "Feature", "geometry": {"coordinates": [[[-123.10739139766856, 49.25334493451696], [-123.10737438419798, 49.253724539694296], [-123.107568152689, 49.253728227394475], [-123.10770626414376, 49.2537307882949], [-123.10784437563214, 49.25373335802542], [-123.10801546915204, 49.25373661637777], [-123.10822504145857, 49.253740558056535], [-123.1083968083784, 49.25374381521337], [-123.10853491993761, 49.253746384118344], [-123.10867303151088, 49.25374895285821], [-123.10881114307846, 49.253751512437766], [-123.10894994197068, 49.25375417015152], [-123.1090880535864, 49.253756738395225], [-123.10922616519632, 49.25375929747862], [-123.10936496413186, 49.25376195469375], [-123.109503075989, 49.25376461239332], [-123.10969478331101, 49.25376820852819], [-123.10971179274432, 49.25338860301159], [-123.10971442048614, 49.25333417942217], [-123.10973142962524, 49.25295457387421], [-123.10953903836976, 49.25295097844885], [-123.10940092880064, 49.25294832978549], [-123.10926213234305, 49.252945762563634], [-123.10912402298119, 49.25294319452607], [-123.10898591343533, 49.25294053637137], [-123.10884780410186, 49.25293796800359], [-123.10870969458492, 49.25293530951866], [-123.10857158527976, 49.25293274082067], [-123.1084328026686, 49.25293018158473], [-123.1082946933916, 49.25292761255571], [-123.10815658412871, 49.25292504336159], [-123.1080184747032, 49.252922393045544], [-123.10794906260571, 49.2529210186858], [-123.107880351531, 49.25291973358199], [-123.10774224231076, 49.25291716389253], [-123.10760344582783, 49.252914504725844], [-123.10741036779572, 49.25291090639542], [-123.10739402698344, 49.25329006121793], [-123.10739139766856, 49.25334493451696]]], "type": "Polygon"}, "properties": {"geo_point_2d": {"lon": -123.10855281794261, "lat": 49.25333954005458}}}, {"type": "Feature", "geometry": {"coordinates": [[[-123.10488410289298, 49.25424721877206], [-123.1051912728438, 49.25458739060937], [-123.10527441593545, 49.254588934019786], [-123.10541252988797, 49.254591596607476], [-123.1055506438551, 49.25459425903005], [-123.10568875764477, 49.25459683133547], [-123.10582687164082, 49.2545994934278], [-123.10596498545894, 49.254602065403], [-123.10610309948392, 49.2546047271651], [-123.10624121350419, 49.25460737976689], [-123.10637934130042, 49.2546100411861], [-123.10651745536917, 49.25461270245283], [-123.1066555692393, 49.254615264607224], [-123.10679368333692, 49.254617925543734], [-123.10693179744914, 49.25462058631512], [-123.10705823020747, 49.25462298788967], [-123.10707328335448, 49.25428881049979], [-123.10707591307045, 49.254233937216746], [-123.10709030637285, 49.25389976041352], [-123.10696387584889, 49.25389753877656], [-123.1068250770457, 49.253895058581165], [-123.10682443071322, 49.253913949143254], [-123.10668631879138, 49.25391138718909], [-123.10668696517652, 49.253892496627714], [-123.10654885330203, 49.25388992551395], [-123.10641074124824, 49.25388726428303], [-123.10627262920907, 49.25388460288699], [-123.10613451737733, 49.25388203127788], [-123.10599639162515, 49.253879369564245], [-123.10585759255409, 49.2538767172976], [-123.1057194807651, 49.25387414519233], [-123.10558136879838, 49.2538714829699], [-123.10544325703782, 49.25386891053439], [-123.10530514529138, 49.25386633793377], [-123.10516703338705, 49.253863684211204], [-123.10502892147818, 49.253861021328326], [-123.10490180366646, 49.253858618155235], [-123.10488673503352, 49.254192345536794], [-123.10488410289298, 49.25424721877206]]], "type": "Polygon"}, "properties": {"geo_point_2d": {"lon": -123.10601391387692, "lat": 49.25423317400429}}}, {"type": "Feature", "geometry": {"coordinates": [[[-123.10761172464022, 49.24837194370271], [-123.10759318816548, 49.24878263817235], [-123.10781158794667, 49.248786392473654], [-123.10802078126564, 49.24878998406105], [-123.10822997463399, 49.248793584264845], [-123.10843918175294, 49.24879717508173], [-123.10864837516112, 49.24880076553264], [-123.10885756859902, 49.248804355604776], [-123.10906676208647, 49.248807954293305], [-123.10927595558383, 49.24881154360781], [-123.10948514911092, 49.248815132543506], [-123.10948633972338, 49.24878810075119], [-123.10991394688043, 49.248795439619826], [-123.10993065521338, 49.24841167823208], [-123.10993304807451, 49.248356895004754], [-123.10995148176197, 49.247933471971], [-123.10975838157006, 49.247929787634874], [-123.10962040969807, 49.24792715709461], [-123.10948242410021, 49.247924526402585], [-123.1092754594806, 49.24792058454011], [-123.10906849487353, 49.24791663331165], [-123.10893052307348, 49.247914001947436], [-123.10879253754761, 49.24791137043137], [-123.10865456577638, 49.24790873873757], [-123.10851658027929, 49.2479061068919], [-123.10837860853685, 49.247903474868515], [-123.10824062306857, 49.247900842693205], [-123.10810265135493, 49.24789821034025], [-123.10796466591545, 49.247895577835344], [-123.10782669423061, 49.2478929451528], [-123.10763352566755, 49.24788926632424], [-123.10761420250739, 49.248317160444465], [-123.10761172464022, 49.24837194370271]]], "type": "Polygon"}, "properties": {"geo_point_2d": {"lon": -123.1087665648987, "lat": 49.248354471489854}}}, {"type": "Feature", "geometry": {"coordinates": [[[-123.10443672292968, 49.24874537093375], [-123.10485513641362, 49.24875263788885], [-123.10485999464255, 49.24864604001289], [-123.10486156729364, 49.24861005766805], [-123.10486470075382, 49.24853899251135], [-123.10486784794556, 49.2484679273412], [-123.10487113159859, 49.24839642127998], [-123.10487427879139, 49.24832536510311], [-123.10487742595626, 49.24825429993011], [-123.1048813622816, 49.248166592864074], [-123.10445883165436, 49.24815932972698], [-123.10437501293806, 49.24815805619771], [-123.10426989580418, 49.248156352070446], [-123.10416546569265, 49.24815464722813], [-123.1040610355882, 49.2481529422914], [-123.1040342410479, 49.248152516661115], [-123.1039559184755, 49.248151237878446], [-123.10390301641422, 49.24815038594503], [-123.10385080136994, 49.248149533369855], [-123.10377247880682, 49.24814825446281], [-123.10374637128663, 49.248147828148674], [-123.10364125419522, 49.24814612344941], [-123.10348393581924, 49.24814356590118], [-123.103327290734, 49.248141007536574], [-123.10331553446474, 49.248433363019785], [-123.10330446602094, 49.248726167633336], [-123.1034095845018, 49.24872795359496], [-123.10351401598562, 49.2487297490717], [-123.10361913450018, 49.248731543837856], [-123.10372356599886, 49.248733339125174], [-123.10382868452831, 49.24873513370066], [-123.10393380306526, 49.24873692818049], [-123.10403823458628, 49.24873872318335], [-123.1041433531192, 49.248740508477304], [-123.10424778465509, 49.24874230329074], [-123.10435290322181, 49.24874409738923], [-123.10443672292968, 49.24874537093375]]], "type": "Polygon"}, "properties": {"geo_point_2d": {"lon": -123.10409222006373, "lat": 49.24844643537316}}}, {"type": "Feature", "geometry": {"coordinates": [[[-123.11614013250163, 49.252504736843434], [-123.1161198593445, 49.25322346656213], [-123.11812899110595, 49.2532609547866], [-123.11815815739028, 49.25253814977651], [-123.11614013250163, 49.252504736843434]]], "type": "Polygon"}, "properties": {"geo_point_2d": {"lon": -123.11713777863898, "lat": 49.25288158337648}}}, {"type": "Feature", "geometry": {"coordinates": [[[-123.1153347494124, 49.25563451338724], [-123.11532625486501, 49.25582252193779], [-123.11562184524811, 49.2558770973387], [-123.11587619098567, 49.255924058425585], [-123.11588695177119, 49.25564834418104], [-123.11589045056782, 49.25555793872126], [-123.11589393560962, 49.25546753327374], [-123.11589743543433, 49.255377577570826], [-123.11590092045125, 49.25528717212029], [-123.1159040322041, 49.25520756130616], [-123.11561044195295, 49.255125198386885], [-123.11531754041698, 49.255043103889825], [-123.11530790441392, 49.25527203285098], [-123.11530412972661, 49.25536243857269], [-123.11530036876813, 49.25545284427914], [-123.11529660779618, 49.255543249984065], [-123.11533851074049, 49.255544287586524], [-123.1153347494124, 49.25563451338724]]], "type": "Polygon"}, "properties": {"geo_point_2d": {"lon": -123.11559952544032, "lat": 49.255491876892144}}}, {"type": "Feature", "geometry": {"coordinates": [[[-123.1246222336951, 49.24801118415919], [-123.1246479512023, 49.24731628375539], [-123.12457982586238, 49.24727183083673], [-123.12254416090717, 49.247237631296514], [-123.12251165171678, 49.24797615631189], [-123.1246222336951, 49.24801118415919]]], "type": "Polygon"}, "properties": {"geo_point_2d": {"lon": -123.12358077847459, "lat": 49.247624970382184}}}, {"type": "Feature", "geometry": {"coordinates": [[[-123.12472692301698, 49.25215739454367], [-123.12471197594527, 49.252491583269006], [-123.12490161703406, 49.25249470663989], [-123.12503903817027, 49.252496986705076], [-123.12517714639392, 49.25249926586238], [-123.12531525460722, 49.252501535859366], [-123.12545334934208, 49.25250390465338], [-123.12559145760316, 49.252506183315376], [-123.12572956587667, 49.25250846181228], [-123.12586767413967, 49.252510731148874], [-123.12600578266688, 49.25251309926755], [-123.12614389095488, 49.25251536827393], [-123.12628199950761, 49.25251773606241], [-123.12641942076822, 49.25252001448558], [-123.12655752911651, 49.25252229199268], [-123.12669563747718, 49.25252456933465], [-123.12697185446646, 49.2525292134753], [-123.12710996286455, 49.252531490321964], [-123.12724808501656, 49.252533766988385], [-123.1272616270971, 49.25219957948026], [-123.12726423432832, 49.2521447057367], [-123.12726772596287, 49.25205968801932], [-123.1272718584275, 49.2519566881395], [-123.12727780365795, 49.251810509178775], [-123.12679269981292, 49.251802497112756], [-123.12672536395408, 49.2518012217074], [-123.12658725761004, 49.25179894439902], [-123.12644983834369, 49.25179666617356], [-123.12631173204736, 49.25179439753101], [-123.12617362553412, 49.25179203877134], [-123.12603551923982, 49.251789760803376], [-123.12589741295794, 49.25178748267031], [-123.12575930668845, 49.251785204372155], [-123.12562188749646, 49.251782925161834], [-123.12548378127454, 49.25178065552949], [-123.12534568878351, 49.251778376721944], [-123.12520758233606, 49.251776007812204], [-123.12506947612877, 49.25177372868937], [-123.12493205699886, 49.25177144865849], [-123.12474379283134, 49.25176833284648], [-123.12472884598604, 49.25210252159642], [-123.12472692301698, 49.25215739454367]]], "type": "Polygon"}, "properties": {"geo_point_2d": {"lon": -123.12599542257738, "lat": 49.25215106830246}}}, {"type": "Feature", "geometry": {"coordinates": [[[-123.12468731494963, 49.25306101654716], [-123.1246723810909, 49.25339520520042], [-123.1248633862992, 49.253398417114724], [-123.12500149703001, 49.25340069647963], [-123.12513960797787, 49.253403056636195], [-123.12527771873373, 49.25340533567087], [-123.12541582972989, 49.25340770449242], [-123.12555394051081, 49.25340998319688], [-123.1256920377679, 49.253412342707946], [-123.12582946146324, 49.25341461283533], [-123.1259675725104, 49.253416980997265], [-123.12610568334135, 49.25341925904211], [-123.1262437944141, 49.25342162687384], [-123.12638190527008, 49.25342390458846], [-123.12652001613844, 49.253426182137986], [-123.12665812724939, 49.25342854947437], [-123.12679623814279, 49.25343082669367], [-123.126934363021, 49.25343319368474], [-123.12721057131346, 49.25343781927446], [-123.12721742451598, 49.25327050957575], [-123.12722412764764, 49.253103640802955], [-123.12722673496611, 49.25304876706879], [-123.127230096268, 49.252966457071786], [-123.12723345755897, 49.2528841470735], [-123.12724030480813, 49.25271457956261], [-123.1267551921098, 49.25270656734763], [-123.12668785502218, 49.252705291921615], [-123.12655043323551, 49.25270301381822], [-123.12641232438334, 49.25270073630313], [-123.12627421554357, 49.252698458622945], [-123.1261361067162, 49.25269618077764], [-123.1259979976952, 49.25269382181044], [-123.12586057597056, 49.252691542886446], [-123.12572246718057, 49.25268926454664], [-123.12558437214453, 49.2526869860268], [-123.12544626340215, 49.252684716352], [-123.12530815467213, 49.252682446512125], [-123.1251707330093, 49.252680166767526], [-123.12503262428123, 49.252677887603035], [-123.12489451533867, 49.252675518321446], [-123.12487252795037, 49.252675182279205], [-123.12470420022171, 49.252672395666345], [-123.12468923799584, 49.25300614360911], [-123.12468731494963, 49.25306101654716]]], "type": "Polygon"}, "properties": {"geo_point_2d": {"lon": -123.12595698370994, "lat": 49.25305502598166}}}, {"type": "Feature", "geometry": {"coordinates": [[[-123.1222833383401, 49.25391591928479], [-123.12226904764262, 49.25425011588769], [-123.12242434032501, 49.254253270675854], [-123.12256245467017, 49.254256092666125], [-123.12256309388754, 49.25423675226207], [-123.12270120864014, 49.25423975399047], [-123.12270056947665, 49.25425909439525], [-123.12283799695447, 49.254261997742596], [-123.12297611134663, 49.25426481923833], [-123.12311421223595, 49.254267730535574], [-123.12325232686081, 49.25427063265788], [-123.12339044152397, 49.25427354361024], [-123.12352855597857, 49.25427636444552], [-123.12366667067336, 49.25427927506764], [-123.12380478538407, 49.254282185524644], [-123.1239429001107, 49.25428509581652], [-123.12408100086328, 49.25428790701087], [-123.1242191156215, 49.25429081697252], [-123.12435723039567, 49.25429372676906], [-123.12437150703015, 49.25395953891691], [-123.12437410381213, 49.253904665267534], [-123.12438836646102, 49.25357046841045], [-123.1242502537256, 49.25356756764435], [-123.12411214120904, 49.25356474766992], [-123.12397402848265, 49.2535618375784], [-123.12383592951397, 49.253558927307026], [-123.12369781681943, 49.25355601688527], [-123.12355970438777, 49.253553205245595], [-123.12342159172483, 49.25355029449362], [-123.12328347907783, 49.253547383576525], [-123.12314536644676, 49.2535444724943], [-123.12300795488652, 49.253541650452796], [-123.12286984228703, 49.25353873904118], [-123.12273172972577, 49.25353583645965], [-123.1225936173809, 49.25353301466979], [-123.12230021416885, 49.25352684906721], [-123.12229126715538, 49.25373779650133], [-123.12228593741244, 49.25386103668491], [-123.1222833383401, 49.25391591928479]]], "type": "Polygon"}, "properties": {"geo_point_2d": {"lon": -123.1233299735362, "lat": 49.25390968026703}}}, {"type": "Feature", "geometry": {"coordinates": [[[-123.12224849184933, 49.25481863560141], [-123.12223627905496, 49.25515417023677], [-123.12237438216123, 49.25515699246401], [-123.1225118119131, 49.25515981524019], [-123.12264992901534, 49.255162727075415], [-123.12278804588806, 49.25516553979838], [-123.12292616279852, 49.25516836135139], [-123.12306427994803, 49.25517127269125], [-123.12320239711349, 49.25517418386597], [-123.12334050032852, 49.255177004938275], [-123.12347861730125, 49.2551798258308], [-123.12361673451402, 49.255182736510164], [-123.12375485149536, 49.25518554807725], [-123.1238929685146, 49.25518836847439], [-123.12403108577463, 49.25519127865838], [-123.12416920305063, 49.25519418867723], [-123.1243237979789, 49.255197350657696], [-123.12433601484906, 49.254863596849596], [-123.12433862545812, 49.2548087231948], [-123.12435081356858, 49.25447453762284], [-123.12419553356791, 49.25447128646295], [-123.12405741833003, 49.254468385468805], [-123.12391930331067, 49.254465565266294], [-123.12378118808184, 49.25446265494669], [-123.12364307286893, 49.25445974446196], [-123.12350495767195, 49.25445683381212], [-123.12337577549265, 49.254454183314905], [-123.12323767409076, 49.25445128132602], [-123.12322942841638, 49.25445111021672], [-123.12309955894034, 49.25444837019152], [-123.12296144405164, 49.25444555783904], [-123.12274568215727, 49.254441019801156], [-123.12253885307332, 49.25443665179078], [-123.12240073824796, 49.25443383876797], [-123.1222626369356, 49.25443092661832], [-123.1222504039215, 49.2547637627331], [-123.12224849184933, 49.25481863560141]]], "type": "Polygon"}, "properties": {"geo_point_2d": {"lon": -123.12329328132176, "lat": 49.254814202735574}}}, {"type": "Feature", "geometry": {"coordinates": [[[-123.12255495949246, 49.24671534763313], [-123.12254342722227, 49.24705776340602], [-123.12290881733352, 49.247063914792214], [-123.1231800294186, 49.247068483366476], [-123.12338929889182, 49.247072011063224], [-123.12359856839413, 49.247075538380905], [-123.12380785164308, 49.24707905630955], [-123.12401712120356, 49.247082582869005], [-123.12422639079317, 49.24708610904936], [-123.12443566041186, 49.24708963485063], [-123.12492970442992, 49.24709794398271], [-123.1248984298575, 49.24801763232233], [-123.1261646350469, 49.248037539230374], [-123.12740544833403, 49.24805711844688], [-123.12743629159108, 49.247762040835035], [-123.12745787579031, 49.24713685737796], [-123.12748340881951, 49.24640193663415], [-123.12622084067728, 49.246380430065216], [-123.12454432957252, 49.24635184566097], [-123.12446063665591, 49.24635041565925], [-123.12425135630707, 49.246346844939], [-123.12404207598773, 49.2463432738396], [-123.12341423522895, 49.24633256726185], [-123.12320495502752, 49.24632899464593], [-123.12299567485557, 49.24632542165087], [-123.12278639471312, 49.2463218482767], [-123.12256833449754, 49.24631813091974], [-123.12255680240729, 49.24666054671748], [-123.12255495949246, 49.24671534763313]]], "type": "Polygon"}, "properties": {"geo_point_2d": {"lon": -123.1254657530168, "lat": 49.24706004034731}}}, {"type": "Feature", "geometry": {"coordinates": [[[-123.1240078955161, 49.25066811837662], [-123.12451015708456, 49.250678813217164], [-123.1245140599462, 49.25059155530788], [-123.12451796279436, 49.25050429739713], [-123.12452186562906, 49.25041703948493], [-123.12452575470937, 49.25032978158611], [-123.12452965751716, 49.25024252367103], [-123.12402810568462, 49.250233636194515], [-123.12396077315387, 49.250232808935955], [-123.12368386823675, 49.25022806838235], [-123.12354507916871, 49.25022570721187], [-123.12340630405627, 49.25022342681679], [-123.12326820203496, 49.25022105558458], [-123.12312941298312, 49.25021868491951], [-123.1229906239666, 49.2502163230829], [-123.12290748724362, 49.250214612511094], [-123.1224217401702, 49.25020659177389], [-123.12241851735831, 49.25029249961263], [-123.12241529342346, 49.25037795768983], [-123.12241208099462, 49.25046251623073], [-123.12240563531697, 49.25063434089393], [-123.12265642162137, 49.250639454062075], [-123.12290789507063, 49.25064458394531], [-123.12297454332979, 49.250646312068625], [-123.1231126341026, 49.25064921438237], [-123.12325073887862, 49.25065221546363], [-123.12338884344693, 49.250655126427766], [-123.12352694803114, 49.2506580372268], [-123.1236650526313, 49.250660947860716], [-123.12394126205955, 49.250666840594896], [-123.1240078955161, 49.25066811837662]]], "type": "Polygon"}, "properties": {"geo_point_2d": {"lon": -123.12347039322094, "lat": 49.25044051377997}}}, {"type": "Feature", "geometry": {"coordinates": [[[-123.12758097742689, 49.243570938171196], [-123.12759920057091, 49.24303437903965], [-123.12757613302011, 49.242501085755286], [-123.1275709485619, 49.24249916649895], [-123.12756555864883, 49.242497490340746], [-123.12755999080458, 49.2424960752407], [-123.12755429998404, 49.24249492113812], [-123.1275484861871, 49.24249402803301], [-123.1275425906993, 49.24249342286545], [-123.12753665466728, 49.242493078604326], [-123.12753067816041, 49.242493022235244], [-123.12752472984904, 49.242493244687175], [-123.12751880970991, 49.24249373696492], [-123.12751295898228, 49.24249450801817], [-123.1274977010958, 49.24249679165845], [-123.12748241559152, 49.242499021355734], [-123.12746711620822, 49.24250119709489], [-123.12745180292278, 49.24250330988067], [-123.1274364620197, 49.242505368723435], [-123.12742110723778, 49.24250737360803], [-123.12740573855388, 49.24250931553924], [-123.12739035601433, 49.24251121250749], [-123.12737495957293, 49.24251304652232], [-123.127359535491, 49.242514817598895], [-123.12734409753047, 49.24251653471728], [-123.12732865943009, 49.2425181978623], [-123.12731319371245, 49.242519807064255], [-123.12729771409325, 49.24252135331279], [-123.12728223433433, 49.242522845587956], [-123.12726672695834, 49.24252428392003], [-123.12725121941965, 49.242525659283515], [-123.12723568426395, 49.24252698070391], [-123.12722014896879, 49.24252824815091], [-123.1272046135111, 49.242529452629334], [-123.12718905043656, 49.24253060316463], [-123.1271734872227, 49.24253169972654], [-123.12715791010774, 49.24253273333498], [-123.12714233285357, 49.24253371297003], [-123.12712674169842, 49.24253462965159], [-123.1271111366654, 49.242535492374884], [-123.12709553149335, 49.24253630112478], [-123.12707991242046, 49.24253704692117], [-123.12706429320863, 49.242537738744176], [-123.1270486738579, 49.24253837659378], [-123.12703304060652, 49.24253895148987], [-123.12701740721633, 49.24253947241256], [-123.12700177366435, 49.24253993036664], [-123.12698612623494, 49.24254033436241], [-123.12697047866692, 49.24254068438477], [-123.12695483093722, 49.24254097143853], [-123.12693918306903, 49.242541204518865], [-123.12692352130057, 49.24254137464568], [-123.12690787313242, 49.242541490783985], [-123.12689221108718, 49.24254155296398], [-123.1268765626193, 49.242541552160255], [-123.12686090027445, 49.24254149739822], [-123.12684525150709, 49.24254137965246], [-123.12682960260156, 49.24254120793331], [-123.12681395355794, 49.24254098224073], [-123.12679830435327, 49.24254069357955], [-123.12678265501057, 49.24254035094494], [-123.12676700550693, 49.24253994534173], [-123.12675136960415, 49.24253948575002], [-123.12673573356354, 49.242538972184924], [-123.12611626582354, 49.24251735089057], [-123.12351123706938, 49.24242639893073], [-123.1234026091229, 49.2424226110803], [-123.12343860595107, 49.24138135551874], [-123.12077995772674, 49.241281430993915], [-123.12073395984146, 49.24267274593404], [-123.1206198353475, 49.246103855314985], [-123.12749143418385, 49.246220997640705], [-123.12749958241797, 49.24598107675271], [-123.12744691945215, 49.245015370416276], [-123.12747304037195, 49.24424229995364], [-123.12757205999027, 49.243570633185264], [-123.12758097742689, 49.243570938171196]]], "type": "Polygon"}, "properties": {"geo_point_2d": {"lon": -123.12388566994323, "lat": 49.244060744353625}}}, {"type": "Feature", "geometry": {"coordinates": [[[-123.11437213139875, 49.238869932169266], [-123.11434396110376, 49.23721217213526], [-123.11271586712999, 49.23708341299112], [-123.10807294603845, 49.237460414890265], [-123.10562073744815, 49.23741227353469], [-123.10549416092807, 49.24049510446484], [-123.10642154240462, 49.24051315289861], [-123.10720614473607, 49.241204638296544], [-123.10721536619482, 49.241212365646206], [-123.10722541098552, 49.24121964246889], [-123.10723641629733, 49.241226378684665], [-123.10724797017353, 49.24123266462808], [-123.10726020960826, 49.241238320266945], [-123.10727313460129, 49.24124334560106], [-123.10728648412295, 49.24124774087262], [-123.10730036807998, 49.241251505979385], [-123.10731466263154, 49.24125455108379], [-123.1073292305881, 49.24125696626557], [-123.1073439341753, 49.24125857174777], [-123.10735891118587, 49.241259556302396], [-123.10737388661737, 49.24125981224201], [-123.11097428599071, 49.244429309362594], [-123.11098282106988, 49.24443676720973], [-123.11099149374596, 49.24444431487639], [-123.11100030341419, 49.24445168250603], [-123.11100897569226, 49.24445905026701], [-123.1110179227585, 49.24446641776329], [-123.1110268698274, 49.24447378525886], [-123.11103581669725, 49.24448106280154], [-123.1110449007609, 49.244488250259295], [-123.11105412219989, 49.24449542858905], [-123.11106334366174, 49.24450261591326], [-123.11107270231737, 49.244509713152475], [-123.11108206097575, 49.24451681039092], [-123.11109155682792, 49.2445238175443], [-123.11110105268278, 49.2445308246969], [-123.11111054854035, 49.24453783184871], [-123.11112031878292, 49.2445446588311], [-123.11112995183703, 49.24455157589698], [-123.111139722085, 49.2445584028777], [-123.11114962972873, 49.2445652297254], [-123.11115953717325, 49.24457196662008], [-123.11116958181167, 49.24457861342953], [-123.11117962665469, 49.24458535019025], [-123.1111898084897, 49.244591906913534], [-123.11119999030716, 49.24459845464069], [-123.11121017214752, 49.24460501136217], [-123.11122049118175, 49.24461147799829], [-123.1112309476119, 49.244617944501194], [-123.11124099125887, 49.24462414154355], [-123.11125117209951, 49.244630248500535], [-123.11126149033596, 49.24463635532431], [-123.11127180837282, 49.24464237219498], [-123.11128212641216, 49.24464838906474], [-123.11129244445404, 49.24465440593357], [-123.11130289968956, 49.24466033271691], [-123.11131349211873, 49.244666169414785], [-123.1113240845504, 49.244672006111664], [-123.11133467698458, 49.24467784280756], [-123.11134540661237, 49.24468358941791], [-123.11135613602015, 49.24468923707986], [-123.11136686545062, 49.24469489373603], [-123.11137773227696, 49.24470055025875], [-123.11138873629693, 49.24470611669579], [-123.11139960272355, 49.244711593312104], [-123.11141074393953, 49.2447170696624], [-123.11142174756208, 49.244722456191965], [-123.11143288858054, 49.24472784258794], [-123.11144402960142, 49.244733228982845], [-123.11145530781579, 49.24473852529196], [-123.1114665858301, 49.2447437316478], [-123.1114778638468, 49.24474893800253], [-123.11148927905694, 49.24475405427141], [-123.11150069424919, 49.24475916154393], [-123.11151210946403, 49.24476427781053], [-123.11152366164946, 49.24476920504383], [-123.11153521406004, 49.24477423122335], [-123.11154690346137, 49.24477907736473], [-123.111558592865, 49.244783923504926], [-123.11157028227089, 49.24478876964393], [-123.1115819714764, 49.24479352582958], [-123.11159379807788, 49.24479828188134], [-123.1116057618726, 49.24480294784697], [-123.11161758807309, 49.244807523991966], [-123.11162955166952, 49.24481210000297], [-123.11164151506536, 49.24481658606058], [-123.11165361585714, 49.24482107198416], [-123.1116655790545, 49.24482546808711], [-123.11167781704157, 49.24482986392317], [-123.11168991743412, 49.24483416993861], [-123.11170215501966, 49.24483838586778], [-123.11171439258702, 49.244842592800445], [-123.11172663017675, 49.244846808727004], [-123.11173900495943, 49.244850934567225], [-123.11175137954119, 49.24485497045395], [-123.11176375392193, 49.244858916387194], [-123.11177612850771, 49.244862952271255], [-123.11178864008326, 49.24486680811673], [-123.11180115166079, 49.24487066396086], [-123.11181380043104, 49.244874429718486], [-123.11182631180928, 49.244878195607704], [-123.11183896038024, 49.24488187141041], [-123.11185160895303, 49.24488554721171], [-123.11186425732453, 49.244889133059495], [-123.11187704309182, 49.244892718772824], [-123.11188982845448, 49.244896124580414], [-123.11190261400182, 49.24489961134353], [-123.11191539916472, 49.24490292719614], [-123.11192832172333, 49.244906242914205], [-123.11194124428367, 49.24490955863083], [-123.11195416664238, 49.24491278439385], [-123.11196708879937, 49.24491592020325], [-123.11198014835206, 49.244919055878036], [-123.1119930703089, 49.244922101732385], [-123.11200612945794, 49.24492505749991], [-123.11201918860851, 49.244928013265955], [-123.11203238495123, 49.24493087894515], [-123.1120454439014, 49.244933744756075], [-123.1120586400436, 49.24493652048009], [-123.11207183618728, 49.244939296202595], [-123.11208503192523, 49.244941892019284], [-123.11209836526231, 49.24494457765331], [-123.11211156077904, 49.24494707451958], [-123.11212489371162, 49.244949580246214], [-123.11213822664551, 49.24495208597132], [-123.11215155917333, 49.244954411790566], [-123.11216489170238, 49.24495673760827], [-123.11217822423271, 49.24495906342443], [-123.11219169395463, 49.24496129915347], [-123.11220502607978, 49.24496344506224], [-123.11221849557985, 49.24496558184078], [-123.11223196489765, 49.2449676376608], [-123.11224543401264, 49.2449696035271], [-123.11225904052286, 49.24497156925834], [-123.11227250943607, 49.24497344516932], [-123.11228611574447, 49.244975320945194], [-123.11229958445571, 49.244977106900876], [-123.11231319035812, 49.24497880276924], [-123.11232679626144, 49.24498049863602], [-123.11234040194124, 49.24498209555382], [-123.11235400743821, 49.24498361151307], [-123.11236775033025, 49.24498512733708], [-123.11238135562476, 49.244986553340965], [-123.11239496071587, 49.244987889391076], [-123.11240870320196, 49.244989225305915], [-123.11242244548458, 49.24499047126696], [-123.11243605037365, 49.24499171736007], [-123.11244979245338, 49.24499287336571], [-123.11246353432944, 49.24499393941755], [-123.1124772762061, 49.24499500546776], [-123.11249101787902, 49.24499598156418], [-123.11250475955246, 49.244996957658955], [-123.11251850081769, 49.2449977538478], [-123.11253237947759, 49.244998549901176], [-123.1125461207437, 49.24499934608673], [-123.11255986180576, 49.24500005231848], [-123.11257374003755, 49.24500065946736], [-123.11258748089585, 49.245001275743675], [-123.11260135894423, 49.2450018019323], [-123.11261509939408, 49.24500223830103], [-123.11262897723842, 49.24500267453417], [-123.11264271748412, 49.24500302094746], [-123.11265659491964, 49.245003277272986], [-123.11520535112534, 49.24505237843778], [-123.11521900894016, 49.245017283399235], [-123.11522269807475, 49.245008464389194], [-123.11522638720801, 49.24499964537901], [-123.11523021373418, 49.24499082623166], [-123.11523417786256, 49.244982096899264], [-123.11523814178017, 49.24497327761459], [-123.11524210590572, 49.2449645482819], [-123.11524620742402, 49.24495581881201], [-123.11525044633497, 49.244947089204906], [-123.11525468524444, 49.24493835959762], [-123.1152589241524, 49.24492962999018], [-123.11526330066228, 49.24492099019764], [-123.11526781435526, 49.24491226031569], [-123.11527232825605, 49.2449036203857], [-123.11527697954921, 49.24489498031842], [-123.11528163084077, 49.24488634025095], [-123.11528628234012, 49.244877790135426], [-123.11529107102233, 49.24486914993045], [-123.11529599730618, 49.24486059954029], [-123.11530092358831, 49.24485204914991], [-123.11530584986875, 49.2448434987593], [-123.11531105093509, 49.24483494809421], [-123.11531611481533, 49.24482648751816], [-123.11532130213872, 49.24481793686631], [-123.1153266408029, 49.24480947601547], [-123.11533197946528, 49.244801015164384], [-123.11533731833534, 49.24479264426519], [-123.11534279438773, 49.244784183276415], [-123.11534840804143, 49.24477581210235], [-123.11535402169322, 49.244767440927994], [-123.1153596353431, 49.24475906975336], [-123.11536538638464, 49.24475069844124], [-123.11537127502737, 49.24474241694376], [-123.11537716366813, 49.244734135445974], [-123.11538305230691, 49.24472585394788], [-123.11538907833717, 49.24471757231225], [-123.11539524196851, 49.244709380491194], [-123.11540126799474, 49.24470109885491], [-123.11540756901542, 49.24469290689595], [-123.11541387024363, 49.24468480488879], [-123.11542017126015, 49.24467661292912], [-123.11542207317204, 49.24466734593587], [-123.11542438747277, 49.24465816848296], [-123.11542683916595, 49.244648990892685], [-123.11542970324763, 49.244639902842685], [-123.11543270451182, 49.24463072470316], [-123.11543598098068, 49.24462172619329], [-123.11543953202502, 49.24461263745659], [-123.11544335827375, 49.24460372834948], [-123.11544745909767, 49.24459472901549], [-123.11545169773261, 49.244585909448354], [-123.11545634854528, 49.24457708946912], [-123.11546113674936, 49.24456826935239], [-123.11546620015726, 49.2445596288651], [-123.11547167574244, 49.2445509879656], [-123.11547715132568, 49.24454234706583], [-123.11548303950545, 49.24453388565809], [-123.11548920246905, 49.244525423975354], [-123.11549550324305, 49.244517142059216], [-123.11550207880076, 49.244508859868], [-123.11550892935179, 49.244500667353826], [-123.11551591750323, 49.244492564654], [-123.11552318064788, 49.24448455163114], [-123.11553071878562, 49.24447662828517], [-123.1155383945236, 49.244468794753445], [-123.11554634525456, 49.24446105089853], [-123.11555457118828, 49.24445348667251], [-123.11556293451224, 49.24444592230848], [-123.11557157303888, 49.244438537573245], [-123.11558048653721, 49.2444312335194], [-123.11558953765655, 49.24442402827475], [-123.11559872637586, 49.24441691284408], [-123.11560819029776, 49.24440997704199], [-123.11561792921223, 49.24440313091628], [-123.11562766833401, 49.24439637474191], [-123.1156378200509, 49.244389798058435], [-123.11564797197518, 49.24438331132623], [-123.11565839910205, 49.24437700422234], [-123.11566896382882, 49.24437078693212], [-123.11567980354808, 49.2443646593179], [-123.11776124471662, 49.243207046185894], [-123.11777180957148, 49.24320109855898], [-123.11778209921746, 49.243194971306906], [-123.11779238886092, 49.243188844053904], [-123.11780240329549, 49.24318253717586], [-123.1178124175135, 49.243176140344744], [-123.11782215673661, 49.24316965384084], [-123.11783174461505, 49.24316307753808], [-123.11784120839125, 49.2431563124611], [-123.11785053479718, 49.2431495565187], [-123.11785958620833, 49.243142710903705], [-123.11786863718875, 49.24313568538364], [-123.11787741338853, 49.24312866014325], [-123.11788605176852, 49.24312145513804], [-123.11789441536801, 49.24311425041258], [-123.11790277853673, 49.243106865782174], [-123.11791086692504, 49.243099481431614], [-123.11791881770782, 49.24309200726853], [-123.11792649328194, 49.24308435348103], [-123.1179340314648, 49.243076699833274], [-123.1179414320422, 49.243068956373115], [-123.11794855783958, 49.243061213193], [-123.11795554581738, 49.243053290248376], [-123.11796239640414, 49.2430453674436], [-123.11796897199686, 49.24303735496683], [-123.11797540998437, 49.243029252677815], [-123.11798171036675, 49.24302106057656], [-123.11798773596956, 49.24301286875559], [-123.11799348657868, 49.24300458726275], [-123.11799909958286, 49.24299621595779], [-123.1180045751965, 49.24298784479287], [-123.11800977581666, 49.24297938395619], [-123.11801483904644, 49.24297092325962], [-123.11801962728296, 49.24296237289134], [-123.11802427791491, 49.24295373271105], [-123.1180286400293, 49.242945092825316], [-123.1180328782781, 49.24293636311358], [-123.11803684174842, 49.2429276336824], [-123.11804053044042, 49.242918904531834], [-123.11804408152831, 49.24291008556935], [-123.11804749501208, 49.24290117679496], [-123.11805063393226, 49.2428923582534], [-123.11805349786015, 49.24288345004035], [-123.11805622418424, 49.242874452015464], [-123.11805867594518, 49.24286554422345], [-123.11806099010249, 49.2428565466196], [-123.11806302926797, 49.242847459344326], [-123.11806493125893, 49.242838462161586], [-123.11806655825829, 49.24282937530743], [-123.11806791069516, 49.24282037868624], [-123.1180691255289, 49.24281129225326], [-123.11807006537147, 49.2428021161489], [-123.11807086804001, 49.24279303013709], [-123.11807139593209, 49.24278394440611], [-123.11813985781153, 49.24118336929181], [-123.11574056313059, 49.241092175465006], [-123.11574995620767, 49.24087297899716], [-123.11664408532694, 49.24090735901896], [-123.11619506525966, 49.24050468972766], [-123.11437213139875, 49.238869932169266]]], "type": "Polygon"}, "properties": {"geo_point_2d": {"lon": -123.11178063910808, "lat": 49.24085762940054}}}, {"type": "Feature", "geometry": {"coordinates": [[[-123.11825182111805, 49.25745153095719], [-123.11797557572702, 49.25744614637749], [-123.11797619747986, 49.25741871033329], [-123.11797750637524, 49.2573912735873], [-123.11798908052812, 49.25705798899687], [-123.1177678118619, 49.25705398699854], [-123.11762969063571, 49.257051438134695], [-123.11666284295131, 49.25703380734883], [-123.11647043556927, 49.25703031343266], [-123.11634404125759, 49.25704708193031], [-123.11597090928692, 49.25704071065478], [-123.11534765083634, 49.25702515218001], [-123.11530442189982, 49.257051281458466], [-123.11524359901487, 49.2586461758416], [-123.11632384508736, 49.2586635244885], [-123.11632382077602, 49.258653180016665], [-123.11883206327947, 49.258700532929154], [-123.11971097125387, 49.25871716628507], [-123.11988056219883, 49.25866570872723], [-123.11990041845704, 49.25813695839524], [-123.1199088094999, 49.25791323868159], [-123.11992506691638, 49.25748190120791], [-123.11992700085322, 49.25742927718557], [-123.1199392435777, 49.25709374290033], [-123.11931597924344, 49.25708224469071], [-123.11923215879837, 49.257080981940085], [-123.11867967332199, 49.25707076551124], [-123.11854155198242, 49.257068208742396], [-123.11826532308798, 49.25706309469525], [-123.11825182111805, 49.25745153095719]]], "type": "Polygon"}, "properties": {"geo_point_2d": {"lon": -123.11758529805547, "lat": 49.25787597113053}}}, {"type": "Feature", "geometry": {"coordinates": [[[-123.1148751088681, 49.25732296885701], [-123.11485785367364, 49.2569938330516], [-123.11472220445343, 49.25699041471367], [-123.11451508860989, 49.25698519606826], [-123.11430798655215, 49.256979977037936], [-123.1143072612453, 49.25699915555751], [-123.11417782416696, 49.25699590134335], [-123.11404837336262, 49.25699264699773], [-123.11391893629713, 49.25698938349831], [-123.11378948552637, 49.25698612886259], [-123.1136600484945, 49.25698286507311], [-123.1135305977573, 49.256979610147305], [-123.11340116075904, 49.25697634606775], [-123.11327171005546, 49.25697309085185], [-123.11325942509166, 49.25729789317448], [-123.11325735160258, 49.257352685068454], [-123.11324441880033, 49.25769474982172], [-123.11345142310653, 49.25769803688324], [-123.11365844116187, 49.257701314565146], [-123.1138654592647, 49.25770460087128], [-123.11407247737367, 49.25770787781128], [-123.11427949553017, 49.25771116337551], [-123.11448651369271, 49.257714439573604], [-123.11469353188201, 49.25771771540074], [-123.11486028167097, 49.2577203562553], [-123.11487291348082, 49.2573777609014], [-123.1148751088681, 49.25732296885701]]], "type": "Polygon"}, "properties": {"geo_point_2d": {"lon": -123.11406463688178, "lat": 49.25734808344543}}}, {"type": "Feature", "geometry": {"coordinates": [[[-123.11616540532552, 49.25560353821195], [-123.116152447081, 49.255937723614245], [-123.11628987800346, 49.25594027493858], [-123.11642799608403, 49.255942834402184], [-123.11656542705545, 49.25594539439393], [-123.11670354516396, 49.255947953528114], [-123.11684097614206, 49.25595050419686], [-123.1169790942785, 49.25595306300163], [-123.11711721242892, 49.25595562164124], [-123.11725464347006, 49.255958180813096], [-123.11739276164845, 49.255960739123296], [-123.11753019271745, 49.255963297967355], [-123.11766831113758, 49.25596594590009], [-123.11780572849223, 49.25596850443036], [-123.11803180258076, 49.25597267235559], [-123.1180399205222, 49.25576357920036], [-123.11804474921843, 49.255638936514075], [-123.11804736684113, 49.25558406300353], [-123.11806029846194, 49.25524987739202], [-123.11787408194009, 49.25524637948778], [-123.1176940499132, 49.25524306388316], [-123.11755662083573, 49.25524050523217], [-123.11741919177219, 49.25523794641772], [-123.1172810756306, 49.25523539713247], [-123.11714364659488, 49.25523283799022], [-123.11700621757309, 49.2552302786845], [-123.11686810145207, 49.25522771991033], [-123.11673067247938, 49.25522516927202], [-123.11659324349937, 49.25522260947504], [-123.11645512742022, 49.25522005020713], [-123.11638641294242, 49.255218770165186], [-123.1163176984681, 49.25521749008237], [-123.1161802695299, 49.25521492979411], [-123.11616732522526, 49.25554911520668], [-123.11616540532552, 49.25560353821195]]], "type": "Polygon"}, "properties": {"geo_point_2d": {"lon": -123.11710622723848, "lat": 49.255593759980854}}}, {"type": "Feature", "geometry": {"coordinates": [[[-123.11943648483789, 49.256903565124375], [-123.11994635023537, 49.256912931662214], [-123.11994983843333, 49.256821176825895], [-123.11995319243984, 49.25673076241472], [-123.11995654972603, 49.25664170627644], [-123.1199598899879, 49.25655130087173], [-123.11996338140648, 49.25646089530855], [-123.11996673647684, 49.25637093964631], [-123.11997009044526, 49.25628053422279], [-123.11997343065921, 49.25619012881202], [-123.11946494699824, 49.25618077895621], [-123.11940585088033, 49.25617949076406], [-123.11926773199184, 49.256176934861074], [-123.11912961311732, 49.256174378792956], [-123.11899149425678, 49.25617182255971], [-123.11885338917435, 49.25616927514239], [-123.11871527034171, 49.2561667185789], [-123.11857715152307, 49.2561641618503], [-123.11843903271837, 49.256161604956546], [-123.11830161479625, 49.256159047180034], [-123.11828799744737, 49.25649323346815], [-123.11828606717661, 49.2565481062718], [-123.11827312408845, 49.25688274160603], [-123.11841124466045, 49.256885199749114], [-123.11854936548289, 49.25688775667422], [-123.11868748610364, 49.25689022348223], [-123.11937807607877, 49.25690272596826], [-123.11943648483789, 49.256903565124375]]], "type": "Polygon"}, "properties": {"geo_point_2d": {"lon": -123.11912334945634, "lat": 49.25653623913938}}}, {"type": "Feature", "geometry": {"coordinates": [[[-123.1207916834699, 49.25693068006644], [-123.12092979118985, 49.25693339607344], [-123.1210679126894, 49.25693612089615], [-123.12120602043909, 49.256938836572935], [-123.12134412820363, 49.256941552084626], [-123.12162035754213, 49.25694699159342], [-123.12189658694011, 49.25695243044175], [-123.12190876876278, 49.25661995435462], [-123.12191077765313, 49.25656515336884], [-123.12192295931207, 49.25623268625319], [-123.12178496274915, 49.25622969246461], [-123.12164696622474, 49.25622670750641], [-123.12150896971666, 49.25622372238337], [-123.12137095948238, 49.25622073710991], [-123.12123296300699, 49.25621775165718], [-123.12109496654794, 49.2562147660396], [-123.12095697008327, 49.256211771262], [-123.12081897365695, 49.25620878531475], [-123.12073527699907, 49.25620697481705], [-123.12024974027808, 49.256196462040556], [-123.12023958338136, 49.25646755250108], [-123.12023282135672, 49.256648336427226], [-123.12022944020616, 49.25673867891447], [-123.12022266438835, 49.256919471841066], [-123.12046531830434, 49.25692425641196], [-123.12060334353279, 49.2569269728952], [-123.12070797224442, 49.256929031477995], [-123.1207916834699, 49.25693068006644]]], "type": "Polygon"}, "properties": {"geo_point_2d": {"lon": -123.12107235288363, "lat": 49.256575271407996}}}, {"type": "Feature", "geometry": {"coordinates": [[[-123.10990365700287, 49.25528951556381], [-123.1098873295407, 49.25566642176916], [-123.11003781528836, 49.255669246964686], [-123.11017593250187, 49.25567190385526], [-123.11031404952948, 49.2556744706287], [-123.11045216675178, 49.255677118193816], [-123.11059028380774, 49.255679684637016], [-123.1107284008777, 49.25568225091508], [-123.11086651816319, 49.25568490698002], [-123.11100463544305, 49.25568755388464], [-123.11114275275762, 49.25569020961934], [-123.11128086988451, 49.255692775236916], [-123.11141898720764, 49.25569542164615], [-123.11155710436283, 49.25569798693349], [-123.11169522173503, 49.25570064200768], [-123.11183333891853, 49.25570320696477], [-123.11197145631955, 49.25570586170872], [-123.1121095735314, 49.25570842633556], [-123.11224769096124, 49.25571108074925], [-123.11239817697417, 49.255713902870184], [-123.1124151861697, 49.25533698664989], [-123.11241710918185, 49.255282122936684], [-123.11242559992569, 49.25509366482783], [-123.11243410434825, 49.254905206698865], [-123.11214550561662, 49.25489973024979], [-123.11200739065944, 49.254897165663934], [-123.11186927551302, 49.254894510960945], [-123.11173116058414, 49.254891946044836], [-123.11159304570988, 49.25488939895401], [-123.11145493060648, 49.25488674375567], [-123.11131681571995, 49.254884178344206], [-123.11117870064541, 49.254881522815616], [-123.11104058578718, 49.25487895707391], [-123.1109024707415, 49.25487630121509], [-123.1107643559116, 49.25487373514315], [-123.11062624091484, 49.25487108794929], [-123.11048812591251, 49.2548684315951], [-123.11041872496297, 49.25486714866044], [-123.11035001112523, 49.25486586502782], [-123.11021189635201, 49.2548632982954], [-123.11007379515499, 49.25486065042797], [-123.1099233116638, 49.25485773532515], [-123.1099062836326, 49.25523464222809], [-123.10990365700287, 49.25528951556381]]], "type": "Polygon"}, "properties": {"geo_point_2d": {"lon": -123.11116066615453, "lat": 49.25528585083868}}}, {"type": "Feature", "geometry": {"coordinates": [[[-123.1100703857369, 49.251541119757526], [-123.11005604069344, 49.251875297028135], [-123.11020651490595, 49.25187811301875], [-123.11034462135048, 49.25188067976487], [-123.11048272780904, 49.25188324634586], [-123.11062082074133, 49.25188590272696], [-123.11075892722822, 49.25188846897778], [-123.11089703372919, 49.25189103506351], [-123.11103514022402, 49.25189359198891], [-123.11117324695502, 49.25189624769647], [-123.11131135347809, 49.25189880429168], [-123.1114494600354, 49.251901369716975], [-123.11158756660677, 49.251903934977186], [-123.11172567319215, 49.25190650007229], [-123.11186377977124, 49.25190905600709], [-123.11200188658816, 49.25191171072404], [-123.1120712834339, 49.25191299271133], [-123.11213999321589, 49.25191427532383], [-123.11227810006163, 49.251916929710575], [-123.11241620669722, 49.25191948498497], [-123.11256736824045, 49.25192229723199], [-123.11258171010682, 49.251588128646446], [-123.11258433357858, 49.25153325521682], [-123.1125986751813, 49.251199068616295], [-123.11244820288148, 49.251196246744364], [-123.11231009803741, 49.25119359255918], [-123.11217199341169, 49.25119102816095], [-123.11203388879997, 49.25118846359762], [-123.11189578424298, 49.251185916859626], [-123.11175767965928, 49.2511833519661], [-123.11161957508962, 49.25118078690748], [-123.11148147033146, 49.25117813173171], [-123.11134336579012, 49.251175566342894], [-123.111205261283, 49.251173009784196], [-123.11106715676972, 49.251170444065195], [-123.11092905229062, 49.251167887176294], [-123.1107909476041, 49.25116523117503], [-123.11065284313315, 49.25116266496073], [-123.11051473847546, 49.25116000862928], [-123.11037664779404, 49.25115745106686], [-123.11023854336545, 49.25115488435728], [-123.1100880713294, 49.251152059411254], [-123.11007301198984, 49.2514862463825], [-123.1100703857369, 49.251541119757526]]], "type": "Polygon"}, "properties": {"geo_point_2d": {"lon": -123.11132744665785, "lat": 49.251537195210844}}}, {"type": "Feature", "geometry": {"coordinates": [[[-123.1100311693882, 49.25242581943551], [-123.11001745421235, 49.2527406653154], [-123.11016861813195, 49.25274348069882], [-123.11030672718918, 49.25274613744018], [-123.11044483606027, 49.25274870406436], [-123.1106523431338, 49.2527526433141], [-123.11085916314059, 49.25275657385519], [-123.11099727206833, 49.25275913981895], [-123.11113538121207, 49.25276179556966], [-123.11127349016816, 49.252764361203205], [-123.11148101109205, 49.25276828995606], [-123.11168781748592, 49.2527722190269], [-123.11182592670177, 49.25277487395206], [-123.11196403572876, 49.25277743876009], [-123.11210214497343, 49.25278009335504], [-123.11224025402872, 49.252782657832846], [-123.11237836326137, 49.25278529410717], [-123.11252884038733, 49.25278811606579], [-123.11254253860167, 49.252472829137], [-123.1125451631845, 49.252418405476824], [-123.11255886117614, 49.25210310953078], [-123.11240838615113, 49.25210029660462], [-123.1122015687474, 49.25209635983929], [-123.11199405058517, 49.25209243237824], [-123.11185594346772, 49.252089867604425], [-123.11171783636428, 49.2520873026655], [-123.11151101908796, 49.252083373659126], [-123.11130352849541, 49.252079435935975], [-123.11116542144862, 49.25207687033666], [-123.11102731423429, 49.25207422361539], [-123.11088920703448, 49.25207157672901], [-123.110751099829, 49.25206892068234], [-123.11061299283908, 49.2520663544226], [-123.11047488566247, 49.25206369804572], [-123.11033677870088, 49.25206113145579], [-123.11019867155309, 49.252058474748694], [-123.11004750972351, 49.252055659402764], [-123.1100337957299, 49.25237094606977], [-123.1100311693882, 49.25242581943551]]], "type": "Polygon"}, "properties": {"geo_point_2d": {"lon": -123.11128816774122, "lat": 49.252421894976685}}}, {"type": "Feature", "geometry": {"coordinates": [[[-123.11457368214447, 49.252826548840744], [-123.11507596050733, 49.25283593539603], [-123.11507960428388, 49.252748228339506], [-123.11508311690541, 49.25266321997923], [-123.11508675423443, 49.252578661254546], [-123.11509026683213, 49.25249365289156], [-123.11509376567656, 49.2524086445409], [-123.11509741568617, 49.25232364503352], [-123.11510092824822, 49.25223863666647], [-123.11510457193845, 49.25215092960012], [-123.11460230052042, 49.25214154316297], [-123.11453977503548, 49.25214070564509], [-123.11435288317013, 49.25213711278391], [-123.1142147758107, 49.25213455083001], [-123.11407666829943, 49.25213191674937], [-123.11393924783142, 49.252129263835634], [-123.11380114030767, 49.25212661143517], [-123.11366303300495, 49.25212404882168], [-123.11352492550998, 49.252121396091034], [-123.11338750530565, 49.252118832473016], [-123.11324939786002, 49.252116188408195], [-123.1131112904083, 49.252113535183064], [-123.11297318299161, 49.252110890788025], [-123.11283507556892, 49.25210823723268], [-123.11282137931464, 49.252423524214734], [-123.11281875606014, 49.252478397641084], [-123.11280505859915, 49.252793243836095], [-123.1129431677261, 49.25279580747358], [-123.11308127686708, 49.25279837094595], [-123.11321938620723, 49.25280101521005], [-123.11335749535586, 49.25280356935702], [-123.11349560474532, 49.25280622228611], [-123.11363302686318, 49.25280878577384], [-123.11377113607466, 49.2528113484215], [-123.11390924550716, 49.2528140008561], [-123.11404735472622, 49.25281655417833], [-123.11418546397996, 49.252819116330684], [-123.11432357345545, 49.252821768269946], [-123.11451115475452, 49.25282526154799], [-123.11457368214447, 49.252826548840744]]], "type": "Polygon"}, "properties": {"geo_point_2d": {"lon": -123.1139551746105, "lat": 49.25247220275666}}}, {"type": "Feature", "geometry": {"coordinates": [[[-123.11967724983305, 49.250579225135276], [-123.12017950523105, 49.25058813976339], [-123.1201828446973, 49.25049773425766], [-123.12018619789254, 49.25040732873612], [-123.12018877138637, 49.250335364240335], [-123.12019496195788, 49.25016850532501], [-123.11969271079255, 49.250159581764926], [-123.11962537845218, 49.25015876097475], [-123.11934918889186, 49.25015401828658], [-123.11907298540446, 49.25014917600501], [-123.1189348838102, 49.25014680858782], [-123.1187967822073, 49.25014443201033], [-123.11852540210022, 49.250139682407394], [-123.11851807042854, 49.250348819971585], [-123.11851061612595, 49.25055841641007], [-123.11878199852697, 49.25056316604561], [-123.11892010151328, 49.25056563259176], [-123.1190582045131, 49.2505680989728], [-123.11933439679042, 49.25057302225859], [-123.11961060286245, 49.25057794486984], [-123.11967724983305, 49.250579225135276]]], "type": "Polygon"}, "properties": {"geo_point_2d": {"lon": -123.11935303012896, "lat": 49.25036366315787}}}, {"type": "Feature", "geometry": {"coordinates": [[[-123.11966092129785, 49.25148144525261], [-123.12014669746894, 49.25149082685247], [-123.12015005079418, 49.2514004213475], [-123.12015325404612, 49.25131046575837], [-123.12015647104964, 49.25122051914866], [-123.12015982433964, 49.251130113639185], [-123.12016316496818, 49.25104015790265], [-123.12016715834737, 49.25093041198754], [-123.12017308732052, 49.25076894150357], [-123.11967083011113, 49.25076003584443], [-123.11960349584625, 49.25075875628681], [-123.11946539228862, 49.250756290558094], [-123.11932730248547, 49.2507538246501], [-123.11918919895476, 49.2507513585912], [-123.11905109548077, 49.250748910357636], [-123.11891367924389, 49.25074653321345], [-123.11877557575326, 49.2507440666601], [-123.11863747227606, 49.25074159994165], [-123.11850417838336, 49.250739218077214], [-123.1184919463189, 49.25107116347289], [-123.11849001647492, 49.25112603633138], [-123.11847844483621, 49.25145841279675], [-123.11861105403429, 49.25146097529854], [-123.11874915990533, 49.251463603960374], [-123.11888726604994, 49.25146634039956], [-123.11902537199326, 49.25146898672161], [-123.11916347795106, 49.251471632878555], [-123.11930158411842, 49.25147435982722], [-123.11943967655945, 49.251477086625], [-123.11957778256108, 49.25147973228667], [-123.11966092129785, 49.25148144525261]]], "type": "Polygon"}, "properties": {"geo_point_2d": {"lon": -123.11932603320413, "lat": 49.25111432436918}}}, {"type": "Feature", "geometry": {"coordinates": [[[-123.1205976120771, 49.24668244294306], [-123.12058566801592, 49.24702493990579], [-123.12079890805038, 49.24702849513601], [-123.12100812214487, 49.2470319912229], [-123.1212173362462, 49.247035477935675], [-123.12142655037633, 49.247038964269585], [-123.12163575081732, 49.247042459234265], [-123.12205417922144, 49.247049430007664], [-123.1222675706239, 49.24705299136244], [-123.12227876121442, 49.24671053999802], [-123.12228054949745, 49.246655748139865], [-123.12229173991348, 49.246313296750664], [-123.12207837915453, 49.24630972641332], [-123.12186919549718, 49.24630622323758], [-123.12166001186871, 49.24630271968307], [-123.12145082826918, 49.246299215749765], [-123.12124164469856, 49.24629571143769], [-123.12103246115686, 49.24629220674682], [-123.12082329140577, 49.24628871065802], [-123.12061148351451, 49.246285162973315], [-123.12059952585642, 49.24662764198494], [-123.1205976120771, 49.24668244294306]]], "type": "Polygon"}, "properties": {"geo_point_2d": {"lon": -123.12143908984669, "lat": 49.24666915816037}}}, {"type": "Feature", "geometry": {"coordinates": [[[-123.11469276421788, 49.25000781278001], [-123.1151950139844, 49.25001718984821], [-123.1151998143536, 49.249901146624], [-123.11520345142469, 49.24981074095699], [-123.11520722591106, 49.249720344146645], [-123.11521100038395, 49.24962994733476], [-123.11521462367487, 49.249539541676874], [-123.1152183981001, 49.24944913586672], [-123.11517648699501, 49.249448278133634], [-123.11518039888958, 49.249357872186245], [-123.11518444817622, 49.249267466100335], [-123.11518954437716, 49.249154570896614], [-123.11515582663303, 49.249131675670824], [-123.11472985014372, 49.249124003769765], [-123.11472953758681, 49.24913143413931], [-123.11466768873098, 49.24913039812421], [-123.11401121914189, 49.2491191021548], [-123.11338344142493, 49.24910833200468], [-123.11338371454812, 49.24910159431011], [-123.11317445081681, 49.249098003506944], [-123.11296520085577, 49.24909441231125], [-123.11294774743828, 49.24951479440108], [-123.11294524797458, 49.24956959577531], [-123.11292816146324, 49.249976277737034], [-123.1136182150056, 49.249989300908375], [-123.11375622024806, 49.249991899656315], [-123.11389423926624, 49.24999450722104], [-123.11403224453711, 49.249997105639224], [-123.11417026358376, 49.24999971287419], [-123.11430826890386, 49.250002319957844], [-123.11444628795823, 49.25000491786785], [-123.1146311378906, 49.250008404660505], [-123.11469276421788, 49.25000781278001]]], "type": "Polygon"}, "properties": {"geo_point_2d": {"lon": -123.11407292706586, "lat": 49.249559373311904}}}, {"type": "Feature", "geometry": {"coordinates": [[[-123.11597578490776, 49.24541307212494], [-123.11597191665736, 49.24550376596543], [-123.11594976427962, 49.24602422547323], [-123.11657751737992, 49.246035071651455], [-123.1166613331184, 49.24603647125885], [-123.11841169758397, 49.24606662357261], [-123.11842520921827, 49.24574717996062], [-123.11842757875334, 49.245692369567756], [-123.11844104963573, 49.24537320482711], [-123.11818992128083, 49.24536884745596], [-123.11793877922965, 49.2453644895529], [-123.11693436261332, 49.24534706132316], [-123.11669088776947, 49.24534283687049], [-123.11660711414746, 49.245341320304114], [-123.11598400001091, 49.245330451640065], [-123.11598109615649, 49.24535101437116], [-123.11597875791733, 49.24537164907295], [-123.1159769870561, 49.24539234019016], [-123.11597578490776, 49.24541307212494]]], "type": "Polygon"}, "properties": {"geo_point_2d": {"lon": -123.1171954185531, "lat": 49.24569865314207}}}, {"type": "Feature", "geometry": {"coordinates": [[[-123.11658322632186, 49.247876291035084], [-123.11682712586384, 49.247880533277], [-123.1170778957718, 49.24788485799418], [-123.11732935294704, 49.24788927142139], [-123.11758010943592, 49.24789369400964], [-123.11783087945199, 49.24789800809709], [-123.11808233677968, 49.2479024288805], [-123.11833310711829, 49.24790684082504], [-123.11834740222659, 49.24756410786752], [-123.11834933317182, 49.24750968473787], [-123.11836361433951, 49.24716696076413], [-123.11811284796009, 49.247162638834496], [-123.11786208160208, 49.24715830736532], [-123.11761062830728, 49.24715398504638], [-123.11735986205642, 49.247149661482226], [-123.11710909606114, 49.24714542732585], [-123.11685765663461, 49.247141103354025], [-123.11661307373159, 49.24713686186673], [-123.11652994239168, 49.24713514670067], [-123.11590130929146, 49.247124112245395], [-123.1158937737879, 49.247309421585186], [-123.11588637457774, 49.247494281020195], [-123.11587885160986, 49.24767912258246], [-123.11587145229112, 49.24786398200472], [-123.11649940780973, 49.24787503529718], [-123.11658322632186, 49.247876291035084]]], "type": "Polygon"}, "properties": {"geo_point_2d": {"lon": -123.11711734776455, "lat": 49.247515515677314}}}, {"type": "Feature", "geometry": {"coordinates": [[[-123.11654364864143, 49.24886624706353], [-123.11728932308323, 49.24887926414703], [-123.11754024936184, 49.24888364167383], [-123.1177911894244, 49.24888801864158], [-123.11829222942424, 49.24889589926487], [-123.11829304219863, 49.24889677096995], [-123.1183102651096, 49.24848525754878], [-123.11831256623867, 49.24843046524496], [-123.11832691612209, 49.24808753437009], [-123.11807596641682, 49.24808319455718], [-123.11782501675458, 49.24807885419914], [-123.1175740533951, 49.248074513309945], [-123.11732310381893, 49.2480701718616], [-123.11707215428584, 49.248065829868125], [-123.11682120479577, 49.248061487329515], [-123.11657735938755, 49.24805727200607], [-123.11649366376601, 49.24805581824487], [-123.11586628348918, 49.24804495324389], [-123.11584103288652, 49.24865161689529], [-123.11583261588434, 49.24885383809707], [-123.11645995165335, 49.24886479327914], [-123.11654364864143, 49.24886624706353]]], "type": "Polygon"}, "properties": {"geo_point_2d": {"lon": -123.11707969211018, "lat": 49.248470730109005}}}, {"type": "Feature", "geometry": {"coordinates": [[[-123.11929589551379, 49.24209859847934], [-123.11952945823681, 49.242106623687526], [-123.11976372170443, 49.24211464769712], [-123.1199972985556, 49.24212277089251], [-123.12023156219553, 49.24213080294848], [-123.12047543006557, 49.242139175328624], [-123.12048886209412, 49.24173078639536], [-123.12049079047003, 49.24167636317671], [-123.12050420132064, 49.24127066380804], [-123.1202665053842, 49.241261925253866], [-123.12003293124201, 49.24125326288532], [-123.11979867028337, 49.24124460975198], [-123.11956509652015, 49.241236036389594], [-123.11933083570135, 49.24122737331225], [-123.11924702402334, 49.24122431151862], [-123.11872493097667, 49.241204618945794], [-123.1187160188248, 49.241424111995045], [-123.1186982384424, 49.24185859140563], [-123.11868929750462, 49.24207763469535], [-123.11921208344604, 49.24209598642286], [-123.11929589551379, 49.24209859847934]]], "type": "Polygon"}, "properties": {"geo_point_2d": {"lon": -123.11959763372704, "lat": 49.24167337940551}}}, {"type": "Feature", "geometry": {"coordinates": [[[-123.10734950937629, 49.25429394231127], [-123.10733445811208, 49.254628128730744], [-123.10752823013722, 49.25463181649484], [-123.1076663441306, 49.25463438643605], [-123.10780445831436, 49.25463703716896], [-123.10794257233611, 49.25463960677993], [-123.10808068637193, 49.254642176225786], [-123.10821880042182, 49.25464474550653], [-123.10835691466299, 49.254647395578964], [-123.10849502874123, 49.25464996452947], [-123.10863314283355, 49.25465253331485], [-123.10877124319784, 49.25465510194807], [-123.10890935751617, 49.25465776035525], [-123.10904747165091, 49.25466032864531], [-123.10918558597831, 49.25466297772705], [-123.1093237001414, 49.254665545686876], [-123.10946181451747, 49.25466820343359], [-123.10965489954721, 49.25467179832964], [-123.10966996266285, 49.25433762059061], [-123.10967190339908, 49.2542831976633], [-123.1096869388022, 49.25394901992573], [-123.10949385658944, 49.25394542508079], [-123.10935575797022, 49.25394276735762], [-123.10921764582213, 49.25394019943438], [-123.10907953348985, 49.25393754139401], [-123.10894142138991, 49.253934982135746], [-123.10880330928424, 49.25393241371716], [-123.10866519699512, 49.25392975518145], [-123.10852708491781, 49.25392718643264], [-123.10838897285454, 49.253924617518734], [-123.10825086082504, 49.25392205743491], [-123.10811274878989, 49.25391948819077], [-123.1079746365726, 49.253916828829496], [-123.10783583727475, 49.253914169944416], [-123.10769772528235, 49.25391160020411], [-123.10755961310858, 49.25390894034666], [-123.1073665312204, 49.2539053509415], [-123.10735213878631, 49.25423906902219], [-123.10734950937629, 49.25429394231127]]], "type": "Polygon"}, "properties": {"geo_point_2d": {"lon": -123.10851078687793, "lat": 49.254288591424775}}}, {"type": "Feature", "geometry": {"coordinates": [[[-123.10429133558226, 49.2517660364565], [-123.10471937973135, 49.25177328621618], [-123.10472344833028, 49.251682889517305], [-123.1047276543082, 49.25159248369712], [-123.1047317238101, 49.251502527760294], [-123.10473577860482, 49.25141212207402], [-123.10473984714518, 49.25132172536892], [-123.10474405306348, 49.25123131954249], [-123.10474812155537, 49.25114091383908], [-123.10475219003266, 49.25105050813412], [-123.10432070311022, 49.25104326160525], [-123.10427879083835, 49.25104239991985], [-123.10414480993512, 49.251040092060954], [-123.10401014198885, 49.2510377846652], [-123.10387616111014, 49.25103547649475], [-123.10374149299996, 49.25103307883374], [-123.10360751214603, 49.251030770351726], [-123.10347353130435, 49.25102846171431], [-123.10333886343855, 49.251026162531275], [-123.10307021459286, 49.251021464134], [-123.10306190118337, 49.251245884432706], [-123.10305786986176, 49.251355629775034], [-123.10305592290045, 49.25141050238408], [-123.10304941335046, 49.25157736961045], [-123.10304289095227, 49.25174468660429], [-123.1031768735255, 49.25174690578746], [-123.10331085629821, 49.25174921476732], [-123.10344483908318, 49.2517515235918], [-123.10357882167338, 49.2517537333136], [-123.10371349154786, 49.25175604121052], [-123.10384747435049, 49.25175834057283], [-123.10398145718419, 49.25176064877496], [-123.10411543984098, 49.251762866869626], [-123.10424942269896, 49.251765174760976], [-123.10429133558226, 49.2517660364565]]], "type": "Polygon"}, "properties": {"geo_point_2d": {"lon": -123.10389620554628, "lat": 49.25139729819825}}}, {"type": "Feature", "geometry": {"coordinates": [[[-123.10756217666248, 49.24946611553005], [-123.10754450986262, 49.24987269828486], [-123.10773757623159, 49.24987637735813], [-123.10787567716497, 49.2498790370125], [-123.10801377791668, 49.2498816065497], [-123.10815187887896, 49.2498842658739], [-123.10828997965906, 49.24988683508093], [-123.10842808045322, 49.24988940412286], [-123.10856618143897, 49.24989205395659], [-123.10870496949829, 49.249894711973994], [-123.10891177743704, 49.249898655006774], [-123.10911927262596, 49.24990267797731], [-123.10925737350573, 49.249905246027886], [-123.10939546085748, 49.24990790387846], [-123.1095335617457, 49.249910462603665], [-123.10967166286709, 49.24991312011107], [-123.10986472956581, 49.24991680462459], [-123.1098817122324, 49.24952010791996], [-123.10988237630878, 49.249509762775936], [-123.10988506204066, 49.24945687727472], [-123.1099018926004, 49.24907227026761], [-123.10947420061085, 49.24906493143451], [-123.10947552066509, 49.24903429243403], [-123.1092662712505, 49.24903070353367], [-123.10905702186564, 49.2490271142543], [-123.10884777251047, 49.24902352459591], [-123.10863852316533, 49.24901992556332], [-123.10842927386967, 49.24901633514691], [-123.10822002460374, 49.24901274435148], [-123.10801077534794, 49.24900914418183], [-123.1078015536226, 49.249005552602746], [-123.10758311165377, 49.24900179832169], [-123.10756586743007, 49.24941299527128], [-123.10756217666248, 49.24946611553005]]], "type": "Polygon"}, "properties": {"geo_point_2d": {"lon": -123.1087185988428, "lat": 49.249460905801065}}}, {"type": "Feature", "geometry": {"coordinates": [[[-123.10875032732444, 49.24772988641459], [-123.108858879538, 49.24773194303781], [-123.10911871815482, 49.24773700509922], [-123.10973004638066, 49.24774874055473], [-123.10974598081488, 49.247746836420774], [-123.1097597084429, 49.247741156384215], [-123.10976888128583, 49.247732422295186], [-123.10977243080087, 49.247722074407015], [-123.10976965963211, 49.24771164257208], [-123.10976098337865, 49.24770265558433], [-123.1097477792505, 49.24769655137116], [-123.10973513011507, 49.24769287534169], [-123.10972261838326, 49.24768919918036], [-123.10970996905229, 49.247685433196025], [-123.10969745732422, 49.24768175703195], [-123.10968494539875, 49.247677990914404], [-123.10967243327595, 49.24767413484338], [-123.10965992135432, 49.24767036872311], [-123.1096474092553, 49.247666521644575], [-123.10963489713832, 49.247662665569464], [-123.10962238502327, 49.247658809493], [-123.10961001011272, 49.24765486333269], [-123.1095974978025, 49.24765091730141], [-123.10958512289587, 49.24764697113841], [-123.10957274799121, 49.24764302497411], [-123.10956037308854, 49.24763907880846], [-123.10954799798884, 49.247635042689375], [-123.10953562289112, 49.247631006568945], [-123.10952338499806, 49.24762688036481], [-123.1095110099044, 49.247622844241754], [-123.10949877201537, 49.247618718035014], [-123.1094865341284, 49.24761459182696], [-123.10947429624346, 49.24761046561762], [-123.10946205818159, 49.24760625845005], [-123.10944982010191, 49.247602042285976], [-123.1094375820243, 49.2475978261206], [-123.10942548135027, 49.24759360982378], [-123.10941324307807, 49.2475893037037], [-123.10940114220945, 49.2475849974522], [-123.10938904134291, 49.24758069119944], [-123.1093769404785, 49.2475763849454], [-123.1093648394175, 49.247571988737946], [-123.10935273835862, 49.247567592529236], [-123.10934063730193, 49.247563196319255], [-123.10932867364875, 49.24755879997797], [-123.10931670979912, 49.247554313683324], [-123.10930460874886, 49.24754991746955], [-123.109292644705, 49.247545341220274], [-123.1092871440849, 49.24754327752058], [-123.10928068086186, 49.24754085492189], [-123.10926885442221, 49.2475363684923], [-123.10925689038493, 49.2475317922393], [-123.10924506375113, 49.247527215855136], [-123.10923309951981, 49.24752254964754], [-123.10922127289042, 49.24751797326093], [-123.10920944606484, 49.24751330692098], [-123.10919761924146, 49.247508640579824], [-123.10918579242032, 49.24750397423744], [-123.1091741028043, 49.24749921781188], [-123.10916227598761, 49.247494551467064], [-123.10915058637606, 49.247489795039115], [-123.1091388965685, 49.24748494865785], [-123.10912720696145, 49.24748019222751], [-123.10911551715843, 49.24747534584386], [-123.10910836575766, 49.247472384171594], [-123.1091038273577, 49.24747049945902], [-123.1090922749604, 49.247465652943255], [-123.10908058496607, 49.24746071660393], [-123.10906903257329, 49.24745587008582], [-123.10905747998467, 49.247450933614445], [-123.10904592739837, 49.24744599714189], [-123.10903437461626, 49.247440970716056], [-123.10902295943562, 49.247436034111516], [-123.10901140665817, 49.24743100768336], [-123.10899999130389, 49.247425990119645], [-123.10898857573413, 49.24742087360743], [-123.10897716036469, 49.24741584704622], [-123.10896835799153, 49.2474118974471], [-123.10896574479963, 49.24741073053174], [-123.10895432923691, 49.24740561401613], [-123.10894305107752, 49.24740049736983], [-123.10893177272253, 49.247395290770285], [-123.10892035696902, 49.24739008429917], [-123.10890907861882, 49.2473848776974], [-123.10889793767186, 49.24737967096502], [-123.10888665932636, 49.247374464361044], [-123.10887538078548, 49.24736916780382], [-123.10886423964781, 49.24736387111604], [-123.10885309851257, 49.24735857442716], [-123.10884195737968, 49.24735327773722], [-123.10883191644409, 49.247348429771364], [-123.10881967472568, 49.24734250444982], [-123.1088086708031, 49.24733711767509], [-123.10879752948213, 49.247331731028694], [-123.10878652556433, 49.24732634425184], [-123.10877552145135, 49.24732086752181], [-123.10876465474148, 49.24731539066136], [-123.10875365063333, 49.24730991392922], [-123.10874264633004, 49.24730434724392], [-123.10873177962746, 49.247298870380355], [-123.10872091272977, 49.24729330356363], [-123.10871004583448, 49.24728773674588], [-123.10869917874419, 49.24728207997498], [-123.10868844925444, 49.24727651302591], [-123.10867758216907, 49.24727085625295], [-123.10866685248676, 49.24726519934974], [-123.10865612282666, 49.24725955144073], [-123.10864539314925, 49.2472538945355], [-123.10863466327694, 49.24724814767714], [-123.10862407080762, 49.24724240068859], [-123.10861347834079, 49.247236653699055], [-123.1086027484759, 49.247230906837714], [-123.10859215581672, 49.24722506989407], [-123.10858170075771, 49.24721932277246], [-123.10857110810349, 49.247213485826876], [-123.10856918213076, 49.24721240820901], [-123.10856065265494, 49.24720755879908], [-123.10855006000571, 49.24720172185156], [-123.10853960475934, 49.247195884773966], [-123.10852914931827, 49.247189957743295], [-123.10851883128007, 49.24718403058261], [-123.10850837564688, 49.24717801359791], [-123.10849805761366, 49.247172086435334], [-123.10848773938581, 49.24716606931972], [-123.10847742118015, 49.24716006119838], [-123.10846710295732, 49.247154044080894], [-123.10845692213725, 49.2471480268335], [-123.10844660391942, 49.24714200971417], [-123.10844343938015, 49.247140033733615], [-123.10843642290732, 49.24713590251282], [-123.1084262418977, 49.247129795310556], [-123.10841606089062, 49.247123688107386], [-123.10840601728623, 49.24711758077439], [-123.10839583608721, 49.24711138361729], [-123.1083857922909, 49.24710518633039], [-123.1083757484971, 49.2470989890426], [-123.1083657047058, 49.24709279175393], [-123.10835579831709, 49.2470865943355], [-123.10834575433401, 49.24708030709294], [-123.10833584775348, 49.24707401972068], [-123.10832594117548, 49.247067732347524], [-123.10832140048102, 49.247064768178426], [-123.1083160346, 49.247061444973525], [-123.10830626542703, 49.247055157469866], [-123.10829635865981, 49.24704878014202], [-123.10828658929512, 49.24704240268454], [-123.10827681993293, 49.24703602522623], [-123.10826705057328, 49.24702964776708], [-123.10825728121613, 49.247023270307096], [-123.10824764906472, 49.24701680276541], [-123.10823801691585, 49.247010335222896], [-123.10822838476948, 49.24700386767957], [-123.10821875262562, 49.24699740013544], [-123.10820912048429, 49.2469909325905], [-123.10820334084688, 49.24698689014931], [-123.10819962554872, 49.24698437496392], [-123.10819013061565, 49.246977817336564], [-123.1081806356851, 49.24697125970841], [-123.10817114075707, 49.24696470207946], [-123.10816164583156, 49.24695814444974], [-123.10815228811177, 49.24695149673845], [-123.10814293059097, 49.24694493897854], [-123.10813357287618, 49.246938291265714], [-123.10812421496752, 49.2469315536], [-123.10811499465741, 49.24692490575706], [-123.10810563695019, 49.24691825804195], [-123.1080964164487, 49.246911520245376], [-123.10808967306913, 49.24690657917695], [-123.1080871959497, 49.24690478244807], [-123.10807811285278, 49.246898044521465], [-123.10806889235879, 49.24689130672267], [-123.10805980907053, 49.246884478842475], [-123.10805072598104, 49.24687774091369], [-123.1080416427174, 49.24687092202726], [-123.10803255943665, 49.24686409414489], [-123.1080236133616, 49.24685717618118], [-123.10801466748524, 49.24685034816892], [-123.10800572141517, 49.2468434302038], [-123.10799677554377, 49.246836602190136], [-123.10798796687804, 49.24682968409519], [-123.10797902081543, 49.24682276612798], [-123.10797021195852, 49.246815758079514], [-123.10796140330022, 49.24680883998253], [-123.10795273184753, 49.246801831804305], [-123.10794392299807, 49.24679482375382], [-123.10793525155033, 49.24678781557428], [-123.10792658010506, 49.246780807394074], [-123.10791186662564, 49.246775423998805], [-123.10789523661678, 49.2467732806752], [-123.10787847704907, 49.24677473556314], [-123.1078632361217, 49.24677951726678], [-123.10785102424416, 49.2467871746151], [-123.10784430911717, 49.24679518664047], [-123.1078377315832, 49.24680328848934], [-123.10783129144639, 49.24681139020959], [-123.10782498890269, 49.24681958175336], [-123.10781882356038, 49.24682768321641], [-123.10781265860778, 49.246835964583404], [-123.10780663085669, 49.24684415586972], [-123.1078007408751, 49.246852517936546], [-123.10779498811473, 49.24686079891794], [-123.10778923554828, 49.246869169851195], [-123.10778375777885, 49.24687754052776], [-123.10777828020338, 49.2468860011562], [-123.10777293982979, 49.246894371704066], [-123.1077677372455, 49.24690292202778], [-123.10776267186326, 49.24691138227094], [-123.10775760667504, 49.24691993246601], [-123.10775267888471, 49.246928482532695], [-123.10774802608772, 49.246937122295016], [-123.10774337328914, 49.24694576205712], [-123.10773885788863, 49.24695440169091], [-123.10773434248658, 49.2469630413245], [-123.10773010207812, 49.24697177065381], [-123.10772586166823, 49.246980499982946], [-123.10772189605642, 49.246989229055686], [-123.10771793063891, 49.24699804808041], [-123.10771410242415, 49.24700677702476], [-123.10771041180362, 49.24701559579299], [-123.10770672118178, 49.247024414561096], [-123.10770330555414, 49.247033323025015], [-123.10769988992527, 49.24704223148884], [-123.10769676263946, 49.24705104973144], [-123.1076936218082, 49.247059957938866], [-123.10769061857148, 49.24706895597028], [-123.10768775253808, 49.24707786392139], [-123.10768502409935, 49.24708686169647], [-123.10768243305976, 49.2470958593434], [-123.10767984199965, 49.247104847995054], [-123.10767752575846, 49.24711384538574], [-123.10767520951646, 49.247122842776356], [-123.10765893271768, 49.24722000644828], [-123.10765799477475, 49.247230981504956], [-123.10765733163241, 49.24724195630551], [-123.10765666848977, 49.247252931106054], [-123.10765600534687, 49.24726390590659], [-123.10765561700485, 49.247274880451016], [-123.10763665010982, 49.24770845027953], [-123.10782489880651, 49.24771205273754], [-123.10801314751045, 49.24771564589357], [-123.10855178650502, 49.247726025278396], [-123.10875032732444, 49.24772988641459]]], "type": "Polygon"}, "properties": {"geo_point_2d": {"lon": -123.10835971415052, "lat": 49.24740955575658}}}, {"type": "Feature", "geometry": {"coordinates": [[[-123.1051496992264, 49.24832926156111], [-123.10513126631464, 49.24874009946341], [-123.10528600370816, 49.24874277405877], [-123.10538767337775, 49.24874453437784], [-123.10544204652008, 49.248745474241176], [-123.10559678394654, 49.24874814842027], [-123.10580589456444, 49.2487517710794], [-123.1060150051931, 49.24875538436479], [-123.1060162251797, 49.248728352581466], [-123.1073181442806, 49.248750861978735], [-123.10733553210021, 49.248367028375114], [-123.10733801027274, 49.248312245122534], [-123.10735740395346, 49.2478840901215], [-123.10723067236466, 49.247881689152976], [-123.10709264583414, 49.247879073635175], [-123.10695461929852, 49.24787644895724], [-123.10681659279665, 49.247873833109615], [-123.10667855254951, 49.24787120811457], [-123.10654052607633, 49.247868591937085], [-123.10640249961746, 49.2478659755947], [-123.1062644731536, 49.247863350092196], [-123.10612644672341, 49.247860733419984], [-123.10598842030754, 49.24785811658286], [-123.10585039388677, 49.247855490585614], [-123.10571236749958, 49.247852873418665], [-123.10557434112671, 49.24785025608681], [-123.10543631474904, 49.247847629594816], [-123.10529828840487, 49.24784501193312], [-123.10525523848132, 49.24784419661515], [-123.10516909020568, 49.24789739190539], [-123.10515217979655, 49.24827446935821], [-123.1051496992264, 49.24832926156111]]], "type": "Polygon"}, "properties": {"geo_point_2d": {"lon": -123.10623703087208, "lat": 49.24830358611786}}}, {"type": "Feature", "geometry": {"coordinates": [[[-123.1045118187831, 49.24594157036913], [-123.10497829941853, 49.245949692906585], [-123.10498222966727, 49.24585928723727], [-123.10498615992101, 49.24576889056166], [-123.10499009014157, 49.245678484889275], [-123.10499402036713, 49.24558808821056], [-123.10499793681996, 49.245497682547565], [-123.10500186606365, 49.24540683610491], [-123.10500579622784, 49.24531643042633], [-123.10500972637797, 49.24522602474619], [-123.10501365651399, 49.24513561906454], [-123.10501746164114, 49.24505106039767], [-123.10502112938039, 49.244966510849565], [-123.10502479708826, 49.24488195230487], [-123.1050286021967, 49.24479740262915], [-123.10503226987973, 49.24471284408177], [-123.10503592381117, 49.24462828554552], [-123.10457014353072, 49.24462061236961], [-123.10448701776788, 49.24461933829497], [-123.1040212376343, 49.244611653910695], [-123.10401743083855, 49.24469621255231], [-123.10401362403006, 49.24478077119259], [-123.10400981718986, 49.24486532083629], [-123.1040060103558, 49.24494987947383], [-123.10400221724842, 49.24503443809766], [-123.10399827299419, 49.24511899685617], [-123.10399421733133, 49.2452093936209], [-123.10399014793333, 49.245299799391645], [-123.10398607850183, 49.24539019616562], [-123.10397990518544, 49.2455255799979], [-123.1039779396328, 49.245571007699354], [-123.10397387017639, 49.24566141346388], [-123.10396980070537, 49.24575181922684], [-123.1039655938231, 49.245842225111915], [-123.10396152430374, 49.24593262187655], [-123.10442800381962, 49.24594029687527], [-123.1045118187831, 49.24594157036913]]], "type": "Polygon"}, "properties": {"geo_point_2d": {"lon": -123.10449925410119, "lat": 49.24528072882763}}}, {"type": "Feature", "geometry": {"coordinates": [[[-123.10633514046367, 49.245970040581], [-123.10634873793549, 49.24596777925652], [-123.10636219781591, 49.24596542810477], [-123.10637579472485, 49.24596290591584], [-123.10638910307947, 49.24596037499581], [-123.10640256218281, 49.24595766403073], [-123.1064158836944, 49.24595486323848], [-123.10642920501115, 49.245951972492534], [-123.10644252613298, 49.24594899179289], [-123.10645570966292, 49.24594592126617], [-123.1064687556009, 49.245942760912406], [-123.10648193854726, 49.2459394205262], [-123.10649484669807, 49.2459360803918], [-123.10650789185704, 49.24593256022497], [-123.10652079942378, 49.24592895023121], [-123.10653356959178, 49.24592534036268], [-123.10654633937081, 49.24592155058844], [-123.10655910895434, 49.24591767086062], [-123.1065716035486, 49.24591370143272], [-123.10658423534406, 49.24590964192455], [-123.10659672935337, 49.245905402637455], [-123.10660908596375, 49.24590116347579], [-123.10662144237831, 49.24589683436064], [-123.10663366120026, 49.245892415418844], [-123.10664587963257, 49.24588781657141], [-123.10665796066584, 49.245883217849546], [-123.1066699039126, 49.245878439348964], [-123.10668184715708, 49.24587366084713], [-123.10669379001159, 49.24586870243975], [-123.10670545807035, 49.245863744284925], [-123.10671712593292, 49.245858696176775], [-123.10672865600868, 49.24585346829006], [-123.106740186082, 49.245848240402175], [-123.10675157836843, 49.24584283273579], [-123.10676283325576, 49.24583742519523], [-123.10680743962067, 49.245815345642335], [-123.10667005706308, 49.24569440571756], [-123.10656240919194, 49.245599695292725], [-123.10645517451925, 49.24550526323765], [-123.10634766486596, 49.245410552482454], [-123.10624043099334, 49.245316111229165], [-123.10594364720974, 49.24505473037958], [-123.10581287645722, 49.24493971121706], [-123.1057667629681, 49.24489927488468], [-123.1056752241446, 49.24481885129619], [-123.10566667625078, 49.24481148302171], [-123.10565800489704, 49.244804204811814], [-123.10564905895028, 49.24479701680474], [-123.10563983860249, 49.2447900089526], [-123.10563048105548, 49.244783091177496], [-123.10562084910748, 49.244776353557214], [-123.10561094256659, 49.24476970613949], [-123.10560089901837, 49.24476323875085], [-123.10559071846276, 49.24475695139126], [-123.10558012592071, 49.24475075435964], [-123.10556953357307, 49.244744647279205], [-123.10555866701613, 49.24473881030541], [-123.10554752586637, 49.244733063533815], [-123.10553624751736, 49.24472740683882], [-123.10552483235244, 49.24472202012475], [-123.10551327998817, 49.244716723487215], [-123.10550145341428, 49.244711696955996], [-123.1054896268428, 49.24470667042356], [-123.10547752606156, 49.24470191399733], [-123.10546528827236, 49.244697337599604], [-123.1054527760816, 49.244692941355765], [-123.10544026408462, 49.24468863506274], [-123.10542761527088, 49.244684598750275], [-123.10541345591677, 49.24468093261938], [-123.10539847582281, 49.24467896733505], [-123.10538322477173, 49.244678801343035], [-123.10536825233555, 49.24468043414202], [-123.10535397069289, 49.244683865356215], [-123.10534079163997, 49.2446889147057], [-123.10532926455836, 49.24469549173759], [-123.10531980105408, 49.24470332622011], [-123.10531267514925, 49.244712058094514], [-123.10530802404695, 49.244721597283856], [-123.10530613529929, 49.24473148476928], [-123.10529877979428, 49.244890698144125], [-123.10529365381498, 49.24499999492302], [-123.10528852876976, 49.2451097414605], [-123.10528340368305, 49.245219479000454], [-123.10527841503216, 49.24532877564724], [-123.10527328992026, 49.245438522177814], [-123.10526830122578, 49.24554781882004], [-123.10526318977092, 49.24565754734305], [-123.10525806459242, 49.24576729386671], [-123.10525307583232, 49.24587659050207], [-123.10524834366254, 49.24597733243431], [-123.10576841249416, 49.24598676123022], [-123.10585222853062, 49.24598848351234], [-123.10597726462905, 49.24599060869567], [-123.10599141748727, 49.24599104547385], [-123.10600557034574, 49.24599148225031], [-123.10601972281928, 49.2459917391207], [-123.10603401249742, 49.245991905911104], [-123.10604816458591, 49.24599198287369], [-123.10606231628914, 49.24599187993024], [-123.1060764679923, 49.24599177698504], [-123.10609061930997, 49.245991494133804], [-123.10610477043471, 49.245991121328665], [-123.10611905876353, 49.24599065844345], [-123.10613320950222, 49.24599010573051], [-123.10614736004779, 49.245989463063694], [-123.10616137281023, 49.24598864061708], [-123.10617552296925, 49.245987818042494], [-123.10618967274199, 49.24598681556186], [-123.10620368492421, 49.24598572325363], [-123.10621783430987, 49.24598454086522], [-123.1062318459119, 49.24598317869712], [-123.10624585751316, 49.2459818165273], [-123.10633514046367, 49.245970040581]]], "type": "Polygon"}, "properties": {"geo_point_2d": {"lon": -123.10582651908423, "lat": 49.24548794093889}}}, {"type": "Feature", "geometry": {"coordinates": [[[-123.10235490746118, 49.24690092702612], [-123.10236327931075, 49.24670356421619], [-123.10236747154163, 49.24660462194113], [-123.10237166466729, 49.24650612042981], [-123.1023758568467, 49.24640716915584], [-123.10238934579742, 49.24608648614139], [-123.10226637073195, 49.246084436207624], [-123.10214408266303, 49.246082385535566], [-123.10202179477085, 49.24608041569101], [-123.10189950674012, 49.246078373755275], [-123.10181569160937, 49.24607709836637], [-123.10141585071797, 49.24607025386481], [-123.10141218873675, 49.24616065917249], [-123.10140838934463, 49.24625106459924], [-123.1014047410767, 49.246341469891796], [-123.10140107905592, 49.24643187519489], [-123.10139819720544, 49.24650069125363], [-123.10139361847867, 49.246613126682654], [-123.1013899564182, 49.24670353198114], [-123.10138615692692, 49.24679392840346], [-123.10138249483998, 49.24688433369889], [-123.10137040971145, 49.24702152158892], [-123.10135834101851, 49.24716005874471], [-123.10176986971186, 49.24716688415567], [-123.10185368668616, 49.24716815957637], [-123.1019917790194, 49.247170466461846], [-123.1021298713838, 49.24717278217749], [-123.10227139893672, 49.24717517564425], [-123.10241017830998, 49.247177481421446], [-123.10254827069411, 49.24717978764172], [-123.10268636307218, 49.24718208470172], [-123.10282445548151, 49.24718439059186], [-123.10298659390467, 49.24718712464586], [-123.10315422854815, 49.247189943517334], [-123.10316530663519, 49.246914688529046], [-123.10337416155008, 49.24691809093646], [-123.1033715572142, 49.24698690679091], [-123.10336895287125, 49.24705572264449], [-123.10336636226118, 49.247124538484876], [-123.10336377164411, 49.24719335432441], [-123.10378215717871, 49.24720017542782], [-123.10390788308376, 49.24720222127431], [-123.10403360899896, 49.24720426698395], [-123.10415933492435, 49.24720631255677], [-123.10428437385777, 49.24720835861289], [-123.10441009980347, 49.247210403912796], [-123.10449391691641, 49.24721167741791], [-123.10492262152931, 49.24721848505751], [-123.1049257605353, 49.247150118446356], [-123.10492877589174, 49.24708176094185], [-123.1049319276677, 49.24701294455571], [-123.10493508038822, 49.246944577929426], [-123.10494097551197, 49.24680874457004], [-123.10494687157627, 49.24667336996314], [-123.10495080193773, 49.24658296430623], [-123.10495471854529, 49.24649255866022], [-123.10495864794437, 49.24640171223465], [-123.10496257826357, 49.2463113065731], [-123.10496650858774, 49.24622090990519], [-123.10497043887875, 49.246130504240526], [-123.10453006393011, 49.24612324858214], [-123.10444624771, 49.24612152534097], [-123.10407457446746, 49.24611556409555], [-123.1040706482135, 49.24620866829589], [-123.10406686646611, 49.24629862403287], [-123.1040630709655, 49.246388579780714], [-123.10405927637755, 49.246478976292586], [-123.1040554808498, 49.24656893203736], [-123.10405168625361, 49.2466593375414], [-123.10404775328068, 49.24674928441166], [-123.10404395771205, 49.246839240151864], [-123.10404030028555, 49.246929555575406], [-123.10391897204526, 49.24692759586983], [-123.10379324662969, 49.246925451087485], [-123.10376370457446, 49.246924937910556], [-123.1037674997349, 49.246834541415], [-123.1037714313383, 49.24674369503374], [-123.10377522645241, 49.2466532895399], [-123.10377915895157, 49.24656288392109], [-123.10378295403821, 49.246472478424174], [-123.10378674911125, 49.24638207292571], [-123.1037983953227, 49.24611086518178], [-123.10367473296547, 49.246108727412285], [-123.10355108435843, 49.246106589498105], [-123.10342742204092, 49.24610446045909], [-123.1032398674831, 49.24610120103], [-123.10308460247012, 49.24609846119896], [-123.10291697133866, 49.2460955522713], [-123.10266552467769, 49.24609118842375], [-123.10266211925756, 49.246171698786824], [-123.10265885029189, 49.24625175926577], [-123.10265544391787, 49.246331819865595], [-123.1026521749126, 49.24641187134693], [-123.10264693535686, 49.24653555145586], [-123.10264183226072, 49.246658790674246], [-123.10263672913963, 49.2467820298898], [-123.10263150326618, 49.24690571897312], [-123.10255867868453, 49.24690443435913], [-123.10242058688183, 49.24690203819852], [-123.10235490746118, 49.24690092702612]]], "type": "Polygon"}, "properties": {"geo_point_2d": {"lon": -123.1031609678624, "lat": 49.24665641449521}}}, {"type": "Feature", "geometry": {"coordinates": [[[-123.1044653203661, 49.24797852872783], [-123.10488922345816, 49.24798578159978], [-123.10489302235872, 49.24789808364925], [-123.1048961685177, 49.247826568709804], [-123.10489917821864, 49.24775550365483], [-123.10490232531285, 49.24768443847413], [-123.1049054714453, 49.247612923531776], [-123.1049086185408, 49.24754186734438], [-123.10491161446711, 49.24747080229804], [-123.10491476057305, 49.24739928735281], [-123.10448744216426, 49.24739248742545], [-123.1044036247454, 49.24739121391588], [-123.10429919643269, 49.24738959914526], [-123.10419408093271, 49.2473878949477], [-123.10408965244447, 49.24738619003553], [-123.10388423088943, 49.24738295674357], [-123.10335727996605, 49.247374614044936], [-123.10335179355658, 49.24751088770982], [-123.1033480032385, 49.24760399174106], [-123.10334526049121, 49.247672357948964], [-123.10334251773652, 49.247740724155996], [-123.10333376889648, 49.24795975684925], [-123.10365392862815, 49.2479651370422], [-123.10381400842526, 49.247967781829885], [-123.10397408823914, 49.24797042639574], [-123.10406752556267, 49.247972051361266], [-123.1041719552858, 49.24797375629244], [-123.10427707221825, 49.24797555046125], [-123.10438150195573, 49.247977255203004], [-123.1044653203661, 49.24797852872783]]], "type": "Polygon"}, "properties": {"geo_point_2d": {"lon": -123.10412402714323, "lat": 49.247679786968455}}}, {"type": "Feature", "geometry": {"coordinates": [[[-123.10522813666277, 49.24649006113865], [-123.10521228755965, 49.246784210680524], [-123.10537992191779, 49.246787476084315], [-123.1055468693205, 49.24679075086766], [-123.10571450372208, 49.246794015785916], [-123.10588212440544, 49.246797280473515], [-123.10604907166136, 49.24680045558376], [-123.10621670610843, 49.24680371077805], [-123.10638434059649, 49.246806974724315], [-123.10655128810969, 49.24681023906092], [-123.10671892264114, 49.24681350252166], [-123.10688815096827, 49.24681673727893], [-123.10704663441643, 49.24681985581139], [-123.107277425356, 49.24680120151136], [-123.10729088483393, 49.24679858039519], [-123.10730420671618, 49.246795869452946], [-123.10731739061288, 49.24679288878036], [-123.107330574313, 49.24678981815414], [-123.10734375781647, 49.246786657574255], [-123.10735666614924, 49.24678332633915], [-123.10736957407069, 49.24677980620313], [-123.10738248179521, 49.2467761961135], [-123.10739525172845, 49.246772406245874], [-123.1074078838703, 49.2467684366003], [-123.10742037841581, 49.24676437712894], [-123.10743273536491, 49.24676022783187], [-123.10744509192159, 49.24675589862917], [-123.10745731068653, 49.24675138964867], [-123.10746939185489, 49.24674679084255], [-123.10748133523137, 49.2467420122587], [-123.10749314101115, 49.246737143849316], [-123.10750479545433, 49.246732185627216], [-123.10751646324445, 49.246727047486864], [-123.10752785584334, 49.246721729696816], [-123.10753911084538, 49.2467163220814], [-123.10755036564957, 49.24671082451273], [-123.10756134545782, 49.24670523724665], [-123.10757218747379, 49.2466994702032], [-123.10758289169736, 49.24669352338237], [-123.10759345851937, 49.2466875766885], [-123.10760388754896, 49.24668145021735], [-123.10761404158261, 49.246675234049086], [-123.10762419522267, 49.24666883797563], [-123.1076340740623, 49.2466624421573], [-123.10764381510941, 49.24665586656185], [-123.10765341855952, 49.246649201141466], [-123.1076627468182, 49.24664235607208], [-123.10767207507428, 49.24663551100191], [-123.10768099074015, 49.246628486410906], [-123.10768990640348, 49.246621461819196], [-123.10769854687547, 49.24661425757867], [-123.1077070497505, 49.24660696351345], [-123.1075998109077, 49.24651262249255], [-123.10749215947838, 49.24641791295], [-123.10738464605403, 49.24632329312973], [-123.10727699544809, 49.24622858338299], [-123.1071697582446, 49.246134241955545], [-123.10706252125534, 49.246039810474606], [-123.1069574874752, 49.245947436761455], [-123.10691288008732, 49.24596906661105], [-123.10690121241295, 49.245974204691045], [-123.106889544542, 49.24597925281769], [-123.1068778764745, 49.245984210991004], [-123.1068659336106, 49.24598916941732], [-123.10685412794723, 49.245994037763175], [-123.10684218469042, 49.245998816282714], [-123.10683010403423, 49.24600359492807], [-123.10681816038468, 49.246008193540824], [-123.10680594193873, 49.24601279240637], [-123.10679372329649, 49.246017301318474], [-123.10678150465206, 49.24602181022928], [-123.10676928561747, 49.2460261392345], [-123.1067569291836, 49.246030468365355], [-123.1067444351565, 49.2460347076697], [-123.10673194112725, 49.2460389469727], [-123.10671944670814, 49.246043006370016], [-123.10670695228698, 49.246047065766], [-123.10669432027275, 49.24605103533534], [-123.10668155066547, 49.246054915078034], [-123.10666891843405, 49.24605878569724], [-123.10665601123179, 49.2460625756118], [-123.10664324103736, 49.246066185493795], [-123.10663034737723, 49.24606988544064], [-123.1066174395881, 49.24607340549444], [-123.10660453160347, 49.24607683559463], [-123.10659148621977, 49.24608026582014], [-123.10657844064065, 49.24608360609202], [-123.10656525746886, 49.24608685653702], [-123.1065522114991, 49.246090016901626], [-123.10653902813036, 49.24609317739146], [-123.1065258443729, 49.24609615797549], [-123.10651252321651, 49.246099138684684], [-123.10649920186508, 49.24610202944019], [-123.10648588031863, 49.24610483024199], [-123.1064103455989, 49.2461206414973], [-123.10639674924757, 49.24612344254194], [-123.1063831525082, 49.24612606368066], [-123.1063695557674, 49.24612868481779], [-123.10635582124132, 49.246131126175484], [-123.1063420865207, 49.246133477579384], [-123.10632821420818, 49.24613573915596], [-123.10631447890559, 49.24613782070012], [-123.10630060601129, 49.246139812416914], [-123.1062865955253, 49.24614171430629], [-123.10627272224266, 49.246143526115425], [-123.10625871136853, 49.246145248097115], [-123.10624827166976, 49.24614642707889], [-123.1062447001074, 49.246146790172794], [-123.10623068865243, 49.2461482422946], [-123.1062165396062, 49.24614960458889], [-123.10620252776373, 49.24615087680297], [-123.10618837813728, 49.246151969237346], [-123.10617422831733, 49.246152971717834], [-123.10616007830394, 49.24615388424442], [-123.1061459279044, 49.24615461686498], [-123.1061317775044, 49.24615534948379], [-123.10611762671847, 49.24615590219657], [-123.10610333834197, 49.24615636508164], [-123.10608918697726, 49.246156647934455], [-123.10608341647479, 49.2461567431856], [-123.1060750354197, 49.246156840833386], [-123.10606074627187, 49.24615694390457], [-123.10604659432882, 49.24615695689571], [-123.10603230479565, 49.246156880059054], [-123.10601815227486, 49.24615662319024], [-123.10600399956162, 49.246156276367536], [-123.10598970925858, 49.246155839717], [-123.10597555596823, 49.24615522303433], [-123.10591578555403, 49.24615410846591], [-123.10574884085058, 49.24615110407031], [-123.10558120902614, 49.246148028099554], [-123.10541357739449, 49.24614503284251], [-123.10524594559156, 49.24614194739004], [-123.10523076897906, 49.24643563758282], [-123.10522813666277, 49.24649006113865]]], "type": "Polygon"}, "properties": {"geo_point_2d": {"lon": -123.10638840006848, "lat": 49.24646446604232}}}, {"type": "Feature", "geometry": {"coordinates": [[[-123.12027809751764, 49.247941217998374], [-123.12030857243893, 49.24719999716467], [-123.11863772377288, 49.24717071846704], [-123.11860929759666, 49.24791150498277], [-123.12027809751764, 49.247941217998374]]], "type": "Polygon"}, "properties": {"geo_point_2d": {"lon": -123.11945851410906, "lat": 49.24755578614103}}}, {"type": "Feature", "geometry": {"coordinates": [[[-123.1073604607809, 49.247703310128095], [-123.10739318997112, 49.24696210861475], [-123.1052063960498, 49.246921393336024], [-123.10517364790934, 49.247662603239895], [-123.1073604607809, 49.247703310128095]]], "type": "Polygon"}, "properties": {"geo_point_2d": {"lon": -123.10628342150673, "lat": 49.24731235431406}}}, {"type": "Feature", "geometry": {"coordinates": [[[-123.127582702369, 49.25253789557094], [-123.12759729671131, 49.25253821227695], [-123.12761040729524, 49.25253865655313], [-123.1276224737564, 49.25253919193342], [-123.12763760540977, 49.25254004775427], [-123.12765121198778, 49.2525409952104], [-123.12766634461647, 49.25254222882583], [-123.12767969094206, 49.25254350039427], [-123.12769248781665, 49.252544853525485], [-123.12770683838787, 49.252546555751614], [-123.12772070830879, 49.252548375445244], [-123.12773475742742, 49.25255041082446], [-123.12774949436573, 49.2525527332886], [-123.12776243086509, 49.25255494080398], [-123.12777539528975, 49.25255731919628], [-123.12778958377874, 49.25256011001353], [-123.1278017791455, 49.252562669157996], [-123.12781412613468, 49.2525654080379], [-123.12782894857288, 49.2525689087717], [-123.12784110397364, 49.252571953698336], [-123.12785408484281, 49.252575375509615], [-123.12786833135104, 49.25257934462737], [-123.1278804468566, 49.25258290232179], [-123.1278931679205, 49.25258681915358], [-123.12790584820338, 49.252590906938366], [-123.12791840523298, 49.25259515677228], [-123.12792922971651, 49.252598976752495], [-123.12794240667651, 49.25260382857734], [-123.12795235168262, 49.2526076405341], [-123.12796034371883, 49.252610806996884], [-123.12796782699388, 49.252613848089496], [-123.12797895600812, 49.25261852227403], [-123.12799042942326, 49.25262352889925], [-123.12800168323199, 49.2526286347141], [-123.12801253856172, 49.25263374996459], [-123.12802299541234, 49.25263887465084], [-123.12803588823994, 49.25264543587245], [-123.12804658012084, 49.25265110900476], [-123.1280581945956, 49.25265751872186], [-123.12806749765484, 49.25266283358264], [-123.128078700517, 49.25266948662498], [-123.12808865157461, 49.25267562832628], [-123.12809821777819, 49.25268173447255], [-123.1281086518201, 49.25268865822113], [-123.12811875618407, 49.25269562731044], [-123.128128090302, 49.25270231840114], [-123.1281369844598, 49.252708920026805], [-123.12814612710893, 49.25271596214212], [-123.12815463706671, 49.25272278007792], [-123.12816362965822, 49.252730245133826], [-123.1281723889253, 49.25273781839054], [-123.12818010215899, 49.25274474515101], [-123.12818867014387, 49.25275274139423], [-123.12819602666032, 49.25275988443479], [-123.12820378350152, 49.2527677286581], [-123.12821093487715, 49.25277524972473], [-123.12821801817611, 49.2527830137375], [-123.1282247990926, 49.25279075109974], [-123.12822912722943, 49.25279587357375], [-123.12823752199625, 49.25280595689748], [-123.12824424997987, 49.25281447690179], [-123.12825102040232, 49.25282346461022], [-123.12825588870811, 49.252830223614325], [-123.12825972317968, 49.25283574242501], [-123.1283573824294, 49.252983164632546], [-123.1284790330903, 49.25316680183195], [-123.1285783353613, 49.25331670469905], [-123.1285868745742, 49.25332943243137], [-123.12859396434365, 49.253339634118646], [-123.12860146697567, 49.25335006922171], [-123.12860568715938, 49.25335592041437], [-123.12861022405839, 49.253362023120545], [-123.12861655325072, 49.2533703816323], [-123.12862262001987, 49.25337822770814], [-123.12862878284295, 49.25338601970537], [-123.12863513823942, 49.25339388344963], [-123.12864190680203, 49.2534020975472], [-123.12864875763039, 49.25341023959097], [-123.12865538744747, 49.25341794111451], [-123.12866232009958, 49.25342584019532], [-123.12866904562216, 49.25343335271178], [-123.12867650114357, 49.25344151207087], [-123.12868384598511, 49.25344938370561], [-123.1286910388745, 49.25345694967155], [-123.12869805228127, 49.25346419200894], [-123.12870558890633, 49.253471829552836], [-123.12871341443834, 49.2534795927075], [-123.12872092276594, 49.25348691544909], [-123.12872878887313, 49.25349442669125], [-123.12873650314481, 49.25350167724057], [-123.12874434102456, 49.253508900665956], [-123.12875248160013, 49.25351626767705], [-123.12876078710292, 49.25352364349898], [-123.12876914736476, 49.25353093830227], [-123.12877792044425, 49.25353844853014], [-123.12878599082309, 49.25354523992282], [-123.12879459792967, 49.25355233655417], [-123.12880286048751, 49.25355904677442], [-123.12881171483423, 49.25356609815274], [-123.12882073413184, 49.25357316733689], [-123.12882964293583, 49.2535800207582], [-123.1288382209792, 49.253586505743534], [-123.12884722555921, 49.253593197142656], [-123.12885607839645, 49.25359966382974], [-123.12886605989056, 49.25360683088462], [-123.12887469185682, 49.25361291102206], [-123.12888511323476, 49.253620131555934], [-123.1288944329755, 49.25362647178608], [-123.12890441319234, 49.2536331441018], [-123.1289139388544, 49.253639403143595], [-123.12892401482411, 49.253645904441534], [-123.12893348486789, 49.25365191167755], [-123.12894367037894, 49.253658259932735], [-123.12895386937672, 49.25366450922451], [-123.12896391667802, 49.25367055179459], [-123.12897374350324, 49.253676360734126], [-123.12898447841637, 49.25368260042971], [-123.12899477263268, 49.253688471812204], [-123.12900543818559, 49.25369445971703], [-123.12901573186764, 49.25370012420813], [-123.12902632805998, 49.25370586032224], [-123.12903691023158, 49.25371148850836], [-123.12904778110138, 49.25371716134716], [-123.12905830774766, 49.253722573708], [-123.12906945331846, 49.253728192266564], [-123.12908142417633, 49.25373410674433], [-123.12909178494257, 49.253739141488076], [-123.12910328743354, 49.25374461572101], [-123.12911375778708, 49.253749515411975], [-123.12912505345129, 49.25375472001718], [-123.12913655519866, 49.2537599064005], [-123.12914907478407, 49.25376545145377], [-123.12916013578801, 49.253770251532835], [-123.12917140292191, 49.25377505138038], [-123.12918339891618, 49.25378005730197], [-123.12919452802564, 49.253784623425794], [-123.12920682618108, 49.25378956604052], [-123.12921862885722, 49.25379421236573], [-123.12923029374129, 49.253798714920315], [-123.12924226104232, 49.253803253116295], [-123.12925413180022, 49.25380765649072], [-123.1292647781486, 49.253811530515726], [-123.1292681893487, 49.253812759044564], [-123.12927876668456, 49.25381651620759], [-123.12929096685428, 49.25382076629085], [-123.12930313928396, 49.2538249174564], [-123.12931503643185, 49.25382889801956], [-123.12932638320186, 49.25383260934091], [-123.12933895382263, 49.25383663412385], [-123.12935263821863, 49.25384091851989], [-123.12936476825746, 49.253844619965285], [-123.12937743446626, 49.25384841076123], [-123.12938994914022, 49.253852057801915], [-123.12940297242999, 49.25385576723814], [-123.12941545917714, 49.253859243398125], [-123.12942830323836, 49.25386272815169], [-123.12944122958801, 49.25386614984508], [-123.12945419695339, 49.25386949053408], [-123.1294669990886, 49.25387270547365], [-123.12948017227978, 49.253875928991185], [-123.12949247898118, 49.253878865631265], [-123.129506311739, 49.25388207041611], [-123.12951882426576, 49.253884889884795], [-123.12953181783051, 49.25388773579846], [-123.12954490742518, 49.25389051863642], [-123.1295581067916, 49.25389323838328], [-123.12957152595905, 49.253895930896434], [-123.12958490361974, 49.25389851551192], [-123.12959814360389, 49.25390100133284], [-123.12961153458531, 49.2539034240163], [-123.12962481539735, 49.25390575686959], [-123.12963812345888, 49.25390799973856], [-123.1296516787814, 49.253910206347626], [-123.12966506891969, 49.253912305197815], [-123.12967854134554, 49.25391434098754], [-123.12969195854569, 49.25391627789024], [-123.12970558175745, 49.253918169584004], [-123.12971905355015, 49.253919962498706], [-123.12973264883225, 49.25392168331142], [-123.12974625764502, 49.25392332315032], [-123.12975985250459, 49.253924882046284], [-123.12977359838439, 49.25392638679969], [-123.12978720656305, 49.25392778376349], [-123.12980089702876, 49.25392911766666], [-123.12981471098357, 49.2539303794677], [-123.12982835977682, 49.25393154250522], [-123.12984196713266, 49.25393262463071], [-123.12985587666928, 49.253933652443614], [-123.12986714707783, 49.25393442235997], [-123.129873565653, 49.25393483792041], [-123.12988390123546, 49.25393546496241], [-123.12989709541615, 49.25393619673223], [-123.12991060549562, 49.25393686517877], [-123.12992463764957, 49.25393748806054], [-123.12993865582582, 49.25393802100408], [-123.12995208284102, 49.25393845566343], [-123.12996626551919, 49.253938835499824], [-123.12997988454352, 49.253939126016384], [-123.1299936270325, 49.25393933543541], [-123.13000746552594, 49.25393947278301], [-123.13002149619338, 49.253939528955684], [-123.13003522432642, 49.25393950451015], [-123.13004914460974, 49.25393938989447], [-123.13006715962419, 49.253939135739074], [-123.13008931054803, 49.25393872400523], [-123.13011146132965, 49.25393825829597], [-123.13013361196897, 49.25393773861127], [-123.1301557487713, 49.25393718295704], [-123.1301778991731, 49.253936573311904], [-123.1302000356905, 49.25393590970684], [-123.13022215834711, 49.25393520113704], [-123.1302442946266, 49.25393444757153], [-123.1302664170452, 49.25393364904131], [-123.13028853932103, 49.25393279653568], [-123.13031066147767, 49.253931899049824], [-123.13033276974954, 49.253930947604076], [-123.13035487790209, 49.253929951178115], [-123.13037698593533, 49.25392890977195], [-123.13039908008355, 49.25392781440588], [-123.1304211741123, 49.2539266740596], [-123.1304432542796, 49.25392548874865], [-123.13046533430361, 49.25392424946232], [-123.13048741420795, 49.25392296519578], [-123.13050948022695, 49.25392162696936], [-123.13050165841051, 49.253910193881964], [-123.13049387779962, 49.25389875175224], [-123.1304861246524, 49.253887300595736], [-123.13047839896883, 49.25387584041246], [-123.13047071449077, 49.25386437118687], [-123.1304630574526, 49.25385288393934], [-123.13045542790174, 49.25384139666023], [-123.13044782581444, 49.25382990035437], [-123.1304402649326, 49.25381839500624], [-123.13043271777242, 49.253806880646884], [-123.13042521181764, 49.253795357245274], [-123.1304177470682, 49.25378382480141], [-123.13041029604042, 49.25377228334635], [-123.13040288624165, 49.25376074184423], [-123.13039550388267, 49.253749182320206], [-123.13038816272896, 49.25373761375397], [-123.13038083529683, 49.25372603617654], [-123.13037354909366, 49.25371445855209], [-123.13036629033016, 49.25370286290574], [-123.13035907279556, 49.25369126721241], [-123.13035186898252, 49.25367966250789], [-123.13034470635093, 49.253668039766], [-123.13033758494817, 49.25365641697712], [-123.1303304772669, 49.253644785177094], [-123.13032341079072, 49.253633144334906], [-123.13031637177784, 49.25362149446605], [-123.13030936022817, 49.25360983557056], [-123.13030238990724, 49.25359817662812], [-123.13029544702586, 49.253586499663825], [-123.13028853163136, 49.25357482266812], [-123.13028165741815, 49.25356312763508], [-123.13027479694998, 49.25355143258612], [-123.13026799142852, 49.25353972847954], [-123.13026119962842, 49.253528015361844], [-123.13025444903322, 49.253516293202054], [-123.13024772592478, 49.25350457101086], [-123.13024103025572, 49.25349283079787], [-123.13023436207338, 49.25348109055349], [-123.13022773509589, 49.25346934126703], [-123.13022113558138, 49.25345758295399], [-123.13021457727164, 49.253445815598894], [-123.13020804642488, 49.253434039217225], [-123.13020154304112, 49.253422253808985], [-123.13019506714393, 49.25341046836939], [-123.13018863245142, 49.25339867388774], [-123.1301822252218, 49.25338687037956], [-123.1301758454551, 49.25337505784481], [-123.130169506893, 49.25336323626806], [-123.13016804307856, 49.253360503369464], [-123.13016348578925, 49.253351945051435], [-123.13015899747039, 49.25334348560299], [-123.13015453675473, 49.25333507109937], [-123.13014996539732, 49.25332638686351], [-123.13014544919761, 49.253317774527105], [-123.13014109863322, 49.25330944085586], [-123.13013672037401, 49.253301026258626], [-123.13013212101926, 49.25329214415864], [-123.13012783919159, 49.25328381940465], [-123.13012341921528, 49.25327521595418], [-123.13011910967067, 49.25326680127884], [-123.13011474473514, 49.25325822475169], [-123.1301103106198, 49.2532494683978], [-123.13010606983548, 49.25324107163493], [-123.13010166323022, 49.253232324244934], [-123.13009742225975, 49.25322385552016], [-123.13009307062435, 49.2532151080679], [-123.13008891236701, 49.25320673819712], [-123.13008456059282, 49.253197936773326], [-123.13008036061693, 49.2531893780495], [-123.13007621594014, 49.25318094519636], [-123.13007201582532, 49.25317233250101], [-123.13006785703159, 49.25316375573985], [-123.13006367054321, 49.253155098052716], [-123.13005945636026, 49.25314635943958], [-123.13005542157678, 49.25313790847148], [-123.13005138684196, 49.25312947549364], [-123.13004728285668, 49.25312083570342], [-123.13004322016873, 49.253112222852245], [-123.13003907460686, 49.25310344818016], [-123.13003517753056, 49.253095104998984], [-123.13003103168803, 49.25308622238422], [-123.13002718984097, 49.25307797808805], [-123.1300230713429, 49.25306904147088], [-123.13001916012874, 49.253060545386205], [-123.13001502770292, 49.253051536822596], [-123.13001075694083, 49.253042177600776], [-123.1300069835962, 49.25303385226977], [-123.13000298901649, 49.25302500546459], [-123.12999925694665, 49.25301669807731], [-123.12999559386971, 49.253008498554955], [-123.1299920413412, 49.25300053278391], [-123.12998818460835, 49.25299184773711], [-123.12998430008655, 49.25298304578351], [-123.1299802910412, 49.25297392014181], [-123.12997654457615, 49.25296536090366], [-123.12997353066949, 49.25295841998154], [-123.12997217584261, 49.25295531815349], [-123.12996888535714, 49.252947711895814], [-123.12996520772225, 49.252939197555946], [-123.12996140551668, 49.252930341537564], [-123.12995785203117, 49.25292200696226], [-123.12995427089832, 49.25291360945136], [-123.12995030235705, 49.25290420491102], [-123.1299466241855, 49.252895483680945], [-123.12994302881908, 49.252886897285975], [-123.12993950251605, 49.252878445741565], [-123.12993594840052, 49.25286986829517], [-123.12993218676931, 49.25286076036383], [-123.12992872924882, 49.25285233572736], [-123.12992513336927, 49.252843551437415], [-123.12992159262262, 49.25283483005192], [-123.12991807945481, 49.252826144616186], [-123.12991455233423, 49.252817378239], [-123.12991113571407, 49.252808827622815], [-123.1299076360791, 49.25280006121448], [-123.12990426073327, 49.252791528542126], [-123.129900677778, 49.25278242940395], [-123.12989748216077, 49.25277431030959], [-123.12989394045628, 49.252765220120025], [-123.12989049548693, 49.252756336711755], [-123.12988703651764, 49.25274735437162], [-123.12988379890145, 49.252738938481656], [-123.1298805056829, 49.25273027978304], [-123.12987700494983, 49.25272109059937], [-123.12987376688868, 49.25271250380032], [-123.12987054254664, 49.25270390799052], [-123.12986719361146, 49.252694961506926], [-123.12986388597294, 49.25268604196249], [-123.12986075813193, 49.252677562981816], [-123.12985760257295, 49.252668994079976], [-123.1298542530762, 49.252659831711206], [-123.12985133249411, 49.25265178426805], [-123.1298479965761, 49.25264255891725], [-123.12984456361927, 49.252633009847315], [-123.12984168417057, 49.25262492637677], [-123.12983859697205, 49.25261622246914], [-123.1298355373992, 49.2526075725017], [-123.12983236692803, 49.252598553854604], [-123.12982941773778, 49.25259007467221], [-123.12982681472857, 49.25258260256585], [-123.12982495925846, 49.25257722550668], [-123.12982296533566, 49.252571452813186], [-123.12982016813089, 49.25256328829259], [-123.12981707997292, 49.252554215581156], [-123.12981407476049, 49.25254533167616], [-123.12981130497094, 49.25253714013882], [-123.12980847953231, 49.25252868780244], [-123.12980551552388, 49.25251979485565], [-123.12980268980421, 49.25251123457672], [-123.12979958694426, 49.252501793077045], [-123.12979680252187, 49.25249325973722], [-123.1297940180297, 49.25248469941172], [-123.1297911086152, 49.25247566247958], [-123.12978810218596, 49.252466310823465], [-123.12978528950639, 49.252457480672646], [-123.12978253214749, 49.25244878538796], [-123.12977982994413, 49.25244016200305], [-123.12977712767099, 49.252431511632444], [-123.12977420357804, 49.2524221149073], [-123.12977152876623, 49.25241345551047], [-123.12976883993096, 49.25240468818664], [-123.12976613707222, 49.25239581293578], [-123.12976342011935, 49.2523868027723], [-123.12976063372923, 49.25237751383477], [-123.12975811071486, 49.25236909713815], [-123.12975562902008, 49.25236071637596], [-123.12975306400507, 49.25235200288395], [-123.12975020763852, 49.252342228282565], [-123.12974776714721, 49.25233383847867], [-123.12974520159277, 49.25232491809688], [-123.12974227531988, 49.252314684817314], [-123.12974011168748, 49.252307068291636], [-123.12973743476633, 49.25229759932599], [-123.1297351322124, 49.252289407261806], [-123.12973264906405, 49.2522804687967], [-123.12973023516591, 49.25227173714393], [-123.12972779331437, 49.252262825618004], [-123.12972536529941, 49.25225395005736], [-123.1297233116037, 49.25224633340785], [-123.12972186847101, 49.25224098286942], [-123.12972052230643, 49.252235929064504], [-123.12971813563621, 49.252227098433366], [-123.12971583186318, 49.25221843861838], [-123.12971350023103, 49.25220963491101], [-123.12971112685699, 49.2522006333555], [-123.12970882254436, 49.25219176665075], [-123.12970649039625, 49.252182765048836], [-123.12970428295861, 49.25217415909675], [-123.12970192276373, 49.25216494164079], [-123.12969977052894, 49.25215642557887], [-123.12969749306698, 49.25214731597261], [-123.12969532662105, 49.25213862002202], [-123.12969306285497, 49.25212949240984], [-123.12969061811879, 49.25211947447345], [-123.12968742314838, 49.25210632704082], [-123.12967074077118, 49.25210621983259], [-123.1296561606618, 49.25210604729614], [-123.12964140170243, 49.2521057940015], [-123.12962789311548, 49.25210550332119], [-123.12961405452339, 49.25210513205248], [-123.12959974848876, 49.25210467135424], [-123.1295856072098, 49.252104156498056], [-123.12957156193255, 49.25210356957069], [-123.12955735154706, 49.252102901869755], [-123.12954388312635, 49.25210220634944], [-123.12953027708033, 49.25210143002484], [-123.12951621733356, 49.25210056425499], [-123.129502610959, 49.252099661994336], [-123.12948922430596, 49.25209870551447], [-123.12947440807861, 49.25209757073063], [-123.1294598115495, 49.25209637273215], [-123.12944723531072, 49.25209528940617], [-123.12943313321415, 49.25209399190284], [-123.12941824748307, 49.25209255135203], [-123.12940509342609, 49.25209120780718], [-123.12939118321749, 49.2520897211841], [-123.12937756148474, 49.25208819825539], [-123.12936395330621, 49.25208660334809], [-123.1293493689967, 49.25208482063234], [-123.12933604910707, 49.2520831174563], [-123.12932253662747, 49.25208133353726], [-123.12930854282456, 49.25207940623176], [-123.12929467255422, 49.25207742481498], [-123.1292811045014, 49.25207540707744], [-123.1292704231497, 49.25207377290311], [-123.12926315097631, 49.25207263864611], [-123.12925800956272, 49.252071825832914], [-123.12924505966372, 49.25206972644253], [-123.12922661058428, 49.25206662573655], [-123.12921326157753, 49.252064292913154], [-123.12919948621375, 49.252061816641415], [-123.12918615059887, 49.25205934887153], [-123.12917274604374, 49.252056791224945], [-123.12915953379886, 49.25205420637613], [-123.12914618388349, 49.25205152273221], [-123.12913262754392, 49.25204872237956], [-123.12911940097541, 49.25204591266153], [-123.1291056242843, 49.25204292365224], [-123.12909256231039, 49.25203999680928], [-123.12907969269376, 49.25203706075471], [-123.1290641003879, 49.25203339912704], [-123.12873958797704, 49.25195595249055], [-123.12872744676473, 49.251953042570726], [-123.12871453575778, 49.25195002556453], [-123.12870268370128, 49.25194734020059], [-123.12869040531362, 49.25194452038192], [-123.12867977687068, 49.25194207652374], [-123.128671059855, 49.25194016125411], [-123.12866179292908, 49.25193814764873], [-123.12864932219057, 49.25193533703513], [-123.128635669254, 49.25193235682718], [-123.12862377644937, 49.25192985140501], [-123.1286105225288, 49.25192706864481], [-123.12859809353407, 49.25192445587417], [-123.12858448220138, 49.251921619537455], [-123.12857063729086, 49.2519187924543], [-123.12855845622833, 49.25191640428412], [-123.12854543657171, 49.25191387312208], [-123.12853095954074, 49.25191103774225], [-123.12851704623311, 49.2519083276667], [-123.12850467293714, 49.251905993676026], [-123.12848992124754, 49.251903221563126], [-123.12847687458209, 49.2519008703279], [-123.12846278306307, 49.251898322358045], [-123.12844793542216, 49.25189564029873], [-123.12843530144401, 49.251893459509276], [-123.12842314864689, 49.25189136813583], [-123.12841014363165, 49.25188917876083], [-123.12839671254306, 49.251886953876976], [-123.12838344639825, 49.25188474679872], [-123.12836927316368, 49.25188247776024], [-123.12835569108736, 49.251880316005966], [-123.12834278268704, 49.2518782884301], [-123.12832836225218, 49.25187607363255], [-123.12831438175088, 49.25187393930163], [-123.12830108887653, 49.25187202009082], [-123.12828747978956, 49.25187003826303], [-123.12827348585338, 49.25186802088], [-123.1282602756865, 49.25186620052015], [-123.12824665311776, 49.25186431764998], [-123.12823067999165, 49.25186213154946], [-123.1282176900152, 49.251860436873486], [-123.12820542877228, 49.2518589122967], [-123.1281911741534, 49.251857048111795], [-123.12817862422794, 49.251855478876344], [-123.12816339414033, 49.251853678736836], [-123.12814999227804, 49.25185211943856], [-123.1281357381521, 49.25185044414602], [-123.12812417816377, 49.25184908969213], [-123.1281140754309, 49.25184799448268], [-123.12810643299974, 49.25184713042019], [-123.12809527204651, 49.25184598241114], [-123.12808184312469, 49.25184458504901], [-123.12806937635183, 49.25184328556624], [-123.1280544079851, 49.25184172799334], [-123.12804111675793, 49.25184043841657], [-123.12802768832762, 49.251839229947336], [-123.12801384730959, 49.25183788700531], [-123.12799978661731, 49.25183661626681], [-123.1279856162045, 49.251835426605176], [-123.12797312258161, 49.251834370012865], [-123.12795880101561, 49.251833180515376], [-123.1279444521769, 49.25183207200334], [-123.12793059811912, 49.25183099892254], [-123.12791615309244, 49.2518298905135], [-123.12790359120741, 49.251829004898525], [-123.12788977860767, 49.251828021719206], [-123.12787725817985, 49.251827226007734], [-123.12786238756972, 49.25182627098186], [-123.12784797074866, 49.25182544138505], [-123.12783336131746, 49.251824522047315], [-123.12782020909296, 49.251823843966655], [-123.12780724908464, 49.25182310270529], [-123.12779329977188, 49.25182238952242], [-123.12777896586532, 49.25182173972981], [-123.12776413703976, 49.251821000530484], [-123.12774921244328, 49.2518204233492], [-123.1277364177968, 49.251819861801536], [-123.12772167190762, 49.251819311404795], [-123.12770894617715, 49.25181883073494], [-123.1276943241924, 49.25181837015], [-123.1276802244473, 49.25181793597174], [-123.12766682578767, 49.251817608959755], [-123.12765300110122, 49.25181726442647], [-123.1276404819322, 49.25181695443013], [-123.12762716592967, 49.25181670827926], [-123.12761242076138, 49.25181643671976], [-123.12760504959518, 49.25199544984466], [-123.12759755934096, 49.25217626214001], [-123.12759019272964, 49.252357083287855], [-123.127582702369, 49.25253789557094]]], "type": "Polygon"}, "properties": {"geo_point_2d": {"lon": -123.12903303994545, "lat": 49.252832468841426}}}, {"type": "Feature", "geometry": {"coordinates": [[[-123.1047561210845, 49.25096010255218], [-123.10476373306962, 49.25079098540423], [-123.1047713312817, 49.2506218772585], [-123.10477616946449, 49.25051213110975], [-123.10478102233803, 49.25040284370192], [-123.10478640386573, 49.25028365206767], [-123.10479047220514, 49.250193246347976], [-123.10479454052992, 49.25010284062672], [-123.10479874053635, 49.25000973621628], [-123.10438031873116, 49.25000355748608], [-123.10420443038208, 49.25000092774211], [-123.1040285420513, 49.249998297730336], [-123.10385265375764, 49.24999567644599], [-123.10350087737534, 49.249990505035626], [-123.10332500287687, 49.24998788293563], [-123.10314911463708, 49.249985251584945], [-123.10297322641553, 49.249982619966474], [-123.10296060483373, 49.25025653587581], [-123.102956793937, 49.250340194879946], [-123.10295298302762, 49.25042385388275], [-123.10294918580911, 49.25050749488156], [-123.10294366336005, 49.25062713631144], [-123.10292986179789, 49.25092848867643], [-123.10305628456527, 49.25093071473414], [-123.10318202010247, 49.25093285131502], [-123.10330844289189, 49.2509350770968], [-123.10343417843181, 49.25093720440804], [-123.10356060124323, 49.25093942991387], [-123.10368633680466, 49.25094155695065], [-123.10381275963809, 49.25094378218055], [-123.10391856991797, 49.25094557605305], [-123.10408621752732, 49.2509484835139], [-123.10425386515595, 49.25095139073146], [-123.1044208257498, 49.2509542983267], [-123.1047561210845, 49.25096010255218]]], "type": "Polygon"}, "properties": {"geo_point_2d": {"lon": -123.10386518465302, "lat": 49.250470299889066}}}, {"type": "Feature", "geometry": {"coordinates": [[[-123.1160622328632, 49.254697382516], [-123.11604928786979, 49.25503155895073], [-123.11618740340286, 49.25503411870428], [-123.11632551894994, 49.25503667829271], [-123.11646363472262, 49.255039327667994], [-123.11660175029793, 49.25504188692617], [-123.11673986607815, 49.255044526976015], [-123.11687798168165, 49.25504708590395], [-123.11701678462246, 49.25504973392283], [-123.11715490025423, 49.255052292519714], [-123.11729301611315, 49.25505494090345], [-123.1174311317518, 49.255057490174885], [-123.1175692476394, 49.25506013822837], [-123.11770736332758, 49.255062696164764], [-123.11784547900834, 49.255065244940845], [-123.11807154921075, 49.25506951173926], [-123.11808309151253, 49.25473487775398], [-123.11808502301402, 49.25468045469622], [-123.11809727972356, 49.254345819956676], [-123.11787121303827, 49.25434164315756], [-123.11773309935379, 49.2543390854152], [-123.11759498570466, 49.254336536502926], [-123.11745618475531, 49.254333898172064], [-123.11731807111303, 49.25433133993354], [-123.11717995748471, 49.254328781529885], [-123.1170418438704, 49.254326222961126], [-123.11690373027005, 49.25432366422724], [-123.11676561668371, 49.25432110532826], [-123.11662750315375, 49.25431856425453], [-123.11648938959534, 49.25431600502531], [-123.1163512760509, 49.25431344563096], [-123.11621316252048, 49.254310886071494], [-123.11607711030526, 49.25430832427597], [-123.11606415178845, 49.25464250974384], [-123.1160622328632, 49.254697382516]]], "type": "Polygon"}, "properties": {"geo_point_2d": {"lon": -123.11707381928095, "lat": 49.254688866181695}}}, {"type": "Feature", "geometry": {"coordinates": [[[-123.11832096906848, 49.25564360133607], [-123.11830804018433, 49.25597823671244], [-123.11846333742103, 49.25598113595905], [-123.11860076859972, 49.25598369352954], [-123.11873888691599, 49.255986250230386], [-123.11878078965766, 49.255987016728085], [-123.11887630435845, 49.25598879849205], [-123.1190144227026, 49.255991354863475], [-123.11915185393697, 49.255993911778404], [-123.11928997230903, 49.2559964678204], [-123.11942809091207, 49.25599911364924], [-123.11956552218847, 49.256001670072074], [-123.11997986368677, 49.256009318242874], [-123.11999211226049, 49.255676482428626], [-123.11999472772625, 49.255621608876], [-123.12000696127619, 49.25528832329229], [-123.11973072712155, 49.255282673042], [-123.11959262380971, 49.255279847654926], [-123.11945519390655, 49.25527703040175], [-123.11931707688329, 49.25527420469949], [-123.11917895987553, 49.25527137883212], [-123.11904084290487, 49.255268561794814], [-123.11890272592802, 49.25526573559717], [-123.11876529608028, 49.255262908528096], [-123.11833652880941, 49.25525409240486], [-123.11833122239315, 49.25539127493701], [-123.11832733622246, 49.255490226329485], [-123.11832358638516, 49.25558872781956], [-123.11832096906848, 49.25564360133607]]], "type": "Polygon"}, "properties": {"geo_point_2d": {"lon": -123.11915724177432, "lat": 49.255632539002384}}}, {"type": "Feature", "geometry": {"coordinates": [[[-123.12082505843328, 49.25602731841151], [-123.12096317786056, 49.25603023226093], [-123.12110129750184, 49.25603322690197], [-123.12123941696127, 49.25603614042112], [-123.12130813313482, 49.25603759747951], [-123.1213768495329, 49.25603914444896], [-123.12151496900235, 49.25604204864347], [-123.12165307476735, 49.25604496168253], [-123.1217911945121, 49.256047964493945], [-123.12192862692727, 49.25605087791343], [-123.12194086129927, 49.255717592145515], [-123.12194278748773, 49.255662719276074], [-123.12194894527354, 49.25549585145934], [-123.12195499308058, 49.25532898375351], [-123.12181687577518, 49.255326161039896], [-123.12176671376925, 49.2553251344918], [-123.12167944559958, 49.25532333743749], [-123.12159149032179, 49.25532154104041], [-123.12154134206732, 49.255320514379996], [-123.12140391192253, 49.25531769044982], [-123.12126579467885, 49.25531486707736], [-123.12112767725256, 49.255311962583], [-123.1209902471762, 49.255309147155934], [-123.12085212997906, 49.25530632328891], [-123.12076829656726, 49.255304162144746], [-123.12028319636698, 49.255294332689964], [-123.12027984084831, 49.2553838386179], [-123.1202764864106, 49.2554737943042], [-123.1202663004372, 49.25574411124266], [-123.12026048895778, 49.25589748577251], [-123.12025610279801, 49.256015327701476], [-123.12074122489858, 49.2560256070087], [-123.12082505843328, 49.25602731841151]]], "type": "Polygon"}, "properties": {"geo_point_2d": {"lon": -123.12110587558563, "lat": 49.25567241056594}}}, {"type": "Feature", "geometry": {"coordinates": [[[-123.11609717519883, 49.253793327691554], [-123.11608488617699, 49.25410817279328], [-123.11622093784248, 49.25411073458015], [-123.1162202961488, 49.254130074951384], [-123.11635840917508, 49.25413263450278], [-123.11649652221539, 49.25413519388907], [-123.1166346352485, 49.25413774411503], [-123.11677274831676, 49.25414030317106], [-123.11691086137776, 49.2541428530668], [-123.11704897447397, 49.25414541179262], [-123.11718708758418, 49.25414797035333], [-123.11732520070835, 49.2541505287489], [-123.11746331384651, 49.25415308697937], [-123.11760142695593, 49.25415562705433], [-123.11773954033598, 49.25415827490656], [-123.11787696641798, 49.254160833342716], [-123.11810301853605, 49.25416501014537], [-123.11811526233376, 49.25383082514816], [-123.11811650557881, 49.2537759440286], [-123.11812876293565, 49.25344175899341], [-123.11790270039783, 49.25343759124731], [-123.11776458923413, 49.25343503354028], [-123.11762647787066, 49.25343238571612], [-123.1174890538447, 49.25342983597536], [-123.11735094274442, 49.25342728676902], [-123.11721283163682, 49.25342472840235], [-123.11707540763128, 49.253422169174335], [-123.11693729657283, 49.25341961947348], [-123.11679918550712, 49.253417060612314], [-123.11666176154337, 49.25341450089225], [-123.11652365052676, 49.25341195069687], [-123.11638553952412, 49.253409400336395], [-123.11624811560218, 49.25340684012427], [-123.11611206586984, 49.25340427836763], [-123.11609910779393, 49.25373845489643], [-123.11609717519883, 49.253793327691554]]], "type": "Polygon"}, "properties": {"geo_point_2d": {"lon": -123.11710871723965, "lat": 49.2537841103173}}}, {"type": "Feature", "geometry": {"coordinates": [[[-123.11960338478181, 49.25238505717638], [-123.12011389292682, 49.25239532182691], [-123.12011724527902, 49.25230446657694], [-123.12012046129624, 49.25221406122841], [-123.12012380099641, 49.25212366474497], [-123.12012700324915, 49.25203325940771], [-123.12013035662346, 49.251942844916584], [-123.12013371000768, 49.25185243941914], [-123.12013692596695, 49.251762034063084], [-123.12014027934936, 49.25167163755782], [-123.11962977977029, 49.251661831772196], [-123.11958786671848, 49.25166097564122], [-123.11944976021071, 49.25165832999211], [-123.1193116535223, 49.251655603221046], [-123.11917354682716, 49.251652867289685], [-123.11903544036326, 49.25165022114525], [-123.11889733393544, 49.25164758383091], [-123.11875922728468, 49.251644847404236], [-123.11862113441174, 49.25164211979355], [-123.118472034369, 49.251639223400986], [-123.11845771852869, 49.251973401693455], [-123.11845578861336, 49.25202827454283], [-123.11844218711182, 49.252362452078295], [-123.11859128935264, 49.252365357502555], [-123.1187300713149, 49.25236808444094], [-123.11886817974417, 49.25237072195336], [-123.11900697549919, 49.25237345754017], [-123.11914577103111, 49.25237609401298], [-123.11928387974241, 49.25237882997566], [-123.11942267532525, 49.252381475111015], [-123.11956147111813, 49.25238420103642], [-123.11960338478181, 49.25238505717638]]], "type": "Polygon"}, "properties": {"geo_point_2d": {"lon": -123.11929203805761, "lat": 49.25201724267341}}}, {"type": "Feature", "geometry": {"coordinates": [[[-123.11841884299518, 49.25293231443251], [-123.11840452648045, 49.253266510634184], [-123.11856187688255, 49.253269578552526], [-123.1186999880555, 49.25327231521088], [-123.11883809924342, 49.25327505170412], [-123.1189761964668, 49.253277689099185], [-123.11911430766277, 49.253280416266996], [-123.1192524188953, 49.25328315226492], [-123.11939052992588, 49.253285798145725], [-123.11952864116641, 49.25328852481821], [-123.11966675246532, 49.253291269315994], [-123.11980486373572, 49.25329399565825], [-123.11994296108317, 49.25329664089286], [-123.12008107240499, 49.25329937590011], [-123.12009331636564, 49.25296518164399], [-123.1200952445005, 49.252910308777594], [-123.1201074608346, 49.25257613251646], [-123.11996935150735, 49.252573388543645], [-123.11983125595842, 49.25257065338667], [-123.11969314690039, 49.25256800803087], [-123.11955503766133, 49.25256528155315], [-123.11941761549159, 49.25256254520496], [-123.11927950649905, 49.252559908349845], [-123.11914139728285, 49.252557172382424], [-123.11900328808159, 49.252554436249895], [-123.11886519265843, 49.25255170893331], [-123.1187277708003, 49.25254907071172], [-123.11858966164365, 49.252546334084705], [-123.1184343747663, 49.252543264089105], [-123.11842543187022, 49.252762747718506], [-123.11842075924329, 49.25287744160642], [-123.11841884299518, 49.25293231443251]]], "type": "Polygon"}, "properties": {"geo_point_2d": {"lon": -123.1192569461479, "lat": 49.252921440782764}}}, {"type": "Feature", "geometry": {"coordinates": [[[-123.1099461902348, 49.254343204948675], [-123.10993112796355, 49.25467692396682], [-123.11015238579547, 49.254681120887156], [-123.1103599146892, 49.25468506064196], [-123.1104980289725, 49.25468762719785], [-123.11063614345078, 49.254690274545446], [-123.11077425776239, 49.25469284077109], [-123.11091237226944, 49.25469548778845], [-123.11105048660934, 49.25469805368388], [-123.11118860116535, 49.25470070936619], [-123.11132671553364, 49.254703274931366], [-123.11146483011848, 49.25470593028346], [-123.11160294451507, 49.2547084955184], [-123.11174105912875, 49.25471115054026], [-123.11187917353332, 49.25471370644976], [-123.11201728817579, 49.25471636114137], [-123.11215540262899, 49.254718925715856], [-123.11229351727988, 49.254721571082015], [-123.11244400028714, 49.25472439314593], [-123.11245834476742, 49.254390665502235], [-123.11246095477715, 49.25433579211533], [-123.11246840862995, 49.254168923512026], [-123.11247598508889, 49.25400160502296], [-123.1121887660374, 49.25399622628668], [-123.11209669087319, 49.253994426662096], [-123.11191254099147, 49.253991016092], [-123.11177442837817, 49.253988361273386], [-123.11163631598227, 49.25398579624168], [-123.1114982036004, 49.25398323104484], [-123.1113600910302, 49.25398057573088], [-123.11122129137865, 49.253977920913265], [-123.11108317907978, 49.25397537321067], [-123.11094506655297, 49.25397271740055], [-123.1108069540407, 49.2539700614253], [-123.11066815464824, 49.253967495895125], [-123.11053004216485, 49.25396483958884], [-123.11039192989658, 49.25396227306946], [-123.11025381744203, 49.25395961643294], [-123.11011501792635, 49.25395696928138], [-123.10996316318852, 49.2539541454898], [-123.10994812966862, 49.2542883322569], [-123.1099461902348, 49.254343204948675]]], "type": "Polygon"}, "properties": {"geo_point_2d": {"lon": -123.11120346604703, "lat": 49.25433927448739}}}, {"type": "Feature", "geometry": {"coordinates": [[[-123.10985985651088, 49.25627856349113], [-123.10984153187472, 49.25668470597927], [-123.11005112000291, 49.256690083566355], [-123.11026002084193, 49.256695371476994], [-123.11046960883861, 49.25670064935768], [-123.1106785097657, 49.25670593651159], [-123.11088741073675, 49.256711223287724], [-123.11109699906744, 49.256716589982176], [-123.11130590012692, 49.256721876001585], [-123.11151548836443, 49.256727160980006], [-123.11172438951192, 49.256732446242665], [-123.11193397804104, 49.25673782041384], [-123.11235178051591, 49.25674837105752], [-123.11235635975473, 49.256646729646846], [-123.11236131911419, 49.25653698317373], [-123.11236615578962, 49.256427686578476], [-123.11237073494993, 49.25632603616641], [-123.11237335889778, 49.25627116278645], [-123.11239034204375, 49.25589471438312], [-123.11217251442085, 49.25589060836999], [-123.1119629327092, 49.25588667385996], [-123.11182481480411, 49.25588401910627], [-123.1116866971165, 49.255881454139434], [-123.11154857944294, 49.25587888900748], [-123.11141046158093, 49.255876233758414], [-123.11127234375371, 49.25587358733942], [-123.11113422592078, 49.2558709317601], [-123.1109961083041, 49.25586836596766], [-123.1108579905, 49.255865710058075], [-123.11078927526515, 49.255864426687914], [-123.11072056003377, 49.2558631432769], [-123.11058245600094, 49.25586048702474], [-123.11044433846097, 49.25585792956783], [-123.11030622071453, 49.255855272998595], [-123.11016810320282, 49.25585271521144], [-123.10987881206637, 49.255847233760186], [-123.10987058635149, 49.256035691402715], [-123.10986248323985, 49.25622369016577], [-123.10985985651088, 49.25627856349113]]], "type": "Polygon"}, "properties": {"geo_point_2d": {"lon": -123.11111967874687, "lat": 49.25629384498715}}}, {"type": "Feature", "geometry": {"coordinates": [[[-123.11461011305985, 49.25196073140205], [-123.11511238369057, 49.25197056756706], [-123.11511614473882, 49.25188016181191], [-123.11512005692805, 49.25178975590458], [-123.1151238316904, 49.251699350132654], [-123.11512774385184, 49.25160894422227], [-123.11513151860787, 49.25151854744248], [-123.11513529332947, 49.25142814166594], [-123.11513919170825, 49.251337735764615], [-123.11514295266147, 49.251247329998705], [-123.11464068936249, 49.251237493959934], [-123.11457816501871, 49.251236656461856], [-123.11439196382915, 49.25123315293148], [-123.11420783757973, 49.25122964704988], [-123.11402438492101, 49.251226248152776], [-123.11384024518799, 49.251222831650914], [-123.11370214019799, 49.25122017912986], [-123.11353449050922, 49.251217015767565], [-123.11336752791956, 49.25121386048301], [-123.11319987847844, 49.25121078658719], [-123.11303222887287, 49.25120763149122], [-123.11287488553901, 49.251204636992576], [-123.11286054577874, 49.2515388146305], [-123.1128579215876, 49.25159323830587], [-123.11284358265038, 49.25192787467469], [-123.11298100229762, 49.25193043894015], [-123.11311910902627, 49.251933002369455], [-123.11325721576898, 49.25193556563366], [-123.11339532269055, 49.25193820069438], [-123.11353274239387, 49.25194076430355], [-123.1136708491788, 49.25194332707326], [-123.11380895618453, 49.2519459796299], [-123.11394706299771, 49.251948542069414], [-123.11408517003223, 49.251951194295856], [-123.1142225897852, 49.25195374808923], [-123.1143606968484, 49.251956399986284], [-123.11454758780316, 49.251959893888205], [-123.11461011305985, 49.25196073140205]]], "type": "Polygon"}, "properties": {"geo_point_2d": {"lon": -123.11399347530902, "lat": 49.251587545340286}}}, {"type": "Feature", "geometry": {"coordinates": [[[-123.1099880150053, 49.253394178279116], [-123.10997100670917, 49.2537733430696], [-123.11012354838618, 49.25377634610048], [-123.11012419245749, 49.25375700576026], [-123.11026230409962, 49.2537595546098], [-123.11026166008226, 49.253778894950756], [-123.1103997718324, 49.25378146162632], [-123.11053788379746, 49.253784118088774], [-123.11067599557595, 49.25378668443412], [-123.11081410756984, 49.253789340566364], [-123.11095221937667, 49.253791906581455], [-123.11109033139938, 49.25379456238349], [-123.1111590437483, 49.2537958365819], [-123.11122844321434, 49.25379711907317], [-123.11136655526587, 49.25379977454496], [-123.11150466712935, 49.253802339899615], [-123.11164277918941, 49.253804986045985], [-123.11178089108118, 49.25380755107042], [-123.11191900298698, 49.25381011592973], [-123.11205711509007, 49.25381276158076], [-123.11219522702417, 49.25381532610985], [-123.1123333391764, 49.25381798042586], [-123.11248381943899, 49.25382080244033], [-123.1125001203936, 49.25344118820598], [-123.11250274507265, 49.25338676455587], [-123.1125197328477, 49.25300715861644], [-123.11236856797404, 49.253004337314806], [-123.11223045811039, 49.253001692034104], [-123.11209234844452, 49.25299912754513], [-123.11195423860961, 49.25299648193421], [-123.11181612897204, 49.25299391711501], [-123.11167801934847, 49.252991352130714], [-123.1115399095363, 49.252988697029274], [-123.11140179996133, 49.25298614070995], [-123.11126369017795, 49.252983485278286], [-123.11112558061104, 49.252980919633565], [-123.1109874708565, 49.25297826387168], [-123.11084936113664, 49.2529756169399], [-123.11071125141116, 49.252972960847806], [-123.11057314192121, 49.25297040353784], [-123.11043503242522, 49.252967837067565], [-123.11029692274286, 49.25296518048014], [-123.11015881307503, 49.252962523727625], [-123.11000764846712, 49.25295969933674], [-123.10999064144444, 49.25333930492352], [-123.1099880150053, 49.253394178279116]]], "type": "Polygon"}, "properties": {"geo_point_2d": {"lon": -123.11124680823826, "lat": 49.253389810502426}}}, {"type": "Feature", "geometry": {"coordinates": [[[-123.1185440120001, 49.249602198439206], [-123.11853181218811, 49.24995887175332], [-123.11874205569855, 49.249962523807994], [-123.11894886382287, 49.24996608906481], [-123.11908765193212, 49.24996844676237], [-123.11922575305745, 49.24997082299261], [-123.11936384045498, 49.24997319907196], [-123.11950194160626, 49.24997557497203], [-123.11964004274874, 49.2499779417118], [-123.11977814414351, 49.249980407233735], [-123.11991693235238, 49.249982772930224], [-123.1200550335557, 49.24998514816912], [-123.12020137969284, 49.24998769456963], [-123.12021355592725, 49.24963192062522], [-123.12021548382754, 49.2495770567204], [-123.12022697174312, 49.249220833703866], [-123.12002360157412, 49.2492171772114], [-123.11981404795037, 49.249213436821464], [-123.11960519536676, 49.249209794273206], [-123.11939564182619, 49.24920606211951], [-123.11918608829485, 49.24920232059049], [-123.11855812869987, 49.24919111099401], [-123.11854594172786, 49.24954732556536], [-123.1185440120001, 49.249602198439206]]], "type": "Polygon"}, "properties": {"geo_point_2d": {"lon": -123.11937950272166, "lat": 49.24958964869383}}}, {"type": "Feature", "geometry": {"coordinates": [[[-123.12048975398685, 49.249635671762725], [-123.12047756818437, 49.24999234526933], [-123.12062597548483, 49.2499948889826], [-123.12076340323537, 49.24999717412562], [-123.12090081747712, 49.249999549071575], [-123.12103891872835, 49.25000190514388], [-123.1211763327757, 49.25000418981009], [-123.12131373309465, 49.25000647432724], [-123.12145183442803, 49.25000884789636], [-123.12158924849074, 49.2500111230762], [-123.12172666280902, 49.25001349703982], [-123.12186476395951, 49.250015780163274], [-123.12200217830332, 49.250018153799175], [-123.12215264685592, 49.25002068437947], [-123.1221675357328, 49.249661768024524], [-123.12216946144673, 49.249606895093876], [-123.1221843853111, 49.24925111800884], [-123.12196590066208, 49.24924766082375], [-123.12175702116443, 49.24924437300776], [-123.12154816921918, 49.24924110277559], [-123.1213393035162, 49.249237814189875], [-123.12113043784021, 49.24923452522652], [-123.12092157221329, 49.24923124488076], [-123.1207127201127, 49.249227865195756], [-123.12050316751044, 49.249224584811365], [-123.12049168155934, 49.24958079885837], [-123.12048975398685, 49.249635671762725]]], "type": "Polygon"}, "properties": {"geo_point_2d": {"lon": -123.1213298619866, "lat": 49.24962197996122}}}, {"type": "Feature", "geometry": {"coordinates": [[[-123.11464851536584, 49.25105668215455], [-123.11515077683194, 49.25106651816096], [-123.11515572436967, 49.250948675767894], [-123.11515949900543, 49.25085826998167], [-123.11516325988667, 49.25076786420761], [-123.1151670345164, 49.25067746741352], [-123.11517093278044, 49.25058706149941], [-123.115174707362, 49.25049665570703], [-123.11517848193007, 49.250406249913134], [-123.11518212535363, 49.250318542816586], [-123.11518719013465, 49.2501980017217], [-123.11468495225532, 49.2501886156123], [-123.11462242819424, 49.25018732837671], [-123.11443760505536, 49.25018383254827], [-123.11429950314054, 49.25018127069075], [-123.11416140126047, 49.25017871766335], [-123.11402329916652, 49.25017606552359], [-123.11388519729395, 49.2501735031708], [-123.11374709522875, 49.25017085070085], [-123.11360899338447, 49.250168288017875], [-123.11347089136868, 49.25016564421295], [-123.11333278955264, 49.25016308119979], [-123.11312666723427, 49.250159154404535], [-123.1129205451326, 49.25015530819837], [-123.11290293586241, 49.25056190067352], [-123.11290031279344, 49.250616774119365], [-123.11288271798648, 49.2510238253011], [-123.11302080844007, 49.25102638886357], [-123.11315891285436, 49.25102904219958], [-123.11329633000175, 49.251031597097], [-123.11343443423866, 49.25103416015158], [-123.11357253846899, 49.25103671404586], [-123.1137099556788, 49.251039277446466], [-123.11384806016457, 49.25104192995864], [-123.11398616466487, 49.2510445823057], [-123.1141235819171, 49.2510471452143], [-123.11426168621779, 49.251049698284724], [-123.11442040325036, 49.251052689534205], [-123.11458599125031, 49.2510558446605], [-123.11464851536584, 49.25105668215455]]], "type": "Polygon"}, "properties": {"geo_point_2d": {"lon": -123.11403524976583, "lat": 49.25061091786729}}}, {"type": "Feature", "geometry": {"coordinates": [[[-123.12102461791456, 49.25060478027054], [-123.12116270846147, 49.25060768491516], [-123.1213008130077, 49.25061068832751], [-123.12143891734974, 49.250613601622725], [-123.12157702170775, 49.25061651475285], [-123.12171512608168, 49.250619427717865], [-123.12185323067082, 49.25062242147461], [-123.12199133507688, 49.25062533410942], [-123.12212942597981, 49.2506283365457], [-123.12214553545896, 49.25020149597746], [-123.12200743377814, 49.25019921319013], [-123.12186933210971, 49.25019693023771], [-123.12173123047587, 49.250194656115404], [-123.12159312885441, 49.250192381828015], [-123.12145435392101, 49.25019009908814], [-123.1213162516411, 49.250187545618424], [-123.12117814937514, 49.2501849919836], [-123.12117688316606, 49.250229069927066], [-123.12103878079114, 49.25022651612576], [-123.1209734017518, 49.25018160846419], [-123.12047116519837, 49.25017315602478], [-123.12046858662936, 49.25024286273216], [-123.12046536480342, 49.250330569559424], [-123.12046214187204, 49.25041782662505], [-123.12045891892957, 49.25050508368927], [-123.12045571081124, 49.250592790497954], [-123.12095797087615, 49.25060350078244], [-123.12102461791456, 49.25060478027054]]], "type": "Polygon"}, "properties": {"geo_point_2d": {"lon": -123.12130500428172, "lat": 49.25040107882111}}}, {"type": "Feature", "geometry": {"coordinates": [[[-123.11267170944369, 49.24950837148493], [-123.11268970335392, 49.24909502317879], [-123.11206173401271, 49.24908431799558], [-123.1120620210562, 49.249077580290674], [-123.11185315605535, 49.24907401369318], [-123.11164360403583, 49.24907043838677], [-123.11143473909398, 49.24906687103279], [-123.11122518693162, 49.24906320501529], [-123.1110163357897, 49.249059636891616], [-123.11080678390908, 49.24905606906248], [-123.11059791906554, 49.24905249120035], [-123.11038836724406, 49.24904892261224], [-123.11017881543215, 49.24904534464881], [-123.11016119027865, 49.249460923027314], [-123.11015857596651, 49.24951489688951], [-123.11014093147253, 49.249921929783156], [-123.11029208679247, 49.249924745012514], [-123.11043018799289, 49.24992740161315], [-123.11056828900699, 49.24992996809662], [-123.11070639023627, 49.249932624367084], [-123.11084449127871, 49.24993519052038], [-123.11098259251666, 49.24993783746544], [-123.1111206798466, 49.24994040330177], [-123.1112587811133, 49.24994304991669], [-123.11139688221233, 49.249945615409615], [-123.11153498352805, 49.24994827068956], [-123.11167308463511, 49.2499508268571], [-123.11181118597963, 49.24995348180687], [-123.11194860029858, 49.24995613725726], [-123.11208670146847, 49.24995870192556], [-123.11222480265238, 49.249961266428784], [-123.1124322981381, 49.24996518450143], [-123.11265216103581, 49.24996937799027], [-123.11266977115996, 49.249562344744895], [-123.11267170944369, 49.24950837148493]]], "type": "Polygon"}, "properties": {"geo_point_2d": {"lon": -123.11141472907781, "lat": 49.24950707467662}}}, {"type": "Feature", "geometry": {"coordinates": [[[-123.12053028401981, 49.24852158832021], [-123.12051344953517, 49.24893268788885], [-123.12072230057504, 49.24893614889211], [-123.12093185240974, 49.248939608784276], [-123.1211407172692, 49.24894307801192], [-123.12135026916106, 49.24894653714511], [-123.12155913407769, 49.24895000561627], [-123.12176867230832, 49.24895347300017], [-123.12197822428595, 49.2489569309943], [-123.12219602104861, 49.24896055979284], [-123.12221285533438, 49.248549468972705], [-123.12221546908684, 49.24849504506436], [-123.12222905046852, 49.24815231240954], [-123.12208271034436, 49.24815004742392], [-123.1219446148314, 49.248147944460335], [-123.12180651935198, 49.24814585032687], [-123.1216684236408, 49.24814365708105], [-123.12153032796365, 49.24814147266537], [-123.12139223249685, 49.24813936904147], [-123.1212541505615, 49.248137175286], [-123.12111605511782, 49.24813507133196], [-123.12097795968558, 49.248132967212854], [-123.12083986406721, 49.248130781971795], [-123.12070176865805, 49.24812867752253], [-123.12054649704355, 49.24812624001732], [-123.12053221698056, 49.248468964206474], [-123.12053028401981, 49.24852158832021]]], "type": "Polygon"}, "properties": {"geo_point_2d": {"lon": -123.12137158828847, "lat": 49.24854295025098}}}, {"type": "Feature", "geometry": {"coordinates": [[[-123.11444646026048, 49.24691693618066], [-123.11507439177237, 49.2469288787739], [-123.1150826057842, 49.24673862142215], [-123.11509068235651, 49.246548373195665], [-123.11509889519972, 49.24635766606964], [-123.11510697267444, 49.24616785859493], [-123.11447905080585, 49.246155916170075], [-123.1143953716774, 49.24615423599193], [-123.11318167073057, 49.24613118924386], [-123.11293904336057, 49.24612658724913], [-123.1126964022746, 49.246121975763025], [-123.11245376123294, 49.246117363767254], [-123.11243899676538, 49.24647086382227], [-123.11243679663049, 49.24652454951419], [-123.11242179838706, 49.24687806775988], [-123.11266431947354, 49.24688267094483], [-123.11290682708993, 49.246887372581405], [-123.11315003530405, 49.2468919920657], [-123.1133925567504, 49.246896692669154], [-123.11363507801488, 49.24690129381615], [-123.11387759934425, 49.2469059034492], [-123.11412012094591, 49.24691061152047], [-123.11436264236434, 49.24691522013525], [-123.11444646026048, 49.24691693618066]]], "type": "Polygon"}, "properties": {"geo_point_2d": {"lon": -123.11376439006916, "lat": 49.24652301806547}}}, {"type": "Feature", "geometry": {"coordinates": [[[-123.11440865985189, 49.24783793243104], [-123.1150363423681, 49.2478500463881], [-123.11504408765899, 49.24766490782299], [-123.11505955123845, 49.24729490955235], [-123.1150672832046, 49.24711002284755], [-123.11443988529902, 49.24709809767736], [-123.1143555019072, 49.24709558161124], [-123.1141129795853, 49.24709096398705], [-123.1138704575353, 49.247086444801035], [-123.1136272483221, 49.24708183582946], [-123.11338472615346, 49.247077225671624], [-123.11314220402907, 49.24707261500464], [-123.11289968215411, 49.247068093780626], [-123.1126571738579, 49.24706348208196], [-123.11241396486612, 49.24705887055607], [-123.11239962776483, 49.2474011350879], [-123.11239700327863, 49.24745555879219], [-123.1123826669911, 49.24779828205424], [-123.11262519260184, 49.24780289431254], [-123.11286840526716, 49.247807505390504], [-123.11311093076112, 49.24781202667695], [-123.11335345652499, 49.24781664640155], [-123.11359666932307, 49.2478212559463], [-123.11383919515507, 49.247825865655926], [-123.11408172082407, 49.24783038490433], [-123.11432424674418, 49.24783499359566], [-123.11440865985189, 49.24783793243104]]], "type": "Polygon"}, "properties": {"geo_point_2d": {"lon": -123.11372524941906, "lat": 49.24745398965853}}}, {"type": "Feature", "geometry": {"coordinates": [[[-123.11428151693434, 49.24881828649888], [-123.11436524124274, 49.24881973283914], [-123.11499581891948, 49.248830647785965], [-123.11501221357322, 49.24843527312603], [-123.11502897178005, 49.24803089384858], [-123.11440139695738, 49.248018806730336], [-123.11431767362848, 49.24801719850129], [-123.11407415739329, 49.24801253680251], [-123.1138315343614, 49.24800789170086], [-123.11358889763386, 49.24800324610317], [-123.11334627469125, 49.24799859998237], [-123.11310365181387, 49.24799396234722], [-123.11286102896057, 49.247989315207306], [-123.11261839241169, 49.24798466757121], [-123.11237576964777, 49.24798001941214], [-123.11235708572939, 49.24839908938636], [-123.11235464060726, 49.248453881710226], [-123.11233948632578, 49.248793637277046], [-123.11428111174116, 49.24882728212915], [-123.11428151693434, 49.24881828649888]]], "type": "Polygon"}, "properties": {"geo_point_2d": {"lon": -123.11368073049128, "lat": 49.24840982780603}}}, {"type": "Feature", "geometry": {"coordinates": [[[-123.11874211570806, 49.244785039148525], [-123.11872897625649, 49.24510403270739], [-123.11896775083187, 49.245108104786006], [-123.11920193625133, 49.245112091153906], [-123.11943649271633, 49.245116094653994], [-123.1196703622021, 49.24512008039899], [-123.11990465764782, 49.24512406522849], [-123.12013882949712, 49.245128058706584], [-123.12037280900904, 49.24513204291521], [-123.12038372621129, 49.24481320440282], [-123.12038559894076, 49.24475840347321], [-123.12039651598265, 49.24443956493901], [-123.11875751423406, 49.24441125326249], [-123.11874437497656, 49.2447302468437], [-123.11874211570806, 49.244785039148525]]], "type": "Polygon"}, "properties": {"geo_point_2d": {"lon": -123.11956387155293, "lat": 49.24477189291558}}}, {"type": "Feature", "geometry": {"coordinates": [[[-123.11066640496374, 49.24529133026642], [-123.11026152810472, 49.245488713030255], [-123.11027006325948, 49.24549617092862], [-123.1102787358125, 49.24550362869518], [-123.11028754576384, 49.24551108632993], [-123.11029635551745, 49.245518454011815], [-123.11030530246906, 49.245525731609696], [-123.1103142494233, 49.24553300920688], [-123.1103234709713, 49.24554019658879], [-123.11033255512619, 49.24554738410119], [-123.11034191387493, 49.24555448139824], [-123.11035127262632, 49.24556157869452], [-123.1103607685758, 49.24556858590663], [-123.11037026452794, 49.245575593117955], [-123.11037989767817, 49.245582510245065], [-123.11038953063057, 49.24558933741921], [-123.11039943837748, 49.24559616432995], [-123.11040260327701, 49.24559831116655], [-123.11040920871112, 49.24560298237593], [-123.11041925365886, 49.24560971920148], [-123.11042929840875, 49.24561636607402], [-123.11043934296069, 49.24562292299351], [-123.11044952491132, 49.24562947978077], [-123.11045984426069, 49.245636036435755], [-123.11047016341212, 49.24564250313766], [-123.11048061976163, 49.24564887975508], [-123.11049121350993, 49.245655256240155], [-123.11050180706023, 49.2456615427721], [-123.11051240041246, 49.24566773935089], [-123.11052313116349, 49.2456739357973], [-123.11053399911258, 49.24568004215906], [-123.11054486706433, 49.24568614851981], [-123.11054913176793, 49.24568857315227], [-123.11055573481795, 49.245692164927384], [-123.11056673995034, 49.24569817220721], [-123.11057788230084, 49.24570409839753], [-123.11058902445313, 49.245709934634625], [-123.1106003040043, 49.24571577073912], [-123.11061158335718, 49.24572151689033], [-123.11062286251175, 49.24572717308829], [-123.1106342790652, 49.24573282915358], [-123.11064583281657, 49.245738395133976], [-123.11065738636954, 49.24574387116108], [-123.11066893992505, 49.245749347187015], [-123.11068063067844, 49.245754733128], [-123.11069245862966, 49.245760028984016], [-123.11070428658343, 49.24576532483881], [-123.11070937527785, 49.24576756877107], [-123.1107161143386, 49.245770530740245], [-123.11072807929153, 49.245775646556616], [-123.11074004424697, 49.24578076237176], [-123.11075214638, 49.24578577910656], [-123.11076424833438, 49.24579071488318], [-123.11077648768767, 49.245795650526745], [-123.11078872684215, 49.24580049621688], [-123.11080096579772, 49.24580525195357], [-123.11081334195092, 49.24580991760503], [-123.11082585550294, 49.245814583123334], [-123.11083823145943, 49.24581915881996], [-123.1108507446134, 49.245823644431276], [-123.11086339516622, 49.24582812990939], [-123.1108760455199, 49.245832525433954], [-123.1108826457929, 49.24583485786021], [-123.11088869587584, 49.24583692095714], [-123.1109013458311, 49.24584113657463], [-123.11091413318515, 49.245845352058836], [-123.11092692054135, 49.24584956754162], [-123.11093984487319, 49.245853593991534], [-123.11095276922725, 49.24585762943522], [-123.11096569336168, 49.24586156593007], [-123.11097875471344, 49.2458654213346], [-123.1109918160672, 49.245869276737615], [-123.11100487701971, 49.24587295223486], [-123.11101807537085, 49.24587662759861], [-123.11103127352226, 49.24588021300868], [-123.1110444716756, 49.24588379841726], [-123.11105766942735, 49.24588720392003], [-123.11106550547981, 49.245889175338505], [-123.11107100457764, 49.245890609289205], [-123.11108447692474, 49.24589392457257], [-123.1110978118769, 49.245897239986476], [-123.11111128382392, 49.245900375362424], [-123.11112475577264, 49.2459035107368], [-123.11113822752115, 49.245906556157465], [-123.11115183646623, 49.2459095114922], [-123.11116544519079, 49.245912367877985], [-123.11117905393712, 49.24591523325737], [-123.11119266248303, 49.24591800868301], [-123.11120640802326, 49.2459206040705], [-123.11122015376698, 49.24592328940849], [-123.11123389910804, 49.24592579484056], [-123.11124736945473, 49.245928210583465], [-123.1112608396006, 49.24593053637264], [-123.11127430974776, 49.24593286216026], [-123.11128461835318, 49.245934561325335], [-123.11128791709088, 49.245935097861796], [-123.11130152423304, 49.24593724360958], [-123.11131513117415, 49.24593929940363], [-123.11132873811643, 49.245941355196074], [-123.11134234485753, 49.24594332103476], [-123.11135595139746, 49.245945196919706], [-123.11136969513296, 49.24594698271845], [-123.11138343866716, 49.24594867856342], [-123.11139704480537, 49.24595037453924], [-123.1114107881188, 49.2459519714336], [-123.11142466864787, 49.24595348723686], [-123.11143841178088, 49.24595500317099], [-123.11145215450979, 49.24595633919922], [-123.11146603463636, 49.245957675093244], [-123.11147977736677, 49.24595901111817], [-123.11149365708978, 49.245960167104585], [-123.11150753661084, 49.24596123313718], [-123.11151152172974, 49.24596149914776], [-123.11152141613253, 49.24596229916811], [-123.1115352954522, 49.24596327524523], [-123.11154917477242, 49.24596425132068], [-123.11156305368786, 49.2459650474902], [-123.11157693260374, 49.245965843658034], [-123.1115909487143, 49.245966549739336], [-123.11160482722556, 49.245967165999524], [-123.11161884293138, 49.245967692173174], [-123.11163272124051, 49.24596821847788], [-123.11164659934715, 49.245968654828765], [-123.11166061464814, 49.24596900109305], [-123.11174099550189, 49.24597053352313], [-123.11196290131618, 49.24597461840343], [-123.1121847936712, 49.24597881081338], [-123.11219915833762, 49.245648231006435], [-123.11220109596927, 49.24559380795663], [-123.1122167783127, 49.245238489949436], [-123.11220303576258, 49.24523715401188], [-123.11218915561447, 49.24523572825396], [-123.11217541265829, 49.24523421240881], [-123.11216166970296, 49.24523269656203], [-123.11214792654475, 49.24523109076145], [-123.11213432078235, 49.24522948482589], [-123.11212057723893, 49.245227708112964], [-123.11210697129505, 49.245226021217235], [-123.11209322752961, 49.2452241455537], [-123.11207962116009, 49.24522226975523], [-123.11206601458801, 49.24522030400301], [-123.1120524078135, 49.24521824829702], [-123.11203880083656, 49.245216102637265], [-123.11202533125568, 49.24521395684271], [-123.11201186167597, 49.24521181104656], [-123.11201007472897, 49.24521145296969], [-123.11199825429567, 49.245209485477744], [-123.11198478431149, 49.245207159774125], [-123.11197131412517, 49.24520474411678], [-123.11195798133501, 49.24520232832474], [-123.11194451094796, 49.24519982271212], [-123.11193117775377, 49.24519722701266], [-123.1119178443577, 49.245194541359496], [-123.11190451096306, 49.245191855704796], [-123.11189117756983, 49.24518917004857], [-123.11187798118674, 49.245186313348654], [-123.11186478478484, 49.245183447652], [-123.11185158818127, 49.2451804920017], [-123.11183839157927, 49.24517753634987], [-123.11182519477573, 49.24517449074439], [-123.11181213516545, 49.24517135505226], [-123.1118085608711, 49.24517045898799], [-123.11179907535374, 49.245168129406494], [-123.11178601554371, 49.245164903759274], [-123.11177295573539, 49.24516167811055], [-123.11176003291746, 49.24515827242314], [-123.1117471101013, 49.24515486673427], [-123.11173418708395, 49.24515137109181], [-123.11172140146309, 49.24514787531502], [-123.11170847824646, 49.245144289717516], [-123.11169582982103, 49.24514070385289], [-123.111683043597, 49.24513693821539], [-123.11167025739523, 49.24513318157168], [-123.11165760856974, 49.24512941579855], [-123.11164495954334, 49.24512556007187], [-123.11163244771078, 49.24512161425889], [-123.11161993567742, 49.2451175784924], [-123.11161471083057, 49.245115874445645], [-123.1116074236461, 49.24511354272454], [-123.11159491161683, 49.24510950695533], [-123.11158253657878, 49.24510529114774], [-123.11157016174548, 49.24510116529098], [-123.11155778650898, 49.24509685952859], [-123.11154554866914, 49.24509255363219], [-123.11153331062883, 49.24508815778234], [-123.1115210725907, 49.24508376193119], [-123.11150897174669, 49.24507927599398], [-123.1114968707023, 49.24507470010333], [-123.11148490707487, 49.245070133074044], [-123.11147280583248, 49.2450654672287], [-123.11146097938123, 49.24506080111699], [-123.11144901533534, 49.245056045184434], [-123.11143718848372, 49.24505119916596], [-123.11143031228588, 49.24504832732311], [-123.11142536163442, 49.24504635314625], [-123.11141367197943, 49.245041417040675], [-123.1114019823268, 49.24503648093393], [-123.11139029247414, 49.24503145487381], [-123.11137873983611, 49.245026347723126], [-123.1113671871802, 49.245021231576054], [-123.11129291541864, 49.24498623072575], [-123.11073295542595, 49.245258883652625], [-123.11066640496374, 49.24529133026642]]], "type": "Polygon"}, "properties": {"geo_point_2d": {"lon": -123.11138985951267, "lat": 49.24552757413239}}}, {"type": "Feature", "geometry": {"coordinates": [[[-123.119256440756, 49.243103839230834], [-123.1194900219529, 49.243111864499554], [-123.11972427645257, 49.24311989759349], [-123.11995785758141, 49.24312783196399], [-123.12019212596968, 49.24313586409486], [-123.1204421954896, 49.24314441899283], [-123.12045499906712, 49.242759859179046], [-123.12045691377946, 49.24270543598496], [-123.12046971496915, 49.24231998561387], [-123.12022445882165, 49.24231170461882], [-123.11999019432709, 49.24230367254934], [-123.11975661705883, 49.24229572924487], [-123.11952235293111, 49.24228778617875], [-123.11928808892101, 49.242279860627974], [-123.11920496239772, 49.24227679809646], [-123.11868217562792, 49.242258896099656], [-123.11867375176631, 49.24246444598228], [-123.11866545146373, 49.24266998673477], [-123.1186570274658, 49.24287553660157], [-123.11865430287206, 49.242942553929915], [-123.11865363855878, 49.24295199961302], [-123.11865407335392, 49.24296144416726], [-123.11865533248086, 49.242970887874826], [-123.1186576902863, 49.24298015054916], [-123.11866100959769, 49.242989322283464], [-123.11866529041555, 49.24299840307765], [-123.1186705323093, 49.24300721302729], [-123.1186765978906, 49.24301575227339], [-123.11868362454857, 49.24302402067467], [-123.11869161206796, 49.24303192827879], [-123.1187002856715, 49.24303947536787], [-123.11870964514367, 49.2430465719896], [-123.11871982808896, 49.2430533079548], [-123.11873069668734, 49.24305950350012], [-123.1187422511544, 49.24306524857752], [-123.11875435366973, 49.2430703634237], [-123.11876686727564, 49.243075028084064], [-123.11877992892931, 49.2430790625129], [-123.11879340145721, 49.24308255680343], [-123.11880714703848, 49.243085331192496], [-123.11882116610421, 49.243087565584325], [-123.11883532083334, 49.243089080215825], [-123.11884974904595, 49.24309005484992], [-123.11886417553193, 49.243090309864904], [-123.11917262590663, 49.24310077738669], [-123.119256440756, 49.243103839230834]]], "type": "Polygon"}, "properties": {"geo_point_2d": {"lon": -123.1195640664712, "lat": 49.24270047040512}}}, {"type": "Feature", "geometry": {"coordinates": [[[-123.11815556506725, 49.24348280637908], [-123.11761197086932, 49.24378552908272], [-123.11779503637429, 49.24392645085982], [-123.11781383242254, 49.243940554742444], [-123.1178328961036, 49.24395429472058], [-123.11785222037302, 49.24396766571702], [-123.11787179809009, 49.24398066279089], [-123.11789162202041, 49.24399328113949], [-123.11791168483862, 49.24400551610007], [-123.11793197913106, 49.24401736315155], [-123.11795249739858, 49.24402881791619], [-123.11801972307346, 49.244063335947224], [-123.11804313566364, 49.24407419260861], [-123.1180667133084, 49.24408468599432], [-123.11809045037143, 49.24409481359591], [-123.11811434117838, 49.24410457299234], [-123.11813838001811, 49.24411396185063], [-123.1181625611441, 49.24412297792635], [-123.11818687877582, 49.2441316190642], [-123.1182113271001, 49.2441398831985], [-123.11823590027252, 49.24414776835369], [-123.11826059241885, 49.24415527264482], [-123.11828539763638, 49.24416239427798], [-123.1183103099954, 49.24416913155073], [-123.11833532354055, 49.244175482852505], [-123.11836043229232, 49.24418144666503], [-123.11838563024843, 49.244187021562645], [-123.11841091138527, 49.24419220621266], [-123.11843265617556, 49.24419644321377], [-123.11845444739737, 49.24420043454624], [-123.11847628227527, 49.24420417970171], [-123.11849815802829, 49.2442076782032], [-123.11852007187022, 49.24421092960512], [-123.11854202101004, 49.24421393349335], [-123.11856400265218, 49.2442166894853], [-123.11858601399697, 49.24421919722995], [-123.11860805224096, 49.24422145640793], [-123.11863011457723, 49.24422346673147], [-123.11865219819586, 49.24422522794453], [-123.11867430028414, 49.244226739822814], [-123.1186964180271, 49.24422800217375], [-123.11871854860767, 49.244229014836556], [-123.11874068920724, 49.24422977768226], [-123.11876283700587, 49.2442302906137], [-123.11876514530103, 49.244230333216954], [-123.11899716934633, 49.24423425925469], [-123.11923148798428, 49.244238227434515], [-123.11946582039812, 49.244242195124855], [-123.11970013910945, 49.244246162354095], [-123.1199344715967, 49.24425012909377], [-123.12016880412061, 49.24425409535812], [-123.120403122942, 49.24425806116145], [-123.12041629365783, 49.243866043992085], [-123.12041813883916, 49.24381124308164], [-123.12043130932372, 49.24341922588026], [-123.12019721790178, 49.24341108610746], [-123.11926088045298, 49.24337852224386], [-123.11902678941158, 49.2433703800991], [-123.11879271218528, 49.24336223746582], [-123.11871307428457, 49.2433594678361], [-123.11869503377707, 49.2433587553529], [-123.11867698393121, 49.24335834230724], [-123.11865892971669, 49.243358228812845], [-123.11864087610446, 49.24335841490097], [-123.11862282806533, 49.24335890052037], [-123.11860479056851, 49.24335968553734], [-123.11858676858037, 49.243360769735744], [-123.11856876706297, 49.24336215281706], [-123.11855079097273, 49.24336383440048], [-123.11853284525911, 49.24336581402301], [-123.11851493486316, 49.24336809113958], [-123.11849706471624, 49.24337066512323], [-123.1184792397386, 49.243373535265256], [-123.11846146483808, 49.2433767007754], [-123.11844374490872, 49.2433801607821], [-123.11842608482942, 49.24338391433269], [-123.11840848946261, 49.2433879603937], [-123.1183909636529, 49.24339229785109], [-123.11837351222573, 49.24339692551062], [-123.11835613998609, 49.243401842098145], [-123.11833885171716, 49.243407046259954], [-123.11832165217898, 49.243412536563156], [-123.11830454610717, 49.243418311496086], [-123.11828753821163, 49.24342436946871], [-123.11827063317523, 49.243430708813065], [-123.11825383565247, 49.243437327783695], [-123.11823715026831, 49.24344422455819], [-123.11822058161681, 49.243451397237614], [-123.11820413425987, 49.243458843847094], [-123.11818781272603, 49.24346656233632], [-123.11817162150916, 49.24347455058013], [-123.11815556506725, 49.24348280637908]]], "type": "Polygon"}, "properties": {"geo_point_2d": {"lon": -123.11918248375594, "lat": 49.24380961657782}}}, {"type": "Feature", "geometry": {"coordinates": [[[-123.11617636111069, 49.24490609703412], [-123.11617074884845, 49.24491500796101], [-123.11616637397456, 49.244924277452824], [-123.11616323583556, 49.244933626658074], [-123.11616133489626, 49.244943253471554], [-123.11616067050332, 49.24495287904169], [-123.11616138005154, 49.244962503230354], [-123.11616332614759, 49.24497212617567], [-123.11616664555332, 49.24498147788299], [-123.11617120129728, 49.24499073839465], [-123.11617685535282, 49.24499963799224], [-123.11618374511463, 49.24500817653739], [-123.11620123197011, 49.24502426042171], [-123.1162118286424, 49.24503162585602], [-123.11622352299489, 49.24503836051859], [-123.11623603981653, 49.2450442847813], [-123.11624937931812, 49.245049488595974], [-123.1162634036826, 49.24505379219635], [-123.11627797551496, 49.24505719572049], [-123.1162929574201, 49.245059699306445], [-123.1163083493973, 49.24506130295408], [-123.11632373926247, 49.24506200707823], [-123.11670021688394, 49.2450688055961], [-123.11681956305969, 49.2450709607732], [-123.11845236152743, 49.24509927032498], [-123.11846500077198, 49.24477145298419], [-123.11846761739734, 49.24471658835639], [-123.11848057443054, 49.244389598227926], [-123.11846683065724, 49.24438772332234], [-123.11845308690648, 49.24438585741034], [-123.11843948009752, 49.24438380245634], [-123.11842573589716, 49.244381747641576], [-123.11841212887535, 49.24437960273222], [-123.11839852163965, 49.244377367869085], [-123.11838491419012, 49.24437504305222], [-123.11837144391937, 49.24437262814083], [-123.11835783604243, 49.24437012341647], [-123.11834436555937, 49.24436761854978], [-123.11833089464778, 49.244364933777206], [-123.11831756113011, 49.24436224886235], [-123.11830422739898, 49.244359473993825], [-123.11829089345449, 49.244356609171604], [-123.11827755929669, 49.2443536543957], [-123.11826436231809, 49.244350609525455], [-123.11825116534109, 49.2443475646537], [-123.1182379679362, 49.244344339876136], [-123.11823604336848, 49.24434389208399], [-123.118224770533, 49.24434111509708], [-123.11821171030921, 49.24433780022376], [-123.11819864987245, 49.244334395396834], [-123.1181857266152, 49.2443309004757], [-123.11817280314511, 49.244327315601], [-123.1181598796769, 49.24432373072484], [-123.11814709317366, 49.24431996580243], [-123.11813430667239, 49.24431620087859], [-123.1181215199585, 49.244312346001195], [-123.11810887063893, 49.24430849098192], [-123.11809622089227, 49.24430445605696], [-123.11808357114768, 49.2443004211306], [-123.1180710583685, 49.244296206158154], [-123.11805868298372, 49.244291991043944], [-123.11804616999437, 49.244287686116635], [-123.11803393179167, 49.24428338090723], [-123.11802155577011, 49.244278895932574], [-123.11800931714302, 49.244274410816246], [-123.11800835454002, 49.24427405199004], [-123.11799721569602, 49.244269835606154], [-123.11798511403695, 49.24426517044263], [-123.11797301238015, 49.24426050527783], [-123.11796104790353, 49.24425575001933], [-123.11794922039289, 49.244250814715], [-123.11793725572808, 49.2442459784971], [-123.11792556540004, 49.244240953097936], [-123.1179138750744, 49.244235927697595], [-123.11790218432279, 49.24423072239175], [-123.11789063096572, 49.244225516944525], [-123.1178790776111, 49.24422031149614], [-123.11786766122275, 49.24421492600212], [-123.11785638222894, 49.2442095403668], [-123.11784510323757, 49.244204154730376], [-123.11783382382059, 49.244198589188535], [-123.11782268179815, 49.244193023505474], [-123.11781167695618, 49.244187367729076], [-123.11780067190277, 49.24418162199947], [-123.1177368647537, 49.24414603891991], [-123.11771648742423, 49.24413361027698], [-123.11769645302867, 49.244120947404895], [-123.11767676158837, 49.244108059299066], [-123.11765741310334, 49.24409494595964], [-123.11763840757361, 49.24408160738682], [-123.1176197725202, 49.2440680615432], [-123.11760149418251, 49.24405429944775], [-123.11758358634233, 49.24404033907707], [-123.11758337984918, 49.24404016837773], [-123.1174005503931, 49.24390021751383], [-123.1172261404151, 49.243996697628084], [-123.11719290146426, 49.24401499394927], [-123.11715987744603, 49.24403367542247], [-123.11712707282308, 49.24405273952317], [-123.1170944920285, 49.24407218367513], [-123.11706213946506, 49.24409200525077], [-123.11703001950475, 49.2441122015715], [-123.11699813648809, 49.24413276990809], [-123.1169664947236, 49.24415370748104], [-123.11693509848718, 49.24417501146095], [-123.11690395202156, 49.244196678968905], [-123.11687305953572, 49.24421870707687], [-123.11684242520433, 49.24424109280807], [-123.11681205316714, 49.24426383313741], [-123.11678194752848, 49.24428692499188], [-123.11675211235669, 49.24431036525096], [-123.11672255168354, 49.24433415074705], [-123.1166932695037, 49.2443582782659], [-123.11666426977423, 49.244382744547025], [-123.11663555641401, 49.24440754628419], [-123.11660713330322, 49.244432680125804], [-123.1165790042828, 49.244458142675406], [-123.116551173154, 49.24448393049211], [-123.11652364367774, 49.244510040091086], [-123.11649641957423, 49.24453646794401], [-123.11646950452241, 49.244563210479555], [-123.11644290215945, 49.24459026408386], [-123.11641661608024, 49.24461762510105], [-123.11639064983697, 49.244645289833684], [-123.11636500693858, 49.244673254543294], [-123.11633969085031, 49.24470151545086], [-123.11631470499327, 49.244730068737354], [-123.11629005274392, 49.24475891054422], [-123.11628292834425, 49.244767463189454], [-123.11627594112453, 49.24477592574381], [-123.11626895411361, 49.24478447824986], [-123.11626196731149, 49.24479312070764], [-123.11625498029572, 49.24480167321282], [-123.11624813088247, 49.24481031553148], [-123.11624141864938, 49.24481886775933], [-123.11623470662515, 49.24482750993892], [-123.11622799480969, 49.24483624207028], [-123.11622128278074, 49.244844884249076], [-123.1162147083544, 49.24485361624139], [-123.11620827110855, 49.244862258143], [-123.11620169667759, 49.24487099013456], [-123.11619525963826, 49.24487972198756], [-123.11618896020167, 49.24488854365414], [-123.11618266055176, 49.24489727536824], [-123.11617636111069, 49.24490609703412]]], "type": "Polygon"}, "properties": {"geo_point_2d": {"lon": -123.1174124429613, "lat": 49.24463917309237}}}, {"type": "Feature", "geometry": {"coordinates": [[[-123.10730762743874, 49.25524026935216], [-123.10729128020573, 49.255617166212254], [-123.10748436898062, 49.25562085468471], [-123.107622485927, 49.25562351462799], [-123.10776060269211, 49.25562608445416], [-123.10789871966738, 49.255628744067195], [-123.10803683644124, 49.25563130456791], [-123.10817495344537, 49.255633963850705], [-123.10831308400962, 49.255636533003496], [-123.10845120104264, 49.255639191956035], [-123.10858931789289, 49.25564176079145], [-123.1087274349548, 49.25564441941373], [-123.10886486491212, 49.25564707851834], [-123.10900298198331, 49.25564972781601], [-123.1091410988905, 49.255652295991744], [-123.10927921601035, 49.25565495395436], [-123.10941733314476, 49.25565761175186], [-123.10944344485127, 49.25565811773789], [-123.10961110932942, 49.255661287023806], [-123.10962742515088, 49.25528438086871], [-123.10963005208656, 49.255229507539006], [-123.10964708223928, 49.25485260967016], [-123.10948148202117, 49.25484952843279], [-123.10931519451661, 49.254846357656156], [-123.10917707984946, 49.2548437896866], [-123.10903896499822, 49.25484113159992], [-123.10890085035942, 49.25483856330013], [-123.10876272199252, 49.25483599484816], [-123.1086246072042, 49.254833345261304], [-123.10848649260784, 49.25483077646615], [-123.10834837802552, 49.25482820750586], [-123.10821026326064, 49.254825548428464], [-123.10807214870673, 49.25482297913795], [-123.10793403399036, 49.2548203287255], [-123.10779660657245, 49.25481775846367], [-123.10765849206095, 49.25481518867863], [-123.10732660483113, 49.25480893095178], [-123.10731770284005, 49.25501313070663], [-123.10731025694378, 49.25518539607302], [-123.10730762743874, 49.25524026935216]]], "type": "Polygon"}, "properties": {"geo_point_2d": {"lon": -123.1084690150382, "lat": 49.25523497363386}}}, {"type": "Feature", "geometry": {"coordinates": [[[-123.10505392003203, 49.250468692802606], [-123.10503557275605, 49.25087529370714], [-123.10516268291377, 49.25087769673951], [-123.10530077276577, 49.250880359482046], [-123.10543818912873, 49.25088293272189], [-123.10557629275071, 49.25088559512257], [-123.10571439615676, 49.25088814941561], [-123.1058524998076, 49.25089081148607], [-123.10599060347302, 49.25089347339144], [-123.10612870715303, 49.250896135131704], [-123.10626681065456, 49.2508987067548], [-123.1064049143635, 49.25090136816489], [-123.10661172633068, 49.250905315311414], [-123.1068192253643, 49.25090925245726], [-123.10695732893696, 49.25091182325489], [-123.10709543271827, 49.250914483839495], [-123.10722185601938, 49.25091688524305], [-123.10724018438057, 49.25050983424628], [-123.10724212667044, 49.250454961561374], [-123.10726046945426, 49.250048378267024], [-123.10713336132764, 49.250045977540914], [-123.10699526016141, 49.25004340695168], [-123.10685717255598, 49.25004074623254], [-123.10671975845952, 49.250038174678515], [-123.10658165733577, 49.25003560359483], [-123.10644355622607, 49.25003303234607], [-123.10630545495667, 49.25003037997533], [-123.1061680409166, 49.25002780776502], [-123.10602993984935, 49.25002523602182], [-123.1058918387962, 49.250022664113516], [-123.10575373775711, 49.25002009204013], [-123.10561565030025, 49.250017438832195], [-123.10547823633064, 49.25001486580138], [-123.10534013516177, 49.25001221227668], [-123.10520203417947, 49.25000963954377], [-123.10507492624855, 49.25000723655283], [-123.10505655179007, 49.250413819527694], [-123.10505392003203, 49.250468692802606]]], "type": "Polygon"}, "properties": {"geo_point_2d": {"lon": -123.10614829982131, "lat": 49.25046199360489}}}, {"type": "Feature", "geometry": {"coordinates": [[[-123.10501067338642, 49.25144515487554], [-123.10499559340887, 49.2517793321833], [-123.10512201882028, 49.251781735882844], [-123.10526012493311, 49.251784398659325], [-123.10539823086908, 49.251786971318644], [-123.10553633701088, 49.251789633764915], [-123.10567444297523, 49.251792206094045], [-123.10581254910751, 49.25179485021971], [-123.10595065510026, 49.251797422218615], [-123.10608876129986, 49.25180008400451], [-123.10622686751407, 49.251802745625284], [-123.10636497374283, 49.25180540708096], [-123.10650307979267, 49.251807978419485], [-123.10664118605037, 49.251810639544956], [-123.10677929212862, 49.25181321055327], [-123.10691739841523, 49.25181587134856], [-123.10705550469694, 49.25181852298353], [-123.10718193030482, 49.251820924428806], [-123.10719698179528, 49.251486746861076], [-123.1071989241696, 49.251431874186174], [-123.10721400289405, 49.25109768757306], [-123.10701818355636, 49.25109400117941], [-123.10681068373319, 49.25109006439155], [-123.10660387097893, 49.251086117601844], [-123.10639637122055, 49.25108218006982], [-123.10625895425655, 49.251079607970134], [-123.10612085005798, 49.251076946386], [-123.105982745874, 49.251074284636765], [-123.10584464170459, 49.251071622722435], [-123.10570655129091, 49.25106896063043], [-123.10556913439814, 49.2510663877102], [-123.10543103048295, 49.25106382424871], [-123.10529292639048, 49.25106117067005], [-123.10515482229343, 49.25105850793106], [-123.10502839872737, 49.25105610426586], [-123.10501330524262, 49.25139028161086], [-123.10501067338642, 49.25144515487554]]], "type": "Polygon"}, "properties": {"geo_point_2d": {"lon": -123.1061049590068, "lat": 49.25143854777685}}}, {"type": "Feature", "geometry": {"coordinates": [[[-123.10747319219482, 49.251491878390134], [-123.10745814256735, 49.25182605599225], [-123.10765190363355, 49.25182974355832], [-123.10778999607432, 49.251832313371175], [-123.10792810227046, 49.25183488300613], [-123.10806620867702, 49.251837542428056], [-123.1082043148819, 49.25184010273761], [-123.10834242112048, 49.25184267187726], [-123.10848121463663, 49.25184533015876], [-123.1086193209036, 49.251847898967384], [-123.1087574271649, 49.251850458615706], [-123.10889553345999, 49.25185302709416], [-123.10903363976912, 49.251855595407484], [-123.10917174629067, 49.25185825350777], [-123.1093098528268, 49.25186091144296], [-123.10944864622536, 49.2518634696149], [-123.10958675279036, 49.25186612721906], [-123.10977982689985, 49.25186972191579], [-123.10979417378636, 49.25153553568262], [-123.10979680034512, 49.25148066231361], [-123.10981186154756, 49.25114647537672], [-123.10961810323963, 49.251142899373384], [-123.10947999888948, 49.25114033175702], [-123.10934189435471, 49.25113767402348], [-123.10920379003292, 49.25113510607691], [-123.109065685527, 49.25113244801317], [-123.10892758123357, 49.25112987973641], [-123.10878947675654, 49.25112722134249], [-123.10865068545483, 49.25112466237686], [-123.10851258122354, 49.2511221025992], [-123.10837447698657, 49.251119533661225], [-123.10823637256705, 49.25111687460608], [-123.10809828209959, 49.25111430532507], [-123.10796017770892, 49.25111164593975], [-123.10782138627663, 49.25110898703054], [-123.10768328211077, 49.251106417266286], [-123.1074902111442, 49.25110282805848], [-123.10747513426318, 49.25143700571083], [-123.10747319219482, 49.251491878390134]]], "type": "Polygon"}, "properties": {"geo_point_2d": {"lon": -123.10863488304112, "lat": 49.2514862687355}}}, {"type": "Feature", "geometry": {"coordinates": [[[-123.10497066587575, 49.2523298535482], [-123.10495623239812, 49.25264514024342], [-123.1050833470964, 49.25264754335926], [-123.10522145562261, 49.25265020617994], [-123.10535956397199, 49.25265277888345], [-123.10549767233547, 49.252655351421865], [-123.10563578071304, 49.252657923795155], [-123.10577388908547, 49.25266048700816], [-123.10591199768363, 49.25266314900331], [-123.1060501061037, 49.25266572088129], [-123.10618821451854, 49.25266828359897], [-123.10632632296674, 49.25267085514675], [-123.10646443142903, 49.25267342652943], [-123.10660254009908, 49.252676087699044], [-123.10674064858979, 49.25267865875151], [-123.10687875728874, 49.25268131959091], [-123.10701686580785, 49.25268389031317], [-123.107143980702, 49.252686291161666], [-123.10715771413824, 49.25237144560736], [-123.10716034366222, 49.25231657230423], [-123.1071740768956, 49.252001726727876], [-123.10704696375781, 49.25199932591099], [-123.10690954402125, 49.251996664635236], [-123.1067714374635, 49.251994111773485], [-123.10663333068723, 49.251991450804134], [-123.10649522411904, 49.25198887962177], [-123.10635711737167, 49.25198621832223], [-123.10621901063892, 49.25198355685758], [-123.10608090411348, 49.2519809851799], [-123.10594279740963, 49.25197832338505], [-123.10580469072035, 49.25197566142511], [-123.10566658423768, 49.25197308925212], [-123.10552847759652, 49.251970435957176], [-123.10539037114225, 49.25196786345399], [-123.10518356859068, 49.251963923107525], [-123.1049870587136, 49.251960143947485], [-123.10497329782177, 49.25227498029281], [-123.10497066587575, 49.2523298535482]]], "type": "Polygon"}, "properties": {"geo_point_2d": {"lon": -123.10606529098143, "lat": 49.252323349444985}}}, {"type": "Feature", "geometry": {"coordinates": [[[-123.10743392948947, 49.25237658622129], [-123.10742019776951, 49.25269141381653], [-123.10761327514177, 49.252695102083294], [-123.10775136999447, 49.25269767194027], [-123.10789016587715, 49.25270033092977], [-123.10802827469612, 49.25270299039495], [-123.10816638333314, 49.25270555974298], [-123.10830449218103, 49.25270821887796], [-123.10844260104346, 49.25271087784783], [-123.10858070992047, 49.2527135366526], [-123.10878821666417, 49.25271746126025], [-123.10899572347978, 49.252721403485594], [-123.10913383221647, 49.252723971677064], [-123.10927194096722, 49.252726539703424], [-123.10941004993083, 49.252729197516736], [-123.109548158909, 49.252731855164924], [-123.10974123659163, 49.25273553987526], [-123.10975496626719, 49.25242024425335], [-123.10975758017041, 49.2523658206669], [-123.10977129590188, 49.25205052503596], [-123.1095789081769, 49.25204693866915], [-123.10944011403876, 49.25204428170689], [-123.10930200718295, 49.252041713879905], [-123.10916390036104, 49.25203915488305], [-123.10902579333523, 49.25203649677381], [-123.10888768652181, 49.25203392845154], [-123.10874957952487, 49.252031270012104], [-123.10861078567088, 49.25202870200554], [-123.10847267889994, 49.252026133187115], [-123.1083345859041, 49.252023573185944], [-123.10819647896469, 49.25202091408529], [-123.10805837223614, 49.2520183447716], [-123.10792026534523, 49.25201569433597], [-123.10778215864507, 49.25201312469206], [-123.10764336469465, 49.25201046557115], [-123.10745029018564, 49.25200686730443], [-123.10743655870752, 49.25232171291213], [-123.10743392948947, 49.25237658622129]]], "type": "Polygon"}, "properties": {"geo_point_2d": {"lon": -123.10859587911565, "lat": 49.252371095526804}}}, {"type": "Feature", "geometry": {"coordinates": [[[-123.10492672549714, 49.253298211208076], [-123.10490966563941, 49.25367780706804], [-123.10503678298716, 49.253680210232886], [-123.10517489420089, 49.25368278315475], [-123.10531300542868, 49.2536853559115], [-123.10545111686221, 49.2536880184552], [-123.10558922811848, 49.25369059088172], [-123.10572802648092, 49.25369316251438], [-123.1058661379385, 49.2536958155667], [-123.1060042492373, 49.25369838749708], [-123.10614236055017, 49.25370095926235], [-123.10628047185777, 49.253703521867315], [-123.1064185831988, 49.253706093302355], [-123.10655669474751, 49.253708754524325], [-123.10669480631083, 49.2537114155812], [-123.10683360478694, 49.25371398588556], [-123.10697171618482, 49.25371655665935], [-123.10709814663609, 49.253718958192174], [-123.10711517691853, 49.25333979380593], [-123.10711780653934, 49.25328492051294], [-123.10713414851172, 49.252905324962676], [-123.10700772013674, 49.25290292346747], [-123.10686961100701, 49.25290035273479], [-123.10673081481032, 49.252897782471734], [-123.10659270572818, 49.25289522040324], [-123.10645459664072, 49.25289264917444], [-123.10631648737414, 49.25288998782848], [-123.10617837812218, 49.252887326317406], [-123.10604026907747, 49.25288475459329], [-123.10590216004681, 49.25288218270405], [-123.1057640510495, 49.252879619644915], [-123.10562594204703, 49.252877047425464], [-123.10548783286696, 49.25287438508887], [-123.10534972389293, 49.252871812539205], [-123.1052116147418, 49.252869149872396], [-123.1050735058153, 49.25286658598773], [-123.10494639055503, 49.25286418286154], [-123.10492935754162, 49.253243337962864], [-123.10492672549714, 49.253298211208076]]], "type": "Polygon"}, "properties": {"geo_point_2d": {"lon": -123.10602217583558, "lat": 49.25329159981054}}}, {"type": "Feature", "geometry": {"coordinates": [[[-123.10173754967741, 49.249465616590115], [-123.10186328143914, 49.24946775460923], [-123.10186261106112, 49.249475850905405], [-123.10202130745351, 49.249478310497366], [-123.10218070483992, 49.249480868198866], [-123.10233941502275, 49.2494833363369], [-123.10244384769034, 49.24948495287551], [-123.10255308978749, 49.249486655002954], [-123.10265752265524, 49.249488361300514], [-123.10277088715674, 49.24949014951121], [-123.10288150351208, 49.24949193106271], [-123.10299486802948, 49.24949371905361], [-123.1031309048614, 49.2494955766491], [-123.10326762871846, 49.249497424475095], [-123.10340435260423, 49.24949928113448], [-123.10354107650004, 49.249501137632066], [-123.1036771133718, 49.24950299458437], [-123.10381383728757, 49.249504850759145], [-123.10395056121332, 49.24950670677211], [-123.10408728514909, 49.24950856262325], [-123.10422332206076, 49.249510418932374], [-123.10440264344054, 49.24951285664537], [-123.10482103266784, 49.24951858556245], [-123.1048248422769, 49.249435835003325], [-123.10482851540027, 49.24935352533291], [-123.10483218948295, 49.24927167441698], [-123.10483599808367, 49.24918846509819], [-123.10483761277146, 49.24915285152331], [-123.10484256076475, 49.24904318620109], [-123.10484662890327, 49.24895278046003], [-123.10442752672186, 49.2489455230917], [-123.10442886093303, 49.24892663190512], [-123.10429076340331, 49.2489242379846], [-123.10415335310186, 49.24892193323177], [-123.10401525559807, 49.24891953898191], [-123.10387784532196, 49.248917233901366], [-123.10373974786293, 49.24891484831739], [-123.10360165039813, 49.248912453573105], [-123.10346424016018, 49.2489101480006], [-123.10332614272131, 49.248907752926975], [-123.10318873232126, 49.24890535707466], [-123.10300666376713, 49.24890228126591], [-123.10288232120448, 49.248900152249384], [-123.1027153678112, 49.24889733237722], [-123.10254841443655, 49.248894512263796], [-123.10238214810612, 49.24889169130026], [-123.10221520850924, 49.24888887069311], [-123.10204894223452, 49.24888605824523], [-123.1018819887493, 49.24888314721657], [-123.10172396716803, 49.24888049793945], [-123.10166556816118, 49.2488796498213], [-123.10124578000392, 49.24887237251944], [-123.10124203215133, 49.249055428707514], [-123.10121248903451, 49.249055004831334], [-123.10120370625152, 49.24945709922689], [-123.10165510288367, 49.24946433987921], [-123.10173754967741, 49.249465616590115]]], "type": "Polygon"}, "properties": {"geo_point_2d": {"lon": -123.10302005832197, "lat": 49.249198494659126}}}, {"type": "Feature", "geometry": {"coordinates": [[[-123.10168683522836, 49.25019606470335], [-123.10182493618443, 49.25019846173364], [-123.10196235009134, 49.250200850209964], [-123.10209976402983, 49.25020324751804], [-123.10223786482082, 49.25020554510738], [-123.10237527878519, 49.25020794208775], [-123.1028239353912, 49.250215729310725], [-123.10282748382932, 49.2501379174403], [-123.10283261389861, 49.25002772134354], [-123.10283774394543, 49.24991752524445], [-123.10297914223776, 49.24985398294375], [-123.10311104427208, 49.249855934200454], [-123.10324296005733, 49.24985788529429], [-123.10337487585274, 49.249859836237505], [-123.1035067916583, 49.24986178703008], [-123.10368267945883, 49.24986440884137], [-123.10385856729641, 49.249867039380064], [-123.10403445515229, 49.24986966965097], [-123.10421034300748, 49.24987229065889], [-123.10426874322674, 49.249873137489736], [-123.10438623089986, 49.24987492039422], [-123.10480465161862, 49.249881099103895], [-123.10480898804339, 49.24978754480437], [-123.1048130591776, 49.24969849735289], [-123.10481711558552, 49.24960899115663], [-123.10439802462894, 49.2496031729071], [-123.10428122501453, 49.24960156929818], [-123.10422213808008, 49.24960072309315], [-123.10404625137804, 49.249598192054535], [-123.10387036486343, 49.249595741705036], [-123.10369447836581, 49.24959329108774], [-123.10351859188519, 49.24959084020267], [-123.10351860975197, 49.24959938565306], [-123.10338669464508, 49.249597434873415], [-123.10325477973598, 49.249595573895256], [-123.1031228646492, 49.249593622814366], [-123.10299094977837, 49.24959177053016], [-123.10299093293825, 49.249583674840174], [-123.1028727587823, 49.24958180117584], [-123.10274702706239, 49.24957984415982], [-123.1026212955573, 49.24957798595428], [-123.10249625089166, 49.24957602805509], [-123.1023705192007, 49.24957407062929], [-123.10225921562589, 49.249572280201576], [-123.10214723895028, 49.24957058021404], [-123.10203593557642, 49.24956887952333], [-123.10186829332822, 49.24956624793508], [-123.10186830998478, 49.249574343625376], [-123.101725402077, 49.24957222073651], [-123.10165942732343, 49.24956283381895], [-123.10119841130565, 49.249555601609806], [-123.1011967730168, 49.2496280146278], [-123.10119438657662, 49.2497377584943], [-123.10119112833729, 49.2498915707406], [-123.10118460167922, 49.250187519425154], [-123.10164492464143, 49.250195651822374], [-123.10168683522836, 49.25019606470335]]], "type": "Polygon"}, "properties": {"geo_point_2d": {"lon": -123.10262892959992, "lat": 49.249833691115576}}}, {"type": "Feature", "geometry": {"coordinates": [[[-123.10510181961018, 49.24941938295752], [-123.10508347403831, 49.24982642470865], [-123.1052105815054, 49.249828827690585], [-123.10534796746374, 49.24983140106524], [-123.10548606795618, 49.24983397362413], [-123.1056241684435, 49.249836537022695], [-123.10576226915623, 49.249839199203514], [-123.10589968265249, 49.24984177189688], [-123.10603778337487, 49.249844424753135], [-123.10617588393815, 49.2498469964874], [-123.10631398451551, 49.24984956805656], [-123.10645139806819, 49.249852140093694], [-123.10658949865432, 49.249854702338304], [-123.10672759927387, 49.24985727341302], [-123.10686570010166, 49.24985993427477], [-123.10700311371069, 49.24986250565564], [-123.10714121456736, 49.249865166188016], [-123.10726832223013, 49.24986756690589], [-123.10728597753615, 49.24946097520891], [-123.10728860676858, 49.24940610187527], [-123.10730626773116, 49.24899593003614], [-123.10704999658708, 49.24899149025848], [-123.1068411322766, 49.248987905604196], [-123.10663226799575, 49.24898432057228], [-123.1064234035512, 49.24898064521064], [-123.10621453933001, 49.248977059423495], [-123.10600567515775, 49.24897348225394], [-123.10579751176293, 49.24896989506984], [-123.10558864745796, 49.2489662271942], [-123.10537978335569, 49.24896263989784], [-123.10537650042016, 49.24903415496123], [-123.1051195406893, 49.24902899191121], [-123.10510445126123, 49.24936450967156], [-123.10510181961018, 49.24941938295752]]], "type": "Polygon"}, "properties": {"geo_point_2d": {"lon": -123.10620511270335, "lat": 49.2494161201883}}}, {"type": "Feature", "geometry": {"coordinates": [[[-123.1273448788978, 49.24902326399105], [-123.1273562391885, 49.24868548957532], [-123.12735555664689, 49.248420131027224], [-123.12738461607078, 49.24823794556476], [-123.1260860839068, 49.248216450179534], [-123.1248920111941, 49.24819662636963], [-123.1248583370794, 49.24900443445038], [-123.1260524294674, 49.24902433954652], [-123.12688995315861, 49.24903825585282], [-123.12730975956167, 49.24904525105668], [-123.1273448788978, 49.24902326399105]]], "type": "Polygon"}, "properties": {"geo_point_2d": {"lon": -123.1261156691489, "lat": 49.24862125070843}}}, {"type": "Feature", "geometry": {"coordinates": [[[-123.12198640643139, 49.25442492194881], [-123.12031668776994, 49.25439026018331], [-123.12028961438845, 49.25511351309546], [-123.12196004451783, 49.25514816550818], [-123.12198640643139, 49.25442492194881]]], "type": "Polygon"}, "properties": {"geo_point_2d": {"lon": -123.12113818269236, "lat": 49.25476924073148}}}, {"type": "Feature", "geometry": {"coordinates": [[[-123.11536370969506, 49.25394430059167], [-123.11565525788357, 49.25402630638829], [-123.11594677955301, 49.25410831147488], [-123.11595465532203, 49.25390366228307], [-123.11595801645855, 49.253813256931906], [-123.11596151502262, 49.253722860436504], [-123.11596501249956, 49.25363200518436], [-123.11596851101754, 49.253541599690706], [-123.11597200952303, 49.25345119419554], [-123.11597394856604, 49.25339901995953], [-123.1156850983706, 49.25328822754542], [-123.11539624944626, 49.25317742541086], [-123.11538520239868, 49.25343739837452], [-123.11538142798663, 49.25352780412741], [-123.11537751614293, 49.25361821001598], [-123.11537374170359, 49.253708615765774], [-123.11536982983212, 49.25379902165126], [-123.11536605536557, 49.25388942739799], [-123.11536370969506, 49.25394430059167]]], "type": "Polygon"}, "properties": {"geo_point_2d": {"lon": -123.11566632097968, "lat": 49.253656305815326}}}, {"type": "Feature", "geometry": {"coordinates": [[[-123.11544248266604, 49.25209572158153], [-123.11572443856934, 49.25220552305926], [-123.11597132281506, 49.25230161435451], [-123.11600839311579, 49.25228808430167], [-123.11601624349497, 49.252008324941606], [-123.11602003596236, 49.25187339276317], [-123.11602397853103, 49.25173801966468], [-123.11602651492467, 49.25164761510565], [-123.11602930505268, 49.25154821506503], [-123.11575137098966, 49.251452874612674], [-123.11547369933064, 49.25135764117085], [-123.11546131134324, 49.251637396064595], [-123.11545739978878, 49.25172780198539], [-123.11549931282833, 49.25172865961479], [-123.11549385625116, 49.25186359344273], [-123.11548829076312, 49.25199897713732], [-123.1154463774949, 49.251998119504115], [-123.11544248266604, 49.25209572158153]]], "type": "Polygon"}, "properties": {"geo_point_2d": {"lon": -123.11574660859745, "lat": 49.251829553969515}}}, {"type": "Feature", "geometry": {"coordinates": [[[-123.12380799038121, 49.25609112982101], [-123.12396878663198, 49.25609455548786], [-123.1241302700296, 49.25609798019268], [-123.12429106630151, 49.256101396415765], [-123.12429760722864, 49.255920585483075], [-123.12430095325811, 49.25583017993314], [-123.12430429929829, 49.25573978337691], [-123.12430750788013, 49.25564937797182], [-123.12431085387412, 49.25555897241738], [-123.12431404869061, 49.255468567024074], [-123.12431739466103, 49.25537816146661], [-123.12383432689636, 49.255368335739604], [-123.12375049437776, 49.25536662651934], [-123.12361237666678, 49.25536372499559], [-123.12347427291591, 49.255360904248775], [-123.12333615521406, 49.25535799339959], [-123.12319803752816, 49.255355082385265], [-123.12305992008181, 49.25535226115779], [-123.12292180242751, 49.25534934981321], [-123.12278368503459, 49.25534653725066], [-123.12264556741192, 49.25534362557583], [-123.12250746354749, 49.25534071372131], [-123.12236934617906, 49.2553378916682], [-123.122231228604, 49.25533497949801], [-123.12221901001931, 49.2556682653027], [-123.12221708413684, 49.255723138176435], [-123.12220486649845, 49.25605688271224], [-123.12234298630874, 49.256059884863944], [-123.1224811058906, 49.25606278790336], [-123.12261921199102, 49.256065789739395], [-123.12275733162727, 49.25606870144377], [-123.12289545127949, 49.25607161298302], [-123.12303357117119, 49.256074614309085], [-123.12317169085553, 49.25607752551806], [-123.12330981073508, 49.25608050852346], [-123.12344793045152, 49.25608341940218], [-123.12358603666596, 49.2560864200824], [-123.12372415663934, 49.2560894205828], [-123.12380799038121, 49.25609112982101]]], "type": "Polygon"}, "properties": {"geo_point_2d": {"lon": -123.12326143715303, "lat": 49.255717932087876}}}, {"type": "Feature", "geometry": {"coordinates": [[[-123.12955881115667, 49.25132691809339], [-123.12955691521233, 49.25129301184266], [-123.129555346922, 49.251259088857694], [-123.12955410643208, 49.25122515230471], [-123.12955319385836, 49.2511912053512], [-123.12955260928597, 49.251157251165615], [-123.12955235276951, 49.25112329291709], [-123.12955242433291, 49.251089333775134], [-123.12955282396949, 49.25105537690935], [-123.12955355903766, 49.25102121218202], [-123.12955462391264, 49.2509870561436], [-123.12956213161547, 49.25077895214319], [-123.12903900144714, 49.25077063233897], [-123.12874585126926, 49.250765958041455], [-123.12863183699119, 49.250764142069855], [-123.1286138873402, 49.25076396527224], [-123.12859593701357, 49.250764048954416], [-123.12857798979114, 49.250764393098756], [-123.12856004945205, 49.25076499763281], [-123.12854211977398, 49.250765862429255], [-123.12852420453241, 49.250766987306015], [-123.12850630749973, 49.250768372026215], [-123.12848843244456, 49.25077001629827], [-123.1284705831308, 49.25077191977595], [-123.12845276331704, 49.25077408205844], [-123.12843497675557, 49.250776502690435], [-123.1284172271917, 49.2507791811622], [-123.12839951836298, 49.250782116909754], [-123.12838185399835, 49.2507853093149], [-123.12836423781741, 49.25078875770542], [-123.12834667352958, 49.25079246135518], [-123.12832978923176, 49.250796318819475], [-123.1283129668065, 49.25080043774555], [-123.12829621030242, 49.25080481714213], [-123.12827952375225, 49.25080945595523], [-123.1281231288252, 49.25085422783486], [-123.1280988989947, 49.250860934644415], [-123.12807456128445, 49.2508672387574], [-123.12805012238672, 49.25087313844035], [-123.12802558902163, 49.25087863207098], [-123.12800260958286, 49.25088335773512], [-123.12797956532059, 49.25088775642626], [-123.12795646088705, 49.250891827256375], [-123.1279333009466, 49.25089556940364], [-123.12791009017485, 49.25089898211258], [-123.12788683325763, 49.25090206469422], [-123.12786353489014, 49.25090481652625], [-123.12784019977589, 49.25090723705312], [-123.12781683262584, 49.25090932578617], [-123.1277934381574, 49.250911082303716], [-123.1277700210935, 49.250912506251154], [-123.12774658616166, 49.25091359734101], [-123.12772313809297, 49.25091435535301], [-123.12769968162118, 49.25091478013413], [-123.12767622148176, 49.25091487159862], [-123.12765276241089, 49.250914629727994], [-123.12763694204556, 49.251296701463986], [-123.12763466484998, 49.25135149390255], [-123.12762286771512, 49.25163656564475], [-123.12768601916535, 49.251637904673736], [-123.12774915229016, 49.251639931300474], [-123.12781225960316, 49.251642645284655], [-123.12787533362102, 49.251646046304444], [-123.12794244006966, 49.25165041550478], [-123.12800949070129, 49.25165557090565], [-123.12807647630532, 49.25166151179886], [-123.12814338768011, 49.251668237368335], [-123.12820032400099, 49.251674573571016], [-123.12825719233436, 49.25168149345244], [-123.12831398669684, 49.25168899628453], [-123.12837070111283, 49.25169708127789], [-123.12842732961515, 49.251705747581845], [-123.12848386624565, 49.25171499428458], [-123.12854030505582, 49.25172482041321], [-123.12859664010752, 49.251735224933874], [-123.12865697483436, 49.251747061146126], [-123.12871716997378, 49.25175958793231], [-123.12877721762196, 49.251772803647626], [-123.1288371098944, 49.25178670655679], [-123.1291365412662, 49.25185808219538], [-123.12916175859635, 49.251864089802424], [-123.12919150204759, 49.25187092537072], [-123.12922133275984, 49.25187736947585], [-123.1292512455812, 49.25188342100487], [-123.12928123534553, 49.251889078912654], [-123.12931129687342, 49.25189434222205], [-123.12934142497308, 49.25189921002405], [-123.1293716144412, 49.251903681477955], [-123.12940186006387, 49.25190775581152], [-123.12943215661751, 49.25191143232108], [-123.12946249886971, 49.251914710371686], [-123.12949288158022, 49.251917589397195], [-123.12952329950173, 49.25192006890039], [-123.1295537473809, 49.25192214845303], [-123.12958421995918, 49.25192382769598], [-123.12961471197383, 49.251925106339215], [-123.12964521815864, 49.251925984161915], [-123.12963840476982, 49.25189539005054], [-123.12963183756608, 49.25186525710023], [-123.12962552769457, 49.25183506921555], [-123.12961947561462, 49.25180482859406], [-123.1296136817668, 49.25177453743714], [-123.12960814657289, 49.251744197949876], [-123.1296028704358, 49.251713812340824], [-123.12959785373964, 49.251683382821945], [-123.12959309684959, 49.25165291160837], [-123.12958814463859, 49.25161916278271], [-123.12958351530197, 49.25158536815489], [-123.12957920926286, 49.25155153081377], [-123.12957522691482, 49.25151765385212], [-123.12957156862187, 49.25148374036631], [-123.12956823471833, 49.25144979345608], [-123.12956522550898, 49.2514158162242], [-123.12956254126883, 49.251381811776234], [-123.12955881115667, 49.25132691809339], [-123.12955881115667, 49.25132691809339]]], "type": "Polygon"}, "properties": {"geo_point_2d": {"lon": -123.12868933282245, "lat": 49.25129197675812}}}, {"type": "Feature", "geometry": {"coordinates": [[[-123.12666596219681, 49.254331652194054], [-123.12678691137923, 49.25433376833427], [-123.1271716900817, 49.25433964209618], [-123.12718594772842, 49.25400545391454], [-123.12718855513481, 49.25395058018976], [-123.12720280459716, 49.25361864079802], [-123.12702758842717, 49.25361568524922], [-123.12688947703093, 49.25361341730219], [-123.12675205248418, 49.253611049489066], [-123.12661392711799, 49.253608682280515], [-123.12647650282675, 49.25360640409158], [-123.12633907854782, 49.25360412573918], [-123.12620096719091, 49.25360184797383], [-123.12606354293669, 49.25359956929367], [-123.12592543137575, 49.25359720124694], [-123.12578802091117, 49.253594931219254], [-123.1256505964659, 49.25359256209589], [-123.12551248496614, 49.253590202550676], [-123.1253750607744, 49.25358792305154], [-123.12523694950487, 49.25358564413371], [-123.1250995253606, 49.25358337330201], [-123.12496210120591, 49.25358109331161], [-123.12466459134518, 49.253576017581736], [-123.12465985495345, 49.25365967826124], [-123.12465498112752, 49.25374333908763], [-123.12465024357158, 49.253826550004455], [-123.12464550713241, 49.25391021067977], [-123.12464359661398, 49.25396463383382], [-123.12463345818, 49.254298826251], [-123.12479287239996, 49.254301433696135], [-123.12493028457794, 49.25430362394881], [-123.12506771073708, 49.25430590397513], [-123.12520582378122, 49.2543080931414], [-123.12534324973706, 49.254310282887985], [-123.12548067593276, 49.25431256242305], [-123.12561810188973, 49.2543147428475], [-123.12575621518728, 49.25431701231254], [-123.12589362744899, 49.25431920141939], [-123.12603105369354, 49.25432148029976], [-123.12616916705082, 49.25432375826632], [-123.1263065930906, 49.25432594686694], [-123.12644401934898, 49.254328216260866], [-123.1265821325131, 49.254330403781765], [-123.12666596219681, 49.254331652194054]]], "type": "Polygon"}, "properties": {"geo_point_2d": {"lon": -123.12591646015177, "lat": 49.253958315200386}}}, {"type": "Feature", "geometry": {"coordinates": [[[-123.12730173232943, 49.25124063525619], [-123.12731528745188, 49.25090644765204], [-123.12717718357811, 49.25090417104647], [-123.12703976676963, 49.250901893520314], [-123.12690166269006, 49.250899526633354], [-123.12676355887672, 49.250897258528525], [-123.1266254550527, 49.25089498126339], [-123.12648803829383, 49.25089270308097], [-123.12634992075353, 49.250890425501495], [-123.12621181673737, 49.25088805778985], [-123.12607372670422, 49.25088577985015], [-123.12593562294241, 49.25088350176035], [-123.12579820626844, 49.250881231752565], [-123.12566010253138, 49.2508789533334], [-123.12552199880669, 49.25087667474915], [-123.12538389486663, 49.25087430604777], [-123.12524647824225, 49.25087203538371], [-123.12510838831875, 49.25086976528531], [-123.1250410537701, 49.25086848889703], [-123.12478339776699, 49.250864269857196], [-123.12477845728455, 49.250975816004136], [-123.12477351564681, 49.2510869123886], [-123.12476843770938, 49.25119845867922], [-123.12476651481745, 49.251253331635716], [-123.12475156827449, 49.25158752041827], [-123.12493983175489, 49.25159063621827], [-123.12507795118697, 49.251592915481666], [-123.12521535608644, 49.25159519535439], [-123.12535346202984, 49.251597564255306], [-123.1254915677581, 49.25159984303913], [-123.12562967347596, 49.251602112662646], [-123.12576777945752, 49.25160448106827], [-123.12590588522325, 49.25160675935678], [-123.12604330393867, 49.25160903822976], [-123.12618139598787, 49.251611316203906], [-123.1263195017678, 49.25161358500276], [-123.12645760758302, 49.251615862631716], [-123.12659572735893, 49.25161822103731], [-123.12673314613635, 49.251620499089725], [-123.12687125198896, 49.251622776224174], [-123.12700935785396, 49.25162505319354], [-123.1272855698524, 49.25162969658896], [-123.12729240186016, 49.251459679293376], [-123.12729912518547, 49.25129550900915], [-123.12730173232943, 49.25124063525619]]], "type": "Polygon"}, "properties": {"geo_point_2d": {"lon": -123.12603394342186, "lat": 49.251247031704075}}}, {"type": "Feature", "geometry": {"coordinates": [[[-123.12923025746848, 49.24808880579807], [-123.12973317269609, 49.24809631987249], [-123.12973906307921, 49.24793215028315], [-123.12974404976032, 49.247795417160845], [-123.12974904899978, 49.247658243254605], [-123.12975404818873, 49.24752106034969], [-123.12976007583863, 49.24735689058864], [-123.12925785392355, 49.24734891709998], [-123.12917403597741, 49.2473476615618], [-123.12890264391918, 49.24734337711614], [-123.12864431941192, 49.24733934733986], [-123.12837225420276, 49.24733507139307], [-123.12828843630129, 49.24733381521236], [-123.12778621482174, 49.24732582633071], [-123.12778123805543, 49.24747380340748], [-123.12777626126027, 49.247621780480245], [-123.12777129817638, 49.247769757533824], [-123.12776632132345, 49.247917734598595], [-123.12776134444161, 49.24806571165938], [-123.12826357225708, 49.24807325088163], [-123.12834739257556, 49.24807495683947], [-123.12861878810754, 49.24807905368632], [-123.12887436794908, 49.24808290667734], [-123.12914643709738, 49.248087100480824], [-123.12923025746848, 49.24808880579807]]], "type": "Polygon"}, "properties": {"geo_point_2d": {"lon": -123.12876016030046, "lat": 49.24771112420786}}}, {"type": "Feature", "geometry": {"coordinates": [[[-123.12248906348621, 49.24855412383722], [-123.12247221775175, 49.24896521471003], [-123.12269068787096, 49.24896884186226], [-123.12289955297108, 49.24897230790996], [-123.12310910512599, 49.24897577284795], [-123.12331798397895, 49.24897922013409], [-123.12352753619099, 49.24898268431308], [-123.12373638766475, 49.24898614886248], [-123.12394594013662, 49.248989693239366], [-123.12415480540834, 49.248993157017594], [-123.12436435771247, 49.248996610683434], [-123.1245821548161, 49.24900023498342], [-123.12459895556243, 49.24858914384921], [-123.12460156558485, 49.24853427912426], [-123.1246158186071, 49.24819199522387], [-123.12445849883086, 49.248189376285595], [-123.12432040266093, 49.248187096257865], [-123.12418230652595, 49.24818482506026], [-123.1240442103808, 49.24818254470237], [-123.12390611402296, 49.24818017422733], [-123.12376801792539, 49.24817790253449], [-123.12362990807739, 49.24817562169605], [-123.12349181200457, 49.248173349673046], [-123.12335372966199, 49.24817106847506], [-123.12321563359154, 49.2481687871267], [-123.12307685029494, 49.24816641639306], [-123.12292638753351, 49.248163967968075], [-123.12280065826128, 49.2481618708597], [-123.1226632492557, 49.24815958812077], [-123.12250522892562, 49.24815696726655], [-123.1224916631949, 49.248499699937476], [-123.12248906348621, 49.24855412383722]]], "type": "Polygon"}, "properties": {"geo_point_2d": {"lon": -123.12354387259413, "lat": 49.24857857917899}}}, {"type": "Feature", "geometry": {"coordinates": [[[-123.12244373741292, 49.24966685477598], [-123.12242883681834, 49.250025780174404], [-123.12258617629107, 49.250028491808585], [-123.12272427774406, 49.25003086385658], [-123.12293177344593, 49.250034412258294], [-123.12313858215823, 49.2500379700148], [-123.1232766698997, 49.25004033242189], [-123.12348347841359, 49.25004379061374], [-123.12369097424398, 49.25004734664702], [-123.12382838853394, 49.25004962815864], [-123.12396649010265, 49.25005199872166], [-123.12410459145876, 49.25005427916755], [-123.12424267928964, 49.25005664041995], [-123.12438078089683, 49.25005901048769], [-123.12453812055443, 49.250061710468195], [-123.12455439257232, 49.2497023425511], [-123.12455700267788, 49.24964746884249], [-123.12457128217912, 49.24932092663659], [-123.1243534759616, 49.249314234952585], [-123.12414391464549, 49.2493077228986], [-123.12393435338377, 49.249301210464424], [-123.12372549292526, 49.2492946879044], [-123.12351593177236, 49.24928817471117], [-123.12330637065148, 49.24928165214254], [-123.1230968095851, 49.24927512919376], [-123.1228879356259, 49.24926861412922], [-123.12267838843132, 49.24926209940196], [-123.12246058249941, 49.24925531419685], [-123.12244566284316, 49.24961199083626], [-123.12244373741292, 49.24966685477598]]], "type": "Polygon"}, "properties": {"geo_point_2d": {"lon": -123.12349283204878, "lat": 49.24966571959066}}}, {"type": "Feature", "geometry": {"coordinates": [[[-123.12682081024762, 49.250717201205966], [-123.12732306711494, 49.25072563501636], [-123.12732566492713, 49.25066715418158], [-123.12732382506991, 49.25054482111778], [-123.12732184420474, 49.250415741786064], [-123.12731615706068, 49.24978583021989], [-123.12733164622159, 49.24942913433451], [-123.12729847092046, 49.24940570234047], [-123.12484749131204, 49.24932962371536], [-123.12480599898963, 49.250247172853875], [-123.1248002749761, 49.25037491126977], [-123.12479455093367, 49.25050264968256], [-123.12478636358055, 49.250683462592775], [-123.12503782145251, 49.250687688334104], [-123.12528860603464, 49.250691905263054], [-123.12537242954922, 49.2506931636149], [-123.12555313188727, 49.25069619666763], [-123.12564520070097, 49.25069771571766], [-123.12573726949732, 49.2506992256991], [-123.12591865895173, 49.250702266427574], [-123.12605470105684, 49.250704546787006], [-123.12619143022432, 49.25070682623581], [-123.1263274723539, 49.25070910627403], [-123.12646420154591, 49.2507113854], [-123.12660093075023, 49.25071366436414], [-123.12673698665755, 49.25071594390506], [-123.12682081024762, 49.250717201205966]]], "type": "Polygon"}, "properties": {"geo_point_2d": {"lon": -123.12606345387184, "lat": 49.25003884388847}}}, {"type": "Feature", "geometry": {"coordinates": [[[-123.12920733266922, 49.2464278707261], [-123.1289359591552, 49.246423496386384], [-123.12867627866542, 49.24641926130521], [-123.12840351740556, 49.24641484228433], [-123.12832038805159, 49.24641358536174], [-123.12781747635475, 49.24640605614091], [-123.12781251232474, 49.246553574471754], [-123.12780753571025, 49.24670155156941], [-123.127802557906, 49.246849078902684], [-123.12779759497369, 49.246997055977154], [-123.12779261824937, 49.24714502406761], [-123.1282948378727, 49.24715300392799], [-123.12837865546827, 49.24715426010435], [-123.1286500326836, 49.24715853680205], [-123.12890835624796, 49.247162566566466], [-123.1291804343166, 49.24716685023149], [-123.12926425195678, 49.247168105765326], [-123.12976647203891, 49.24717607922797], [-123.1297726244464, 49.24701235907792], [-123.12977762468708, 49.24687562591701], [-123.12978276114465, 49.246738451833174], [-123.1297878975509, 49.246601268750645], [-123.12979406120184, 49.24643664904702], [-123.12929114905916, 49.24642912624162], [-123.12920733266922, 49.2464278707261]]], "type": "Polygon"}, "properties": {"geo_point_2d": {"lon": -123.12879264862892, "lat": 49.24679087435694}}}, {"type": "Feature", "geometry": {"coordinates": [[[-123.12929822010697, 49.24624831412291], [-123.12980042968617, 49.24625583768658], [-123.12980632081828, 49.24609211780203], [-123.12981131972248, 49.24595494385273], [-123.12981631857615, 49.24581776090475], [-123.12982131740287, 49.24568057795331], [-123.12982734461764, 49.245516408136574], [-123.12932512761984, 49.24550843493762], [-123.1292413127875, 49.245507179445255], [-123.12896994483182, 49.245503003075065], [-123.12870750781966, 49.24549888808003], [-123.12843543895471, 49.24549460329237], [-123.12835162419044, 49.24549335614972], [-123.12784942139128, 49.24548537652005], [-123.12784430756913, 49.24563334480345], [-123.12783920748011, 49.24578132206283], [-123.12783409362177, 49.24592929933342], [-123.1278289797105, 49.246077267604775], [-123.12782386463175, 49.24622479510693], [-123.12832608866604, 49.246232774825216], [-123.12840990470465, 49.246234030980396], [-123.12868127713621, 49.246238406556834], [-123.1289423442769, 49.246242595102835], [-123.12921440402293, 49.246247058612234], [-123.12929822010697, 49.24624831412291]]], "type": "Polygon"}, "properties": {"geo_point_2d": {"lon": -123.12882533182042, "lat": 49.24587064912492}}}]}