{"type": "FeatureCollection", "features": [{"type": "Feature", "geometry": {"coordinates": [-123.12671187939752, 49.253012902227816], "type": "Point"}, "properties": {"width": "16", "geo_point_2d": {"lon": -123.12671187939752, "lat": 49.253012902227816}}}, {"type": "Feature", "geometry": {"coordinates": [-123.12240400139933, 49.251624159330724], "type": "Point"}, "properties": {"width": "66", "geo_point_2d": {"lon": -123.12240400139933, "lat": 49.251624159330724}}}, {"type": "Feature", "geometry": {"coordinates": [-123.10742088601089, 49.253318910911325], "type": "Point"}, "properties": {"width": "20", "geo_point_2d": {"lon": -123.10742088601089, "lat": 49.253318910911325}}}, {"type": "Feature", "geometry": {"coordinates": [-123.10746685455327, 49.25235145892593], "type": "Point"}, "properties": {"width": "20", "geo_point_2d": {"lon": -123.10746685455327, "lat": 49.25235145892593}}}, {"type": "Feature", "geometry": {"coordinates": [-123.1095998738681, 49.255254273023596], "type": "Point"}, "properties": {"width": "20", "geo_point_2d": {"lon": -123.1095998738681, "lat": 49.255254273023596}}}, {"type": "Feature", "geometry": {"coordinates": [-123.10993383029628, 49.255262591152075], "type": "Point"}, "properties": {"width": "20", "geo_point_2d": {"lon": -123.10993383029628, "lat": 49.255262591152075}}}, {"type": "Feature", "geometry": {"coordinates": [-123.11004657338557, 49.25285225930591], "type": "Point"}, "properties": {"width": "80", "geo_point_2d": {"lon": -123.11004657338557, "lat": 49.25285225930591}}}, {"type": "Feature", "geometry": {"coordinates": [-123.10442748912936, 49.247956974376436], "type": "Point"}, "properties": {"width": "20", "geo_point_2d": {"lon": -123.10442748912936, "lat": 49.247956974376436}}}, {"type": "Feature", "geometry": {"coordinates": [-123.10764285560347, 49.248344470255134], "type": "Point"}, "properties": {"width": "20", "geo_point_2d": {"lon": -123.10764285560347, "lat": 49.248344470255134}}}, {"type": "Feature", "geometry": {"coordinates": [-123.1081079286244, 49.24677218232042], "type": "Point"}, "properties": {"width": "66", "geo_point_2d": {"lon": -123.1081079286244, "lat": 49.24677218232042}}}, {"type": "Feature", "geometry": {"coordinates": [-123.10445671768701, 49.246779499160105], "type": "Point"}, "properties": {"width": "20", "geo_point_2d": {"lon": -123.10445671768701, "lat": 49.246779499160105}}}, {"type": "Feature", "geometry": {"coordinates": [-123.1072931582563, 49.24834236683392], "type": "Point"}, "properties": {"width": "20", "geo_point_2d": {"lon": -123.1072931582563, "lat": 49.24834236683392}}}, {"type": "Feature", "geometry": {"coordinates": [-123.11271882613207, 49.25531428372062], "type": "Point"}, "properties": {"width": "20", "geo_point_2d": {"lon": -123.11271882613207, "lat": 49.25531428372062}}}, {"type": "Feature", "geometry": {"coordinates": [-123.11276885096417, 49.25436841450898], "type": "Point"}, "properties": {"width": "20", "geo_point_2d": {"lon": -123.11276885096417, "lat": 49.25436841450898}}}, {"type": "Feature", "geometry": {"coordinates": [-123.11617022703791, 49.25648109786218], "type": "Point"}, "properties": {"width": "20", "geo_point_2d": {"lon": -123.11617022703791, "lat": 49.25648109786218}}}, {"type": "Feature", "geometry": {"coordinates": [-123.11457914087846, 49.251937374538606], "type": "Point"}, "properties": {"width": "15", "geo_point_2d": {"lon": -123.11457914087846, "lat": 49.251937374538606}}}, {"type": "Feature", "geometry": {"coordinates": [-123.11659816139264, 49.25693708410995], "type": "Point"}, "properties": {"width": "66", "geo_point_2d": {"lon": -123.11659816139264, "lat": 49.25693708410995}}}, {"type": "Feature", "geometry": {"coordinates": [-123.11436590543678, 49.25534719770351], "type": "Point"}, "properties": {"width": "20", "geo_point_2d": {"lon": -123.11436590543678, "lat": 49.25534719770351}}}, {"type": "Feature", "geometry": {"coordinates": [-123.11440972653436, 49.25440041640719], "type": "Point"}, "properties": {"width": "20", "geo_point_2d": {"lon": -123.11440972653436, "lat": 49.25440041640719}}}, {"type": "Feature", "geometry": {"coordinates": [-123.11492504046933, 49.25585071695281], "type": "Point"}, "properties": {"width": "66", "geo_point_2d": {"lon": -123.11492504046933, "lat": 49.25585071695281}}}, {"type": "Feature", "geometry": {"coordinates": [-123.11547078129257, 49.251750276674294], "type": "Point"}, "properties": {"width": "10", "geo_point_2d": {"lon": -123.11547078129257, "lat": 49.251750276674294}}}, {"type": "Feature", "geometry": {"coordinates": [-123.11627023586763, 49.25013439100977], "type": "Point"}, "properties": {"width": "33", "geo_point_2d": {"lon": -123.11627023586763, "lat": 49.25013439100977}}}, {"type": "Feature", "geometry": {"coordinates": [-123.12096054643176, 49.25120212141626], "type": "Point"}, "properties": {"width": "18", "geo_point_2d": {"lon": -123.12096054643176, "lat": 49.25120212141626}}}, {"type": "Feature", "geometry": {"coordinates": [-123.12095809637455, 49.25148727264047], "type": "Point"}, "properties": {"width": "16", "geo_point_2d": {"lon": -123.12095809637455, "lat": 49.25148727264047}}}, {"type": "Feature", "geometry": {"coordinates": [-123.11839586297846, 49.24993697284382], "type": "Point"}, "properties": {"width": "66", "geo_point_2d": {"lon": -123.11839586297846, "lat": 49.24993697284382}}}, {"type": "Feature", "geometry": {"coordinates": [-123.11965010021925, 49.25046090305316], "type": "Point"}, "properties": {"width": "16", "geo_point_2d": {"lon": -123.11965010021925, "lat": 49.25046090305316}}}, {"type": "Feature", "geometry": {"coordinates": [-123.11834167747124, 49.246617563420074], "type": "Point"}, "properties": {"width": "20", "geo_point_2d": {"lon": -123.11834167747124, "lat": 49.246617563420074}}}, {"type": "Feature", "geometry": {"coordinates": [-123.11426250291272, 49.24846227411195], "type": "Point"}, "properties": {"width": "20", "geo_point_2d": {"lon": -123.11426250291272, "lat": 49.24846227411195}}}, {"type": "Feature", "geometry": {"coordinates": [-123.11526285443817, 49.25231987301626], "type": "Point"}, "properties": {"width": "80", "geo_point_2d": {"lon": -123.11526285443817, "lat": 49.25231987301626}}}, {"type": "Feature", "geometry": {"coordinates": [-123.1155648311247, 49.24955037296963], "type": "Point"}, "properties": {"width": "10", "geo_point_2d": {"lon": -123.1155648311247, "lat": 49.24955037296963}}}, {"type": "Feature", "geometry": {"coordinates": [-123.11204746499615, 49.248419710309946], "type": "Point"}, "properties": {"width": "20", "geo_point_2d": {"lon": -123.11204746499615, "lat": 49.248419710309946}}}, {"type": "Feature", "geometry": {"coordinates": [-123.1272313254716, 49.252172177418124], "type": "Point"}, "properties": {"width": "20", "geo_point_2d": {"lon": -123.1272313254716, "lat": 49.252172177418124}}}, {"type": "Feature", "geometry": {"coordinates": [-123.12468201527963, 49.25394129475496], "type": "Point"}, "properties": {"width": "20", "geo_point_2d": {"lon": -123.12468201527963, "lat": 49.25394129475496}}}, {"type": "Feature", "geometry": {"coordinates": [-123.12465709139774, 49.25440674341], "type": "Point"}, "properties": {"width": "73", "geo_point_2d": {"lon": -123.12465709139774, "lat": 49.25440674341}}}, {"type": "Feature", "geometry": {"coordinates": [-123.12534591843736, 49.25032225619001], "type": "Point"}, "properties": {"width": "20", "geo_point_2d": {"lon": -123.12534591843736, "lat": 49.25032225619001}}}, {"type": "Feature", "geometry": {"coordinates": [-123.12251380498894, 49.24911295324277], "type": "Point"}, "properties": {"width": "106", "geo_point_2d": {"lon": -123.12251380498894, "lat": 49.24911295324277}}}, {"type": "Feature", "geometry": {"coordinates": [-123.10703954815982, 49.254257727291204], "type": "Point"}, "properties": {"width": "20", "geo_point_2d": {"lon": -123.10703954815982, "lat": 49.254257727291204}}}, {"type": "Feature", "geometry": {"coordinates": [-123.10508547285274, 49.25044446694798], "type": "Point"}, "properties": {"width": "20", "geo_point_2d": {"lon": -123.10508547285274, "lat": 49.25044446694798}}}, {"type": "Feature", "geometry": {"coordinates": [-123.10906851676295, 49.24610511948535], "type": "Point"}, "properties": {"width": "66", "geo_point_2d": {"lon": -123.10906851676295, "lat": 49.24610511948535}}}, {"type": "Feature", "geometry": {"coordinates": [-123.1229458398425, 49.25049198451956], "type": "Point"}, "properties": {"width": "16", "geo_point_2d": {"lon": -123.1229458398425, "lat": 49.25049198451956}}}, {"type": "Feature", "geometry": {"coordinates": [-123.12399436373599, 49.250257869575286], "type": "Point"}, "properties": {"width": "16", "geo_point_2d": {"lon": -123.12399436373599, "lat": 49.250257869575286}}}, {"type": "Feature", "geometry": {"coordinates": [-123.12449454805011, 49.24637286720601], "type": "Point"}, "properties": {"width": "20", "geo_point_2d": {"lon": -123.12449454805011, "lat": 49.24637286720601}}}, {"type": "Feature", "geometry": {"coordinates": [-123.12545755409127, 49.25025888057672], "type": "Point"}, "properties": {"width": "20", "geo_point_2d": {"lon": -123.12545755409127, "lat": 49.25025888057672}}}, {"type": "Feature", "geometry": {"coordinates": [-123.12490283720666, 49.249160183725465], "type": "Point"}, "properties": {"width": "118.61", "geo_point_2d": {"lon": -123.12490283720666, "lat": 49.249160183725465}}}, {"type": "Feature", "geometry": {"coordinates": [-123.10504085177446, 49.25142048052536], "type": "Point"}, "properties": {"width": "20", "geo_point_2d": {"lon": -123.10504085177446, "lat": 49.25142048052536}}}, {"type": "Feature", "geometry": {"coordinates": [-123.1101005558582, 49.25151383547813], "type": "Point"}, "properties": {"width": "20", "geo_point_2d": {"lon": -123.1101005558582, "lat": 49.25151383547813}}}, {"type": "Feature", "geometry": {"coordinates": [-123.10445745551344, 49.247187873026704], "type": "Point"}, "properties": {"width": "20", "geo_point_2d": {"lon": -123.10445745551344, "lat": 49.247187873026704}}}, {"type": "Feature", "geometry": {"coordinates": [-123.10444475031693, 49.247411416014245], "type": "Point"}, "properties": {"width": "20", "geo_point_2d": {"lon": -123.10444475031693, "lat": 49.247411416014245}}}, {"type": "Feature", "geometry": {"coordinates": [-123.1097569263889, 49.24760803860278], "type": "Point"}, "properties": {"width": "66", "geo_point_2d": {"lon": -123.1097569263889, "lat": 49.24760803860278}}}, {"type": "Feature", "geometry": {"coordinates": [-123.10433508472455, 49.248439013291666], "type": "Point"}, "properties": {"width": "10", "geo_point_2d": {"lon": -123.10433508472455, "lat": 49.248439013291666}}}, {"type": "Feature", "geometry": {"coordinates": [-123.1102328996034, 49.24540446399711], "type": "Point"}, "properties": {"width": "66", "geo_point_2d": {"lon": -123.1102328996034, "lat": 49.24540446399711}}}, {"type": "Feature", "geometry": {"coordinates": [-123.1075010683024, 49.24740769503086], "type": "Point"}, "properties": {"width": "66", "geo_point_2d": {"lon": -123.1075010683024, "lat": 49.24740769503086}}}, {"type": "Feature", "geometry": {"coordinates": [-123.10584562253939, 49.24508989265055], "type": "Point"}, "properties": {"width": "20", "geo_point_2d": {"lon": -123.10584562253939, "lat": 49.24508989265055}}}, {"type": "Feature", "geometry": {"coordinates": [-123.10647977906383, 49.24614279575019], "type": "Point"}, "properties": {"width": "20", "geo_point_2d": {"lon": -123.10647977906383, "lat": 49.24614279575019}}}, {"type": "Feature", "geometry": {"coordinates": [-123.10525571995147, 49.246855503310314], "type": "Point"}, "properties": {"width": "50", "geo_point_2d": {"lon": -123.10525571995147, "lat": 49.246855503310314}}}, {"type": "Feature", "geometry": {"coordinates": [-123.1051167869357, 49.24594551912926], "type": "Point"}, "properties": {"width": "66", "geo_point_2d": {"lon": -123.1051167869357, "lat": 49.24594551912926}}}, {"type": "Feature", "geometry": {"coordinates": [-123.11072052589228, 49.245291728172674], "type": "Point"}, "properties": {"width": "20", "geo_point_2d": {"lon": -123.11072052589228, "lat": 49.245291728172674}}}, {"type": "Feature", "geometry": {"coordinates": [-123.11831692595382, 49.25652207849564], "type": "Point"}, "properties": {"width": "20", "geo_point_2d": {"lon": -123.11831692595382, "lat": 49.25652207849564}}}, {"type": "Feature", "geometry": {"coordinates": [-123.12077238695836, 49.2562315649386], "type": "Point"}, "properties": {"width": "20", "geo_point_2d": {"lon": -123.12077238695836, "lat": 49.2562315649386}}}, {"type": "Feature", "geometry": {"coordinates": [-123.11267508291405, 49.256303791425026], "type": "Point"}, "properties": {"width": "20", "geo_point_2d": {"lon": -123.11267508291405, "lat": 49.256303791425026}}}, {"type": "Feature", "geometry": {"coordinates": [-123.11446313729373, 49.2549630055395], "type": "Point"}, "properties": {"width": "20", "geo_point_2d": {"lon": -123.11446313729373, "lat": 49.2549630055395}}}, {"type": "Feature", "geometry": {"coordinates": [-123.1144634387185, 49.25473677545667], "type": "Point"}, "properties": {"width": "15", "geo_point_2d": {"lon": -123.1144634387185, "lat": 49.25473677545667}}}, {"type": "Feature", "geometry": {"coordinates": [-123.11609169822097, 49.25466901796826], "type": "Point"}, "properties": {"width": "20", "geo_point_2d": {"lon": -123.11609169822097, "lat": 49.25466901796826}}}, {"type": "Feature", "geometry": {"coordinates": [-123.11610557493087, 49.25524199054], "type": "Point"}, "properties": {"width": "33", "geo_point_2d": {"lon": -123.11610557493087, "lat": 49.25524199054}}}, {"type": "Feature", "geometry": {"coordinates": [-123.11620245186037, 49.255578854057596], "type": "Point"}, "properties": {"width": "20", "geo_point_2d": {"lon": -123.11620245186037, "lat": 49.255578854057596}}}, {"type": "Feature", "geometry": {"coordinates": [-123.11801101606187, 49.25561198531785], "type": "Point"}, "properties": {"width": "20", "geo_point_2d": {"lon": -123.11801101606187, "lat": 49.25561198531785}}}, {"type": "Feature", "geometry": {"coordinates": [-123.11582126094932, 49.255999853243004], "type": "Point"}, "properties": {"width": "66", "geo_point_2d": {"lon": -123.11582126094932, "lat": 49.255999853243004}}}, {"type": "Feature", "geometry": {"coordinates": [-123.11582885022783, 49.25508512181189], "type": "Point"}, "properties": {"width": "66", "geo_point_2d": {"lon": -123.11582885022783, "lat": 49.25508512181189}}}, {"type": "Feature", "geometry": {"coordinates": [-123.11460776660083, 49.25126172378081], "type": "Point"}, "properties": {"width": "15", "geo_point_2d": {"lon": -123.11460776660083, "lat": 49.25126172378081}}}, {"type": "Feature", "geometry": {"coordinates": [-123.11457465563137, 49.25062274475023], "type": "Point"}, "properties": {"width": "20", "geo_point_2d": {"lon": -123.11457465563137, "lat": 49.25062274475023}}}, {"type": "Feature", "geometry": {"coordinates": [-123.11640523148057, 49.25706186240381], "type": "Point"}, "properties": {"width": "30", "geo_point_2d": {"lon": -123.11640523148057, "lat": 49.25706186240381}}}, {"type": "Feature", "geometry": {"coordinates": [-123.11513368302357, 49.255746254641494], "type": "Point"}, "properties": {"width": "90", "geo_point_2d": {"lon": -123.11513368302357, "lat": 49.255746254641494}}}, {"type": "Feature", "geometry": {"coordinates": [-123.11280788580098, 49.253418849819184], "type": "Point"}, "properties": {"width": "20", "geo_point_2d": {"lon": -123.11280788580098, "lat": 49.253418849819184}}}, {"type": "Feature", "geometry": {"coordinates": [-123.11808084006091, 49.25380252538539], "type": "Point"}, "properties": {"width": "20", "geo_point_2d": {"lon": -123.11808084006091, "lat": 49.25380252538539}}}, {"type": "Feature", "geometry": {"coordinates": [-123.11596095402035, 49.25141245578594], "type": "Point"}, "properties": {"width": "66", "geo_point_2d": {"lon": -123.11596095402035, "lat": 49.25141245578594}}}, {"type": "Feature", "geometry": {"coordinates": [-123.11558086220046, 49.25129078943934], "type": "Point"}, "properties": {"width": "66", "geo_point_2d": {"lon": -123.11558086220046, "lat": 49.25129078943934}}}, {"type": "Feature", "geometry": {"coordinates": [-123.11550144585262, 49.250946621564786], "type": "Point"}, "properties": {"width": "10", "geo_point_2d": {"lon": -123.11550144585262, "lat": 49.250946621564786}}}, {"type": "Feature", "geometry": {"coordinates": [-123.11600380836934, 49.25002059934585], "type": "Point"}, "properties": {"width": "66", "geo_point_2d": {"lon": -123.11600380836934, "lat": 49.25002059934585}}}, {"type": "Feature", "geometry": {"coordinates": [-123.11557520510053, 49.25006826284347], "type": "Point"}, "properties": {"width": "66", "geo_point_2d": {"lon": -123.11557520510053, "lat": 49.25006826284347}}}, {"type": "Feature", "geometry": {"coordinates": [-123.1201791310348, 49.24960183141966], "type": "Point"}, "properties": {"width": "20", "geo_point_2d": {"lon": -123.1201791310348, "lat": 49.24960183141966}}}, {"type": "Feature", "geometry": {"coordinates": [-123.12212967975944, 49.2496338328877], "type": "Point"}, "properties": {"width": "20", "geo_point_2d": {"lon": -123.12212967975944, "lat": 49.2496338328877}}}, {"type": "Feature", "geometry": {"coordinates": [-123.12229676473315, 49.254344446423026], "type": "Point"}, "properties": {"width": "66", "geo_point_2d": {"lon": -123.12229676473315, "lat": 49.254344446423026}}}, {"type": "Feature", "geometry": {"coordinates": [-123.12430296026051, 49.254834397950646], "type": "Point"}, "properties": {"width": "20", "geo_point_2d": {"lon": -123.12430296026051, "lat": 49.254834397950646}}}, {"type": "Feature", "geometry": {"coordinates": [-123.12379220777434, 49.25539626605735], "type": "Point"}, "properties": {"width": "20", "geo_point_2d": {"lon": -123.12379220777434, "lat": 49.25539626605735}}}, {"type": "Feature", "geometry": {"coordinates": [-123.12293791635855, 49.25061576727709], "type": "Point"}, "properties": {"width": "16", "geo_point_2d": {"lon": -123.12293791635855, "lat": 49.25061576727709}}}, {"type": "Feature", "geometry": {"coordinates": [-123.12395743915191, 49.250871464650956], "type": "Point"}, "properties": {"width": "20", "geo_point_2d": {"lon": -123.12395743915191, "lat": 49.250871464650956}}}, {"type": "Feature", "geometry": {"coordinates": [-123.11259861413055, 49.25058011615908], "type": "Point"}, "properties": {"width": "20", "geo_point_2d": {"lon": -123.11259861413055, "lat": 49.25058011615908}}}, {"type": "Feature", "geometry": {"coordinates": [-123.11254866852104, 49.25156063545043], "type": "Point"}, "properties": {"width": "20", "geo_point_2d": {"lon": -123.11254866852104, "lat": 49.25156063545043}}}, {"type": "Feature", "geometry": {"coordinates": [-123.1125663034926, 49.25110348091157], "type": "Point"}, "properties": {"width": "66", "geo_point_2d": {"lon": -123.1125663034926, "lat": 49.25110348091157}}}, {"type": "Feature", "geometry": {"coordinates": [-123.11450115845713, 49.25383857426618], "type": "Point"}, "properties": {"width": "15", "geo_point_2d": {"lon": -123.11450115845713, "lat": 49.25383857426618}}}, {"type": "Feature", "geometry": {"coordinates": [-123.11613559143512, 49.253767292890885], "type": "Point"}, "properties": {"width": "20", "geo_point_2d": {"lon": -123.11613559143512, "lat": 49.253767292890885}}}, {"type": "Feature", "geometry": {"coordinates": [-123.11507069201618, 49.25205912210843], "type": "Point"}, "properties": {"width": "66", "geo_point_2d": {"lon": -123.11507069201618, "lat": 49.25205912210843}}}, {"type": "Feature", "geometry": {"coordinates": [-123.11511801443812, 49.251159561446386], "type": "Point"}, "properties": {"width": "66", "geo_point_2d": {"lon": -123.11511801443812, "lat": 49.251159561446386}}}, {"type": "Feature", "geometry": {"coordinates": [-123.12214718613518, 49.25354949901146], "type": "Point"}, "properties": {"width": "66", "geo_point_2d": {"lon": -123.12214718613518, "lat": 49.25354949901146}}}, {"type": "Feature", "geometry": {"coordinates": [-123.11624187835567, 49.25131817337255], "type": "Point"}, "properties": {"width": "33", "geo_point_2d": {"lon": -123.11624187835567, "lat": 49.25131817337255}}}, {"type": "Feature", "geometry": {"coordinates": [-123.11634732052165, 49.251507776541466], "type": "Point"}, "properties": {"width": "66", "geo_point_2d": {"lon": -123.11634732052165, "lat": 49.251507776541466}}}, {"type": "Feature", "geometry": {"coordinates": [-123.11680038524682, 49.25140358645583], "type": "Point"}, "properties": {"width": "16", "geo_point_2d": {"lon": -123.11680038524682, "lat": 49.25140358645583}}}, {"type": "Feature", "geometry": {"coordinates": [-123.11842646431766, 49.25380899000532], "type": "Point"}, "properties": {"width": "20", "geo_point_2d": {"lon": -123.11842646431766, "lat": 49.25380899000532}}}, {"type": "Feature", "geometry": {"coordinates": [-123.11216611787694, 49.2456193883874], "type": "Point"}, "properties": {"width": "20", "geo_point_2d": {"lon": -123.11216611787694, "lat": 49.2456193883874}}}, {"type": "Feature", "geometry": {"coordinates": [-123.11661897119814, 49.246012163929564], "type": "Point"}, "properties": {"width": "20", "geo_point_2d": {"lon": -123.11661897119814, "lat": 49.246012163929564}}}, {"type": "Feature", "geometry": {"coordinates": [-123.12030915482879, 49.245754480537705], "type": "Point"}, "properties": {"width": "20", "geo_point_2d": {"lon": -123.12030915482879, "lat": 49.245754480537705}}}, {"type": "Feature", "geometry": {"coordinates": [-123.12220324022908, 49.25151248024604], "type": "Point"}, "properties": {"width": "66", "geo_point_2d": {"lon": -123.12220324022908, "lat": 49.25151248024604}}}, {"type": "Feature", "geometry": {"coordinates": [-123.11282759072067, 49.24911333781572], "type": "Point"}, "properties": {"width": "66", "geo_point_2d": {"lon": -123.11282759072067, "lat": 49.24911333781572}}}, {"type": "Feature", "geometry": {"coordinates": [-123.1126650521661, 49.24515753731027], "type": "Point"}, "properties": {"width": "100", "geo_point_2d": {"lon": -123.1126650521661, "lat": 49.24515753731027}}}, {"type": "Feature", "geometry": {"coordinates": [-123.11841267184182, 49.24921465676034], "type": "Point"}, "properties": {"width": "66", "geo_point_2d": {"lon": -123.11841267184182, "lat": 49.24921465676034}}}, {"type": "Feature", "geometry": {"coordinates": [-123.12036320553737, 49.24924722777914], "type": "Point"}, "properties": {"width": "66", "geo_point_2d": {"lon": -123.12036320553737, "lat": 49.24924722777914}}}, {"type": "Feature", "geometry": {"coordinates": [-123.11861818854733, 49.24846253468994], "type": "Point"}, "properties": {"width": "20", "geo_point_2d": {"lon": -123.11861818854733, "lat": 49.24846253468994}}}, {"type": "Feature", "geometry": {"coordinates": [-123.1164975999309, 49.248846944767756], "type": "Point"}, "properties": {"width": "20", "geo_point_2d": {"lon": -123.1164975999309, "lat": 49.248846944767756}}}, {"type": "Feature", "geometry": {"coordinates": [-123.12056113990634, 49.2484969091942], "type": "Point"}, "properties": {"width": "20", "geo_point_2d": {"lon": -123.12056113990634, "lat": 49.2484969091942}}}, {"type": "Feature", "geometry": {"coordinates": [-123.11663112613272, 49.24750933619773], "type": "Point"}, "properties": {"width": "20", "geo_point_2d": {"lon": -123.11663112613272, "lat": 49.24750933619773}}}, {"type": "Feature", "geometry": {"coordinates": [-123.1223286119287, 49.25389121545456], "type": "Point"}, "properties": {"width": "20", "geo_point_2d": {"lon": -123.1223286119287, "lat": 49.25389121545456}}}, {"type": "Feature", "geometry": {"coordinates": [-123.12449115445679, 49.24665711124841], "type": "Point"}, "properties": {"width": "20", "geo_point_2d": {"lon": -123.12449115445679, "lat": 49.24665711124841}}}, {"type": "Feature", "geometry": {"coordinates": [-123.12766677235459, 49.25132262872754], "type": "Point"}, "properties": {"width": "20", "geo_point_2d": {"lon": -123.12766677235459, "lat": 49.25132262872754}}}, {"type": "Feature", "geometry": {"coordinates": [-123.12833290218016, 49.24993258685211], "type": "Point"}, "properties": {"width": "20", "geo_point_2d": {"lon": -123.12833290218016, "lat": 49.24993258685211}}}, {"type": "Feature", "geometry": {"coordinates": [-123.12449507778557, 49.25015206894677], "type": "Point"}, "properties": {"width": "66", "geo_point_2d": {"lon": -123.12449507778557, "lat": 49.25015206894677}}}, {"type": "Feature", "geometry": {"coordinates": [-123.1267915145106, 49.25034167362097], "type": "Point"}, "properties": {"width": "20", "geo_point_2d": {"lon": -123.1267915145106, "lat": 49.25034167362097}}}, {"type": "Feature", "geometry": {"coordinates": [-123.12229702739887, 49.24946102842795], "type": "Point"}, "properties": {"width": "66", "geo_point_2d": {"lon": -123.12229702739887, "lat": 49.24946102842795}}}, {"type": "Feature", "geometry": {"coordinates": [-123.12833477119477, 49.24713361982528], "type": "Point"}, "properties": {"width": "20", "geo_point_2d": {"lon": -123.12833477119477, "lat": 49.24713361982528}}}, {"type": "Feature", "geometry": {"coordinates": [-123.12836053318611, 49.248628058987904], "type": "Point"}, "properties": {"width": "20", "geo_point_2d": {"lon": -123.12836053318611, "lat": 49.248628058987904}}}, {"type": "Feature", "geometry": {"coordinates": [-123.11711269148987, 49.24380887519543], "type": "Point"}, "properties": {"width": "140", "geo_point_2d": {"lon": -123.11711269148987, "lat": 49.24380887519543}}}, {"type": "Feature", "geometry": {"coordinates": [-123.11749112926681, 49.244645830557175], "type": "Point"}, "properties": {"width": "20", "geo_point_2d": {"lon": -123.11749112926681, "lat": 49.244645830557175}}}, {"type": "Feature", "geometry": {"coordinates": [-123.11843264101304, 49.24474127116397], "type": "Point"}, "properties": {"width": "20", "geo_point_2d": {"lon": -123.11843264101304, "lat": 49.24474127116397}}}, {"type": "Feature", "geometry": {"coordinates": [-123.10998048353464, 49.25431537707734], "type": "Point"}, "properties": {"width": "20", "geo_point_2d": {"lon": -123.10998048353464, "lat": 49.25431537707734}}}, {"type": "Feature", "geometry": {"coordinates": [-123.10471052395486, 49.24994460080587], "type": "Point"}, "properties": {"width": "47", "geo_point_2d": {"lon": -123.10471052395486, "lat": 49.24994460080587}}}, {"type": "Feature", "geometry": {"coordinates": [-123.11000214454866, 49.25387171215451], "type": "Point"}, "properties": {"width": "66", "geo_point_2d": {"lon": -123.11000214454866, "lat": 49.25387171215451}}}, {"type": "Feature", "geometry": {"coordinates": [-123.11546006431823, 49.25197471824293], "type": "Point"}, "properties": {"width": "10", "geo_point_2d": {"lon": -123.11546006431823, "lat": 49.25197471824293}}}, {"type": "Feature", "geometry": {"coordinates": [-123.11519443619366, 49.253837876114865], "type": "Point"}, "properties": {"width": "80", "geo_point_2d": {"lon": -123.11519443619366, "lat": 49.253837876114865}}}, {"type": "Feature", "geometry": {"coordinates": [-123.12050762388063, 49.24511067361371], "type": "Point"}, "properties": {"width": "66", "geo_point_2d": {"lon": -123.12050762388063, "lat": 49.24511067361371}}}, {"type": "Feature", "geometry": {"coordinates": [-123.11577972244511, 49.24098851104206], "type": "Point"}, "properties": {"width": "80", "geo_point_2d": {"lon": -123.11577972244511, "lat": 49.24098851104206}}}, {"type": "Feature", "geometry": {"coordinates": [-123.11439594738292, 49.24711712113199], "type": "Point"}, "properties": {"width": "20", "geo_point_2d": {"lon": -123.11439594738292, "lat": 49.24711712113199}}}, {"type": "Feature", "geometry": {"coordinates": [-123.11807070663674, 49.241082963136826], "type": "Point"}, "properties": {"width": "80", "geo_point_2d": {"lon": -123.11807070663674, "lat": 49.241082963136826}}}, {"type": "Feature", "geometry": {"coordinates": [-123.11791123619133, 49.24336421092041], "type": "Point"}, "properties": {"width": "140", "geo_point_2d": {"lon": -123.11791123619133, "lat": 49.24336421092041}}}, {"type": "Feature", "geometry": {"coordinates": [-123.11836360855239, 49.24277868901361], "type": "Point"}, "properties": {"width": "140", "geo_point_2d": {"lon": -123.11836360855239, "lat": 49.24277868901361}}}, {"type": "Feature", "geometry": {"coordinates": [-123.12078171693554, 49.256005775204535], "type": "Point"}, "properties": {"width": "20", "geo_point_2d": {"lon": -123.12078171693554, "lat": 49.256005775204535}}}, {"type": "Feature", "geometry": {"coordinates": [-123.12018163947299, 49.254184410176556], "type": "Point"}, "properties": {"width": "66", "geo_point_2d": {"lon": -123.12018163947299, "lat": 49.254184410176556}}}, {"type": "Feature", "geometry": {"coordinates": [-123.11438315870923, 49.256777402318534], "type": "Point"}, "properties": {"width": "20", "geo_point_2d": {"lon": -123.11438315870923, "lat": 49.256777402318534}}}, {"type": "Feature", "geometry": {"coordinates": [-123.12207651841995, 49.25117259467544], "type": "Point"}, "properties": {"width": "20", "geo_point_2d": {"lon": -123.12207651841995, "lat": 49.25117259467544}}}, {"type": "Feature", "geometry": {"coordinates": [-123.1144494228315, 49.253453369167374], "type": "Point"}, "properties": {"width": "20", "geo_point_2d": {"lon": -123.1144494228315, "lat": 49.253453369167374}}}, {"type": "Feature", "geometry": {"coordinates": [-123.11516223562636, 49.25010303699727], "type": "Point"}, "properties": {"width": "66", "geo_point_2d": {"lon": -123.11516223562636, "lat": 49.25010303699727}}}, {"type": "Feature", "geometry": {"coordinates": [-123.12678158388442, 49.25069205762232], "type": "Point"}, "properties": {"width": "20", "geo_point_2d": {"lon": -123.12678158388442, "lat": 49.25069205762232}}}, {"type": "Feature", "geometry": {"coordinates": [-123.12451704739485, 49.253593267613894], "type": "Point"}, "properties": {"width": "66", "geo_point_2d": {"lon": -123.12451704739485, "lat": 49.253593267613894}}}, {"type": "Feature", "geometry": {"coordinates": [-123.12246066073689, 49.25011470925041], "type": "Point"}, "properties": {"width": "66", "geo_point_2d": {"lon": -123.12246066073689, "lat": 49.25011470925041}}}, {"type": "Feature", "geometry": {"coordinates": [-123.12232061214672, 49.25343993362299], "type": "Point"}, "properties": {"width": "66", "geo_point_2d": {"lon": -123.12232061214672, "lat": 49.25343993362299}}}, {"type": "Feature", "geometry": {"coordinates": [-123.11619312487831, 49.25196236149254], "type": "Point"}, "properties": {"width": "20", "geo_point_2d": {"lon": -123.11619312487831, "lat": 49.25196236149254}}}, {"type": "Feature", "geometry": {"coordinates": [-123.11435963739966, 49.24804139012217], "type": "Point"}, "properties": {"width": "20", "geo_point_2d": {"lon": -123.11435963739966, "lat": 49.24804139012217}}}, {"type": "Feature", "geometry": {"coordinates": [-123.11652793001076, 49.248078289755405], "type": "Point"}, "properties": {"width": "20", "geo_point_2d": {"lon": -123.11652793001076, "lat": 49.248078289755405}}}, {"type": "Feature", "geometry": {"coordinates": [-123.1123903719629, 49.25530867585072], "type": "Point"}, "properties": {"width": "20", "geo_point_2d": {"lon": -123.1123903719629, "lat": 49.25530867585072}}}, {"type": "Feature", "geometry": {"coordinates": [-123.11590866292887, 49.25680959604484], "type": "Point"}, "properties": {"width": "33", "geo_point_2d": {"lon": -123.11590866292887, "lat": 49.25680959604484}}}, {"type": "Feature", "geometry": {"coordinates": [-123.11618525183202, 49.25412912072397], "type": "Point"}, "properties": {"width": "7", "geo_point_2d": {"lon": -123.11618525183202, "lat": 49.25412912072397}}}, {"type": "Feature", "geometry": {"coordinates": [-123.11247394359049, 49.253411529459115], "type": "Point"}, "properties": {"width": "20", "geo_point_2d": {"lon": -123.11247394359049, "lat": 49.253411529459115}}}, {"type": "Feature", "geometry": {"coordinates": [-123.11622373058415, 49.252408763689914], "type": "Point"}, "properties": {"width": "66", "geo_point_2d": {"lon": -123.11622373058415, "lat": 49.252408763689914}}}, {"type": "Feature", "geometry": {"coordinates": [-123.11512664777102, 49.24518081890148], "type": "Point"}, "properties": {"width": "100", "geo_point_2d": {"lon": -123.11512664777102, "lat": 49.24518081890148}}}, {"type": "Feature", "geometry": {"coordinates": [-123.11429060343599, 49.25633781668311], "type": "Point"}, "properties": {"width": "20", "geo_point_2d": {"lon": -123.11429060343599, "lat": 49.25633781668311}}}, {"type": "Feature", "geometry": {"coordinates": [-123.1144920729933, 49.25405752696035], "type": "Point"}, "properties": {"width": "15", "geo_point_2d": {"lon": -123.1144920729933, "lat": 49.25405752696035}}}, {"type": "Feature", "geometry": {"coordinates": [-123.11496392664353, 49.25485446672521], "type": "Point"}, "properties": {"width": "66", "geo_point_2d": {"lon": -123.11496392664353, "lat": 49.25485446672521}}}, {"type": "Feature", "geometry": {"coordinates": [-123.11551102352578, 49.250640414481225], "type": "Point"}, "properties": {"width": "10", "geo_point_2d": {"lon": -123.11551102352578, "lat": 49.250640414481225}}}, {"type": "Feature", "geometry": {"coordinates": [-123.11963159599591, 49.25078706215715], "type": "Point"}, "properties": {"width": "16", "geo_point_2d": {"lon": -123.11963159599591, "lat": 49.25078706215715}}}, {"type": "Feature", "geometry": {"coordinates": [-123.12005752267554, 49.252938233174774], "type": "Point"}, "properties": {"width": "20", "geo_point_2d": {"lon": -123.12005752267554, "lat": 49.252938233174774}}}, {"type": "Feature", "geometry": {"coordinates": [-123.11675084419717, 49.24569122470445], "type": "Point"}, "properties": {"width": "20", "geo_point_2d": {"lon": -123.11675084419717, "lat": 49.24569122470445}}}, {"type": "Feature", "geometry": {"coordinates": [-123.118384860793, 49.245720523457265], "type": "Point"}, "properties": {"width": "20", "geo_point_2d": {"lon": -123.118384860793, "lat": 49.245720523457265}}}, {"type": "Feature", "geometry": {"coordinates": [-123.11534478022186, 49.25059723257624], "type": "Point"}, "properties": {"width": "80", "geo_point_2d": {"lon": -123.11534478022186, "lat": 49.25059723257624}}}, {"type": "Feature", "geometry": {"coordinates": [-123.11469624075859, 49.24914778454552], "type": "Point"}, "properties": {"width": "15", "geo_point_2d": {"lon": -123.11469624075859, "lat": 49.24914778454552}}}, {"type": "Feature", "geometry": {"coordinates": [-123.11211352884064, 49.2469632913121], "type": "Point"}, "properties": {"width": "66", "geo_point_2d": {"lon": -123.11211352884064, "lat": 49.2469632913121}}}, {"type": "Feature", "geometry": {"coordinates": [-123.11831229762927, 49.247535997742794], "type": "Point"}, "properties": {"width": "20", "geo_point_2d": {"lon": -123.11831229762927, "lat": 49.247535997742794}}}, {"type": "Feature", "geometry": {"coordinates": [-123.12052898913862, 49.24446165403798], "type": "Point"}, "properties": {"width": "66", "geo_point_2d": {"lon": -123.12052898913862, "lat": 49.24446165403798}}}, {"type": "Feature", "geometry": {"coordinates": [-123.10499878551153, 49.2523060806058], "type": "Point"}, "properties": {"width": "20", "geo_point_2d": {"lon": -123.10499878551153, "lat": 49.2523060806058}}}, {"type": "Feature", "geometry": {"coordinates": [-123.11000910731646, 49.2498995763068], "type": "Point"}, "properties": {"width": "66", "geo_point_2d": {"lon": -123.11000910731646, "lat": 49.2498995763068}}}, {"type": "Feature", "geometry": {"coordinates": [-123.10560216524775, 49.248861780230975], "type": "Point"}, "properties": {"width": "80", "geo_point_2d": {"lon": -123.10560216524775, "lat": 49.248861780230975}}}, {"type": "Feature", "geometry": {"coordinates": [-123.11021766627198, 49.248906169388626], "type": "Point"}, "properties": {"width": "106", "geo_point_2d": {"lon": -123.11021766627198, "lat": 49.248906169388626}}}, {"type": "Feature", "geometry": {"coordinates": [-123.1072570549083, 49.24942996852636], "type": "Point"}, "properties": {"width": "20", "geo_point_2d": {"lon": -123.1072570549083, "lat": 49.24942996852636}}}, {"type": "Feature", "geometry": {"coordinates": [-123.10713036318351, 49.24671706164236], "type": "Point"}, "properties": {"width": "20", "geo_point_2d": {"lon": -123.10713036318351, "lat": 49.24671706164236}}}, {"type": "Feature", "geometry": {"coordinates": [-123.12386499173482, 49.25120754450609], "type": "Point"}, "properties": {"width": "20", "geo_point_2d": {"lon": -123.12386499173482, "lat": 49.25120754450609}}}, {"type": "Feature", "geometry": {"coordinates": [-123.11032179313095, 49.246877726427954], "type": "Point"}, "properties": {"width": "12", "geo_point_2d": {"lon": -123.11032179313095, "lat": 49.246877726427954}}}, {"type": "Feature", "geometry": {"coordinates": [-123.10988191270049, 49.248384523026075], "type": "Point"}, "properties": {"width": "20", "geo_point_2d": {"lon": -123.10988191270049, "lat": 49.248384523026075}}}, {"type": "Feature", "geometry": {"coordinates": [-123.10831705653476, 49.24633519592694], "type": "Point"}, "properties": {"width": "66", "geo_point_2d": {"lon": -123.10831705653476, "lat": 49.24633519592694}}}, {"type": "Feature", "geometry": {"coordinates": [-123.11507568284989, 49.25674814582245], "type": "Point"}, "properties": {"width": "100", "geo_point_2d": {"lon": -123.11507568284989, "lat": 49.25674814582245}}}, {"type": "Feature", "geometry": {"coordinates": [-123.11579933297114, 49.25692430473923], "type": "Point"}, "properties": {"width": "77.92", "geo_point_2d": {"lon": -123.11579933297114, "lat": 49.25692430473923}}}, {"type": "Feature", "geometry": {"coordinates": [-123.11518302323422, 49.25539988953295], "type": "Point"}, "properties": {"width": "90", "geo_point_2d": {"lon": -123.11518302323422, "lat": 49.25539988953295}}}, {"type": "Feature", "geometry": {"coordinates": [-123.11517894156303, 49.25426581223188], "type": "Point"}, "properties": {"width": "90", "geo_point_2d": {"lon": -123.11517894156303, "lat": 49.25426581223188}}}, {"type": "Feature", "geometry": {"coordinates": [-123.1222526899328, 49.246680028772644], "type": "Point"}, "properties": {"width": "20", "geo_point_2d": {"lon": -123.1222526899328, "lat": 49.246680028772644}}}, {"type": "Feature", "geometry": {"coordinates": [-123.12250916802196, 49.248521719691084], "type": "Point"}, "properties": {"width": "20", "geo_point_2d": {"lon": -123.12250916802196, "lat": 49.248521719691084}}}, {"type": "Feature", "geometry": {"coordinates": [-123.12839031719575, 49.24770398177415], "type": "Point"}, "properties": {"width": "20", "geo_point_2d": {"lon": -123.12839031719575, "lat": 49.24770398177415}}}, {"type": "Feature", "geometry": {"coordinates": [-123.12830571909844, 49.24805408921557], "type": "Point"}, "properties": {"width": "20", "geo_point_2d": {"lon": -123.12830571909844, "lat": 49.24805408921557}}}, {"type": "Feature", "geometry": {"coordinates": [-123.12453434309074, 49.24718319587632], "type": "Point"}, "properties": {"width": "66", "geo_point_2d": {"lon": -123.12453434309074, "lat": 49.24718319587632}}}, {"type": "Feature", "geometry": {"coordinates": [-123.1160770358742, 49.24944729588873], "type": "Point"}, "properties": {"width": "20", "geo_point_2d": {"lon": -123.1160770358742, "lat": 49.24944729588873}}}, {"type": "Feature", "geometry": {"coordinates": [-123.11452923471057, 49.248974351296525], "type": "Point"}, "properties": {"width": "111.74", "geo_point_2d": {"lon": -123.11452923471057, "lat": 49.248974351296525}}}, {"type": "Feature", "geometry": {"coordinates": [-123.12393318823528, 49.25154749091158], "type": "Point"}, "properties": {"width": "20", "geo_point_2d": {"lon": -123.12393318823528, "lat": 49.25154749091158}}}, {"type": "Feature", "geometry": {"coordinates": [-123.12228807198264, 49.25000209190209], "type": "Point"}, "properties": {"width": "66", "geo_point_2d": {"lon": -123.12228807198264, "lat": 49.25000209190209}}}, {"type": "Feature", "geometry": {"coordinates": [-123.12467698366754, 49.25003907262706], "type": "Point"}, "properties": {"width": "66", "geo_point_2d": {"lon": -123.12467698366754, "lat": 49.25003907262706}}}, {"type": "Feature", "geometry": {"coordinates": [-123.12772103034425, 49.24999396469836], "type": "Point"}, "properties": {"width": "20", "geo_point_2d": {"lon": -123.12772103034425, "lat": 49.24999396469836}}}, {"type": "Feature", "geometry": {"coordinates": [-123.12452854139676, 49.24915411120986], "type": "Point"}, "properties": {"width": "117.15", "geo_point_2d": {"lon": -123.12452854139676, "lat": 49.24915411120986}}}, {"type": "Feature", "geometry": {"coordinates": [-123.10507892193576, 49.251870468000206], "type": "Point"}, "properties": {"width": "66", "geo_point_2d": {"lon": -123.10507892193576, "lat": 49.251870468000206}}}, {"type": "Feature", "geometry": {"coordinates": [-123.10708419573172, 49.25331103781456], "type": "Point"}, "properties": {"width": "20", "geo_point_2d": {"lon": -123.10708419573172, "lat": 49.25331103781456}}}, {"type": "Feature", "geometry": {"coordinates": [-123.1100592846466, 49.252401145743086], "type": "Point"}, "properties": {"width": "20", "geo_point_2d": {"lon": -123.1100592846466, "lat": 49.252401145743086}}}, {"type": "Feature", "geometry": {"coordinates": [-123.11009478080362, 49.24796516062973], "type": "Point"}, "properties": {"width": "66", "geo_point_2d": {"lon": -123.11009478080362, "lat": 49.24796516062973}}}, {"type": "Feature", "geometry": {"coordinates": [-123.10759785372471, 49.24944368419043], "type": "Point"}, "properties": {"width": "20", "geo_point_2d": {"lon": -123.10759785372471, "lat": 49.24944368419043}}}, {"type": "Feature", "geometry": {"coordinates": [-123.10673265604116, 49.24649173936255], "type": "Point"}, "properties": {"width": "20", "geo_point_2d": {"lon": -123.10673265604116, "lat": 49.24649173936255}}}, {"type": "Feature", "geometry": {"coordinates": [-123.1102064291897, 49.24554903367443], "type": "Point"}, "properties": {"width": "50", "geo_point_2d": {"lon": -123.1102064291897, "lat": 49.24554903367443}}}, {"type": "Feature", "geometry": {"coordinates": [-123.11005134311338, 49.24906345660249], "type": "Point"}, "properties": {"width": "66", "geo_point_2d": {"lon": -123.11005134311338, "lat": 49.24906345660249}}}, {"type": "Feature", "geometry": {"coordinates": [-123.10984865079554, 49.2494823683965], "type": "Point"}, "properties": {"width": "20", "geo_point_2d": {"lon": -123.10984865079554, "lat": 49.2494823683965}}}, {"type": "Feature", "geometry": {"coordinates": [-123.11448655606763, 49.2543459192146], "type": "Point"}, "properties": {"width": "20", "geo_point_2d": {"lon": -123.11448655606763, "lat": 49.2543459192146}}}, {"type": "Feature", "geometry": {"coordinates": [-123.1199918777852, 49.25474636795556], "type": "Point"}, "properties": {"width": "20", "geo_point_2d": {"lon": -123.1199918777852, "lat": 49.25474636795556}}}, {"type": "Feature", "geometry": {"coordinates": [-123.12191215140115, 49.25523134088138], "type": "Point"}, "properties": {"width": "66", "geo_point_2d": {"lon": -123.12191215140115, "lat": 49.25523134088138}}}, {"type": "Feature", "geometry": {"coordinates": [-123.1161856346074, 49.256025294676434], "type": "Point"}, "properties": {"width": "66", "geo_point_2d": {"lon": -123.1161856346074, "lat": 49.256025294676434}}}, {"type": "Feature", "geometry": {"coordinates": [-123.11544534896844, 49.25405557988561], "type": "Point"}, "properties": {"width": "66", "geo_point_2d": {"lon": -123.11544534896844, "lat": 49.25405557988561}}}, {"type": "Feature", "geometry": {"coordinates": [-123.11454408880013, 49.25280543940972], "type": "Point"}, "properties": {"width": "15", "geo_point_2d": {"lon": -123.11454408880013, "lat": 49.25280543940972}}}, {"type": "Feature", "geometry": {"coordinates": [-123.11456731072332, 49.25216352621265], "type": "Point"}, "properties": {"width": "15", "geo_point_2d": {"lon": -123.11456731072332, "lat": 49.25216352621265}}}, {"type": "Feature", "geometry": {"coordinates": [-123.11465973522422, 49.24998580725653], "type": "Point"}, "properties": {"width": "15", "geo_point_2d": {"lon": -123.11465973522422, "lat": 49.24998580725653}}}, {"type": "Feature", "geometry": {"coordinates": [-123.11617770418287, 49.24953684114893], "type": "Point"}, "properties": {"width": "20", "geo_point_2d": {"lon": -123.11617770418287, "lat": 49.24953684114893}}}, {"type": "Feature", "geometry": {"coordinates": [-123.1209901995239, 49.250577830638875], "type": "Point"}, "properties": {"width": "16", "geo_point_2d": {"lon": -123.1209901995239, "lat": 49.250577830638875}}}, {"type": "Feature", "geometry": {"coordinates": [-123.1203450521336, 49.249969995311794], "type": "Point"}, "properties": {"width": "66", "geo_point_2d": {"lon": -123.1203450521336, "lat": 49.249969995311794}}}, {"type": "Feature", "geometry": {"coordinates": [-123.11688424325095, 49.2510756346621], "type": "Point"}, "properties": {"width": "20", "geo_point_2d": {"lon": -123.11688424325095, "lat": 49.2510756346621}}}, {"type": "Feature", "geometry": {"coordinates": [-123.1200253857169, 49.253841395909134], "type": "Point"}, "properties": {"width": "20", "geo_point_2d": {"lon": -123.1200253857169, "lat": 49.253841395909134}}}, {"type": "Feature", "geometry": {"coordinates": [-123.11446449397106, 49.245332884646196], "type": "Point"}, "properties": {"width": "20", "geo_point_2d": {"lon": -123.11446449397106, "lat": 49.245332884646196}}}, {"type": "Feature", "geometry": {"coordinates": [-123.12032568383435, 49.24526827987075], "type": "Point"}, "properties": {"width": "100", "geo_point_2d": {"lon": -123.12032568383435, "lat": 49.24526827987075}}}, {"type": "Feature", "geometry": {"coordinates": [-123.11523806950822, 49.25281778336956], "type": "Point"}, "properties": {"width": "80", "geo_point_2d": {"lon": -123.11523806950822, "lat": 49.25281778336956}}}, {"type": "Feature", "geometry": {"coordinates": [-123.11531905722364, 49.25104566129483], "type": "Point"}, "properties": {"width": "80", "geo_point_2d": {"lon": -123.11531905722364, "lat": 49.25104566129483}}}, {"type": "Feature", "geometry": {"coordinates": [-123.126713166477, 49.250278343222135], "type": "Point"}, "properties": {"width": "20", "geo_point_2d": {"lon": -123.126713166477, "lat": 49.250278343222135}}}, {"type": "Feature", "geometry": {"coordinates": [-123.12758980375679, 49.248041794012316], "type": "Point"}, "properties": {"width": "84.92", "geo_point_2d": {"lon": -123.12758980375679, "lat": 49.248041794012316}}}, {"type": "Feature", "geometry": {"coordinates": [-123.10506256997104, 49.25097052860072], "type": "Point"}, "properties": {"width": "66", "geo_point_2d": {"lon": -123.10506256997104, "lat": 49.25097052860072}}}, {"type": "Feature", "geometry": {"coordinates": [-123.10740773447203, 49.24984764788097], "type": "Point"}, "properties": {"width": "66", "geo_point_2d": {"lon": -123.10740773447203, "lat": 49.24984764788097}}}, {"type": "Feature", "geometry": {"coordinates": [-123.11007823363556, 49.251968286505836], "type": "Point"}, "properties": {"width": "66", "geo_point_2d": {"lon": -123.11007823363556, "lat": 49.251968286505836}}}, {"type": "Feature", "geometry": {"coordinates": [-123.11016714078265, 49.24721338716517], "type": "Point"}, "properties": {"width": "20", "geo_point_2d": {"lon": -123.11016714078265, "lat": 49.24721338716517}}}, {"type": "Feature", "geometry": {"coordinates": [-123.10513268470707, 49.24939515771104], "type": "Point"}, "properties": {"width": "20", "geo_point_2d": {"lon": -123.10513268470707, "lat": 49.24939515771104}}}, {"type": "Feature", "geometry": {"coordinates": [-123.10516387897897, 49.24887900109525], "type": "Point"}, "properties": {"width": "106", "geo_point_2d": {"lon": -123.10516387897897, "lat": 49.24887900109525}}}, {"type": "Feature", "geometry": {"coordinates": [-123.10855427473892, 49.247676459217814], "type": "Point"}, "properties": {"width": "20", "geo_point_2d": {"lon": -123.10855427473892, "lat": 49.247676459217814}}}, {"type": "Feature", "geometry": {"coordinates": [-123.10497544334474, 49.24904846267381], "type": "Point"}, "properties": {"width": "66", "geo_point_2d": {"lon": -123.10497544334474, "lat": 49.24904846267381}}}, {"type": "Feature", "geometry": {"coordinates": [-123.10529454954536, 49.246060946002416], "type": "Point"}, "properties": {"width": "60", "geo_point_2d": {"lon": -123.10529454954536, "lat": 49.246060946002416}}}, {"type": "Feature", "geometry": {"coordinates": [-123.11242871925957, 49.25436145986776], "type": "Point"}, "properties": {"width": "20", "geo_point_2d": {"lon": -123.11242871925957, "lat": 49.25436145986776}}}, {"type": "Feature", "geometry": {"coordinates": [-123.11258700875761, 49.254703564868834], "type": "Point"}, "properties": {"width": "66", "geo_point_2d": {"lon": -123.11258700875761, "lat": 49.254703564868834}}}, {"type": "Feature", "geometry": {"coordinates": [-123.11240710162241, 49.25481474106104], "type": "Point"}, "properties": {"width": "66", "geo_point_2d": {"lon": -123.11240710162241, "lat": 49.25481474106104}}}, {"type": "Feature", "geometry": {"coordinates": [-123.11439749611422, 49.256255737473765], "type": "Point"}, "properties": {"width": "15", "geo_point_2d": {"lon": -123.11439749611422, "lat": 49.256255737473765}}}, {"type": "Feature", "geometry": {"coordinates": [-123.11445737254846, 49.25508489647854], "type": "Point"}, "properties": {"width": "20", "geo_point_2d": {"lon": -123.11445737254846, "lat": 49.25508489647854}}}, {"type": "Feature", "geometry": {"coordinates": [-123.11441904143949, 49.25573123194791], "type": "Point"}, "properties": {"width": "15", "geo_point_2d": {"lon": -123.11441904143949, "lat": 49.25573123194791}}}, {"type": "Feature", "geometry": {"coordinates": [-123.1144862159358, 49.25419884768909], "type": "Point"}, "properties": {"width": "15", "geo_point_2d": {"lon": -123.1144862159358, "lat": 49.25419884768909}}}, {"type": "Feature", "geometry": {"coordinates": [-123.11447168716509, 49.25445288712237], "type": "Point"}, "properties": {"width": "15", "geo_point_2d": {"lon": -123.11447168716509, "lat": 49.25445288712237}}}, {"type": "Feature", "geometry": {"coordinates": [-123.1219552339964, 49.254322319384386], "type": "Point"}, "properties": {"width": "66", "geo_point_2d": {"lon": -123.1219552339964, "lat": 49.254322319384386}}}, {"type": "Feature", "geometry": {"coordinates": [-123.11835733174011, 49.255620716234816], "type": "Point"}, "properties": {"width": "20", "geo_point_2d": {"lon": -123.11835733174011, "lat": 49.255620716234816}}}, {"type": "Feature", "geometry": {"coordinates": [-123.11448835878583, 49.25248122583679], "type": "Point"}, "properties": {"width": "20", "geo_point_2d": {"lon": -123.11448835878583, "lat": 49.25248122583679}}}, {"type": "Feature", "geometry": {"coordinates": [-123.11289633577272, 49.25156630505182], "type": "Point"}, "properties": {"width": "20", "geo_point_2d": {"lon": -123.11289633577272, "lat": 49.25156630505182}}}, {"type": "Feature", "geometry": {"coordinates": [-123.11452543847703, 49.251598316802465], "type": "Point"}, "properties": {"width": "20", "geo_point_2d": {"lon": -123.11452543847703, "lat": 49.251598316802465}}}, {"type": "Feature", "geometry": {"coordinates": [-123.11536113849836, 49.24995720582507], "type": "Point"}, "properties": {"width": "80", "geo_point_2d": {"lon": -123.11536113849836, "lat": 49.24995720582507}}}, {"type": "Feature", "geometry": {"coordinates": [-123.11457619564175, 49.249572208595126], "type": "Point"}, "properties": {"width": "20", "geo_point_2d": {"lon": -123.11457619564175, "lat": 49.249572208595126}}}, {"type": "Feature", "geometry": {"coordinates": [-123.1194360773163, 49.25640433097669], "type": "Point"}, "properties": {"width": "20", "geo_point_2d": {"lon": -123.1194360773163, "lat": 49.25640433097669}}}, {"type": "Feature", "geometry": {"coordinates": [-123.11588354009473, 49.25323998519043], "type": "Point"}, "properties": {"width": "80", "geo_point_2d": {"lon": -123.11588354009473, "lat": 49.25323998519043}}}, {"type": "Feature", "geometry": {"coordinates": [-123.11638700423568, 49.25000509297286], "type": "Point"}, "properties": {"width": "66", "geo_point_2d": {"lon": -123.11638700423568, "lat": 49.25000509297286}}}, {"type": "Feature", "geometry": {"coordinates": [-123.12052267191119, 49.249611080453704], "type": "Point"}, "properties": {"width": "20", "geo_point_2d": {"lon": -123.12052267191119, "lat": 49.249611080453704}}}, {"type": "Feature", "geometry": {"coordinates": [-123.12100063172755, 49.25024724511017], "type": "Point"}, "properties": {"width": "16", "geo_point_2d": {"lon": -123.12100063172755, "lat": 49.25024724511017}}}, {"type": "Feature", "geometry": {"coordinates": [-123.12037513856383, 49.25385011720642], "type": "Point"}, "properties": {"width": "20", "geo_point_2d": {"lon": -123.12037513856383, "lat": 49.25385011720642}}}, {"type": "Feature", "geometry": {"coordinates": [-123.11278005719912, 49.249955760370234], "type": "Point"}, "properties": {"width": "66", "geo_point_2d": {"lon": -123.11278005719912, "lat": 49.249955760370234}}}, {"type": "Feature", "geometry": {"coordinates": [-123.12241799362238, 49.251175471636685], "type": "Point"}, "properties": {"width": "20", "geo_point_2d": {"lon": -123.12241799362238, "lat": 49.251175471636685}}}, {"type": "Feature", "geometry": {"coordinates": [-123.1247959927742, 49.2512273035944], "type": "Point"}, "properties": {"width": "20", "geo_point_2d": {"lon": -123.1247959927742, "lat": 49.2512273035944}}}, {"type": "Feature", "geometry": {"coordinates": [-123.11249200325022, 49.25289879318297], "type": "Point"}, "properties": {"width": "80", "geo_point_2d": {"lon": -123.11249200325022, "lat": 49.25289879318297}}}, {"type": "Feature", "geometry": {"coordinates": [-123.11503379460292, 49.25348362442752], "type": "Point"}, "properties": {"width": "10", "geo_point_2d": {"lon": -123.11503379460292, "lat": 49.25348362442752}}}, {"type": "Feature", "geometry": {"coordinates": [-123.12007839614255, 49.252490618148435], "type": "Point"}, "properties": {"width": "66", "geo_point_2d": {"lon": -123.12007839614255, "lat": 49.252490618148435}}}, {"type": "Feature", "geometry": {"coordinates": [-123.11604011388273, 49.253427738235125], "type": "Point"}, "properties": {"width": "33", "geo_point_2d": {"lon": -123.11604011388273, "lat": 49.253427738235125}}}, {"type": "Feature", "geometry": {"coordinates": [-123.12020606497477, 49.25350208819027], "type": "Point"}, "properties": {"width": "66", "geo_point_2d": {"lon": -123.12020606497477, "lat": 49.25350208819027}}}, {"type": "Feature", "geometry": {"coordinates": [-123.12198458724775, 49.253424556252156], "type": "Point"}, "properties": {"width": "66", "geo_point_2d": {"lon": -123.12198458724775, "lat": 49.253424556252156}}}, {"type": "Feature", "geometry": {"coordinates": [-123.11961655443758, 49.25137489777219], "type": "Point"}, "properties": {"width": "16", "geo_point_2d": {"lon": -123.11961655443758, "lat": 49.25137489777219}}}, {"type": "Feature", "geometry": {"coordinates": [-123.11962100872614, 49.25145540043007], "type": "Point"}, "properties": {"width": "20", "geo_point_2d": {"lon": -123.11962100872614, "lat": 49.25145540043007}}}, {"type": "Feature", "geometry": {"coordinates": [-123.11849900741217, 49.25200043497855], "type": "Point"}, "properties": {"width": "20", "geo_point_2d": {"lon": -123.11849900741217, "lat": 49.25200043497855}}}, {"type": "Feature", "geometry": {"coordinates": [-123.11960318991642, 49.25169009531387], "type": "Point"}, "properties": {"width": "10", "geo_point_2d": {"lon": -123.11960318991642, "lat": 49.25169009531387}}}, {"type": "Feature", "geometry": {"coordinates": [-123.12064547767436, 49.246195696864426], "type": "Point"}, "properties": {"width": "66", "geo_point_2d": {"lon": -123.12064547767436, "lat": 49.246195696864426}}}, {"type": "Feature", "geometry": {"coordinates": [-123.12063012389879, 49.24665554023925], "type": "Point"}, "properties": {"width": "20", "geo_point_2d": {"lon": -123.12063012389879, "lat": 49.24665554023925}}}, {"type": "Feature", "geometry": {"coordinates": [-123.11664462789263, 49.24536667598275], "type": "Point"}, "properties": {"width": "20", "geo_point_2d": {"lon": -123.11664462789263, "lat": 49.24536667598275}}}, {"type": "Feature", "geometry": {"coordinates": [-123.11873384341166, 49.24572430313068], "type": "Point"}, "properties": {"width": "20", "geo_point_2d": {"lon": -123.11873384341166, "lat": 49.24572430313068}}}, {"type": "Feature", "geometry": {"coordinates": [-123.11556684876128, 49.245357828398774], "type": "Point"}, "properties": {"width": "200", "geo_point_2d": {"lon": -123.11556684876128, "lat": 49.245357828398774}}}, {"type": "Feature", "geometry": {"coordinates": [-123.11666673000762, 49.24658927687933], "type": "Point"}, "properties": {"width": "20", "geo_point_2d": {"lon": -123.11666673000762, "lat": 49.24658927687933}}}, {"type": "Feature", "geometry": {"coordinates": [-123.1123506400918, 49.24531615963526], "type": "Point"}, "properties": {"width": "66", "geo_point_2d": {"lon": -123.1123506400918, "lat": 49.24531615963526}}}, {"type": "Feature", "geometry": {"coordinates": [-123.12057992116665, 49.24803346430651], "type": "Point"}, "properties": {"width": "66", "geo_point_2d": {"lon": -123.12057992116665, "lat": 49.24803346430651}}}, {"type": "Feature", "geometry": {"coordinates": [-123.11871838923355, 49.242177991683825], "type": "Point"}, "properties": {"width": "66", "geo_point_2d": {"lon": -123.11871838923355, "lat": 49.242177991683825}}}, {"type": "Feature", "geometry": {"coordinates": [-123.1193800189063, 49.24166611036719], "type": "Point"}, "properties": {"width": "20", "geo_point_2d": {"lon": -123.1193800189063, "lat": 49.24166611036719}}}, {"type": "Feature", "geometry": {"coordinates": [-123.11923206048696, 49.242627125722464], "type": "Point"}, "properties": {"width": "20", "geo_point_2d": {"lon": -123.11923206048696, "lat": 49.242627125722464}}}, {"type": "Feature", "geometry": {"coordinates": [-123.11924858593349, 49.24207840803193], "type": "Point"}, "properties": {"width": "20", "geo_point_2d": {"lon": -123.11924858593349, "lat": 49.24207840803193}}}, {"type": "Feature", "geometry": {"coordinates": [-123.11928295558397, 49.24124946110083], "type": "Point"}, "properties": {"width": "20", "geo_point_2d": {"lon": -123.11928295558397, "lat": 49.24124946110083}}}, {"type": "Feature", "geometry": {"coordinates": [-123.11593544639892, 49.24703313619538], "type": "Point"}, "properties": {"width": "66", "geo_point_2d": {"lon": -123.11593544639892, "lat": 49.24703313619538}}}, {"type": "Feature", "geometry": {"coordinates": [-123.1221606556734, 49.24910649981553], "type": "Point"}, "properties": {"width": "106", "geo_point_2d": {"lon": -123.1221606556734, "lat": 49.24910649981553}}}, {"type": "Feature", "geometry": {"coordinates": [-123.11507932468197, 49.246095384554636], "type": "Point"}, "properties": {"width": "50", "geo_point_2d": {"lon": -123.11507932468197, "lat": 49.246095384554636}}}, {"type": "Feature", "geometry": {"coordinates": [-123.11219611497317, 49.24876811320856], "type": "Point"}, "properties": {"width": "66", "geo_point_2d": {"lon": -123.11219611497317, "lat": 49.24876811320856}}}, {"type": "Feature", "geometry": {"coordinates": [-123.12472298116465, 49.25303633113778], "type": "Point"}, "properties": {"width": "20", "geo_point_2d": {"lon": -123.12472298116465, "lat": 49.25303633113778}}}, {"type": "Feature", "geometry": {"coordinates": [-123.12433363074835, 49.25393079497379], "type": "Point"}, "properties": {"width": "20", "geo_point_2d": {"lon": -123.12433363074835, "lat": 49.25393079497379}}}, {"type": "Feature", "geometry": {"coordinates": [-123.12243952180629, 49.25072369955203], "type": "Point"}, "properties": {"width": "66", "geo_point_2d": {"lon": -123.12243952180629, "lat": 49.25072369955203}}}, {"type": "Feature", "geometry": {"coordinates": [-123.12760077525068, 49.24761252943967], "type": "Point"}, "properties": {"width": "80", "geo_point_2d": {"lon": -123.12760077525068, "lat": 49.24761252943967}}}, {"type": "Feature", "geometry": {"coordinates": [-123.12470920656139, 49.24946650054945], "type": "Point"}, "properties": {"width": "66", "geo_point_2d": {"lon": -123.12470920656139, "lat": 49.24946650054945}}}, {"type": "Feature", "geometry": {"coordinates": [-123.12043033574372, 49.242227915413345], "type": "Point"}, "properties": {"width": "66", "geo_point_2d": {"lon": -123.12043033574372, "lat": 49.242227915413345}}}, {"type": "Feature", "geometry": {"coordinates": [-123.12039445087078, 49.243284965389066], "type": "Point"}, "properties": {"width": "100", "geo_point_2d": {"lon": -123.12039445087078, "lat": 49.243284965389066}}}, {"type": "Feature", "geometry": {"coordinates": [-123.11876384155487, 49.244758004122644], "type": "Point"}, "properties": {"width": "20", "geo_point_2d": {"lon": -123.11876384155487, "lat": 49.244758004122644}}}, {"type": "Feature", "geometry": {"coordinates": [-123.1203627854435, 49.24478415361871], "type": "Point"}, "properties": {"width": "20", "geo_point_2d": {"lon": -123.1203627854435, "lat": 49.24478415361871}}}, {"type": "Feature", "geometry": {"coordinates": [-123.11773733741266, 49.244183035847655], "type": "Point"}, "properties": {"width": "20", "geo_point_2d": {"lon": -123.11773733741266, "lat": 49.244183035847655}}}, {"type": "Feature", "geometry": {"coordinates": [-123.1188507738386, 49.243230829278836], "type": "Point"}, "properties": {"width": "100", "geo_point_2d": {"lon": -123.1188507738386, "lat": 49.243230829278836}}}, {"type": "Feature", "geometry": {"coordinates": [-123.10737693895614, 49.254268820156234], "type": "Point"}, "properties": {"width": "20", "geo_point_2d": {"lon": -123.10737693895614, "lat": 49.254268820156234}}}, {"type": "Feature", "geometry": {"coordinates": [-123.10664211197962, 49.25380339539455], "type": "Point"}, "properties": {"width": "66", "geo_point_2d": {"lon": -123.10664211197962, "lat": 49.25380339539455}}}, {"type": "Feature", "geometry": {"coordinates": [-123.11236333681319, 49.25580334923111], "type": "Point"}, "properties": {"width": "66", "geo_point_2d": {"lon": -123.11236333681319, "lat": 49.25580334923111}}}, {"type": "Feature", "geometry": {"coordinates": [-123.11234524382391, 49.256296376738035], "type": "Point"}, "properties": {"width": "20", "geo_point_2d": {"lon": -123.11234524382391, "lat": 49.256296376738035}}}, {"type": "Feature", "geometry": {"coordinates": [-123.1144107608666, 49.25595387180582], "type": "Point"}, "properties": {"width": "15", "geo_point_2d": {"lon": -123.1144107608666, "lat": 49.25595387180582}}}, {"type": "Feature", "geometry": {"coordinates": [-123.11601695666067, 49.254089351061516], "type": "Point"}, "properties": {"width": "33", "geo_point_2d": {"lon": -123.11601695666067, "lat": 49.254089351061516}}}, {"type": "Feature", "geometry": {"coordinates": [-123.11542840906509, 49.25497076156168], "type": "Point"}, "properties": {"width": "66", "geo_point_2d": {"lon": -123.11542840906509, "lat": 49.25497076156168}}}, {"type": "Feature", "geometry": {"coordinates": [-123.11298026991948, 49.24954412302669], "type": "Point"}, "properties": {"width": "20", "geo_point_2d": {"lon": -123.11298026991948, "lat": 49.24954412302669}}}, {"type": "Feature", "geometry": {"coordinates": [-123.11615755021924, 49.25692943223426], "type": "Point"}, "properties": {"width": "73", "geo_point_2d": {"lon": -123.11615755021924, "lat": 49.25692943223426}}}, {"type": "Feature", "geometry": {"coordinates": [-123.11584435225875, 49.25236066045377], "type": "Point"}, "properties": {"width": "66", "geo_point_2d": {"lon": -123.11584435225875, "lat": 49.25236066045377}}}, {"type": "Feature", "geometry": {"coordinates": [-123.11822994681393, 49.24956475829624], "type": "Point"}, "properties": {"width": "20", "geo_point_2d": {"lon": -123.11822994681393, "lat": 49.24956475829624}}}, {"type": "Feature", "geometry": {"coordinates": [-123.12205771947242, 49.25162364415486], "type": "Point"}, "properties": {"width": "66", "geo_point_2d": {"lon": -123.12205771947242, "lat": 49.25162364415486}}}, {"type": "Feature", "geometry": {"coordinates": [-123.1163719772742, 49.25061543427814], "type": "Point"}, "properties": {"width": "66", "geo_point_2d": {"lon": -123.1163719772742, "lat": 49.25061543427814}}}, {"type": "Feature", "geometry": {"coordinates": [-123.11614963283604, 49.25330925105753], "type": "Point"}, "properties": {"width": "66", "geo_point_2d": {"lon": -123.11614963283604, "lat": 49.25330925105753}}}, {"type": "Feature", "geometry": {"coordinates": [-123.118521558826, 49.251100007774035], "type": "Point"}, "properties": {"width": "20", "geo_point_2d": {"lon": -123.118521558826, "lat": 49.251100007774035}}}, {"type": "Feature", "geometry": {"coordinates": [-123.12061062724706, 49.24710693238182], "type": "Point"}, "properties": {"width": "66", "geo_point_2d": {"lon": -123.12061062724706, "lat": 49.24710693238182}}}, {"type": "Feature", "geometry": {"coordinates": [-123.1192415570676, 49.24229744938297], "type": "Point"}, "properties": {"width": "20", "geo_point_2d": {"lon": -123.1192415570676, "lat": 49.24229744938297}}}, {"type": "Feature", "geometry": {"coordinates": [-123.11943490382296, 49.25620275834946], "type": "Point"}, "properties": {"width": "14", "geo_point_2d": {"lon": -123.11943490382296, "lat": 49.25620275834946}}}, {"type": "Feature", "geometry": {"coordinates": [-123.11518327916195, 49.25416921722372], "type": "Point"}, "properties": {"width": "80", "geo_point_2d": {"lon": -123.11518327916195, "lat": 49.25416921722372}}}, {"type": "Feature", "geometry": {"coordinates": [-123.11293048674166, 49.25059209770806], "type": "Point"}, "properties": {"width": "20", "geo_point_2d": {"lon": -123.11293048674166, "lat": 49.25059209770806}}}, {"type": "Feature", "geometry": {"coordinates": [-123.11514025501342, 49.255097692789064], "type": "Point"}, "properties": {"width": "90", "geo_point_2d": {"lon": -123.11514025501342, "lat": 49.255097692789064}}}, {"type": "Feature", "geometry": {"coordinates": [-123.1144370487585, 49.2461739482497], "type": "Point"}, "properties": {"width": "20", "geo_point_2d": {"lon": -123.1144370487585, "lat": 49.2461739482497}}}, {"type": "Feature", "geometry": {"coordinates": [-123.11247471610534, 49.248936907650275], "type": "Point"}, "properties": {"width": "108.46", "geo_point_2d": {"lon": -123.11247471610534, "lat": 49.248936907650275}}}, {"type": "Feature", "geometry": {"coordinates": [-123.11250824591598, 49.24562435390644], "type": "Point"}, "properties": {"width": "20", "geo_point_2d": {"lon": -123.11250824591598, "lat": 49.24562435390644}}}, {"type": "Feature", "geometry": {"coordinates": [-123.11608039499893, 49.24961412701566], "type": "Point"}, "properties": {"width": "15", "geo_point_2d": {"lon": -123.11608039499893, "lat": 49.24961412701566}}}, {"type": "Feature", "geometry": {"coordinates": [-123.11707174522141, 49.24467326000159], "type": "Point"}, "properties": {"width": "20", "geo_point_2d": {"lon": -123.11707174522141, "lat": 49.24467326000159}}}, {"type": "Feature", "geometry": {"coordinates": [-123.11440793226386, 49.24689268721306], "type": "Point"}, "properties": {"width": "20", "geo_point_2d": {"lon": -123.11440793226386, "lat": 49.24689268721306}}}, {"type": "Feature", "geometry": {"coordinates": [-123.10705712039233, 49.253804801632484], "type": "Point"}, "properties": {"width": "66", "geo_point_2d": {"lon": -123.10705712039233, "lat": 49.253804801632484}}}, {"type": "Feature", "geometry": {"coordinates": [-123.1097631931726, 49.25150723016124], "type": "Point"}, "properties": {"width": "20", "geo_point_2d": {"lon": -123.1097631931726, "lat": 49.25150723016124}}}, {"type": "Feature", "geometry": {"coordinates": [-123.10479158615072, 49.24956394822397], "type": "Point"}, "properties": {"width": "33", "geo_point_2d": {"lon": -123.10479158615072, "lat": 49.24956394822397}}}, {"type": "Feature", "geometry": {"coordinates": [-123.10511183434664, 49.24991671099311], "type": "Point"}, "properties": {"width": "66", "geo_point_2d": {"lon": -123.10511183434664, "lat": 49.24991671099311}}}, {"type": "Feature", "geometry": {"coordinates": [-123.10754450185189, 49.250488952301865], "type": "Point"}, "properties": {"width": "20", "geo_point_2d": {"lon": -123.10754450185189, "lat": 49.250488952301865}}}, {"type": "Feature", "geometry": {"coordinates": [-123.10482031054192, 49.24885296629545], "type": "Point"}, "properties": {"width": "73", "geo_point_2d": {"lon": -123.10482031054192, "lat": 49.24885296629545}}}, {"type": "Feature", "geometry": {"coordinates": [-123.10743989891549, 49.24902951995952], "type": "Point"}, "properties": {"width": "66", "geo_point_2d": {"lon": -123.10743989891549, "lat": 49.24902951995952}}}, {"type": "Feature", "geometry": {"coordinates": [-123.10964315615958, 49.24581404749613], "type": "Point"}, "properties": {"width": "20", "geo_point_2d": {"lon": -123.10964315615958, "lat": 49.24581404749613}}}, {"type": "Feature", "geometry": {"coordinates": [-123.12451378617428, 49.249674051351356], "type": "Point"}, "properties": {"width": "20", "geo_point_2d": {"lon": -123.12451378617428, "lat": 49.249674051351356}}}, {"type": "Feature", "geometry": {"coordinates": [-123.10405201975796, 49.248433061869264], "type": "Point"}, "properties": {"width": "10", "geo_point_2d": {"lon": -123.10405201975796, "lat": 49.248433061869264}}}, {"type": "Feature", "geometry": {"coordinates": [-123.11018875181293, 49.24949076090158], "type": "Point"}, "properties": {"width": "20", "geo_point_2d": {"lon": -123.11018875181293, "lat": 49.24949076090158}}}, {"type": "Feature", "geometry": {"coordinates": [-123.10497544334474, 49.24904846267381], "type": "Point"}, "properties": {"width": "66", "geo_point_2d": {"lon": -123.10497544334474, "lat": 49.24904846267381}}}, {"type": "Feature", "geometry": {"coordinates": [-123.11107953571661, 49.24498355760873], "type": "Point"}, "properties": {"width": "66", "geo_point_2d": {"lon": -123.11107953571661, "lat": 49.24498355760873}}}, {"type": "Feature", "geometry": {"coordinates": [-123.12475777000496, 49.2521291162322], "type": "Point"}, "properties": {"width": "20", "geo_point_2d": {"lon": -123.12475777000496, "lat": 49.2521291162322}}}, {"type": "Feature", "geometry": {"coordinates": [-123.12723260045995, 49.25081289843004], "type": "Point"}, "properties": {"width": "66", "geo_point_2d": {"lon": -123.12723260045995, "lat": 49.25081289843004}}}, {"type": "Feature", "geometry": {"coordinates": [-123.12242142975109, 49.24634094567466], "type": "Point"}, "properties": {"width": "66", "geo_point_2d": {"lon": -123.12242142975109, "lat": 49.24634094567466}}}, {"type": "Feature", "geometry": {"coordinates": [-123.12755021293914, 49.24856257164708], "type": "Point"}, "properties": {"width": "91.48", "geo_point_2d": {"lon": -123.12755021293914, "lat": 49.24856257164708}}}, {"type": "Feature", "geometry": {"coordinates": [-123.12835360393372, 49.249448062841346], "type": "Point"}, "properties": {"width": "20", "geo_point_2d": {"lon": -123.12835360393372, "lat": 49.249448062841346}}}, {"type": "Feature", "geometry": {"coordinates": [-123.11680870614785, 49.244999909390316], "type": "Point"}, "properties": {"width": "20", "geo_point_2d": {"lon": -123.11680870614785, "lat": 49.244999909390316}}}, {"type": "Feature", "geometry": {"coordinates": [-123.11510360302505, 49.25621999979442], "type": "Point"}, "properties": {"width": "98", "geo_point_2d": {"lon": -123.11510360302505, "lat": 49.25621999979442}}}, {"type": "Feature", "geometry": {"coordinates": [-123.11510176995056, 49.25627090555867], "type": "Point"}, "properties": {"width": "100", "geo_point_2d": {"lon": -123.11510176995056, "lat": 49.25627090555867}}}, {"type": "Feature", "geometry": {"coordinates": [-123.12753144267691, 49.24901036593107], "type": "Point"}, "properties": {"width": "91.48", "geo_point_2d": {"lon": -123.12753144267691, "lat": 49.24901036593107}}}, {"type": "Feature", "geometry": {"coordinates": [-123.1275379485606, 49.249514352458704], "type": "Point"}, "properties": {"width": "101.48", "geo_point_2d": {"lon": -123.1275379485606, "lat": 49.249514352458704}}}, {"type": "Feature", "geometry": {"coordinates": [-123.12255507460551, 49.2471504559177], "type": "Point"}, "properties": {"width": "66", "geo_point_2d": {"lon": -123.12255507460551, "lat": 49.2471504559177}}}, {"type": "Feature", "geometry": {"coordinates": [-123.12263222356218, 49.25435064836037], "type": "Point"}, "properties": {"width": "73", "geo_point_2d": {"lon": -123.12263222356218, "lat": 49.25435064836037}}}, {"type": "Feature", "geometry": {"coordinates": [-123.11196294595291, 49.248923255250105], "type": "Point"}, "properties": {"width": "106", "geo_point_2d": {"lon": -123.11196294595291, "lat": 49.248923255250105}}}, {"type": "Feature", "geometry": {"coordinates": [-123.11303032691697, 49.248948050207524], "type": "Point"}, "properties": {"width": "106", "geo_point_2d": {"lon": -123.11303032691697, "lat": 49.248948050207524}}}, {"type": "Feature", "geometry": {"coordinates": [-123.11486727790553, 49.24897938584374], "type": "Point"}, "properties": {"width": "109.28", "geo_point_2d": {"lon": -123.11486727790553, "lat": 49.24897938584374}}}, {"type": "Feature", "geometry": {"coordinates": [-123.1076365865146, 49.24889277131445], "type": "Point"}, "properties": {"width": "80", "geo_point_2d": {"lon": -123.1076365865146, "lat": 49.24889277131445}}}, {"type": "Feature", "geometry": {"coordinates": [-123.107204085117, 49.24888445707363], "type": "Point"}, "properties": {"width": "89.87", "geo_point_2d": {"lon": -123.107204085117, "lat": 49.24888445707363}}}, {"type": "Feature", "geometry": {"coordinates": [-123.12397470561584, 49.250638559699446], "type": "Point"}, "properties": {"width": "16", "geo_point_2d": {"lon": -123.12397470561584, "lat": 49.250638559699446}}}, {"type": "Feature", "geometry": {"coordinates": [-123.11246833719622, 49.24649762306715], "type": "Point"}, "properties": {"width": "20", "geo_point_2d": {"lon": -123.11246833719622, "lat": 49.24649762306715}}}, {"type": "Feature", "geometry": {"coordinates": [-123.11868861742144, 49.24662061670964], "type": "Point"}, "properties": {"width": "20", "geo_point_2d": {"lon": -123.11868861742144, "lat": 49.24662061670964}}}, {"type": "Feature", "geometry": {"coordinates": [-123.11921119106445, 49.243083646645005], "type": "Point"}, "properties": {"width": "20", "geo_point_2d": {"lon": -123.11921119106445, "lat": 49.243083646645005}}}, {"type": "Feature", "geometry": {"coordinates": [-123.10964035257271, 49.25430841422665], "type": "Point"}, "properties": {"width": "20", "geo_point_2d": {"lon": -123.10964035257271, "lat": 49.25430841422665}}}, {"type": "Feature", "geometry": {"coordinates": [-123.10717149626356, 49.251457086262384], "type": "Point"}, "properties": {"width": "20", "geo_point_2d": {"lon": -123.10717149626356, "lat": 49.251457086262384}}}, {"type": "Feature", "geometry": {"coordinates": [-123.11110992145066, 49.24474822202346], "type": "Point"}, "properties": {"width": "100", "geo_point_2d": {"lon": -123.11110992145066, "lat": 49.24474822202346}}}, {"type": "Feature", "geometry": {"coordinates": [-123.11498654233965, 49.253959428748296], "type": "Point"}, "properties": {"width": "66", "geo_point_2d": {"lon": -123.11498654233965, "lat": 49.253959428748296}}}, {"type": "Feature", "geometry": {"coordinates": [-123.11683789684379, 49.250145044372765], "type": "Point"}, "properties": {"width": "16", "geo_point_2d": {"lon": -123.11683789684379, "lat": 49.250145044372765}}}, {"type": "Feature", "geometry": {"coordinates": [-123.11435008057096, 49.24653294417252], "type": "Point"}, "properties": {"width": "20", "geo_point_2d": {"lon": -123.11435008057096, "lat": 49.24653294417252}}}, {"type": "Feature", "geometry": {"coordinates": [-123.11437624021488, 49.24566399668875], "type": "Point"}, "properties": {"width": "20", "geo_point_2d": {"lon": -123.11437624021488, "lat": 49.24566399668875}}}, {"type": "Feature", "geometry": {"coordinates": [-123.11598412533343, 49.24611721069545], "type": "Point"}, "properties": {"width": "66", "geo_point_2d": {"lon": -123.11598412533343, "lat": 49.24611721069545}}}, {"type": "Feature", "geometry": {"coordinates": [-123.118418245158, 49.24123191943899], "type": "Point"}, "properties": {"width": "140", "geo_point_2d": {"lon": -123.118418245158, "lat": 49.24123191943899}}}, {"type": "Feature", "geometry": {"coordinates": [-123.11209258967214, 49.24742483898929], "type": "Point"}, "properties": {"width": "20", "geo_point_2d": {"lon": -123.11209258967214, "lat": 49.24742483898929}}}, {"type": "Feature", "geometry": {"coordinates": [-123.11242992051068, 49.247429530543975], "type": "Point"}, "properties": {"width": "20", "geo_point_2d": {"lon": -123.11242992051068, "lat": 49.247429530543975}}}, {"type": "Feature", "geometry": {"coordinates": [-123.12213444921152, 49.254224172111044], "type": "Point"}, "properties": {"width": "66", "geo_point_2d": {"lon": -123.12213444921152, "lat": 49.254224172111044}}}, {"type": "Feature", "geometry": {"coordinates": [-123.11604953512028, 49.25681350248067], "type": "Point"}, "properties": {"width": "33", "geo_point_2d": {"lon": -123.11604953512028, "lat": 49.25681350248067}}}, {"type": "Feature", "geometry": {"coordinates": [-123.11551862259871, 49.25309040926702], "type": "Point"}, "properties": {"width": "80", "geo_point_2d": {"lon": -123.11551862259871, "lat": 49.25309040926702}}}, {"type": "Feature", "geometry": {"coordinates": [-123.11253322015531, 49.252012642552], "type": "Point"}, "properties": {"width": "66", "geo_point_2d": {"lon": -123.11253322015531, "lat": 49.252012642552}}}, {"type": "Feature", "geometry": {"coordinates": [-123.11535378071412, 49.25079780814765], "type": "Point"}, "properties": {"width": "90", "geo_point_2d": {"lon": -123.11535378071412, "lat": 49.25079780814765}}}, {"type": "Feature", "geometry": {"coordinates": [-123.11430757622507, 49.24746441555632], "type": "Point"}, "properties": {"width": "20", "geo_point_2d": {"lon": -123.11430757622507, "lat": 49.24746441555632}}}, {"type": "Feature", "geometry": {"coordinates": [-123.10713360524028, 49.25234313301147], "type": "Point"}, "properties": {"width": "20", "geo_point_2d": {"lon": -123.10713360524028, "lat": 49.25234313301147}}}, {"type": "Feature", "geometry": {"coordinates": [-123.10750404765453, 49.251463154915356], "type": "Point"}, "properties": {"width": "20", "geo_point_2d": {"lon": -123.10750404765453, "lat": 49.251463154915356}}}, {"type": "Feature", "geometry": {"coordinates": [-123.10981046944136, 49.25053122122419], "type": "Point"}, "properties": {"width": "20", "geo_point_2d": {"lon": -123.10981046944136, "lat": 49.25053122122419}}}, {"type": "Feature", "geometry": {"coordinates": [-123.11016941362504, 49.25000105163342], "type": "Point"}, "properties": {"width": "66", "geo_point_2d": {"lon": -123.11016941362504, "lat": 49.25000105163342}}}, {"type": "Feature", "geometry": {"coordinates": [-123.1100711498796, 49.24723686626248], "type": "Point"}, "properties": {"width": "12", "geo_point_2d": {"lon": -123.1100711498796, "lat": 49.24723686626248}}}, {"type": "Feature", "geometry": {"coordinates": [-123.10488711413063, 49.246036489778554], "type": "Point"}, "properties": {"width": "66", "geo_point_2d": {"lon": -123.10488711413063, "lat": 49.246036489778554}}}, {"type": "Feature", "geometry": {"coordinates": [-123.11995356055739, 49.255646388477096], "type": "Point"}, "properties": {"width": "20", "geo_point_2d": {"lon": -123.11995356055739, "lat": 49.255646388477096}}}, {"type": "Feature", "geometry": {"coordinates": [-123.11861407736899, 49.24442903128258], "type": "Point"}, "properties": {"width": "66", "geo_point_2d": {"lon": -123.11861407736899, "lat": 49.24442903128258}}}, {"type": "Feature", "geometry": {"coordinates": [-123.1049495855572, 49.24980135977365], "type": "Point"}, "properties": {"width": "66", "geo_point_2d": {"lon": -123.1049495855572, "lat": 49.24980135977365}}}, {"type": "Feature", "geometry": {"coordinates": [-123.10723013260252, 49.253932463279895], "type": "Point"}, "properties": {"width": "66", "geo_point_2d": {"lon": -123.10723013260252, "lat": 49.253932463279895}}}, {"type": "Feature", "geometry": {"coordinates": [-123.11014095598058, 49.25053827372411], "type": "Point"}, "properties": {"width": "20", "geo_point_2d": {"lon": -123.11014095598058, "lat": 49.25053827372411}}}, {"type": "Feature", "geometry": {"coordinates": [-123.10981686589403, 49.25397866168889], "type": "Point"}, "properties": {"width": "66", "geo_point_2d": {"lon": -123.10981686589403, "lat": 49.25397866168889}}}, {"type": "Feature", "geometry": {"coordinates": [-123.10973984673011, 49.24783094765629], "type": "Point"}, "properties": {"width": "66", "geo_point_2d": {"lon": -123.10973984673011, "lat": 49.24783094765629}}}, {"type": "Feature", "geometry": {"coordinates": [-123.10987955474666, 49.247513921871466], "type": "Point"}, "properties": {"width": "12", "geo_point_2d": {"lon": -123.10987955474666, "lat": 49.247513921871466}}}, {"type": "Feature", "geometry": {"coordinates": [-123.10486124433261, 49.24807476982591], "type": "Point"}, "properties": {"width": "66", "geo_point_2d": {"lon": -123.10486124433261, "lat": 49.24807476982591}}}, {"type": "Feature", "geometry": {"coordinates": [-123.10480670739715, 49.24730800287131], "type": "Point"}, "properties": {"width": "66", "geo_point_2d": {"lon": -123.10480670739715, "lat": 49.24730800287131}}}, {"type": "Feature", "geometry": {"coordinates": [-123.11824464040932, 49.25414641608977], "type": "Point"}, "properties": {"width": "66", "geo_point_2d": {"lon": -123.11824464040932, "lat": 49.25414641608977}}}, {"type": "Feature", "geometry": {"coordinates": [-123.11805073252032, 49.2547076553042], "type": "Point"}, "properties": {"width": "20", "geo_point_2d": {"lon": -123.11805073252032, "lat": 49.2547076553042}}}, {"type": "Feature", "geometry": {"coordinates": [-123.11597790574228, 49.255005994251725], "type": "Point"}, "properties": {"width": "33", "geo_point_2d": {"lon": -123.11597790574228, "lat": 49.255005994251725}}}, {"type": "Feature", "geometry": {"coordinates": [-123.11534969567973, 49.25591523923981], "type": "Point"}, "properties": {"width": "66", "geo_point_2d": {"lon": -123.11534969567973, "lat": 49.25591523923981}}}, {"type": "Feature", "geometry": {"coordinates": [-123.12087227874983, 49.255667550220466], "type": "Point"}, "properties": {"width": "20", "geo_point_2d": {"lon": -123.12087227874983, "lat": 49.255667550220466}}}, {"type": "Feature", "geometry": {"coordinates": [-123.12098004865884, 49.250809918121725], "type": "Point"}, "properties": {"width": "16", "geo_point_2d": {"lon": -123.12098004865884, "lat": 49.250809918121725}}}, {"type": "Feature", "geometry": {"coordinates": [-123.11264153704916, 49.249533497593355], "type": "Point"}, "properties": {"width": "20", "geo_point_2d": {"lon": -123.11264153704916, "lat": 49.249533497593355}}}, {"type": "Feature", "geometry": {"coordinates": [-123.11251704833856, 49.25244271996509], "type": "Point"}, "properties": {"width": "20", "geo_point_2d": {"lon": -123.11251704833856, "lat": 49.25244271996509}}}, {"type": "Feature", "geometry": {"coordinates": [-123.11244965763794, 49.25390575058595], "type": "Point"}, "properties": {"width": "66", "geo_point_2d": {"lon": -123.11244965763794, "lat": 49.25390575058595}}}, {"type": "Feature", "geometry": {"coordinates": [-123.12218186838882, 49.24852071701061], "type": "Point"}, "properties": {"width": "20", "geo_point_2d": {"lon": -123.12218186838882, "lat": 49.24852071701061}}}, {"type": "Feature", "geometry": {"coordinates": [-123.12532564639355, 49.25066802773716], "type": "Point"}, "properties": {"width": "20", "geo_point_2d": {"lon": -123.12532564639355, "lat": 49.25066802773716}}}, {"type": "Feature", "geometry": {"coordinates": [-123.12674869308245, 49.252111090618314], "type": "Point"}, "properties": {"width": "16", "geo_point_2d": {"lon": -123.12674869308245, "lat": 49.252111090618314}}}, {"type": "Feature", "geometry": {"coordinates": [-123.1168221467282, 49.250737746815155], "type": "Point"}, "properties": {"width": "16", "geo_point_2d": {"lon": -123.1168221467282, "lat": 49.250737746815155}}}, {"type": "Feature", "geometry": {"coordinates": [-123.11499995268643, 49.252947102083205], "type": "Point"}, "properties": {"width": "80", "geo_point_2d": {"lon": -123.11499995268643, "lat": 49.252947102083205}}}, {"type": "Feature", "geometry": {"coordinates": [-123.11444501423384, 49.2459940446793], "type": "Point"}, "properties": {"width": "20", "geo_point_2d": {"lon": -123.11444501423384, "lat": 49.2459940446793}}}, {"type": "Feature", "geometry": {"coordinates": [-123.11660119066015, 49.246239167605964], "type": "Point"}, "properties": {"width": "20", "geo_point_2d": {"lon": -123.11660119066015, "lat": 49.246239167605964}}}, {"type": "Feature", "geometry": {"coordinates": [-123.11922552241113, 49.242764750635835], "type": "Point"}, "properties": {"width": "20", "geo_point_2d": {"lon": -123.11922552241113, "lat": 49.242764750635835}}}, {"type": "Feature", "geometry": {"coordinates": [-123.10979860313336, 49.254654121171384], "type": "Point"}, "properties": {"width": "66", "geo_point_2d": {"lon": -123.10979860313336, "lat": 49.254654121171384}}}, {"type": "Feature", "geometry": {"coordinates": [-123.11019038501226, 49.25386100836583], "type": "Point"}, "properties": {"width": "73", "geo_point_2d": {"lon": -123.11019038501226, "lat": 49.25386100836583}}}, {"type": "Feature", "geometry": {"coordinates": [-123.1247672511932, 49.24733053835547], "type": "Point"}, "properties": {"width": "66", "geo_point_2d": {"lon": -123.1247672511932, "lat": 49.24733053835547}}}, {"type": "Feature", "geometry": {"coordinates": [-123.11606519846094, 49.24988992698156], "type": "Point"}, "properties": {"width": "15", "geo_point_2d": {"lon": -123.11606519846094, "lat": 49.24988992698156}}}, {"type": "Feature", "geometry": {"coordinates": [-123.1145127862504, 49.253518701646925], "type": "Point"}, "properties": {"width": "15", "geo_point_2d": {"lon": -123.1145127862504, "lat": 49.253518701646925}}}, {"type": "Feature", "geometry": {"coordinates": [-123.11530255546167, 49.251382548970106], "type": "Point"}, "properties": {"width": "80", "geo_point_2d": {"lon": -123.11530255546167, "lat": 49.251382548970106}}}, {"type": "Feature", "geometry": {"coordinates": [-123.11955423852174, 49.2511190570915], "type": "Point"}, "properties": {"width": "20", "geo_point_2d": {"lon": -123.11955423852174, "lat": 49.2511190570915}}}, {"type": "Feature", "geometry": {"coordinates": [-123.1121540354999, 49.24604171736096], "type": "Point"}, "properties": {"width": "50", "geo_point_2d": {"lon": -123.1121540354999, "lat": 49.24604171736096}}}, {"type": "Feature", "geometry": {"coordinates": [-123.12028525108408, 49.24664951320565], "type": "Point"}, "properties": {"width": "20", "geo_point_2d": {"lon": -123.12028525108408, "lat": 49.24664951320565}}}, {"type": "Feature", "geometry": {"coordinates": [-123.11261732024369, 49.25005657571202], "type": "Point"}, "properties": {"width": "66", "geo_point_2d": {"lon": -123.11261732024369, "lat": 49.25005657571202}}}, {"type": "Feature", "geometry": {"coordinates": [-123.120458583538, 49.2417086896778], "type": "Point"}, "properties": {"width": "20", "geo_point_2d": {"lon": -123.120458583538, "lat": 49.2417086896778}}}, {"type": "Feature", "geometry": {"coordinates": [-123.11539849320022, 49.24919385143298], "type": "Point"}, "properties": {"width": "100", "geo_point_2d": {"lon": -123.11539849320022, "lat": 49.24919385143298}}}, {"type": "Feature", "geometry": {"coordinates": [-123.11964764066313, 49.25054622532928], "type": "Point"}, "properties": {"width": "20", "geo_point_2d": {"lon": -123.11964764066313, "lat": 49.25054622532928}}}, {"type": "Feature", "geometry": {"coordinates": [-123.11510899297484, 49.25603803015805], "type": "Point"}, "properties": {"width": "98", "geo_point_2d": {"lon": -123.11510899297484, "lat": 49.25603803015805}}}, {"type": "Feature", "geometry": {"coordinates": [-123.11541047825122, 49.25691706588005], "type": "Point"}, "properties": {"width": "77.92", "geo_point_2d": {"lon": -123.11541047825122, "lat": 49.25691706588005}}}, {"type": "Feature", "geometry": {"coordinates": [-123.12750999156432, 49.24979387407195], "type": "Point"}, "properties": {"width": "91.48", "geo_point_2d": {"lon": -123.12750999156432, "lat": 49.24979387407195}}}, {"type": "Feature", "geometry": {"coordinates": [-123.11960912223424, 49.25216054842807], "type": "Point"}, "properties": {"width": "20", "geo_point_2d": {"lon": -123.11960912223424, "lat": 49.25216054842807}}}, {"type": "Feature", "geometry": {"coordinates": [-123.12258229742439, 49.246225096392024], "type": "Point"}, "properties": {"width": "66", "geo_point_2d": {"lon": -123.12258229742439, "lat": 49.246225096392024}}}, {"type": "Feature", "geometry": {"coordinates": [-123.12450984292786, 49.25426927530434], "type": "Point"}, "properties": {"width": "66", "geo_point_2d": {"lon": -123.12450984292786, "lat": 49.25426927530434}}}, {"type": "Feature", "geometry": {"coordinates": [-123.12227866257966, 49.25479350700848], "type": "Point"}, "properties": {"width": "20", "geo_point_2d": {"lon": -123.12227866257966, "lat": 49.25479350700848}}}, {"type": "Feature", "geometry": {"coordinates": [-123.12227062527455, 49.25570113319216], "type": "Point"}, "properties": {"width": "20", "geo_point_2d": {"lon": -123.12227062527455, "lat": 49.25570113319216}}}, {"type": "Feature", "geometry": {"coordinates": [-123.12507190620876, 49.250897150274724], "type": "Point"}, "properties": {"width": "16", "geo_point_2d": {"lon": -123.12507190620876, "lat": 49.250897150274724}}}, {"type": "Feature", "geometry": {"coordinates": [-123.1272514557716, 49.25172274480122], "type": "Point"}, "properties": {"width": "66", "geo_point_2d": {"lon": -123.1272514557716, "lat": 49.25172274480122}}}, {"type": "Feature", "geometry": {"coordinates": [-123.12768677966885, 49.25082184235238], "type": "Point"}, "properties": {"width": "66", "geo_point_2d": {"lon": -123.12768677966885, "lat": 49.25082184235238}}}, {"type": "Feature", "geometry": {"coordinates": [-123.12785777699162, 49.24631623911187], "type": "Point"}, "properties": {"width": "66", "geo_point_2d": {"lon": -123.12785777699162, "lat": 49.24631623911187}}}, {"type": "Feature", "geometry": {"coordinates": [-123.12293900760696, 49.250452052980776], "type": "Point"}, "properties": {"width": "20", "geo_point_2d": {"lon": -123.12293900760696, "lat": 49.250452052980776}}}, {"type": "Feature", "geometry": {"coordinates": [-123.12474172959598, 49.25257466701914], "type": "Point"}, "properties": {"width": "66", "geo_point_2d": {"lon": -123.12474172959598, "lat": 49.25257466701914}}}, {"type": "Feature", "geometry": {"coordinates": [-123.10445086360221, 49.24893506752999], "type": "Point"}, "properties": {"width": "7", "geo_point_2d": {"lon": -123.10445086360221, "lat": 49.24893506752999}}}, {"type": "Feature", "geometry": {"coordinates": [-123.11025704191987, 49.248391892533945], "type": "Point"}, "properties": {"width": "20", "geo_point_2d": {"lon": -123.11025704191987, "lat": 49.248391892533945}}}, {"type": "Feature", "geometry": {"coordinates": [-123.10850193961298, 49.246372802417824], "type": "Point"}, "properties": {"width": "20", "geo_point_2d": {"lon": -123.10850193961298, "lat": 49.246372802417824}}}, {"type": "Feature", "geometry": {"coordinates": [-123.10445915155694, 49.2469562532702], "type": "Point"}, "properties": {"width": "20", "geo_point_2d": {"lon": -123.10445915155694, "lat": 49.2469562532702}}}, {"type": "Feature", "geometry": {"coordinates": [-123.10526866868597, 49.247762993426704], "type": "Point"}, "properties": {"width": "66", "geo_point_2d": {"lon": -123.10526866868597, "lat": 49.247762993426704}}}, {"type": "Feature", "geometry": {"coordinates": [-123.10774453065197, 49.247218757270716], "type": "Point"}, "properties": {"width": "20", "geo_point_2d": {"lon": -123.10774453065197, "lat": 49.247218757270716}}}, {"type": "Feature", "geometry": {"coordinates": [-123.10945208480308, 49.248924923659054], "type": "Point"}, "properties": {"width": "80", "geo_point_2d": {"lon": -123.10945208480308, "lat": 49.248924923659054}}}, {"type": "Feature", "geometry": {"coordinates": [-123.10684718315314, 49.2458956363302], "type": "Point"}, "properties": {"width": "60", "geo_point_2d": {"lon": -123.10684718315314, "lat": 49.2458956363302}}}, {"type": "Feature", "geometry": {"coordinates": [-123.11465201563074, 49.25020654880502], "type": "Point"}, "properties": {"width": "15", "geo_point_2d": {"lon": -123.11465201563074, "lat": 49.25020654880502}}}, {"type": "Feature", "geometry": {"coordinates": [-123.11439946763115, 49.25641307987006], "type": "Point"}, "properties": {"width": "20", "geo_point_2d": {"lon": -123.11439946763115, "lat": 49.25641307987006}}}, {"type": "Feature", "geometry": {"coordinates": [-123.11611191506728, 49.254207093065816], "type": "Point"}, "properties": {"width": "73", "geo_point_2d": {"lon": -123.11611191506728, "lat": 49.254207093065816}}}, {"type": "Feature", "geometry": {"coordinates": [-123.1208060140823, 49.2553302088497], "type": "Point"}, "properties": {"width": "20", "geo_point_2d": {"lon": -123.1208060140823, "lat": 49.2553302088497}}}, {"type": "Feature", "geometry": {"coordinates": [-123.12197474522334, 49.25388071436492], "type": "Point"}, "properties": {"width": "20", "geo_point_2d": {"lon": -123.12197474522334, "lat": 49.25388071436492}}}, {"type": "Feature", "geometry": {"coordinates": [-123.11529507673876, 49.251941600676744], "type": "Point"}, "properties": {"width": "90", "geo_point_2d": {"lon": -123.11529507673876, "lat": 49.251941600676744}}}, {"type": "Feature", "geometry": {"coordinates": [-123.12059529259787, 49.24757487136757], "type": "Point"}, "properties": {"width": "20", "geo_point_2d": {"lon": -123.12059529259787, "lat": 49.24757487136757}}}, {"type": "Feature", "geometry": {"coordinates": [-123.11859089553448, 49.245075812552315], "type": "Point"}, "properties": {"width": "66", "geo_point_2d": {"lon": -123.11859089553448, "lat": 49.245075812552315}}}, {"type": "Feature", "geometry": {"coordinates": [-123.11530305889016, 49.25171671209048], "type": "Point"}, "properties": {"width": "80", "geo_point_2d": {"lon": -123.11530305889016, "lat": 49.25171671209048}}}, {"type": "Feature", "geometry": {"coordinates": [-123.11933856389349, 49.24269564043598], "type": "Point"}, "properties": {"width": "20", "geo_point_2d": {"lon": -123.11933856389349, "lat": 49.24269564043598}}}, {"type": "Feature", "geometry": {"coordinates": [-123.11801270470995, 49.244029736910846], "type": "Point"}, "properties": {"width": "20", "geo_point_2d": {"lon": -123.11801270470995, "lat": 49.244029736910846}}}, {"type": "Feature", "geometry": {"coordinates": [-123.12726882640585, 49.25126900647219], "type": "Point"}, "properties": {"width": "20", "geo_point_2d": {"lon": -123.12726882640585, "lat": 49.25126900647219}}}, {"type": "Feature", "geometry": {"coordinates": [-123.10721470419662, 49.25048242245386], "type": "Point"}, "properties": {"width": "20", "geo_point_2d": {"lon": -123.10721470419662, "lat": 49.25048242245386}}}, {"type": "Feature", "geometry": {"coordinates": [-123.10968630970848, 49.25336119178], "type": "Point"}, "properties": {"width": "20", "geo_point_2d": {"lon": -123.10968630970848, "lat": 49.25336119178}}}, {"type": "Feature", "geometry": {"coordinates": [-123.10972534652464, 49.252392387194426], "type": "Point"}, "properties": {"width": "20", "geo_point_2d": {"lon": -123.10972534652464, "lat": 49.252392387194426}}}, {"type": "Feature", "geometry": {"coordinates": [-123.11012028632642, 49.2510557797949], "type": "Point"}, "properties": {"width": "66", "geo_point_2d": {"lon": -123.11012028632642, "lat": 49.2510557797949}}}, {"type": "Feature", "geometry": {"coordinates": [-123.10441543884139, 49.24817196227502], "type": "Point"}, "properties": {"width": "20", "geo_point_2d": {"lon": -123.10441543884139, "lat": 49.24817196227502}}}, {"type": "Feature", "geometry": {"coordinates": [-123.10518669349753, 49.24830582229711], "type": "Point"}, "properties": {"width": "20", "geo_point_2d": {"lon": -123.10518669349753, "lat": 49.24830582229711}}}, {"type": "Feature", "geometry": {"coordinates": [-123.10595200169799, 49.245684452099866], "type": "Point"}, "properties": {"width": "20", "geo_point_2d": {"lon": -123.10595200169799, "lat": 49.245684452099866}}}, {"type": "Feature", "geometry": {"coordinates": [-123.10624715215874, 49.245944844926655], "type": "Point"}, "properties": {"width": "20", "geo_point_2d": {"lon": -123.10624715215874, "lat": 49.245944844926655}}}, {"type": "Feature", "geometry": {"coordinates": [-123.10580625527237, 49.24594984612109], "type": "Point"}, "properties": {"width": "20", "geo_point_2d": {"lon": -123.10580625527237, "lat": 49.24594984612109}}}, {"type": "Feature", "geometry": {"coordinates": [-123.10526586558547, 49.246463850640644], "type": "Point"}, "properties": {"width": "20", "geo_point_2d": {"lon": -123.10526586558547, "lat": 49.246463850640644}}}, {"type": "Feature", "geometry": {"coordinates": [-123.10703029465309, 49.2468884146197], "type": "Point"}, "properties": {"width": "50", "geo_point_2d": {"lon": -123.10703029465309, "lat": 49.2468884146197}}}, {"type": "Feature", "geometry": {"coordinates": [-123.11932360882831, 49.2565416242572], "type": "Point"}, "properties": {"width": "20", "geo_point_2d": {"lon": -123.11932360882831, "lat": 49.2565416242572}}}, {"type": "Feature", "geometry": {"coordinates": [-123.12188143327964, 49.256139440658224], "type": "Point"}, "properties": {"width": "66", "geo_point_2d": {"lon": -123.12188143327964, "lat": 49.256139440658224}}}, {"type": "Feature", "geometry": {"coordinates": [-123.11839636163005, 49.254713508334866], "type": "Point"}, "properties": {"width": "20", "geo_point_2d": {"lon": -123.11839636163005, "lat": 49.254713508334866}}}, {"type": "Feature", "geometry": {"coordinates": [-123.11621372878962, 49.255125753516765], "type": "Point"}, "properties": {"width": "66", "geo_point_2d": {"lon": -123.11621372878962, "lat": 49.255125753516765}}}, {"type": "Feature", "geometry": {"coordinates": [-123.1219112420405, 49.25568793918007], "type": "Point"}, "properties": {"width": "20", "geo_point_2d": {"lon": -123.1219112420405, "lat": 49.25568793918007}}}, {"type": "Feature", "geometry": {"coordinates": [-123.11461686604869, 49.251037373821326], "type": "Point"}, "properties": {"width": "15", "geo_point_2d": {"lon": -123.11461686604869, "lat": 49.251037373821326}}}, {"type": "Feature", "geometry": {"coordinates": [-123.11482995076032, 49.25690279321254], "type": "Point"}, "properties": {"width": "66", "geo_point_2d": {"lon": -123.11482995076032, "lat": 49.25690279321254}}}, {"type": "Feature", "geometry": {"coordinates": [-123.12104176446866, 49.25114905447242], "type": "Point"}, "properties": {"width": "20", "geo_point_2d": {"lon": -123.12104176446866, "lat": 49.25114905447242}}}, {"type": "Feature", "geometry": {"coordinates": [-123.12505956019181, 49.251177445902655], "type": "Point"}, "properties": {"width": "16", "geo_point_2d": {"lon": -123.12505956019181, "lat": 49.251177445902655}}}, {"type": "Feature", "geometry": {"coordinates": [-123.12675895815126, 49.2518267312941], "type": "Point"}, "properties": {"width": "16", "geo_point_2d": {"lon": -123.12675895815126, "lat": 49.2518267312941}}}, {"type": "Feature", "geometry": {"coordinates": [-123.11454592495643, 49.253064500013025], "type": "Point"}, "properties": {"width": "20", "geo_point_2d": {"lon": -123.11454592495643, "lat": 49.253064500013025}}}, {"type": "Feature", "geometry": {"coordinates": [-123.11452693648414, 49.25339824159533], "type": "Point"}, "properties": {"width": "20", "geo_point_2d": {"lon": -123.11452693648414, "lat": 49.25339824159533}}}, {"type": "Feature", "geometry": {"coordinates": [-123.12208775353254, 49.25071914242992], "type": "Point"}, "properties": {"width": "66", "geo_point_2d": {"lon": -123.12208775353254, "lat": 49.25071914242992}}}, {"type": "Feature", "geometry": {"coordinates": [-123.12211300459731, 49.25010429195375], "type": "Point"}, "properties": {"width": "66", "geo_point_2d": {"lon": -123.12211300459731, "lat": 49.25010429195375}}}, {"type": "Feature", "geometry": {"coordinates": [-123.11682981427221, 49.250499014738324], "type": "Point"}, "properties": {"width": "16", "geo_point_2d": {"lon": -123.11682981427221, "lat": 49.250499014738324}}}, {"type": "Feature", "geometry": {"coordinates": [-123.11817045805455, 49.251093980813], "type": "Point"}, "properties": {"width": "20", "geo_point_2d": {"lon": -123.11817045805455, "lat": 49.251093980813}}}, {"type": "Feature", "geometry": {"coordinates": [-123.11814448297228, 49.25199621948952], "type": "Point"}, "properties": {"width": "20", "geo_point_2d": {"lon": -123.11814448297228, "lat": 49.25199621948952}}}, {"type": "Feature", "geometry": {"coordinates": [-123.11953995287683, 49.25202037546992], "type": "Point"}, "properties": {"width": "20", "geo_point_2d": {"lon": -123.11953995287683, "lat": 49.25202037546992}}}, {"type": "Feature", "geometry": {"coordinates": [-123.11957885760678, 49.252357197369996], "type": "Point"}, "properties": {"width": "10", "geo_point_2d": {"lon": -123.11957885760678, "lat": 49.252357197369996}}}, {"type": "Feature", "geometry": {"coordinates": [-123.12221185515392, 49.247598692102734], "type": "Point"}, "properties": {"width": "20", "geo_point_2d": {"lon": -123.12221185515392, "lat": 49.247598692102734}}}, {"type": "Feature", "geometry": {"coordinates": [-123.11656490132648, 49.247160298084175], "type": "Point"}, "properties": {"width": "20", "geo_point_2d": {"lon": -123.11656490132648, "lat": 49.247160298084175}}}, {"type": "Feature", "geometry": {"coordinates": [-123.11653728316745, 49.247854748832985], "type": "Point"}, "properties": {"width": "20", "geo_point_2d": {"lon": -123.11653728316745, "lat": 49.247854748832985}}}, {"type": "Feature", "geometry": {"coordinates": [-123.11657081598314, 49.24693541130762], "type": "Point"}, "properties": {"width": "20", "geo_point_2d": {"lon": -123.11657081598314, "lat": 49.24693541130762}}}, {"type": "Feature", "geometry": {"coordinates": [-123.11432322163601, 49.24880735201498], "type": "Point"}, "properties": {"width": "20", "geo_point_2d": {"lon": -123.11432322163601, "lat": 49.24880735201498}}}, {"type": "Feature", "geometry": {"coordinates": [-123.11535611884123, 49.250220771004024], "type": "Point"}, "properties": {"width": "80", "geo_point_2d": {"lon": -123.11535611884123, "lat": 49.250220771004024}}}, {"type": "Feature", "geometry": {"coordinates": [-123.1204246963143, 49.24273371462396], "type": "Point"}, "properties": {"width": "20", "geo_point_2d": {"lon": -123.1204246963143, "lat": 49.24273371462396}}}, {"type": "Feature", "geometry": {"coordinates": [-123.11519568206151, 49.24943026853893], "type": "Point"}, "properties": {"width": "10", "geo_point_2d": {"lon": -123.11519568206151, "lat": 49.24943026853893}}}, {"type": "Feature", "geometry": {"coordinates": [-123.11589914307119, 49.247953816586445], "type": "Point"}, "properties": {"width": "66", "geo_point_2d": {"lon": -123.11589914307119, "lat": 49.247953816586445}}}, {"type": "Feature", "geometry": {"coordinates": [-123.11649018596758, 49.245205034518435], "type": "Point"}, "properties": {"width": "100", "geo_point_2d": {"lon": -123.11649018596758, "lat": 49.245205034518435}}}, {"type": "Feature", "geometry": {"coordinates": [-123.11238755070447, 49.24842440831261], "type": "Point"}, "properties": {"width": "20", "geo_point_2d": {"lon": -123.11238755070447, "lat": 49.24842440831261}}}, {"type": "Feature", "geometry": {"coordinates": [-123.12021969157767, 49.24849178690805], "type": "Point"}, "properties": {"width": "20", "geo_point_2d": {"lon": -123.12021969157767, "lat": 49.24849178690805}}}, {"type": "Feature", "geometry": {"coordinates": [-123.12672077309743, 49.252734850107736], "type": "Point"}, "properties": {"width": "16", "geo_point_2d": {"lon": -123.12672077309743, "lat": 49.252734850107736}}}, {"type": "Feature", "geometry": {"coordinates": [-123.12764790673276, 49.25172275722073], "type": "Point"}, "properties": {"width": "66", "geo_point_2d": {"lon": -123.12764790673276, "lat": 49.25172275722073}}}, {"type": "Feature", "geometry": {"coordinates": [-123.12757185790116, 49.2482760496491], "type": "Point"}, "properties": {"width": "88.37", "geo_point_2d": {"lon": -123.12757185790116, "lat": 49.2482760496491}}}, {"type": "Feature", "geometry": {"coordinates": [-123.1277746980271, 49.249236327179524], "type": "Point"}, "properties": {"width": "132", "geo_point_2d": {"lon": -123.1277746980271, "lat": 49.249236327179524}}}, {"type": "Feature", "geometry": {"coordinates": [-123.12763704740618, 49.246188570954395], "type": "Point"}, "properties": {"width": "80", "geo_point_2d": {"lon": -123.12763704740618, "lat": 49.246188570954395}}}, {"type": "Feature", "geometry": {"coordinates": [-123.1203709592692, 49.24434281181816], "type": "Point"}, "properties": {"width": "66", "geo_point_2d": {"lon": -123.1203709592692, "lat": 49.24434281181816}}}, {"type": "Feature", "geometry": {"coordinates": [-123.11753873360813, 49.24386330447858], "type": "Point"}, "properties": {"width": "66", "geo_point_2d": {"lon": -123.11753873360813, "lat": 49.24386330447858}}}, {"type": "Feature", "geometry": {"coordinates": [-123.10991090367236, 49.25575572186481], "type": "Point"}, "properties": {"width": "66", "geo_point_2d": {"lon": -123.10991090367236, "lat": 49.25575572186481}}}, {"type": "Feature", "geometry": {"coordinates": [-123.10472392923872, 49.25100726671922], "type": "Point"}, "properties": {"width": "33", "geo_point_2d": {"lon": -123.10472392923872, "lat": 49.25100726671922}}}, {"type": "Feature", "geometry": {"coordinates": [-123.11029759014707, 49.25386917267844], "type": "Point"}, "properties": {"width": "66", "geo_point_2d": {"lon": -123.11029759014707, "lat": 49.25386917267844}}}, {"type": "Feature", "geometry": {"coordinates": [-123.10675479785458, 49.25380446070578], "type": "Point"}, "properties": {"width": "73", "geo_point_2d": {"lon": -123.10675479785458, "lat": 49.25380446070578}}}, {"type": "Feature", "geometry": {"coordinates": [-123.11449401442609, 49.25424336630522], "type": "Point"}, "properties": {"width": "20", "geo_point_2d": {"lon": -123.11449401442609, "lat": 49.25424336630522}}}, {"type": "Feature", "geometry": {"coordinates": [-123.11597708262347, 49.255241220072875], "type": "Point"}, "properties": {"width": "33", "geo_point_2d": {"lon": -123.11597708262347, "lat": 49.255241220072875}}}, {"type": "Feature", "geometry": {"coordinates": [-123.11796715674372, 49.256514259500506], "type": "Point"}, "properties": {"width": "20", "geo_point_2d": {"lon": -123.11796715674372, "lat": 49.256514259500506}}}, {"type": "Feature", "geometry": {"coordinates": [-123.11586106013974, 49.25418008938122], "type": "Point"}, "properties": {"width": "66", "geo_point_2d": {"lon": -123.11586106013974, "lat": 49.25418008938122}}}, {"type": "Feature", "geometry": {"coordinates": [-123.11826087633321, 49.25347040854954], "type": "Point"}, "properties": {"width": "66", "geo_point_2d": {"lon": -123.11826087633321, "lat": 49.25347040854954}}}, {"type": "Feature", "geometry": {"coordinates": [-123.11965759814058, 49.25018607310105], "type": "Point"}, "properties": {"width": "16", "geo_point_2d": {"lon": -123.11965759814058, "lat": 49.25018607310105}}}, {"type": "Feature", "geometry": {"coordinates": [-123.11846549395212, 49.25290851921795], "type": "Point"}, "properties": {"width": "20", "geo_point_2d": {"lon": -123.11846549395212, "lat": 49.25290851921795}}}, {"type": "Feature", "geometry": {"coordinates": [-123.11213239277762, 49.24649561985449], "type": "Point"}, "properties": {"width": "20", "geo_point_2d": {"lon": -123.11213239277762, "lat": 49.24649561985449}}}, {"type": "Feature", "geometry": {"coordinates": [-123.11444378192704, 49.25515048509264], "type": "Point"}, "properties": {"width": "15", "geo_point_2d": {"lon": -123.11444378192704, "lat": 49.25515048509264}}}, {"type": "Feature", "geometry": {"coordinates": [-123.11285304542854, 49.25245011915001], "type": "Point"}, "properties": {"width": "20", "geo_point_2d": {"lon": -123.11285304542854, "lat": 49.25245011915001}}}, {"type": "Feature", "geometry": {"coordinates": [-123.11556086661928, 49.252243565674654], "type": "Point"}, "properties": {"width": "66", "geo_point_2d": {"lon": -123.11556086661928, "lat": 49.252243565674654}}}, {"type": "Feature", "geometry": {"coordinates": [-123.11858105932542, 49.24958021206265], "type": "Point"}, "properties": {"width": "20", "geo_point_2d": {"lon": -123.11858105932542, "lat": 49.24958021206265}}}, {"type": "Feature", "geometry": {"coordinates": [-123.11260855575917, 49.253803140248415], "type": "Point"}, "properties": {"width": "66", "geo_point_2d": {"lon": -123.11260855575917, "lat": 49.253803140248415}}}, {"type": "Feature", "geometry": {"coordinates": [-123.11614710519443, 49.25012911772471], "type": "Point"}, "properties": {"width": "33", "geo_point_2d": {"lon": -123.11614710519443, "lat": 49.25012911772471}}}, {"type": "Feature", "geometry": {"coordinates": [-123.11519899212983, 49.25320326764401], "type": "Point"}, "properties": {"width": "90", "geo_point_2d": {"lon": -123.11519899212983, "lat": 49.25320326764401}}}, {"type": "Feature", "geometry": {"coordinates": [-123.11540470744589, 49.24881215965868], "type": "Point"}, "properties": {"width": "200", "geo_point_2d": {"lon": -123.11540470744589, "lat": 49.24881215965868}}}, {"type": "Feature", "geometry": {"coordinates": [-123.11609090437676, 49.249173629103716], "type": "Point"}, "properties": {"width": "20", "geo_point_2d": {"lon": -123.11609090437676, "lat": 49.249173629103716}}}, {"type": "Feature", "geometry": {"coordinates": [-123.11828086059117, 49.248456493924934], "type": "Point"}, "properties": {"width": "20", "geo_point_2d": {"lon": -123.11828086059117, "lat": 49.248456493924934}}}, {"type": "Feature", "geometry": {"coordinates": [-123.11436678195338, 49.24781516198865], "type": "Point"}, "properties": {"width": "20", "geo_point_2d": {"lon": -123.11436678195338, "lat": 49.24781516198865}}}, {"type": "Feature", "geometry": {"coordinates": [-123.1187154965512, 49.24308038807436], "type": "Point"}, "properties": {"width": "R=53.66", "geo_point_2d": {"lon": -123.1187154965512, "lat": 49.24308038807436}}}, {"type": "Feature", "geometry": {"coordinates": [-123.11207165732526, 49.247883499149836], "type": "Point"}, "properties": {"width": "66", "geo_point_2d": {"lon": -123.11207165732526, "lat": 49.247883499149836}}}, {"type": "Feature", "geometry": {"coordinates": [-123.12038757831316, 49.243843217020185], "type": "Point"}, "properties": {"width": "20", "geo_point_2d": {"lon": -123.12038757831316, "lat": 49.243843217020185}}}, {"type": "Feature", "geometry": {"coordinates": [-123.11002437288586, 49.253368147468926], "type": "Point"}, "properties": {"width": "20", "geo_point_2d": {"lon": -123.11002437288586, "lat": 49.253368147468926}}}, {"type": "Feature", "geometry": {"coordinates": [-123.10439614397453, 49.248724268820105], "type": "Point"}, "properties": {"width": "20", "geo_point_2d": {"lon": -123.10439614397453, "lat": 49.248724268820105}}}, {"type": "Feature", "geometry": {"coordinates": [-123.12294656938687, 49.250237958519484], "type": "Point"}, "properties": {"width": "20", "geo_point_2d": {"lon": -123.12294656938687, "lat": 49.250237958519484}}}, {"type": "Feature", "geometry": {"coordinates": [-123.12720776690811, 49.252619176065295], "type": "Point"}, "properties": {"width": "66", "geo_point_2d": {"lon": -123.12720776690811, "lat": 49.252619176065295}}}, {"type": "Feature", "geometry": {"coordinates": [-123.12248008489095, 49.24964037027636], "type": "Point"}, "properties": {"width": "20", "geo_point_2d": {"lon": -123.12248008489095, "lat": 49.24964037027636}}}, {"type": "Feature", "geometry": {"coordinates": [-123.11012193002877, 49.24714894345105], "type": "Point"}, "properties": {"width": "12", "geo_point_2d": {"lon": -123.11012193002877, "lat": 49.24714894345105}}}, {"type": "Feature", "geometry": {"coordinates": [-123.10612323715434, 49.245061752743666], "type": "Point"}, "properties": {"width": "66", "geo_point_2d": {"lon": -123.10612323715434, "lat": 49.245061752743666}}}, {"type": "Feature", "geometry": {"coordinates": [-123.11517234192814, 49.254506494938866], "type": "Point"}, "properties": {"width": "80", "geo_point_2d": {"lon": -123.11517234192814, "lat": 49.254506494938866}}}, {"type": "Feature", "geometry": {"coordinates": [-123.11517271305468, 49.254447467930916], "type": "Point"}, "properties": {"width": "90", "geo_point_2d": {"lon": -123.11517271305468, "lat": 49.254447467930916}}}, {"type": "Feature", "geometry": {"coordinates": [-123.10995814422779, 49.25476936911987], "type": "Point"}, "properties": {"width": "66", "geo_point_2d": {"lon": -123.10995814422779, "lat": 49.25476936911987}}}, {"type": "Feature", "geometry": {"coordinates": [-123.11662312364302, 49.24842862988978], "type": "Point"}, "properties": {"width": "20", "geo_point_2d": {"lon": -123.11662312364302, "lat": 49.24842862988978}}}, {"type": "Feature", "geometry": {"coordinates": [-123.1274947833856, 49.250707455194174], "type": "Point"}, "properties": {"width": "80", "geo_point_2d": {"lon": -123.1274947833856, "lat": 49.250707455194174}}}, {"type": "Feature", "geometry": {"coordinates": [-123.1282720603603, 49.249042540517685], "type": "Point"}, "properties": {"width": "20", "geo_point_2d": {"lon": -123.1282720603603, "lat": 49.249042540517685}}}, {"type": "Feature", "geometry": {"coordinates": [-123.12829576872144, 49.248275886685754], "type": "Point"}, "properties": {"width": "20", "geo_point_2d": {"lon": -123.12829576872144, "lat": 49.248275886685754}}}, {"type": "Feature", "geometry": {"coordinates": [-123.12833000404623, 49.24735653598025], "type": "Point"}, "properties": {"width": "20", "geo_point_2d": {"lon": -123.12833000404623, "lat": 49.24735653598025}}}, {"type": "Feature", "geometry": {"coordinates": [-123.11383558429135, 49.248956650597464], "type": "Point"}, "properties": {"width": "108.46", "geo_point_2d": {"lon": -123.11383558429135, "lat": 49.248956650597464}}}, {"type": "Feature", "geometry": {"coordinates": [-123.10612302226502, 49.24886577359417], "type": "Point"}, "properties": {"width": "89.87", "geo_point_2d": {"lon": -123.10612302226502, "lat": 49.24886577359417}}}, {"type": "Feature", "geometry": {"coordinates": [-123.10984030808031, 49.24893016823576], "type": "Point"}, "properties": {"width": "101.05", "geo_point_2d": {"lon": -123.10984030808031, "lat": 49.24893016823576}}}]}