{"type": "FeatureCollection", "features": [{"type": "Feature", "geometry": {"coordinates": [-123.11384964374251, 49.2548855322737], "type": "Point"}, "properties": {"cover_elevation_m": 59.06, "type": "Combined", "geo_local_area": "Riley Park", "geo_point_2d": {"lon": -123.11384964374251, "lat": 49.2548855322737}}}, {"type": "Feature", "geometry": {"coordinates": [-123.122894465592, 49.25527050787964], "type": "Point"}, "properties": {"cover_elevation_m": 50.62, "type": "Sanitary", "geo_local_area": "South Cambie", "geo_point_2d": {"lon": -123.122894465592, "lat": 49.25527050787964}}}, {"type": "Feature", "geometry": {"coordinates": [-123.12227971173552, 49.249003836317826], "type": "Point"}, "properties": {"cover_elevation_m": 69.21, "type": "Combined", "geo_local_area": "South Cambie", "geo_point_2d": {"lon": -123.12227971173552, "lat": 49.249003836317826}}}, {"type": "Feature", "geometry": {"coordinates": [-123.11281740137602, 49.24953817349489], "type": "Point"}, "properties": {"cover_elevation_m": 66.6, "type": "Combined", "geo_local_area": "Riley Park", "geo_point_2d": {"lon": -123.11281740137602, "lat": 49.24953817349489}}}, {"type": "Feature", "geometry": {"coordinates": [-123.12217497059007, 49.251527621195095], "type": "Point"}, "properties": {"cover_elevation_m": 56.11, "type": "Combined", "geo_local_area": "South Cambie", "geo_point_2d": {"lon": -123.12217497059007, "lat": 49.251527621195095}}}, {"type": "Feature", "geometry": {"coordinates": [-123.1151173975438, 49.25211755260616], "type": "Point"}, "properties": {"cover_elevation_m": 60.11, "type": "Combined", "geo_local_area": "Riley Park", "geo_point_2d": {"lon": -123.1151173975438, "lat": 49.25211755260616}}}, {"type": "Feature", "geometry": {"coordinates": [-123.11456664329144, 49.25210669411913], "type": "Point"}, "properties": {"cover_elevation_m": 61.32, "type": "Combined", "geo_local_area": "Riley Park", "geo_point_2d": {"lon": -123.11456664329144, "lat": 49.25210669411913}}}, {"type": "Feature", "geometry": {"coordinates": [-123.11272126489236, 49.25156323678496], "type": "Point"}, "properties": {"cover_elevation_m": 64.67, "type": "Storm", "geo_local_area": "Riley Park", "geo_point_2d": {"lon": -123.11272126489236, "lat": 49.25156323678496}}}, {"type": "Feature", "geometry": {"coordinates": [-123.11274082716938, 49.25110833814051], "type": "Point"}, "properties": {"cover_elevation_m": 65.13, "type": "Storm", "geo_local_area": "Riley Park", "geo_point_2d": {"lon": -123.11274082716938, "lat": 49.25110833814051}}}, {"type": "Feature", "geometry": {"coordinates": [-123.1167819431625, 49.251560300997355], "type": "Point"}, "properties": {"cover_elevation_m": 58.99, "type": "Combined", "geo_local_area": "South Cambie", "geo_point_2d": {"lon": -123.1167819431625, "lat": 49.251560300997355}}}, {"type": "Feature", "geometry": {"coordinates": [-123.11463698324356, 49.25062203433807], "type": "Point"}, "properties": {"cover_elevation_m": 62.54, "type": "Combined", "geo_local_area": "Riley Park", "geo_point_2d": {"lon": -123.11463698324356, "lat": 49.25062203433807}}}, {"type": "Feature", "geometry": {"coordinates": [-123.11461328731738, 49.25120690047042], "type": "Point"}, "properties": {"cover_elevation_m": 61.96, "type": "Combined", "geo_local_area": "Riley Park", "geo_point_2d": {"lon": -123.11461328731738, "lat": 49.25120690047042}}}, {"type": "Feature", "geometry": {"coordinates": [-123.11516070464178, 49.25121708741856], "type": "Point"}, "properties": {"cover_elevation_m": 61.43, "type": "Combined", "geo_local_area": "Riley Park", "geo_point_2d": {"lon": -123.11516070464178, "lat": 49.25121708741856}}}, {"type": "Feature", "geometry": {"coordinates": [-123.1127651566992, 49.250586843141306], "type": "Point"}, "properties": {"cover_elevation_m": 65.14, "type": "Combined", "geo_local_area": "Riley Park", "geo_point_2d": {"lon": -123.1127651566992, "lat": 49.250586843141306}}}, {"type": "Feature", "geometry": {"coordinates": [-123.11681029347383, 49.25066426687012], "type": "Point"}, "properties": {"cover_elevation_m": 60.72, "type": "Combined", "geo_local_area": "South Cambie", "geo_point_2d": {"lon": -123.11681029347383, "lat": 49.25066426687012}}}, {"type": "Feature", "geometry": {"coordinates": [-123.11606541389801, 49.25335212503948], "type": "Point"}, "properties": {"cover_elevation_m": 59.14, "type": "Storm", "geo_local_area": "South Cambie", "geo_point_2d": {"lon": -123.11606541389801, "lat": 49.25335212503948}}}, {"type": "Feature", "geometry": {"coordinates": [-123.11456196103751, 49.252482348313634], "type": "Point"}, "properties": {"cover_elevation_m": 61.1, "type": "Storm", "geo_local_area": "Riley Park", "geo_point_2d": {"lon": -123.11456196103751, "lat": 49.252482348313634}}}, {"type": "Feature", "geometry": {"coordinates": [-123.11525101444606, 49.25475988287941], "type": "Point"}, "properties": {"cover_elevation_m": 58.37, "type": "Storm", "geo_local_area": "South Cambie", "geo_point_2d": {"lon": -123.11525101444606, "lat": 49.25475988287941}}}, {"type": "Feature", "geometry": {"coordinates": [-123.11526974080797, 49.25475217328429], "type": "Point"}, "properties": {"cover_elevation_m": 58.37, "type": "Sanitary", "geo_local_area": "South Cambie", "geo_point_2d": {"lon": -123.11526974080797, "lat": 49.25475217328429}}}, {"type": "Feature", "geometry": {"coordinates": [-123.1160251122605, 49.25425633822455], "type": "Point"}, "properties": {"cover_elevation_m": 58.01, "type": "Storm", "geo_local_area": "South Cambie", "geo_point_2d": {"lon": -123.1160251122605, "lat": 49.25425633822455}}}, {"type": "Feature", "geometry": {"coordinates": [-123.1145153848436, 49.25395296046551], "type": "Point"}, "properties": {"cover_elevation_m": 59.97, "type": "Storm", "geo_local_area": "Riley Park", "geo_point_2d": {"lon": -123.1145153848436, "lat": 49.25395296046551}}}, {"type": "Feature", "geometry": {"coordinates": [-123.11841462908559, 49.25158996949886], "type": "Point"}, "properties": {"cover_elevation_m": 56.64, "type": "Combined", "geo_local_area": "South Cambie", "geo_point_2d": {"lon": -123.11841462908559, "lat": 49.25158996949886}}}, {"type": "Feature", "geometry": {"coordinates": [-123.12731523362437, 49.24617769906431], "type": "Point"}, "properties": {"cover_elevation_m": 68.56, "type": "Combined", "geo_local_area": "South Cambie", "geo_point_2d": {"lon": -123.12731523362437, "lat": 49.24617769906431}}}, {"type": "Feature", "geometry": {"coordinates": [-123.10487293534523, 49.24955940285225], "type": "Point"}, "properties": {"cover_elevation_m": 72.33, "type": "Combined", "geo_local_area": "Riley Park", "geo_point_2d": {"lon": -123.10487293534523, "lat": 49.24955940285225}}}, {"type": "Feature", "geometry": {"coordinates": [-123.11606056483573, 49.25280776600706], "type": "Point"}, "properties": {"cover_elevation_m": 59.78, "type": "Storm", "geo_local_area": "South Cambie", "geo_point_2d": {"lon": -123.11606056483573, "lat": 49.25280776600706}}}, {"type": "Feature", "geometry": {"coordinates": [-123.11272399502977, 49.25438570119211], "type": "Point"}, "properties": {"cover_elevation_m": 60.37, "type": "Sanitary", "geo_local_area": "Riley Park", "geo_point_2d": {"lon": -123.11272399502977, "lat": 49.25438570119211}}}, {"type": "Feature", "geometry": {"coordinates": [-123.11427073984594, 49.25440066097098], "type": "Point"}, "properties": {"cover_elevation_m": 60.95, "type": "Sanitary", "geo_local_area": "Riley Park", "geo_point_2d": {"lon": -123.11427073984594, "lat": 49.25440066097098}}}, {"type": "Feature", "geometry": {"coordinates": [-123.10496076932195, 49.249042412293704], "type": "Point"}, "properties": {"cover_elevation_m": 74.17, "type": "Sanitary", "geo_local_area": "Riley Park", "geo_point_2d": {"lon": -123.10496076932195, "lat": 49.249042412293704}}}, {"type": "Feature", "geometry": {"coordinates": [-123.10953004827873, 49.25336573776157], "type": "Point"}, "properties": {"cover_elevation_m": 64.69, "type": "Sanitary", "geo_local_area": "Riley Park", "geo_point_2d": {"lon": -123.10953004827873, "lat": 49.25336573776157}}}, {"type": "Feature", "geometry": {"coordinates": [-123.10837536301077, 49.25333841076083], "type": "Point"}, "properties": {"cover_elevation_m": 64.19, "type": "Storm", "geo_local_area": "Riley Park", "geo_point_2d": {"lon": -123.10837536301077, "lat": 49.25333841076083}}}, {"type": "Feature", "geometry": {"coordinates": [-123.10850914106231, 49.25148351506532], "type": "Point"}, "properties": {"cover_elevation_m": 66.53, "type": "Sanitary", "geo_local_area": "Riley Park", "geo_point_2d": {"lon": -123.10850914106231, "lat": 49.25148351506532}}}, {"type": "Feature", "geometry": {"coordinates": [-123.1137649182674, 49.25158260599497], "type": "Point"}, "properties": {"cover_elevation_m": 62.68, "type": "Storm", "geo_local_area": "Riley Park", "geo_point_2d": {"lon": -123.1137649182674, "lat": 49.25158260599497}}}, {"type": "Feature", "geometry": {"coordinates": [-123.10848862058019, 49.25148133050627], "type": "Point"}, "properties": {"cover_elevation_m": 66.58, "type": "Storm", "geo_local_area": "Riley Park", "geo_point_2d": {"lon": -123.10848862058019, "lat": 49.25148133050627}}}, {"type": "Feature", "geometry": {"coordinates": [-123.11799553743711, 49.256924465470604], "type": "Point"}, "properties": {"cover_elevation_m": 53.58, "type": "Storm", "geo_local_area": "South Cambie", "geo_point_2d": {"lon": -123.11799553743711, "lat": 49.256924465470604}}}, {"type": "Feature", "geometry": {"coordinates": [-123.11841067085763, 49.24909040678274], "type": "Point"}, "properties": {"cover_elevation_m": 70.35, "type": "Storm", "geo_local_area": "South Cambie", "geo_point_2d": {"lon": -123.11841067085763, "lat": 49.24909040678274}}}, {"type": "Feature", "geometry": {"coordinates": [-123.10506134286071, 49.251421846229796], "type": "Point"}, "properties": {"cover_elevation_m": 69.34, "type": "Storm", "geo_local_area": "Riley Park", "geo_point_2d": {"lon": -123.10506134286071, "lat": 49.251421846229796}}}, {"type": "Feature", "geometry": {"coordinates": [-123.105080817265, 49.25141681817857], "type": "Point"}, "properties": {"cover_elevation_m": 69.27, "type": "Sanitary", "geo_local_area": "Riley Park", "geo_point_2d": {"lon": -123.105080817265, "lat": 49.25141681817857}}}, {"type": "Feature", "geometry": {"coordinates": [-123.12473131543204, 49.24714294467671], "type": "Point"}, "properties": {"cover_elevation_m": 70.66, "type": "Combined", "geo_local_area": "South Cambie", "geo_point_2d": {"lon": -123.12473131543204, "lat": 49.24714294467671}}}, {"type": "Feature", "geometry": {"coordinates": [-123.12225520430744, 49.24714191239944], "type": "Point"}, "properties": {"cover_elevation_m": 71.47, "type": "Combined", "geo_local_area": "South Cambie", "geo_point_2d": {"lon": -123.12225520430744, "lat": 49.24714191239944}}}, {"type": "Feature", "geometry": {"coordinates": [-123.12355486354235, 49.24712597549442], "type": "Point"}, "properties": {"cover_elevation_m": 71.82, "type": "Combined", "geo_local_area": "South Cambie", "geo_point_2d": {"lon": -123.12355486354235, "lat": 49.24712597549442}}}, {"type": "Feature", "geometry": {"coordinates": [-123.12330627379545, 49.24902758106382], "type": "Point"}, "properties": {"cover_elevation_m": 68.046, "type": "Storm", "geo_local_area": "South Cambie", "geo_point_2d": {"lon": -123.12330627379545, "lat": 49.24902758106382}}}, {"type": "Feature", "geometry": {"coordinates": [-123.1247683858099, 49.249051323884615], "type": "Point"}, "properties": {"cover_elevation_m": 68.78, "type": "Combined", "geo_local_area": "South Cambie", "geo_point_2d": {"lon": -123.1247683858099, "lat": 49.249051323884615}}}, {"type": "Feature", "geometry": {"coordinates": [-123.12036966463364, 49.24907242482712], "type": "Point"}, "properties": {"cover_elevation_m": 73.56, "type": "Combined", "geo_local_area": "South Cambie", "geo_point_2d": {"lon": -123.12036966463364, "lat": 49.24907242482712}}}, {"type": "Feature", "geometry": {"coordinates": [-123.12068655153644, 49.24921395799665], "type": "Point"}, "properties": {"cover_elevation_m": 72.96, "type": "Combined", "geo_local_area": "South Cambie", "geo_point_2d": {"lon": -123.12068655153644, "lat": 49.24921395799665}}}, {"type": "Feature", "geometry": {"coordinates": [-123.12037340257501, 49.248976549777225], "type": "Point"}, "properties": {"cover_elevation_m": 73.66, "type": "Combined", "geo_local_area": "South Cambie", "geo_point_2d": {"lon": -123.12037340257501, "lat": 49.248976549777225}}}, {"type": "Feature", "geometry": {"coordinates": [-123.1194020545027, 49.24895931542417], "type": "Point"}, "properties": {"cover_elevation_m": 72.75, "type": "Combined", "geo_local_area": "South Cambie", "geo_point_2d": {"lon": -123.1194020545027, "lat": 49.24895931542417}}}, {"type": "Feature", "geometry": {"coordinates": [-123.12041106950964, 49.24807419898193], "type": "Point"}, "properties": {"cover_elevation_m": 75.04, "type": "Combined", "geo_local_area": "South Cambie", "geo_point_2d": {"lon": -123.12041106950964, "lat": 49.24807419898193}}}, {"type": "Feature", "geometry": {"coordinates": [-123.12045043070947, 49.247112009980114], "type": "Point"}, "properties": {"cover_elevation_m": 75.69, "type": "Combined", "geo_local_area": "South Cambie", "geo_point_2d": {"lon": -123.12045043070947, "lat": 49.247112009980114}}}, {"type": "Feature", "geometry": {"coordinates": [-123.11966008735776, 49.25071569058023], "type": "Point"}, "properties": {"cover_elevation_m": 62.66, "type": "Combined", "geo_local_area": "South Cambie", "geo_point_2d": {"lon": -123.11966008735776, "lat": 49.25071569058023}}}, {"type": "Feature", "geometry": {"coordinates": [-123.1244336129893, 49.24809559989439], "type": "Point"}, "properties": {"cover_elevation_m": 70.58, "type": "Storm", "geo_local_area": "South Cambie", "geo_point_2d": {"lon": -123.1244336129893, "lat": 49.24809559989439}}}, {"type": "Feature", "geometry": {"coordinates": [-123.10794606080515, 49.243243708886325], "type": "Point"}, "properties": {"cover_elevation_m": 73.4, "type": "Storm", "geo_local_area": "Riley Park", "geo_point_2d": {"lon": -123.10794606080515, "lat": 49.243243708886325}}}, {"type": "Feature", "geometry": {"coordinates": [-123.11440542021884, 49.25602152020746], "type": "Point"}, "properties": {"cover_elevation_m": 56.22, "type": "Combined", "geo_local_area": "Riley Park", "geo_point_2d": {"lon": -123.11440542021884, "lat": 49.25602152020746}}}, {"type": "Feature", "geometry": {"coordinates": [-123.11551577507316, 49.25010325881581], "type": "Point"}, "properties": {"cover_elevation_m": 64.11, "type": "Storm", "geo_local_area": "South Cambie", "geo_point_2d": {"lon": -123.11551577507316, "lat": 49.25010325881581}}}, {"type": "Feature", "geometry": {"coordinates": [-123.11264282671057, 49.254116589376395], "type": "Point"}, "properties": {"cover_elevation_m": 60.55, "type": "Combined", "geo_local_area": "Riley Park", "geo_point_2d": {"lon": -123.11264282671057, "lat": 49.254116589376395}}}, {"type": "Feature", "geometry": {"coordinates": [-123.11442955793275, 49.25546524097746], "type": "Point"}, "properties": {"cover_elevation_m": 58.18, "type": "Combined", "geo_local_area": "Riley Park", "geo_point_2d": {"lon": -123.11442955793275, "lat": 49.25546524097746}}}, {"type": "Feature", "geometry": {"coordinates": [-123.1073769936901, 49.24482193175159], "type": "Point"}, "properties": {"cover_elevation_m": 72.11, "type": "Sanitary", "geo_local_area": "Riley Park", "geo_point_2d": {"lon": -123.1073769936901, "lat": 49.24482193175159}}}, {"type": "Feature", "geometry": {"coordinates": [-123.10872394576003, 49.2460026188282], "type": "Point"}, "properties": {"cover_elevation_m": 70.56, "type": "Sanitary", "geo_local_area": "Riley Park", "geo_point_2d": {"lon": -123.10872394576003, "lat": 49.2460026188282}}}, {"type": "Feature", "geometry": {"coordinates": [-123.12465794921252, 49.25016871347325], "type": "Point"}, "properties": {"cover_elevation_m": 63.21, "type": "Combined", "geo_local_area": "South Cambie", "geo_point_2d": {"lon": -123.12465794921252, "lat": 49.25016871347325}}}, {"type": "Feature", "geometry": {"coordinates": [-123.11847891927374, 49.25339072043194], "type": "Point"}, "properties": {"cover_elevation_m": 56.33, "type": "Storm", "geo_local_area": "South Cambie", "geo_point_2d": {"lon": -123.11847891927374, "lat": 49.25339072043194}}}, {"type": "Feature", "geometry": {"coordinates": [-123.12397916781775, 49.25076880486966], "type": "Point"}, "properties": {"cover_elevation_m": 60.47, "type": "Combined", "geo_local_area": "South Cambie", "geo_point_2d": {"lon": -123.12397916781775, "lat": 49.25076880486966}}}, {"type": "Feature", "geometry": {"coordinates": [-123.12400598979748, 49.2500773219463], "type": "Point"}, "properties": {"cover_elevation_m": 63.55, "type": "Combined", "geo_local_area": "South Cambie", "geo_point_2d": {"lon": -123.12400598979748, "lat": 49.2500773219463}}}, {"type": "Feature", "geometry": {"coordinates": [-123.12437307535053, 49.24967186322793], "type": "Point"}, "properties": {"cover_elevation_m": 65.72, "type": "Combined", "geo_local_area": "South Cambie", "geo_point_2d": {"lon": -123.12437307535053, "lat": 49.24967186322793}}}, {"type": "Feature", "geometry": {"coordinates": [-123.12282856969473, 49.253408980936484], "type": "Point"}, "properties": {"cover_elevation_m": 52.01, "type": "Storm", "geo_local_area": "South Cambie", "geo_point_2d": {"lon": -123.12282856969473, "lat": 49.253408980936484}}}, {"type": "Feature", "geometry": {"coordinates": [-123.12459631503914, 49.252595961779825], "type": "Point"}, "properties": {"cover_elevation_m": 56.48, "type": "Combined", "geo_local_area": "South Cambie", "geo_point_2d": {"lon": -123.12459631503914, "lat": 49.252595961779825}}}, {"type": "Feature", "geometry": {"coordinates": [-123.10505630526202, 49.24731872244075], "type": "Point"}, "properties": {"cover_elevation_m": 77.09, "type": "Combined", "geo_local_area": "Riley Park", "geo_point_2d": {"lon": -123.10505630526202, "lat": 49.24731872244075}}}, {"type": "Feature", "geometry": {"coordinates": [-123.10728099539517, 49.25279284643252], "type": "Point"}, "properties": {"cover_elevation_m": 64.79, "type": "Storm", "geo_local_area": "Riley Park", "geo_point_2d": {"lon": -123.10728099539517, "lat": 49.25279284643252}}}, {"type": "Feature", "geometry": {"coordinates": [-123.10731001839463, 49.25235574157951], "type": "Point"}, "properties": {"cover_elevation_m": 65.74, "type": "Sanitary", "geo_local_area": "Riley Park", "geo_point_2d": {"lon": -123.10731001839463, "lat": 49.25235574157951}}}, {"type": "Feature", "geometry": {"coordinates": [-123.12224627585897, 49.250726988623605], "type": "Point"}, "properties": {"cover_elevation_m": 62.638, "type": "Sanitary", "geo_local_area": "South Cambie", "geo_point_2d": {"lon": -123.12224627585897, "lat": 49.250726988623605}}}, {"type": "Feature", "geometry": {"coordinates": [-123.12227655884767, 49.25013074391386], "type": "Point"}, "properties": {"cover_elevation_m": 66.368, "type": "Storm", "geo_local_area": "South Cambie", "geo_point_2d": {"lon": -123.12227655884767, "lat": 49.25013074391386}}}, {"type": "Feature", "geometry": {"coordinates": [-123.11516716302694, 49.24892508800417], "type": "Point"}, "properties": {"cover_elevation_m": 69.04, "type": "Combined", "geo_local_area": "Riley Park", "geo_point_2d": {"lon": -123.11516716302694, "lat": 49.24892508800417}}}, {"type": "Feature", "geometry": {"coordinates": [-123.11515279575559, 49.248797406048], "type": "Point"}, "properties": {"cover_elevation_m": 69.56, "type": "Storm", "geo_local_area": "Riley Park", "geo_point_2d": {"lon": -123.11515279575559, "lat": 49.248797406048}}}, {"type": "Feature", "geometry": {"coordinates": [-123.12764155349868, 49.24631627938202], "type": "Point"}, "properties": {"cover_elevation_m": 68.081, "type": "Storm", "geo_local_area": "Shaughnessy", "geo_point_2d": {"lon": -123.12764155349868, "lat": 49.24631627938202}}}, {"type": "Feature", "geometry": {"coordinates": [-123.12234085950064, 49.249038106373476], "type": "Point"}, "properties": {"cover_elevation_m": 69.19, "type": "Combined", "geo_local_area": "South Cambie", "geo_point_2d": {"lon": -123.12234085950064, "lat": 49.249038106373476}}}, {"type": "Feature", "geometry": {"coordinates": [-123.1249379636312, 49.247997016554194], "type": "Point"}, "properties": {"cover_elevation_m": 70.62, "type": "Sanitary", "geo_local_area": "South Cambie", "geo_point_2d": {"lon": -123.1249379636312, "lat": 49.247997016554194}}}, {"type": "Feature", "geometry": {"coordinates": [-123.12442037619496, 49.2490724421927], "type": "Point"}, "properties": {"cover_elevation_m": 68.619, "type": "Sanitary", "geo_local_area": "South Cambie", "geo_point_2d": {"lon": -123.12442037619496, "lat": 49.2490724421927}}}, {"type": "Feature", "geometry": {"coordinates": [-123.11605242677953, 49.253797140718845], "type": "Point"}, "properties": {"cover_elevation_m": 58.31, "type": "Sanitary", "geo_local_area": "South Cambie", "geo_point_2d": {"lon": -123.11605242677953, "lat": 49.253797140718845}}}, {"type": "Feature", "geometry": {"coordinates": [-123.12837263604425, 49.24931605376799], "type": "Point"}, "properties": {"cover_elevation_m": 68.82, "type": "Sanitary", "geo_local_area": "Shaughnessy", "geo_point_2d": {"lon": -123.12837263604425, "lat": 49.24931605376799}}}, {"type": "Feature", "geometry": {"coordinates": [-123.12833465015235, 49.24999731364552], "type": "Point"}, "properties": {"cover_elevation_m": 70.49, "type": "Storm", "geo_local_area": "Shaughnessy", "geo_point_2d": {"lon": -123.12833465015235, "lat": 49.24999731364552}}}, {"type": "Feature", "geometry": {"coordinates": [-123.11659453884575, 49.24705535585538], "type": "Point"}, "properties": {"cover_elevation_m": 75.84, "type": "Sanitary", "geo_local_area": "South Cambie", "geo_point_2d": {"lon": -123.11659453884575, "lat": 49.24705535585538}}}, {"type": "Feature", "geometry": {"coordinates": [-123.11667134041336, 49.24518709419263], "type": "Point"}, "properties": {"cover_elevation_m": 85.22, "type": "Sanitary", "geo_local_area": "South Cambie", "geo_point_2d": {"lon": -123.11667134041336, "lat": 49.24518709419263}}}, {"type": "Feature", "geometry": {"coordinates": [-123.11661772829922, 49.246126160854935], "type": "Point"}, "properties": {"cover_elevation_m": 80.3, "type": "Storm", "geo_local_area": "South Cambie", "geo_point_2d": {"lon": -123.11661772829922, "lat": 49.246126160854935}}}, {"type": "Feature", "geometry": {"coordinates": [-123.11654165861759, 49.24796823632059], "type": "Point"}, "properties": {"cover_elevation_m": 73.16, "type": "Storm", "geo_local_area": "South Cambie", "geo_point_2d": {"lon": -123.11654165861759, "lat": 49.24796823632059}}}, {"type": "Feature", "geometry": {"coordinates": [-123.11606734697098, 49.25374289353856], "type": "Point"}, "properties": {"cover_elevation_m": 58.26, "type": "Sanitary", "geo_local_area": "South Cambie", "geo_point_2d": {"lon": -123.11606734697098, "lat": 49.25374289353856}}}, {"type": "Feature", "geometry": {"coordinates": [-123.12313372845925, 49.246688420237554], "type": "Point"}, "properties": {"cover_elevation_m": null, "type": "Sanitary", "geo_local_area": "South Cambie", "geo_point_2d": {"lon": -123.12313372845925, "lat": 49.246688420237554}}}, {"type": "Feature", "geometry": {"coordinates": [-123.11648002943468, 49.24914636776276], "type": "Point"}, "properties": {"cover_elevation_m": 68.3, "type": "Sanitary", "geo_local_area": "South Cambie", "geo_point_2d": {"lon": -123.11648002943468, "lat": 49.24914636776276}}}, {"type": "Feature", "geometry": {"coordinates": [-123.11837577310581, 49.25109755669034], "type": "Point"}, "properties": {"cover_elevation_m": 57.77, "type": "Storm", "geo_local_area": "South Cambie", "geo_point_2d": {"lon": -123.11837577310581, "lat": 49.25109755669034}}}, {"type": "Feature", "geometry": {"coordinates": [-123.11469621829538, 49.249410939057334], "type": "Point"}, "properties": {"cover_elevation_m": 66.39, "type": "Sanitary", "geo_local_area": "Riley Park", "geo_point_2d": {"lon": -123.11469621829538, "lat": 49.249410939057334}}}, {"type": "Feature", "geometry": {"coordinates": [-123.11752967964266, 49.25002261835293], "type": "Point"}, "properties": {"cover_elevation_m": null, "type": "Storm", "geo_local_area": "South Cambie", "geo_point_2d": {"lon": -123.11752967964266, "lat": 49.25002261835293}}}, {"type": "Feature", "geometry": {"coordinates": [-123.11609836802643, 49.249250871701626], "type": "Point"}, "properties": {"cover_elevation_m": 68.24, "type": "Storm", "geo_local_area": "South Cambie", "geo_point_2d": {"lon": -123.11609836802643, "lat": 49.249250871701626}}}, {"type": "Feature", "geometry": {"coordinates": [-123.120121686652, 49.25433311762783], "type": "Point"}, "properties": {"cover_elevation_m": null, "type": "Storm", "geo_local_area": "South Cambie", "geo_point_2d": {"lon": -123.120121686652, "lat": 49.25433311762783}}}, {"type": "Feature", "geometry": {"coordinates": [-123.1063662914041, 49.248325268483995], "type": "Point"}, "properties": {"cover_elevation_m": 71.07, "type": "Storm", "geo_local_area": "Riley Park", "geo_point_2d": {"lon": -123.1063662914041, "lat": 49.248325268483995}}}, {"type": "Feature", "geometry": {"coordinates": [-123.110110554085, 49.24838506000991], "type": "Point"}, "properties": {"cover_elevation_m": 67.31, "type": "Storm", "geo_local_area": "Riley Park", "geo_point_2d": {"lon": -123.110110554085, "lat": 49.24838506000991}}}, {"type": "Feature", "geometry": {"coordinates": [-123.1195906426541, 49.2443223385465], "type": "Point"}, "properties": {"cover_elevation_m": 82.61, "type": "Storm", "geo_local_area": "South Cambie", "geo_point_2d": {"lon": -123.1195906426541, "lat": 49.2443223385465}}}, {"type": "Feature", "geometry": {"coordinates": [-123.11861543098739, 49.244305830203466], "type": "Point"}, "properties": {"cover_elevation_m": 85.61, "type": "Storm", "geo_local_area": "South Cambie", "geo_point_2d": {"lon": -123.11861543098739, "lat": 49.244305830203466}}}, {"type": "Feature", "geometry": {"coordinates": [-123.11818067953467, 49.24423103059675], "type": "Point"}, "properties": {"cover_elevation_m": 87.15, "type": "Sanitary", "geo_local_area": "South Cambie", "geo_point_2d": {"lon": -123.11818067953467, "lat": 49.24423103059675}}}, {"type": "Feature", "geometry": {"coordinates": [-123.11821356411848, 49.24422802852447], "type": "Point"}, "properties": {"cover_elevation_m": 87.0, "type": "Storm", "geo_local_area": "South Cambie", "geo_point_2d": {"lon": -123.11821356411848, "lat": 49.24422802852447}}}, {"type": "Feature", "geometry": {"coordinates": [-123.11846243649265, 49.243774179768934], "type": "Point"}, "properties": {"cover_elevation_m": 87.07, "type": "Sanitary", "geo_local_area": "South Cambie", "geo_point_2d": {"lon": -123.11846243649265, "lat": 49.243774179768934}}}, {"type": "Feature", "geometry": {"coordinates": [-123.11853231499758, 49.243780485718084], "type": "Point"}, "properties": {"cover_elevation_m": 86.89, "type": "Sanitary", "geo_local_area": "South Cambie", "geo_point_2d": {"lon": -123.11853231499758, "lat": 49.243780485718084}}}, {"type": "Feature", "geometry": {"coordinates": [-123.1212263334099, 49.247113006471444], "type": "Point"}, "properties": {"cover_elevation_m": 71.69, "type": "Storm", "geo_local_area": "South Cambie", "geo_point_2d": {"lon": -123.1212263334099, "lat": 49.247113006471444}}}, {"type": "Feature", "geometry": {"coordinates": [-123.1223604577012, 49.24713821187387], "type": "Point"}, "properties": {"cover_elevation_m": 71.56, "type": "Storm", "geo_local_area": "South Cambie", "geo_point_2d": {"lon": -123.1223604577012, "lat": 49.24713821187387}}}, {"type": "Feature", "geometry": {"coordinates": [-123.11738967245586, 49.24955249017052], "type": "Point"}, "properties": {"cover_elevation_m": 62.55, "type": "Sanitary", "geo_local_area": "South Cambie", "geo_point_2d": {"lon": -123.11738967245586, "lat": 49.24955249017052}}}, {"type": "Feature", "geometry": {"coordinates": [-123.11737349073739, 49.24956033246007], "type": "Point"}, "properties": {"cover_elevation_m": 62.53, "type": "Storm", "geo_local_area": "South Cambie", "geo_point_2d": {"lon": -123.11737349073739, "lat": 49.24956033246007}}}, {"type": "Feature", "geometry": {"coordinates": [-123.10981111546924, 49.24886474577102], "type": "Point"}, "properties": {"cover_elevation_m": 67.08, "type": "Storm", "geo_local_area": "Riley Park", "geo_point_2d": {"lon": -123.10981111546924, "lat": 49.24886474577102}}}, {"type": "Feature", "geometry": {"coordinates": [-123.12011250456405, 49.25609916766103], "type": "Point"}, "properties": {"cover_elevation_m": 52.95, "type": "Sanitary", "geo_local_area": "South Cambie", "geo_point_2d": {"lon": -123.12011250456405, "lat": 49.25609916766103}}}, {"type": "Feature", "geometry": {"coordinates": [-123.11276782047591, 49.253421370685146], "type": "Point"}, "properties": {"cover_elevation_m": 62.7, "type": "Sanitary", "geo_local_area": "Riley Park", "geo_point_2d": {"lon": -123.11276782047591, "lat": 49.253421370685146}}}, {"type": "Feature", "geometry": {"coordinates": [-123.11278730655341, 49.25341543280782], "type": "Point"}, "properties": {"cover_elevation_m": 62.76, "type": "Storm", "geo_local_area": "Riley Park", "geo_point_2d": {"lon": -123.11278730655341, "lat": 49.25341543280782}}}, {"type": "Feature", "geometry": {"coordinates": [-123.11112212215855, 49.253393074131374], "type": "Point"}, "properties": {"cover_elevation_m": 62.7, "type": "Sanitary", "geo_local_area": "Riley Park", "geo_point_2d": {"lon": -123.11112212215855, "lat": 49.253393074131374}}}, {"type": "Feature", "geometry": {"coordinates": [-123.11710536170536, 49.244654245054846], "type": "Point"}, "properties": {"cover_elevation_m": 89.99, "type": "Sanitary", "geo_local_area": "South Cambie", "geo_point_2d": {"lon": -123.11710536170536, "lat": 49.244654245054846}}}, {"type": "Feature", "geometry": {"coordinates": [-123.1126715255147, 49.25630463951651], "type": "Point"}, "properties": {"cover_elevation_m": 54.22, "type": "Combined", "geo_local_area": "Riley Park", "geo_point_2d": {"lon": -123.1126715255147, "lat": 49.25630463951651}}}, {"type": "Feature", "geometry": {"coordinates": [-123.11156490082176, 49.25627924047763], "type": "Point"}, "properties": {"cover_elevation_m": 55.49, "type": "Storm", "geo_local_area": "Riley Park", "geo_point_2d": {"lon": -123.11156490082176, "lat": 49.25627924047763}}}, {"type": "Feature", "geometry": {"coordinates": [-123.10803658091098, 49.24336693099168], "type": "Point"}, "properties": {"cover_elevation_m": 73.18, "type": "Sanitary", "geo_local_area": "Riley Park", "geo_point_2d": {"lon": -123.10803658091098, "lat": 49.24336693099168}}}, {"type": "Feature", "geometry": {"coordinates": [-123.11467927604268, 49.249428739442635], "type": "Point"}, "properties": {"cover_elevation_m": 66.23, "type": "Combined", "geo_local_area": "Riley Park", "geo_point_2d": {"lon": -123.11467927604268, "lat": 49.249428739442635}}}, {"type": "Feature", "geometry": {"coordinates": [-123.11675677074297, 49.24095554870955], "type": "Point"}, "properties": {"cover_elevation_m": 102.95, "type": "Storm", "geo_local_area": "Riley Park", "geo_point_2d": {"lon": -123.11675677074297, "lat": 49.24095554870955}}}, {"type": "Feature", "geometry": {"coordinates": [-123.12279370146831, 49.242309136351906], "type": "Point"}, "properties": {"cover_elevation_m": 79.44, "type": "Combined", "geo_local_area": "South Cambie", "geo_point_2d": {"lon": -123.12279370146831, "lat": 49.242309136351906}}}, {"type": "Feature", "geometry": {"coordinates": [-123.10803152419655, 49.24337917823888], "type": "Point"}, "properties": {"cover_elevation_m": 73.17, "type": "Storm", "geo_local_area": "Riley Park", "geo_point_2d": {"lon": -123.10803152419655, "lat": 49.24337917823888}}}, {"type": "Feature", "geometry": {"coordinates": [-123.11838480385626, 49.25066773752736], "type": "Point"}, "properties": {"cover_elevation_m": 58.45, "type": "Storm", "geo_local_area": "South Cambie", "geo_point_2d": {"lon": -123.11838480385626, "lat": 49.25066773752736}}}, {"type": "Feature", "geometry": {"coordinates": [-123.11838750293404, 49.25007253856563], "type": "Point"}, "properties": {"cover_elevation_m": 61.91, "type": "Storm", "geo_local_area": "South Cambie", "geo_point_2d": {"lon": -123.11838750293404, "lat": 49.25007253856563}}}, {"type": "Feature", "geometry": {"coordinates": [-123.10817605441412, 49.25428264603257], "type": "Point"}, "properties": {"cover_elevation_m": 62.16, "type": "Sanitary", "geo_local_area": "Riley Park", "geo_point_2d": {"lon": -123.10817605441412, "lat": 49.25428264603257}}}, {"type": "Feature", "geometry": {"coordinates": [-123.10721446954187, 49.25426367192615], "type": "Point"}, "properties": {"cover_elevation_m": 60.89, "type": "Storm", "geo_local_area": "Riley Park", "geo_point_2d": {"lon": -123.10721446954187, "lat": 49.25426367192615}}}, {"type": "Feature", "geometry": {"coordinates": [-123.11253040378816, 49.25659523262463], "type": "Point"}, "properties": {"cover_elevation_m": 53.27, "type": "Combined", "geo_local_area": "Riley Park", "geo_point_2d": {"lon": -123.11253040378816, "lat": 49.25659523262463}}}, {"type": "Feature", "geometry": {"coordinates": [-123.11809160078442, 49.2569941792013], "type": "Point"}, "properties": {"cover_elevation_m": 53.59, "type": "Combined", "geo_local_area": "Fairview", "geo_point_2d": {"lon": -123.11809160078442, "lat": 49.2569941792013}}}, {"type": "Feature", "geometry": {"coordinates": [-123.11309708931466, 49.25680851359372], "type": "Point"}, "properties": {"cover_elevation_m": 52.4, "type": "Combined", "geo_local_area": "Riley Park", "geo_point_2d": {"lon": -123.11309708931466, "lat": 49.25680851359372}}}, {"type": "Feature", "geometry": {"coordinates": [-123.11815723320505, 49.249565722284345], "type": "Point"}, "properties": {"cover_elevation_m": 64.88, "type": "Combined", "geo_local_area": "South Cambie", "geo_point_2d": {"lon": -123.11815723320505, "lat": 49.249565722284345}}}, {"type": "Feature", "geometry": {"coordinates": [-123.11843335748144, 49.24918844052172], "type": "Point"}, "properties": {"cover_elevation_m": 70.33, "type": "Sanitary", "geo_local_area": "South Cambie", "geo_point_2d": {"lon": -123.11843335748144, "lat": 49.24918844052172}}}, {"type": "Feature", "geometry": {"coordinates": [-123.11849888043574, 49.24893903457393], "type": "Point"}, "properties": {"cover_elevation_m": 70.78, "type": "Storm", "geo_local_area": "South Cambie", "geo_point_2d": {"lon": -123.11849888043574, "lat": 49.24893903457393}}}, {"type": "Feature", "geometry": {"coordinates": [-123.12047093842541, 49.243353824232955], "type": "Point"}, "properties": {"cover_elevation_m": 84.56, "type": "Combined", "geo_local_area": "South Cambie", "geo_point_2d": {"lon": -123.12047093842541, "lat": 49.243353824232955}}}, {"type": "Feature", "geometry": {"coordinates": [-123.1184155113783, 49.24328326778921], "type": "Point"}, "properties": {"cover_elevation_m": 88.74, "type": "Combined", "geo_local_area": "South Cambie", "geo_point_2d": {"lon": -123.1184155113783, "lat": 49.24328326778921}}}, {"type": "Feature", "geometry": {"coordinates": [-123.11920598008412, 49.2433103221087], "type": "Point"}, "properties": {"cover_elevation_m": 86.76, "type": "Combined", "geo_local_area": "South Cambie", "geo_point_2d": {"lon": -123.11920598008412, "lat": 49.2433103221087}}}, {"type": "Feature", "geometry": {"coordinates": [-123.11860961859445, 49.24431701725026], "type": "Point"}, "properties": {"cover_elevation_m": 85.66, "type": "Combined", "geo_local_area": "South Cambie", "geo_point_2d": {"lon": -123.11860961859445, "lat": 49.24431701725026}}}, {"type": "Feature", "geometry": {"coordinates": [-123.12590681630195, 49.252610444606965], "type": "Point"}, "properties": {"cover_elevation_m": 60.84, "type": "Storm", "geo_local_area": "South Cambie", "geo_point_2d": {"lon": -123.12590681630195, "lat": 49.252610444606965}}}, {"type": "Feature", "geometry": {"coordinates": [-123.12589781393864, 49.25354460836447], "type": "Point"}, "properties": {"cover_elevation_m": 58.52, "type": "Combined", "geo_local_area": "South Cambie", "geo_point_2d": {"lon": -123.12589781393864, "lat": 49.25354460836447}}}, {"type": "Feature", "geometry": {"coordinates": [-123.12689173543558, 49.25126168442961], "type": "Point"}, "properties": {"cover_elevation_m": 70.06, "type": "Storm", "geo_local_area": "South Cambie", "geo_point_2d": {"lon": -123.12689173543558, "lat": 49.25126168442961}}}, {"type": "Feature", "geometry": {"coordinates": [-123.12826781882906, 49.250688419251134], "type": "Point"}, "properties": {"cover_elevation_m": 72.12, "type": "Combined", "geo_local_area": "Shaughnessy", "geo_point_2d": {"lon": -123.12826781882906, "lat": 49.250688419251134}}}, {"type": "Feature", "geometry": {"coordinates": [-123.12735193149328, 49.251257669934326], "type": "Point"}, "properties": {"cover_elevation_m": 71.39, "type": "Sanitary", "geo_local_area": "South Cambie", "geo_point_2d": {"lon": -123.12735193149328, "lat": 49.251257669934326}}}, {"type": "Feature", "geometry": {"coordinates": [-123.1275856716137, 49.2513119231176], "type": "Point"}, "properties": {"cover_elevation_m": 71.4, "type": "Sanitary", "geo_local_area": "Shaughnessy", "geo_point_2d": {"lon": -123.1275856716137, "lat": 49.2513119231176}}}, {"type": "Feature", "geometry": {"coordinates": [-123.12595906344805, 49.25171455321857], "type": "Point"}, "properties": {"cover_elevation_m": 64.47, "type": "Sanitary", "geo_local_area": "South Cambie", "geo_point_2d": {"lon": -123.12595906344805, "lat": 49.25171455321857}}}, {"type": "Feature", "geometry": {"coordinates": [-123.1267338180285, 49.25262374385385], "type": "Point"}, "properties": {"cover_elevation_m": 64.34, "type": "Storm", "geo_local_area": "South Cambie", "geo_point_2d": {"lon": -123.1267338180285, "lat": 49.25262374385385}}}, {"type": "Feature", "geometry": {"coordinates": [-123.1256871684601, 49.25082324250937], "type": "Point"}, "properties": {"cover_elevation_m": 66.03, "type": "Combined", "geo_local_area": "South Cambie", "geo_point_2d": {"lon": -123.1256871684601, "lat": 49.25082324250937}}}, {"type": "Feature", "geometry": {"coordinates": [-123.11228033520185, 49.24697055845234], "type": "Point"}, "properties": {"cover_elevation_m": 72.86, "type": "Combined", "geo_local_area": "Riley Park", "geo_point_2d": {"lon": -123.11228033520185, "lat": 49.24697055845234}}}, {"type": "Feature", "geometry": {"coordinates": [-123.11439165789362, 49.24725279054058], "type": "Point"}, "properties": {"cover_elevation_m": 77.03, "type": "Combined", "geo_local_area": "Riley Park", "geo_point_2d": {"lon": -123.11439165789362, "lat": 49.24725279054058}}}, {"type": "Feature", "geometry": {"coordinates": [-123.11657244903469, 49.24704544741004], "type": "Point"}, "properties": {"cover_elevation_m": 75.88, "type": "Combined", "geo_local_area": "South Cambie", "geo_point_2d": {"lon": -123.11657244903469, "lat": 49.24704544741004}}}, {"type": "Feature", "geometry": {"coordinates": [-123.11233775194162, 49.24561877992797], "type": "Point"}, "properties": {"cover_elevation_m": 81.21, "type": "Combined", "geo_local_area": "Riley Park", "geo_point_2d": {"lon": -123.11233775194162, "lat": 49.24561877992797}}}, {"type": "Feature", "geometry": {"coordinates": [-123.1114275091068, 49.24951149323759], "type": "Point"}, "properties": {"cover_elevation_m": 67.65, "type": "Combined", "geo_local_area": "Riley Park", "geo_point_2d": {"lon": -123.1114275091068, "lat": 49.24951149323759}}}, {"type": "Feature", "geometry": {"coordinates": [-123.11231909655221, 49.24605019150124], "type": "Point"}, "properties": {"cover_elevation_m": 78.04, "type": "Combined", "geo_local_area": "Riley Park", "geo_point_2d": {"lon": -123.11231909655221, "lat": 49.24605019150124}}}, {"type": "Feature", "geometry": {"coordinates": [-123.11523679537606, 49.246100983612095], "type": "Point"}, "properties": {"cover_elevation_m": 80.11, "type": "Combined", "geo_local_area": "Riley Park", "geo_point_2d": {"lon": -123.11523679537606, "lat": 49.246100983612095}}}, {"type": "Feature", "geometry": {"coordinates": [-123.11446245040334, 49.24566137372269], "type": "Point"}, "properties": {"cover_elevation_m": 82.0, "type": "Combined", "geo_local_area": "Riley Park", "geo_point_2d": {"lon": -123.11446245040334, "lat": 49.24566137372269}}}, {"type": "Feature", "geometry": {"coordinates": [-123.10697909908296, 49.24585158959834], "type": "Point"}, "properties": {"cover_elevation_m": 72.68, "type": "Combined", "geo_local_area": "Riley Park", "geo_point_2d": {"lon": -123.10697909908296, "lat": 49.24585158959834}}}, {"type": "Feature", "geometry": {"coordinates": [-123.127583940413, 49.25153595113404], "type": "Point"}, "properties": {"cover_elevation_m": 70.89, "type": "Combined", "geo_local_area": "Shaughnessy", "geo_point_2d": {"lon": -123.127583940413, "lat": 49.25153595113404}}}, {"type": "Feature", "geometry": {"coordinates": [-123.1151474874187, 49.25691307261875], "type": "Point"}, "properties": {"cover_elevation_m": 54.43, "type": "Storm", "geo_local_area": "Fairview", "geo_point_2d": {"lon": -123.1151474874187, "lat": 49.25691307261875}}}, {"type": "Feature", "geometry": {"coordinates": [-123.12338242070862, 49.24669928201374], "type": "Point"}, "properties": {"cover_elevation_m": 72.66, "type": "Combined", "geo_local_area": "South Cambie", "geo_point_2d": {"lon": -123.12338242070862, "lat": 49.24669928201374}}}, {"type": "Feature", "geometry": {"coordinates": [-123.1248647595109, 49.24617879036426], "type": "Point"}, "properties": {"cover_elevation_m": 70.75, "type": "Storm", "geo_local_area": "South Cambie", "geo_point_2d": {"lon": -123.1248647595109, "lat": 49.24617879036426}}}, {"type": "Feature", "geometry": {"coordinates": [-123.12751402591253, 49.251760450205616], "type": "Point"}, "properties": {"cover_elevation_m": 70.44, "type": "Combined", "geo_local_area": "Shaughnessy", "geo_point_2d": {"lon": -123.12751402591253, "lat": 49.251760450205616}}}, {"type": "Feature", "geometry": {"coordinates": [-123.11836597590532, 49.25109765668046], "type": "Point"}, "properties": {"cover_elevation_m": 57.87, "type": "Storm", "geo_local_area": "South Cambie", "geo_point_2d": {"lon": -123.11836597590532, "lat": 49.25109765668046}}}, {"type": "Feature", "geometry": {"coordinates": [-123.12110894549718, 49.25069986047624], "type": "Point"}, "properties": {"cover_elevation_m": 68.63, "type": "Sanitary", "geo_local_area": "South Cambie", "geo_point_2d": {"lon": -123.12110894549718, "lat": 49.25069986047624}}}, {"type": "Feature", "geometry": {"coordinates": [-123.121129454123, 49.250713952486855], "type": "Point"}, "properties": {"cover_elevation_m": 68.54, "type": "Storm", "geo_local_area": "South Cambie", "geo_point_2d": {"lon": -123.121129454123, "lat": 49.250713952486855}}}, {"type": "Feature", "geometry": {"coordinates": [-123.12026905988388, 49.25012049171634], "type": "Point"}, "properties": {"cover_elevation_m": 71.17, "type": "Combined", "geo_local_area": "South Cambie", "geo_point_2d": {"lon": -123.12026905988388, "lat": 49.25012049171634}}}, {"type": "Feature", "geometry": {"coordinates": [-123.1222271930233, 49.25014953321033], "type": "Point"}, "properties": {"cover_elevation_m": 66.34, "type": "Combined", "geo_local_area": "South Cambie", "geo_point_2d": {"lon": -123.1222271930233, "lat": 49.25014953321033}}}, {"type": "Feature", "geometry": {"coordinates": [-123.1212398113445, 49.25013717069977], "type": "Point"}, "properties": {"cover_elevation_m": 70.37, "type": "Combined", "geo_local_area": "South Cambie", "geo_point_2d": {"lon": -123.1212398113445, "lat": 49.25013717069977}}}, {"type": "Feature", "geometry": {"coordinates": [-123.12099139658292, 49.250730297553304], "type": "Point"}, "properties": {"cover_elevation_m": 68.55, "type": "Storm", "geo_local_area": "South Cambie", "geo_point_2d": {"lon": -123.12099139658292, "lat": 49.250730297553304}}}, {"type": "Feature", "geometry": {"coordinates": [-123.12214637965036, 49.25388539852266], "type": "Point"}, "properties": {"cover_elevation_m": 51.55, "type": "Combined", "geo_local_area": "South Cambie", "geo_point_2d": {"lon": -123.12214637965036, "lat": 49.25388539852266}}}, {"type": "Feature", "geometry": {"coordinates": [-123.1165373787221, 49.24389620610551], "type": "Point"}, "properties": {"cover_elevation_m": 92.05, "type": "Storm", "geo_local_area": "Riley Park", "geo_point_2d": {"lon": -123.1165373787221, "lat": 49.24389620610551}}}, {"type": "Feature", "geometry": {"coordinates": [-123.11561702730839, 49.24724162202639], "type": "Point"}, "properties": {"cover_elevation_m": 69.37, "type": "Storm", "geo_local_area": "South Cambie", "geo_point_2d": {"lon": -123.11561702730839, "lat": 49.24724162202639}}}, {"type": "Feature", "geometry": {"coordinates": [-123.12461971366636, 49.25117532063189], "type": "Point"}, "properties": {"cover_elevation_m": 61.19, "type": "Storm", "geo_local_area": "South Cambie", "geo_point_2d": {"lon": -123.12461971366636, "lat": 49.25117532063189}}}, {"type": "Feature", "geometry": {"coordinates": [-123.11329830177809, 49.247906094180294], "type": "Point"}, "properties": {"cover_elevation_m": 71.48, "type": "Combined", "geo_local_area": "Riley Park", "geo_point_2d": {"lon": -123.11329830177809, "lat": 49.247906094180294}}}, {"type": "Feature", "geometry": {"coordinates": [-123.11143220708985, 49.25434611602677], "type": "Point"}, "properties": {"cover_elevation_m": 60.33, "type": "Sanitary", "geo_local_area": "Riley Park", "geo_point_2d": {"lon": -123.11143220708985, "lat": 49.25434611602677}}}, {"type": "Feature", "geometry": {"coordinates": [-123.11250388302348, 49.25435913696698], "type": "Point"}, "properties": {"cover_elevation_m": 60.09, "type": "Sanitary", "geo_local_area": "Riley Park", "geo_point_2d": {"lon": -123.11250388302348, "lat": 49.25435913696698}}}, {"type": "Feature", "geometry": {"coordinates": [-123.11252322651801, 49.25435679736241], "type": "Point"}, "properties": {"cover_elevation_m": 60.14, "type": "Storm", "geo_local_area": "Riley Park", "geo_point_2d": {"lon": -123.11252322651801, "lat": 49.25435679736241}}}, {"type": "Feature", "geometry": {"coordinates": [-123.11600051688805, 49.256028592104016], "type": "Point"}, "properties": {"cover_elevation_m": 56.1, "type": "Storm", "geo_local_area": "South Cambie", "geo_point_2d": {"lon": -123.11600051688805, "lat": 49.256028592104016}}}, {"type": "Feature", "geometry": {"coordinates": [-123.11906792645787, 49.2560787863025], "type": "Point"}, "properties": {"cover_elevation_m": 55.02, "type": "Sanitary", "geo_local_area": "South Cambie", "geo_point_2d": {"lon": -123.11906792645787, "lat": 49.2560787863025}}}, {"type": "Feature", "geometry": {"coordinates": [-123.11684539466016, 49.25604669366528], "type": "Point"}, "properties": {"cover_elevation_m": 55.06, "type": "Storm", "geo_local_area": "South Cambie", "geo_point_2d": {"lon": -123.11684539466016, "lat": 49.25604669366528}}}, {"type": "Feature", "geometry": {"coordinates": [-123.12123063544857, 49.251642342594266], "type": "Point"}, "properties": {"cover_elevation_m": 56.0, "type": "Combined", "geo_local_area": "South Cambie", "geo_point_2d": {"lon": -123.12123063544857, "lat": 49.251642342594266}}}, {"type": "Feature", "geometry": {"coordinates": [-123.12026244465929, 49.25160018638645], "type": "Point"}, "properties": {"cover_elevation_m": 55.89, "type": "Storm", "geo_local_area": "South Cambie", "geo_point_2d": {"lon": -123.12026244465929, "lat": 49.25160018638645}}}, {"type": "Feature", "geometry": {"coordinates": [-123.12022470642346, 49.25252627504875], "type": "Point"}, "properties": {"cover_elevation_m": 53.73, "type": "Combined", "geo_local_area": "South Cambie", "geo_point_2d": {"lon": -123.12022470642346, "lat": 49.25252627504875}}}, {"type": "Feature", "geometry": {"coordinates": [-123.12018788732934, 49.25251835258369], "type": "Point"}, "properties": {"cover_elevation_m": 53.68, "type": "Combined", "geo_local_area": "South Cambie", "geo_point_2d": {"lon": -123.12018788732934, "lat": 49.25251835258369}}}, {"type": "Feature", "geometry": {"coordinates": [-123.10491491828027, 49.24872526417673], "type": "Point"}, "properties": {"cover_elevation_m": 73.83, "type": "Storm", "geo_local_area": "Riley Park", "geo_point_2d": {"lon": -123.10491491828027, "lat": 49.24872526417673}}}, {"type": "Feature", "geometry": {"coordinates": [-123.110013563581, 49.2552627841855], "type": "Point"}, "properties": {"cover_elevation_m": 59.7, "type": "Sanitary", "geo_local_area": "Riley Park", "geo_point_2d": {"lon": -123.110013563581, "lat": 49.2552627841855}}}, {"type": "Feature", "geometry": {"coordinates": [-123.11443322842888, 49.255340959393834], "type": "Point"}, "properties": {"cover_elevation_m": 58.71, "type": "Storm", "geo_local_area": "Riley Park", "geo_point_2d": {"lon": -123.11443322842888, "lat": 49.255340959393834}}}, {"type": "Feature", "geometry": {"coordinates": [-123.11266924681958, 49.25531559048301], "type": "Point"}, "properties": {"cover_elevation_m": 57.72, "type": "Storm", "geo_local_area": "Riley Park", "geo_point_2d": {"lon": -123.11266924681958, "lat": 49.25531559048301}}}, {"type": "Feature", "geometry": {"coordinates": [-123.11828697545982, 49.253379825998856], "type": "Point"}, "properties": {"cover_elevation_m": 56.85, "type": "Sanitary", "geo_local_area": "South Cambie", "geo_point_2d": {"lon": -123.11828697545982, "lat": 49.253379825998856}}}, {"type": "Feature", "geometry": {"coordinates": [-123.11431906573372, 49.24489459095161], "type": "Point"}, "properties": {"cover_elevation_m": 84.93, "type": "Storm", "geo_local_area": "Riley Park", "geo_point_2d": {"lon": -123.11431906573372, "lat": 49.24489459095161}}}, {"type": "Feature", "geometry": {"coordinates": [-123.11148198102251, 49.24602849624433], "type": "Point"}, "properties": {"cover_elevation_m": 73.65, "type": "Combined", "geo_local_area": "Riley Park", "geo_point_2d": {"lon": -123.11148198102251, "lat": 49.24602849624433}}}, {"type": "Feature", "geometry": {"coordinates": [-123.10866739266476, 49.247818116786135], "type": "Point"}, "properties": {"cover_elevation_m": 68.38, "type": "Combined", "geo_local_area": "Riley Park", "geo_point_2d": {"lon": -123.10866739266476, "lat": 49.247818116786135}}}, {"type": "Feature", "geometry": {"coordinates": [-123.1246846875766, 49.24814928259579], "type": "Point"}, "properties": {"cover_elevation_m": 70.45, "type": "Combined", "geo_local_area": "South Cambie", "geo_point_2d": {"lon": -123.1246846875766, "lat": 49.24814928259579}}}, {"type": "Feature", "geometry": {"coordinates": [-123.11063807093021, 49.25384950647541], "type": "Point"}, "properties": {"cover_elevation_m": 62.26, "type": "Combined", "geo_local_area": "Riley Park", "geo_point_2d": {"lon": -123.11063807093021, "lat": 49.25384950647541}}}, {"type": "Feature", "geometry": {"coordinates": [-123.1067158511441, 49.244068554674605], "type": "Point"}, "properties": {"cover_elevation_m": 72.43, "type": "Storm", "geo_local_area": "Riley Park", "geo_point_2d": {"lon": -123.1067158511441, "lat": 49.244068554674605}}}, {"type": "Feature", "geometry": {"coordinates": [-123.12463408355566, 49.251692530619025], "type": "Point"}, "properties": {"cover_elevation_m": 59.98, "type": "Combined", "geo_local_area": "South Cambie", "geo_point_2d": {"lon": -123.12463408355566, "lat": 49.251692530619025}}}, {"type": "Feature", "geometry": {"coordinates": [-123.1184726633707, 49.24773305292767], "type": "Point"}, "properties": {"cover_elevation_m": 77.887, "type": "Sanitary", "geo_local_area": "South Cambie", "geo_point_2d": {"lon": -123.1184726633707, "lat": 49.24773305292767}}}, {"type": "Feature", "geometry": {"coordinates": [-123.11848047933881, 49.24773212739883], "type": "Point"}, "properties": {"cover_elevation_m": 77.92, "type": "Storm", "geo_local_area": "South Cambie", "geo_point_2d": {"lon": -123.11848047933881, "lat": 49.24773212739883}}}, {"type": "Feature", "geometry": {"coordinates": [-123.12836050309531, 49.24930017267849], "type": "Point"}, "properties": {"cover_elevation_m": 68.77, "type": "Combined", "geo_local_area": "Shaughnessy", "geo_point_2d": {"lon": -123.12836050309531, "lat": 49.24930017267849}}}, {"type": "Feature", "geometry": {"coordinates": [-123.11458991189106, 49.25159207222556], "type": "Point"}, "properties": {"cover_elevation_m": 61.66, "type": "Sanitary", "geo_local_area": "Riley Park", "geo_point_2d": {"lon": -123.11458991189106, "lat": 49.25159207222556}}}, {"type": "Feature", "geometry": {"coordinates": [-123.12693433147207, 49.25263305866607], "type": "Point"}, "properties": {"cover_elevation_m": 65.27, "type": "Sanitary", "geo_local_area": "South Cambie", "geo_point_2d": {"lon": -123.12693433147207, "lat": 49.25263305866607}}}, {"type": "Feature", "geometry": {"coordinates": [-123.1183627820549, 49.241058987856015], "type": "Point"}, "properties": {"cover_elevation_m": 96.84, "type": "Combined", "geo_local_area": "Riley Park", "geo_point_2d": {"lon": -123.1183627820549, "lat": 49.241058987856015}}}, {"type": "Feature", "geometry": {"coordinates": [-123.1097495195416, 49.2523931548856], "type": "Point"}, "properties": {"cover_elevation_m": 64.62, "type": "Combined", "geo_local_area": "Riley Park", "geo_point_2d": {"lon": -123.1097495195416, "lat": 49.2523931548856}}}, {"type": "Feature", "geometry": {"coordinates": [-123.10832639045651, 49.25237271156825], "type": "Point"}, "properties": {"cover_elevation_m": 66.98, "type": "Sanitary", "geo_local_area": "Riley Park", "geo_point_2d": {"lon": -123.10832639045651, "lat": 49.25237271156825}}}, {"type": "Feature", "geometry": {"coordinates": [-123.10605983801422, 49.252333517421214], "type": "Point"}, "properties": {"cover_elevation_m": 65.06, "type": "Sanitary", "geo_local_area": "Riley Park", "geo_point_2d": {"lon": -123.10605983801422, "lat": 49.252333517421214}}}, {"type": "Feature", "geometry": {"coordinates": [-123.10791446463242, 49.24663094821461], "type": "Point"}, "properties": {"cover_elevation_m": 71.14, "type": "Combined", "geo_local_area": "Riley Park", "geo_point_2d": {"lon": -123.10791446463242, "lat": 49.24663094821461}}}, {"type": "Feature", "geometry": {"coordinates": [-123.10896987240683, 49.24600846790537], "type": "Point"}, "properties": {"cover_elevation_m": 70.34, "type": "Combined", "geo_local_area": "Riley Park", "geo_point_2d": {"lon": -123.10896987240683, "lat": 49.24600846790537}}}, {"type": "Feature", "geometry": {"coordinates": [-123.10636153235362, 49.24832299707224], "type": "Point"}, "properties": {"cover_elevation_m": 71.11, "type": "Combined", "geo_local_area": "Riley Park", "geo_point_2d": {"lon": -123.10636153235362, "lat": 49.24832299707224}}}, {"type": "Feature", "geometry": {"coordinates": [-123.10875343726055, 49.24836383941423], "type": "Point"}, "properties": {"cover_elevation_m": 67.92, "type": "Combined", "geo_local_area": "Riley Park", "geo_point_2d": {"lon": -123.10875343726055, "lat": 49.24836383941423}}}, {"type": "Feature", "geometry": {"coordinates": [-123.10747152158758, 49.248342092180344], "type": "Point"}, "properties": {"cover_elevation_m": 69.51, "type": "Combined", "geo_local_area": "Riley Park", "geo_point_2d": {"lon": -123.10747152158758, "lat": 49.248342092180344}}}, {"type": "Feature", "geometry": {"coordinates": [-123.10750413825515, 49.247796456137884], "type": "Point"}, "properties": {"cover_elevation_m": 70.18, "type": "Combined", "geo_local_area": "Riley Park", "geo_point_2d": {"lon": -123.10750413825515, "lat": 49.247796456137884}}}, {"type": "Feature", "geometry": {"coordinates": [-123.12108838801242, 49.25522209561802], "type": "Point"}, "properties": {"cover_elevation_m": 51.16, "type": "Sanitary", "geo_local_area": "South Cambie", "geo_point_2d": {"lon": -123.12108838801242, "lat": 49.25522209561802}}}, {"type": "Feature", "geometry": {"coordinates": [-123.1220703810613, 49.2552539757643], "type": "Point"}, "properties": {"cover_elevation_m": 50.3, "type": "Combined", "geo_local_area": "South Cambie", "geo_point_2d": {"lon": -123.1220703810613, "lat": 49.2552539757643}}}, {"type": "Feature", "geometry": {"coordinates": [-123.1220940235298, 49.25528414773487], "type": "Point"}, "properties": {"cover_elevation_m": 50.23, "type": "Combined", "geo_local_area": "South Cambie", "geo_point_2d": {"lon": -123.1220940235298, "lat": 49.25528414773487}}}, {"type": "Feature", "geometry": {"coordinates": [-123.1220841638597, 49.254356562025166], "type": "Point"}, "properties": {"cover_elevation_m": 51.22, "type": "Combined", "geo_local_area": "South Cambie", "geo_point_2d": {"lon": -123.1220841638597, "lat": 49.254356562025166}}}, {"type": "Feature", "geometry": {"coordinates": [-123.12212691197325, 49.2543774577208], "type": "Point"}, "properties": {"cover_elevation_m": 51.17, "type": "Combined", "geo_local_area": "South Cambie", "geo_point_2d": {"lon": -123.12212691197325, "lat": 49.2543774577208}}}, {"type": "Feature", "geometry": {"coordinates": [-123.11859130762363, 49.255218218165595], "type": "Point"}, "properties": {"cover_elevation_m": 56.46, "type": "Storm", "geo_local_area": "South Cambie", "geo_point_2d": {"lon": -123.11859130762363, "lat": 49.255218218165595}}}, {"type": "Feature", "geometry": {"coordinates": [-123.10900864282995, 49.24311723657909], "type": "Point"}, "properties": {"cover_elevation_m": 75.43, "type": "Combined", "geo_local_area": "Riley Park", "geo_point_2d": {"lon": -123.10900864282995, "lat": 49.24311723657909}}}, {"type": "Feature", "geometry": {"coordinates": [-123.1182588774042, 49.254284594173306], "type": "Point"}, "properties": {"cover_elevation_m": 57.31, "type": "Sanitary", "geo_local_area": "South Cambie", "geo_point_2d": {"lon": -123.1182588774042, "lat": 49.254284594173306}}}, {"type": "Feature", "geometry": {"coordinates": [-123.11818835810861, 49.255201792018845], "type": "Point"}, "properties": {"cover_elevation_m": 57.22, "type": "Storm", "geo_local_area": "South Cambie", "geo_point_2d": {"lon": -123.11818835810861, "lat": 49.255201792018845}}}, {"type": "Feature", "geometry": {"coordinates": [-123.12113434892309, 49.25433752042421], "type": "Point"}, "properties": {"cover_elevation_m": 51.42, "type": "Storm", "geo_local_area": "South Cambie", "geo_point_2d": {"lon": -123.12113434892309, "lat": 49.25433752042421}}}, {"type": "Feature", "geometry": {"coordinates": [-123.11847560357604, 49.25427908294414], "type": "Point"}, "properties": {"cover_elevation_m": 56.74, "type": "Storm", "geo_local_area": "South Cambie", "geo_point_2d": {"lon": -123.11847560357604, "lat": 49.25427908294414}}}, {"type": "Feature", "geometry": {"coordinates": [-123.11849249067279, 49.25426682313], "type": "Point"}, "properties": {"cover_elevation_m": 56.69, "type": "Sanitary", "geo_local_area": "South Cambie", "geo_point_2d": {"lon": -123.11849249067279, "lat": 49.25426682313}}}, {"type": "Feature", "geometry": {"coordinates": [-123.12012255932487, 49.25431331823879], "type": "Point"}, "properties": {"cover_elevation_m": 52.57, "type": "Storm", "geo_local_area": "South Cambie", "geo_point_2d": {"lon": -123.12012255932487, "lat": 49.25431331823879}}}, {"type": "Feature", "geometry": {"coordinates": [-123.11649906768777, 49.24892764755826], "type": "Point"}, "properties": {"cover_elevation_m": 68.26, "type": "Storm", "geo_local_area": "South Cambie", "geo_point_2d": {"lon": -123.11649906768777, "lat": 49.24892764755826}}}, {"type": "Feature", "geometry": {"coordinates": [-123.11603930256027, 49.249593280447385], "type": "Point"}, "properties": {"cover_elevation_m": 45.7, "type": "Storm", "geo_local_area": "South Cambie", "geo_point_2d": {"lon": -123.11603930256027, "lat": 49.249593280447385}}}, {"type": "Feature", "geometry": {"coordinates": [-123.11926326707297, 49.25159718328697], "type": "Point"}, "properties": {"cover_elevation_m": 55.83, "type": "Combined", "geo_local_area": "South Cambie", "geo_point_2d": {"lon": -123.11926326707297, "lat": 49.25159718328697}}}, {"type": "Feature", "geometry": {"coordinates": [-123.12463862824328, 49.251210741419584], "type": "Point"}, "properties": {"cover_elevation_m": 61.22, "type": "Sanitary", "geo_local_area": "South Cambie", "geo_point_2d": {"lon": -123.12463862824328, "lat": 49.251210741419584}}}, {"type": "Feature", "geometry": {"coordinates": [-123.12392973361568, 49.2516989732873], "type": "Point"}, "properties": {"cover_elevation_m": 57.93, "type": "Combined", "geo_local_area": "South Cambie", "geo_point_2d": {"lon": -123.12392973361568, "lat": 49.2516989732873}}}, {"type": "Feature", "geometry": {"coordinates": [-123.12236824595071, 49.24667022663567], "type": "Point"}, "properties": {"cover_elevation_m": 71.91, "type": "Combined", "geo_local_area": "South Cambie", "geo_point_2d": {"lon": -123.12236824595071, "lat": 49.24667022663567}}}, {"type": "Feature", "geometry": {"coordinates": [-123.10761998589167, 49.24332855934122], "type": "Point"}, "properties": {"cover_elevation_m": 73.1, "type": "Storm", "geo_local_area": "Riley Park", "geo_point_2d": {"lon": -123.10761998589167, "lat": 49.24332855934122}}}, {"type": "Feature", "geometry": {"coordinates": [-123.10727713451473, 49.25279308389333], "type": "Point"}, "properties": {"cover_elevation_m": 64.8, "type": "Combined", "geo_local_area": "Riley Park", "geo_point_2d": {"lon": -123.10727713451473, "lat": 49.25279308389333}}}, {"type": "Feature", "geometry": {"coordinates": [-123.10491553993803, 49.25186530837175], "type": "Point"}, "properties": {"cover_elevation_m": 69.18, "type": "Storm", "geo_local_area": "Riley Park", "geo_point_2d": {"lon": -123.10491553993803, "lat": 49.25186530837175}}}, {"type": "Feature", "geometry": {"coordinates": [-123.10729533523005, 49.25234605836549], "type": "Point"}, "properties": {"cover_elevation_m": 65.68, "type": "Combined", "geo_local_area": "Riley Park", "geo_point_2d": {"lon": -123.10729533523005, "lat": 49.25234605836549}}}, {"type": "Feature", "geometry": {"coordinates": [-123.10980235105994, 49.25150510513188], "type": "Point"}, "properties": {"cover_elevation_m": 63.93, "type": "Combined", "geo_local_area": "Riley Park", "geo_point_2d": {"lon": -123.10980235105994, "lat": 49.25150510513188}}}, {"type": "Feature", "geometry": {"coordinates": [-123.11246646239324, 49.251558078974455], "type": "Point"}, "properties": {"cover_elevation_m": 65.37, "type": "Sanitary", "geo_local_area": "Riley Park", "geo_point_2d": {"lon": -123.11246646239324, "lat": 49.251558078974455}}}, {"type": "Feature", "geometry": {"coordinates": [-123.10697909908296, 49.24585158959834], "type": "Point"}, "properties": {"cover_elevation_m": 72.73, "type": "Combined", "geo_local_area": "Riley Park", "geo_point_2d": {"lon": -123.10697909908296, "lat": 49.24585158959834}}}, {"type": "Feature", "geometry": {"coordinates": [-123.10511596860538, 49.245961314575666], "type": "Point"}, "properties": {"cover_elevation_m": 76.09, "type": "Combined", "geo_local_area": "Riley Park", "geo_point_2d": {"lon": -123.10511596860538, "lat": 49.245961314575666}}}, {"type": "Feature", "geometry": {"coordinates": [-123.11006367138832, 49.248996798278775], "type": "Point"}, "properties": {"cover_elevation_m": 67.24, "type": "Combined", "geo_local_area": "Riley Park", "geo_point_2d": {"lon": -123.11006367138832, "lat": 49.248996798278775}}}, {"type": "Feature", "geometry": {"coordinates": [-123.11655618615636, 49.24750299729874], "type": "Point"}, "properties": {"cover_elevation_m": 74.69, "type": "Combined", "geo_local_area": "South Cambie", "geo_point_2d": {"lon": -123.11655618615636, "lat": 49.24750299729874}}}, {"type": "Feature", "geometry": {"coordinates": [-123.11555414036302, 49.248937861620135], "type": "Point"}, "properties": {"cover_elevation_m": 68.95, "type": "Combined", "geo_local_area": "South Cambie", "geo_point_2d": {"lon": -123.11555414036302, "lat": 49.248937861620135}}}, {"type": "Feature", "geometry": {"coordinates": [-123.1143161395895, 49.24890606274687], "type": "Point"}, "properties": {"cover_elevation_m": 68.56, "type": "Combined", "geo_local_area": "Riley Park", "geo_point_2d": {"lon": -123.1143161395895, "lat": 49.24890606274687}}}, {"type": "Feature", "geometry": {"coordinates": [-123.11121834787839, 49.24786591858683], "type": "Point"}, "properties": {"cover_elevation_m": 68.65, "type": "Combined", "geo_local_area": "Riley Park", "geo_point_2d": {"lon": -123.11121834787839, "lat": 49.24786591858683}}}, {"type": "Feature", "geometry": {"coordinates": [-123.11068579616303, 49.24584050580274], "type": "Point"}, "properties": {"cover_elevation_m": 72.43, "type": "Combined", "geo_local_area": "Riley Park", "geo_point_2d": {"lon": -123.11068579616303, "lat": 49.24584050580274}}}, {"type": "Feature", "geometry": {"coordinates": [-123.11101334839074, 49.245471899642894], "type": "Point"}, "properties": {"cover_elevation_m": 74.05, "type": "Combined", "geo_local_area": "Riley Park", "geo_point_2d": {"lon": -123.11101334839074, "lat": 49.245471899642894}}}, {"type": "Feature", "geometry": {"coordinates": [-123.11516442295249, 49.24794198404548], "type": "Point"}, "properties": {"cover_elevation_m": 74.65, "type": "Combined", "geo_local_area": "Riley Park", "geo_point_2d": {"lon": -123.11516442295249, "lat": 49.24794198404548}}}, {"type": "Feature", "geometry": {"coordinates": [-123.11436210679844, 49.24792668856178], "type": "Point"}, "properties": {"cover_elevation_m": 73.51, "type": "Combined", "geo_local_area": "Riley Park", "geo_point_2d": {"lon": -123.11436210679844, "lat": 49.24792668856178}}}, {"type": "Feature", "geometry": {"coordinates": [-123.11217751618133, 49.24844925844273], "type": "Point"}, "properties": {"cover_elevation_m": 68.23, "type": "Storm", "geo_local_area": "Riley Park", "geo_point_2d": {"lon": -123.11217751618133, "lat": 49.24844925844273}}}, {"type": "Feature", "geometry": {"coordinates": [-123.10999222481684, 49.2533654246131], "type": "Point"}, "properties": {"cover_elevation_m": 63.78, "type": "Combined", "geo_local_area": "Riley Park", "geo_point_2d": {"lon": -123.10999222481684, "lat": 49.2533654246131}}}, {"type": "Feature", "geometry": {"coordinates": [-123.12040250245649, 49.24526864867088], "type": "Point"}, "properties": {"cover_elevation_m": 77.62, "type": "Combined", "geo_local_area": "South Cambie", "geo_point_2d": {"lon": -123.12040250245649, "lat": 49.24526864867088}}}, {"type": "Feature", "geometry": {"coordinates": [-123.12612887409043, 49.248131217705755], "type": "Point"}, "properties": {"cover_elevation_m": 69.4, "type": "Sanitary", "geo_local_area": "South Cambie", "geo_point_2d": {"lon": -123.12612887409043, "lat": 49.248131217705755}}}, {"type": "Feature", "geometry": {"coordinates": [-123.11888512940635, 49.246124326601404], "type": "Point"}, "properties": {"cover_elevation_m": 84.01, "type": "Combined", "geo_local_area": "South Cambie", "geo_point_2d": {"lon": -123.11888512940635, "lat": 49.246124326601404}}}, {"type": "Feature", "geometry": {"coordinates": [-123.12120247983246, 49.246124698236365], "type": "Point"}, "properties": {"cover_elevation_m": 71.78, "type": "Combined", "geo_local_area": "South Cambie", "geo_point_2d": {"lon": -123.12120247983246, "lat": 49.246124698236365}}}, {"type": "Feature", "geometry": {"coordinates": [-123.12770780808701, 49.24729164925947], "type": "Point"}, "properties": {"cover_elevation_m": 67.4, "type": "Storm", "geo_local_area": "Shaughnessy", "geo_point_2d": {"lon": -123.12770780808701, "lat": 49.24729164925947}}}, {"type": "Feature", "geometry": {"coordinates": [-123.10638284701908, 49.24831176039566], "type": "Point"}, "properties": {"cover_elevation_m": 71.06, "type": "Sanitary", "geo_local_area": "Riley Park", "geo_point_2d": {"lon": -123.10638284701908, "lat": 49.24831176039566}}}, {"type": "Feature", "geometry": {"coordinates": [-123.10875544109221, 49.24836906375654], "type": "Point"}, "properties": {"cover_elevation_m": 67.89, "type": "Storm", "geo_local_area": "Riley Park", "geo_point_2d": {"lon": -123.10875544109221, "lat": 49.24836906375654}}}, {"type": "Feature", "geometry": {"coordinates": [-123.10747155748335, 49.24834596909106], "type": "Point"}, "properties": {"cover_elevation_m": 69.55, "type": "Storm", "geo_local_area": "Riley Park", "geo_point_2d": {"lon": -123.10747155748335, "lat": 49.24834596909106}}}, {"type": "Feature", "geometry": {"coordinates": [-123.1282726743433, 49.24892417967273], "type": "Point"}, "properties": {"cover_elevation_m": 67.9, "type": "Storm", "geo_local_area": "Shaughnessy", "geo_point_2d": {"lon": -123.1282726743433, "lat": 49.24892417967273}}}, {"type": "Feature", "geometry": {"coordinates": [-123.1282825116414, 49.24891321255996], "type": "Point"}, "properties": {"cover_elevation_m": 67.82, "type": "Sanitary", "geo_local_area": "Shaughnessy", "geo_point_2d": {"lon": -123.1282825116414, "lat": 49.24891321255996}}}, {"type": "Feature", "geometry": {"coordinates": [-123.1178780323023, 49.244104399011384], "type": "Point"}, "properties": {"cover_elevation_m": 88.87, "type": "Sanitary", "geo_local_area": "South Cambie", "geo_point_2d": {"lon": -123.1178780323023, "lat": 49.244104399011384}}}, {"type": "Feature", "geometry": {"coordinates": [-123.11790984377276, 49.244100813429995], "type": "Point"}, "properties": {"cover_elevation_m": 88.8, "type": "Storm", "geo_local_area": "South Cambie", "geo_point_2d": {"lon": -123.11790984377276, "lat": 49.244100813429995}}}, {"type": "Feature", "geometry": {"coordinates": [-123.11845444357152, 49.24378702416855], "type": "Point"}, "properties": {"cover_elevation_m": 87.06, "type": "Storm", "geo_local_area": "South Cambie", "geo_point_2d": {"lon": -123.11845444357152, "lat": 49.24378702416855}}}, {"type": "Feature", "geometry": {"coordinates": [-123.11854705528992, 49.243791219902455], "type": "Point"}, "properties": {"cover_elevation_m": 86.84, "type": "Storm", "geo_local_area": "South Cambie", "geo_point_2d": {"lon": -123.11854705528992, "lat": 49.243791219902455}}}, {"type": "Feature", "geometry": {"coordinates": [-123.11782449963198, 49.24406777104361], "type": "Point"}, "properties": {"cover_elevation_m": 89.25, "type": "Storm", "geo_local_area": "South Cambie", "geo_point_2d": {"lon": -123.11782449963198, "lat": 49.24406777104361}}}, {"type": "Feature", "geometry": {"coordinates": [-123.11468533326213, 49.249398032714865], "type": "Point"}, "properties": {"cover_elevation_m": 66.53, "type": "Storm", "geo_local_area": "Riley Park", "geo_point_2d": {"lon": -123.11468533326213, "lat": 49.249398032714865}}}, {"type": "Feature", "geometry": {"coordinates": [-123.11841233293144, 49.24966472345204], "type": "Point"}, "properties": {"cover_elevation_m": 64.76, "type": "Sanitary", "geo_local_area": "South Cambie", "geo_point_2d": {"lon": -123.11841233293144, "lat": 49.24966472345204}}}, {"type": "Feature", "geometry": {"coordinates": [-123.1184036508648, 49.249619630275134], "type": "Point"}, "properties": {"cover_elevation_m": 65.25, "type": "Storm", "geo_local_area": "South Cambie", "geo_point_2d": {"lon": -123.1184036508648, "lat": 49.249619630275134}}}, {"type": "Feature", "geometry": {"coordinates": [-123.11841678500501, 49.249567084679605], "type": "Point"}, "properties": {"cover_elevation_m": 66.03, "type": "Sanitary", "geo_local_area": "South Cambie", "geo_point_2d": {"lon": -123.11841678500501, "lat": 49.249567084679605}}}, {"type": "Feature", "geometry": {"coordinates": [-123.12752000214205, 49.2481641603189], "type": "Point"}, "properties": {"cover_elevation_m": 66.97, "type": "Combined", "geo_local_area": "South Cambie", "geo_point_2d": {"lon": -123.12752000214205, "lat": 49.2481641603189}}}, {"type": "Feature", "geometry": {"coordinates": [-123.1282762522353, 49.24892624460309], "type": "Point"}, "properties": {"cover_elevation_m": 67.86, "type": "Combined", "geo_local_area": "Shaughnessy", "geo_point_2d": {"lon": -123.1282762522353, "lat": 49.24892624460309}}}, {"type": "Feature", "geometry": {"coordinates": [-123.12740763329002, 49.248158671269586], "type": "Point"}, "properties": {"cover_elevation_m": 66.99, "type": "Combined", "geo_local_area": "South Cambie", "geo_point_2d": {"lon": -123.12740763329002, "lat": 49.248158671269586}}}, {"type": "Feature", "geometry": {"coordinates": [-123.10667641396783, 49.24422536907271], "type": "Point"}, "properties": {"cover_elevation_m": 72.39, "type": "Storm", "geo_local_area": "Riley Park", "geo_point_2d": {"lon": -123.10667641396783, "lat": 49.24422536907271}}}, {"type": "Feature", "geometry": {"coordinates": [-123.11458244212183, 49.2516063190755], "type": "Point"}, "properties": {"cover_elevation_m": 61.67, "type": "Storm", "geo_local_area": "Riley Park", "geo_point_2d": {"lon": -123.11458244212183, "lat": 49.2516063190755}}}, {"type": "Feature", "geometry": {"coordinates": [-123.11454216235235, 49.252495464989856], "type": "Point"}, "properties": {"cover_elevation_m": 61.11, "type": "Sanitary", "geo_local_area": "Riley Park", "geo_point_2d": {"lon": -123.11454216235235, "lat": 49.252495464989856}}}, {"type": "Feature", "geometry": {"coordinates": [-123.10750622180004, 49.24774986789872], "type": "Point"}, "properties": {"cover_elevation_m": 70.23, "type": "Combined", "geo_local_area": "Riley Park", "geo_point_2d": {"lon": -123.10750622180004, "lat": 49.24774986789872}}}, {"type": "Feature", "geometry": {"coordinates": [-123.1127627311652, 49.25393807018791], "type": "Point"}, "properties": {"cover_elevation_m": 61.07, "type": "Storm", "geo_local_area": "Riley Park", "geo_point_2d": {"lon": -123.1127627311652, "lat": 49.25393807018791}}}, {"type": "Feature", "geometry": {"coordinates": [-123.11264151438272, 49.254041111755], "type": "Point"}, "properties": {"cover_elevation_m": 60.73, "type": "Combined", "geo_local_area": "Riley Park", "geo_point_2d": {"lon": -123.11264151438272, "lat": 49.254041111755}}}, {"type": "Feature", "geometry": {"coordinates": [-123.10834701534667, 49.25237220648609], "type": "Point"}, "properties": {"cover_elevation_m": 66.98, "type": "Storm", "geo_local_area": "Riley Park", "geo_point_2d": {"lon": -123.10834701534667, "lat": 49.25237220648609}}}, {"type": "Feature", "geometry": {"coordinates": [-123.1050391871142, 49.252306852523034], "type": "Point"}, "properties": {"cover_elevation_m": 67.89, "type": "Sanitary", "geo_local_area": "Riley Park", "geo_point_2d": {"lon": -123.1050391871142, "lat": 49.252306852523034}}}, {"type": "Feature", "geometry": {"coordinates": [-123.10502034338026, 49.25229841414335], "type": "Point"}, "properties": {"cover_elevation_m": 67.96, "type": "Storm", "geo_local_area": "Riley Park", "geo_point_2d": {"lon": -123.10502034338026, "lat": 49.25229841414335}}}, {"type": "Feature", "geometry": {"coordinates": [-123.10891292469404, 49.24604129124149], "type": "Point"}, "properties": {"cover_elevation_m": 70.31, "type": "Combined", "geo_local_area": "Riley Park", "geo_point_2d": {"lon": -123.10891292469404, "lat": 49.24604129124149}}}, {"type": "Feature", "geometry": {"coordinates": [-123.11061662027204, 49.245202378162425], "type": "Point"}, "properties": {"cover_elevation_m": 73.56, "type": "Combined", "geo_local_area": "Riley Park", "geo_point_2d": {"lon": -123.11061662027204, "lat": 49.245202378162425}}}, {"type": "Feature", "geometry": {"coordinates": [-123.1064584161385, 49.24687886741873], "type": "Point"}, "properties": {"cover_elevation_m": 73.27, "type": "Combined", "geo_local_area": "Riley Park", "geo_point_2d": {"lon": -123.1064584161385, "lat": 49.24687886741873}}}, {"type": "Feature", "geometry": {"coordinates": [-123.10974284555219, 49.24651200901451], "type": "Point"}, "properties": {"cover_elevation_m": 69.66, "type": "Combined", "geo_local_area": "Riley Park", "geo_point_2d": {"lon": -123.10974284555219, "lat": 49.24651200901451}}}, {"type": "Feature", "geometry": {"coordinates": [-123.11005913819159, 49.24838536086834], "type": "Point"}, "properties": {"cover_elevation_m": 67.25, "type": "Combined", "geo_local_area": "Riley Park", "geo_point_2d": {"lon": -123.11005913819159, "lat": 49.24838536086834}}}, {"type": "Feature", "geometry": {"coordinates": [-123.10493031222022, 49.248299505982104], "type": "Point"}, "properties": {"cover_elevation_m": 74.86, "type": "Combined", "geo_local_area": "Riley Park", "geo_point_2d": {"lon": -123.10493031222022, "lat": 49.248299505982104}}}, {"type": "Feature", "geometry": {"coordinates": [-123.10441406037906, 49.24823501915492], "type": "Point"}, "properties": {"cover_elevation_m": 76.31, "type": "Combined", "geo_local_area": "Riley Park", "geo_point_2d": {"lon": -123.10441406037906, "lat": 49.24823501915492}}}, {"type": "Feature", "geometry": {"coordinates": [-123.10910757918252, 49.24283141843137], "type": "Point"}, "properties": {"cover_elevation_m": 76.96, "type": "Sanitary", "geo_local_area": "Riley Park", "geo_point_2d": {"lon": -123.10910757918252, "lat": 49.24283141843137}}}, {"type": "Feature", "geometry": {"coordinates": [-123.11817644763963, 49.2555028382158], "type": "Point"}, "properties": {"cover_elevation_m": 56.65, "type": "Sanitary", "geo_local_area": "South Cambie", "geo_point_2d": {"lon": -123.11817644763963, "lat": 49.2555028382158}}}, {"type": "Feature", "geometry": {"coordinates": [-123.11523910513907, 49.24520421939786], "type": "Point"}, "properties": {"cover_elevation_m": 83.96, "type": "Storm", "geo_local_area": "Riley Park", "geo_point_2d": {"lon": -123.11523910513907, "lat": 49.24520421939786}}}, {"type": "Feature", "geometry": {"coordinates": [-123.12117171156761, 49.25433109463771], "type": "Point"}, "properties": {"cover_elevation_m": 51.41, "type": "Sanitary", "geo_local_area": "South Cambie", "geo_point_2d": {"lon": -123.12117171156761, "lat": 49.25433109463771}}}, {"type": "Feature", "geometry": {"coordinates": [-123.12067695403307, 49.25615080571225], "type": "Point"}, "properties": {"cover_elevation_m": 51.57, "type": "Storm", "geo_local_area": "South Cambie", "geo_point_2d": {"lon": -123.12067695403307, "lat": 49.25615080571225}}}, {"type": "Feature", "geometry": {"coordinates": [-123.12111890790248, 49.25523261502002], "type": "Point"}, "properties": {"cover_elevation_m": 51.08, "type": "Storm", "geo_local_area": "South Cambie", "geo_point_2d": {"lon": -123.12111890790248, "lat": 49.25523261502002}}}, {"type": "Feature", "geometry": {"coordinates": [-123.11835364531666, 49.2506932889092], "type": "Point"}, "properties": {"cover_elevation_m": 58.29, "type": "Storm", "geo_local_area": "South Cambie", "geo_point_2d": {"lon": -123.11835364531666, "lat": 49.2506932889092}}}, {"type": "Feature", "geometry": {"coordinates": [-123.11604561462225, 49.250046858478825], "type": "Point"}, "properties": {"cover_elevation_m": 63.0, "type": "Combined", "geo_local_area": "South Cambie", "geo_point_2d": {"lon": -123.11604561462225, "lat": 49.250046858478825}}}, {"type": "Feature", "geometry": {"coordinates": [-123.12022189032407, 49.251615601433905], "type": "Point"}, "properties": {"cover_elevation_m": 55.67, "type": "Combined", "geo_local_area": "South Cambie", "geo_point_2d": {"lon": -123.12022189032407, "lat": 49.251615601433905}}}, {"type": "Feature", "geometry": {"coordinates": [-123.12393362361098, 49.25161162547495], "type": "Point"}, "properties": {"cover_elevation_m": 58.1, "type": "Combined", "geo_local_area": "South Cambie", "geo_point_2d": {"lon": -123.12393362361098, "lat": 49.25161162547495}}}, {"type": "Feature", "geometry": {"coordinates": [-123.1223867354856, 49.24618480625469], "type": "Point"}, "properties": {"cover_elevation_m": 72.47, "type": "Combined", "geo_local_area": "South Cambie", "geo_point_2d": {"lon": -123.1223867354856, "lat": 49.24618480625469}}}, {"type": "Feature", "geometry": {"coordinates": [-123.12258415129371, 49.24614143782056], "type": "Point"}, "properties": {"cover_elevation_m": 72.73, "type": "Storm", "geo_local_area": "South Cambie", "geo_point_2d": {"lon": -123.12258415129371, "lat": 49.24614143782056}}}, {"type": "Feature", "geometry": {"coordinates": [-123.12342148742546, 49.24615519056341], "type": "Point"}, "properties": {"cover_elevation_m": 71.24, "type": "Storm", "geo_local_area": "South Cambie", "geo_point_2d": {"lon": -123.12342148742546, "lat": 49.24615519056341}}}, {"type": "Feature", "geometry": {"coordinates": [-123.12832583822785, 49.247254812594605], "type": "Point"}, "properties": {"cover_elevation_m": 66.76, "type": "Storm", "geo_local_area": "Shaughnessy", "geo_point_2d": {"lon": -123.12832583822785, "lat": 49.247254812594605}}}, {"type": "Feature", "geometry": {"coordinates": [-123.11608112513197, 49.25245148052549], "type": "Point"}, "properties": {"cover_elevation_m": 60.41, "type": "Combined", "geo_local_area": "South Cambie", "geo_point_2d": {"lon": -123.11608112513197, "lat": 49.25245148052549}}}, {"type": "Feature", "geometry": {"coordinates": [-123.12456629081171, 49.25260731914233], "type": "Point"}, "properties": {"cover_elevation_m": 53.63, "type": "Combined", "geo_local_area": "South Cambie", "geo_point_2d": {"lon": -123.12456629081171, "lat": 49.25260731914233}}}, {"type": "Feature", "geometry": {"coordinates": [-123.10995592433046, 49.25196336472128], "type": "Point"}, "properties": {"cover_elevation_m": 63.83, "type": "Combined", "geo_local_area": "Riley Park", "geo_point_2d": {"lon": -123.10995592433046, "lat": 49.25196336472128}}}, {"type": "Feature", "geometry": {"coordinates": [-123.1048045834805, 49.25100435915832], "type": "Point"}, "properties": {"cover_elevation_m": 69.87, "type": "Combined", "geo_local_area": "Riley Park", "geo_point_2d": {"lon": -123.1048045834805, "lat": 49.25100435915832}}}, {"type": "Feature", "geometry": {"coordinates": [-123.1048385606944, 49.2504376380832], "type": "Point"}, "properties": {"cover_elevation_m": 71.01, "type": "Combined", "geo_local_area": "Riley Park", "geo_point_2d": {"lon": -123.1048385606944, "lat": 49.2504376380832}}}, {"type": "Feature", "geometry": {"coordinates": [-123.10858213880451, 49.25050802218577], "type": "Point"}, "properties": {"cover_elevation_m": 66.6, "type": "Combined", "geo_local_area": "Riley Park", "geo_point_2d": {"lon": -123.10858213880451, "lat": 49.25050802218577}}}, {"type": "Feature", "geometry": {"coordinates": [-123.10740331245798, 49.2499564933161], "type": "Point"}, "properties": {"cover_elevation_m": 69.62, "type": "Storm", "geo_local_area": "Riley Park", "geo_point_2d": {"lon": -123.10740331245798, "lat": 49.2499564933161}}}, {"type": "Feature", "geometry": {"coordinates": [-123.12012260798626, 49.25611158854872], "type": "Point"}, "properties": {"cover_elevation_m": 52.94, "type": "Storm", "geo_local_area": "South Cambie", "geo_point_2d": {"lon": -123.12012260798626, "lat": 49.25611158854872}}}, {"type": "Feature", "geometry": {"coordinates": [-123.11833157195863, 49.252001900974456], "type": "Point"}, "properties": {"cover_elevation_m": 56.42, "type": "Sanitary", "geo_local_area": "South Cambie", "geo_point_2d": {"lon": -123.11833157195863, "lat": 49.252001900974456}}}, {"type": "Feature", "geometry": {"coordinates": [-123.11017620187388, 49.24948865806352], "type": "Point"}, "properties": {"cover_elevation_m": 66.06, "type": "Combined", "geo_local_area": "Riley Park", "geo_point_2d": {"lon": -123.11017620187388, "lat": 49.24948865806352}}}, {"type": "Feature", "geometry": {"coordinates": [-123.10870198271674, 49.24946057717275], "type": "Point"}, "properties": {"cover_elevation_m": 66.5, "type": "Combined", "geo_local_area": "Riley Park", "geo_point_2d": {"lon": -123.10870198271674, "lat": 49.24946057717275}}}, {"type": "Feature", "geometry": {"coordinates": [-123.10740846354959, 49.249436312494346], "type": "Point"}, "properties": {"cover_elevation_m": 69.41, "type": "Combined", "geo_local_area": "Riley Park", "geo_point_2d": {"lon": -123.10740846354959, "lat": 49.249436312494346}}}, {"type": "Feature", "geometry": {"coordinates": [-123.10556017392761, 49.24605158151066], "type": "Point"}, "properties": {"cover_elevation_m": 74.75, "type": "Combined", "geo_local_area": "Riley Park", "geo_point_2d": {"lon": -123.10556017392761, "lat": 49.24605158151066}}}, {"type": "Feature", "geometry": {"coordinates": [-123.10620672273383, 49.24941347818847], "type": "Point"}, "properties": {"cover_elevation_m": 71.64, "type": "Combined", "geo_local_area": "Riley Park", "geo_point_2d": {"lon": -123.10620672273383, "lat": 49.24941347818847}}}, {"type": "Feature", "geometry": {"coordinates": [-123.11067311334854, 49.24683591246778], "type": "Point"}, "properties": {"cover_elevation_m": 70.1, "type": "Combined", "geo_local_area": "Riley Park", "geo_point_2d": {"lon": -123.11067311334854, "lat": 49.24683591246778}}}, {"type": "Feature", "geometry": {"coordinates": [-123.11587145229112, 49.24786398107646], "type": "Point"}, "properties": {"cover_elevation_m": 73.2, "type": "Combined", "geo_local_area": "South Cambie", "geo_point_2d": {"lon": -123.11587145229112, "lat": 49.24786398107646}}}, {"type": "Feature", "geometry": {"coordinates": [-123.11224396486715, 49.247885579752655], "type": "Point"}, "properties": {"cover_elevation_m": 69.44, "type": "Combined", "geo_local_area": "Riley Park", "geo_point_2d": {"lon": -123.11224396486715, "lat": 49.247885579752655}}}, {"type": "Feature", "geometry": {"coordinates": [-123.11219744841522, 49.248871466170925], "type": "Point"}, "properties": {"cover_elevation_m": 67.83, "type": "Combined", "geo_local_area": "Riley Park", "geo_point_2d": {"lon": -123.11219744841522, "lat": 49.248871466170925}}}, {"type": "Feature", "geometry": {"coordinates": [-123.11794487155629, 49.24798574727258], "type": "Point"}, "properties": {"cover_elevation_m": 74.28, "type": "Storm", "geo_local_area": "South Cambie", "geo_point_2d": {"lon": -123.11794487155629, "lat": 49.24798574727258}}}, {"type": "Feature", "geometry": {"coordinates": [-123.12040590357861, 49.24519825740945], "type": "Point"}, "properties": {"cover_elevation_m": 77.8, "type": "Combined", "geo_local_area": "South Cambie", "geo_point_2d": {"lon": -123.12040590357861, "lat": 49.24519825740945}}}, {"type": "Feature", "geometry": {"coordinates": [-123.11857933013036, 49.24523781868978], "type": "Point"}, "properties": {"cover_elevation_m": 85.77, "type": "Combined", "geo_local_area": "South Cambie", "geo_point_2d": {"lon": -123.11857933013036, "lat": 49.24523781868978}}}, {"type": "Feature", "geometry": {"coordinates": [-123.12784517519208, 49.24623016773891], "type": "Point"}, "properties": {"cover_elevation_m": 67.98, "type": "Storm", "geo_local_area": "Shaughnessy", "geo_point_2d": {"lon": -123.12784517519208, "lat": 49.24623016773891}}}, {"type": "Feature", "geometry": {"coordinates": [-123.12047573236711, 49.24618842501924], "type": "Point"}, "properties": {"cover_elevation_m": 76.21, "type": "Combined", "geo_local_area": "South Cambie", "geo_point_2d": {"lon": -123.12047573236711, "lat": 49.24618842501924}}}, {"type": "Feature", "geometry": {"coordinates": [-123.12015774946067, 49.246147549010765], "type": "Point"}, "properties": {"cover_elevation_m": 76.24, "type": "Combined", "geo_local_area": "South Cambie", "geo_point_2d": {"lon": -123.12015774946067, "lat": 49.246147549010765}}}, {"type": "Feature", "geometry": {"coordinates": [-123.11931628849958, 49.24613215773124], "type": "Point"}, "properties": {"cover_elevation_m": 82.64, "type": "Combined", "geo_local_area": "South Cambie", "geo_point_2d": {"lon": -123.11931628849958, "lat": 49.24613215773124}}}, {"type": "Feature", "geometry": {"coordinates": [-123.12050107273811, 49.24539404742261], "type": "Point"}, "properties": {"cover_elevation_m": 77.49, "type": "Combined", "geo_local_area": "South Cambie", "geo_point_2d": {"lon": -123.12050107273811, "lat": 49.24539404742261}}}, {"type": "Feature", "geometry": {"coordinates": [-123.11854391493479, 49.24615832839145], "type": "Point"}, "properties": {"cover_elevation_m": 84.3, "type": "Combined", "geo_local_area": "South Cambie", "geo_point_2d": {"lon": -123.11854391493479, "lat": 49.24615832839145}}}, {"type": "Feature", "geometry": {"coordinates": [-123.11910235173443, 49.24708829291375], "type": "Point"}, "properties": {"cover_elevation_m": 82.43, "type": "Combined", "geo_local_area": "South Cambie", "geo_point_2d": {"lon": -123.11910235173443, "lat": 49.24708829291375}}}, {"type": "Feature", "geometry": {"coordinates": [-123.12163265280253, 49.246133655155596], "type": "Point"}, "properties": {"cover_elevation_m": 73.19, "type": "Combined", "geo_local_area": "South Cambie", "geo_point_2d": {"lon": -123.12163265280253, "lat": 49.246133655155596}}}, {"type": "Feature", "geometry": {"coordinates": [-123.11850945983932, 49.247084404998546], "type": "Point"}, "properties": {"cover_elevation_m": 82.16, "type": "Combined", "geo_local_area": "South Cambie", "geo_point_2d": {"lon": -123.11850945983932, "lat": 49.247084404998546}}}, {"type": "Feature", "geometry": {"coordinates": [-123.1248463278226, 49.25005615066914], "type": "Point"}, "properties": {"cover_elevation_m": 64.51, "type": "Combined", "geo_local_area": "South Cambie", "geo_point_2d": {"lon": -123.1248463278226, "lat": 49.25005615066914}}}, {"type": "Feature", "geometry": {"coordinates": [-123.12219668467719, 49.25256986593276], "type": "Point"}, "properties": {"cover_elevation_m": 53.23, "type": "Combined", "geo_local_area": "South Cambie", "geo_point_2d": {"lon": -123.12219668467719, "lat": 49.25256986593276}}}, {"type": "Feature", "geometry": {"coordinates": [-123.12356083896442, 49.24965818048505], "type": "Point"}, "properties": {"cover_elevation_m": 64.35, "type": "Combined", "geo_local_area": "South Cambie", "geo_point_2d": {"lon": -123.12356083896442, "lat": 49.24965818048505}}}, {"type": "Feature", "geometry": {"coordinates": [-123.12447014115611, 49.25352009611766], "type": "Point"}, "properties": {"cover_elevation_m": 55.34, "type": "Combined", "geo_local_area": "South Cambie", "geo_point_2d": {"lon": -123.12447014115611, "lat": 49.25352009611766}}}, {"type": "Feature", "geometry": {"coordinates": [-123.12284903853276, 49.24964626528147], "type": "Point"}, "properties": {"cover_elevation_m": 67.4, "type": "Combined", "geo_local_area": "South Cambie", "geo_point_2d": {"lon": -123.12284903853276, "lat": 49.24964626528147}}}, {"type": "Feature", "geometry": {"coordinates": [-123.12460629407136, 49.251576072423134], "type": "Point"}, "properties": {"cover_elevation_m": 60.06, "type": "Combined", "geo_local_area": "South Cambie", "geo_point_2d": {"lon": -123.12460629407136, "lat": 49.251576072423134}}}, {"type": "Feature", "geometry": {"coordinates": [-123.12461334510792, 49.250244681314534], "type": "Point"}, "properties": {"cover_elevation_m": 63.04, "type": "Storm", "geo_local_area": "South Cambie", "geo_point_2d": {"lon": -123.12461334510792, "lat": 49.250244681314534}}}, {"type": "Feature", "geometry": {"coordinates": [-123.12224774000569, 49.253479139042526], "type": "Point"}, "properties": {"cover_elevation_m": 52.08, "type": "Combined", "geo_local_area": "South Cambie", "geo_point_2d": {"lon": -123.12224774000569, "lat": 49.253479139042526}}}, {"type": "Feature", "geometry": {"coordinates": [-123.12222848447894, 49.251663383502375], "type": "Point"}, "properties": {"cover_elevation_m": 55.79, "type": "Combined", "geo_local_area": "South Cambie", "geo_point_2d": {"lon": -123.12222848447894, "lat": 49.251663383502375}}}, {"type": "Feature", "geometry": {"coordinates": [-123.12629732646927, 49.24710613494231], "type": "Point"}, "properties": {"cover_elevation_m": 64.36, "type": "Storm", "geo_local_area": "South Cambie", "geo_point_2d": {"lon": -123.12629732646927, "lat": 49.24710613494231}}}, {"type": "Feature", "geometry": {"coordinates": [-123.10627693810733, 49.245233419511955], "type": "Point"}, "properties": {"cover_elevation_m": 73.89, "type": "Combined", "geo_local_area": "Riley Park", "geo_point_2d": {"lon": -123.10627693810733, "lat": 49.245233419511955}}}, {"type": "Feature", "geometry": {"coordinates": [-123.10566299091145, 49.246864035893616], "type": "Point"}, "properties": {"cover_elevation_m": 74.62, "type": "Combined", "geo_local_area": "Riley Park", "geo_point_2d": {"lon": -123.10566299091145, "lat": 49.246864035893616}}}, {"type": "Feature", "geometry": {"coordinates": [-123.10883418630897, 49.247243407375734], "type": "Point"}, "properties": {"cover_elevation_m": 68.64, "type": "Combined", "geo_local_area": "Riley Park", "geo_point_2d": {"lon": -123.10883418630897, "lat": 49.247243407375734}}}, {"type": "Feature", "geometry": {"coordinates": [-123.1077786868943, 49.246555218164985], "type": "Point"}, "properties": {"cover_elevation_m": 71.61, "type": "Combined", "geo_local_area": "Riley Park", "geo_point_2d": {"lon": -123.1077786868943, "lat": 49.246555218164985}}}, {"type": "Feature", "geometry": {"coordinates": [-123.11536586726118, 49.24722172378161], "type": "Point"}, "properties": {"cover_elevation_m": 69.64, "type": "Storm", "geo_local_area": "Riley Park", "geo_point_2d": {"lon": -123.11536586726118, "lat": 49.24722172378161}}}, {"type": "Feature", "geometry": {"coordinates": [-123.11535868949773, 49.24702476234994], "type": "Point"}, "properties": {"cover_elevation_m": 76.31, "type": "Storm", "geo_local_area": "Riley Park", "geo_point_2d": {"lon": -123.11535868949773, "lat": 49.24702476234994}}}, {"type": "Feature", "geometry": {"coordinates": [-123.1156116853216, 49.2471134003386], "type": "Point"}, "properties": {"cover_elevation_m": 68.86, "type": "Storm", "geo_local_area": "South Cambie", "geo_point_2d": {"lon": -123.1156116853216, "lat": 49.2471134003386}}}, {"type": "Feature", "geometry": {"coordinates": [-123.11533298256234, 49.247945279061696], "type": "Point"}, "properties": {"cover_elevation_m": 73.83, "type": "Storm", "geo_local_area": "Riley Park", "geo_point_2d": {"lon": -123.11533298256234, "lat": 49.247945279061696}}}, {"type": "Feature", "geometry": {"coordinates": [-123.1160525571796, 49.25424550739943], "type": "Point"}, "properties": {"cover_elevation_m": 58.02, "type": "Sanitary", "geo_local_area": "South Cambie", "geo_point_2d": {"lon": -123.1160525571796, "lat": 49.25424550739943}}}, {"type": "Feature", "geometry": {"coordinates": [-123.11445680023253, 49.254896806070704], "type": "Point"}, "properties": {"cover_elevation_m": 58.89, "type": "Combined", "geo_local_area": "Riley Park", "geo_point_2d": {"lon": -123.11445680023253, "lat": 49.254896806070704}}}, {"type": "Feature", "geometry": {"coordinates": [-123.11500509828748, 49.25490180264549], "type": "Point"}, "properties": {"cover_elevation_m": 58.27, "type": "Combined", "geo_local_area": "Riley Park", "geo_point_2d": {"lon": -123.11500509828748, "lat": 49.25490180264549}}}, {"type": "Feature", "geometry": {"coordinates": [-123.12466740542764, 49.25080817398283], "type": "Point"}, "properties": {"cover_elevation_m": 62.59, "type": "Combined", "geo_local_area": "South Cambie", "geo_point_2d": {"lon": -123.12466740542764, "lat": 49.25080817398283}}}, {"type": "Feature", "geometry": {"coordinates": [-123.12468314843724, 49.25018991501858], "type": "Point"}, "properties": {"cover_elevation_m": 63.05, "type": "Sanitary", "geo_local_area": "South Cambie", "geo_point_2d": {"lon": -123.12468314843724, "lat": 49.25018991501858}}}, {"type": "Feature", "geometry": {"coordinates": [-123.11602925749249, 49.25536235934974], "type": "Point"}, "properties": {"cover_elevation_m": 56.72, "type": "Storm", "geo_local_area": "South Cambie", "geo_point_2d": {"lon": -123.11602925749249, "lat": 49.25536235934974}}}, {"type": "Feature", "geometry": {"coordinates": [-123.11601910182725, 49.25602488540337], "type": "Point"}, "properties": {"cover_elevation_m": 56.08, "type": "Sanitary", "geo_local_area": "South Cambie", "geo_point_2d": {"lon": -123.11601910182725, "lat": 49.25602488540337}}}, {"type": "Feature", "geometry": {"coordinates": [-123.11815763076505, 49.25606555337066], "type": "Point"}, "properties": {"cover_elevation_m": 55.64, "type": "Sanitary", "geo_local_area": "South Cambie", "geo_point_2d": {"lon": -123.11815763076505, "lat": 49.25606555337066}}}, {"type": "Feature", "geometry": {"coordinates": [-123.11817592632228, 49.256073090641905], "type": "Point"}, "properties": {"cover_elevation_m": 55.63, "type": "Storm", "geo_local_area": "South Cambie", "geo_point_2d": {"lon": -123.11817592632228, "lat": 49.256073090641905}}}, {"type": "Feature", "geometry": {"coordinates": [-123.1190442664997, 49.256086447623694], "type": "Point"}, "properties": {"cover_elevation_m": 55.06, "type": "Storm", "geo_local_area": "South Cambie", "geo_point_2d": {"lon": -123.1190442664997, "lat": 49.256086447623694}}}, {"type": "Feature", "geometry": {"coordinates": [-123.12324615966166, 49.25530951432161], "type": "Point"}, "properties": {"cover_elevation_m": 50.75, "type": "Combined", "geo_local_area": "South Cambie", "geo_point_2d": {"lon": -123.12324615966166, "lat": 49.25530951432161}}}, {"type": "Feature", "geometry": {"coordinates": [-123.12330780158015, 49.25436367307653], "type": "Point"}, "properties": {"cover_elevation_m": 51.18, "type": "Combined", "geo_local_area": "South Cambie", "geo_point_2d": {"lon": -123.12330780158015, "lat": 49.25436367307653}}}, {"type": "Feature", "geometry": {"coordinates": [-123.11279485606566, 49.25005829058875], "type": "Point"}, "properties": {"cover_elevation_m": 65.45, "type": "Storm", "geo_local_area": "Riley Park", "geo_point_2d": {"lon": -123.11279485606566, "lat": 49.25005829058875}}}, {"type": "Feature", "geometry": {"coordinates": [-123.11605703877848, 49.25376558084807], "type": "Point"}, "properties": {"cover_elevation_m": 58.3, "type": "Combined", "geo_local_area": "South Cambie", "geo_point_2d": {"lon": -123.11605703877848, "lat": 49.25376558084807}}}, {"type": "Feature", "geometry": {"coordinates": [-123.12333227279744, 49.25349632765977], "type": "Point"}, "properties": {"cover_elevation_m": 52.18, "type": "Combined", "geo_local_area": "South Cambie", "geo_point_2d": {"lon": -123.12333227279744, "lat": 49.25349632765977}}}, {"type": "Feature", "geometry": {"coordinates": [-123.11721308044352, 49.25156808603183], "type": "Point"}, "properties": {"cover_elevation_m": 58.18, "type": "Combined", "geo_local_area": "South Cambie", "geo_point_2d": {"lon": -123.11721308044352, "lat": 49.25156808603183}}}, {"type": "Feature", "geometry": {"coordinates": [-123.1161296440448, 49.251548302223135], "type": "Point"}, "properties": {"cover_elevation_m": 60.3, "type": "Combined", "geo_local_area": "South Cambie", "geo_point_2d": {"lon": -123.1161296440448, "lat": 49.251548302223135}}}, {"type": "Feature", "geometry": {"coordinates": [-123.1173615923864, 49.250111500159115], "type": "Point"}, "properties": {"cover_elevation_m": 61.5, "type": "Combined", "geo_local_area": "South Cambie", "geo_point_2d": {"lon": -123.1173615923864, "lat": 49.250111500159115}}}, {"type": "Feature", "geometry": {"coordinates": [-123.11603914382312, 49.2500883869488], "type": "Point"}, "properties": {"cover_elevation_m": 63.06, "type": "Combined", "geo_local_area": "South Cambie", "geo_point_2d": {"lon": -123.11603914382312, "lat": 49.2500883869488}}}, {"type": "Feature", "geometry": {"coordinates": [-123.11616714758237, 49.25023801985459], "type": "Point"}, "properties": {"cover_elevation_m": 62.23, "type": "Combined", "geo_local_area": "South Cambie", "geo_point_2d": {"lon": -123.11616714758237, "lat": 49.25023801985459}}}, {"type": "Feature", "geometry": {"coordinates": [-123.11738960188163, 49.24954590573499], "type": "Point"}, "properties": {"cover_elevation_m": 62.6, "type": "Combined", "geo_local_area": "South Cambie", "geo_point_2d": {"lon": -123.11738960188163, "lat": 49.24954590573499}}}, {"type": "Feature", "geometry": {"coordinates": [-123.11466156003243, 49.2501566958499], "type": "Point"}, "properties": {"cover_elevation_m": 64.05, "type": "Combined", "geo_local_area": "Riley Park", "geo_point_2d": {"lon": -123.11466156003243, "lat": 49.2501566958499}}}, {"type": "Feature", "geometry": {"coordinates": [-123.11188863562231, 49.250570388524885], "type": "Point"}, "properties": {"cover_elevation_m": 66.59, "type": "Combined", "geo_local_area": "Riley Park", "geo_point_2d": {"lon": -123.11188863562231, "lat": 49.250570388524885}}}, {"type": "Feature", "geometry": {"coordinates": [-123.11608476637403, 49.25334799477976], "type": "Point"}, "properties": {"cover_elevation_m": 59.2, "type": "Sanitary", "geo_local_area": "South Cambie", "geo_point_2d": {"lon": -123.11608476637403, "lat": 49.25334799477976}}}, {"type": "Feature", "geometry": {"coordinates": [-123.11716654231029, 49.25246957168034], "type": "Point"}, "properties": {"cover_elevation_m": 59.02, "type": "Combined", "geo_local_area": "South Cambie", "geo_point_2d": {"lon": -123.11716654231029, "lat": 49.25246957168034}}}, {"type": "Feature", "geometry": {"coordinates": [-123.11453359107648, 49.25299588675702], "type": "Point"}, "properties": {"cover_elevation_m": 60.6, "type": "Combined", "geo_local_area": "Riley Park", "geo_point_2d": {"lon": -123.11453359107648, "lat": 49.25299588675702}}}, {"type": "Feature", "geometry": {"coordinates": [-123.11530170973555, 49.254028475870626], "type": "Point"}, "properties": {"cover_elevation_m": 58.85, "type": "Sanitary", "geo_local_area": "South Cambie", "geo_point_2d": {"lon": -123.11530170973555, "lat": 49.254028475870626}}}, {"type": "Feature", "geometry": {"coordinates": [-123.11527557448811, 49.254035221380555], "type": "Point"}, "properties": {"cover_elevation_m": 58.93, "type": "Storm", "geo_local_area": "South Cambie", "geo_point_2d": {"lon": -123.11527557448811, "lat": 49.254035221380555}}}, {"type": "Feature", "geometry": {"coordinates": [-123.11510251106435, 49.253965537036635], "type": "Point"}, "properties": {"cover_elevation_m": 58.92, "type": "Storm", "geo_local_area": "Riley Park", "geo_point_2d": {"lon": -123.11510251106435, "lat": 49.253965537036635}}}, {"type": "Feature", "geometry": {"coordinates": [-123.12613416001817, 49.24917060180188], "type": "Point"}, "properties": {"cover_elevation_m": 68.47, "type": "Combined", "geo_local_area": "South Cambie", "geo_point_2d": {"lon": -123.12613416001817, "lat": 49.24917060180188}}}, {"type": "Feature", "geometry": {"coordinates": [-123.12609573048744, 49.24817362142331], "type": "Point"}, "properties": {"cover_elevation_m": 69.44, "type": "Combined", "geo_local_area": "South Cambie", "geo_point_2d": {"lon": -123.12609573048744, "lat": 49.24817362142331}}}, {"type": "Feature", "geometry": {"coordinates": [-123.12613801110143, 49.24906958116918], "type": "Point"}, "properties": {"cover_elevation_m": 68.77, "type": "Combined", "geo_local_area": "South Cambie", "geo_point_2d": {"lon": -123.12613801110143, "lat": 49.24906958116918}}}, {"type": "Feature", "geometry": {"coordinates": [-123.1142885132601, 49.254402793248445], "type": "Point"}, "properties": {"cover_elevation_m": 60.91, "type": "Storm", "geo_local_area": "Riley Park", "geo_point_2d": {"lon": -123.1142885132601, "lat": 49.254402793248445}}}, {"type": "Feature", "geometry": {"coordinates": [-123.10497231258684, 49.24903000638088], "type": "Point"}, "properties": {"cover_elevation_m": 73.12, "type": "Storm", "geo_local_area": "Riley Park", "geo_point_2d": {"lon": -123.10497231258684, "lat": 49.24903000638088}}}, {"type": "Feature", "geometry": {"coordinates": [-123.10953752175745, 49.253352390761805], "type": "Point"}, "properties": {"cover_elevation_m": 64.66, "type": "Storm", "geo_local_area": "Riley Park", "geo_point_2d": {"lon": -123.10953752175745, "lat": 49.253352390761805}}}, {"type": "Feature", "geometry": {"coordinates": [-123.10634772341076, 49.25329997838101], "type": "Point"}, "properties": {"cover_elevation_m": 63.47, "type": "Storm", "geo_local_area": "Riley Park", "geo_point_2d": {"lon": -123.10634772341076, "lat": 49.25329997838101}}}, {"type": "Feature", "geometry": {"coordinates": [-123.1073522449956, 49.25146173896633], "type": "Point"}, "properties": {"cover_elevation_m": 67.64, "type": "Sanitary", "geo_local_area": "Riley Park", "geo_point_2d": {"lon": -123.1073522449956, "lat": 49.25146173896633}}}, {"type": "Feature", "geometry": {"coordinates": [-123.11294149109548, 49.25156695262238], "type": "Point"}, "properties": {"cover_elevation_m": 64.47, "type": "Storm", "geo_local_area": "Riley Park", "geo_point_2d": {"lon": -123.11294149109548, "lat": 49.25156695262238}}}, {"type": "Feature", "geometry": {"coordinates": [-123.11296079434818, 49.25156553049543], "type": "Point"}, "properties": {"cover_elevation_m": 64.41, "type": "Sanitary", "geo_local_area": "Riley Park", "geo_point_2d": {"lon": -123.11296079434818, "lat": 49.25156553049543}}}, {"type": "Feature", "geometry": {"coordinates": [-123.11270048353231, 49.25245462083126], "type": "Point"}, "properties": {"cover_elevation_m": 64.0, "type": "Sanitary", "geo_local_area": "Riley Park", "geo_point_2d": {"lon": -123.11270048353231, "lat": 49.25245462083126}}}, {"type": "Feature", "geometry": {"coordinates": [-123.10979440993849, 49.24382198897025], "type": "Point"}, "properties": {"cover_elevation_m": 74.93, "type": "Combined", "geo_local_area": "Riley Park", "geo_point_2d": {"lon": -123.10979440993849, "lat": 49.24382198897025}}}, {"type": "Feature", "geometry": {"coordinates": [-123.11578104311342, 49.25693093362539], "type": "Point"}, "properties": {"cover_elevation_m": 54.08, "type": "Sanitary", "geo_local_area": "Fairview", "geo_point_2d": {"lon": -123.11578104311342, "lat": 49.25693093362539}}}, {"type": "Feature", "geometry": {"coordinates": [-123.11811521999996, 49.256882812261935], "type": "Point"}, "properties": {"cover_elevation_m": 53.68, "type": "Storm", "geo_local_area": "South Cambie", "geo_point_2d": {"lon": -123.11811521999996, "lat": 49.256882812261935}}}, {"type": "Feature", "geometry": {"coordinates": [-123.11843550272401, 49.249097244689345], "type": "Point"}, "properties": {"cover_elevation_m": 70.44, "type": "Sanitary", "geo_local_area": "South Cambie", "geo_point_2d": {"lon": -123.11843550272401, "lat": 49.249097244689345}}}, {"type": "Feature", "geometry": {"coordinates": [-123.11526183715768, 49.2568878349568], "type": "Point"}, "properties": {"cover_elevation_m": 54.24, "type": "Storm", "geo_local_area": "Fairview", "geo_point_2d": {"lon": -123.11526183715768, "lat": 49.2568878349568}}}, {"type": "Feature", "geometry": {"coordinates": [-123.11605446191, 49.252795340739006], "type": "Point"}, "properties": {"cover_elevation_m": 59.78, "type": "Sanitary", "geo_local_area": "South Cambie", "geo_point_2d": {"lon": -123.11605446191, "lat": 49.252795340739006}}}, {"type": "Feature", "geometry": {"coordinates": [-123.12066581454874, 49.24804587707037], "type": "Point"}, "properties": {"cover_elevation_m": 74.34, "type": "Sanitary", "geo_local_area": "South Cambie", "geo_point_2d": {"lon": -123.12066581454874, "lat": 49.24804587707037}}}, {"type": "Feature", "geometry": {"coordinates": [-123.12443973656379, 49.24914893476334], "type": "Point"}, "properties": {"cover_elevation_m": 68.76, "type": "Combined", "geo_local_area": "South Cambie", "geo_point_2d": {"lon": -123.12443973656379, "lat": 49.24914893476334}}}, {"type": "Feature", "geometry": {"coordinates": [-123.12231094071792, 49.248095824716394], "type": "Point"}, "properties": {"cover_elevation_m": 70.29, "type": "Combined", "geo_local_area": "South Cambie", "geo_point_2d": {"lon": -123.12231094071792, "lat": 49.248095824716394}}}, {"type": "Feature", "geometry": {"coordinates": [-123.12222668104894, 49.249240817780354], "type": "Point"}, "properties": {"cover_elevation_m": 69.21, "type": "Combined", "geo_local_area": "South Cambie", "geo_point_2d": {"lon": -123.12222668104894, "lat": 49.249240817780354}}}, {"type": "Feature", "geometry": {"coordinates": [-123.12229770705952, 49.24852347199111], "type": "Point"}, "properties": {"cover_elevation_m": 69.7, "type": "Combined", "geo_local_area": "South Cambie", "geo_point_2d": {"lon": -123.12229770705952, "lat": 49.24852347199111}}}, {"type": "Feature", "geometry": {"coordinates": [-123.12127290586201, 49.24805292332932], "type": "Point"}, "properties": {"cover_elevation_m": 71.17, "type": "Sanitary", "geo_local_area": "South Cambie", "geo_point_2d": {"lon": -123.12127290586201, "lat": 49.24805292332932}}}, {"type": "Feature", "geometry": {"coordinates": [-123.12073180148607, 49.24849914976531], "type": "Point"}, "properties": {"cover_elevation_m": 74.15, "type": "Combined", "geo_local_area": "South Cambie", "geo_point_2d": {"lon": -123.12073180148607, "lat": 49.24849914976531}}}, {"type": "Feature", "geometry": {"coordinates": [-123.1186336383576, 49.249049807454924], "type": "Point"}, "properties": {"cover_elevation_m": 71.28, "type": "Combined", "geo_local_area": "South Cambie", "geo_point_2d": {"lon": -123.1186336383576, "lat": 49.249049807454924}}}, {"type": "Feature", "geometry": {"coordinates": [-123.12046914683181, 49.248072978052065], "type": "Point"}, "properties": {"cover_elevation_m": 74.98, "type": "Combined", "geo_local_area": "South Cambie", "geo_point_2d": {"lon": -123.12046914683181, "lat": 49.248072978052065}}}, {"type": "Feature", "geometry": {"coordinates": [-123.1184527149031, 49.248003973763886], "type": "Point"}, "properties": {"cover_elevation_m": 76.11, "type": "Sanitary", "geo_local_area": "South Cambie", "geo_point_2d": {"lon": -123.1184527149031, "lat": 49.248003973763886}}}, {"type": "Feature", "geometry": {"coordinates": [-123.12122160810495, 49.24712475020799], "type": "Point"}, "properties": {"cover_elevation_m": 72.76, "type": "Combined", "geo_local_area": "South Cambie", "geo_point_2d": {"lon": -123.12122160810495, "lat": 49.24712475020799}}}, {"type": "Feature", "geometry": {"coordinates": [-123.11847327433983, 49.24799988683828], "type": "Point"}, "properties": {"cover_elevation_m": 76.26, "type": "Storm", "geo_local_area": "South Cambie", "geo_point_2d": {"lon": -123.11847327433983, "lat": 49.24799988683828}}}, {"type": "Feature", "geometry": {"coordinates": [-123.10673102638819, 49.24405913163849], "type": "Point"}, "properties": {"cover_elevation_m": 72.41, "type": "Sanitary", "geo_local_area": "Riley Park", "geo_point_2d": {"lon": -123.10673102638819, "lat": 49.24405913163849}}}, {"type": "Feature", "geometry": {"coordinates": [-123.11748999431653, 49.25687743195026], "type": "Point"}, "properties": {"cover_elevation_m": 53.83, "type": "Storm", "geo_local_area": "South Cambie", "geo_point_2d": {"lon": -123.11748999431653, "lat": 49.25687743195026}}}, {"type": "Feature", "geometry": {"coordinates": [-123.11447551871677, 49.245050035615165], "type": "Point"}, "properties": {"cover_elevation_m": 84.34, "type": "Storm", "geo_local_area": "Riley Park", "geo_point_2d": {"lon": -123.11447551871677, "lat": 49.245050035615165}}}, {"type": "Feature", "geometry": {"coordinates": [-123.11927079038816, 49.241668830878446], "type": "Point"}, "properties": {"cover_elevation_m": 91.91, "type": "Combined", "geo_local_area": "South Cambie", "geo_point_2d": {"lon": -123.11927079038816, "lat": 49.241668830878446}}}, {"type": "Feature", "geometry": {"coordinates": [-123.11840959460609, 49.24215900388131], "type": "Point"}, "properties": {"cover_elevation_m": 90.41, "type": "Combined", "geo_local_area": "South Cambie", "geo_point_2d": {"lon": -123.11840959460609, "lat": 49.24215900388131}}}, {"type": "Feature", "geometry": {"coordinates": [-123.12043421501622, 49.244342861903654], "type": "Point"}, "properties": {"cover_elevation_m": 81.0, "type": "Combined", "geo_local_area": "South Cambie", "geo_point_2d": {"lon": -123.12043421501622, "lat": 49.244342861903654}}}, {"type": "Feature", "geometry": {"coordinates": [-123.11449859898994, 49.25401531398638], "type": "Point"}, "properties": {"cover_elevation_m": 60.01, "type": "Combined", "geo_local_area": "Riley Park", "geo_point_2d": {"lon": -123.11449859898994, "lat": 49.25401531398638}}}, {"type": "Feature", "geometry": {"coordinates": [-123.11504207584625, 49.25402546942366], "type": "Point"}, "properties": {"cover_elevation_m": 58.98, "type": "Combined", "geo_local_area": "Riley Park", "geo_point_2d": {"lon": -123.11504207584625, "lat": 49.25402546942366}}}, {"type": "Feature", "geometry": {"coordinates": [-123.10869678321549, 49.24601555254764], "type": "Point"}, "properties": {"cover_elevation_m": 70.53, "type": "Storm", "geo_local_area": "Riley Park", "geo_point_2d": {"lon": -123.10869678321549, "lat": 49.24601555254764}}}, {"type": "Feature", "geometry": {"coordinates": [-123.11199432299995, 49.25530465185361], "type": "Point"}, "properties": {"cover_elevation_m": 56.49, "type": "Storm", "geo_local_area": "Riley Park", "geo_point_2d": {"lon": -123.11199432299995, "lat": 49.25530465185361}}}, {"type": "Feature", "geometry": {"coordinates": [-123.1100327368952, 49.25526404324808], "type": "Point"}, "properties": {"cover_elevation_m": 59.72, "type": "Storm", "geo_local_area": "Riley Park", "geo_point_2d": {"lon": -123.1100327368952, "lat": 49.25526404324808}}}, {"type": "Feature", "geometry": {"coordinates": [-123.10968555364697, 49.25525890428049], "type": "Point"}, "properties": {"cover_elevation_m": 59.14, "type": "Storm", "geo_local_area": "Riley Park", "geo_point_2d": {"lon": -123.10968555364697, "lat": 49.25525890428049}}}, {"type": "Feature", "geometry": {"coordinates": [-123.10967873518653, 49.25525787630331], "type": "Point"}, "properties": {"cover_elevation_m": 59.28, "type": "Sanitary", "geo_local_area": "Riley Park", "geo_point_2d": {"lon": -123.10967873518653, "lat": 49.25525787630331}}}, {"type": "Feature", "geometry": {"coordinates": [-123.1247401706217, 49.25121422992013], "type": "Point"}, "properties": {"cover_elevation_m": 61.49, "type": "Sanitary", "geo_local_area": "South Cambie", "geo_point_2d": {"lon": -123.1247401706217, "lat": 49.25121422992013}}}, {"type": "Feature", "geometry": {"coordinates": [-123.11445037138478, 49.245815123238955], "type": "Point"}, "properties": {"cover_elevation_m": 81.63, "type": "Combined", "geo_local_area": "Riley Park", "geo_point_2d": {"lon": -123.11445037138478, "lat": 49.245815123238955}}}, {"type": "Feature", "geometry": {"coordinates": [-123.1165846473887, 49.25468274210823], "type": "Point"}, "properties": {"cover_elevation_m": 56.82, "type": "Storm", "geo_local_area": "South Cambie", "geo_point_2d": {"lon": -123.1165846473887, "lat": 49.25468274210823}}}, {"type": "Feature", "geometry": {"coordinates": [-123.10723340123403, 49.254274133788336], "type": "Point"}, "properties": {"cover_elevation_m": 60.832, "type": "Sanitary", "geo_local_area": "Riley Park", "geo_point_2d": {"lon": -123.10723340123403, "lat": 49.254274133788336}}}, {"type": "Feature", "geometry": {"coordinates": [-123.10729555918753, 49.25234794715447], "type": "Point"}, "properties": {"cover_elevation_m": 65.79, "type": "Storm", "geo_local_area": "Riley Park", "geo_point_2d": {"lon": -123.10729555918753, "lat": 49.25234794715447}}}, {"type": "Feature", "geometry": {"coordinates": [-123.1222664095796, 49.25014399563046], "type": "Point"}, "properties": {"cover_elevation_m": 66.273, "type": "Sanitary", "geo_local_area": "South Cambie", "geo_point_2d": {"lon": -123.1222664095796, "lat": 49.25014399563046}}}, {"type": "Feature", "geometry": {"coordinates": [-123.12225507329879, 49.25073940172289], "type": "Point"}, "properties": {"cover_elevation_m": 62.599, "type": "Storm", "geo_local_area": "South Cambie", "geo_point_2d": {"lon": -123.12225507329879, "lat": 49.25073940172289}}}, {"type": "Feature", "geometry": {"coordinates": [-123.12693172079015, 49.24629787461504], "type": "Point"}, "properties": {"cover_elevation_m": 67.886, "type": "Sanitary", "geo_local_area": "South Cambie", "geo_point_2d": {"lon": -123.12693172079015, "lat": 49.24629787461504}}}, {"type": "Feature", "geometry": {"coordinates": [-123.11818085977548, 49.255652846971365], "type": "Point"}, "properties": {"cover_elevation_m": 56.439, "type": "Sanitary", "geo_local_area": "South Cambie", "geo_point_2d": {"lon": -123.11818085977548, "lat": 49.255652846971365}}}, {"type": "Feature", "geometry": {"coordinates": [-123.11540504634543, 49.248810179441385], "type": "Point"}, "properties": {"cover_elevation_m": 69.58, "type": "Storm", "geo_local_area": "South Cambie", "geo_point_2d": {"lon": -123.11540504634543, "lat": 49.248810179441385}}}, {"type": "Feature", "geometry": {"coordinates": [-123.12763344901819, 49.247095320526974], "type": "Point"}, "properties": {"cover_elevation_m": 67.953, "type": "Sanitary", "geo_local_area": "Shaughnessy", "geo_point_2d": {"lon": -123.12763344901819, "lat": 49.247095320526974}}}, {"type": "Feature", "geometry": {"coordinates": [-123.12766215327245, 49.2463124156559], "type": "Point"}, "properties": {"cover_elevation_m": 68.111, "type": "Sanitary", "geo_local_area": "Shaughnessy", "geo_point_2d": {"lon": -123.12766215327245, "lat": 49.2463124156559}}}, {"type": "Feature", "geometry": {"coordinates": [-123.12701533165138, 49.2463048169953], "type": "Point"}, "properties": {"cover_elevation_m": 67.85, "type": "Storm", "geo_local_area": "South Cambie", "geo_point_2d": {"lon": -123.12701533165138, "lat": 49.2463048169953}}}, {"type": "Feature", "geometry": {"coordinates": [-123.10442994293297, 49.24728323742965], "type": "Point"}, "properties": {"cover_elevation_m": 78.401, "type": "Storm", "geo_local_area": "Riley Park", "geo_point_2d": {"lon": -123.10442994293297, "lat": 49.24728323742965}}}, {"type": "Feature", "geometry": {"coordinates": [-123.11879411236512, 49.24708449045533], "type": "Point"}, "properties": {"cover_elevation_m": 82.4, "type": "Storm", "geo_local_area": "South Cambie", "geo_point_2d": {"lon": -123.11879411236512, "lat": 49.24708449045533}}}, {"type": "Feature", "geometry": {"coordinates": [-123.11678304825614, 49.24504966006324], "type": "Point"}, "properties": {"cover_elevation_m": 86.16, "type": "Sanitary", "geo_local_area": "South Cambie", "geo_point_2d": {"lon": -123.11678304825614, "lat": 49.24504966006324}}}, {"type": "Feature", "geometry": {"coordinates": [-123.11678276959263, 49.24503636538686], "type": "Point"}, "properties": {"cover_elevation_m": 86.27, "type": "Storm", "geo_local_area": "South Cambie", "geo_point_2d": {"lon": -123.11678276959263, "lat": 49.24503636538686}}}, {"type": "Feature", "geometry": {"coordinates": [-123.1166497992576, 49.24519394332828], "type": "Point"}, "properties": {"cover_elevation_m": 85.19, "type": "Storm", "geo_local_area": "South Cambie", "geo_point_2d": {"lon": -123.1166497992576, "lat": 49.24519394332828}}}, {"type": "Feature", "geometry": {"coordinates": [-123.11657510017558, 49.24752372121942], "type": "Point"}, "properties": {"cover_elevation_m": 74.85, "type": "Sanitary", "geo_local_area": "South Cambie", "geo_point_2d": {"lon": -123.11657510017558, "lat": 49.24752372121942}}}, {"type": "Feature", "geometry": {"coordinates": [-123.1165564609749, 49.247975804367464], "type": "Point"}, "properties": {"cover_elevation_m": 73.12, "type": "Sanitary", "geo_local_area": "South Cambie", "geo_point_2d": {"lon": -123.1165564609749, "lat": 49.247975804367464}}}, {"type": "Feature", "geometry": {"coordinates": [-123.11652957042003, 49.24842500833088], "type": "Point"}, "properties": {"cover_elevation_m": 71.71, "type": "Storm", "geo_local_area": "South Cambie", "geo_point_2d": {"lon": -123.11652957042003, "lat": 49.24842500833088}}}, {"type": "Feature", "geometry": {"coordinates": [-123.11652532011914, 49.248913525558514], "type": "Point"}, "properties": {"cover_elevation_m": 68.23, "type": "Sanitary", "geo_local_area": "South Cambie", "geo_point_2d": {"lon": -123.11652532011914, "lat": 49.248913525558514}}}, {"type": "Feature", "geometry": {"coordinates": [-123.11682566417899, 49.25023100521303], "type": "Point"}, "properties": {"cover_elevation_m": 0.0, "type": "Combined", "geo_local_area": "South Cambie", "geo_point_2d": {"lon": -123.11682566417899, "lat": 49.25023100521303}}}, {"type": "Feature", "geometry": {"coordinates": [-123.12312790304306, 49.24668302031105], "type": "Point"}, "properties": {"cover_elevation_m": null, "type": "Storm", "geo_local_area": "South Cambie", "geo_point_2d": {"lon": -123.12312790304306, "lat": 49.24668302031105}}}, {"type": "Feature", "geometry": {"coordinates": [-123.11450383998708, 49.25385719978434], "type": "Point"}, "properties": {"cover_elevation_m": null, "type": "Combined", "geo_local_area": "Riley Park", "geo_point_2d": {"lon": -123.11450383998708, "lat": 49.25385719978434}}}, {"type": "Feature", "geometry": {"coordinates": [-123.11855619397184, 49.24107181464439], "type": "Point"}, "properties": {"cover_elevation_m": 96.26, "type": "Sanitary", "geo_local_area": "South Cambie", "geo_point_2d": {"lon": -123.11855619397184, "lat": 49.24107181464439}}}, {"type": "Feature", "geometry": {"coordinates": [-123.11857261300082, 49.241061039484435], "type": "Point"}, "properties": {"cover_elevation_m": 96.25, "type": "Storm", "geo_local_area": "South Cambie", "geo_point_2d": {"lon": -123.11857261300082, "lat": 49.241061039484435}}}, {"type": "Feature", "geometry": {"coordinates": [-123.11835968847979, 49.25154275588731], "type": "Point"}, "properties": {"cover_elevation_m": 56.91, "type": "Storm", "geo_local_area": "South Cambie", "geo_point_2d": {"lon": -123.11835968847979, "lat": 49.25154275588731}}}, {"type": "Feature", "geometry": {"coordinates": [-123.11834495350227, 49.251558188798136], "type": "Point"}, "properties": {"cover_elevation_m": 56.9, "type": "Sanitary", "geo_local_area": "South Cambie", "geo_point_2d": {"lon": -123.11834495350227, "lat": 49.251558188798136}}}, {"type": "Feature", "geometry": {"coordinates": [-123.11962044075982, 49.24433273317627], "type": "Point"}, "properties": {"cover_elevation_m": 82.54, "type": "Sanitary", "geo_local_area": "South Cambie", "geo_point_2d": {"lon": -123.11962044075982, "lat": 49.24433273317627}}}, {"type": "Feature", "geometry": {"coordinates": [-123.10871602536417, 49.24835277451149], "type": "Point"}, "properties": {"cover_elevation_m": 67.95, "type": "Sanitary", "geo_local_area": "Riley Park", "geo_point_2d": {"lon": -123.10871602536417, "lat": 49.24835277451149}}}, {"type": "Feature", "geometry": {"coordinates": [-123.1074950997967, 49.24833562966], "type": "Point"}, "properties": {"cover_elevation_m": 69.54, "type": "Sanitary", "geo_local_area": "Riley Park", "geo_point_2d": {"lon": -123.1074950997967, "lat": 49.24833562966}}}, {"type": "Feature", "geometry": {"coordinates": [-123.1160897630758, 49.24926117988551], "type": "Point"}, "properties": {"cover_elevation_m": 68.127, "type": "Sanitary", "geo_local_area": "South Cambie", "geo_point_2d": {"lon": -123.1160897630758, "lat": 49.24926117988551}}}, {"type": "Feature", "geometry": {"coordinates": [-123.10497181632705, 49.24753210315727], "type": "Point"}, "properties": {"cover_elevation_m": 76.64, "type": "Combined", "geo_local_area": "Riley Park", "geo_point_2d": {"lon": -123.10497181632705, "lat": 49.24753210315727}}}, {"type": "Feature", "geometry": {"coordinates": [-123.11598451471839, 49.25529294319104], "type": "Point"}, "properties": {"cover_elevation_m": 56.52, "type": "Combined", "geo_local_area": "South Cambie", "geo_point_2d": {"lon": -123.11598451471839, "lat": 49.25529294319104}}}, {"type": "Feature", "geometry": {"coordinates": [-123.12014167500163, 49.255247793821866], "type": "Point"}, "properties": {"cover_elevation_m": 52.34, "type": "Storm", "geo_local_area": "South Cambie", "geo_point_2d": {"lon": -123.12014167500163, "lat": 49.255247793821866}}}, {"type": "Feature", "geometry": {"coordinates": [-123.1201338231356, 49.25524006609757], "type": "Point"}, "properties": {"cover_elevation_m": 52.35, "type": "Sanitary", "geo_local_area": "South Cambie", "geo_point_2d": {"lon": -123.1201338231356, "lat": 49.25524006609757}}}, {"type": "Feature", "geometry": {"coordinates": [-123.12013411004337, 49.255205398222394], "type": "Point"}, "properties": {"cover_elevation_m": 52.35, "type": "Sanitary", "geo_local_area": "South Cambie", "geo_point_2d": {"lon": -123.12013411004337, "lat": 49.255205398222394}}}, {"type": "Feature", "geometry": {"coordinates": [-123.11711054840096, 49.2446397574671], "type": "Point"}, "properties": {"cover_elevation_m": 90.02, "type": "Storm", "geo_local_area": "South Cambie", "geo_point_2d": {"lon": -123.11711054840096, "lat": 49.2446397574671}}}, {"type": "Feature", "geometry": {"coordinates": [-123.11763074172858, 49.24426117718317], "type": "Point"}, "properties": {"cover_elevation_m": 89.94, "type": "Sanitary", "geo_local_area": "South Cambie", "geo_point_2d": {"lon": -123.11763074172858, "lat": 49.24426117718317}}}, {"type": "Feature", "geometry": {"coordinates": [-123.11158440207308, 49.25627337475353], "type": "Point"}, "properties": {"cover_elevation_m": 55.43, "type": "Sanitary", "geo_local_area": "Riley Park", "geo_point_2d": {"lon": -123.11158440207308, "lat": 49.25627337475353}}}, {"type": "Feature", "geometry": {"coordinates": [-123.11788865148579, 49.24410388444248], "type": "Point"}, "properties": {"cover_elevation_m": 88.74, "type": "Combined", "geo_local_area": "South Cambie", "geo_point_2d": {"lon": -123.11788865148579, "lat": 49.24410388444248}}}, {"type": "Feature", "geometry": {"coordinates": [-123.11801089149398, 49.241002965673175], "type": "Point"}, "properties": {"cover_elevation_m": 98.83, "type": "Combined", "geo_local_area": "Riley Park", "geo_point_2d": {"lon": -123.11801089149398, "lat": 49.241002965673175}}}, {"type": "Feature", "geometry": {"coordinates": [-123.11827408223296, 49.25339564380451], "type": "Point"}, "properties": {"cover_elevation_m": 56.87, "type": "Storm", "geo_local_area": "South Cambie", "geo_point_2d": {"lon": -123.11827408223296, "lat": 49.25339564380451}}}, {"type": "Feature", "geometry": {"coordinates": [-123.11830824711971, 49.25199952313685], "type": "Point"}, "properties": {"cover_elevation_m": 56.43, "type": "Storm", "geo_local_area": "South Cambie", "geo_point_2d": {"lon": -123.11830824711971, "lat": 49.25199952313685}}}, {"type": "Feature", "geometry": {"coordinates": [-123.1183372723643, 49.25155253866919], "type": "Point"}, "properties": {"cover_elevation_m": 56.94, "type": "Sanitary", "geo_local_area": "South Cambie", "geo_point_2d": {"lon": -123.1183372723643, "lat": 49.25155253866919}}}, {"type": "Feature", "geometry": {"coordinates": [-123.10953639044753, 49.25431300052471], "type": "Point"}, "properties": {"cover_elevation_m": 62.25, "type": "Sanitary", "geo_local_area": "Riley Park", "geo_point_2d": {"lon": -123.10953639044753, "lat": 49.25431300052471}}}, {"type": "Feature", "geometry": {"coordinates": [-123.11812242635528, 49.25697135381035], "type": "Point"}, "properties": {"cover_elevation_m": 53.69, "type": "Sanitary", "geo_local_area": "Fairview", "geo_point_2d": {"lon": -123.11812242635528, "lat": 49.25697135381035}}}, {"type": "Feature", "geometry": {"coordinates": [-123.11436957586751, 49.25684065121211], "type": "Point"}, "properties": {"cover_elevation_m": 53.7, "type": "Combined", "geo_local_area": "Riley Park", "geo_point_2d": {"lon": -123.11436957586751, "lat": 49.25684065121211}}}, {"type": "Feature", "geometry": {"coordinates": [-123.12829607678714, 49.24817736064933], "type": "Point"}, "properties": {"cover_elevation_m": 65.96, "type": "Storm", "geo_local_area": "Shaughnessy", "geo_point_2d": {"lon": -123.12829607678714, "lat": 49.24817736064933}}}, {"type": "Feature", "geometry": {"coordinates": [-123.12835152232147, 49.247266909636636], "type": "Point"}, "properties": {"cover_elevation_m": 66.71, "type": "Sanitary", "geo_local_area": "Shaughnessy", "geo_point_2d": {"lon": -123.12835152232147, "lat": 49.247266909636636}}}, {"type": "Feature", "geometry": {"coordinates": [-123.118402714901, 49.25005564792953], "type": "Point"}, "properties": {"cover_elevation_m": 61.96, "type": "Sanitary", "geo_local_area": "South Cambie", "geo_point_2d": {"lon": -123.118402714901, "lat": 49.25005564792953}}}, {"type": "Feature", "geometry": {"coordinates": [-123.1184174973327, 49.24895718043932], "type": "Point"}, "properties": {"cover_elevation_m": 70.56, "type": "Storm", "geo_local_area": "South Cambie", "geo_point_2d": {"lon": -123.1184174973327, "lat": 49.24895718043932}}}, {"type": "Feature", "geometry": {"coordinates": [-123.11843505976788, 49.24894653007564], "type": "Point"}, "properties": {"cover_elevation_m": 70.6, "type": "Sanitary", "geo_local_area": "South Cambie", "geo_point_2d": {"lon": -123.11843505976788, "lat": 49.24894653007564}}}, {"type": "Feature", "geometry": {"coordinates": [-123.11970174304945, 49.24433563538453], "type": "Point"}, "properties": {"cover_elevation_m": 82.27, "type": "Combined", "geo_local_area": "South Cambie", "geo_point_2d": {"lon": -123.11970174304945, "lat": 49.24433563538453}}}, {"type": "Feature", "geometry": {"coordinates": [-123.12055635819209, 49.24223251454193], "type": "Point"}, "properties": {"cover_elevation_m": 89.1, "type": "Combined", "geo_local_area": "South Cambie", "geo_point_2d": {"lon": -123.12055635819209, "lat": 49.24223251454193}}}, {"type": "Feature", "geometry": {"coordinates": [-123.11924959230143, 49.24218824694251], "type": "Point"}, "properties": {"cover_elevation_m": 89.99, "type": "Combined", "geo_local_area": "South Cambie", "geo_point_2d": {"lon": -123.11924959230143, "lat": 49.24218824694251}}}, {"type": "Feature", "geometry": {"coordinates": [-123.11822044515446, 49.24391627355166], "type": "Point"}, "properties": {"cover_elevation_m": 87.91, "type": "Combined", "geo_local_area": "South Cambie", "geo_point_2d": {"lon": -123.11822044515446, "lat": 49.24391627355166}}}, {"type": "Feature", "geometry": {"coordinates": [-123.12580802940391, 49.251232033962616], "type": "Point"}, "properties": {"cover_elevation_m": 65.37, "type": "Sanitary", "geo_local_area": "South Cambie", "geo_point_2d": {"lon": -123.12580802940391, "lat": 49.251232033962616}}}, {"type": "Feature", "geometry": {"coordinates": [-123.1269102477208, 49.25124673202017], "type": "Point"}, "properties": {"cover_elevation_m": 70.04, "type": "Sanitary", "geo_local_area": "South Cambie", "geo_point_2d": {"lon": -123.1269102477208, "lat": 49.25124673202017}}}, {"type": "Feature", "geometry": {"coordinates": [-123.10972244868721, 49.25467473767401], "type": "Point"}, "properties": {"cover_elevation_m": 60.96, "type": "Storm", "geo_local_area": "Riley Park", "geo_point_2d": {"lon": -123.10972244868721, "lat": 49.25467473767401}}}, {"type": "Feature", "geometry": {"coordinates": [-123.12598021563934, 49.2517108421132], "type": "Point"}, "properties": {"cover_elevation_m": 64.55, "type": "Storm", "geo_local_area": "South Cambie", "geo_point_2d": {"lon": -123.12598021563934, "lat": 49.2517108421132}}}, {"type": "Feature", "geometry": {"coordinates": [-123.12709248896518, 49.25173065474782], "type": "Point"}, "properties": {"cover_elevation_m": 69.2, "type": "Sanitary", "geo_local_area": "South Cambie", "geo_point_2d": {"lon": -123.12709248896518, "lat": 49.25173065474782}}}, {"type": "Feature", "geometry": {"coordinates": [-123.12672118663794, 49.25262798546438], "type": "Point"}, "properties": {"cover_elevation_m": 64.2, "type": "Sanitary", "geo_local_area": "South Cambie", "geo_point_2d": {"lon": -123.12672118663794, "lat": 49.25262798546438}}}, {"type": "Feature", "geometry": {"coordinates": [-123.12016734454353, 49.254749180067286], "type": "Point"}, "properties": {"cover_elevation_m": 52.35, "type": "Storm", "geo_local_area": "South Cambie", "geo_point_2d": {"lon": -123.12016734454353, "lat": 49.254749180067286}}}, {"type": "Feature", "geometry": {"coordinates": [-123.12833236642744, 49.24999625474536], "type": "Point"}, "properties": {"cover_elevation_m": 71.21, "type": "Combined", "geo_local_area": "Shaughnessy", "geo_point_2d": {"lon": -123.12833236642744, "lat": 49.24999625474536}}}, {"type": "Feature", "geometry": {"coordinates": [-123.12679034506668, 49.2508401085165], "type": "Point"}, "properties": {"cover_elevation_m": 70.14, "type": "Combined", "geo_local_area": "South Cambie", "geo_point_2d": {"lon": -123.12679034506668, "lat": 49.2508401085165}}}, {"type": "Feature", "geometry": {"coordinates": [-123.12680808989181, 49.2504289981611], "type": "Point"}, "properties": {"cover_elevation_m": 71.23, "type": "Combined", "geo_local_area": "South Cambie", "geo_point_2d": {"lon": -123.12680808989181, "lat": 49.2504289981611}}}, {"type": "Feature", "geometry": {"coordinates": [-123.11440050078593, 49.247006483333735], "type": "Point"}, "properties": {"cover_elevation_m": 77.52, "type": "Combined", "geo_local_area": "Riley Park", "geo_point_2d": {"lon": -123.11440050078593, "lat": 49.247006483333735}}}, {"type": "Feature", "geometry": {"coordinates": [-123.11661151535372, 49.246125069707674], "type": "Point"}, "properties": {"cover_elevation_m": 80.14, "type": "Combined", "geo_local_area": "South Cambie", "geo_point_2d": {"lon": -123.11661151535372, "lat": 49.246125069707674}}}, {"type": "Feature", "geometry": {"coordinates": [-123.11443158051813, 49.24630483338549], "type": "Point"}, "properties": {"cover_elevation_m": 80.2, "type": "Combined", "geo_local_area": "Riley Park", "geo_point_2d": {"lon": -123.11443158051813, "lat": 49.24630483338549}}}, {"type": "Feature", "geometry": {"coordinates": [-123.11171179934891, 49.246951410036544], "type": "Point"}, "properties": {"cover_elevation_m": 71.2, "type": "Combined", "geo_local_area": "Riley Park", "geo_point_2d": {"lon": -123.11171179934891, "lat": 49.246951410036544}}}, {"type": "Feature", "geometry": {"coordinates": [-123.11151514842771, 49.245601271574024], "type": "Point"}, "properties": {"cover_elevation_m": 75.9, "type": "Combined", "geo_local_area": "Riley Park", "geo_point_2d": {"lon": -123.11151514842771, "lat": 49.245601271574024}}}, {"type": "Feature", "geometry": {"coordinates": [-123.11447037628534, 49.245202896743365], "type": "Point"}, "properties": {"cover_elevation_m": 84.01, "type": "Combined", "geo_local_area": "Riley Park", "geo_point_2d": {"lon": -123.11447037628534, "lat": 49.245202896743365}}}, {"type": "Feature", "geometry": {"coordinates": [-123.116091591933, 49.249402403139285], "type": "Point"}, "properties": {"cover_elevation_m": 67.22, "type": "Combined", "geo_local_area": "South Cambie", "geo_point_2d": {"lon": -123.116091591933, "lat": 49.249402403139285}}}, {"type": "Feature", "geometry": {"coordinates": [-123.1123591007508, 49.24510899921129], "type": "Point"}, "properties": {"cover_elevation_m": 83.14, "type": "Storm", "geo_local_area": "Riley Park", "geo_point_2d": {"lon": -123.1123591007508, "lat": 49.24510899921129}}}, {"type": "Feature", "geometry": {"coordinates": [-123.11532758629075, 49.2558926194184], "type": "Point"}, "properties": {"cover_elevation_m": 56.77, "type": "Combined", "geo_local_area": "South Cambie", "geo_point_2d": {"lon": -123.11532758629075, "lat": 49.2558926194184}}}, {"type": "Feature", "geometry": {"coordinates": [-123.12476508673392, 49.246155240581885], "type": "Point"}, "properties": {"cover_elevation_m": 70.75, "type": "Combined", "geo_local_area": "South Cambie", "geo_point_2d": {"lon": -123.12476508673392, "lat": 49.246155240581885}}}, {"type": "Feature", "geometry": {"coordinates": [-123.12219286827762, 49.250722988275], "type": "Point"}, "properties": {"cover_elevation_m": 62.86, "type": "Sanitary", "geo_local_area": "South Cambie", "geo_point_2d": {"lon": -123.12219286827762, "lat": 49.250722988275}}}, {"type": "Feature", "geometry": {"coordinates": [-123.11969188237569, 49.24959523008086], "type": "Point"}, "properties": {"cover_elevation_m": 72.89, "type": "Combined", "geo_local_area": "South Cambie", "geo_point_2d": {"lon": -123.11969188237569, "lat": 49.24959523008086}}}, {"type": "Feature", "geometry": {"coordinates": [-123.11833525767528, 49.24203376735788], "type": "Point"}, "properties": {"cover_elevation_m": 92.94, "type": "Storm", "geo_local_area": "Riley Park", "geo_point_2d": {"lon": -123.11833525767528, "lat": 49.24203376735788}}}, {"type": "Feature", "geometry": {"coordinates": [-123.1178694313114, 49.24289209258049], "type": "Point"}, "properties": {"cover_elevation_m": 90.35, "type": "Storm", "geo_local_area": "Riley Park", "geo_point_2d": {"lon": -123.1178694313114, "lat": 49.24289209258049}}}, {"type": "Feature", "geometry": {"coordinates": [-123.11800686512314, 49.24314740806389], "type": "Point"}, "properties": {"cover_elevation_m": 89.77, "type": "Storm", "geo_local_area": "Riley Park", "geo_point_2d": {"lon": -123.11800686512314, "lat": 49.24314740806389}}}, {"type": "Feature", "geometry": {"coordinates": [-123.11727041796455, 49.243623763189895], "type": "Point"}, "properties": {"cover_elevation_m": 92.28, "type": "Storm", "geo_local_area": "Riley Park", "geo_point_2d": {"lon": -123.11727041796455, "lat": 49.243623763189895}}}, {"type": "Feature", "geometry": {"coordinates": [-123.11785259986043, 49.242949265499625], "type": "Point"}, "properties": {"cover_elevation_m": 89.88, "type": "Storm", "geo_local_area": "Riley Park", "geo_point_2d": {"lon": -123.11785259986043, "lat": 49.242949265499625}}}, {"type": "Feature", "geometry": {"coordinates": [-123.11784645230564, 49.242958177057155], "type": "Point"}, "properties": {"cover_elevation_m": 89.89, "type": "Storm", "geo_local_area": "Riley Park", "geo_point_2d": {"lon": -123.11784645230564, "lat": 49.242958177057155}}}, {"type": "Feature", "geometry": {"coordinates": [-123.11561663603815, 49.24449068191782], "type": "Point"}, "properties": {"cover_elevation_m": 87.83, "type": "Storm", "geo_local_area": "Riley Park", "geo_point_2d": {"lon": -123.11561663603815, "lat": 49.24449068191782}}}, {"type": "Feature", "geometry": {"coordinates": [-123.11420588332709, 49.24190518953186], "type": "Point"}, "properties": {"cover_elevation_m": 97.12, "type": "Combined", "geo_local_area": "Riley Park", "geo_point_2d": {"lon": -123.11420588332709, "lat": 49.24190518953186}}}, {"type": "Feature", "geometry": {"coordinates": [-123.12015199899969, 49.25343180985693], "type": "Point"}, "properties": {"cover_elevation_m": 52.7, "type": "Combined", "geo_local_area": "South Cambie", "geo_point_2d": {"lon": -123.12015199899969, "lat": 49.25343180985693}}}, {"type": "Feature", "geometry": {"coordinates": [-123.10429736045795, 49.248044380712], "type": "Point"}, "properties": {"cover_elevation_m": 76.57, "type": "Combined", "geo_local_area": "Riley Park", "geo_point_2d": {"lon": -123.10429736045795, "lat": 49.248044380712}}}, {"type": "Feature", "geometry": {"coordinates": [-123.10434036514512, 49.2472803229536], "type": "Point"}, "properties": {"cover_elevation_m": 78.47, "type": "Combined", "geo_local_area": "Riley Park", "geo_point_2d": {"lon": -123.10434036514512, "lat": 49.2472803229536}}}, {"type": "Feature", "geometry": {"coordinates": [-123.11653754505409, 49.24796601864803], "type": "Point"}, "properties": {"cover_elevation_m": 70.43, "type": "Combined", "geo_local_area": "South Cambie", "geo_point_2d": {"lon": -123.11653754505409, "lat": 49.24796601864803}}}, {"type": "Feature", "geometry": {"coordinates": [-123.12238783557726, 49.24615181956621], "type": "Point"}, "properties": {"cover_elevation_m": 72.52, "type": "Combined", "geo_local_area": "South Cambie", "geo_point_2d": {"lon": -123.12238783557726, "lat": 49.24615181956621}}}, {"type": "Feature", "geometry": {"coordinates": [-123.12299837121678, 49.24668078354713], "type": "Point"}, "properties": {"cover_elevation_m": 72.8, "type": "Combined", "geo_local_area": "South Cambie", "geo_point_2d": {"lon": -123.12299837121678, "lat": 49.24668078354713}}}, {"type": "Feature", "geometry": {"coordinates": [-123.11268839480466, 49.25531775764674], "type": "Point"}, "properties": {"cover_elevation_m": 57.54, "type": "Sanitary", "geo_local_area": "Riley Park", "geo_point_2d": {"lon": -123.11268839480466, "lat": 49.25531775764674}}}, {"type": "Feature", "geometry": {"coordinates": [-123.10842944010398, 49.255234606508076], "type": "Point"}, "properties": {"cover_elevation_m": 59.37, "type": "Sanitary", "geo_local_area": "Riley Park", "geo_point_2d": {"lon": -123.10842944010398, "lat": 49.255234606508076}}}, {"type": "Feature", "geometry": {"coordinates": [-123.12831324264397, 49.24818957509992], "type": "Point"}, "properties": {"cover_elevation_m": 65.98, "type": "Sanitary", "geo_local_area": "Shaughnessy", "geo_point_2d": {"lon": -123.12831324264397, "lat": 49.24818957509992}}}, {"type": "Feature", "geometry": {"coordinates": [-123.1073158343766, 49.25191353096664], "type": "Point"}, "properties": {"cover_elevation_m": 66.8, "type": "Storm", "geo_local_area": "Riley Park", "geo_point_2d": {"lon": -123.1073158343766, "lat": 49.25191353096664}}}, {"type": "Feature", "geometry": {"coordinates": [-123.10486095153163, 49.249941288127225], "type": "Point"}, "properties": {"cover_elevation_m": 72.03, "type": "Combined", "geo_local_area": "Riley Park", "geo_point_2d": {"lon": -123.10486095153163, "lat": 49.249941288127225}}}, {"type": "Feature", "geometry": {"coordinates": [-123.10478654253549, 49.251413919136056], "type": "Point"}, "properties": {"cover_elevation_m": 69.61, "type": "Combined", "geo_local_area": "Riley Park", "geo_point_2d": {"lon": -123.10478654253549, "lat": 49.251413919136056}}}, {"type": "Feature", "geometry": {"coordinates": [-123.10984169008604, 49.25053172133576], "type": "Point"}, "properties": {"cover_elevation_m": 63.99, "type": "Combined", "geo_local_area": "Riley Park", "geo_point_2d": {"lon": -123.10984169008604, "lat": 49.25053172133576}}}, {"type": "Feature", "geometry": {"coordinates": [-123.11013530604299, 49.250537198754785], "type": "Point"}, "properties": {"cover_elevation_m": 63.95, "type": "Combined", "geo_local_area": "Riley Park", "geo_point_2d": {"lon": -123.11013530604299, "lat": 49.250537198754785}}}, {"type": "Feature", "geometry": {"coordinates": [-123.10737902448896, 49.25048503944867], "type": "Point"}, "properties": {"cover_elevation_m": 69.0, "type": "Combined", "geo_local_area": "Riley Park", "geo_point_2d": {"lon": -123.10737902448896, "lat": 49.25048503944867}}}, {"type": "Feature", "geometry": {"coordinates": [-123.10606435826921, 49.25046027563956], "type": "Point"}, "properties": {"cover_elevation_m": 70.61, "type": "Combined", "geo_local_area": "Riley Park", "geo_point_2d": {"lon": -123.10606435826921, "lat": 49.25046027563956}}}, {"type": "Feature", "geometry": {"coordinates": [-123.10637196316928, 49.24606609283909], "type": "Point"}, "properties": {"cover_elevation_m": 73.22, "type": "Combined", "geo_local_area": "Riley Park", "geo_point_2d": {"lon": -123.10637196316928, "lat": 49.24606609283909}}}, {"type": "Feature", "geometry": {"coordinates": [-123.11020509114508, 49.24883712408176], "type": "Point"}, "properties": {"cover_elevation_m": 67.18, "type": "Combined", "geo_local_area": "Riley Park", "geo_point_2d": {"lon": -123.11020509114508, "lat": 49.24883712408176}}}, {"type": "Feature", "geometry": {"coordinates": [-123.11013205376851, 49.24784580244089], "type": "Point"}, "properties": {"cover_elevation_m": 68.06, "type": "Combined", "geo_local_area": "Riley Park", "geo_point_2d": {"lon": -123.11013205376851, "lat": 49.24784580244089}}}, {"type": "Feature", "geometry": {"coordinates": [-123.11796504029006, 49.24799644000075], "type": "Point"}, "properties": {"cover_elevation_m": 74.34, "type": "Sanitary", "geo_local_area": "South Cambie", "geo_point_2d": {"lon": -123.11796504029006, "lat": 49.24799644000075}}}, {"type": "Feature", "geometry": {"coordinates": [-123.1165184433411, 49.248426134962116], "type": "Point"}, "properties": {"cover_elevation_m": 0.0, "type": "Combined", "geo_local_area": "South Cambie", "geo_point_2d": {"lon": -123.1165184433411, "lat": 49.248426134962116}}}, {"type": "Feature", "geometry": {"coordinates": [-123.10735627560791, 49.25100752131514], "type": "Point"}, "properties": {"cover_elevation_m": 68.59, "type": "Storm", "geo_local_area": "Riley Park", "geo_point_2d": {"lon": -123.10735627560791, "lat": 49.25100752131514}}}, {"type": "Feature", "geometry": {"coordinates": [-123.11821220919312, 49.245220186458354], "type": "Point"}, "properties": {"cover_elevation_m": 86.34, "type": "Combined", "geo_local_area": "South Cambie", "geo_point_2d": {"lon": -123.11821220919312, "lat": 49.245220186458354}}}, {"type": "Feature", "geometry": {"coordinates": [-123.1261107485938, 49.248135825060366], "type": "Point"}, "properties": {"cover_elevation_m": 69.4, "type": "Storm", "geo_local_area": "South Cambie", "geo_point_2d": {"lon": -123.1261107485938, "lat": 49.248135825060366}}}, {"type": "Feature", "geometry": {"coordinates": [-123.12730686301889, 49.24908906008895], "type": "Point"}, "properties": {"cover_elevation_m": 69.03, "type": "Storm", "geo_local_area": "South Cambie", "geo_point_2d": {"lon": -123.12730686301889, "lat": 49.24908906008895}}}, {"type": "Feature", "geometry": {"coordinates": [-123.12122343575577, 49.2461651188216], "type": "Point"}, "properties": {"cover_elevation_m": 73.98, "type": "Combined", "geo_local_area": "South Cambie", "geo_point_2d": {"lon": -123.12122343575577, "lat": 49.2461651188216}}}, {"type": "Feature", "geometry": {"coordinates": [-123.12037478335975, 49.24610814883523], "type": "Point"}, "properties": {"cover_elevation_m": 76.12, "type": "Combined", "geo_local_area": "South Cambie", "geo_point_2d": {"lon": -123.12037478335975, "lat": 49.24610814883523}}}, {"type": "Feature", "geometry": {"coordinates": [-123.12756125623098, 49.247174306441835], "type": "Point"}, "properties": {"cover_elevation_m": 67.542, "type": "Combined", "geo_local_area": "South Cambie", "geo_point_2d": {"lon": -123.12756125623098, "lat": 49.247174306441835}}}, {"type": "Feature", "geometry": {"coordinates": [-123.1275529967197, 49.24719496861539], "type": "Point"}, "properties": {"cover_elevation_m": 67.534, "type": "Combined", "geo_local_area": "South Cambie", "geo_point_2d": {"lon": -123.1275529967197, "lat": 49.24719496861539}}}, {"type": "Feature", "geometry": {"coordinates": [-123.1120162449801, 49.25530597088917], "type": "Point"}, "properties": {"cover_elevation_m": 56.48, "type": "Sanitary", "geo_local_area": "Riley Park", "geo_point_2d": {"lon": -123.1120162449801, "lat": 49.25530597088917}}}, {"type": "Feature", "geometry": {"coordinates": [-123.1247164359747, 49.25122370053134], "type": "Point"}, "properties": {"cover_elevation_m": 61.36, "type": "Storm", "geo_local_area": "South Cambie", "geo_point_2d": {"lon": -123.1247164359747, "lat": 49.25122370053134}}}, {"type": "Feature", "geometry": {"coordinates": [-123.10841162736551, 49.255233363893154], "type": "Point"}, "properties": {"cover_elevation_m": 59.36, "type": "Storm", "geo_local_area": "Riley Park", "geo_point_2d": {"lon": -123.10841162736551, "lat": 49.255233363893154}}}, {"type": "Feature", "geometry": {"coordinates": [-123.1269102474902, 49.25124664206816], "type": "Point"}, "properties": {"cover_elevation_m": 70.13, "type": "Sanitary", "geo_local_area": "South Cambie", "geo_point_2d": {"lon": -123.1269102474902, "lat": 49.25124664206816}}}, {"type": "Feature", "geometry": {"coordinates": [-123.11443656001804, 49.255355420406566], "type": "Point"}, "properties": {"cover_elevation_m": 58.67, "type": "Sanitary", "geo_local_area": "Riley Park", "geo_point_2d": {"lon": -123.11443656001804, "lat": 49.255355420406566}}}, {"type": "Feature", "geometry": {"coordinates": [-123.10430150973548, 49.25099902149618], "type": "Point"}, "properties": {"cover_elevation_m": 71.28, "type": "Combined", "geo_local_area": "Riley Park", "geo_point_2d": {"lon": -123.10430150973548, "lat": 49.25099902149618}}}, {"type": "Feature", "geometry": {"coordinates": [-123.12115535446782, 49.2534535019659], "type": "Point"}, "properties": {"cover_elevation_m": 52.36, "type": "Combined", "geo_local_area": "South Cambie", "geo_point_2d": {"lon": -123.12115535446782, "lat": 49.2534535019659}}}, {"type": "Feature", "geometry": {"coordinates": [-123.1221641780274, 49.253474370009606], "type": "Point"}, "properties": {"cover_elevation_m": 52.22, "type": "Combined", "geo_local_area": "South Cambie", "geo_point_2d": {"lon": -123.1221641780274, "lat": 49.253474370009606}}}, {"type": "Feature", "geometry": {"coordinates": [-123.11850187684544, 49.25340013287539], "type": "Point"}, "properties": {"cover_elevation_m": 56.21, "type": "Sanitary", "geo_local_area": "South Cambie", "geo_point_2d": {"lon": -123.11850187684544, "lat": 49.25340013287539}}}, {"type": "Feature", "geometry": {"coordinates": [-123.12397799284457, 49.25079345305215], "type": "Point"}, "properties": {"cover_elevation_m": 60.12, "type": "Combined", "geo_local_area": "South Cambie", "geo_point_2d": {"lon": -123.12397799284457, "lat": 49.25079345305215}}}, {"type": "Feature", "geometry": {"coordinates": [-123.12400103569841, 49.250184100618675], "type": "Point"}, "properties": {"cover_elevation_m": 63.22, "type": "Combined", "geo_local_area": "South Cambie", "geo_point_2d": {"lon": -123.12400103569841, "lat": 49.250184100618675}}}, {"type": "Feature", "geometry": {"coordinates": [-123.12458825255436, 49.250806460321456], "type": "Point"}, "properties": {"cover_elevation_m": 62.4, "type": "Combined", "geo_local_area": "South Cambie", "geo_point_2d": {"lon": -123.12458825255436, "lat": 49.250806460321456}}}, {"type": "Feature", "geometry": {"coordinates": [-123.12027115396279, 49.251587772904486], "type": "Point"}, "properties": {"cover_elevation_m": 55.96, "type": "Sanitary", "geo_local_area": "South Cambie", "geo_point_2d": {"lon": -123.12027115396279, "lat": 49.251587772904486}}}, {"type": "Feature", "geometry": {"coordinates": [-123.10995689028054, 49.24948416249581], "type": "Point"}, "properties": {"cover_elevation_m": 65.72, "type": "Combined", "geo_local_area": "Riley Park", "geo_point_2d": {"lon": -123.10995689028054, "lat": 49.24948416249581}}}, {"type": "Feature", "geometry": {"coordinates": [-123.116499298911, 49.24914271426099], "type": "Point"}, "properties": {"cover_elevation_m": 68.296, "type": "Storm", "geo_local_area": "South Cambie", "geo_point_2d": {"lon": -123.116499298911, "lat": 49.24914271426099}}}, {"type": "Feature", "geometry": {"coordinates": [-123.11858463625103, 49.24431519887257], "type": "Point"}, "properties": {"cover_elevation_m": 85.75, "type": "Sanitary", "geo_local_area": "South Cambie", "geo_point_2d": {"lon": -123.11858463625103, "lat": 49.24431519887257}}}, {"type": "Feature", "geometry": {"coordinates": [-123.11841735831773, 49.24379136191065], "type": "Point"}, "properties": {"cover_elevation_m": 87.13, "type": "Storm", "geo_local_area": "South Cambie", "geo_point_2d": {"lon": -123.11841735831773, "lat": 49.24379136191065}}}, {"type": "Feature", "geometry": {"coordinates": [-123.12124316248324, 49.24712321639077], "type": "Point"}, "properties": {"cover_elevation_m": 72.67, "type": "Sanitary", "geo_local_area": "South Cambie", "geo_point_2d": {"lon": -123.12124316248324, "lat": 49.24712321639077}}}, {"type": "Feature", "geometry": {"coordinates": [-123.11463957193752, 49.249490881904364], "type": "Point"}, "properties": {"cover_elevation_m": 65.91, "type": "Combined", "geo_local_area": "Riley Park", "geo_point_2d": {"lon": -123.11463957193752, "lat": 49.249490881904364}}}, {"type": "Feature", "geometry": {"coordinates": [-123.1146398507958, 49.24947482514488], "type": "Point"}, "properties": {"cover_elevation_m": 65.89, "type": "Storm", "geo_local_area": "Riley Park", "geo_point_2d": {"lon": -123.1146398507958, "lat": 49.24947482514488}}}, {"type": "Feature", "geometry": {"coordinates": [-123.11840475569396, 49.24957599328962], "type": "Point"}, "properties": {"cover_elevation_m": 65.87, "type": "Storm", "geo_local_area": "South Cambie", "geo_point_2d": {"lon": -123.11840475569396, "lat": 49.24957599328962}}}, {"type": "Feature", "geometry": {"coordinates": [-123.12465908787892, 49.250779218327146], "type": "Point"}, "properties": {"cover_elevation_m": 62.67, "type": "Sanitary", "geo_local_area": "South Cambie", "geo_point_2d": {"lon": -123.12465908787892, "lat": 49.250779218327146}}}, {"type": "Feature", "geometry": {"coordinates": [-123.11144998024139, 49.25434819476982], "type": "Point"}, "properties": {"cover_elevation_m": 60.3, "type": "Storm", "geo_local_area": "Riley Park", "geo_point_2d": {"lon": -123.11144998024139, "lat": 49.25434819476982}}}, {"type": "Feature", "geometry": {"coordinates": [-123.11272328515182, 49.25486452645756], "type": "Point"}, "properties": {"cover_elevation_m": 59.21, "type": "Combined", "geo_local_area": "Riley Park", "geo_point_2d": {"lon": -123.11272328515182, "lat": 49.25486452645756}}}, {"type": "Feature", "geometry": {"coordinates": [-123.11567178594417, 49.25506574961798], "type": "Point"}, "properties": {"cover_elevation_m": 57.46, "type": "Sanitary", "geo_local_area": "South Cambie", "geo_point_2d": {"lon": -123.11567178594417, "lat": 49.25506574961798}}}, {"type": "Feature", "geometry": {"coordinates": [-123.11563684168827, 49.255054963348805], "type": "Point"}, "properties": {"cover_elevation_m": 57.49, "type": "Storm", "geo_local_area": "South Cambie", "geo_point_2d": {"lon": -123.11563684168827, "lat": 49.255054963348805}}}, {"type": "Feature", "geometry": {"coordinates": [-123.1170759780615, 49.25519154563286], "type": "Point"}, "properties": {"cover_elevation_m": 56.48, "type": "Sanitary", "geo_local_area": "South Cambie", "geo_point_2d": {"lon": -123.1170759780615, "lat": 49.25519154563286}}}, {"type": "Feature", "geometry": {"coordinates": [-123.11601153774527, 49.25517220920909], "type": "Point"}, "properties": {"cover_elevation_m": 56.91, "type": "Sanitary", "geo_local_area": "South Cambie", "geo_point_2d": {"lon": -123.11601153774527, "lat": 49.25517220920909}}}, {"type": "Feature", "geometry": {"coordinates": [-123.11598298959622, 49.25516402523584], "type": "Point"}, "properties": {"cover_elevation_m": 56.92, "type": "Storm", "geo_local_area": "South Cambie", "geo_point_2d": {"lon": -123.11598298959622, "lat": 49.25516402523584}}}, {"type": "Feature", "geometry": {"coordinates": [-123.11687248971297, 49.25603866951092], "type": "Point"}, "properties": {"cover_elevation_m": 55.08, "type": "Sanitary", "geo_local_area": "South Cambie", "geo_point_2d": {"lon": -123.11687248971297, "lat": 49.25603866951092}}}, {"type": "Feature", "geometry": {"coordinates": [-123.11602591005942, 49.255358926537646], "type": "Point"}, "properties": {"cover_elevation_m": 56.73, "type": "Sanitary", "geo_local_area": "South Cambie", "geo_point_2d": {"lon": -123.11602591005942, "lat": 49.255358926537646}}}, {"type": "Feature", "geometry": {"coordinates": [-123.12441568258396, 49.248106818267786], "type": "Point"}, "properties": {"cover_elevation_m": 70.56, "type": "Sanitary", "geo_local_area": "South Cambie", "geo_point_2d": {"lon": -123.12441568258396, "lat": 49.248106818267786}}}, {"type": "Feature", "geometry": {"coordinates": [-123.12029389233399, 49.250715419189085], "type": "Point"}, "properties": {"cover_elevation_m": 67.12, "type": "Storm", "geo_local_area": "South Cambie", "geo_point_2d": {"lon": -123.12029389233399, "lat": 49.250715419189085}}}, {"type": "Feature", "geometry": {"coordinates": [-123.11259352222179, 49.255313649375026], "type": "Point"}, "properties": {"cover_elevation_m": 57.54, "type": "Combined", "geo_local_area": "Riley Park", "geo_point_2d": {"lon": -123.11259352222179, "lat": 49.255313649375026}}}, {"type": "Feature", "geometry": {"coordinates": [-123.1267387754179, 49.25294450809914], "type": "Point"}, "properties": {"cover_elevation_m": 63.16, "type": "Combined", "geo_local_area": "South Cambie", "geo_point_2d": {"lon": -123.1267387754179, "lat": 49.25294450809914}}}, {"type": "Feature", "geometry": {"coordinates": [-123.11581850888354, 49.24521957955359], "type": "Point"}, "properties": {"cover_elevation_m": 83.92, "type": "Storm", "geo_local_area": "South Cambie", "geo_point_2d": {"lon": -123.11581850888354, "lat": 49.24521957955359}}}, {"type": "Feature", "geometry": {"coordinates": [-123.12219435076808, 49.255254132563195], "type": "Point"}, "properties": {"cover_elevation_m": 50.25, "type": "Combined", "geo_local_area": "South Cambie", "geo_point_2d": {"lon": -123.12219435076808, "lat": 49.255254132563195}}}, {"type": "Feature", "geometry": {"coordinates": [-123.12287403238493, 49.25526561822251], "type": "Point"}, "properties": {"cover_elevation_m": 50.62, "type": "Storm", "geo_local_area": "South Cambie", "geo_point_2d": {"lon": -123.12287403238493, "lat": 49.25526561822251}}}, {"type": "Feature", "geometry": {"coordinates": [-123.12443303682265, 49.254383326577525], "type": "Point"}, "properties": {"cover_elevation_m": 53.04, "type": "Combined", "geo_local_area": "South Cambie", "geo_point_2d": {"lon": -123.12443303682265, "lat": 49.254383326577525}}}, {"type": "Feature", "geometry": {"coordinates": [-123.11168366600059, 49.250566476029164], "type": "Point"}, "properties": {"cover_elevation_m": 67.16, "type": "Combined", "geo_local_area": "Riley Park", "geo_point_2d": {"lon": -123.11168366600059, "lat": 49.250566476029164}}}, {"type": "Feature", "geometry": {"coordinates": [-123.11508558606275, 49.25301011737515], "type": "Point"}, "properties": {"cover_elevation_m": 59.3, "type": "Combined", "geo_local_area": "Riley Park", "geo_point_2d": {"lon": -123.11508558606275, "lat": 49.25301011737515}}}, {"type": "Feature", "geometry": {"coordinates": [-123.1145121221241, 49.25345139912454], "type": "Point"}, "properties": {"cover_elevation_m": 60.96, "type": "Combined", "geo_local_area": "Riley Park", "geo_point_2d": {"lon": -123.1145121221241, "lat": 49.25345139912454}}}, {"type": "Feature", "geometry": {"coordinates": [-123.12452987868677, 49.253395178053246], "type": "Point"}, "properties": {"cover_elevation_m": 55.06, "type": "Combined", "geo_local_area": "South Cambie", "geo_point_2d": {"lon": -123.12452987868677, "lat": 49.253395178053246}}}, {"type": "Feature", "geometry": {"coordinates": [-123.11611809538165, 49.25196171637983], "type": "Point"}, "properties": {"cover_elevation_m": 60.77, "type": "Combined", "geo_local_area": "South Cambie", "geo_point_2d": {"lon": -123.11611809538165, "lat": 49.25196171637983}}}, {"type": "Feature", "geometry": {"coordinates": [-123.1168094779405, 49.250784533874445], "type": "Point"}, "properties": {"cover_elevation_m": 59.98, "type": "Combined", "geo_local_area": "South Cambie", "geo_point_2d": {"lon": -123.1168094779405, "lat": 49.250784533874445}}}, {"type": "Feature", "geometry": {"coordinates": [-123.11520507282127, 49.25016505143535], "type": "Point"}, "properties": {"cover_elevation_m": 63.76, "type": "Combined", "geo_local_area": "Riley Park", "geo_point_2d": {"lon": -123.11520507282127, "lat": 49.25016505143535}}}, {"type": "Feature", "geometry": {"coordinates": [-123.11467752900101, 49.24957619995631], "type": "Point"}, "properties": {"cover_elevation_m": 65.2, "type": "Combined", "geo_local_area": "Riley Park", "geo_point_2d": {"lon": -123.11467752900101, "lat": 49.24957619995631}}}, {"type": "Feature", "geometry": {"coordinates": [-123.1153055134926, 49.253690998344396], "type": "Point"}, "properties": {"cover_elevation_m": 59.05, "type": "Sanitary", "geo_local_area": "South Cambie", "geo_point_2d": {"lon": -123.1153055134926, "lat": 49.253690998344396}}}, {"type": "Feature", "geometry": {"coordinates": [-123.11529350408864, 49.25367962237843], "type": "Point"}, "properties": {"cover_elevation_m": 59.07, "type": "Storm", "geo_local_area": "South Cambie", "geo_point_2d": {"lon": -123.11529350408864, "lat": 49.25367962237843}}}, {"type": "Feature", "geometry": {"coordinates": [-123.11445439292089, 49.25397449249677], "type": "Point"}, "properties": {"cover_elevation_m": 60.0, "type": "Storm", "geo_local_area": "Riley Park", "geo_point_2d": {"lon": -123.11445439292089, "lat": 49.25397449249677}}}, {"type": "Feature", "geometry": {"coordinates": [-123.11512118669744, 49.25349293646003], "type": "Point"}, "properties": {"cover_elevation_m": 59.1, "type": "Storm", "geo_local_area": "Riley Park", "geo_point_2d": {"lon": -123.11512118669744, "lat": 49.25349293646003}}}, {"type": "Feature", "geometry": {"coordinates": [-123.11518575662664, 49.25215103665984], "type": "Point"}, "properties": {"cover_elevation_m": 60.03, "type": "Storm", "geo_local_area": "Riley Park", "geo_point_2d": {"lon": -123.11518575662664, "lat": 49.25215103665984}}}, {"type": "Feature", "geometry": {"coordinates": [-123.1268462311979, 49.24908138109175], "type": "Point"}, "properties": {"cover_elevation_m": 69.1, "type": "Combined", "geo_local_area": "South Cambie", "geo_point_2d": {"lon": -123.1268462311979, "lat": 49.24908138109175}}}, {"type": "Feature", "geometry": {"coordinates": [-123.12578878634086, 49.24941268016542], "type": "Point"}, "properties": {"cover_elevation_m": 68.84, "type": "Combined", "geo_local_area": "South Cambie", "geo_point_2d": {"lon": -123.12578878634086, "lat": 49.24941268016542}}}, {"type": "Feature", "geometry": {"coordinates": [-123.1262963816579, 49.24717205304028], "type": "Point"}, "properties": {"cover_elevation_m": 67.86, "type": "Combined", "geo_local_area": "South Cambie", "geo_point_2d": {"lon": -123.1262963816579, "lat": 49.24717205304028}}}, {"type": "Feature", "geometry": {"coordinates": [-123.12689157405826, 49.24716150609503], "type": "Point"}, "properties": {"cover_elevation_m": 67.55, "type": "Combined", "geo_local_area": "South Cambie", "geo_point_2d": {"lon": -123.12689157405826, "lat": 49.24716150609503}}}, {"type": "Feature", "geometry": {"coordinates": [-123.12696446321286, 49.24618015398854], "type": "Point"}, "properties": {"cover_elevation_m": 68.53, "type": "Combined", "geo_local_area": "South Cambie", "geo_point_2d": {"lon": -123.12696446321286, "lat": 49.24618015398854}}}, {"type": "Feature", "geometry": {"coordinates": [-123.1269339060606, 49.24621772467828], "type": "Point"}, "properties": {"cover_elevation_m": 68.28, "type": "Combined", "geo_local_area": "South Cambie", "geo_point_2d": {"lon": -123.1269339060606, "lat": 49.24621772467828}}}, {"type": "Feature", "geometry": {"coordinates": [-123.12691874531149, 49.246349494527735], "type": "Point"}, "properties": {"cover_elevation_m": 68.04, "type": "Combined", "geo_local_area": "South Cambie", "geo_point_2d": {"lon": -123.12691874531149, "lat": 49.246349494527735}}}, {"type": "Feature", "geometry": {"coordinates": [-123.12501557312098, 49.248156552976205], "type": "Point"}, "properties": {"cover_elevation_m": 70.3, "type": "Storm", "geo_local_area": "South Cambie", "geo_point_2d": {"lon": -123.12501557312098, "lat": 49.248156552976205}}}, {"type": "Feature", "geometry": {"coordinates": [-123.12736635047098, 49.24543707403411], "type": "Point"}, "properties": {"cover_elevation_m": 68.62, "type": "Combined", "geo_local_area": "South Cambie", "geo_point_2d": {"lon": -123.12736635047098, "lat": 49.24543707403411}}}, {"type": "Feature", "geometry": {"coordinates": [-123.12686499638959, 49.248629179269024], "type": "Point"}, "properties": {"cover_elevation_m": 69.21, "type": "Combined", "geo_local_area": "South Cambie", "geo_point_2d": {"lon": -123.12686499638959, "lat": 49.248629179269024}}}, {"type": "Feature", "geometry": {"coordinates": [-123.10988030712943, 49.253648125000446], "type": "Point"}, "properties": {"cover_elevation_m": 63.0, "type": "Combined", "geo_local_area": "Riley Park", "geo_point_2d": {"lon": -123.10988030712943, "lat": 49.253648125000446}}}, {"type": "Feature", "geometry": {"coordinates": [-123.11274265575277, 49.254367161824455], "type": "Point"}, "properties": {"cover_elevation_m": 60.4, "type": "Storm", "geo_local_area": "Riley Park", "geo_point_2d": {"lon": -123.11274265575277, "lat": 49.254367161824455}}}, {"type": "Feature", "geometry": {"coordinates": [-123.11242865361473, 49.25629296644301], "type": "Point"}, "properties": {"cover_elevation_m": 54.24, "type": "Combined", "geo_local_area": "Riley Park", "geo_point_2d": {"lon": -123.11242865361473, "lat": 49.25629296644301}}}, {"type": "Feature", "geometry": {"coordinates": [-123.1049009927378, 49.24902704876332], "type": "Point"}, "properties": {"cover_elevation_m": 73.18, "type": "Storm", "geo_local_area": "Riley Park", "geo_point_2d": {"lon": -123.1049009927378, "lat": 49.24902704876332}}}, {"type": "Feature", "geometry": {"coordinates": [-123.10496065846232, 49.249379022838305], "type": "Point"}, "properties": {"cover_elevation_m": 72.59, "type": "Storm", "geo_local_area": "Riley Park", "geo_point_2d": {"lon": -123.10496065846232, "lat": 49.249379022838305}}}, {"type": "Feature", "geometry": {"coordinates": [-123.10494902314254, 49.249393416778254], "type": "Point"}, "properties": {"cover_elevation_m": 72.55, "type": "Sanitary", "geo_local_area": "Riley Park", "geo_point_2d": {"lon": -123.10494902314254, "lat": 49.249393416778254}}}, {"type": "Feature", "geometry": {"coordinates": [-123.10636836243035, 49.25329946464402], "type": "Point"}, "properties": {"cover_elevation_m": 63.45, "type": "Sanitary", "geo_local_area": "Riley Park", "geo_point_2d": {"lon": -123.10636836243035, "lat": 49.25329946464402}}}, {"type": "Feature", "geometry": {"coordinates": [-123.108357550956, 49.2533371681367], "type": "Point"}, "properties": {"cover_elevation_m": 64.15, "type": "Sanitary", "geo_local_area": "Riley Park", "geo_point_2d": {"lon": -123.108357550956, "lat": 49.2533371681367}}}, {"type": "Feature", "geometry": {"coordinates": [-123.11003210168879, 49.251509815932685], "type": "Point"}, "properties": {"cover_elevation_m": 63.81, "type": "Combined", "geo_local_area": "Riley Park", "geo_point_2d": {"lon": -123.11003210168879, "lat": 49.251509815932685}}}, {"type": "Feature", "geometry": {"coordinates": [-123.10733282383916, 49.25146587682369], "type": "Point"}, "properties": {"cover_elevation_m": 67.64, "type": "Storm", "geo_local_area": "Riley Park", "geo_point_2d": {"lon": -123.10733282383916, "lat": 49.25146587682369}}}, {"type": "Feature", "geometry": {"coordinates": [-123.11378696985614, 49.25158122599979], "type": "Point"}, "properties": {"cover_elevation_m": 62.63, "type": "Sanitary", "geo_local_area": "Riley Park", "geo_point_2d": {"lon": -123.11378696985614, "lat": 49.25158122599979}}}, {"type": "Feature", "geometry": {"coordinates": [-123.1124843914499, 49.25155662228392], "type": "Point"}, "properties": {"cover_elevation_m": 65.34, "type": "Storm", "geo_local_area": "Riley Park", "geo_point_2d": {"lon": -123.1124843914499, "lat": 49.25155662228392}}}, {"type": "Feature", "geometry": {"coordinates": [-123.11268298514564, 49.252446200379325], "type": "Point"}, "properties": {"cover_elevation_m": 64.05, "type": "Storm", "geo_local_area": "Riley Park", "geo_point_2d": {"lon": -123.11268298514564, "lat": 49.252446200379325}}}, {"type": "Feature", "geometry": {"coordinates": [-123.11117885863106, 49.25242479174145], "type": "Point"}, "properties": {"cover_elevation_m": 62.1, "type": "Sanitary", "geo_local_area": "Riley Park", "geo_point_2d": {"lon": -123.11117885863106, "lat": 49.25242479174145}}}, {"type": "Feature", "geometry": {"coordinates": [-123.11116001582715, 49.252417253884545], "type": "Point"}, "properties": {"cover_elevation_m": 62.13, "type": "Storm", "geo_local_area": "Riley Park", "geo_point_2d": {"lon": -123.11116001582715, "lat": 49.252417253884545}}}, {"type": "Feature", "geometry": {"coordinates": [-123.10753115439105, 49.24691198385696], "type": "Point"}, "properties": {"cover_elevation_m": 72.01, "type": "Combined", "geo_local_area": "Riley Park", "geo_point_2d": {"lon": -123.10753115439105, "lat": 49.24691198385696}}}, {"type": "Feature", "geometry": {"coordinates": [-123.11844253695426, 49.2490508940569], "type": "Point"}, "properties": {"cover_elevation_m": 70.49, "type": "Storm", "geo_local_area": "South Cambie", "geo_point_2d": {"lon": -123.11844253695426, "lat": 49.2490508940569}}}, {"type": "Feature", "geometry": {"coordinates": [-123.11594115401007, 49.25687552444255], "type": "Point"}, "properties": {"cover_elevation_m": 54.12, "type": "Storm", "geo_local_area": "South Cambie", "geo_point_2d": {"lon": -123.11594115401007, "lat": 49.25687552444255}}}, {"type": "Feature", "geometry": {"coordinates": [-123.11665250309684, 49.2569440985684], "type": "Point"}, "properties": {"cover_elevation_m": 53.92, "type": "Sanitary", "geo_local_area": "Fairview", "geo_point_2d": {"lon": -123.11665250309684, "lat": 49.2569440985684}}}, {"type": "Feature", "geometry": {"coordinates": [-123.1222679267411, 49.24919480851581], "type": "Point"}, "properties": {"cover_elevation_m": 69.16, "type": "Combined", "geo_local_area": "South Cambie", "geo_point_2d": {"lon": -123.1222679267411, "lat": 49.24919480851581}}}, {"type": "Feature", "geometry": {"coordinates": [-123.12235823908765, 49.247180078035456], "type": "Point"}, "properties": {"cover_elevation_m": 71.45, "type": "Combined", "geo_local_area": "South Cambie", "geo_point_2d": {"lon": -123.12235823908765, "lat": 49.247180078035456}}}, {"type": "Feature", "geometry": {"coordinates": [-123.12233978032842, 49.24760035482702], "type": "Point"}, "properties": {"cover_elevation_m": 71.0, "type": "Combined", "geo_local_area": "South Cambie", "geo_point_2d": {"lon": -123.12233978032842, "lat": 49.24760035482702}}}, {"type": "Feature", "geometry": {"coordinates": [-123.12209317737535, 49.24911836296333], "type": "Point"}, "properties": {"cover_elevation_m": 69.31, "type": "Combined", "geo_local_area": "South Cambie", "geo_point_2d": {"lon": -123.12209317737535, "lat": 49.24911836296333}}}, {"type": "Feature", "geometry": {"coordinates": [-123.12065121867482, 49.24803309210032], "type": "Point"}, "properties": {"cover_elevation_m": 74.45, "type": "Storm", "geo_local_area": "South Cambie", "geo_point_2d": {"lon": -123.12065121867482, "lat": 49.24803309210032}}}, {"type": "Feature", "geometry": {"coordinates": [-123.11962147224085, 49.24709736348552], "type": "Point"}, "properties": {"cover_elevation_m": 80.84, "type": "Combined", "geo_local_area": "South Cambie", "geo_point_2d": {"lon": -123.11962147224085, "lat": 49.24709736348552}}}, {"type": "Feature", "geometry": {"coordinates": [-123.11933681923628, 49.248014982599734], "type": "Point"}, "properties": {"cover_elevation_m": 78.73, "type": "Combined", "geo_local_area": "South Cambie", "geo_point_2d": {"lon": -123.11933681923628, "lat": 49.248014982599734}}}, {"type": "Feature", "geometry": {"coordinates": [-123.11954358733028, 49.24806792165501], "type": "Point"}, "properties": {"cover_elevation_m": 78.11, "type": "Combined", "geo_local_area": "South Cambie", "geo_point_2d": {"lon": -123.11954358733028, "lat": 49.24806792165501}}}, {"type": "Feature", "geometry": {"coordinates": [-123.12129235007433, 49.248048000516235], "type": "Point"}, "properties": {"cover_elevation_m": 71.14, "type": "Storm", "geo_local_area": "South Cambie", "geo_point_2d": {"lon": -123.12129235007433, "lat": 49.248048000516235}}}, {"type": "Feature", "geometry": {"coordinates": [-123.1159136663508, 49.25636990387082], "type": "Point"}, "properties": {"cover_elevation_m": 55.49, "type": "Combined", "geo_local_area": "South Cambie", "geo_point_2d": {"lon": -123.1159136663508, "lat": 49.25636990387082}}}, {"type": "Feature", "geometry": {"coordinates": [-123.1170556480383, 49.25518354249624], "type": "Point"}, "properties": {"cover_elevation_m": 56.49, "type": "Storm", "geo_local_area": "South Cambie", "geo_point_2d": {"lon": -123.1170556480383, "lat": 49.25518354249624}}}, {"type": "Feature", "geometry": {"coordinates": [-123.11437262467201, 49.256780272297725], "type": "Point"}, "properties": {"cover_elevation_m": 53.92, "type": "Combined", "geo_local_area": "Riley Park", "geo_point_2d": {"lon": -123.11437262467201, "lat": 49.256780272297725}}}, {"type": "Feature", "geometry": {"coordinates": [-123.12051073856834, 49.24170448755035], "type": "Point"}, "properties": {"cover_elevation_m": 92.77, "type": "Combined", "geo_local_area": "South Cambie", "geo_point_2d": {"lon": -123.12051073856834, "lat": 49.24170448755035}}}, {"type": "Feature", "geometry": {"coordinates": [-123.11862457606492, 49.241062947102414], "type": "Point"}, "properties": {"cover_elevation_m": 95.07, "type": "Combined", "geo_local_area": "South Cambie", "geo_point_2d": {"lon": -123.11862457606492, "lat": 49.241062947102414}}}, {"type": "Feature", "geometry": {"coordinates": [-123.12160145018565, 49.24226755310998], "type": "Point"}, "properties": {"cover_elevation_m": 86.6, "type": "Combined", "geo_local_area": "South Cambie", "geo_point_2d": {"lon": -123.12160145018565, "lat": 49.24226755310998}}}, {"type": "Feature", "geometry": {"coordinates": [-123.10725708064189, 49.25331093948342], "type": "Point"}, "properties": {"cover_elevation_m": 63.2, "type": "Combined", "geo_local_area": "Riley Park", "geo_point_2d": {"lon": -123.10725708064189, "lat": 49.25331093948342}}}, {"type": "Feature", "geometry": {"coordinates": [-123.11742021356956, 49.24919136366636], "type": "Point"}, "properties": {"cover_elevation_m": 0.0, "type": "Combined", "geo_local_area": "South Cambie", "geo_point_2d": {"lon": -123.11742021356956, "lat": 49.24919136366636}}}, {"type": "Feature", "geometry": {"coordinates": [-123.10725864852499, 49.25331154970294], "type": "Point"}, "properties": {"cover_elevation_m": 63.078, "type": "Storm", "geo_local_area": "Riley Park", "geo_point_2d": {"lon": -123.10725864852499, "lat": 49.25331154970294}}}, {"type": "Feature", "geometry": {"coordinates": [-123.1072706193692, 49.253325049412574], "type": "Point"}, "properties": {"cover_elevation_m": 63.01, "type": "Sanitary", "geo_local_area": "Riley Park", "geo_point_2d": {"lon": -123.1072706193692, "lat": 49.253325049412574}}}, {"type": "Feature", "geometry": {"coordinates": [-123.12732717344912, 49.24630592196377], "type": "Point"}, "properties": {"cover_elevation_m": 67.8, "type": "Sanitary", "geo_local_area": "South Cambie", "geo_point_2d": {"lon": -123.12732717344912, "lat": 49.24630592196377}}}, {"type": "Feature", "geometry": {"coordinates": [-123.10441076218329, 49.247283434670464], "type": "Point"}, "properties": {"cover_elevation_m": 78.43, "type": "Sanitary", "geo_local_area": "Riley Park", "geo_point_2d": {"lon": -123.10441076218329, "lat": 49.247283434670464}}}, {"type": "Feature", "geometry": {"coordinates": [-123.1244387901832, 49.24907307901228], "type": "Point"}, "properties": {"cover_elevation_m": 68.63, "type": "Storm", "geo_local_area": "South Cambie", "geo_point_2d": {"lon": -123.1244387901832, "lat": 49.24907307901228}}}, {"type": "Feature", "geometry": {"coordinates": [-123.12492096681795, 49.24801332529751], "type": "Point"}, "properties": {"cover_elevation_m": 70.64, "type": "Storm", "geo_local_area": "South Cambie", "geo_point_2d": {"lon": -123.12492096681795, "lat": 49.24801332529751}}}, {"type": "Feature", "geometry": {"coordinates": [-123.11878562820237, 49.24708175563296], "type": "Point"}, "properties": {"cover_elevation_m": 82.39, "type": "Sanitary", "geo_local_area": "South Cambie", "geo_point_2d": {"lon": -123.11878562820237, "lat": 49.24708175563296}}}, {"type": "Feature", "geometry": {"coordinates": [-123.12833890881382, 49.2499863257411], "type": "Point"}, "properties": {"cover_elevation_m": 70.45, "type": "Sanitary", "geo_local_area": "Shaughnessy", "geo_point_2d": {"lon": -123.12833890881382, "lat": 49.2499863257411}}}, {"type": "Feature", "geometry": {"coordinates": [-123.12835587685873, 49.24931245630644], "type": "Point"}, "properties": {"cover_elevation_m": 68.79, "type": "Storm", "geo_local_area": "Shaughnessy", "geo_point_2d": {"lon": -123.12835587685873, "lat": 49.24931245630644}}}, {"type": "Feature", "geometry": {"coordinates": [-123.11663131609392, 49.24613747213773], "type": "Point"}, "properties": {"cover_elevation_m": 80.27, "type": "Sanitary", "geo_local_area": "South Cambie", "geo_point_2d": {"lon": -123.11663131609392, "lat": 49.24613747213773}}}, {"type": "Feature", "geometry": {"coordinates": [-123.11657365589195, 49.24705032160822], "type": "Point"}, "properties": {"cover_elevation_m": 75.83, "type": "Storm", "geo_local_area": "South Cambie", "geo_point_2d": {"lon": -123.11657365589195, "lat": 49.24705032160822}}}, {"type": "Feature", "geometry": {"coordinates": [-123.1165532911005, 49.24751058319971], "type": "Point"}, "properties": {"cover_elevation_m": 74.88, "type": "Storm", "geo_local_area": "South Cambie", "geo_point_2d": {"lon": -123.1165532911005, "lat": 49.24751058319971}}}, {"type": "Feature", "geometry": {"coordinates": [-123.11605556936976, 49.253765996104306], "type": "Point"}, "properties": {"cover_elevation_m": 58.33, "type": "Storm", "geo_local_area": "South Cambie", "geo_point_2d": {"lon": -123.11605556936976, "lat": 49.253765996104306}}}, {"type": "Feature", "geometry": {"coordinates": [-123.11685668136617, 49.25032000860446], "type": "Point"}, "properties": {"cover_elevation_m": 61.36, "type": "Sanitary", "geo_local_area": "South Cambie", "geo_point_2d": {"lon": -123.11685668136617, "lat": 49.25032000860446}}}, {"type": "Feature", "geometry": {"coordinates": [-123.11822688086234, 49.250651590894854], "type": "Point"}, "properties": {"cover_elevation_m": 58.341, "type": "Sanitary", "geo_local_area": "South Cambie", "geo_point_2d": {"lon": -123.11822688086234, "lat": 49.250651590894854}}}, {"type": "Feature", "geometry": {"coordinates": [-123.11682642034128, 49.25063881206261], "type": "Point"}, "properties": {"cover_elevation_m": 60.783, "type": "Storm", "geo_local_area": "South Cambie", "geo_point_2d": {"lon": -123.11682642034128, "lat": 49.25063881206261}}}, {"type": "Feature", "geometry": {"coordinates": [-123.1168432271753, 49.250627829884955], "type": "Point"}, "properties": {"cover_elevation_m": 60.761, "type": "Sanitary", "geo_local_area": "South Cambie", "geo_point_2d": {"lon": -123.1168432271753, "lat": 49.250627829884955}}}, {"type": "Feature", "geometry": {"coordinates": [-123.1168360989329, 49.25030899227713], "type": "Point"}, "properties": {"cover_elevation_m": 61.41, "type": "Storm", "geo_local_area": "South Cambie", "geo_point_2d": {"lon": -123.1168360989329, "lat": 49.25030899227713}}}, {"type": "Feature", "geometry": {"coordinates": [-123.11835792504783, 49.25066717138163], "type": "Point"}, "properties": {"cover_elevation_m": 58.36, "type": "Storm", "geo_local_area": "South Cambie", "geo_point_2d": {"lon": -123.11835792504783, "lat": 49.25066717138163}}}, {"type": "Feature", "geometry": {"coordinates": [-123.1185566494919, 49.24104975784399], "type": "Point"}, "properties": {"cover_elevation_m": 96.26, "type": "Sanitary", "geo_local_area": "South Cambie", "geo_point_2d": {"lon": -123.1185566494919, "lat": 49.24104975784399}}}, {"type": "Feature", "geometry": {"coordinates": [-123.11839080815166, 49.25066176753934], "type": "Point"}, "properties": {"cover_elevation_m": 58.44, "type": "Storm", "geo_local_area": "South Cambie", "geo_point_2d": {"lon": -123.11839080815166, "lat": 49.25066176753934}}}, {"type": "Feature", "geometry": {"coordinates": [-123.11837595049941, 49.250654514620344], "type": "Point"}, "properties": {"cover_elevation_m": 58.47, "type": "Sanitary", "geo_local_area": "South Cambie", "geo_point_2d": {"lon": -123.11837595049941, "lat": 49.250654514620344}}}, {"type": "Feature", "geometry": {"coordinates": [-123.12044021471065, 49.24434106559694], "type": "Point"}, "properties": {"cover_elevation_m": 81.0, "type": "Combined", "geo_local_area": "South Cambie", "geo_point_2d": {"lon": -123.12044021471065, "lat": 49.24434106559694}}}, {"type": "Feature", "geometry": {"coordinates": [-123.11609402973195, 49.24928763056621], "type": "Point"}, "properties": {"cover_elevation_m": 67.8, "type": "Sanitary", "geo_local_area": "South Cambie", "geo_point_2d": {"lon": -123.11609402973195, "lat": 49.24928763056621}}}, {"type": "Feature", "geometry": {"coordinates": [-123.10737054497979, 49.24483866888294], "type": "Point"}, "properties": {"cover_elevation_m": 72.1, "type": "Storm", "geo_local_area": "Riley Park", "geo_point_2d": {"lon": -123.10737054497979, "lat": 49.24483866888294}}}, {"type": "Feature", "geometry": {"coordinates": [-123.10670486722167, 49.24422503695813], "type": "Point"}, "properties": {"cover_elevation_m": 72.35, "type": "Sanitary", "geo_local_area": "Riley Park", "geo_point_2d": {"lon": -123.10670486722167, "lat": 49.24422503695813}}}, {"type": "Feature", "geometry": {"coordinates": [-123.1269344550492, 49.25262766139583], "type": "Point"}, "properties": {"cover_elevation_m": 65.27, "type": "Storm", "geo_local_area": "South Cambie", "geo_point_2d": {"lon": -123.1269344550492, "lat": 49.25262766139583}}}, {"type": "Feature", "geometry": {"coordinates": [-123.11810835245235, 49.24105528134964], "type": "Point"}, "properties": {"cover_elevation_m": 97.62, "type": "Storm", "geo_local_area": "Riley Park", "geo_point_2d": {"lon": -123.11810835245235, "lat": 49.24105528134964}}}, {"type": "Feature", "geometry": {"coordinates": [-123.11807949989733, 49.24106597020485], "type": "Point"}, "properties": {"cover_elevation_m": 97.73, "type": "Sanitary", "geo_local_area": "Riley Park", "geo_point_2d": {"lon": -123.11807949989733, "lat": 49.24106597020485}}}, {"type": "Feature", "geometry": {"coordinates": [-123.11010806910689, 49.252402087806296], "type": "Point"}, "properties": {"cover_elevation_m": 64.2, "type": "Sanitary", "geo_local_area": "Riley Park", "geo_point_2d": {"lon": -123.11010806910689, "lat": 49.252402087806296}}}, {"type": "Feature", "geometry": {"coordinates": [-123.11008758329753, 49.2523971599552], "type": "Point"}, "properties": {"cover_elevation_m": 64.22, "type": "Storm", "geo_local_area": "Riley Park", "geo_point_2d": {"lon": -123.11008758329753, "lat": 49.2523971599552}}}, {"type": "Feature", "geometry": {"coordinates": [-123.10604107265323, 49.25232326210089], "type": "Point"}, "properties": {"cover_elevation_m": 65.07, "type": "Storm", "geo_local_area": "Riley Park", "geo_point_2d": {"lon": -123.10604107265323, "lat": 49.25232326210089}}}, {"type": "Feature", "geometry": {"coordinates": [-123.1100998746011, 49.245454576437176], "type": "Point"}, "properties": {"cover_elevation_m": 72.12, "type": "Combined", "geo_local_area": "Riley Park", "geo_point_2d": {"lon": -123.1100998746011, "lat": 49.245454576437176}}}, {"type": "Feature", "geometry": {"coordinates": [-123.10744584846726, 49.248928155258774], "type": "Point"}, "properties": {"cover_elevation_m": 69.28, "type": "Storm", "geo_local_area": "Riley Park", "geo_point_2d": {"lon": -123.10744584846726, "lat": 49.248928155258774}}}, {"type": "Feature", "geometry": {"coordinates": [-123.1221244809406, 49.255285950569316], "type": "Point"}, "properties": {"cover_elevation_m": 50.2, "type": "Combined", "geo_local_area": "South Cambie", "geo_point_2d": {"lon": -123.1221244809406, "lat": 49.255285950569316}}}, {"type": "Feature", "geometry": {"coordinates": [-123.12069602429196, 49.256154635745304], "type": "Point"}, "properties": {"cover_elevation_m": 51.55, "type": "Sanitary", "geo_local_area": "South Cambie", "geo_point_2d": {"lon": -123.12069602429196, "lat": 49.256154635745304}}}, {"type": "Feature", "geometry": {"coordinates": [-123.1221987834993, 49.2543442793123], "type": "Point"}, "properties": {"cover_elevation_m": 51.06, "type": "Combined", "geo_local_area": "South Cambie", "geo_point_2d": {"lon": -123.1221987834993, "lat": 49.2543442793123}}}, {"type": "Feature", "geometry": {"coordinates": [-123.11857450440789, 49.25520825071819], "type": "Point"}, "properties": {"cover_elevation_m": 56.49, "type": "Sanitary", "geo_local_area": "South Cambie", "geo_point_2d": {"lon": -123.11857450440789, "lat": 49.25520825071819}}}, {"type": "Feature", "geometry": {"coordinates": [-123.10898172278947, 49.243120995000695], "type": "Point"}, "properties": {"cover_elevation_m": 75.18, "type": "Sanitary", "geo_local_area": "Riley Park", "geo_point_2d": {"lon": -123.10898172278947, "lat": 49.243120995000695}}}, {"type": "Feature", "geometry": {"coordinates": [-123.11037395140335, 49.24433250111403], "type": "Point"}, "properties": {"cover_elevation_m": 75.63, "type": "Storm", "geo_local_area": "Riley Park", "geo_point_2d": {"lon": -123.11037395140335, "lat": 49.24433250111403}}}, {"type": "Feature", "geometry": {"coordinates": [-123.11820483218673, 49.255217831632415], "type": "Point"}, "properties": {"cover_elevation_m": 57.15, "type": "Sanitary", "geo_local_area": "South Cambie", "geo_point_2d": {"lon": -123.11820483218673, "lat": 49.255217831632415}}}, {"type": "Feature", "geometry": {"coordinates": [-123.11814844146328, 49.255981052691396], "type": "Point"}, "properties": {"cover_elevation_m": 55.62, "type": "Storm", "geo_local_area": "South Cambie", "geo_point_2d": {"lon": -123.11814844146328, "lat": 49.255981052691396}}}, {"type": "Feature", "geometry": {"coordinates": [-123.11544296670156, 49.24520782085308], "type": "Point"}, "properties": {"cover_elevation_m": 83.99, "type": "Storm", "geo_local_area": "Riley Park", "geo_point_2d": {"lon": -123.11544296670156, "lat": 49.24520782085308}}}, {"type": "Feature", "geometry": {"coordinates": [-123.118241258209, 49.25430105547073], "type": "Point"}, "properties": {"cover_elevation_m": 57.31, "type": "Storm", "geo_local_area": "South Cambie", "geo_point_2d": {"lon": -123.118241258209, "lat": 49.25430105547073}}}, {"type": "Feature", "geometry": {"coordinates": [-123.11823560801194, 49.25507685404305], "type": "Point"}, "properties": {"cover_elevation_m": 57.05, "type": "Sanitary", "geo_local_area": "South Cambie", "geo_point_2d": {"lon": -123.11823560801194, "lat": 49.25507685404305}}}, {"type": "Feature", "geometry": {"coordinates": [-123.11821074507014, 49.25507551221098], "type": "Point"}, "properties": {"cover_elevation_m": 57.09, "type": "Storm", "geo_local_area": "South Cambie", "geo_point_2d": {"lon": -123.11821074507014, "lat": 49.25507551221098}}}, {"type": "Feature", "geometry": {"coordinates": [-123.12014464994539, 49.25431060569776], "type": "Point"}, "properties": {"cover_elevation_m": 52.6, "type": "Sanitary", "geo_local_area": "South Cambie", "geo_point_2d": {"lon": -123.12014464994539, "lat": 49.25431060569776}}}, {"type": "Feature", "geometry": {"coordinates": [-123.11583219429161, 49.24456207707068], "type": "Point"}, "properties": {"cover_elevation_m": 86.86, "type": "Storm", "geo_local_area": "Riley Park", "geo_point_2d": {"lon": -123.11583219429161, "lat": 49.24456207707068}}}, {"type": "Feature", "geometry": {"coordinates": [-123.11648299459983, 49.248917391212835], "type": "Point"}, "properties": {"cover_elevation_m": 68.27, "type": "Sanitary", "geo_local_area": "South Cambie", "geo_point_2d": {"lon": -123.11648299459983, "lat": 49.248917391212835}}}, {"type": "Feature", "geometry": {"coordinates": [-123.11856040341051, 49.252493660168106], "type": "Point"}, "properties": {"cover_elevation_m": 55.88, "type": "Combined", "geo_local_area": "South Cambie", "geo_point_2d": {"lon": -123.11856040341051, "lat": 49.252493660168106}}}, {"type": "Feature", "geometry": {"coordinates": [-123.12444013988066, 49.251621956247604], "type": "Point"}, "properties": {"cover_elevation_m": 59.78, "type": "Combined", "geo_local_area": "South Cambie", "geo_point_2d": {"lon": -123.12444013988066, "lat": 49.251621956247604}}}, {"type": "Feature", "geometry": {"coordinates": [-123.10438490445603, 49.24883516223664], "type": "Point"}, "properties": {"cover_elevation_m": 74.73, "type": "Combined", "geo_local_area": "Riley Park", "geo_point_2d": {"lon": -123.10438490445603, "lat": 49.24883516223664}}}, {"type": "Feature", "geometry": {"coordinates": [-123.12231626491881, 49.248065163332335], "type": "Point"}, "properties": {"cover_elevation_m": 70.37, "type": "Combined", "geo_local_area": "South Cambie", "geo_point_2d": {"lon": -123.12231626491881, "lat": 49.248065163332335}}}, {"type": "Feature", "geometry": {"coordinates": [-123.10525669777456, 49.248304444307934], "type": "Point"}, "properties": {"cover_elevation_m": 73.94, "type": "Combined", "geo_local_area": "Riley Park", "geo_point_2d": {"lon": -123.10525669777456, "lat": 49.248304444307934}}}, {"type": "Feature", "geometry": {"coordinates": [-123.12010088317453, 49.25669586852581], "type": "Point"}, "properties": {"cover_elevation_m": 53.28, "type": "Storm", "geo_local_area": "South Cambie", "geo_point_2d": {"lon": -123.12010088317453, "lat": 49.25669586852581}}}, {"type": "Feature", "geometry": {"coordinates": [-123.12015310436377, 49.25521207990921], "type": "Point"}, "properties": {"cover_elevation_m": 52.33, "type": "Storm", "geo_local_area": "South Cambie", "geo_point_2d": {"lon": -123.12015310436377, "lat": 49.25521207990921}}}, {"type": "Feature", "geometry": {"coordinates": [-123.1111400911254, 49.25339071808947], "type": "Point"}, "properties": {"cover_elevation_m": 62.68, "type": "Storm", "geo_local_area": "Riley Park", "geo_point_2d": {"lon": -123.1111400911254, "lat": 49.25339071808947}}}, {"type": "Feature", "geometry": {"coordinates": [-123.11764463739735, 49.244251834973305], "type": "Point"}, "properties": {"cover_elevation_m": 89.85, "type": "Storm", "geo_local_area": "South Cambie", "geo_point_2d": {"lon": -123.11764463739735, "lat": 49.244251834973305}}}, {"type": "Feature", "geometry": {"coordinates": [-123.11438665295586, 49.25633888108404], "type": "Point"}, "properties": {"cover_elevation_m": 55.06, "type": "Storm", "geo_local_area": "Riley Park", "geo_point_2d": {"lon": -123.11438665295586, "lat": 49.25633888108404}}}, {"type": "Feature", "geometry": {"coordinates": [-123.11437042549694, 49.25633403973134], "type": "Point"}, "properties": {"cover_elevation_m": 55.08, "type": "Sanitary", "geo_local_area": "Riley Park", "geo_point_2d": {"lon": -123.11437042549694, "lat": 49.25633403973134}}}, {"type": "Feature", "geometry": {"coordinates": [-123.11722343335626, 49.24364825992956], "type": "Point"}, "properties": {"cover_elevation_m": 91.63, "type": "Storm", "geo_local_area": "Riley Park", "geo_point_2d": {"lon": -123.11722343335626, "lat": 49.24364825992956}}}, {"type": "Feature", "geometry": {"coordinates": [-123.11807081166619, 49.2431612403711], "type": "Point"}, "properties": {"cover_elevation_m": 89.5, "type": "Storm", "geo_local_area": "Riley Park", "geo_point_2d": {"lon": -123.11807081166619, "lat": 49.2431612403711}}}, {"type": "Feature", "geometry": {"coordinates": [-123.11135668909571, 49.24484353989139], "type": "Point"}, "properties": {"cover_elevation_m": 78.32, "type": "Storm", "geo_local_area": "Riley Park", "geo_point_2d": {"lon": -123.11135668909571, "lat": 49.24484353989139}}}, {"type": "Feature", "geometry": {"coordinates": [-123.1183064391549, 49.25278978240831], "type": "Point"}, "properties": {"cover_elevation_m": 56.5, "type": "Sanitary", "geo_local_area": "South Cambie", "geo_point_2d": {"lon": -123.1183064391549, "lat": 49.25278978240831}}}, {"type": "Feature", "geometry": {"coordinates": [-123.11829354441205, 49.25248859954187], "type": "Point"}, "properties": {"cover_elevation_m": 56.41, "type": "Storm", "geo_local_area": "South Cambie", "geo_point_2d": {"lon": -123.11829354441205, "lat": 49.25248859954187}}}, {"type": "Feature", "geometry": {"coordinates": [-123.1183791358022, 49.250130449419686], "type": "Point"}, "properties": {"cover_elevation_m": 61.51, "type": "Storm", "geo_local_area": "South Cambie", "geo_point_2d": {"lon": -123.1183791358022, "lat": 49.250130449419686}}}, {"type": "Feature", "geometry": {"coordinates": [-123.11831442649542, 49.252474986375745], "type": "Point"}, "properties": {"cover_elevation_m": 56.4, "type": "Sanitary", "geo_local_area": "South Cambie", "geo_point_2d": {"lon": -123.11831442649542, "lat": 49.252474986375745}}}, {"type": "Feature", "geometry": {"coordinates": [-123.11832221334454, 49.25157613057842], "type": "Point"}, "properties": {"cover_elevation_m": 56.86, "type": "Storm", "geo_local_area": "South Cambie", "geo_point_2d": {"lon": -123.11832221334454, "lat": 49.25157613057842}}}, {"type": "Feature", "geometry": {"coordinates": [-123.10951640629968, 49.25429912185362], "type": "Point"}, "properties": {"cover_elevation_m": 62.26, "type": "Storm", "geo_local_area": "Riley Park", "geo_point_2d": {"lon": -123.10951640629968, "lat": 49.25429912185362}}}, {"type": "Feature", "geometry": {"coordinates": [-123.10815469632185, 49.25426870544583], "type": "Point"}, "properties": {"cover_elevation_m": 62.14, "type": "Storm", "geo_local_area": "Riley Park", "geo_point_2d": {"lon": -123.10815469632185, "lat": 49.25426870544583}}}, {"type": "Feature", "geometry": {"coordinates": [-123.11009123863887, 49.25431896770131], "type": "Point"}, "properties": {"cover_elevation_m": 61.95, "type": "Sanitary", "geo_local_area": "Riley Park", "geo_point_2d": {"lon": -123.11009123863887, "lat": 49.25431896770131}}}, {"type": "Feature", "geometry": {"coordinates": [-123.11810621947839, 49.2569638593727], "type": "Point"}, "properties": {"cover_elevation_m": 53.69, "type": "Storm", "geo_local_area": "Fairview", "geo_point_2d": {"lon": -123.11810621947839, "lat": 49.2569638593727}}}, {"type": "Feature", "geometry": {"coordinates": [-123.11839623420543, 49.24957505752371], "type": "Point"}, "properties": {"cover_elevation_m": 65.87, "type": "Storm", "geo_local_area": "South Cambie", "geo_point_2d": {"lon": -123.11839623420543, "lat": 49.24957505752371}}}, {"type": "Feature", "geometry": {"coordinates": [-123.11840679412155, 49.249198785276924], "type": "Point"}, "properties": {"cover_elevation_m": 70.18, "type": "Storm", "geo_local_area": "South Cambie", "geo_point_2d": {"lon": -123.11840679412155, "lat": 49.249198785276924}}}, {"type": "Feature", "geometry": {"coordinates": [-123.11841456533801, 49.24956973155185], "type": "Point"}, "properties": {"cover_elevation_m": 65.99, "type": "Sanitary", "geo_local_area": "South Cambie", "geo_point_2d": {"lon": -123.11841456533801, "lat": 49.24956973155185}}}, {"type": "Feature", "geometry": {"coordinates": [-123.10867325260229, 49.24613703732226], "type": "Point"}, "properties": {"cover_elevation_m": 70.17, "type": "Combined", "geo_local_area": "Riley Park", "geo_point_2d": {"lon": -123.10867325260229, "lat": 49.24613703732226}}}, {"type": "Feature", "geometry": {"coordinates": [-123.11924151033216, 49.24239215938316], "type": "Point"}, "properties": {"cover_elevation_m": 89.42, "type": "Combined", "geo_local_area": "South Cambie", "geo_point_2d": {"lon": -123.11924151033216, "lat": 49.24239215938316}}}, {"type": "Feature", "geometry": {"coordinates": [-123.12798455437874, 49.250770868811586], "type": "Point"}, "properties": {"cover_elevation_m": 73.04, "type": "Combined", "geo_local_area": "Shaughnessy", "geo_point_2d": {"lon": -123.12798455437874, "lat": 49.250770868811586}}}, {"type": "Feature", "geometry": {"coordinates": [-123.12758528255951, 49.251320918773466], "type": "Point"}, "properties": {"cover_elevation_m": 71.36, "type": "Storm", "geo_local_area": "Shaughnessy", "geo_point_2d": {"lon": -123.12758528255951, "lat": 49.251320918773466}}}, {"type": "Feature", "geometry": {"coordinates": [-123.12710951476608, 49.251725418786485], "type": "Point"}, "properties": {"cover_elevation_m": 69.37, "type": "Storm", "geo_local_area": "South Cambie", "geo_point_2d": {"lon": -123.12710951476608, "lat": 49.251725418786485}}}, {"type": "Feature", "geometry": {"coordinates": [-123.12588868937424, 49.25261514187648], "type": "Point"}, "properties": {"cover_elevation_m": 60.75, "type": "Sanitary", "geo_local_area": "South Cambie", "geo_point_2d": {"lon": -123.12588868937424, "lat": 49.25261514187648}}}, {"type": "Feature", "geometry": {"coordinates": [-123.12015920577231, 49.254764759258684], "type": "Point"}, "properties": {"cover_elevation_m": 52.37, "type": "Sanitary", "geo_local_area": "South Cambie", "geo_point_2d": {"lon": -123.12015920577231, "lat": 49.254764759258684}}}, {"type": "Feature", "geometry": {"coordinates": [-123.11826212688634, 49.253901853171435], "type": "Point"}, "properties": {"cover_elevation_m": 56.92, "type": "Sanitary", "geo_local_area": "South Cambie", "geo_point_2d": {"lon": -123.11826212688634, "lat": 49.253901853171435}}}, {"type": "Feature", "geometry": {"coordinates": [-123.11314460847144, 49.24698238954236], "type": "Point"}, "properties": {"cover_elevation_m": 75.48, "type": "Combined", "geo_local_area": "Riley Park", "geo_point_2d": {"lon": -123.11314460847144, "lat": 49.24698238954236}}}, {"type": "Feature", "geometry": {"coordinates": [-123.11741269846515, 49.24706523158991], "type": "Point"}, "properties": {"cover_elevation_m": 76.89, "type": "Combined", "geo_local_area": "South Cambie", "geo_point_2d": {"lon": -123.11741269846515, "lat": 49.24706523158991}}}, {"type": "Feature", "geometry": {"coordinates": [-123.11433927002132, 49.248396559040266], "type": "Point"}, "properties": {"cover_elevation_m": 71.12, "type": "Combined", "geo_local_area": "Riley Park", "geo_point_2d": {"lon": -123.11433927002132, "lat": 49.248396559040266}}}, {"type": "Feature", "geometry": {"coordinates": [-123.1144413941517, 49.24608633843615], "type": "Point"}, "properties": {"cover_elevation_m": 80.77, "type": "Combined", "geo_local_area": "Riley Park", "geo_point_2d": {"lon": -123.1144413941517, "lat": 49.24608633843615}}}, {"type": "Feature", "geometry": {"coordinates": [-123.11664707913752, 49.24519407200805], "type": "Point"}, "properties": {"cover_elevation_m": 85.24, "type": "Combined", "geo_local_area": "South Cambie", "geo_point_2d": {"lon": -123.11664707913752, "lat": 49.24519407200805}}}, {"type": "Feature", "geometry": {"coordinates": [-123.11007205192726, 49.25431769966582], "type": "Point"}, "properties": {"cover_elevation_m": 61.93, "type": "Storm", "geo_local_area": "Riley Park", "geo_point_2d": {"lon": -123.11007205192726, "lat": 49.25431769966582}}}, {"type": "Feature", "geometry": {"coordinates": [-123.12461167449374, 49.24672003697472], "type": "Point"}, "properties": {"cover_elevation_m": 70.33, "type": "Combined", "geo_local_area": "South Cambie", "geo_point_2d": {"lon": -123.12461167449374, "lat": 49.24672003697472}}}, {"type": "Feature", "geometry": {"coordinates": [-123.12220458255048, 49.25073691848647], "type": "Point"}, "properties": {"cover_elevation_m": 62.74, "type": "Storm", "geo_local_area": "South Cambie", "geo_point_2d": {"lon": -123.12220458255048, "lat": 49.25073691848647}}}, {"type": "Feature", "geometry": {"coordinates": [-123.11837377282181, 49.25065750326689], "type": "Point"}, "properties": {"cover_elevation_m": 58.32, "type": "Sanitary", "geo_local_area": "South Cambie", "geo_point_2d": {"lon": -123.11837377282181, "lat": 49.25065750326689}}}, {"type": "Feature", "geometry": {"coordinates": [-123.12006645920366, 49.25015802364543], "type": "Point"}, "properties": {"cover_elevation_m": 70.77, "type": "Combined", "geo_local_area": "South Cambie", "geo_point_2d": {"lon": -123.12006645920366, "lat": 49.25015802364543}}}, {"type": "Feature", "geometry": {"coordinates": [-123.12030127899372, 49.250701630810305], "type": "Point"}, "properties": {"cover_elevation_m": 67.29, "type": "Sanitary", "geo_local_area": "South Cambie", "geo_point_2d": {"lon": -123.12030127899372, "lat": 49.250701630810305}}}, {"type": "Feature", "geometry": {"coordinates": [-123.12031694529031, 49.25026686617277], "type": "Point"}, "properties": {"cover_elevation_m": 70.59, "type": "Sanitary", "geo_local_area": "South Cambie", "geo_point_2d": {"lon": -123.12031694529031, "lat": 49.25026686617277}}}, {"type": "Feature", "geometry": {"coordinates": [-123.12023515470604, 49.24961425757785], "type": "Point"}, "properties": {"cover_elevation_m": 72.91, "type": "Storm", "geo_local_area": "South Cambie", "geo_point_2d": {"lon": -123.12023515470604, "lat": 49.24961425757785}}}, {"type": "Feature", "geometry": {"coordinates": [-123.11967716386202, 49.25015142028048], "type": "Point"}, "properties": {"cover_elevation_m": 68.67, "type": "Combined", "geo_local_area": "South Cambie", "geo_point_2d": {"lon": -123.11967716386202, "lat": 49.25015142028048}}}, {"type": "Feature", "geometry": {"coordinates": [-123.12030817735393, 49.25027766957647], "type": "Point"}, "properties": {"cover_elevation_m": 70.48, "type": "Storm", "geo_local_area": "South Cambie", "geo_point_2d": {"lon": -123.12030817735393, "lat": 49.25027766957647}}}, {"type": "Feature", "geometry": {"coordinates": [-123.10795507241943, 49.24323057641366], "type": "Point"}, "properties": {"cover_elevation_m": 73.42, "type": "Sanitary", "geo_local_area": "Riley Park", "geo_point_2d": {"lon": -123.10795507241943, "lat": 49.24323057641366}}}, {"type": "Feature", "geometry": {"coordinates": [-123.11412319511155, 49.24192498881134], "type": "Point"}, "properties": {"cover_elevation_m": 97.12, "type": "Combined", "geo_local_area": "Riley Park", "geo_point_2d": {"lon": -123.11412319511155, "lat": 49.24192498881134}}}, {"type": "Feature", "geometry": {"coordinates": [-123.11823590360449, 49.25473457661915], "type": "Point"}, "properties": {"cover_elevation_m": 57.3, "type": "Sanitary", "geo_local_area": "South Cambie", "geo_point_2d": {"lon": -123.11823590360449, "lat": 49.25473457661915}}}]}