{"type": "FeatureCollection", "features": [{"type": "Feature", "geometry": {"coordinates": [[-123.1221244809406, 49.25528595056932], [-123.12209213183223, 49.25616640081746], [-123.12207533902665, 49.25617778851791]], "type": "LineString"}, "properties": {"effluent_type": "Combined", "material": "Concrete", "geo_point_2d": {"lon": -123.12210775327186, "lat": 49.25573621373437}}}, {"type": "Feature", "geometry": {"coordinates": [[-123.11037395140335, 49.244332501114044], [-123.10979440993846, 49.24382198897024]], "type": "LineString"}, "properties": {"effluent_type": "Storm", "material": "Vitrified Clay", "geo_point_2d": {"lon": -123.11008418067091, "lat": 49.24407724504214}}}, {"type": "Feature", "geometry": {"coordinates": [[-123.1220703810613, 49.2552539757643], [-123.12209568799985, 49.25526253046284]], "type": "LineString"}, "properties": {"effluent_type": "Combined", "material": "blank", "geo_point_2d": {"lon": -123.12208303453058, "lat": 49.25525825311357}}}, {"type": "Feature", "geometry": {"coordinates": [[-123.10638257082147, 49.2483175086019], [-123.10739054780068, 49.248334971292884], [-123.10740431526494, 49.24833478758533], [-123.10744459854813, 49.24833316696826], [-123.10745832482966, 49.24833300128305], [-123.10748301720209, 49.24833341907972], [-123.10749264956115, 49.248333581027346]], "type": "LineString"}, "properties": {"effluent_type": "Sanitary", "material": "Polyvinyl Chloride", "geo_point_2d": {"lon": -123.10693762086716, "lat": 49.24832693069999}}}, {"type": "Feature", "geometry": {"coordinates": [[-123.11820748915207, 49.255075929322345], [-123.11818415242017, 49.255201562445315]], "type": "LineString"}, "properties": {"effluent_type": "Storm", "material": "Concrete", "geo_point_2d": {"lon": -123.11819582078611, "lat": 49.255138745883826}}}, {"type": "Feature", "geometry": {"coordinates": [[-123.1220981464345, 49.255284233330045], [-123.12206434440844, 49.256177557263406]], "type": "LineString"}, "properties": {"effluent_type": "Storm", "material": "Concrete", "geo_point_2d": {"lon": -123.12208124542147, "lat": 49.25573089529672}}}, {"type": "Feature", "geometry": {"coordinates": [[-123.11649905727016, 49.24892905981978], [-123.11841770853924, 49.24895931209222]], "type": "LineString"}, "properties": {"effluent_type": "Storm", "material": "Concrete", "geo_point_2d": {"lon": -123.1174583829047, "lat": 49.248944185956}}}, {"type": "Feature", "geometry": {"coordinates": [[-123.11013205376851, 49.24784580244089], [-123.11006367138832, 49.248996798278775]], "type": "LineString"}, "properties": {"effluent_type": "Combined", "material": "Concrete", "geo_point_2d": {"lon": -123.1100978625784, "lat": 49.24842130035984}}}, {"type": "Feature", "geometry": {"coordinates": [[-123.11863308942537, 49.24905009586591], [-123.11844233765778, 49.24904799779738]], "type": "LineString"}, "properties": {"effluent_type": "Combined", "material": "Concrete", "geo_point_2d": {"lon": -123.11853771354157, "lat": 49.249049046831644}}}, {"type": "Feature", "geometry": {"coordinates": [[-123.11652532848255, 49.248911240761814], [-123.1184356649747, 49.248946790316865]], "type": "LineString"}, "properties": {"effluent_type": "Sanitary", "material": "Polyvinyl Chloride", "geo_point_2d": {"lon": -123.11748049672863, "lat": 49.24892901553934}}}, {"type": "Feature", "geometry": {"coordinates": [[-123.12465908787892, 49.25077921832714], [-123.12463862824328, 49.251210741419584]], "type": "LineString"}, "properties": {"effluent_type": "Sanitary", "material": "Concrete", "geo_point_2d": {"lon": -123.12464885806111, "lat": 49.25099497987336}}}, {"type": "Feature", "geometry": {"coordinates": [[-123.11817985515978, 49.25550259185941], [-123.11820246800261, 49.255217618165915]], "type": "LineString"}, "properties": {"effluent_type": "Sanitary", "material": "Polyvinyl Chloride", "geo_point_2d": {"lon": -123.11819116158118, "lat": 49.25536010501266}}}, {"type": "Feature", "geometry": {"coordinates": [[-123.11904425383884, 49.25608689739764], [-123.12012260798626, 49.25611158854872]], "type": "LineString"}, "properties": {"effluent_type": "Storm", "material": "Concrete", "geo_point_2d": {"lon": -123.11958343091254, "lat": 49.25609924297318}}}, {"type": "Feature", "geometry": {"coordinates": [[-123.12008968317309, 49.25670732208428], [-123.12011246333653, 49.256099167703894]], "type": "LineString"}, "properties": {"effluent_type": "Sanitary", "material": "Vitrified Clay", "geo_point_2d": {"lon": -123.1201010732548, "lat": 49.25640324489409}}}, {"type": "Feature", "geometry": {"coordinates": [[-123.11600039329, 49.25602862820897], [-123.1168454200006, 49.25604578512261]], "type": "LineString"}, "properties": {"effluent_type": "Storm", "material": "Vitrified Clay", "geo_point_2d": {"lon": -123.1164229066453, "lat": 49.256037206665795}}}, {"type": "Feature", "geometry": {"coordinates": [[-123.1221987834993, 49.25434427931229], [-123.12215769526982, 49.25435562076094]], "type": "LineString"}, "properties": {"effluent_type": "Combined", "material": "Concrete", "geo_point_2d": {"lon": -123.12217823938458, "lat": 49.25434995003662}}}, {"type": "Feature", "geometry": {"coordinates": [[-123.12015509667808, 49.25476468257518], [-123.1201341376152, 49.25520543417461]], "type": "LineString"}, "properties": {"effluent_type": "Sanitary", "material": "Polyvinyl Chloride", "geo_point_2d": {"lon": -123.12014461714664, "lat": 49.2549850583749}}}, {"type": "Feature", "geometry": {"coordinates": [[-123.10870324087922, 49.24601554647174], [-123.10867737452544, 49.24613703344492]], "type": "LineString"}, "properties": {"effluent_type": "Storm", "material": "Concrete", "geo_point_2d": {"lon": -123.10869030770233, "lat": 49.246076289958324}}}, {"type": "Feature", "geometry": {"coordinates": [[-123.12461856551637, 49.25121050220023], [-123.12460872403447, 49.251504206944084]], "type": "LineString"}, "properties": {"effluent_type": "Storm", "material": "Concrete", "geo_point_2d": {"lon": -123.12461364477542, "lat": 49.25135735457216}}}, {"type": "Feature", "geometry": {"coordinates": [[-123.10737938172844, 49.2448207241705], [-123.10872648488011, 49.24600137509638]], "type": "LineString"}, "properties": {"effluent_type": "Sanitary", "material": "Concrete", "geo_point_2d": {"lon": -123.10805293330426, "lat": 49.24541104963344}}}, {"type": "Feature", "geometry": {"coordinates": [[-123.11817603080763, 49.25607080574957], [-123.11904425383884, 49.25608689739764]], "type": "LineString"}, "properties": {"effluent_type": "Storm", "material": "Concrete", "geo_point_2d": {"lon": -123.11861014232323, "lat": 49.256078851573605}}}, {"type": "Feature", "geometry": {"coordinates": [[-123.11443671660766, 49.25535182216377], [-123.11268819475205, 49.25532042942198]], "type": "LineString"}, "properties": {"effluent_type": "Sanitary", "material": "Polyvinyl Chloride", "geo_point_2d": {"lon": -123.11356245567985, "lat": 49.25533612579287}}}, {"type": "Feature", "geometry": {"coordinates": [[-123.10842926738516, 49.255237314231124], [-123.10718962564664, 49.25522276532285]], "type": "LineString"}, "properties": {"effluent_type": "Sanitary", "material": "Polyvinyl Chloride", "geo_point_2d": {"lon": -123.1078094465159, "lat": 49.25523003977699}}}, {"type": "Feature", "geometry": {"coordinates": [[-123.10636204515961, 49.2460542732385], [-123.10637196316928, 49.24606609283911]], "type": "LineString"}, "properties": {"effluent_type": "Combined", "material": "Vitrified Clay", "geo_point_2d": {"lon": -123.10636700416444, "lat": 49.24606018303881}}}, {"type": "Feature", "geometry": {"coordinates": [[-123.1126060755453, 49.25491782949019], [-123.11272328515182, 49.25486452645756]], "type": "LineString"}, "properties": {"effluent_type": "Combined", "material": "blank", "geo_point_2d": {"lon": -123.11266468034857, "lat": 49.254891177973875}}}, {"type": "Feature", "geometry": {"coordinates": [[-123.11500509828745, 49.25490180264549], [-123.11445680023253, 49.25489680607071]], "type": "LineString"}, "properties": {"effluent_type": "Combined", "material": "blank", "geo_point_2d": {"lon": -123.11473094926001, "lat": 49.254899304358105}}}, {"type": "Feature", "geometry": {"coordinates": [[-123.12014481767578, 49.25430610791276], [-123.12117188034969, 49.2543270646016]], "type": "LineString"}, "properties": {"effluent_type": "Sanitary", "material": "Concrete", "geo_point_2d": {"lon": -123.12065834901273, "lat": 49.254316586257175}}}, {"type": "Feature", "geometry": {"coordinates": [[-123.121088348986, 49.255222995180894], [-123.12205015983423, 49.25524584745837], [-123.12207050961116, 49.25525037754056]], "type": "LineString"}, "properties": {"effluent_type": "Sanitary", "material": "Vitrified Clay", "geo_point_2d": {"lon": -123.12157967020045, "lat": 49.25523471170891}}}, {"type": "Feature", "geometry": {"coordinates": [[-123.11445425300607, 49.253973413208804], [-123.11276302357682, 49.253939752008925]], "type": "LineString"}, "properties": {"effluent_type": "Storm", "material": "Concrete", "geo_point_2d": {"lon": -123.11360863829145, "lat": 49.253956582608865}}}, {"type": "Feature", "geometry": {"coordinates": [[-123.10430150973549, 49.25099902149618], [-123.1048045834805, 49.25100435915832]], "type": "LineString"}, "properties": {"effluent_type": "Combined", "material": "Vitrified Clay", "geo_point_2d": {"lon": -123.104553046608, "lat": 49.25100169032725}}}, {"type": "Feature", "geometry": {"coordinates": [[-123.10481492511097, 49.25077462070437], [-123.1048045834805, 49.25100435915832]], "type": "LineString"}, "properties": {"effluent_type": "Combined", "material": "Vitrified Clay", "geo_point_2d": {"lon": -123.10480975429573, "lat": 49.250889489931346}}}, {"type": "Feature", "geometry": {"coordinates": [[-123.1096026823803, 49.251501426776926], [-123.10980235105994, 49.251505105131905]], "type": "LineString"}, "properties": {"effluent_type": "Storm", "material": "Vitrified Clay", "geo_point_2d": {"lon": -123.10970251672012, "lat": 49.25150326595441}}}, {"type": "Feature", "geometry": {"coordinates": [[-123.12580802940391, 49.251232033962594], [-123.12474030803317, 49.25121422977176]], "type": "LineString"}, "properties": {"effluent_type": "Sanitary", "material": "Concrete", "geo_point_2d": {"lon": -123.12527416871853, "lat": 49.25122313186718}}}, {"type": "Feature", "geometry": {"coordinates": [[-123.10721403528908, 49.25100477492882], [-123.10735627560794, 49.25100752131514]], "type": "LineString"}, "properties": {"effluent_type": "Storm", "material": "Vitrified Clay", "geo_point_2d": {"lon": -123.10728515544851, "lat": 49.25100614812198}}}, {"type": "Feature", "geometry": {"coordinates": [[-123.11551577507319, 49.25010325881581], [-123.11604561462228, 49.25004685847884]], "type": "LineString"}, "properties": {"effluent_type": "Storm", "material": "Polyvinyl Chloride", "geo_point_2d": {"lon": -123.11578069484773, "lat": 49.250075058647326}}}, {"type": "Feature", "geometry": {"coordinates": [[-123.11252310897375, 49.254359496043115], [-123.11261495917772, 49.25436479468805]], "type": "LineString"}, "properties": {"effluent_type": "Storm", "material": "Vitrified Clay", "geo_point_2d": {"lon": -123.11256903407575, "lat": 49.25436214536558}}}, {"type": "Feature", "geometry": {"coordinates": [[-123.1192954084705, 49.241097904477684], [-123.11927079038816, 49.24166883087846]], "type": "LineString"}, "properties": {"effluent_type": "Combined", "material": "Concrete", "geo_point_2d": {"lon": -123.11928309942934, "lat": 49.24138336767807}}}, {"type": "Feature", "geometry": {"coordinates": [[-123.11835207817563, 49.25069301166257], [-123.11832221334454, 49.25157613057841]], "type": "LineString"}, "properties": {"effluent_type": "Storm", "material": "Concrete", "geo_point_2d": {"lon": -123.11833714576008, "lat": 49.25113457112049}}}, {"type": "Feature", "geometry": {"coordinates": [[-123.10744156009677, 49.2490288608347], [-123.10744584846726, 49.248928155258774]], "type": "LineString"}, "properties": {"effluent_type": "Storm", "material": "Vitrified Clay", "geo_point_2d": {"lon": -123.107443704282, "lat": 49.24897850804673}}}, {"type": "Feature", "geometry": {"coordinates": [[-123.10438490445603, 49.24883516223664], [-123.10319641740485, 49.24881503718368]], "type": "LineString"}, "properties": {"effluent_type": "Combined", "material": "Vitrified Clay", "geo_point_2d": {"lon": -123.10379066093043, "lat": 49.24882509971016}}}, {"type": "Feature", "geometry": {"coordinates": [[-123.11543938048686, 49.24520773448421], [-123.11523951876794, 49.2452048396565]], "type": "LineString"}, "properties": {"effluent_type": "Storm", "material": "Polyvinyl Chloride", "geo_point_2d": {"lon": -123.1153394496274, "lat": 49.24520628707036}}}, {"type": "Feature", "geometry": {"coordinates": [[-123.11811700842907, 49.25696998308121], [-123.11665365481592, 49.25694296400822]], "type": "LineString"}, "properties": {"effluent_type": "Sanitary", "material": "Polyvinyl Chloride", "geo_point_2d": {"lon": -123.1173853316225, "lat": 49.25695647354472}}}, {"type": "Feature", "geometry": {"coordinates": [[-123.11856040341051, 49.252493660168106], [-123.12018788732934, 49.25251835258369]], "type": "LineString"}, "properties": {"effluent_type": "Combined", "material": "Vitrified Clay", "geo_point_2d": {"lon": -123.11937414536992, "lat": 49.252506006375896}}}, {"type": "Feature", "geometry": {"coordinates": [[-123.11510201298819, 49.2539640893022], [-123.11451596790103, 49.25394956868914]], "type": "LineString"}, "properties": {"effluent_type": "Storm", "material": "Concrete", "geo_point_2d": {"lon": -123.1148089904446, "lat": 49.25395682899567}}}, {"type": "Feature", "geometry": {"coordinates": [[-123.11826358416666, 49.25339016746531], [-123.11823193691875, 49.25429930194666]], "type": "LineString"}, "properties": {"effluent_type": "Storm", "material": "Concrete", "geo_point_2d": {"lon": -123.1182477605427, "lat": 49.253844734705986}}}, {"type": "Feature", "geometry": {"coordinates": [[-123.11828723689695, 49.25337996965476], [-123.11850388818428, 49.253396496742475]], "type": "LineString"}, "properties": {"effluent_type": "Sanitary", "material": "Polyvinyl Chloride", "geo_point_2d": {"lon": -123.11839556254061, "lat": 49.25338823319861}}}, {"type": "Feature", "geometry": {"coordinates": [[-123.12833132073862, 49.247254896457086], [-123.12829669872545, 49.248173456028326]], "type": "LineString"}, "properties": {"effluent_type": "Storm", "material": "Concrete", "geo_point_2d": {"lon": -123.12831400973204, "lat": 49.24771417624271}}}, {"type": "Feature", "geometry": {"coordinates": [[-123.10506143519328, 49.25142002911038], [-123.10733283748289, 49.25146583183488]], "type": "LineString"}, "properties": {"effluent_type": "Storm", "material": "Polyvinyl Chloride", "geo_point_2d": {"lon": -123.1061971363381, "lat": 49.25144293047263}}}, {"type": "Feature", "geometry": {"coordinates": [[-123.11248440269048, 49.25156156964678], [-123.11003189182493, 49.25151431374509]], "type": "LineString"}, "properties": {"effluent_type": "Storm", "material": "Polyvinyl Chloride", "geo_point_2d": {"lon": -123.1112581472577, "lat": 49.251537941695936}}}, {"type": "Feature", "geometry": {"coordinates": [[-123.11602561372084, 49.25536734636052], [-123.11602660866873, 49.255340377693784], [-123.11597570114805, 49.255308513768114], [-123.11597631019697, 49.2552927895132]], "type": "LineString"}, "properties": {"effluent_type": "Combined", "material": "Vitrified Clay", "geo_point_2d": {"lon": -123.11600385723382, "lat": 49.255328526597076}}}, {"type": "Feature", "geometry": {"coordinates": [[-123.10850925881881, 49.25148081638721], [-123.10978736860787, 49.25150308644932], [-123.10979057643902, 49.251505844935075]], "type": "LineString"}, "properties": {"effluent_type": "Sanitary", "material": "Polyvinyl Chloride", "geo_point_2d": {"lon": -123.1091504270917, "lat": 49.25149199269982}}}, {"type": "Feature", "geometry": {"coordinates": [[-123.11451441466991, 49.25394939931943], [-123.11445449620113, 49.25397161392362]], "type": "LineString"}, "properties": {"effluent_type": "Storm", "material": "Concrete", "geo_point_2d": {"lon": -123.11448445543552, "lat": 49.253960506621524}}}, {"type": "Feature", "geometry": {"coordinates": [[-123.11511774074414, 49.25211740834061], [-123.11518219799915, 49.252151211116974]], "type": "LineString"}, "properties": {"effluent_type": "Storm", "material": "Concrete", "geo_point_2d": {"lon": -123.11514996937166, "lat": 49.25213430972879}}}, {"type": "Feature", "geometry": {"coordinates": [[-123.12018788732934, 49.25251835258369], [-123.12015132451806, 49.25343134280679]], "type": "LineString"}, "properties": {"effluent_type": "Combined", "material": "Vitrified Clay", "geo_point_2d": {"lon": -123.1201696059237, "lat": 49.25297484769524}}}, {"type": "Feature", "geometry": {"coordinates": [[-123.10317218018328, 49.249534299305644], [-123.10319240816479, 49.24953509081042], [-123.1048496915814, 49.2495555290155], [-123.1048578102117, 49.24956100873628]], "type": "LineString"}, "properties": {"effluent_type": "Sanitary", "material": "Polyvinyl Chloride", "geo_point_2d": {"lon": -123.10401582119617, "lat": 49.24954525779281}}}, {"type": "Feature", "geometry": {"coordinates": [[-123.11253040378816, 49.256595232624626], [-123.11252643026484, 49.25669112550956], [-123.11252635110107, 49.2566925738166], [-123.11252628668193, 49.25669446287496], [-123.11252629095573, 49.256696342871145], [-123.11252632271487, 49.25669822284059], [-123.11252642318736, 49.25670010274309], [-123.11252656490835, 49.25670199160066], [-123.11252674781649, 49.25670386242768], [-123.11252699945845, 49.25670574218294], [-123.112527292308, 49.25670761290286], [-123.11252762638563, 49.25670948358264], [-123.11252802917664, 49.25671135419548], [-123.11252845943262, 49.25671321578635], [-123.11252895838155, 49.2567150683151], [-123.11252949855856, 49.25671692080369], [-123.1125300799432, 49.25671876425693], [-123.11253073002081, 49.25672059864806], [-123.11253140756341, 49.256722424017184], [-123.11253215381944, 49.25672424931939], [-123.11253294126267, 49.256726056591035], [-123.112533769934, 49.25672786382254], [-123.11253465353523, 49.25672965301007], [-123.11253557834415, 49.256731433162265], [-123.11253655810339, 49.256733204265686], [-123.11253757907026, 49.25673496633377], [-123.11253865496708, 49.256736710357885], [-123.11253975834933, 49.25673845435525], [-123.11254093038376, 49.256740171300045], [-123.11254212988317, 49.25674187922288], [-123.11254338433294, 49.256743578096945], [-123.11254469371265, 49.25674525892704], [-123.1125460305369, 49.25674692173998], [-123.11254742231158, 49.25674857550415], [-123.11254885525301, 49.25675020224254], [-123.11255032940217, 49.25675181994555], [-123.11255184473859, 49.25675341961801], [-123.11255340126226, 49.256755001259855], [-123.1125549989732, 49.256756564871154], [-123.11255665161406, 49.25675811043847], [-123.11255833169953, 49.25675963798859], [-123.11256005297226, 49.256761147508115], [-123.11256181543223, 49.25676263899706], [-123.11256363280174, 49.256764103446834], [-123.11256546387312, 49.2567655498928], [-123.11256734985402, 49.25676696929957], [-123.11256926329993, 49.25676837968435], [-123.11257123163493, 49.25676975403474], [-123.11257321369226, 49.256771119376516], [-123.11257525063866, 49.25677244868389], [-123.1125773150296, 49.25677375997408], [-123.11257940686515, 49.25677505324704], [-123.1125815398675, 49.2567763194942], [-123.11258370029401, 49.25677755872894], [-123.11258590188729, 49.256778770937885], [-123.11258813090474, 49.25677995613442], [-123.11259040110943, 49.25678112330033], [-123.11259268499555, 49.256782263467215], [-123.11259501002802, 49.25678336761307], [-123.11259736250506, 49.256784453741716], [-123.11259974240622, 49.25678551285792], [-123.11260214973149, 49.25678654496171], [-123.11260458448083, 49.25678755005306], [-123.11260704663385, 49.25678851913681], [-123.11260953623143, 49.25678947020329], [-123.11261205323267, 49.25679038526216], [-123.11261458391526, 49.256791273321994], [-123.11261714202199, 49.256792134369356], [-123.11261972753232, 49.25679295940912], [-123.11262234048719, 49.256793766431606], [-123.1126249533603, 49.256794537473276], [-123.11262760737972, 49.256795272493875], [-123.11263026135826, 49.25679598952404], [-123.11263295648313, 49.25679667053319], [-123.1126356515262, 49.25679731556146], [-123.11263837399333, 49.25679793357728], [-123.11264109639912, 49.25679852460743], [-123.11264384620847, 49.25679907962996], [-123.11264660967875, 49.256799598658226], [-123.11264938683034, 49.25680009068743], [-123.11265217766326, 49.25680055571758], [-123.11265498215708, 49.256800984753475], [-123.11265780031175, 49.25680137779512], [-123.11266061840504, 49.25680174385111], [-123.11266345015919, 49.25680207391284], [-123.11266629559465, 49.2568023769755], [-123.11266914094823, 49.2568026440573], [-123.11267198621996, 49.25680287515825], [-123.11267485891567, 49.25680307924673], [-123.11267771778681, 49.256803247367756], [-123.11268059033925, 49.25680338848972], [-123.11268346280981, 49.256803493630805], [-123.11268633519843, 49.256803562791056], [-123.11293554654138, 49.256809858981434], [-123.11293990320435, 49.25680995367015], [-123.11294425999048, 49.25681010232986], [-123.11294861687927, 49.25681029596542], [-123.11295296012803, 49.256810534590244], [-123.1129573035205, 49.25681083618125], [-123.11296163325244, 49.25681117376635], [-123.11296596310763, 49.25681156532245], [-123.11297026560062, 49.25681201087644], [-123.11297456819638, 49.25681250140628], [-123.11297885717266, 49.256813045920545], [-123.1129831187663, 49.25681363543753], [-123.11298738046274, 49.25681426993034], [-123.11299161479704, 49.25681495842105], [-123.11299583549145, 49.25681569190104], [-123.11300002882375, 49.25681647937892], [-123.11300419475295, 49.256817302864334], [-123.11300834708328, 49.25681818932944], [-123.11301248575325, 49.25681911178858], [-123.11301658331848, 49.2568200882591], [-123.11302065348059, 49.256821100737156], [-123.11302471002341, 49.25682216719968], [-123.11302872544097, 49.2568232786784], [-123.113032713476, 49.256824435159814], [-123.11303667414907, 49.25682564563919], [-123.11304059367635, 49.25682689213955], [-123.11304448582112, 49.25682818364263], [-123.1130483505834, 49.25682952014849], [-123.11305216047779, 49.25683090168398], [-123.11305594298967, 49.256832328222245], [-123.11305969809855, 49.25683379076804], [-123.11306339833953, 49.25683529834352], [-123.11306705745537, 49.25683685093517], [-123.113070675446, 49.256838448543064], [-123.11307425229093, 49.256840082171976], [-123.11307778799016, 49.2568417518219], [-123.11308128258477, 49.25684347548327], [-123.11308472227044, 49.25684522618389], [-123.11308812083097, 49.256847021900796], [-123.11309146450307, 49.25684885365216], [-123.11309476702948, 49.25685072142458], [-123.11309801468806, 49.25685263422672], [-123.11310120743765, 49.25685457406814], [-123.11310434531944, 49.25685655893929], [-123.11310744203496, 49.2568585708363], [-123.11311048388265, 49.256860627763004], [-123.11311345707865, 49.256862711742514], [-123.11311638912899, 49.25686483174311], [-123.11311925252764, 49.25686697879647], [-123.11312206105843, 49.25686917087956], [-123.1131248146597, 49.25687138100682], [-123.1131274996504, 49.25687363617726], [-123.11313012971158, 49.25687590939188], [-123.11313270488436, 49.256878218641035], [-123.11313521140545, 49.256880554942995], [-123.11313766301753, 49.25688291828435], [-123.11314004599845, 49.25688531767371], [-123.11314236030711, 49.256887735120685], [-123.11314461970677, 49.256890179607055], [-123.113146796712, 49.256892651159724], [-123.1131489188082, 49.256895149751756], [-123.11315097223209, 49.256897666401464], [-123.11315297074698, 49.25690021009055], [-123.11315488684681, 49.25690277185073], [-123.1131567342949, 49.25690536066379], [-123.11315851307063, 49.256907967534495], [-123.11316022317402, 49.25691059246288], [-123.11316186462562, 49.25691324444411], [-123.11316343738432, 49.256915905487844], [-123.11316494149119, 49.25691859358444], [-123.11316636316238, 49.25692129075694], [-123.11316771616117, 49.256924005987166], [-123.113169000467, 49.25692673027985], [-123.11317021612099, 49.25692948162543], [-123.11317134931869, 49.25693223305174], [-123.11317241384396, 49.25693500253576], [-123.113173395954, 49.25693779009093], [-123.1131743093505, 49.256940577713394], [-123.1131751540745, 49.25694338339355], [-123.11317591636272, 49.25694619814969], [-123.11317659619458, 49.25694901298655], [-123.11317722109668, 49.256951845867675], [-123.11317774979963, 49.256954678843044], [-123.11317822355223, 49.25695752086744], [-123.11317860110567, 49.25696036298605], [-123.11317890996598, 49.25696321416719], [-123.11317915011261, 49.256966065415625], [-123.11317930780275, 49.256968916744825], [-123.11317939679977, 49.25697177713654], [-123.1131794033197, 49.25697462861385], [-123.1131793274037, 49.256977489167134], [-123.11317924270355, 49.25697951317385], [-123.1131737684396, 49.25712474630736]], "type": "LineString"}, "properties": {"effluent_type": "Combined", "material": "blank", "geo_point_2d": {"lon": -123.11287592956397, "lat": 49.25683619653739}}}, {"type": "Feature", "geometry": {"coordinates": [[-123.1223867354856, 49.24618480625469], [-123.12238783557726, 49.24615181956621]], "type": "LineString"}, "properties": {"effluent_type": "Combined", "material": "Concrete", "geo_point_2d": {"lon": -123.12238728553145, "lat": 49.24616831291045}}}, {"type": "Feature", "geometry": {"coordinates": [[-123.11142706880615, 49.2488579273253], [-123.1102050911451, 49.24883712408178]], "type": "LineString"}, "properties": {"effluent_type": "Combined", "material": "Concrete", "geo_point_2d": {"lon": -123.11081607997562, "lat": 49.24884752570354}}}, {"type": "Feature", "geometry": {"coordinates": [[-123.11578111635414, 49.25692699364702], [-123.11665355880753, 49.25694304506211]], "type": "LineString"}, "properties": {"effluent_type": "Sanitary", "material": "Polyvinyl Chloride", "geo_point_2d": {"lon": -123.11621733758084, "lat": 49.256935019354565}}}, {"type": "Feature", "geometry": {"coordinates": [[-123.11526209718026, 49.25688736694611], [-123.11519199635872, 49.256887787672596], [-123.11514857144141, 49.256912360916274]], "type": "LineString"}, "properties": {"effluent_type": "Storm", "material": "Vitrified Clay", "geo_point_2d": {"lon": -123.11520344451081, "lat": 49.25689277361246}}}, {"type": "Feature", "geometry": {"coordinates": [[-123.12025665578696, 49.2516495402185], [-123.12022189032405, 49.251615601433905]], "type": "LineString"}, "properties": {"effluent_type": "Combined", "material": "Vitrified Clay", "geo_point_2d": {"lon": -123.1202392730555, "lat": 49.2516325708262}}}, {"type": "Feature", "geometry": {"coordinates": [[-123.10491546680832, 49.248711779829996], [-123.10491491828027, 49.24872526417673]], "type": "LineString"}, "properties": {"effluent_type": "Storm", "material": "Vitrified Clay", "geo_point_2d": {"lon": -123.1049151925443, "lat": 49.24871852200336}}}, {"type": "Feature", "geometry": {"coordinates": [[-123.1144413941517, 49.24608633843615], [-123.11231909655221, 49.24605019150124]], "type": "LineString"}, "properties": {"effluent_type": "Combined", "material": "Vitrified Clay", "geo_point_2d": {"lon": -123.11338024535196, "lat": 49.2460682649687}}}, {"type": "Feature", "geometry": {"coordinates": [[-123.12476508673392, 49.246155240581885], [-123.12473131543204, 49.24714294467671]], "type": "LineString"}, "properties": {"effluent_type": "Combined", "material": "Concrete", "geo_point_2d": {"lon": -123.12474820108298, "lat": 49.2466490926293}}}, {"type": "Feature", "geometry": {"coordinates": [[-123.1248647595109, 49.24617879036426], [-123.12476304385076, 49.24621695009395]], "type": "LineString"}, "properties": {"effluent_type": "Storm", "material": "Vitrified Clay", "geo_point_2d": {"lon": -123.12481390168082, "lat": 49.24619787022911}}}, {"type": "Feature", "geometry": {"coordinates": [[-123.12342148742546, 49.24615519056341], [-123.12258415129371, 49.24614143782056]], "type": "LineString"}, "properties": {"effluent_type": "Storm", "material": "Vitrified Clay", "geo_point_2d": {"lon": -123.1230028193596, "lat": 49.246148314191984}}}, {"type": "Feature", "geometry": {"coordinates": [[-123.1181056957142, 49.25688257912755], [-123.11799360652853, 49.256921561987504]], "type": "LineString"}, "properties": {"effluent_type": "Storm", "material": "Concrete", "geo_point_2d": {"lon": -123.11804965112137, "lat": 49.25690207055753}}}, {"type": "Feature", "geometry": {"coordinates": [[-123.11799357904306, 49.25692156201559], [-123.11594109125366, 49.25688393503337]], "type": "LineString"}, "properties": {"effluent_type": "Storm", "material": "Concrete", "geo_point_2d": {"lon": -123.11696733514836, "lat": 49.25690274852448}}}, {"type": "Feature", "geometry": {"coordinates": [[-123.10803658091098, 49.24336693099165], [-123.10795353452117, 49.2432309736412]], "type": "LineString"}, "properties": {"effluent_type": "Sanitary", "material": "Vitrified Clay", "geo_point_2d": {"lon": -123.10799505771608, "lat": 49.24329895231642}}}, {"type": "Feature", "geometry": {"coordinates": [[-123.10491491828027, 49.24872526417673], [-123.10490236683064, 49.249027065506134]], "type": "LineString"}, "properties": {"effluent_type": "Storm", "material": "Vitrified Clay", "geo_point_2d": {"lon": -123.10490864255546, "lat": 49.248876164841434}}}, {"type": "Feature", "geometry": {"coordinates": [[-123.12338242070862, 49.24669928201376], [-123.12461167449374, 49.24672003697474]], "type": "LineString"}, "properties": {"effluent_type": "Combined", "material": "Vitrified Clay", "geo_point_2d": {"lon": -123.1239970476012, "lat": 49.24670965949425}}}, {"type": "Feature", "geometry": {"coordinates": [[-123.1247164359747, 49.25122370053134], [-123.1246760351886, 49.251223024518325], [-123.12461700653857, 49.251257162120055]], "type": "LineString"}, "properties": {"effluent_type": "Storm", "material": "Concrete", "geo_point_2d": {"lon": -123.12466501880812, "lat": 49.25123386809419}}}, {"type": "Feature", "geometry": {"coordinates": [[-123.10968567134798, 49.255256205603], [-123.1084117451359, 49.255230665216885]], "type": "LineString"}, "properties": {"effluent_type": "Storm", "material": "Polyvinyl Chloride", "geo_point_2d": {"lon": -123.10904870824194, "lat": 49.25524343540994}}}, {"type": "Feature", "geometry": {"coordinates": [[-123.12014585295644, 49.255247915410344], [-123.12014829433365, 49.25521198596397]], "type": "LineString"}, "properties": {"effluent_type": "Storm", "material": "Concrete", "geo_point_2d": {"lon": -123.12014707364506, "lat": 49.25522995068715}}}, {"type": "Feature", "geometry": {"coordinates": [[-123.1201338231356, 49.25524006609757], [-123.1201368586472, 49.25520545833092]], "type": "LineString"}, "properties": {"effluent_type": "Sanitary", "material": "Vitrified Clay", "geo_point_2d": {"lon": -123.1201353408914, "lat": 49.255222762214245}}}, {"type": "Feature", "geometry": {"coordinates": [[-123.12011250456405, 49.25609916766103], [-123.1201338231356, 49.25524006609757]], "type": "LineString"}, "properties": {"effluent_type": "Sanitary", "material": "Vitrified Clay", "geo_point_2d": {"lon": -123.12012316384981, "lat": 49.2556696168793}}}, {"type": "Feature", "geometry": {"coordinates": [[-123.12010084024413, 49.25669516694347], [-123.12012271668206, 49.256111075708255]], "type": "LineString"}, "properties": {"effluent_type": "Storm", "material": "Vitrified Clay", "geo_point_2d": {"lon": -123.1201117784631, "lat": 49.25640312132586}}}, {"type": "Feature", "geometry": {"coordinates": [[-123.12117188034969, 49.2543270646016], [-123.1220645508399, 49.25434972838977], [-123.1220650423905, 49.25435401859092]], "type": "LineString"}, "properties": {"effluent_type": "Sanitary", "material": "Concrete", "geo_point_2d": {"lon": -123.12162036482884, "lat": 49.25433846135562}}}, {"type": "Feature", "geometry": {"coordinates": [[-123.11527779657564, 49.25403345610005], [-123.11602493388867, 49.254256455341554]], "type": "LineString"}, "properties": {"effluent_type": "Storm", "material": "Polyvinyl Chloride", "geo_point_2d": {"lon": -123.11565136523215, "lat": 49.254144955720804}}}, {"type": "Feature", "geometry": {"coordinates": [[-123.12258415129371, 49.24614143782056], [-123.1223867354856, 49.24618480625469]], "type": "LineString"}, "properties": {"effluent_type": "Storm", "material": "Vitrified Clay", "geo_point_2d": {"lon": -123.12248544338965, "lat": 49.24616312203763}}}, {"type": "Feature", "geometry": {"coordinates": [[-123.10896987240683, 49.246008467905384], [-123.10891292469404, 49.24604129124149]], "type": "LineString"}, "properties": {"effluent_type": "Combined", "material": "Vitrified Clay", "geo_point_2d": {"lon": -123.10894139855044, "lat": 49.24602487957344}}}, {"type": "Feature", "geometry": {"coordinates": [[-123.10496842175766, 49.24607988896715], [-123.10511067358865, 49.246081837531015]], "type": "LineString"}, "properties": {"effluent_type": "Storm", "material": "Vitrified Clay", "geo_point_2d": {"lon": -123.10503954767314, "lat": 49.246080863249084}}}, {"type": "Feature", "geometry": {"coordinates": [[-123.11840959460609, 49.24215900388131], [-123.11841493345143, 49.242030294512524]], "type": "LineString"}, "properties": {"effluent_type": "Storm", "material": "Vitrified Clay", "geo_point_2d": {"lon": -123.11841226402875, "lat": 49.242094649196915}}}, {"type": "Feature", "geometry": {"coordinates": [[-123.11010197358046, 49.247189548029425], [-123.10986821875953, 49.247532335967364]], "type": "LineString"}, "properties": {"effluent_type": "Storm", "material": "Vitrified Clay", "geo_point_2d": {"lon": -123.10998509616999, "lat": 49.247360941998394}}}, {"type": "Feature", "geometry": {"coordinates": [[-123.11523679537608, 49.246100983612095], [-123.11661772829922, 49.246126160854914]], "type": "LineString"}, "properties": {"effluent_type": "Storm", "material": "Vitrified Clay", "geo_point_2d": {"lon": -123.11592726183764, "lat": 49.24611357223351}}}, {"type": "Feature", "geometry": {"coordinates": [[-123.12609573048744, 49.24817362142332], [-123.1261107485938, 49.248135825060366]], "type": "LineString"}, "properties": {"effluent_type": "Combined", "material": "Polyvinyl Chloride", "geo_point_2d": {"lon": -123.1261032395406, "lat": 49.24815472324183}}}, {"type": "Feature", "geometry": {"coordinates": [[-123.12355486354235, 49.24712597549442], [-123.12473131543204, 49.24714294467671]], "type": "LineString"}, "properties": {"effluent_type": "Combined", "material": "Vitrified Clay", "geo_point_2d": {"lon": -123.1241430894872, "lat": 49.24713446008556}}}, {"type": "Feature", "geometry": {"coordinates": [[-123.11530341390258, 49.254028546131664], [-123.11605226255281, 49.25424879095106]], "type": "LineString"}, "properties": {"effluent_type": "Sanitary", "material": "Polyvinyl Chloride", "geo_point_2d": {"lon": -123.11567783822768, "lat": 49.25413866854136}}}, {"type": "Feature", "geometry": {"coordinates": [[-123.12459627361078, 49.2525958808675], [-123.12456635589803, 49.25260587983632]], "type": "LineString"}, "properties": {"effluent_type": "Combined", "material": "blank", "geo_point_2d": {"lon": -123.12458131475441, "lat": 49.252600880351906}}}, {"type": "Feature", "geometry": {"coordinates": [[-123.12040204409296, 49.245232704188126], [-123.12040250245649, 49.245268648670866]], "type": "LineString"}, "properties": {"effluent_type": "Storm", "material": "Concrete", "geo_point_2d": {"lon": -123.12040227327472, "lat": 49.24525067642949}}}, {"type": "Feature", "geometry": {"coordinates": [[-123.1048045834805, 49.25100435915832], [-123.10478654253552, 49.25141391913606]], "type": "LineString"}, "properties": {"effluent_type": "Combined", "material": "Vitrified Clay", "geo_point_2d": {"lon": -123.10479556300801, "lat": 49.25120913914719}}}, {"type": "Feature", "geometry": {"coordinates": [[-123.11845271490313, 49.24800397376387], [-123.11796510470522, 49.247994640888784]], "type": "LineString"}, "properties": {"effluent_type": "Sanitary", "material": "Vitrified Clay", "geo_point_2d": {"lon": -123.11820890980417, "lat": 49.247999307326324}}}, {"type": "Feature", "geometry": {"coordinates": [[-123.12324913465967, 49.24712082395702], [-123.12355486354235, 49.24712597549442]], "type": "LineString"}, "properties": {"effluent_type": "Combined", "material": "Vitrified Clay", "geo_point_2d": {"lon": -123.12340199910102, "lat": 49.24712339972572}}}, {"type": "Feature", "geometry": {"coordinates": [[-123.11168366600059, 49.250566476029164], [-123.11013530604299, 49.25053719875478]], "type": "LineString"}, "properties": {"effluent_type": "Combined", "material": "Vitrified Clay", "geo_point_2d": {"lon": -123.1109094860218, "lat": 49.25055183739197}}}, {"type": "Feature", "geometry": {"coordinates": [[-123.11794479340014, 49.24798754639855], [-123.11654165332462, 49.24796598751819]], "type": "LineString"}, "properties": {"effluent_type": "Storm", "material": "Vitrified Clay", "geo_point_2d": {"lon": -123.11724322336238, "lat": 49.247976766958374}}}, {"type": "Feature", "geometry": {"coordinates": [[-123.12332424348799, 49.24851885464254], [-123.12331108320805, 49.24902766588294]], "type": "LineString"}, "properties": {"effluent_type": "Storm", "material": "Vitrified Clay", "geo_point_2d": {"lon": -123.12331766334802, "lat": 49.24877326026274}}}, {"type": "Feature", "geometry": {"coordinates": [[-123.12013411004337, 49.255205398222394], [-123.121088348986, 49.255222995180894]], "type": "LineString"}, "properties": {"effluent_type": "Sanitary", "material": "Vitrified Clay", "geo_point_2d": {"lon": -123.12061122951468, "lat": 49.255214196701644}}}, {"type": "Feature", "geometry": {"coordinates": [[-123.12598021563934, 49.251710842113184], [-123.12463408355566, 49.251692530619025]], "type": "LineString"}, "properties": {"effluent_type": "Storm", "material": "Vitrified Clay", "geo_point_2d": {"lon": -123.12530714959752, "lat": 49.251701686366104}}}, {"type": "Feature", "geometry": {"coordinates": [[-123.11842566248004, 49.24522431254965], [-123.11821220919312, 49.24522018645837]], "type": "LineString"}, "properties": {"effluent_type": "Storm", "material": "Vitrified Clay", "geo_point_2d": {"lon": -123.11831893583658, "lat": 49.24522224950401}}}, {"type": "Feature", "geometry": {"coordinates": [[-123.11858500044058, 49.245092665751315], [-123.11857933013036, 49.245237818689766]], "type": "LineString"}, "properties": {"effluent_type": "Storm", "material": "Vitrified Clay", "geo_point_2d": {"lon": -123.11858216528547, "lat": 49.24516524222054}}}, {"type": "Feature", "geometry": {"coordinates": [[-123.12040590357861, 49.24519825740945], [-123.12050107273811, 49.245394047422614]], "type": "LineString"}, "properties": {"effluent_type": "Combined", "material": "Concrete", "geo_point_2d": {"lon": -123.12045348815838, "lat": 49.24529615241603}}}, {"type": "Feature", "geometry": {"coordinates": [[-123.12784517519208, 49.24623016773891], [-123.12749241855374, 49.246224431805594]], "type": "LineString"}, "properties": {"effluent_type": "Storm", "material": "Vitrified Clay", "geo_point_2d": {"lon": -123.12766879687292, "lat": 49.24622729977225}}}, {"type": "Feature", "geometry": {"coordinates": [[-123.10951628857173, 49.25430181153619], [-123.10815461780035, 49.254270504563486]], "type": "LineString"}, "properties": {"effluent_type": "Storm", "material": "Polyvinyl Chloride", "geo_point_2d": {"lon": -123.10883545318603, "lat": 49.25428615804984}}}, {"type": "Feature", "geometry": {"coordinates": [[-123.1144320302503, 49.24629134908513], [-123.11443158051813, 49.24630483338549]], "type": "LineString"}, "properties": {"effluent_type": "Combined", "material": "Vitrified Clay", "geo_point_2d": {"lon": -123.1144318053842, "lat": 49.24629809123531}}}, {"type": "Feature", "geometry": {"coordinates": [[-123.11830824711969, 49.25199952313687], [-123.11829354441205, 49.25248859954187]], "type": "LineString"}, "properties": {"effluent_type": "Storm", "material": "Concrete", "geo_point_2d": {"lon": -123.11830089576587, "lat": 49.25224406133937}}}, {"type": "Feature", "geometry": {"coordinates": [[-123.11440050078593, 49.247006483333735], [-123.11314460847142, 49.246982389542374]], "type": "LineString"}, "properties": {"effluent_type": "Combined", "material": "Vitrified Clay", "geo_point_2d": {"lon": -123.11377255462865, "lat": 49.24699443643806}}}, {"type": "Feature", "geometry": {"coordinates": [[-123.11763320476673, 49.24426273984647], [-123.11711440115563, 49.24464218227529], [-123.11710126168482, 49.244651838487464]], "type": "LineString"}, "properties": {"effluent_type": "Sanitary", "material": "Polyvinyl Chloride", "geo_point_2d": {"lon": -123.11736722245797, "lat": 49.24445727447972}}}, {"type": "Feature", "geometry": {"coordinates": [[-123.11114020876306, 49.25338802840486], [-123.11001268320311, 49.25336401987009], [-123.10999230327016, 49.25336362549398]], "type": "LineString"}, "properties": {"effluent_type": "Storm", "material": "Polyvinyl Chloride", "geo_point_2d": {"lon": -123.11056625641143, "lat": 49.25337580752104}}}, {"type": "Feature", "geometry": {"coordinates": [[-123.12588868937424, 49.25261514187648], [-123.12459640274054, 49.25259804857724]], "type": "LineString"}, "properties": {"effluent_type": "Sanitary", "material": "Polyvinyl Chloride", "geo_point_2d": {"lon": -123.1252425460574, "lat": 49.25260659522687}}}, {"type": "Feature", "geometry": {"coordinates": [[-123.12672118663794, 49.25262798546438], [-123.12588868937424, 49.25261514187648]], "type": "LineString"}, "properties": {"effluent_type": "Sanitary", "material": "Polyvinyl Chloride", "geo_point_2d": {"lon": -123.1263049380061, "lat": 49.25262156367043}}}, {"type": "Feature", "geometry": {"coordinates": [[-123.12758567161367, 49.2513119231176], [-123.12735193149328, 49.251257669934326]], "type": "LineString"}, "properties": {"effluent_type": "Sanitary", "material": "Concrete", "geo_point_2d": {"lon": -123.12746880155348, "lat": 49.251284796525965}}}, {"type": "Feature", "geometry": {"coordinates": [[-123.11268303708145, 49.252444869035564], [-123.1145620393234, 49.25248054919127]], "type": "LineString"}, "properties": {"effluent_type": "Storm", "material": "Concrete", "geo_point_2d": {"lon": -123.11362253820243, "lat": 49.252462709113416}}}, {"type": "Feature", "geometry": {"coordinates": [[-123.1127302705571, 49.25277847378688], [-123.1127438308085, 49.25246351079605]], "type": "LineString"}, "properties": {"effluent_type": "Storm", "material": "Vitrified Clay", "geo_point_2d": {"lon": -123.1127370506828, "lat": 49.25262099229147}}}, {"type": "Feature", "geometry": {"coordinates": [[-123.11451730300068, 49.25345149293683], [-123.11450383998708, 49.25385719978433]], "type": "LineString"}, "properties": {"effluent_type": "Combined", "material": "blank", "geo_point_2d": {"lon": -123.11451057149388, "lat": 49.253654346360584}}}, {"type": "Feature", "geometry": {"coordinates": [[-123.10900916930397, 49.24311923302519], [-123.10803152419655, 49.24337917823888]], "type": "LineString"}, "properties": {"effluent_type": "Storm", "material": "Concrete", "geo_point_2d": {"lon": -123.10852034675025, "lat": 49.24324920563204}}}, {"type": "Feature", "geometry": {"coordinates": [[-123.11829354441205, 49.25248859954187], [-123.11825642487447, 49.25339599470247]], "type": "LineString"}, "properties": {"effluent_type": "Storm", "material": "Concrete", "geo_point_2d": {"lon": -123.11827498464326, "lat": 49.252942297122175}}}, {"type": "Feature", "geometry": {"coordinates": [[-123.12052662632607, 49.24122710251701], [-123.12051073856834, 49.24170448755035]], "type": "LineString"}, "properties": {"effluent_type": "Storm", "material": "Vitrified Clay", "geo_point_2d": {"lon": -123.1205186824472, "lat": 49.241465795033676}}}, {"type": "Feature", "geometry": {"coordinates": [[-123.11463698324356, 49.25062203433808], [-123.11461328731738, 49.25120690047042]], "type": "LineString"}, "properties": {"effluent_type": "Combined", "material": "Concrete", "geo_point_2d": {"lon": -123.11462513528048, "lat": 49.25091446740425}}}, {"type": "Feature", "geometry": {"coordinates": [[-123.11741269846515, 49.247065231589886], [-123.11657364689172, 49.247046498643556]], "type": "LineString"}, "properties": {"effluent_type": "Combined", "material": "Vitrified Clay", "geo_point_2d": {"lon": -123.11699317267843, "lat": 49.24705586511672}}}, {"type": "Feature", "geometry": {"coordinates": [[-123.12287416087639, 49.25526201999793], [-123.12221837515624, 49.25524971748442], [-123.12219451833747, 49.2552496437713]], "type": "LineString"}, "properties": {"effluent_type": "Storm", "material": "Concrete", "geo_point_2d": {"lon": -123.12253434157681, "lat": 49.255255651561825}}}, {"type": "Feature", "geometry": {"coordinates": [[-123.1244414179785, 49.25530111789257], [-123.12289452988168, 49.25526872675772]], "type": "LineString"}, "properties": {"effluent_type": "Sanitary", "material": "Vitrified Clay", "geo_point_2d": {"lon": -123.12366797393008, "lat": 49.255284922325146}}}, {"type": "Feature", "geometry": {"coordinates": [[-123.12047573236711, 49.24618842501922], [-123.12045043070947, 49.24711200998011]], "type": "LineString"}, "properties": {"effluent_type": "Combined", "material": "Concrete", "geo_point_2d": {"lon": -123.12046308153829, "lat": 49.24665021749966}}}, {"type": "Feature", "geometry": {"coordinates": [[-123.11722343335626, 49.24364825992954], [-123.11782449963198, 49.24406777104359]], "type": "LineString"}, "properties": {"effluent_type": "Storm", "material": "Vitrified Clay", "geo_point_2d": {"lon": -123.11752396649412, "lat": 49.243858015486566}}}, {"type": "Feature", "geometry": {"coordinates": [[-123.11814140450208, 49.255980718068955], [-123.11810625923019, 49.25688260553715]], "type": "LineString"}, "properties": {"effluent_type": "Storm", "material": "Concrete", "geo_point_2d": {"lon": -123.11812383186613, "lat": 49.25643166180305}}}, {"type": "Feature", "geometry": {"coordinates": [[-123.1291602040674, 49.24725979267582], [-123.12832592741452, 49.24725211392577]], "type": "LineString"}, "properties": {"effluent_type": "Storm", "material": "Concrete", "geo_point_2d": {"lon": -123.12874306574096, "lat": 49.247255953300794}}}, {"type": "Feature", "geometry": {"coordinates": [[-123.11010806910691, 49.25240208780631], [-123.11117905677402, 49.252421238437385]], "type": "LineString"}, "properties": {"effluent_type": "Sanitary", "material": "Polyvinyl Chloride", "geo_point_2d": {"lon": -123.11064356294047, "lat": 49.25241166312185}}}, {"type": "Feature", "geometry": {"coordinates": [[-123.11378711276093, 49.25157763676422], [-123.11458983360754, 49.25159387134824]], "type": "LineString"}, "properties": {"effluent_type": "Sanitary", "material": "Polyvinyl Chloride", "geo_point_2d": {"lon": -123.11418847318424, "lat": 49.25158575405624}}}, {"type": "Feature", "geometry": {"coordinates": [[-123.11294128155731, 49.251571477425465], [-123.11376472246299, 49.2515870948051]], "type": "LineString"}, "properties": {"effluent_type": "Storm", "material": "Polyvinyl Chloride", "geo_point_2d": {"lon": -123.11335300201016, "lat": 49.25157928611529}}}, {"type": "Feature", "geometry": {"coordinates": [[-123.12578878634086, 49.24941268016542], [-123.1248463278226, 49.25005615066914]], "type": "LineString"}, "properties": {"effluent_type": "Combined", "material": "Concrete", "geo_point_2d": {"lon": -123.12531755708173, "lat": 49.24973441541728}}}, {"type": "Feature", "geometry": {"coordinates": [[-123.12913248366046, 49.24727304665517], [-123.1283516252468, 49.24726421095251]], "type": "LineString"}, "properties": {"effluent_type": "Sanitary", "material": "Concrete", "geo_point_2d": {"lon": -123.12874205445362, "lat": 49.24726862880384}}}, {"type": "Feature", "geometry": {"coordinates": [[-123.1269339060606, 49.24621772467828], [-123.12696446321286, 49.24618015398853]], "type": "LineString"}, "properties": {"effluent_type": "Combined", "material": "Vitrified Clay", "geo_point_2d": {"lon": -123.12694918463673, "lat": 49.24619893933341}}}, {"type": "Feature", "geometry": {"coordinates": [[-123.11605446191, 49.252795340739], [-123.1160610964192, 49.252559731179964]], "type": "LineString"}, "properties": {"effluent_type": "Sanitary", "material": "Polyvinyl Chloride", "geo_point_2d": {"lon": -123.1160577791646, "lat": 49.25267753595948}}}, {"type": "Feature", "geometry": {"coordinates": [[-123.12289452988168, 49.25526872675772], [-123.12221908270185, 49.25525799233813], [-123.12219424749127, 49.25525683123836]], "type": "LineString"}, "properties": {"effluent_type": "Sanitary", "material": "Vitrified Clay", "geo_point_2d": {"lon": -123.12254437711819, "lat": 49.2552631484167}}}, {"type": "Feature", "geometry": {"coordinates": [[-123.11847333074287, 49.248000489460935], [-123.11794479340014, 49.24798754639855]], "type": "LineString"}, "properties": {"effluent_type": "Storm", "material": "Vitrified Clay", "geo_point_2d": {"lon": -123.11820906207153, "lat": 49.24799401792974}}}, {"type": "Feature", "geometry": {"coordinates": [[-123.12629732646927, 49.24710613494232], [-123.1262963816579, 49.24717205304028]], "type": "LineString"}, "properties": {"effluent_type": "Storm", "material": "Vitrified Clay", "geo_point_2d": {"lon": -123.12629685406357, "lat": 49.2471390939913}}}, {"type": "Feature", "geometry": {"coordinates": [[-123.11270061384162, 49.25245149936152], [-123.11454239723302, 49.25249007661797]], "type": "LineString"}, "properties": {"effluent_type": "Sanitary", "material": "Vitrified Clay", "geo_point_2d": {"lon": -123.11362150553732, "lat": 49.25247078798974}}}, {"type": "Feature", "geometry": {"coordinates": [[-123.12696446321286, 49.24618015398853], [-123.12482482263506, 49.24614249277523], [-123.12476508673392, 49.246155240581885]], "type": "LineString"}, "properties": {"effluent_type": "Combined", "material": "Concrete", "geo_point_2d": {"lon": -123.1258641257027, "lat": 49.24616097769848}}}, {"type": "Feature", "geometry": {"coordinates": [[-123.11446154779526, 49.25684302482196], [-123.11436957586751, 49.25684065121212]], "type": "LineString"}, "properties": {"effluent_type": "Combined", "material": "Vitrified Clay", "geo_point_2d": {"lon": -123.11441556183138, "lat": 49.25684183801704}}}, {"type": "Feature", "geometry": {"coordinates": [[-123.11181272705626, 49.25056894182098], [-123.11168366600059, 49.250566476029164]], "type": "LineString"}, "properties": {"effluent_type": "Combined", "material": "Vitrified Clay", "geo_point_2d": {"lon": -123.11174819652841, "lat": 49.250567708925075}}}, {"type": "Feature", "geometry": {"coordinates": [[-123.11436957586751, 49.25684065121212], [-123.11309708931469, 49.25680851359372]], "type": "LineString"}, "properties": {"effluent_type": "Combined", "material": "Vitrified Clay", "geo_point_2d": {"lon": -123.11373333259108, "lat": 49.25682458240292}}}, {"type": "Feature", "geometry": {"coordinates": [[-123.11802773681416, 49.241199854305734], [-123.11810835245235, 49.24105528134964]], "type": "LineString"}, "properties": {"effluent_type": "Combined", "material": "Vitrified Clay", "geo_point_2d": {"lon": -123.11806804463325, "lat": 49.24112756782768}}}, {"type": "Feature", "geometry": {"coordinates": [[-123.12677809575409, 49.24711353316755], [-123.12629732646927, 49.24710613494232]], "type": "LineString"}, "properties": {"effluent_type": "Storm", "material": "Vitrified Clay", "geo_point_2d": {"lon": -123.12653771111168, "lat": 49.24710983405494}}}, {"type": "Feature", "geometry": {"coordinates": [[-123.11820422174934, 49.25521541254287], [-123.1185748933496, 49.255209986396395]], "type": "LineString"}, "properties": {"effluent_type": "Sanitary", "material": "Polyvinyl Chloride", "geo_point_2d": {"lon": -123.11838955754948, "lat": 49.25521269946963}}}, {"type": "Feature", "geometry": {"coordinates": [[-123.10505579800738, 49.24733220675387], [-123.10505630526202, 49.24731872244075]], "type": "LineString"}, "properties": {"effluent_type": "Combined", "material": "Vitrified Clay", "geo_point_2d": {"lon": -123.1050560516347, "lat": 49.24732546459731}}}, {"type": "Feature", "geometry": {"coordinates": [[-123.10832628642947, 49.25237541023287], [-123.10731558902752, 49.25235185946386], [-123.10731001059547, 49.25235214349728]], "type": "LineString"}, "properties": {"effluent_type": "Sanitary", "material": "Polyvinyl Chloride", "geo_point_2d": {"lon": -123.10781814567288, "lat": 49.25236357092672}}}, {"type": "Feature", "geometry": {"coordinates": [[-123.12203325293865, 49.246664653111914], [-123.12236824595071, 49.24667022663566]], "type": "LineString"}, "properties": {"effluent_type": "Storm", "material": "Vitrified Clay", "geo_point_2d": {"lon": -123.12220074944469, "lat": 49.24666743987379}}}, {"type": "Feature", "geometry": {"coordinates": [[-123.12036966463364, 49.24907242482711], [-123.12036913258613, 49.24908530654989]], "type": "LineString"}, "properties": {"effluent_type": "Combined", "material": "Concrete", "geo_point_2d": {"lon": -123.12036939860988, "lat": 49.24907886568851}}}, {"type": "Feature", "geometry": {"coordinates": [[-123.12217497059005, 49.2515276211951], [-123.12222848447894, 49.251663383502375]], "type": "LineString"}, "properties": {"effluent_type": "Combined", "material": "Concrete", "geo_point_2d": {"lon": -123.1222017275345, "lat": 49.251595502348735}}}, {"type": "Feature", "geometry": {"coordinates": [[-123.11532764136534, 49.25589266433952], [-123.1160013092936, 49.256026603365186]], "type": "LineString"}, "properties": {"effluent_type": "Storm", "material": "Polyvinyl Chloride", "geo_point_2d": {"lon": -123.11566447532947, "lat": 49.255959633852356}}}, {"type": "Feature", "geometry": {"coordinates": [[-123.10733283748289, 49.25146583183488], [-123.10848838299522, 49.251485783365766]], "type": "LineString"}, "properties": {"effluent_type": "Storm", "material": "Polyvinyl Chloride", "geo_point_2d": {"lon": -123.10791061023906, "lat": 49.25147580760032}}}, {"type": "Feature", "geometry": {"coordinates": [[-123.10817617219519, 49.254279947356096], [-123.10723339343993, 49.254270535707306]], "type": "LineString"}, "properties": {"effluent_type": "Sanitary", "material": "Polyvinyl Chloride", "geo_point_2d": {"lon": -123.10770478281756, "lat": 49.2542752415317}}}, {"type": "Feature", "geometry": {"coordinates": [[-123.12730686301886, 49.249089060088934], [-123.1268462311979, 49.24908138109175]], "type": "LineString"}, "properties": {"effluent_type": "Storm", "material": "Vitrified Clay", "geo_point_2d": {"lon": -123.12707654710837, "lat": 49.249085220590345}}}, {"type": "Feature", "geometry": {"coordinates": [[-123.12709248896518, 49.25173065474782], [-123.12595906344805, 49.25171455321854]], "type": "LineString"}, "properties": {"effluent_type": "Sanitary", "material": "Vitrified Clay", "geo_point_2d": {"lon": -123.12652577620662, "lat": 49.25172260398318}}}, {"type": "Feature", "geometry": {"coordinates": [[-123.11437034726059, 49.256335865837976], [-123.11267864799494, 49.25630027888503], [-123.11267151169024, 49.25630460354912]], "type": "LineString"}, "properties": {"effluent_type": "Sanitary", "material": "Polyvinyl Chloride", "geo_point_2d": {"lon": -123.11352032929382, "lat": 49.25631799565504}}}, {"type": "Feature", "geometry": {"coordinates": [[-123.11446245040334, 49.24566137372267], [-123.11233775194162, 49.24561877992797]], "type": "LineString"}, "properties": {"effluent_type": "Combined", "material": "Vitrified Clay", "geo_point_2d": {"lon": -123.1134001011725, "lat": 49.245640076825325}}}, {"type": "Feature", "geometry": {"coordinates": [[-123.121129454123, 49.25071395248686], [-123.12220458255048, 49.25073691848647]], "type": "LineString"}, "properties": {"effluent_type": "Storm", "material": "Vitrified Clay", "geo_point_2d": {"lon": -123.12166701833672, "lat": 49.250725435486665}}}, {"type": "Feature", "geometry": {"coordinates": [[-123.12110894549718, 49.25069986047624], [-123.12219286827762, 49.25072298827499]], "type": "LineString"}, "properties": {"effluent_type": "Sanitary", "material": "Vitrified Clay", "geo_point_2d": {"lon": -123.1216509068874, "lat": 49.25071142437561}}}, {"type": "Feature", "geometry": {"coordinates": [[-123.12215560258761, 49.254381889019356], [-123.1221244809406, 49.25528595056932]], "type": "LineString"}, "properties": {"effluent_type": "Combined", "material": "Concrete", "geo_point_2d": {"lon": -123.12214004176411, "lat": 49.254833919794336}}}, {"type": "Feature", "geometry": {"coordinates": [[-123.10496214341526, 49.249042429035796], [-123.10494696204516, 49.24939341865052]], "type": "LineString"}, "properties": {"effluent_type": "Sanitary", "material": "Polyvinyl Chloride", "geo_point_2d": {"lon": -123.10495455273022, "lat": 49.24921792384316}}}, {"type": "Feature", "geometry": {"coordinates": [[-123.10556017392761, 49.24605158151066], [-123.10637196316928, 49.24606609283911]], "type": "LineString"}, "properties": {"effluent_type": "Combined", "material": "Vitrified Clay", "geo_point_2d": {"lon": -123.10596606854843, "lat": 49.246058837174886}}}, {"type": "Feature", "geometry": {"coordinates": [[-123.11801089149395, 49.241002965673154], [-123.11810835245235, 49.24105528134964]], "type": "LineString"}, "properties": {"effluent_type": "Combined", "material": "Vitrified Clay", "geo_point_2d": {"lon": -123.11805962197315, "lat": 49.241029123511396}}}, {"type": "Feature", "geometry": {"coordinates": [[-123.11061662027204, 49.245202378162425], [-123.1100998746011, 49.245454576437176]], "type": "LineString"}, "properties": {"effluent_type": "Combined", "material": "Concrete", "geo_point_2d": {"lon": -123.11035824743658, "lat": 49.2453284772998}}}, {"type": "Feature", "geometry": {"coordinates": [[-123.12356083896441, 49.24965818048504], [-123.12354055570114, 49.25017505899323]], "type": "LineString"}, "properties": {"effluent_type": "Combined", "material": "Vitrified Clay", "geo_point_2d": {"lon": -123.12355069733277, "lat": 49.24991661973914}}}, {"type": "Feature", "geometry": {"coordinates": [[-123.1114275091068, 49.24951149323759], [-123.11017620187388, 49.24948865806352]], "type": "LineString"}, "properties": {"effluent_type": "Combined", "material": "Vitrified Clay", "geo_point_2d": {"lon": -123.11080185549035, "lat": 49.24950007565056}}}, {"type": "Feature", "geometry": {"coordinates": [[-123.11309708931469, 49.25680851359372], [-123.11307430142602, 49.2568375274823]], "type": "LineString"}, "properties": {"effluent_type": "Combined", "material": "Vitrified Clay", "geo_point_2d": {"lon": -123.11308569537036, "lat": 49.25682302053801}}}, {"type": "Feature", "geometry": {"coordinates": [[-123.10750413825515, 49.247796456137884], [-123.10866739266476, 49.247818116786135]], "type": "LineString"}, "properties": {"effluent_type": "Combined", "material": "Concrete", "geo_point_2d": {"lon": -123.10808576545996, "lat": 49.247807286462006}}}, {"type": "Feature", "geometry": {"coordinates": [[-123.10866739266476, 49.247818116786135], [-123.11013205376851, 49.24784580244089]], "type": "LineString"}, "properties": {"effluent_type": "Combined", "material": "Concrete", "geo_point_2d": {"lon": -123.10939972321663, "lat": 49.24783195961352}}}, {"type": "Feature", "geometry": {"coordinates": [[-123.10606435826921, 49.25046027563955], [-123.10737902448896, 49.25048503944867]], "type": "LineString"}, "properties": {"effluent_type": "Combined", "material": "Vitrified Clay", "geo_point_2d": {"lon": -123.10672169137908, "lat": 49.2504726575441}}}, {"type": "Feature", "geometry": {"coordinates": [[-123.10803021956262, 49.24337944032074], [-123.10794862855585, 49.243243049834675]], "type": "LineString"}, "properties": {"effluent_type": "Storm", "material": "Concrete", "geo_point_2d": {"lon": -123.10798942405926, "lat": 49.243311245077706}}}, {"type": "Feature", "geometry": {"coordinates": [[-123.10725682924792, 49.24995375092696], [-123.10740331245798, 49.249956493316105]], "type": "LineString"}, "properties": {"effluent_type": "Storm", "material": "Vitrified Clay", "geo_point_2d": {"lon": -123.10733007085295, "lat": 49.249955122121534}}}, {"type": "Feature", "geometry": {"coordinates": [[-123.11616714758237, 49.25023801985463], [-123.1161296440448, 49.25154830222313]], "type": "LineString"}, "properties": {"effluent_type": "Combined", "material": "Vitrified Clay", "geo_point_2d": {"lon": -123.11614839581357, "lat": 49.250893161038874}}}, {"type": "Feature", "geometry": {"coordinates": [[-123.11807691629689, 49.25741748211385], [-123.11809160078442, 49.2569941792013]], "type": "LineString"}, "properties": {"effluent_type": "Storm", "material": "Vitrified Clay", "geo_point_2d": {"lon": -123.11808425854065, "lat": 49.257205830657576}}}, {"type": "Feature", "geometry": {"coordinates": [[-123.11101334839074, 49.245471899642894], [-123.11061662027204, 49.245202378162425]], "type": "LineString"}, "properties": {"effluent_type": "Combined", "material": "Concrete", "geo_point_2d": {"lon": -123.1108149843314, "lat": 49.245337138902656}}}, {"type": "Feature", "geometry": {"coordinates": [[-123.12392973361568, 49.2516989732873], [-123.12222848447894, 49.251663383502375]], "type": "LineString"}, "properties": {"effluent_type": "Combined", "material": "Concrete", "geo_point_2d": {"lon": -123.12307910904731, "lat": 49.25168117839483}}}, {"type": "Feature", "geometry": {"coordinates": [[-123.12461334510792, 49.25024468131452], [-123.12458825255436, 49.25080646032148]], "type": "LineString"}, "properties": {"effluent_type": "Storm", "material": "Vitrified Clay", "geo_point_2d": {"lon": -123.12460079883114, "lat": 49.250525570818}}}, {"type": "Feature", "geometry": {"coordinates": [[-123.11514770646541, 49.25691271259179], [-123.11510896183464, 49.25785661922608]], "type": "LineString"}, "properties": {"effluent_type": "Combined", "material": "Concrete", "geo_point_2d": {"lon": -123.11512833415003, "lat": 49.25738466590894}}}, {"type": "Feature", "geometry": {"coordinates": [[-123.12826781882906, 49.250688419251134], [-123.12987671005519, 49.2507177363009]], "type": "LineString"}, "properties": {"effluent_type": "Combined", "material": "Vitrified Clay", "geo_point_2d": {"lon": -123.12907226444213, "lat": 49.250703077776016}}}, {"type": "Feature", "geometry": {"coordinates": [[-123.12231223386392, 49.248063080706466], [-123.12231094071792, 49.24809582471641]], "type": "LineString"}, "properties": {"effluent_type": "Combined", "material": "Concrete", "geo_point_2d": {"lon": -123.12231158729094, "lat": 49.24807945271144}}}, {"type": "Feature", "geometry": {"coordinates": [[-123.12229770705952, 49.24852347199111], [-123.12227765056673, 49.24900380251844]], "type": "LineString"}, "properties": {"effluent_type": "Combined", "material": "Concrete", "geo_point_2d": {"lon": -123.12228767881312, "lat": 49.248763637254775}}}, {"type": "Feature", "geometry": {"coordinates": [[-123.12224774000569, 49.253479139042504], [-123.1222426628789, 49.253482112837986], [-123.12223786125338, 49.253485356198446], [-123.122233197045, 49.25348859941328], [-123.122228670698, 49.25349202238656], [-123.12222441940803, 49.253495535020875], [-123.12222044317515, 49.25349913731629], [-123.12221660480365, 49.2535029193702], [-123.12221304126722, 49.25350670113324], [-123.12220975301004, 49.253510662509434], [-123.12220660217017, 49.253514623740195], [-123.12220372660961, 49.25351876458412], [-123.12220112588432, 49.25352290513731], [-123.1221988002164, 49.25352713535172], [-123.12219674938387, 49.2535313652754], [-123.12219497360883, 49.25353568486035], [-123.12219333547343, 49.25354009425191], [-123.12219210959155, 49.25354450320745], [-123.12219115854529, 49.25354891187229], [-123.12219034513889, 49.253553410343784], [-123.12218994398621, 49.253557908379264], [-123.12215560258761, 49.254381889019356]], "type": "LineString"}, "properties": {"effluent_type": "Combined", "material": "Concrete", "geo_point_2d": {"lon": -123.12217710429766, "lat": 49.25391984086309}}}, {"type": "Feature", "geometry": {"coordinates": [[-123.11716654231029, 49.25246957168032], [-123.11829350290813, 49.25248848264648]], "type": "LineString"}, "properties": {"effluent_type": "Combined", "material": "Vitrified Clay", "geo_point_2d": {"lon": -123.1177300226092, "lat": 49.2524790271634}}}, {"type": "Feature", "geometry": {"coordinates": [[-123.10858213880451, 49.25050802218577], [-123.10984169008604, 49.25053172133576]], "type": "LineString"}, "properties": {"effluent_type": "Combined", "material": "Vitrified Clay", "geo_point_2d": {"lon": -123.10921191444527, "lat": 49.250519871760766}}}, {"type": "Feature", "geometry": {"coordinates": [[-123.12465794921252, 49.25016871347325], [-123.12400103569841, 49.250184100618675]], "type": "LineString"}, "properties": {"effluent_type": "Combined", "material": "blank", "geo_point_2d": {"lon": -123.12432949245547, "lat": 49.25017640704597}}}, {"type": "Feature", "geometry": {"coordinates": [[-123.10497181632705, 49.24753210315727], [-123.10493031222022, 49.248299505982104]], "type": "LineString"}, "properties": {"effluent_type": "Combined", "material": "Vitrified Clay", "geo_point_2d": {"lon": -123.10495106427364, "lat": 49.247915804569686}}}, {"type": "Feature", "geometry": {"coordinates": [[-123.1049606916643, 49.24938172137659], [-123.10620672273383, 49.24941347818847]], "type": "LineString"}, "properties": {"effluent_type": "Combined", "material": "Vitrified Clay", "geo_point_2d": {"lon": -123.10558370719906, "lat": 49.249397599782526}}}, {"type": "Feature", "geometry": {"coordinates": [[-123.10721309534188, 49.25426367320134], [-123.10719088509204, 49.25473185904407]], "type": "LineString"}, "properties": {"effluent_type": "Storm", "material": "Concrete", "geo_point_2d": {"lon": -123.10720199021696, "lat": 49.25449776612271}}}, {"type": "Feature", "geometry": {"coordinates": [[-123.11466156003243, 49.2501566958499], [-123.11520507282127, 49.25016505143535]], "type": "LineString"}, "properties": {"effluent_type": "Combined", "material": "Vitrified Clay", "geo_point_2d": {"lon": -123.11493331642687, "lat": 49.25016087364263}}}, {"type": "Feature", "geometry": {"coordinates": [[-123.10735627560794, 49.25100752131514], [-123.10733283748289, 49.25146583183488]], "type": "LineString"}, "properties": {"effluent_type": "Storm", "material": "Vitrified Clay", "geo_point_2d": {"lon": -123.10734455654541, "lat": 49.25123667657501}}}, {"type": "Feature", "geometry": {"coordinates": [[-123.12227971295734, 49.249004331054145], [-123.12209317737535, 49.24911836296333]], "type": "LineString"}, "properties": {"effluent_type": "Combined", "material": "Concrete", "geo_point_2d": {"lon": -123.12218644516634, "lat": 49.249061347008734}}}, {"type": "Feature", "geometry": {"coordinates": [[-123.11840959460609, 49.24215900388131], [-123.11924959230144, 49.24218824694252]], "type": "LineString"}, "properties": {"effluent_type": "Combined", "material": "Vitrified Clay", "geo_point_2d": {"lon": -123.11882959345377, "lat": 49.242173625411915}}}, {"type": "Feature", "geometry": {"coordinates": [[-123.10996764878722, 49.24948395436095], [-123.11004253604918, 49.24948415291304]], "type": "LineString"}, "properties": {"effluent_type": "Storm", "material": "Vitrified Clay", "geo_point_2d": {"lon": -123.11000509241819, "lat": 49.24948405363699}}}, {"type": "Feature", "geometry": {"coordinates": [[-123.1244324864039, 49.25351923715632], [-123.12333227279744, 49.25349632765977]], "type": "LineString"}, "properties": {"effluent_type": "Combined", "material": "Vitrified Clay", "geo_point_2d": {"lon": -123.12388237960069, "lat": 49.25350778240804}}}, {"type": "Feature", "geometry": {"coordinates": [[-123.10740331245798, 49.249956493316105], [-123.1073794650188, 49.25048541683875]], "type": "LineString"}, "properties": {"effluent_type": "Storm", "material": "Vitrified Clay", "geo_point_2d": {"lon": -123.10739138873839, "lat": 49.250220955077424}}}, {"type": "Feature", "geometry": {"coordinates": [[-123.11384964374251, 49.254885532273704], [-123.11272328515182, 49.25486452645756]], "type": "LineString"}, "properties": {"effluent_type": "Combined", "material": "blank", "geo_point_2d": {"lon": -123.11328646444716, "lat": 49.254875029365635}}}, {"type": "Feature", "geometry": {"coordinates": [[-123.11544222252083, 49.252102017570294], [-123.11543832702576, 49.25219934079452], [-123.11607246788613, 49.25245144424731]], "type": "LineString"}, "properties": {"effluent_type": "Combined", "material": "Vitrified Clay", "geo_point_2d": {"lon": -123.11571603779787, "lat": 49.25230357036199}}}, {"type": "Feature", "geometry": {"coordinates": [[-123.11607246788613, 49.25245144424731], [-123.11716654231029, 49.25246957168032]], "type": "LineString"}, "properties": {"effluent_type": "Combined", "material": "Vitrified Clay", "geo_point_2d": {"lon": -123.11661950509821, "lat": 49.25246050796382}}}, {"type": "Feature", "geometry": {"coordinates": [[-123.1100998746011, 49.245454576437176], [-123.10896987240683, 49.246008467905384]], "type": "LineString"}, "properties": {"effluent_type": "Combined", "material": "Concrete", "geo_point_2d": {"lon": -123.10953487350396, "lat": 49.24573152217128}}}, {"type": "Feature", "geometry": {"coordinates": [[-123.11910235173443, 49.24708829291375], [-123.11962174706265, 49.2470973721962]], "type": "LineString"}, "properties": {"effluent_type": "Combined", "material": "Vitrified Clay", "geo_point_2d": {"lon": -123.11936204939853, "lat": 49.247092832554976}}}, {"type": "Feature", "geometry": {"coordinates": [[-123.11444534078146, 49.25517090176867], [-123.11445680023253, 49.25489680607071]], "type": "LineString"}, "properties": {"effluent_type": "Combined", "material": "Vitrified Clay", "geo_point_2d": {"lon": -123.114451070507, "lat": 49.25503385391969}}}, {"type": "Feature", "geometry": {"coordinates": [[-123.10984169008604, 49.25053172133576], [-123.10999684124094, 49.250551003412355]], "type": "LineString"}, "properties": {"effluent_type": "Combined", "material": "Vitrified Clay", "geo_point_2d": {"lon": -123.10991926566349, "lat": 49.25054136237406}}}, {"type": "Feature", "geometry": {"coordinates": [[-123.11632096373016, 49.24522571323211], [-123.11581850888354, 49.24521957955359]], "type": "LineString"}, "properties": {"effluent_type": "Storm", "material": "Vitrified Clay", "geo_point_2d": {"lon": -123.11606973630686, "lat": 49.24522264639285}}}, {"type": "Feature", "geometry": {"coordinates": [[-123.12045043070947, 49.24711200998011], [-123.12119592703202, 49.247124372365825]], "type": "LineString"}, "properties": {"effluent_type": "Combined", "material": "Vitrified Clay", "geo_point_2d": {"lon": -123.12082317887075, "lat": 49.24711819117297}}}, {"type": "Feature", "geometry": {"coordinates": [[-123.12400103569841, 49.250184100618675], [-123.12397916781775, 49.25076880486966]], "type": "LineString"}, "properties": {"effluent_type": "Combined", "material": "Concrete", "geo_point_2d": {"lon": -123.12399010175808, "lat": 49.25047645274417}}}, {"type": "Feature", "geometry": {"coordinates": [[-123.10750413825515, 49.247796456137884], [-123.10747327176159, 49.24831281107882]], "type": "LineString"}, "properties": {"effluent_type": "Combined", "material": "Vitrified Clay", "geo_point_2d": {"lon": -123.10748870500835, "lat": 49.24805463360835}}}, {"type": "Feature", "geometry": {"coordinates": [[-123.11067311334854, 49.24683591246778], [-123.10974284555219, 49.24651200901451]], "type": "LineString"}, "properties": {"effluent_type": "Combined", "material": "Vitrified Clay", "geo_point_2d": {"lon": -123.11020797945037, "lat": 49.24667396074115}}}, {"type": "Feature", "geometry": {"coordinates": [[-123.1269102477208, 49.25124673202017], [-123.12580802940391, 49.251232033962594]], "type": "LineString"}, "properties": {"effluent_type": "Sanitary", "material": "Concrete", "geo_point_2d": {"lon": -123.12635913856235, "lat": 49.251239382991386}}}, {"type": "Feature", "geometry": {"coordinates": [[-123.12758528255952, 49.25132091877347], [-123.12731721783929, 49.25127237940799], [-123.12689173543558, 49.25126168442962]], "type": "LineString"}, "properties": {"effluent_type": "Storm", "material": "Concrete", "geo_point_2d": {"lon": -123.12723981172589, "lat": 49.25127859059289}}}, {"type": "Feature", "geometry": {"coordinates": [[-123.12231094071792, 49.24809582471641], [-123.12229770705952, 49.24852347199111]], "type": "LineString"}, "properties": {"effluent_type": "Combined", "material": "Concrete", "geo_point_2d": {"lon": -123.12230432388873, "lat": 49.248309648353754}}}, {"type": "Feature", "geometry": {"coordinates": [[-123.11329830177809, 49.2479060941803], [-123.11224396486713, 49.247885579752634]], "type": "LineString"}, "properties": {"effluent_type": "Combined", "material": "Vitrified Clay", "geo_point_2d": {"lon": -123.11277113332261, "lat": 49.247895836966464}}}, {"type": "Feature", "geometry": {"coordinates": [[-123.11581850888354, 49.24521957955359], [-123.11543662167696, 49.245214843476624]], "type": "LineString"}, "properties": {"effluent_type": "Storm", "material": "Vitrified Clay", "geo_point_2d": {"lon": -123.11562756528025, "lat": 49.24521721151511}}}, {"type": "Feature", "geometry": {"coordinates": [[-123.11535862572252, 49.2470268762932], [-123.11657364477401, 49.24704559912246]], "type": "LineString"}, "properties": {"effluent_type": "Storm", "material": "Vitrified Clay", "geo_point_2d": {"lon": -123.11596613524827, "lat": 49.24703623770783}}}, {"type": "Feature", "geometry": {"coordinates": [[-123.10740846354959, 49.249436312494346], [-123.10870198271672, 49.249460577172734]], "type": "LineString"}, "properties": {"effluent_type": "Combined", "material": "Vitrified Clay", "geo_point_2d": {"lon": -123.10805522313316, "lat": 49.24944844483354}}}, {"type": "Feature", "geometry": {"coordinates": [[-123.11966008735773, 49.25071569058023], [-123.11837586860372, 49.25068922728434]], "type": "LineString"}, "properties": {"effluent_type": "Combined", "material": "Vitrified Clay", "geo_point_2d": {"lon": -123.11901797798072, "lat": 49.25070245893228}}}, {"type": "Feature", "geometry": {"coordinates": [[-123.12214637965036, 49.25388539852266], [-123.12212691197325, 49.25437745772079]], "type": "LineString"}, "properties": {"effluent_type": "Combined", "material": "Concrete", "geo_point_2d": {"lon": -123.1221366458118, "lat": 49.254131428121724}}}, {"type": "Feature", "geometry": {"coordinates": [[-123.11969188237569, 49.24959523008086], [-123.11840472984746, 49.24957667695349]], "type": "LineString"}, "properties": {"effluent_type": "Combined", "material": "Vitrified Clay", "geo_point_2d": {"lon": -123.1190483061116, "lat": 49.24958595351717}}}, {"type": "Feature", "geometry": {"coordinates": [[-123.1173615923864, 49.250111500159115], [-123.11838091978954, 49.25012947610714]], "type": "LineString"}, "properties": {"effluent_type": "Combined", "material": "Vitrified Clay", "geo_point_2d": {"lon": -123.11787125608798, "lat": 49.25012048813313}}}, {"type": "Feature", "geometry": {"coordinates": [[-123.12026905988388, 49.25012049171634], [-123.12022226659293, 49.2499880317176], [-123.12023515470604, 49.24961425757785]], "type": "LineString"}, "properties": {"effluent_type": "Storm", "material": "Vitrified Clay", "geo_point_2d": {"lon": -123.12023333968213, "lat": 49.24987026017818}}}, {"type": "Feature", "geometry": {"coordinates": [[-123.10725590017788, 49.253311552254395], [-123.10721309534188, 49.25426367320134]], "type": "LineString"}, "properties": {"effluent_type": "Storm", "material": "Concrete", "geo_point_2d": {"lon": -123.10723449775988, "lat": 49.25378761272787}}}, {"type": "Feature", "geometry": {"coordinates": [[-123.12026905988388, 49.25012049171634], [-123.1212398113445, 49.25013717069977]], "type": "LineString"}, "properties": {"effluent_type": "Combined", "material": "Vitrified Clay", "geo_point_2d": {"lon": -123.12075443561419, "lat": 49.25012883120806}}}, {"type": "Feature", "geometry": {"coordinates": [[-123.12220458255048, 49.25073691848647], [-123.12217497059005, 49.2515276211951]], "type": "LineString"}, "properties": {"effluent_type": "Combined", "material": "Concrete", "geo_point_2d": {"lon": -123.12218977657027, "lat": 49.25113226984078}}}, {"type": "Feature", "geometry": {"coordinates": [[-123.12749241855374, 49.246224431805594], [-123.12748917112259, 49.24630793814747]], "type": "LineString"}, "properties": {"effluent_type": "Storm", "material": "Polyvinyl Chloride", "geo_point_2d": {"lon": -123.12749079483818, "lat": 49.24626618497653}}}, {"type": "Feature", "geometry": {"coordinates": [[-123.12832934620153, 49.249997319537094], [-123.12835553334335, 49.24931245668808]], "type": "LineString"}, "properties": {"effluent_type": "Storm", "material": "Concrete", "geo_point_2d": {"lon": -123.12834243977244, "lat": 49.24965488811259}}}, {"type": "Feature", "geometry": {"coordinates": [[-123.11678016011034, 49.2450484486259], [-123.11666878328126, 49.24518642213237]], "type": "LineString"}, "properties": {"effluent_type": "Sanitary", "material": "Polyvinyl Chloride", "geo_point_2d": {"lon": -123.1167244716958, "lat": 49.24511743537914}}}, {"type": "Feature", "geometry": {"coordinates": [[-123.11678352526154, 49.24503636462299], [-123.11665333358799, 49.24519533402108]], "type": "LineString"}, "properties": {"effluent_type": "Storm", "material": "Polyvinyl Chloride", "geo_point_2d": {"lon": -123.11671842942476, "lat": 49.24511584932203}}}, {"type": "Feature", "geometry": {"coordinates": [[-123.12835588135937, 49.24931419238072], [-123.12986678197115, 49.249337294742766]], "type": "LineString"}, "properties": {"effluent_type": "Storm", "material": "Concrete", "geo_point_2d": {"lon": -123.12911133166526, "lat": 49.24932574356174}}}, {"type": "Feature", "geometry": {"coordinates": [[-123.12226915786052, 49.250144037698085], [-123.1222476500045, 49.25072700516004]], "type": "LineString"}, "properties": {"effluent_type": "Sanitary", "material": "Polyvinyl Chloride", "geo_point_2d": {"lon": -123.1222584039325, "lat": 49.25043552142906}}}, {"type": "Feature", "geometry": {"coordinates": [[-123.12227862006335, 49.25013077771322], [-123.12225644744467, 49.250739418259236]], "type": "LineString"}, "properties": {"effluent_type": "Storm", "material": "Polyvinyl Chloride", "geo_point_2d": {"lon": -123.122267533754, "lat": 49.25043509798623}}}, {"type": "Feature", "geometry": {"coordinates": [[-123.11818085977548, 49.25565284697135], [-123.11817985515978, 49.25550259185941]], "type": "LineString"}, "properties": {"effluent_type": "Sanitary", "material": "Polyvinyl Chloride", "geo_point_2d": {"lon": -123.11818035746761, "lat": 49.255577719415385}}}, {"type": "Feature", "geometry": {"coordinates": [[-123.12764840997562, 49.24631639773982], [-123.12762469563255, 49.24708960922896], [-123.12763344901819, 49.247095320526974]], "type": "LineString"}, "properties": {"effluent_type": "Storm", "material": "Polyvinyl Chloride", "geo_point_2d": {"lon": -123.12763645308219, "lat": 49.24670819537655}}}, {"type": "Feature", "geometry": {"coordinates": [[-123.11605723643272, 49.25379713588756], [-123.116050495881, 49.25424550946995]], "type": "LineString"}, "properties": {"effluent_type": "Sanitary", "material": "Polyvinyl Chloride", "geo_point_2d": {"lon": -123.11605386615686, "lat": 49.25402132267875}}}, {"type": "Feature", "geometry": {"coordinates": [[-123.11605041617317, 49.253766001280646], [-123.11602786065926, 49.254256335464454]], "type": "LineString"}, "properties": {"effluent_type": "Storm", "material": "Polyvinyl Chloride", "geo_point_2d": {"lon": -123.11603913841621, "lat": 49.25401116837255}}}, {"type": "Feature", "geometry": {"coordinates": [[-123.11653891056794, 49.24796823909264], [-123.11649906768777, 49.24892764755828]], "type": "LineString"}, "properties": {"effluent_type": "Storm", "material": "Concrete", "geo_point_2d": {"lon": -123.11651898912785, "lat": 49.24844794332546}}}, {"type": "Feature", "geometry": {"coordinates": [[-123.12330759288717, 49.249027579655944], [-123.12330905096523, 49.24905028205913]], "type": "LineString"}, "properties": {"effluent_type": "Storm", "material": "Polyvinyl Chloride", "geo_point_2d": {"lon": -123.12330832192619, "lat": 49.249038930857544}}}, {"type": "Feature", "geometry": {"coordinates": [[-123.12442036853216, 49.2490693928181], [-123.1223408543886, 49.2490360374761]], "type": "LineString"}, "properties": {"effluent_type": "Sanitary", "material": "Polyvinyl Chloride", "geo_point_2d": {"lon": -123.12338061146038, "lat": 49.2490527151471}}}, {"type": "Feature", "geometry": {"coordinates": [[-123.11879417726696, 49.24708290722768], [-123.11910235173443, 49.24708829291375]], "type": "LineString"}, "properties": {"effluent_type": "Storm", "material": "Polyvinyl Chloride", "geo_point_2d": {"lon": -123.11894826450067, "lat": 49.24708560007072}}}, {"type": "Feature", "geometry": {"coordinates": [[-123.11661772829922, 49.246126160854914], [-123.11657640389068, 49.247050318835385]], "type": "LineString"}, "properties": {"effluent_type": "Storm", "material": "Concrete", "geo_point_2d": {"lon": -123.11659706609495, "lat": 49.24658823984515}}}, {"type": "Feature", "geometry": {"coordinates": [[-123.11657640389068, 49.247050318835385], [-123.11655741313687, 49.24751057904113]], "type": "LineString"}, "properties": {"effluent_type": "Storm", "material": "Concrete", "geo_point_2d": {"lon": -123.11656690851378, "lat": 49.247280448938255}}}, {"type": "Feature", "geometry": {"coordinates": [[-123.11657097813811, 49.24752372537864], [-123.11655062136853, 49.24797581025874]], "type": "LineString"}, "properties": {"effluent_type": "Sanitary", "material": "Vitrified Clay", "geo_point_2d": {"lon": -123.11656079975333, "lat": 49.24774976781869}}}, {"type": "Feature", "geometry": {"coordinates": [[-123.11655741313687, 49.24751057904113], [-123.11653891056794, 49.24796823909264]], "type": "LineString"}, "properties": {"effluent_type": "Storm", "material": "Concrete", "geo_point_2d": {"lon": -123.1165481618524, "lat": 49.24773940906689}}}, {"type": "Feature", "geometry": {"coordinates": [[-123.1273271709048, 49.24630493249084], [-123.12766215002574, 49.24631115632672]], "type": "LineString"}, "properties": {"effluent_type": "Sanitary", "material": "Concrete", "geo_point_2d": {"lon": -123.12749466046527, "lat": 49.24630804440878}}}, {"type": "Feature", "geometry": {"coordinates": [[-123.12701533557384, 49.24630634618079], [-123.12764156022294, 49.24631888799245]], "type": "LineString"}, "properties": {"effluent_type": "Storm", "material": "Polyvinyl Chloride", "geo_point_2d": {"lon": -123.1273284478984, "lat": 49.246312617086616}}}, {"type": "Feature", "geometry": {"coordinates": [[-123.12693379443616, 49.24629745855595], [-123.12693358626727, 49.2463020103731], [-123.12693757795199, 49.24630479450988], [-123.12694170009394, 49.24630487093774]], "type": "LineString"}, "properties": {"effluent_type": "Storm", "material": "Polyvinyl Chloride", "geo_point_2d": {"lon": -123.1269361805168, "lat": 49.24630260394339}}}, {"type": "Feature", "geometry": {"coordinates": [[-123.11857261300082, 49.24106103948445], [-123.11896547868163, 49.24107961555322]], "type": "LineString"}, "properties": {"effluent_type": "Storm", "material": "Concrete", "geo_point_2d": {"lon": -123.11876904584122, "lat": 49.241070327518834}}}, {"type": "Feature", "geometry": {"coordinates": [[-123.11648149973972, 49.24914639326609], [-123.11648162940023, 49.249143100881504], [-123.11648228710203, 49.249031343491346], [-123.11648179217389, 49.24902538914859], [-123.11648166332438, 49.24902318544732], [-123.11648211166178, 49.24894508841436], [-123.1164843471041, 49.24893159331642], [-123.11648431368896, 49.24891738988287]], "type": "LineString"}, "properties": {"effluent_type": "Sanitary", "material": "Polyvinyl Chloride", "geo_point_2d": {"lon": -123.11648215123265, "lat": 49.249031817517434}}}, {"type": "Feature", "geometry": {"coordinates": [[-123.12312790304306, 49.24668302031103], [-123.12299837135085, 49.2466808375184]], "type": "LineString"}, "properties": {"effluent_type": "Storm", "material": "Polyvinyl Chloride", "geo_point_2d": {"lon": -123.12306313719694, "lat": 49.24668192891471}}}, {"type": "Feature", "geometry": {"coordinates": [[-123.12313372845925, 49.24668842023756], [-123.12301025633435, 49.24668634793773], [-123.12299856370927, 49.246680837313605]], "type": "LineString"}, "properties": {"effluent_type": "Sanitary", "material": "Polyvinyl Chloride", "geo_point_2d": {"lon": -123.12306558860288, "lat": 49.246687024826215}}}, {"type": "Feature", "geometry": {"coordinates": [[-123.11830356819895, 49.25158837418338], [-123.11832222706428, 49.25157612156915]], "type": "LineString"}, "properties": {"effluent_type": "Combined", "material": "Polyvinyl Chloride", "geo_point_2d": {"lon": -123.11831289763163, "lat": 49.25158224787626}}}, {"type": "Feature", "geometry": {"coordinates": [[-123.11837577310581, 49.25109755669034], [-123.11835968847979, 49.25154275588732]], "type": "LineString"}, "properties": {"effluent_type": "Storm", "material": "Concrete", "geo_point_2d": {"lon": -123.1183677307928, "lat": 49.25132015628883}}}, {"type": "Feature", "geometry": {"coordinates": [[-123.11833170937228, 49.25200190083373], [-123.11831442649542, 49.252474986375745]], "type": "LineString"}, "properties": {"effluent_type": "Sanitary", "material": "Concrete", "geo_point_2d": {"lon": -123.11832306793386, "lat": 49.25223844360474}}}, {"type": "Feature", "geometry": {"coordinates": [[-123.11839080815166, 49.25066176753934], [-123.11837577310581, 49.25109755669034]], "type": "LineString"}, "properties": {"effluent_type": "Storm", "material": "Concrete", "geo_point_2d": {"lon": -123.11838329062874, "lat": 49.25087966211484}}}, {"type": "Feature", "geometry": {"coordinates": [[-123.11834495350229, 49.251558188798136], [-123.11833170958728, 49.25200199078574]], "type": "LineString"}, "properties": {"effluent_type": "Sanitary", "material": "Concrete", "geo_point_2d": {"lon": -123.11833833154478, "lat": 49.25178008979194}}}, {"type": "Feature", "geometry": {"coordinates": [[-123.11962044075982, 49.24433273317627], [-123.120438606891, 49.24434658135321]], "type": "LineString"}, "properties": {"effluent_type": "Sanitary", "material": "Polyvinyl Chloride", "geo_point_2d": {"lon": -123.12002952382541, "lat": 49.244339657264746}}}, {"type": "Feature", "geometry": {"coordinates": [[-123.1185575552782, 49.240980493551945], [-123.1185566494919, 49.24104975784399]], "type": "LineString"}, "properties": {"effluent_type": "Sanitary", "material": "Polyvinyl Chloride", "geo_point_2d": {"lon": -123.11855710238504, "lat": 49.24101512569797}}}, {"type": "Feature", "geometry": {"coordinates": [[-123.1185566494919, 49.24104975784399], [-123.11894904739069, 49.241068091577176]], "type": "LineString"}, "properties": {"effluent_type": "Sanitary", "material": "Polyvinyl Chloride", "geo_point_2d": {"lon": -123.11875284844129, "lat": 49.241058924710586}}}, {"type": "Feature", "geometry": {"coordinates": [[-123.11836081136569, 49.25065022141742], [-123.11835792504783, 49.25066717138162]], "type": "LineString"}, "properties": {"effluent_type": "Storm", "material": "Concrete", "geo_point_2d": {"lon": -123.11835936820678, "lat": 49.250658696399526}}}, {"type": "Feature", "geometry": {"coordinates": [[-123.11822688902478, 49.25065500907268], [-123.11837377282181, 49.25065750326689]], "type": "LineString"}, "properties": {"effluent_type": "Sanitary", "material": "Polyvinyl Chloride", "geo_point_2d": {"lon": -123.11830033092329, "lat": 49.25065625616979}}}, {"type": "Feature", "geometry": {"coordinates": [[-123.11602493388867, 49.254256455341554], [-123.11823176421609, 49.254296036858136]], "type": "LineString"}, "properties": {"effluent_type": "Storm", "material": "Concrete", "geo_point_2d": {"lon": -123.1171283490524, "lat": 49.25427624609985}}}, {"type": "Feature", "geometry": {"coordinates": [[-123.12129224636607, 49.248050537280236], [-123.12231632917596, 49.2480633642181]], "type": "LineString"}, "properties": {"effluent_type": "Storm", "material": "Polyvinyl Chloride", "geo_point_2d": {"lon": -123.12180428777101, "lat": 49.24805695074917}}}, {"type": "Feature", "geometry": {"coordinates": [[-123.11450383998708, 49.25385719978433], [-123.11449859898994, 49.25401531398638]], "type": "LineString"}, "properties": {"effluent_type": "Combined", "material": "Vitrified Clay", "geo_point_2d": {"lon": -123.1145012194885, "lat": 49.25393625688535}}}, {"type": "Feature", "geometry": {"coordinates": [[-123.12501557312098, 49.248156552976205], [-123.12609573048744, 49.24817362142332]], "type": "LineString"}, "properties": {"effluent_type": "Storm", "material": "Vitrified Clay", "geo_point_2d": {"lon": -123.12555565180419, "lat": 49.248165087199766}}}, {"type": "Feature", "geometry": {"coordinates": [[-123.10999221099515, 49.253365388645385], [-123.10989233783023, 49.25337870666101]], "type": "LineString"}, "properties": {"effluent_type": "Combined", "material": "Vitrified Clay", "geo_point_2d": {"lon": -123.10994227441269, "lat": 49.2533720476532}}}, {"type": "Feature", "geometry": {"coordinates": [[-123.10716934538063, 49.25191078847151], [-123.1073158343766, 49.25191353096664]], "type": "LineString"}, "properties": {"effluent_type": "Storm", "material": "Vitrified Clay", "geo_point_2d": {"lon": -123.10724258987861, "lat": 49.251912159719076}}}, {"type": "Feature", "geometry": {"coordinates": [[-123.11601501013597, 49.25603813946861], [-123.11601919907879, 49.25602533506661]], "type": "LineString"}, "properties": {"effluent_type": "Sanitary", "material": "Vitrified Clay", "geo_point_2d": {"lon": -123.11601710460738, "lat": 49.256031737267605}}}, {"type": "Feature", "geometry": {"coordinates": [[-123.1267903450667, 49.2508401085165], [-123.1256871684601, 49.25082324250937]], "type": "LineString"}, "properties": {"effluent_type": "Combined", "material": "Vitrified Clay", "geo_point_2d": {"lon": -123.1262387567634, "lat": 49.250831675512934}}}, {"type": "Feature", "geometry": {"coordinates": [[-123.1160486791539, 49.25426190958275], [-123.1160493790895, 49.25424393642803]], "type": "LineString"}, "properties": {"effluent_type": "Sanitary", "material": "blank", "geo_point_2d": {"lon": -123.1160490291217, "lat": 49.254252923005396}}}, {"type": "Feature", "geometry": {"coordinates": [[-123.12466740542764, 49.25080817398283], [-123.12463334940598, 49.25081684614428]], "type": "LineString"}, "properties": {"effluent_type": "Combined", "material": "blank", "geo_point_2d": {"lon": -123.12465037741681, "lat": 49.250812510063554}}}, {"type": "Feature", "geometry": {"coordinates": [[-123.10956476906627, 49.25335741124519], [-123.10953731182123, 49.25335687957669]], "type": "LineString"}, "properties": {"effluent_type": "Storm", "material": "blank", "geo_point_2d": {"lon": -123.10955104044375, "lat": 49.253357145410945}}}, {"type": "Feature", "geometry": {"coordinates": [[-123.11268839480466, 49.25531775764674], [-123.11266948496758, 49.255311542402104]], "type": "LineString"}, "properties": {"effluent_type": "Sanitary", "material": "blank", "geo_point_2d": {"lon": -123.11267893988612, "lat": 49.25531465002443}}}, {"type": "Feature", "geometry": {"coordinates": [[-123.11567070417641, 49.255067405821464], [-123.11601160224032, 49.25517041010042]], "type": "LineString"}, "properties": {"effluent_type": "Sanitary", "material": "blank", "geo_point_2d": {"lon": -123.11584115320836, "lat": 49.25511890796094}}}, {"type": "Feature", "geometry": {"coordinates": [[-123.12833522883238, 49.24817430376233], [-123.12829606751076, 49.24817378055762]], "type": "LineString"}, "properties": {"effluent_type": "Storm", "material": "Concrete", "geo_point_2d": {"lon": -123.12831564817158, "lat": 49.248174042159974}}}, {"type": "Feature", "geometry": {"coordinates": [[-123.10636628978092, 49.24832451288616], [-123.10742277215016, 49.24834275818949]], "type": "LineString"}, "properties": {"effluent_type": "Storm", "material": "Concrete", "geo_point_2d": {"lon": -123.10689453096553, "lat": 49.24833363553782}}}, {"type": "Feature", "geometry": {"coordinates": [[-123.10633873460397, 49.24831545306993], [-123.10638313139276, 49.24831621277263]], "type": "LineString"}, "properties": {"effluent_type": "Sanitary", "material": "Polyvinyl Chloride", "geo_point_2d": {"lon": -123.10636093299837, "lat": 49.24831583292127}}}, {"type": "Feature", "geometry": {"coordinates": [[-123.11861571951123, 49.24430582990723], [-123.1195906426541, 49.2443223385465]], "type": "LineString"}, "properties": {"effluent_type": "Storm", "material": "Polyvinyl Chloride", "geo_point_2d": {"lon": -123.11910318108266, "lat": 49.24431408422687}}}, {"type": "Feature", "geometry": {"coordinates": [[-123.11790984377276, 49.244100813429995], [-123.1182137840532, 49.24422807327562]], "type": "LineString"}, "properties": {"effluent_type": "Storm", "material": "Polyvinyl Chloride", "geo_point_2d": {"lon": -123.11806181391299, "lat": 49.24416444335281}}}, {"type": "Feature", "geometry": {"coordinates": [[-123.1184144763968, 49.24956701508401], [-123.11841233293144, 49.24966472345204]], "type": "LineString"}, "properties": {"effluent_type": "Sanitary", "material": "Polyvinyl Chloride", "geo_point_2d": {"lon": -123.11841340466411, "lat": 49.24961586926803}}}, {"type": "Feature", "geometry": {"coordinates": [[-123.11438486715956, 49.247239538292284], [-123.11435577031327, 49.247919777501416]], "type": "LineString"}, "properties": {"effluent_type": "Storm", "material": "Polyvinyl Chloride", "geo_point_2d": {"lon": -123.11437031873639, "lat": 49.24757965789685}}}, {"type": "Feature", "geometry": {"coordinates": [[-123.11007087537963, 49.24887495103734], [-123.11006630519425, 49.248871204380826], [-123.10981111546924, 49.24886474577102]], "type": "LineString"}, "properties": {"effluent_type": "Storm", "material": "Polyvinyl Chloride", "geo_point_2d": {"lon": -123.10994164908118, "lat": 49.24886809053146}}}, {"type": "Feature", "geometry": {"coordinates": [[-123.11439311156187, 49.24723969204351], [-123.11437018243494, 49.24791321470694]], "type": "LineString"}, "properties": {"effluent_type": "Sanitary", "material": "Polyvinyl Chloride", "geo_point_2d": {"lon": -123.1143816469984, "lat": 49.247576453375224}}}, {"type": "Feature", "geometry": {"coordinates": [[-123.11241134564376, 49.24745452744853], [-123.11230519691512, 49.247445752388906]], "type": "LineString"}, "properties": {"effluent_type": "Storm", "material": "Vitrified Clay", "geo_point_2d": {"lon": -123.11235827127945, "lat": 49.24745013991872}}}, {"type": "Feature", "geometry": {"coordinates": [[-123.11228847177907, 49.24779567414661], [-123.11224376383164, 49.2477968959664], [-123.11224396486713, 49.247885579752634]], "type": "LineString"}, "properties": {"effluent_type": "Combined", "material": "Vitrified Clay", "geo_point_2d": {"lon": -123.1122513247185, "lat": 49.24782616763832}}}, {"type": "Feature", "geometry": {"coordinates": [[-123.12046914683181, 49.248072978052065], [-123.12067429725306, 49.24807609218637], [-123.12068886270825, 49.2480369297264]], "type": "LineString"}, "properties": {"effluent_type": "Storm", "material": "Concrete", "geo_point_2d": {"lon": -123.12059030919639, "lat": 49.24807148556363}}}, {"type": "Feature", "geometry": {"coordinates": [[-123.11954358733031, 49.24806792165501], [-123.1204104811059, 49.24807519806581]], "type": "LineString"}, "properties": {"effluent_type": "Combined", "material": "Concrete", "geo_point_2d": {"lon": -123.11997703421811, "lat": 49.248071559860406}}}, {"type": "Feature", "geometry": {"coordinates": [[-123.11841449702177, 49.24956989353598], [-123.11840092878714, 49.25005573071705]], "type": "LineString"}, "properties": {"effluent_type": "Sanitary", "material": "Polyvinyl Chloride", "geo_point_2d": {"lon": -123.11840771290446, "lat": 49.249812812126514}}}, {"type": "Feature", "geometry": {"coordinates": [[-123.11843525355523, 49.24894712356212], [-123.11842463174605, 49.24909633831965]], "type": "LineString"}, "properties": {"effluent_type": "Sanitary", "material": "Polyvinyl Chloride", "geo_point_2d": {"lon": -123.11842994265064, "lat": 49.24902173094088}}}, {"type": "Feature", "geometry": {"coordinates": [[-123.11841971020215, 49.24895744802804], [-123.11841141370829, 49.249090765830566]], "type": "LineString"}, "properties": {"effluent_type": "Storm", "material": "Concrete", "geo_point_2d": {"lon": -123.1184155619552, "lat": 49.2490241069293}}}, {"type": "Feature", "geometry": {"coordinates": [[-123.11841196227654, 49.24909032450207], [-123.1184071920178, 49.24919854199792]], "type": "LineString"}, "properties": {"effluent_type": "Storm", "material": "Concrete", "geo_point_2d": {"lon": -123.11840957714716, "lat": 49.249144433249995}}}, {"type": "Feature", "geometry": {"coordinates": [[-123.11843057810206, 49.24887091177519], [-123.11842855660238, 49.24895639551353]], "type": "LineString"}, "properties": {"effluent_type": "Storm", "material": "Vitrified Clay", "geo_point_2d": {"lon": -123.11842956735222, "lat": 49.248913653644365}}}, {"type": "Feature", "geometry": {"coordinates": [[-123.11924151033216, 49.24239215938316], [-123.11920598008412, 49.24331032210871]], "type": "LineString"}, "properties": {"effluent_type": "Combined", "material": "Vitrified Clay", "geo_point_2d": {"lon": -123.11922374520813, "lat": 49.242851240745935}}}, {"type": "Feature", "geometry": {"coordinates": [[-123.10687921401619, 49.24576362770323], [-123.10697909908296, 49.24585158959834]], "type": "LineString"}, "properties": {"effluent_type": "Combined", "material": "Vitrified Clay", "geo_point_2d": {"lon": -123.10692915654955, "lat": 49.24580760865078}}}, {"type": "Feature", "geometry": {"coordinates": [[-123.10673102638819, 49.24405913163849], [-123.1067078898488, 49.24422503416635]], "type": "LineString"}, "properties": {"effluent_type": "Sanitary", "material": "Concrete", "geo_point_2d": {"lon": -123.1067194581185, "lat": 49.244142082902414}}}, {"type": "Feature", "geometry": {"coordinates": [[-123.1080479436242, 49.24228407354566], [-123.10900753114674, 49.24311776834709]], "type": "LineString"}, "properties": {"effluent_type": "Combined", "material": "Vitrified Clay", "geo_point_2d": {"lon": -123.10852773738547, "lat": 49.242700920946376}}}, {"type": "Feature", "geometry": {"coordinates": [[-123.11812252985749, 49.25696865513945], [-123.11900757067399, 49.25698822900876]], "type": "LineString"}, "properties": {"effluent_type": "Sanitary", "material": "Vitrified Clay", "geo_point_2d": {"lon": -123.11856505026573, "lat": 49.25697844207411}}}, {"type": "Feature", "geometry": {"coordinates": [[-123.1206769540331, 49.25615080571225], [-123.12206651465067, 49.25618269124017]], "type": "LineString"}, "properties": {"effluent_type": "Storm", "material": "Polyvinyl Chloride", "geo_point_2d": {"lon": -123.12137173434189, "lat": 49.25616674847621}}}, {"type": "Feature", "geometry": {"coordinates": [[-123.1268462311979, 49.24908138109175], [-123.12686499638959, 49.248629179269045]], "type": "LineString"}, "properties": {"effluent_type": "Combined", "material": "Vitrified Clay", "geo_point_2d": {"lon": -123.12685561379374, "lat": 49.2488552801804}}}, {"type": "Feature", "geometry": {"coordinates": [[-123.11296090978927, 49.251561923297295], [-123.11378711276093, 49.25157763676422]], "type": "LineString"}, "properties": {"effluent_type": "Sanitary", "material": "Polyvinyl Chloride", "geo_point_2d": {"lon": -123.1133740112751, "lat": 49.251569780030756}}}, {"type": "Feature", "geometry": {"coordinates": [[-123.10470212882129, 49.25186163402609], [-123.10491553993806, 49.251865308371734]], "type": "LineString"}, "properties": {"effluent_type": "Storm", "material": "Vitrified Clay", "geo_point_2d": {"lon": -123.10480883437967, "lat": 49.25186347119892}}}, {"type": "Feature", "geometry": {"coordinates": [[-123.12465794921252, 49.25016871347325], [-123.12461971366636, 49.25117532063189]], "type": "LineString"}, "properties": {"effluent_type": "Storm", "material": "Concrete", "geo_point_2d": {"lon": -123.12463883143944, "lat": 49.250672017052565}}}, {"type": "Feature", "geometry": {"coordinates": [[-123.1184421317002, 49.24904806097511], [-123.11841139887059, 49.24909030708907]], "type": "LineString"}, "properties": {"effluent_type": "Storm", "material": "Concrete", "geo_point_2d": {"lon": -123.11842676528539, "lat": 49.249069184032095}}}, {"type": "Feature", "geometry": {"coordinates": [[-123.11603349616738, 49.25535907183782], [-123.11601497889208, 49.256024808586496]], "type": "LineString"}, "properties": {"effluent_type": "Sanitary", "material": "Vitrified Clay", "geo_point_2d": {"lon": -123.11602423752974, "lat": 49.25569194021216}}}, {"type": "Feature", "geometry": {"coordinates": [[-123.1160258216643, 49.255362254857545], [-123.11600120403344, 49.25602860040932]], "type": "LineString"}, "properties": {"effluent_type": "Storm", "material": "Vitrified Clay", "geo_point_2d": {"lon": -123.11601351284887, "lat": 49.25569542763343}}}, {"type": "Feature", "geometry": {"coordinates": [[-123.11601919907879, 49.25602533506661], [-123.11687243786503, 49.25603999186044]], "type": "LineString"}, "properties": {"effluent_type": "Sanitary", "material": "Vitrified Clay", "geo_point_2d": {"lon": -123.1164458184719, "lat": 49.25603266346353}}}, {"type": "Feature", "geometry": {"coordinates": [[-123.11219744841522, 49.248871466170925], [-123.11142706880615, 49.2488579273253]], "type": "LineString"}, "properties": {"effluent_type": "Combined", "material": "Vitrified Clay", "geo_point_2d": {"lon": -123.11181225861068, "lat": 49.248864696748115}}}, {"type": "Feature", "geometry": {"coordinates": [[-123.12680808989184, 49.25042899816112], [-123.1267903450667, 49.2508401085165]], "type": "LineString"}, "properties": {"effluent_type": "Combined", "material": "Vitrified Clay", "geo_point_2d": {"lon": -123.12679921747926, "lat": 49.25063455333881}}}, {"type": "Feature", "geometry": {"coordinates": [[-123.10747327176159, 49.24831281107882], [-123.10747155748335, 49.24834596909106]], "type": "LineString"}, "properties": {"effluent_type": "Combined", "material": "Polyvinyl Chloride", "geo_point_2d": {"lon": -123.10747241462246, "lat": 49.24832939008494}}}, {"type": "Feature", "geometry": {"coordinates": [[-123.10747009786121, 49.24836984378897], [-123.10747155748335, 49.24834596909106]], "type": "LineString"}, "properties": {"effluent_type": "Storm", "material": "Polyvinyl Chloride", "geo_point_2d": {"lon": -123.10747082767227, "lat": 49.24835790644002}}}, {"type": "Feature", "geometry": {"coordinates": [[-123.12016184740826, 49.25474906884681], [-123.12014898149016, 49.2552120032398]], "type": "LineString"}, "properties": {"effluent_type": "Storm", "material": "VIT", "geo_point_2d": {"lon": -123.12015541444921, "lat": 49.254980536043306}}}, {"type": "Feature", "geometry": {"coordinates": [[-123.11003290746697, 49.25526040901706], [-123.11199444059554, 49.25530196216908]], "type": "LineString"}, "properties": {"effluent_type": "Storm", "material": "Polyvinyl Chloride", "geo_point_2d": {"lon": -123.11101367403126, "lat": 49.25528118559307}}}, {"type": "Feature", "geometry": {"coordinates": [[-123.11199444059554, 49.25530196216908], [-123.11259364009175, 49.25531109461789]], "type": "LineString"}, "properties": {"effluent_type": "Storm", "material": "Polyvinyl Chloride", "geo_point_2d": {"lon": -123.11229404034363, "lat": 49.25530652839348}}}, {"type": "Feature", "geometry": {"coordinates": [[-123.11815776380979, 49.25606371821005], [-123.11906787473342, 49.256080135638555]], "type": "LineString"}, "properties": {"effluent_type": "Sanitary", "material": "Vitrified Clay", "geo_point_2d": {"lon": -123.1186128192716, "lat": 49.25607192692431}}}, {"type": "Feature", "geometry": {"coordinates": [[-123.1084117451359, 49.255230665216885], [-123.10717337014803, 49.255210825756706]], "type": "LineString"}, "properties": {"effluent_type": "Storm", "material": "Polyvinyl Chloride", "geo_point_2d": {"lon": -123.10779255764197, "lat": 49.255220745486795}}}, {"type": "Feature", "geometry": {"coordinates": [[-123.1247401706217, 49.25121422992013], [-123.12463862824328, 49.251210741419584]], "type": "LineString"}, "properties": {"effluent_type": "Sanitary", "material": "Concrete", "geo_point_2d": {"lon": -123.1246893994325, "lat": 49.25121248566985}}}, {"type": "Feature", "geometry": {"coordinates": [[-123.10794666751458, 49.24324471578607], [-123.10761998589167, 49.243328559341194]], "type": "LineString"}, "properties": {"effluent_type": "Storm", "material": "Concrete", "geo_point_2d": {"lon": -123.10778332670313, "lat": 49.24328663756362}}}, {"type": "Feature", "geometry": {"coordinates": [[-123.12443346184622, 49.248095600057205], [-123.12231632917596, 49.2480633642181]], "type": "LineString"}, "properties": {"effluent_type": "Storm", "material": "Polyvinyl Chloride", "geo_point_2d": {"lon": -123.12337489551108, "lat": 49.248079482137655}}}, {"type": "Feature", "geometry": {"coordinates": [[-123.12441568258396, 49.248106818267786], [-123.12233580040235, 49.24806941538262], [-123.1223288195941, 49.24806355788374]], "type": "LineString"}, "properties": {"effluent_type": "Sanitary", "material": "Polyvinyl Chloride", "geo_point_2d": {"lon": -123.12337119050724, "lat": 49.248088022483884}}}, {"type": "Feature", "geometry": {"coordinates": [[-123.12048880267966, 49.24275106163748], [-123.12047681635556, 49.24311001115887]], "type": "LineString"}, "properties": {"effluent_type": "Storm", "material": "Vitrified Clay", "geo_point_2d": {"lon": -123.12048280951761, "lat": 49.242930536398184}}}, {"type": "Feature", "geometry": {"coordinates": [[-123.10736040214594, 49.250914407898165], [-123.10735627560794, 49.25100752131514]], "type": "LineString"}, "properties": {"effluent_type": "Storm", "material": "Vitrified Clay", "geo_point_2d": {"lon": -123.10735833887694, "lat": 49.25096096460665}}}, {"type": "Feature", "geometry": {"coordinates": [[-123.12777718703911, 49.25177674665111], [-123.12751402591253, 49.251760450205616]], "type": "LineString"}, "properties": {"effluent_type": "Combined", "material": "Polyvinyl Chloride", "geo_point_2d": {"lon": -123.12764560647581, "lat": 49.25176859842836}}}, {"type": "Feature", "geometry": {"coordinates": [[-123.11823562889089, 49.2547346308716], [-123.11823338213748, 49.255077009239656]], "type": "LineString"}, "properties": {"effluent_type": "Sanitary", "material": "Polyvinyl Chloride", "geo_point_2d": {"lon": -123.11823450551418, "lat": 49.254905820055626}}}, {"type": "Feature", "geometry": {"coordinates": [[-123.11823130856767, 49.254300885748584], [-123.11820737938613, 49.25507600139641]], "type": "LineString"}, "properties": {"effluent_type": "Storm", "material": "Concrete", "geo_point_2d": {"lon": -123.11821934397692, "lat": 49.2546884435725}}}, {"type": "Feature", "geometry": {"coordinates": [[-123.11145017638772, 49.25434375993681], [-123.11252310897375, 49.254359496043115]], "type": "LineString"}, "properties": {"effluent_type": "Storm", "material": "Polyvinyl Chloride", "geo_point_2d": {"lon": -123.11198664268072, "lat": 49.25435162798996}}}, {"type": "Feature", "geometry": {"coordinates": [[-123.10793095259726, 49.24321432656439], [-123.107947351599, 49.24324340184215]], "type": "LineString"}, "properties": {"effluent_type": "Storm", "material": "Polyvinyl Chloride", "geo_point_2d": {"lon": -123.10793915209814, "lat": 49.243228864203274}}}, {"type": "Feature", "geometry": {"coordinates": [[-123.11143205026465, 49.254349705271096], [-123.11250372629638, 49.2543627352079]], "type": "LineString"}, "properties": {"effluent_type": "Sanitary", "material": "Polyvinyl Chloride", "geo_point_2d": {"lon": -123.11196788828053, "lat": 49.2543562202395}}}, {"type": "Feature", "geometry": {"coordinates": [[-123.11606112339612, 49.25255951526751], [-123.11607733092906, 49.252456683576995]], "type": "LineString"}, "properties": {"effluent_type": "Sanitary", "material": "Polyvinyl Chloride", "geo_point_2d": {"lon": -123.1160692271626, "lat": 49.25250809942225}}}, {"type": "Feature", "geometry": {"coordinates": [[-123.11009116016773, 49.25432075782498], [-123.11143205026465, 49.254349705271096]], "type": "LineString"}, "properties": {"effluent_type": "Sanitary", "material": "Polyvinyl Chloride", "geo_point_2d": {"lon": -123.1107616052162, "lat": 49.25433523154804}}}, {"type": "Feature", "geometry": {"coordinates": [[-123.10441406037906, 49.248235019154926], [-123.10439143143745, 49.24883527327719]], "type": "LineString"}, "properties": {"effluent_type": "Combined", "material": "Vitrified Clay", "geo_point_2d": {"lon": -123.10440274590826, "lat": 49.24853514621606}}}, {"type": "Feature", "geometry": {"coordinates": [[-123.1077786868943, 49.246555218164985], [-123.10790451510326, 49.24655444405872]], "type": "LineString"}, "properties": {"effluent_type": "Combined", "material": "Vitrified Clay", "geo_point_2d": {"lon": -123.10784160099878, "lat": 49.24655483111185}}}, {"type": "Feature", "geometry": {"coordinates": [[-123.11228355058192, 49.2468797664473], [-123.11228033520185, 49.24697055845234]], "type": "LineString"}, "properties": {"effluent_type": "Storm", "material": "Vitrified Clay", "geo_point_2d": {"lon": -123.11228194289188, "lat": 49.24692516244983}}}, {"type": "Feature", "geometry": {"coordinates": [[-123.11924959230144, 49.24218824694252], [-123.12055635819209, 49.24223251454193]], "type": "LineString"}, "properties": {"effluent_type": "Combined", "material": "Concrete", "geo_point_2d": {"lon": -123.11990297524675, "lat": 49.24221038074222}}}, {"type": "Feature", "geometry": {"coordinates": [[-123.10624310908122, 49.246455471125294], [-123.10622139214705, 49.246874498018954]], "type": "LineString"}, "properties": {"effluent_type": "Storm", "material": "Vitrified Clay", "geo_point_2d": {"lon": -123.10623225061414, "lat": 49.24666498457212}}}, {"type": "Feature", "geometry": {"coordinates": [[-123.1248463278226, 49.25005615066914], [-123.12465794921252, 49.25016871347325]], "type": "LineString"}, "properties": {"effluent_type": "Combined", "material": "Concrete", "geo_point_2d": {"lon": -123.12475213851755, "lat": 49.25011243207119}}}, {"type": "Feature", "geometry": {"coordinates": [[-123.12284903853276, 49.24964626528147], [-123.12356083896441, 49.24965818048504]], "type": "LineString"}, "properties": {"effluent_type": "Combined", "material": "Vitrified Clay", "geo_point_2d": {"lon": -123.12320493874859, "lat": 49.249652222883256}}}, {"type": "Feature", "geometry": {"coordinates": [[-123.10638262252994, 49.2460776329039], [-123.10637196316928, 49.24606609283911]], "type": "LineString"}, "properties": {"effluent_type": "Combined", "material": "Vitrified Clay", "geo_point_2d": {"lon": -123.1063772928496, "lat": 49.2460718628715}}}, {"type": "Feature", "geometry": {"coordinates": [[-123.11264282671057, 49.254116589376395], [-123.1126318132843, 49.254355504186115], [-123.11259352222179, 49.25531364937501]], "type": "LineString"}, "properties": {"effluent_type": "Combined", "material": "blank", "geo_point_2d": {"lon": -123.11261758900044, "lat": 49.25471509418293}}}, {"type": "Feature", "geometry": {"coordinates": [[-123.11442955793275, 49.25546524097746], [-123.11440542021884, 49.25602152020746]], "type": "LineString"}, "properties": {"effluent_type": "Combined", "material": "Vitrified Clay", "geo_point_2d": {"lon": -123.1144174890758, "lat": 49.25574338059246}}}, {"type": "Feature", "geometry": {"coordinates": [[-123.11259352222179, 49.25531364937501], [-123.11254356167018, 49.25630175983398], [-123.11253040378816, 49.256595232624626]], "type": "LineString"}, "properties": {"effluent_type": "Combined", "material": "blank", "geo_point_2d": {"lon": -123.11256131664442, "lat": 49.2559544101697}}}, {"type": "Feature", "geometry": {"coordinates": [[-123.12830854203824, 49.24818903161139], [-123.12754993805639, 49.248173167479884]], "type": "LineString"}, "properties": {"effluent_type": "Sanitary", "material": "Concrete", "geo_point_2d": {"lon": -123.12792924004731, "lat": 49.248181099545626}}}, {"type": "Feature", "geometry": {"coordinates": [[-123.10478654253552, 49.25141391913606], [-123.10506132902404, 49.251421801266275]], "type": "LineString"}, "properties": {"effluent_type": "Combined", "material": "Vitrified Clay", "geo_point_2d": {"lon": -123.10492393577977, "lat": 49.25141786020117}}}, {"type": "Feature", "geometry": {"coordinates": [[-123.11246645421957, 49.25155448089235], [-123.1100391187411, 49.251507686376414], [-123.11003220664068, 49.25150757602168]], "type": "LineString"}, "properties": {"effluent_type": "Sanitary", "material": "Polyvinyl Chloride", "geo_point_2d": {"lon": -123.11124933063122, "lat": 49.25153101704454}}}, {"type": "Feature", "geometry": {"coordinates": [[-123.11529665147144, 49.253679835122895], [-123.11528085241667, 49.2540356568802]], "type": "LineString"}, "properties": {"effluent_type": "Storm", "material": "Polyvinyl Chloride", "geo_point_2d": {"lon": -123.11528875194406, "lat": 49.25385774600154}}}, {"type": "Feature", "geometry": {"coordinates": [[-123.1151238254334, 49.25349306875905], [-123.11510472313596, 49.25396537291883]], "type": "LineString"}, "properties": {"effluent_type": "Storm", "material": "Concrete", "geo_point_2d": {"lon": -123.11511427428468, "lat": 49.253729220838935}}}, {"type": "Feature", "geometry": {"coordinates": [[-123.12829203222114, 49.248175467146915], [-123.12755169424089, 49.24816149872621]], "type": "LineString"}, "properties": {"effluent_type": "Storm", "material": "Concrete", "geo_point_2d": {"lon": -123.12792186323102, "lat": 49.24816848293656}}}, {"type": "Feature", "geometry": {"coordinates": [[-123.10986821875953, 49.247532335967364], [-123.10980849216875, 49.247619925346086]], "type": "LineString"}, "properties": {"effluent_type": "Storm", "material": "Vitrified Clay", "geo_point_2d": {"lon": -123.10983835546415, "lat": 49.247576130656725}}}, {"type": "Feature", "geometry": {"coordinates": [[-123.11818382374426, 49.25520203952817], [-123.11814141815867, 49.25598068207412]], "type": "LineString"}, "properties": {"effluent_type": "Storm", "material": "Concrete", "geo_point_2d": {"lon": -123.11816262095147, "lat": 49.255591360801155}}}, {"type": "Feature", "geometry": {"coordinates": [[-123.12044015148379, 49.244343314472026], [-123.12040590357861, 49.24519825740945]], "type": "LineString"}, "properties": {"effluent_type": "Combined", "material": "Concrete", "geo_point_2d": {"lon": -123.1204230275312, "lat": 49.244770785940744}}}, {"type": "Feature", "geometry": {"coordinates": [[-123.10315345947654, 49.24953808502252], [-123.1048728567117, 49.24956120196923]], "type": "LineString"}, "properties": {"effluent_type": "Storm", "material": "Polyvinyl Chloride", "geo_point_2d": {"lon": -123.10401315809412, "lat": 49.249549643495875}}}, {"type": "Feature", "geometry": {"coordinates": [[-123.10795638236388, 49.24323275203714], [-123.10636178742394, 49.24364422504861]], "type": "LineString"}, "properties": {"effluent_type": "Sanitary", "material": "Vitrified Clay", "geo_point_2d": {"lon": -123.10715908489391, "lat": 49.24343848854288}}}, {"type": "Feature", "geometry": {"coordinates": [[-123.11171064488717, 49.24695127622437], [-123.11067311334854, 49.24683591246778]], "type": "LineString"}, "properties": {"effluent_type": "Combined", "material": "Vitrified Clay", "geo_point_2d": {"lon": -123.11119187911785, "lat": 49.246893594346076}}}, {"type": "Feature", "geometry": {"coordinates": [[-123.10742817478953, 49.25279591197234], [-123.10728100124305, 49.25279554499397]], "type": "LineString"}, "properties": {"effluent_type": "Storm", "material": "Vitrified Clay", "geo_point_2d": {"lon": -123.10735458801629, "lat": 49.25279572848316}}}, {"type": "Feature", "geometry": {"coordinates": [[-123.1071178626936, 49.25279010133506], [-123.10728100124305, 49.25279554499397]], "type": "LineString"}, "properties": {"effluent_type": "Storm", "material": "Vitrified Clay", "geo_point_2d": {"lon": -123.10719943196833, "lat": 49.25279282316451}}}, {"type": "Feature", "geometry": {"coordinates": [[-123.10988030712943, 49.253648125000446], [-123.1098795125682, 49.25366161858868], [-123.10988022960842, 49.25367511073927], [-123.10988259547005, 49.25368851136947], [-123.10988647253636, 49.253701730657816], [-123.10989186080847, 49.253714768604205], [-123.10989875988815, 49.25372744530434], [-123.10990703235788, 49.253739760888685], [-123.10991681563706, 49.25375171522619], [-123.10992783429015, 49.25376303872194], [-123.10994008851729, 49.253773821327606], [-123.10995371553786, 49.25378397295997], [-123.1099684405147, 49.25379349388015], [-123.10998412562955, 49.253802204314475], [-123.11000077088212, 49.25381010426259], [-123.11001837607216, 49.25381710377206], [-123.1100366665615, 49.253823293056236], [-123.11005564212955, 49.253828573167546], [-123.11007516519668, 49.25383287227497], [-123.11009523574187, 49.25383618138303], [-123.11011544150757, 49.253838500884356], [-123.1101359197113, 49.2538397406959], [-123.11015653333328, 49.253840080852534], [-123.11063807093021, 49.25384950647542]], "type": "LineString"}, "properties": {"effluent_type": "Combined", "material": "blank", "geo_point_2d": {"lon": -123.11021800572043, "lat": 49.25381599066285}}}, {"type": "Feature", "geometry": {"coordinates": [[-123.11606541389801, 49.25335212503947], [-123.1182624163756, 49.25339027660334]], "type": "LineString"}, "properties": {"effluent_type": "Storm", "material": "Concrete", "geo_point_2d": {"lon": -123.1171639151368, "lat": 49.253371200821405}}}, {"type": "Feature", "geometry": {"coordinates": [[-123.12300043242341, 49.24668087130502], [-123.12236824595071, 49.24667022663566]], "type": "LineString"}, "properties": {"effluent_type": "Combined", "material": "Vitrified Clay", "geo_point_2d": {"lon": -123.12268433918706, "lat": 49.24667554897034}}}, {"type": "Feature", "geometry": {"coordinates": [[-123.11148198102251, 49.24602849624433], [-123.110685796163, 49.24584050580274]], "type": "LineString"}, "properties": {"effluent_type": "Combined", "material": "Vitrified Clay", "geo_point_2d": {"lon": -123.11108388859276, "lat": 49.245934501023534}}}, {"type": "Feature", "geometry": {"coordinates": [[-123.11235910075082, 49.24510899921129], [-123.11252645508169, 49.2451122455222]], "type": "LineString"}, "properties": {"effluent_type": "Storm", "material": "Vitrified Clay", "geo_point_2d": {"lon": -123.11244277791626, "lat": 49.245110622366745}}}, {"type": "Feature", "geometry": {"coordinates": [[-123.12122343575577, 49.2461651188216], [-123.1223867354856, 49.24618480625469]], "type": "LineString"}, "properties": {"effluent_type": "Combined", "material": "Vitrified Clay", "geo_point_2d": {"lon": -123.12180508562068, "lat": 49.24617496253815}}}, {"type": "Feature", "geometry": {"coordinates": [[-123.12444013988069, 49.25162195624758], [-123.12393362361098, 49.251611625474965]], "type": "LineString"}, "properties": {"effluent_type": "Combined", "material": "Concrete", "geo_point_2d": {"lon": -123.12418688174583, "lat": 49.25161679086128}}}, {"type": "Feature", "geometry": {"coordinates": [[-123.12026909266591, 49.25158773007417], [-123.12023018957049, 49.25252638628076]], "type": "LineString"}, "properties": {"effluent_type": "Sanitary", "material": "Vitrified Clay", "geo_point_2d": {"lon": -123.12024964111819, "lat": 49.25205705817747}}}, {"type": "Feature", "geometry": {"coordinates": [[-123.11135668909571, 49.24484353989139], [-123.11061662027204, 49.245202378162425]], "type": "LineString"}, "properties": {"effluent_type": "Storm", "material": "Vitrified Clay", "geo_point_2d": {"lon": -123.11098665468387, "lat": 49.24502295902691}}}, {"type": "Feature", "geometry": {"coordinates": [[-123.12736635047098, 49.24543707403411], [-123.12732826579725, 49.24616967894352], [-123.12731523362437, 49.246177699064326]], "type": "LineString"}, "properties": {"effluent_type": "Combined", "material": "Concrete", "geo_point_2d": {"lon": -123.12734678589607, "lat": 49.24581094312498}}}, {"type": "Feature", "geometry": {"coordinates": [[-123.11224396486713, 49.247885579752634], [-123.11121834787839, 49.247865918586825]], "type": "LineString"}, "properties": {"effluent_type": "Combined", "material": "Vitrified Clay", "geo_point_2d": {"lon": -123.11173115637276, "lat": 49.24787574916973}}}, {"type": "Feature", "geometry": {"coordinates": [[-123.12461167449374, 49.24672003697474], [-123.12474564438868, 49.246722231156916]], "type": "LineString"}, "properties": {"effluent_type": "Combined", "material": "Vitrified Clay", "geo_point_2d": {"lon": -123.12467865944122, "lat": 49.24672113406583}}}, {"type": "Feature", "geometry": {"coordinates": [[-123.11597631019697, 49.2552927895132], [-123.1159813404635, 49.25516399990569]], "type": "LineString"}, "properties": {"effluent_type": "Combined", "material": "Vitrified Clay", "geo_point_2d": {"lon": -123.11597882533025, "lat": 49.25522839470945}}}, {"type": "Feature", "geometry": {"coordinates": [[-123.11582661548219, 49.24456180381166], [-123.11543457443084, 49.24521481853651]], "type": "LineString"}, "properties": {"effluent_type": "Storm", "material": "Polyvinyl Chloride", "geo_point_2d": {"lon": -123.11563059495651, "lat": 49.24488831117409}}}, {"type": "Feature", "geometry": {"coordinates": [[-123.10670280633953, 49.24422503886161], [-123.1073794092657, 49.24482075113061]], "type": "LineString"}, "properties": {"effluent_type": "Sanitary", "material": "Concrete", "geo_point_2d": {"lon": -123.10704110780262, "lat": 49.24452289499611}}}, {"type": "Feature", "geometry": {"coordinates": [[-123.10910757918255, 49.24283141843137], [-123.10898172278947, 49.243120995000695]], "type": "LineString"}, "properties": {"effluent_type": "Sanitary", "material": "Polyvinyl Chloride", "geo_point_2d": {"lon": -123.10904465098601, "lat": 49.24297620671604}}}, {"type": "Feature", "geometry": {"coordinates": [[-123.1183860720408, 49.24215818243573], [-123.11840959460609, 49.24215900388131]], "type": "LineString"}, "properties": {"effluent_type": "Storm", "material": "Vitrified Clay", "geo_point_2d": {"lon": -123.11839783332346, "lat": 49.24215859315852}}}, {"type": "Feature", "geometry": {"coordinates": [[-123.11857933013036, 49.245237818689766], [-123.12040264007018, 49.2452687384798]], "type": "LineString"}, "properties": {"effluent_type": "Combined", "material": "Vitrified Clay", "geo_point_2d": {"lon": -123.11949098510027, "lat": 49.245253278584784}}}, {"type": "Feature", "geometry": {"coordinates": [[-123.12740763329002, 49.248158671269586], [-123.12748758877933, 49.248206887458146]], "type": "LineString"}, "properties": {"effluent_type": "Combined", "material": "Concrete", "geo_point_2d": {"lon": -123.12744761103468, "lat": 49.248182779363866}}}, {"type": "Feature", "geometry": {"coordinates": [[-123.1170557378103, 49.25518082584893], [-123.11818381000201, 49.25520203954222]], "type": "LineString"}, "properties": {"effluent_type": "Storm", "material": "blank", "geo_point_2d": {"lon": -123.11761977390617, "lat": 49.255191432695575}}}, {"type": "Feature", "geometry": {"coordinates": [[-123.1261107485938, 49.248135825060366], [-123.12740763329002, 49.248158671269586]], "type": "LineString"}, "properties": {"effluent_type": "Storm", "material": "Polyvinyl Chloride", "geo_point_2d": {"lon": -123.1267591909419, "lat": 49.248147248164976}}}, {"type": "Feature", "geometry": {"coordinates": [[-123.11847575771601, 49.2542745851755], [-123.12012268801399, 49.25430972001653]], "type": "LineString"}, "properties": {"effluent_type": "Storm", "material": "Vitrified Clay", "geo_point_2d": {"lon": -123.11929922286501, "lat": 49.254292152596015}}}, {"type": "Feature", "geometry": {"coordinates": [[-123.12693433147207, 49.25263305866607], [-123.12672118663794, 49.25262798546438]], "type": "LineString"}, "properties": {"effluent_type": "Sanitary", "material": "Polyvinyl Chloride", "geo_point_2d": {"lon": -123.126827759055, "lat": 49.252630522065225}}}, {"type": "Feature", "geometry": {"coordinates": [[-123.12282856969473, 49.25340898093649], [-123.12216714306928, 49.25339511896302]], "type": "LineString"}, "properties": {"effluent_type": "Storm", "material": "Vitrified Clay", "geo_point_2d": {"lon": -123.12249785638201, "lat": 49.253402049949756}}}, {"type": "Feature", "geometry": {"coordinates": [[-123.12283103788394, 49.253356985924995], [-123.12282856969473, 49.25340898093649]], "type": "LineString"}, "properties": {"effluent_type": "Storm", "material": "blank", "geo_point_2d": {"lon": -123.12282980378933, "lat": 49.25338298343074}}}, {"type": "Feature", "geometry": {"coordinates": [[-123.10393438228118, 49.25098965549712], [-123.10430150973549, 49.25099902149618]], "type": "LineString"}, "properties": {"effluent_type": "Combined", "material": "Vitrified Clay", "geo_point_2d": {"lon": -123.10411794600833, "lat": 49.25099433849665}}}, {"type": "Feature", "geometry": {"coordinates": [[-123.11638386084765, 49.25377087409955], [-123.11605557358736, 49.253767795144434]], "type": "LineString"}, "properties": {"effluent_type": "Storm", "material": "Vitrified Clay", "geo_point_2d": {"lon": -123.11621971721749, "lat": 49.25376933462199}}}, {"type": "Feature", "geometry": {"coordinates": [[-123.11114020876306, 49.25338802840486], [-123.1127871498498, 49.2534190310497]], "type": "LineString"}, "properties": {"effluent_type": "Storm", "material": "Polyvinyl Chloride", "geo_point_2d": {"lon": -123.11196367930643, "lat": 49.25340352972729}}}, {"type": "Feature", "geometry": {"coordinates": [[-123.1127871498498, 49.2534190310497], [-123.11451220041327, 49.2534496000025]], "type": "LineString"}, "properties": {"effluent_type": "Storm", "material": "Concrete", "geo_point_2d": {"lon": -123.11364967513153, "lat": 49.2534343155261}}}, {"type": "Feature", "geometry": {"coordinates": [[-123.11267151169024, 49.25630460354912], [-123.11254238251243, 49.25632712749641]], "type": "LineString"}, "properties": {"effluent_type": "Combined", "material": "Vitrified Clay", "geo_point_2d": {"lon": -123.11260694710136, "lat": 49.256315865522765}}}, {"type": "Feature", "geometry": {"coordinates": [[-123.11821220919312, 49.24522018645837], [-123.11664980031705, 49.245194393088966]], "type": "LineString"}, "properties": {"effluent_type": "Combined", "material": "Vitrified Clay", "geo_point_2d": {"lon": -123.11743100475508, "lat": 49.24520728977366}}}, {"type": "Feature", "geometry": {"coordinates": [[-123.12015774946067, 49.246147549010765], [-123.12122343575577, 49.2461651188216]], "type": "LineString"}, "properties": {"effluent_type": "Combined", "material": "Vitrified Clay", "geo_point_2d": {"lon": -123.12069059260823, "lat": 49.24615633391618}}}, {"type": "Feature", "geometry": {"coordinates": [[-123.1184924009812, 49.254269539778775], [-123.12014481767578, 49.25430610791276]], "type": "LineString"}, "properties": {"effluent_type": "Sanitary", "material": "Vitrified Clay", "geo_point_2d": {"lon": -123.11931860932847, "lat": 49.25428782384577}}}, {"type": "Feature", "geometry": {"coordinates": [[-123.12113446599783, 49.2543348217351], [-123.1220842684939, 49.254354412056735]], "type": "LineString"}, "properties": {"effluent_type": "Storm", "material": "Concrete", "geo_point_2d": {"lon": -123.12160936724587, "lat": 49.25434461689592}}}, {"type": "Feature", "geometry": {"coordinates": [[-123.11931628849958, 49.24613215773124], [-123.12015774946067, 49.246147549010765]], "type": "LineString"}, "properties": {"effluent_type": "Combined", "material": "Vitrified Clay", "geo_point_2d": {"lon": -123.11973701898013, "lat": 49.246139853371005}}}, {"type": "Feature", "geometry": {"coordinates": [[-123.12612887409043, 49.248131217705755], [-123.12738906005404, 49.24814942666254], [-123.12740763329002, 49.248158671269586]], "type": "LineString"}, "properties": {"effluent_type": "Sanitary", "material": "Polyvinyl Chloride", "geo_point_2d": {"lon": -123.12676932178465, "lat": 49.24814054448852}}}, {"type": "Feature", "geometry": {"coordinates": [[-123.11228033520185, 49.24697055845234], [-123.11171064488717, 49.24695127622437]], "type": "LineString"}, "properties": {"effluent_type": "Combined", "material": "Vitrified Clay", "geo_point_2d": {"lon": -123.1119954900445, "lat": 49.246960917338356}}}, {"type": "Feature", "geometry": {"coordinates": [[-123.12037340257501, 49.24897654977722], [-123.1194020545027, 49.24895931542417]], "type": "LineString"}, "properties": {"effluent_type": "Combined", "material": "Vitrified Clay", "geo_point_2d": {"lon": -123.11988772853886, "lat": 49.24896793260069}}}, {"type": "Feature", "geometry": {"coordinates": [[-123.11710551268216, 49.244636749167526], [-123.11678352526154, 49.24503636462299]], "type": "LineString"}, "properties": {"effluent_type": "Storm", "material": "Polyvinyl Chloride", "geo_point_2d": {"lon": -123.11694451897183, "lat": 49.24483655689526}}}, {"type": "Feature", "geometry": {"coordinates": [[-123.11710126168482, 49.244651838487464], [-123.11678016011034, 49.2450484486259]], "type": "LineString"}, "properties": {"effluent_type": "Sanitary", "material": "Polyvinyl Chloride", "geo_point_2d": {"lon": -123.11694071089758, "lat": 49.24485014355668}}}, {"type": "Feature", "geometry": {"coordinates": [[-123.11112216136472, 49.25339217457143], [-123.11002066581193, 49.25336958930644], [-123.11001268320311, 49.25336401987009]], "type": "LineString"}, "properties": {"effluent_type": "Sanitary", "material": "Polyvinyl Chloride", "geo_point_2d": {"lon": -123.11056655552778, "lat": 49.25338075865824}}}, {"type": "Feature", "geometry": {"coordinates": [[-123.12443973656379, 49.24914893476335], [-123.12209317737535, 49.24911836296333]], "type": "LineString"}, "properties": {"effluent_type": "Combined", "material": "Concrete", "geo_point_2d": {"lon": -123.12326645696956, "lat": 49.249133648863335}}}, {"type": "Feature", "geometry": {"coordinates": [[-123.12447014115614, 49.25352009611766], [-123.12441275720775, 49.25348804498078]], "type": "LineString"}, "properties": {"effluent_type": "Combined", "material": "Vitrified Clay", "geo_point_2d": {"lon": -123.12444144918196, "lat": 49.25350407054922}}}, {"type": "Feature", "geometry": {"coordinates": [[-123.11696684443265, 49.24954727901525], [-123.11738967245586, 49.24955249017052]], "type": "LineString"}, "properties": {"effluent_type": "Combined", "material": "Vitrified Clay", "geo_point_2d": {"lon": -123.11717825844426, "lat": 49.24954988459289}}}, {"type": "Feature", "geometry": {"coordinates": [[-123.12037478335978, 49.246108148835226], [-123.12163265280253, 49.24613365515559]], "type": "LineString"}, "properties": {"effluent_type": "Combined", "material": "Concrete", "geo_point_2d": {"lon": -123.12100371808116, "lat": 49.24612090199541}}}, {"type": "Feature", "geometry": {"coordinates": [[-123.1095365611322, 49.254309402274615], [-123.10817617219519, 49.254279947356096]], "type": "LineString"}, "properties": {"effluent_type": "Sanitary", "material": "Polyvinyl Chloride", "geo_point_2d": {"lon": -123.10885636666369, "lat": 49.254294674815355}}}, {"type": "Feature", "geometry": {"coordinates": [[-123.118262332585, 49.25390167305643], [-123.11824807595545, 49.254284506281465]], "type": "LineString"}, "properties": {"effluent_type": "Sanitary", "material": "Polyvinyl Chloride", "geo_point_2d": {"lon": -123.11825520427024, "lat": 49.25409308966895}}}, {"type": "Feature", "geometry": {"coordinates": [[-123.1244207828544, 49.25529250470546], [-123.12287416087639, 49.25526201999793]], "type": "LineString"}, "properties": {"effluent_type": "Storm", "material": "Concrete", "geo_point_2d": {"lon": -123.1236474718654, "lat": 49.2552772623517}}}, {"type": "Feature", "geometry": {"coordinates": [[-123.12045043070947, 49.24711200998011], [-123.1204104811059, 49.24807519806581]], "type": "LineString"}, "properties": {"effluent_type": "Combined", "material": "Concrete", "geo_point_2d": {"lon": -123.1204304559077, "lat": 49.24759360402296}}}, {"type": "Feature", "geometry": {"coordinates": [[-123.11775210515368, 49.24417644435019], [-123.11787601462727, 49.24411677851619], [-123.11788119230637, 49.24411593667615], [-123.11790910721169, 49.244103062990966]], "type": "LineString"}, "properties": {"effluent_type": "Storm", "material": "Vitrified Clay", "geo_point_2d": {"lon": -123.11783037749244, "lat": 49.24413912190694}}}, {"type": "Feature", "geometry": {"coordinates": [[-123.12923631470441, 49.24730882153105], [-123.12832909204434, 49.24730153021833]], "type": "LineString"}, "properties": {"effluent_type": "Combined", "material": "Concrete", "geo_point_2d": {"lon": -123.12878270337438, "lat": 49.247305175874686}}}, {"type": "Feature", "geometry": {"coordinates": [[-123.11117905677402, 49.252421238437385], [-123.11270061384162, 49.25245149936152]], "type": "LineString"}, "properties": {"effluent_type": "Sanitary", "material": "Vitrified Clay", "geo_point_2d": {"lon": -123.11193983530782, "lat": 49.252436368899446}}}, {"type": "Feature", "geometry": {"coordinates": [[-123.11263160763708, 49.25005521157186], [-123.11279485606563, 49.250058290588754]], "type": "LineString"}, "properties": {"effluent_type": "Storm", "material": "Vitrified Clay", "geo_point_2d": {"lon": -123.11271323185137, "lat": 49.2500567510803}}}, {"type": "Feature", "geometry": {"coordinates": [[-123.12219435076808, 49.255254132563195], [-123.1221244809406, 49.25528595056932]], "type": "LineString"}, "properties": {"effluent_type": "Combined", "material": "Concrete", "geo_point_2d": {"lon": -123.12215941585434, "lat": 49.25527004156626}}}, {"type": "Feature", "geometry": {"coordinates": [[-123.12068655153641, 49.249213957996645], [-123.12222668104894, 49.249240817780354]], "type": "LineString"}, "properties": {"effluent_type": "Combined", "material": "Vitrified Clay", "geo_point_2d": {"lon": -123.12145661629268, "lat": 49.249227387888496}}}, {"type": "Feature", "geometry": {"coordinates": [[-123.12473131543204, 49.24714294467671], [-123.1246846875766, 49.2481492825958]], "type": "LineString"}, "properties": {"effluent_type": "Combined", "material": "Concrete", "geo_point_2d": {"lon": -123.12470800150433, "lat": 49.24764611363625}}}, {"type": "Feature", "geometry": {"coordinates": [[-123.12066589142233, 49.2480435922014], [-123.12127290586199, 49.24805292332932]], "type": "LineString"}, "properties": {"effluent_type": "Sanitary", "material": "Polyvinyl Chloride", "geo_point_2d": {"lon": -123.12096939864216, "lat": 49.24804825776536}}}, {"type": "Feature", "geometry": {"coordinates": [[-123.11376472246299, 49.2515870948051], [-123.11458262411091, 49.25160183027768]], "type": "LineString"}, "properties": {"effluent_type": "Storm", "material": "Polyvinyl Chloride", "geo_point_2d": {"lon": -123.11417367328696, "lat": 49.251594462541384}}}, {"type": "Feature", "geometry": {"coordinates": [[-123.10737253510355, 49.24483770454315], [-123.10870780441347, 49.2460101720233]], "type": "LineString"}, "properties": {"effluent_type": "Storm", "material": "Concrete", "geo_point_2d": {"lon": -123.10804016975851, "lat": 49.245423938283224}}}, {"type": "Feature", "geometry": {"coordinates": [[-123.12330780158015, 49.25436367307653], [-123.1221987834993, 49.25434427931229]], "type": "LineString"}, "properties": {"effluent_type": "Combined", "material": "Concrete", "geo_point_2d": {"lon": -123.12275329253973, "lat": 49.25435397619441}}}, {"type": "Feature", "geometry": {"coordinates": [[-123.10503570803341, 49.24731833638333], [-123.10505630526202, 49.24731872244075]], "type": "LineString"}, "properties": {"effluent_type": "Combined", "material": "Vitrified Clay", "geo_point_2d": {"lon": -123.10504600664771, "lat": 49.24731852941205}}}, {"type": "Feature", "geometry": {"coordinates": [[-123.11230519691512, 49.247445752388906], [-123.1122911219471, 49.247782808390454]], "type": "LineString"}, "properties": {"effluent_type": "Storm", "material": "Vitrified Clay", "geo_point_2d": {"lon": -123.11229815943109, "lat": 49.24761428038968}}}, {"type": "Feature", "geometry": {"coordinates": [[-123.12055635819209, 49.24223251454193], [-123.12160145018568, 49.24226755310998]], "type": "LineString"}, "properties": {"effluent_type": "Combined", "material": "Concrete", "geo_point_2d": {"lon": -123.12107890418889, "lat": 49.242250033825954}}}, {"type": "Feature", "geometry": {"coordinates": [[-123.11427059698916, 49.25440425920057], [-123.11272411256314, 49.25438300251122]], "type": "LineString"}, "properties": {"effluent_type": "Sanitary", "material": "Polyvinyl Chloride", "geo_point_2d": {"lon": -123.11349735477614, "lat": 49.254393630855894}}}, {"type": "Feature", "geometry": {"coordinates": [[-123.11831442649542, 49.252474986375745], [-123.11853204596878, 49.2524785682935], [-123.11855827168954, 49.252492915752065]], "type": "LineString"}, "properties": {"effluent_type": "Sanitary", "material": "Polyvinyl Chloride", "geo_point_2d": {"lon": -123.11843795986039, "lat": 49.252477859929144}}}, {"type": "Feature", "geometry": {"coordinates": [[-123.11148990499206, 49.244910021128895], [-123.11135668909571, 49.24484353989139]], "type": "LineString"}, "properties": {"effluent_type": "Storm", "material": "Vitrified Clay", "geo_point_2d": {"lon": -123.11142329704388, "lat": 49.24487678051014}}}, {"type": "Feature", "geometry": {"coordinates": [[-123.10832628642947, 49.25237541023287], [-123.10974225990991, 49.252397497479365], [-123.10974953332297, 49.25239317286296]], "type": "LineString"}, "properties": {"effluent_type": "Sanitary", "material": "Polyvinyl Chloride", "geo_point_2d": {"lon": -123.10903850011049, "lat": 49.25238650660986}}}, {"type": "Feature", "geometry": {"coordinates": [[-123.12224639175442, 49.25072384017154], [-123.12395555871875, 49.25076253354354], [-123.12397907072959, 49.25076844516477]], "type": "LineString"}, "properties": {"effluent_type": "Sanitary", "material": "Vitrified Clay", "geo_point_2d": {"lon": -123.12311308895953, "lat": 49.25074349870558}}}, {"type": "Feature", "geometry": {"coordinates": [[-123.12209317737535, 49.24911836296333], [-123.12036913258613, 49.24908530654989], [-123.1186336383576, 49.24904980745492]], "type": "LineString"}, "properties": {"effluent_type": "Combined", "material": "Concrete", "geo_point_2d": {"lon": -123.1203633968947, "lat": 49.24908463894051}}}, {"type": "Feature", "geometry": {"coordinates": [[-123.10995689028054, 49.24948416249581], [-123.11004117248719, 49.24951979330601]], "type": "LineString"}, "properties": {"effluent_type": "Combined", "material": "blank", "geo_point_2d": {"lon": -123.10999903138386, "lat": 49.249501977900906}}}, {"type": "Feature", "geometry": {"coordinates": [[-123.11217751618136, 49.24844925844273], [-123.11216457683174, 49.24875435321685]], "type": "LineString"}, "properties": {"effluent_type": "Storm", "material": "blank", "geo_point_2d": {"lon": -123.11217104650655, "lat": 49.24860180582979}}}, {"type": "Feature", "geometry": {"coordinates": [[-123.1160034927291, 49.25603763830575], [-123.11600384271716, 49.256028651731285]], "type": "LineString"}, "properties": {"effluent_type": "Storm", "material": "Vitrified Clay", "geo_point_2d": {"lon": -123.11600366772313, "lat": 49.25603314501852}}}, {"type": "Feature", "geometry": {"coordinates": [[-123.1183064391549, 49.2527897824083], [-123.11831442649542, 49.252474986375745]], "type": "LineString"}, "properties": {"effluent_type": "Sanitary", "material": "Polyvinyl Chloride", "geo_point_2d": {"lon": -123.11831043282515, "lat": 49.25263238439202}}}, {"type": "Feature", "geometry": {"coordinates": [[-123.1271095147661, 49.2517254187865], [-123.12598021563934, 49.251710842113184]], "type": "LineString"}, "properties": {"effluent_type": "Storm", "material": "Vitrified Clay", "geo_point_2d": {"lon": -123.12654486520272, "lat": 49.251718130449845}}}, {"type": "Feature", "geometry": {"coordinates": [[-123.12030817735393, 49.25027766957647], [-123.12028978355382, 49.25071533351484]], "type": "LineString"}, "properties": {"effluent_type": "Storm", "material": "Vitrified Clay", "geo_point_2d": {"lon": -123.12029898045387, "lat": 49.250496501545655}}}, {"type": "Feature", "geometry": {"coordinates": [[-123.11508614644491, 49.24609832726768], [-123.11523679537608, 49.246100983612095]], "type": "LineString"}, "properties": {"effluent_type": "Storm", "material": "Vitrified Clay", "geo_point_2d": {"lon": -123.11516147091048, "lat": 49.24609965543989}}}, {"type": "Feature", "geometry": {"coordinates": [[-123.12834963889497, 49.24677883938334], [-123.12833132073862, 49.247254896457086]], "type": "LineString"}, "properties": {"effluent_type": "Combined", "material": "Concrete", "geo_point_2d": {"lon": -123.1283404798168, "lat": 49.24701686792021}}}, {"type": "Feature", "geometry": {"coordinates": [[-123.10496963302735, 49.24902993685367], [-123.10495447517202, 49.24937902845566]], "type": "LineString"}, "properties": {"effluent_type": "Storm", "material": "Polyvinyl Chloride", "geo_point_2d": {"lon": -123.10496205409969, "lat": 49.249204482654655}}}, {"type": "Feature", "geometry": {"coordinates": [[-123.11233775194162, 49.24561877992797], [-123.11151514842771, 49.24560127157403]], "type": "LineString"}, "properties": {"effluent_type": "Combined", "material": "Vitrified Clay", "geo_point_2d": {"lon": -123.11192645018467, "lat": 49.245610025751006}}}, {"type": "Feature", "geometry": {"coordinates": [[-123.12749817908447, 49.25174325083298], [-123.12746031657275, 49.25268062202089]], "type": "LineString"}, "properties": {"effluent_type": "Combined", "material": "blank", "geo_point_2d": {"lon": -123.1274792478286, "lat": 49.25221193642693}}}, {"type": "Feature", "geometry": {"coordinates": [[-123.10837548077882, 49.25333571208372], [-123.10725865242283, 49.25331334874375]], "type": "LineString"}, "properties": {"effluent_type": "Storm", "material": "Polyvinyl Chloride", "geo_point_2d": {"lon": -123.10781706660084, "lat": 49.253324530413735}}}, {"type": "Feature", "geometry": {"coordinates": [[-123.10503700093821, 49.253277753888995], [-123.10636820526052, 49.253303062877556]], "type": "LineString"}, "properties": {"effluent_type": "Sanitary", "material": "Polyvinyl Chloride", "geo_point_2d": {"lon": -123.10570260309937, "lat": 49.25329040838327}}}, {"type": "Feature", "geometry": {"coordinates": [[-123.10637196316928, 49.24606609283911], [-123.10697909908296, 49.24585158959834]], "type": "LineString"}, "properties": {"effluent_type": "Combined", "material": "Vitrified Clay", "geo_point_2d": {"lon": -123.10667553112611, "lat": 49.24595884121872}}}, {"type": "Feature", "geometry": {"coordinates": [[-123.1183627820549, 49.241058987856015], [-123.11851985477506, 49.24105982529248]], "type": "LineString"}, "properties": {"effluent_type": "Combined", "material": "Vitrified Clay", "geo_point_2d": {"lon": -123.11844131841498, "lat": 49.24105940657425}}}, {"type": "Feature", "geometry": {"coordinates": [[-123.10753115439105, 49.24691198385696], [-123.1077786868943, 49.246555218164985]], "type": "LineString"}, "properties": {"effluent_type": "Combined", "material": "Vitrified Clay", "geo_point_2d": {"lon": -123.1076549206427, "lat": 49.24673360101097}}}, {"type": "Feature", "geometry": {"coordinates": [[-123.10697909908296, 49.24585158959834], [-123.1077786868943, 49.246555218164985]], "type": "LineString"}, "properties": {"effluent_type": "Combined", "material": "Vitrified Clay", "geo_point_2d": {"lon": -123.10737889298865, "lat": 49.246203403881665}}}, {"type": "Feature", "geometry": {"coordinates": [[-123.10974284555219, 49.24651200901451], [-123.10896740547717, 49.24600505204342]], "type": "LineString"}, "properties": {"effluent_type": "Combined", "material": "Vitrified Clay", "geo_point_2d": {"lon": -123.10935512551468, "lat": 49.24625853052896}}}, {"type": "Feature", "geometry": {"coordinates": [[-123.12212691197325, 49.25437745772079], [-123.12209491937357, 49.255285199228865]], "type": "LineString"}, "properties": {"effluent_type": "Combined", "material": "Concrete", "geo_point_2d": {"lon": -123.1221109156734, "lat": 49.25483132847483}}}, {"type": "Feature", "geometry": {"coordinates": [[-123.10566299091145, 49.246864035893616], [-123.1064584161385, 49.24687886741873]], "type": "LineString"}, "properties": {"effluent_type": "Combined", "material": "Vitrified Clay", "geo_point_2d": {"lon": -123.10606070352497, "lat": 49.246871451656176}}}, {"type": "Feature", "geometry": {"coordinates": [[-123.12436235096862, 49.253493010641094], [-123.12435752769507, 49.253493051813706], [-123.12404131183041, 49.253486384467074]], "type": "LineString"}, "properties": {"effluent_type": "Combined", "material": "Concrete", "geo_point_2d": {"lon": -123.12420183095819, "lat": 49.2534897679069}}}, {"type": "Feature", "geometry": {"coordinates": [[-123.11121834787839, 49.247865918586825], [-123.11013205376851, 49.24784580244089]], "type": "LineString"}, "properties": {"effluent_type": "Combined", "material": "Vitrified Clay", "geo_point_2d": {"lon": -123.11067520082345, "lat": 49.24785586051386}}}, {"type": "Feature", "geometry": {"coordinates": [[-123.11431613958952, 49.24890606274687], [-123.11299207630091, 49.248883168125786], [-123.11219744841522, 49.248871466170925]], "type": "LineString"}, "properties": {"effluent_type": "Combined", "material": "Vitrified Clay", "geo_point_2d": {"lon": -123.11325680419485, "lat": 49.24888812777567}}}, {"type": "Feature", "geometry": {"coordinates": [[-123.1161296440448, 49.25154830222313], [-123.11611809538165, 49.25196171637983]], "type": "LineString"}, "properties": {"effluent_type": "Combined", "material": "Vitrified Clay", "geo_point_2d": {"lon": -123.11612386971322, "lat": 49.251755009301476}}}, {"type": "Feature", "geometry": {"coordinates": [[-123.11456058682487, 49.252482322690604], [-123.11453771375716, 49.25299596362699]], "type": "LineString"}, "properties": {"effluent_type": "Storm", "material": "Concrete", "geo_point_2d": {"lon": -123.11454915029101, "lat": 49.25273914315879}}}, {"type": "Feature", "geometry": {"coordinates": [[-123.10483458416141, 49.250519453276276], [-123.1048385606944, 49.25043763808322]], "type": "LineString"}, "properties": {"effluent_type": "Combined", "material": "Vitrified Clay", "geo_point_2d": {"lon": -123.1048365724279, "lat": 49.25047854567975}}}, {"type": "Feature", "geometry": {"coordinates": [[-123.11453359107648, 49.252995886757006], [-123.11508558606272, 49.25301011737514]], "type": "LineString"}, "properties": {"effluent_type": "Combined", "material": "Concrete", "geo_point_2d": {"lon": -123.1148095885696, "lat": 49.25300300206607}}}, {"type": "Feature", "geometry": {"coordinates": [[-123.11809160078442, 49.2569941792013], [-123.1181020964619, 49.25696378263039]], "type": "LineString"}, "properties": {"effluent_type": "Storm", "material": "Vitrified Clay", "geo_point_2d": {"lon": -123.11809684862318, "lat": 49.25697898091585}}}, {"type": "Feature", "geometry": {"coordinates": [[-123.110685796163, 49.24584050580274], [-123.1100998746011, 49.245454576437176]], "type": "LineString"}, "properties": {"effluent_type": "Combined", "material": "Vitrified Clay", "geo_point_2d": {"lon": -123.11039283538204, "lat": 49.24564754111996}}}, {"type": "Feature", "geometry": {"coordinates": [[-123.11607951202726, 49.25214444816149], [-123.11607246788613, 49.25245144424731]], "type": "LineString"}, "properties": {"effluent_type": "Storm", "material": "Vitrified Clay", "geo_point_2d": {"lon": -123.1160759899567, "lat": 49.2522979462044}}}, {"type": "Feature", "geometry": {"coordinates": [[-123.12756125623098, 49.247174306441835], [-123.1275529967197, 49.24719496861539]], "type": "LineString"}, "properties": {"effluent_type": "Combined", "material": "Concrete", "geo_point_2d": {"lon": -123.12755712647534, "lat": 49.24718463752861}}}, {"type": "Feature", "geometry": {"coordinates": [[-123.11847897101156, 49.25338937109549], [-123.1201521920269, 49.25342641252267]], "type": "LineString"}, "properties": {"effluent_type": "Storm", "material": "Polyvinyl Chloride", "geo_point_2d": {"lon": -123.11931558151923, "lat": 49.25340789180907}}}, {"type": "Feature", "geometry": {"coordinates": [[-123.1221641780274, 49.253474370009606], [-123.12214637965036, 49.25388539852266]], "type": "LineString"}, "properties": {"effluent_type": "Combined", "material": "Concrete", "geo_point_2d": {"lon": -123.12215527883887, "lat": 49.253679884266134}}}, {"type": "Feature", "geometry": {"coordinates": [[-123.11675677074297, 49.24095554870955], [-123.11801089149395, 49.241002965673154]], "type": "LineString"}, "properties": {"effluent_type": "Storm", "material": "S", "geo_point_2d": {"lon": -123.11738383111846, "lat": 49.240979257191356}}}, {"type": "Feature", "geometry": {"coordinates": [[-123.12047681635556, 49.24311001115887], [-123.12047093842541, 49.243353824232955]], "type": "LineString"}, "properties": {"effluent_type": "Storm", "material": "Vitrified Clay", "geo_point_2d": {"lon": -123.12047387739048, "lat": 49.24323191769591}}}, {"type": "Feature", "geometry": {"coordinates": [[-123.11721308044352, 49.25156808603183], [-123.11830356819895, 49.25158837418338]], "type": "LineString"}, "properties": {"effluent_type": "Combined", "material": "Vitrified Clay", "geo_point_2d": {"lon": -123.11775832432123, "lat": 49.251578230107604}}}, {"type": "Feature", "geometry": {"coordinates": [[-123.1048385606944, 49.25043763808322], [-123.10606435826921, 49.25046027563955]], "type": "LineString"}, "properties": {"effluent_type": "Combined", "material": "Vitrified Clay", "geo_point_2d": {"lon": -123.10545145948178, "lat": 49.25044895686138}}}, {"type": "Feature", "geometry": {"coordinates": [[-123.12022189032405, 49.251615601433905], [-123.12123063544857, 49.251642342594266]], "type": "LineString"}, "properties": {"effluent_type": "Combined", "material": "Vitrified Clay", "geo_point_2d": {"lon": -123.12072626288631, "lat": 49.25162897201409}}}, {"type": "Feature", "geometry": {"coordinates": [[-123.11841293861035, 49.25158984529833], [-123.11926326707297, 49.25159718328697]], "type": "LineString"}, "properties": {"effluent_type": "Combined", "material": "Vitrified Clay", "geo_point_2d": {"lon": -123.11883810284166, "lat": 49.25159351429265}}}, {"type": "Feature", "geometry": {"coordinates": [[-123.12460629407136, 49.25157607242313], [-123.12460539534902, 49.25160117007195]], "type": "LineString"}, "properties": {"effluent_type": "Combined", "material": "Concrete", "geo_point_2d": {"lon": -123.12460584471019, "lat": 49.251588621247535}}}, {"type": "Feature", "geometry": {"coordinates": [[-123.12040250245649, 49.245268648670866], [-123.12037478335978, 49.246108148835226]], "type": "LineString"}, "properties": {"effluent_type": "Combined", "material": "Concrete", "geo_point_2d": {"lon": -123.12038864290813, "lat": 49.245688398753046}}}, {"type": "Feature", "geometry": {"coordinates": [[-123.11854391493479, 49.24615832839145], [-123.11661772829922, 49.246126160854914]], "type": "LineString"}, "properties": {"effluent_type": "Combined", "material": "Vitrified Clay", "geo_point_2d": {"lon": -123.117580821617, "lat": 49.24614224462319}}}, {"type": "Feature", "geometry": {"coordinates": [[-123.1245667338512, 49.25259771176537], [-123.12453169912287, 49.25335406792268]], "type": "LineString"}, "properties": {"effluent_type": "Combined", "material": "Concrete", "geo_point_2d": {"lon": -123.12454921648704, "lat": 49.25297588984402}}}, {"type": "Feature", "geometry": {"coordinates": [[-123.10791446463242, 49.24663094821462], [-123.10793852902381, 49.246652523287516], [-123.10798161588447, 49.246689633334405], [-123.10802552641923, 49.24672638278551], [-123.10807026043267, 49.24676268168783], [-123.10811581772896, 49.24679844008817], [-123.10816233590421, 49.24683374780916], [-123.10820967755978, 49.24686860497831], [-123.10825784247977, 49.24690291264728], [-123.10830683090042, 49.24693677875756], [-123.10835664260549, 49.246970104360834], [-123.10840714039219, 49.24700297953705], [-123.10845859866622, 49.247035224123096], [-123.10851074302181, 49.24706701828008], [-123.10856357306434, 49.24709818210279], [-123.10861722658794, 49.24712889536539], [-123.1086717031978, 49.24715897816249], [-123.10872672827044, 49.247188511708444], [-123.10878257662563, 49.24721750473898], [-123.10883418630897, 49.247243407375734]], "type": "LineString"}, "properties": {"effluent_type": "Combined", "material": "Concrete", "geo_point_2d": {"lon": -123.10836050759464, "lat": 49.24695778319398}}}, {"type": "Feature", "geometry": {"coordinates": [[-123.11933681923625, 49.248014982599734], [-123.11847159675875, 49.24799935783996]], "type": "LineString"}, "properties": {"effluent_type": "Combined", "material": "Vitrified Clay", "geo_point_2d": {"lon": -123.1189042079975, "lat": 49.24800717021984}}}, {"type": "Feature", "geometry": {"coordinates": [[-123.1223867354856, 49.24618480625469], [-123.12236824595071, 49.24667022663566]], "type": "LineString"}, "properties": {"effluent_type": "Combined", "material": "Concrete", "geo_point_2d": {"lon": -123.12237749071815, "lat": 49.24642751644517}}}, {"type": "Feature", "geometry": {"coordinates": [[-123.11445680023253, 49.25489680607071], [-123.11384964374251, 49.254885532273704]], "type": "LineString"}, "properties": {"effluent_type": "Combined", "material": "blank", "geo_point_2d": {"lon": -123.11415322198754, "lat": 49.25489116917221}}}, {"type": "Feature", "geometry": {"coordinates": [[-123.12735193149328, 49.251257669934326], [-123.1269102477208, 49.25124673202017]], "type": "LineString"}, "properties": {"effluent_type": "Sanitary", "material": "Concrete", "geo_point_2d": {"lon": -123.12713108960705, "lat": 49.25125220097725}}}, {"type": "Feature", "geometry": {"coordinates": [[-123.12022661669015, 49.252526354017924], [-123.12219668467719, 49.25256986593276]], "type": "LineString"}, "properties": {"effluent_type": "Combined", "material": "Vitrified Clay", "geo_point_2d": {"lon": -123.12121165068368, "lat": 49.25254810997534}}}, {"type": "Feature", "geometry": {"coordinates": [[-123.12222848447894, 49.251663383502375], [-123.12219668467719, 49.25256986593276]], "type": "LineString"}, "properties": {"effluent_type": "Combined", "material": "Concrete", "geo_point_2d": {"lon": -123.12221258457807, "lat": 49.252116624717566}}}, {"type": "Feature", "geometry": {"coordinates": [[-123.11449859898994, 49.25401531398638], [-123.11504236342337, 49.25402503736668]], "type": "LineString"}, "properties": {"effluent_type": "Combined", "material": "blank", "geo_point_2d": {"lon": -123.11477048120665, "lat": 49.25402017567653}}}, {"type": "Feature", "geometry": {"coordinates": [[-123.1246846875766, 49.2481492825958], [-123.12466130366914, 49.2490014979633], [-123.1246602327362, 49.24901274315595], [-123.1246597712879, 49.249015019446965]], "type": "LineString"}, "properties": {"effluent_type": "Combined", "material": "Concrete", "geo_point_2d": {"lon": -123.124672801315, "lat": 49.248582196560086}}}, {"type": "Feature", "geometry": {"coordinates": [[-123.11436210679844, 49.24792668856178], [-123.11329830177809, 49.2479060941803]], "type": "LineString"}, "properties": {"effluent_type": "Combined", "material": "Vitrified Clay", "geo_point_2d": {"lon": -123.11383020428828, "lat": 49.24791639137104}}}, {"type": "Feature", "geometry": {"coordinates": [[-123.11638527316357, 49.24436412974887], [-123.11582850723498, 49.24455997588207]], "type": "LineString"}, "properties": {"effluent_type": "Storm", "material": "Vitrified Clay", "geo_point_2d": {"lon": -123.11610689019928, "lat": 49.244462052815464}}}, {"type": "Feature", "geometry": {"coordinates": [[-123.10620672273383, 49.24941347818847], [-123.10740846354959, 49.249436312494346]], "type": "LineString"}, "properties": {"effluent_type": "Combined", "material": "Vitrified Clay", "geo_point_2d": {"lon": -123.1068075931417, "lat": 49.249424895341406}}}, {"type": "Feature", "geometry": {"coordinates": [[-123.1246597712879, 49.249015019446965], [-123.12465792515447, 49.24902398968291], [-123.12465424283826, 49.2490349678362], [-123.12464946082403, 49.249045767271284], [-123.12464330407379, 49.2490562983324], [-123.1246360473977, 49.249066560722895], [-123.12462755293686, 49.24907637468668], [-123.12461809572827, 49.2490858298791], [-123.12460753768681, 49.24909465659199], [-123.12459587926507, 49.24910303472913], [-123.12458339482134, 49.249110784089766], [-123.12457008458199, 49.24911799462568], [-123.12455594786829, 49.249124396480426], [-123.12454125994441, 49.249130169261555], [-123.12452574577313, 49.24913522331303], [-123.12450981734578, 49.24913946823824], [-123.12449347466301, 49.24914290403695], [-123.12447671772553, 49.249145530709036], [-123.12445968393983, 49.24914734810629], [-123.12443973656379, 49.24914893476335]], "type": "LineString"}, "properties": {"effluent_type": "Combined", "material": "Concrete", "geo_point_2d": {"lon": -123.1245659983749, "lat": 49.249104739248544}}}, {"type": "Feature", "geometry": {"coordinates": [[-123.1222679267411, 49.249194808515824], [-123.1222271648088, 49.25014923639767]], "type": "LineString"}, "properties": {"effluent_type": "Combined", "material": "Vitrified Clay", "geo_point_2d": {"lon": -123.12224754577495, "lat": 49.24967202245675}}}, {"type": "Feature", "geometry": {"coordinates": [[-123.11516716302694, 49.2489250880042], [-123.11431613958952, 49.24890606274687]], "type": "LineString"}, "properties": {"effluent_type": "Combined", "material": "Vitrified Clay", "geo_point_2d": {"lon": -123.11474165130824, "lat": 49.248915575375534}}}, {"type": "Feature", "geometry": {"coordinates": [[-123.12223004173202, 49.25015129326115], [-123.1222074312922, 49.25073867853764]], "type": "LineString"}, "properties": {"effluent_type": "Combined", "material": "blank", "geo_point_2d": {"lon": -123.12221873651211, "lat": 49.25044498589939}}}, {"type": "Feature", "geometry": {"coordinates": [[-123.11898525887575, 49.25110777884261], [-123.11837577310581, 49.25109755669034]], "type": "LineString"}, "properties": {"effluent_type": "Storm", "material": "Vitrified Clay", "geo_point_2d": {"lon": -123.11868051599076, "lat": 49.251102667766474}}}, {"type": "Feature", "geometry": {"coordinates": [[-123.10511596860538, 49.245961314575666], [-123.10517823189458, 49.2445422416507]], "type": "LineString"}, "properties": {"effluent_type": "Combined", "material": "Vitrified Clay", "geo_point_2d": {"lon": -123.10514710024998, "lat": 49.245251778113186}}}, {"type": "Feature", "geometry": {"coordinates": [[-123.11841551137833, 49.24328326778921], [-123.11920598008412, 49.24331032210871]], "type": "LineString"}, "properties": {"effluent_type": "Combined", "material": "Vitrified Clay", "geo_point_2d": {"lon": -123.11881074573122, "lat": 49.24329679494896}}}, {"type": "Feature", "geometry": {"coordinates": [[-123.12044021471065, 49.244341065596934], [-123.12043421501622, 49.244342861903654]], "type": "LineString"}, "properties": {"effluent_type": "Combined", "material": "blank", "geo_point_2d": {"lon": -123.12043721486344, "lat": 49.244341963750294}}}, {"type": "Feature", "geometry": {"coordinates": [[-123.12047093842541, 49.243353824232955], [-123.12044020097142, 49.24434106561124]], "type": "LineString"}, "properties": {"effluent_type": "Combined", "material": "blank", "geo_point_2d": {"lon": -123.12045556969841, "lat": 49.243847444922096}}}, {"type": "Feature", "geometry": {"coordinates": [[-123.1212398113445, 49.25013717069977], [-123.1222271930233, 49.25014953321033]], "type": "LineString"}, "properties": {"effluent_type": "Combined", "material": "Vitrified Clay", "geo_point_2d": {"lon": -123.1217335021839, "lat": 49.25014335195505}}}, {"type": "Feature", "geometry": {"coordinates": [[-123.11516070464178, 49.25121708741856], [-123.11512288335253, 49.25211292359466]], "type": "LineString"}, "properties": {"effluent_type": "Combined", "material": "blank", "geo_point_2d": {"lon": -123.11514179399715, "lat": 49.25166500550661}}}, {"type": "Feature", "geometry": {"coordinates": [[-123.11848047933884, 49.24773212739884], [-123.118469152263, 49.24799989106528]], "type": "LineString"}, "properties": {"effluent_type": "Storm", "material": "Polyvinyl Chloride", "geo_point_2d": {"lon": -123.11847481580094, "lat": 49.247866009232055}}}, {"type": "Feature", "geometry": {"coordinates": [[-123.11665598202285, 49.245193937085375], [-123.11661772829922, 49.246126160854914]], "type": "LineString"}, "properties": {"effluent_type": "Storm", "material": "Polyvinyl Chloride", "geo_point_2d": {"lon": -123.11663685516103, "lat": 49.245660048970144}}}, {"type": "Feature", "geometry": {"coordinates": [[-123.11666584462277, 49.24518709974263], [-123.11662719417187, 49.24613747629887]], "type": "LineString"}, "properties": {"effluent_type": "Sanitary", "material": "Concrete", "geo_point_2d": {"lon": -123.11664651939732, "lat": 49.24566228802075}}}, {"type": "Feature", "geometry": {"coordinates": [[-123.12832944403516, 49.24930347245043], [-123.12835074615278, 49.24931035712287]], "type": "LineString"}, "properties": {"effluent_type": "Storm", "material": "Polyvinyl Chloride", "geo_point_2d": {"lon": -123.12834009509398, "lat": 49.24930691478665}}}, {"type": "Feature", "geometry": {"coordinates": [[-123.12835074615278, 49.24931035712287], [-123.12835822734344, 49.24931277752329]], "type": "LineString"}, "properties": {"effluent_type": "Storm", "material": "Polyvinyl Chloride", "geo_point_2d": {"lon": -123.12835448674811, "lat": 49.24931156732308}}}, {"type": "Feature", "geometry": {"coordinates": [[-123.1165846473887, 49.25468274210823], [-123.1182230424307, 49.25471218268616]], "type": "LineString"}, "properties": {"effluent_type": "Storm", "material": "Polyvinyl Chloride", "geo_point_2d": {"lon": -123.1174038449097, "lat": 49.254697462397196}}}, {"type": "Feature", "geometry": {"coordinates": [[-123.10729555918753, 49.25234794715447], [-123.10728099539517, 49.25279284643252]], "type": "LineString"}, "properties": {"effluent_type": "Storm", "material": "Polyvinyl Chloride", "geo_point_2d": {"lon": -123.10728827729136, "lat": 49.252570396793494}}}, {"type": "Feature", "geometry": {"coordinates": [[-123.10730658302705, 49.252355744770284], [-123.1072706193692, 49.25332504941257]], "type": "LineString"}, "properties": {"effluent_type": "Sanitary", "material": "Polyvinyl Chloride", "geo_point_2d": {"lon": -123.10728860119812, "lat": 49.252840397091425}}}, {"type": "Feature", "geometry": {"coordinates": [[-123.1072706193692, 49.25332504941257], [-123.10722996573332, 49.25427413697693]], "type": "LineString"}, "properties": {"effluent_type": "Sanitary", "material": "Polyvinyl Chloride", "geo_point_2d": {"lon": -123.10725029255127, "lat": 49.25379959319475}}}, {"type": "Feature", "geometry": {"coordinates": [[-123.10722996573332, 49.25427413697693], [-123.107186197871, 49.255226366590634]], "type": "LineString"}, "properties": {"effluent_type": "Sanitary", "material": "Polyvinyl Chloride", "geo_point_2d": {"lon": -123.10720808180216, "lat": 49.25475025178378}}}, {"type": "Feature", "geometry": {"coordinates": [[-123.12693171963727, 49.24629742485459], [-123.1273271709048, 49.24630493249084]], "type": "LineString"}, "properties": {"effluent_type": "Sanitary", "material": "Concrete", "geo_point_2d": {"lon": -123.12712944527104, "lat": 49.24630117867271}}}, {"type": "Feature", "geometry": {"coordinates": [[-123.12220463362902, 49.25073534426773], [-123.1222551891937, 49.25073625327085]], "type": "LineString"}, "properties": {"effluent_type": "Storm", "material": "Concrete", "geo_point_2d": {"lon": -123.12222991141135, "lat": 49.25073579876929}}}, {"type": "Feature", "geometry": {"coordinates": [[-123.124438796242, 49.24907548972726], [-123.12234086434597, 49.249040067328394]], "type": "LineString"}, "properties": {"effluent_type": "Storm", "material": "Polyvinyl Chloride", "geo_point_2d": {"lon": -123.12338983029399, "lat": 49.24905777852783}}}, {"type": "Feature", "geometry": {"coordinates": [[-123.12763247183196, 49.24709468294498], [-123.12756290781448, 49.247175384046194]], "type": "LineString"}, "properties": {"effluent_type": "Sanitary", "material": "Concrete", "geo_point_2d": {"lon": -123.12759768982322, "lat": 49.24713503349559}}}, {"type": "Feature", "geometry": {"coordinates": [[-123.11655062136853, 49.24797581025874], [-123.1165191542497, 49.24891506996148]], "type": "LineString"}, "properties": {"effluent_type": "Sanitary", "material": "Vitrified Clay", "geo_point_2d": {"lon": -123.11653488780911, "lat": 49.2484454401101}}}, {"type": "Feature", "geometry": {"coordinates": [[-123.12233717362969, 49.24904229305826], [-123.12227971753367, 49.249006184066594]], "type": "LineString"}, "properties": {"effluent_type": "Combined", "material": "Polyvinyl Chloride", "geo_point_2d": {"lon": -123.12230844558168, "lat": 49.24902423856243}}}, {"type": "Feature", "geometry": {"coordinates": [[-123.12330905096523, 49.24905028205913], [-123.12330522882273, 49.24905489169605]], "type": "LineString"}, "properties": {"effluent_type": "Storm", "material": "Polyvinyl Chloride", "geo_point_2d": {"lon": -123.123307139894, "lat": 49.24905258687759}}}, {"type": "Feature", "geometry": {"coordinates": [[-123.12834070885893, 49.249986323741496], [-123.12836635658265, 49.249316060745244]], "type": "LineString"}, "properties": {"effluent_type": "Sanitary", "material": "Vitrified Clay", "geo_point_2d": {"lon": -123.1283535327208, "lat": 49.24965119224337}}}, {"type": "Feature", "geometry": {"coordinates": [[-123.10497318829127, 49.25421286514612], [-123.10720502398728, 49.25426780949732], [-123.10723339343993, 49.254270535707306]], "type": "LineString"}, "properties": {"effluent_type": "Sanitary", "material": "Polyvinyl Chloride", "geo_point_2d": {"lon": -123.10610335112447, "lat": 49.254240700791506}}}, {"type": "Feature", "geometry": {"coordinates": [[-123.11810835245235, 49.24105528134964], [-123.1183627820549, 49.241058987856015]], "type": "LineString"}, "properties": {"effluent_type": "Storm", "material": "Vitrified Clay", "geo_point_2d": {"lon": -123.11823556725365, "lat": 49.241057134602826}}}, {"type": "Feature", "geometry": {"coordinates": [[-123.11659041684726, 49.247055360015274], [-123.11657097813811, 49.24752372537864]], "type": "LineString"}, "properties": {"effluent_type": "Sanitary", "material": "Vitrified Clay", "geo_point_2d": {"lon": -123.11658069749268, "lat": 49.24728954269696}}}, {"type": "Feature", "geometry": {"coordinates": [[-123.12693514263876, 49.24621772331965], [-123.12693295737031, 49.2462978732564]], "type": "LineString"}, "properties": {"effluent_type": "Sanitary", "material": "Concrete", "geo_point_2d": {"lon": -123.12693405000452, "lat": 49.246257798288035}}}, {"type": "Feature", "geometry": {"coordinates": [[-123.11605805747955, 49.2537429028705], [-123.11605723643272, 49.25379713588756]], "type": "LineString"}, "properties": {"effluent_type": "Sanitary", "material": "Polyvinyl Chloride", "geo_point_2d": {"lon": -123.11605764695612, "lat": 49.25377001937903}}}, {"type": "Feature", "geometry": {"coordinates": [[-123.11684323333164, 49.250630438494476], [-123.11822688902478, 49.25065500907268]], "type": "LineString"}, "properties": {"effluent_type": "Sanitary", "material": "Polyvinyl Chloride", "geo_point_2d": {"lon": -123.11753506117822, "lat": 49.25064272378357}}}, {"type": "Feature", "geometry": {"coordinates": [[-123.11835968847979, 49.25154275588732], [-123.11835903135281, 49.25156102586327], [-123.118322350972, 49.25157622038974]], "type": "LineString"}, "properties": {"effluent_type": "Storm", "material": "Concrete", "geo_point_2d": {"lon": -123.11834657716368, "lat": 49.25156334767786}}}, {"type": "Feature", "geometry": {"coordinates": [[-123.11855619397184, 49.241071814644364], [-123.1185566494919, 49.24104975784399]], "type": "LineString"}, "properties": {"effluent_type": "Sanitary", "material": "Polyvinyl Chloride", "geo_point_2d": {"lon": -123.11855642173188, "lat": 49.241060786244184}}}, {"type": "Feature", "geometry": {"coordinates": [[-123.11685099263326, 49.25032001435825], [-123.11683701597357, 49.25062771922849]], "type": "LineString"}, "properties": {"effluent_type": "Sanitary", "material": "Polyvinyl Chloride", "geo_point_2d": {"lon": -123.11684400430342, "lat": 49.25047386679337}}}, {"type": "Feature", "geometry": {"coordinates": [[-123.1153087848041, 49.25369131890749], [-123.11529813626787, 49.254028236565844]], "type": "LineString"}, "properties": {"effluent_type": "Sanitary", "material": "Polyvinyl Chloride", "geo_point_2d": {"lon": -123.11530346053598, "lat": 49.253859777736665}}}, {"type": "Feature", "geometry": {"coordinates": [[-123.11671891522812, 49.249148627342976], [-123.11649922152601, 49.24914486419877]], "type": "LineString"}, "properties": {"effluent_type": "Storm", "material": "Polyvinyl Chloride", "geo_point_2d": {"lon": -123.11660906837707, "lat": 49.24914674577087}}}, {"type": "Feature", "geometry": {"coordinates": [[-123.11710174483824, 49.24844090006226], [-123.11651970465924, 49.24843078422403]], "type": "LineString"}, "properties": {"effluent_type": "Storm", "material": "Polyvinyl Chloride", "geo_point_2d": {"lon": -123.11681072474875, "lat": 49.248435842143145}}}, {"type": "Feature", "geometry": {"coordinates": [[-123.11707608163847, 49.255188855957236], [-123.11813716714981, 49.25521291748929], [-123.11820211935557, 49.25521548665557]], "type": "LineString"}, "properties": {"effluent_type": "Sanitary", "material": "Polyvinyl Chloride", "geo_point_2d": {"lon": -123.11763911655603, "lat": 49.255201655160185}}}, {"type": "Feature", "geometry": {"coordinates": [[-123.11274260082564, 49.25436717986852], [-123.11270425668174, 49.2543655081876]], "type": "LineString"}, "properties": {"effluent_type": "Combined", "material": "Polyvinyl Chloride", "geo_point_2d": {"lon": -123.11272342875368, "lat": 49.25436634402806}}}, {"type": "Feature", "geometry": {"coordinates": [[-123.11686202482595, 49.255616660419186], [-123.11684539463894, 49.25604668467008]], "type": "LineString"}, "properties": {"effluent_type": "Storm", "material": "Polyvinyl Chloride", "geo_point_2d": {"lon": -123.11685370973245, "lat": 49.25583167254463}}}, {"type": "Feature", "geometry": {"coordinates": [[-123.12010419462537, 49.254735923810244], [-123.12012170039401, 49.25433311761356]], "type": "LineString"}, "properties": {"effluent_type": "Storm", "material": "Vitrified Clay", "geo_point_2d": {"lon": -123.12011294750968, "lat": 49.2545345207119}}}, {"type": "Feature", "geometry": {"coordinates": [[-123.10635254888807, 49.24832427366976], [-123.10636628978092, 49.24832451288616]], "type": "LineString"}, "properties": {"effluent_type": "Storm", "material": "Concrete", "geo_point_2d": {"lon": -123.1063594193345, "lat": 49.248324393277954}}}, {"type": "Feature", "geometry": {"coordinates": [[-123.10490095342193, 49.24902794832191], [-123.10496963302735, 49.24902993685367]], "type": "LineString"}, "properties": {"effluent_type": "Storm", "material": "blank", "geo_point_2d": {"lon": -123.10493529322466, "lat": 49.249028942587785}}}, {"type": "Feature", "geometry": {"coordinates": [[-123.12008017385745, 49.25524033775492], [-123.12013383242453, 49.25523823106309]], "type": "LineString"}, "properties": {"effluent_type": "Sanitary", "material": "blank", "geo_point_2d": {"lon": -123.12010700314099, "lat": 49.25523928440901}}}, {"type": "Feature", "geometry": {"coordinates": [[-123.12463408355566, 49.251692530619025], [-123.12460153755536, 49.25170084133159]], "type": "LineString"}, "properties": {"effluent_type": "Combined", "material": "blank", "geo_point_2d": {"lon": -123.1246178105555, "lat": 49.251696685975304}}}, {"type": "Feature", "geometry": {"coordinates": [[-123.11845520491786, 49.24894715707898], [-123.11843565215938, 49.24894717712487]], "type": "LineString"}, "properties": {"effluent_type": "Sanitary", "material": "blank", "geo_point_2d": {"lon": -123.11844542853864, "lat": 49.248947167101925}}}, {"type": "Feature", "geometry": {"coordinates": [[-123.11565198775543, 49.255061748574605], [-123.11567070417641, 49.255067405821464]], "type": "LineString"}, "properties": {"effluent_type": "Sanitary", "material": "blank", "geo_point_2d": {"lon": -123.11566134596592, "lat": 49.255064577198034}}}, {"type": "Feature", "geometry": {"coordinates": [[-123.10499255789165, 49.25420973519925], [-123.1072121428385, 49.25426168614149]], "type": "LineString"}, "properties": {"effluent_type": "Storm", "material": "Polyvinyl Chloride", "geo_point_2d": {"lon": -123.10610235036508, "lat": 49.25423571067037}}}, {"type": "Feature", "geometry": {"coordinates": [[-123.11609402973195, 49.24928763056621], [-123.11609054696895, 49.249402116341976]], "type": "LineString"}, "properties": {"effluent_type": "Sanitary", "material": "Polyvinyl Chloride", "geo_point_2d": {"lon": -123.11609228835044, "lat": 49.24934487345409}}}, {"type": "Feature", "geometry": {"coordinates": [[-123.11604561462228, 49.25004685847884], [-123.11603914382312, 49.25008838694881]], "type": "LineString"}, "properties": {"effluent_type": "Combined", "material": "Concrete", "geo_point_2d": {"lon": -123.11604237922269, "lat": 49.25006762271383}}}, {"type": "Feature", "geometry": {"coordinates": [[-123.12983814073486, 49.24820855146358], [-123.12831323903085, 49.24818818084308]], "type": "LineString"}, "properties": {"effluent_type": "Sanitary", "material": "Polyvinyl Chloride", "geo_point_2d": {"lon": -123.12907568988285, "lat": 49.248198366153325}}}, {"type": "Feature", "geometry": {"coordinates": [[-123.12827817199577, 49.248914125896746], [-123.12830865179751, 49.248188968522875]], "type": "LineString"}, "properties": {"effluent_type": "Sanitary", "material": "Polyvinyl Chloride", "geo_point_2d": {"lon": -123.12829341189664, "lat": 49.24855154720981}}}, {"type": "Feature", "geometry": {"coordinates": [[-123.10873222237107, 49.248357706645294], [-123.10875557869343, 49.24836915357932]], "type": "LineString"}, "properties": {"effluent_type": "Storm", "material": "Polyvinyl Chloride", "geo_point_2d": {"lon": -123.10874390053226, "lat": 49.24836343011231}}}, {"type": "Feature", "geometry": {"coordinates": [[-123.10742277215016, 49.24834275818949], [-123.1074715523484, 49.24834360335036]], "type": "LineString"}, "properties": {"effluent_type": "Storm", "material": "Polyvinyl Chloride", "geo_point_2d": {"lon": -123.10744716224929, "lat": 49.24834318076992}}}, {"type": "Feature", "geometry": {"coordinates": [[-123.11800686512314, 49.243147408063884], [-123.11807103159605, 49.24316128512253]], "type": "LineString"}, "properties": {"effluent_type": "Storm", "material": "Vitrified Clay", "geo_point_2d": {"lon": -123.11803894835957, "lat": 49.24315434659321}}}, {"type": "Feature", "geometry": {"coordinates": [[-123.1195906426541, 49.2443223385465], [-123.12043676918108, 49.24433666152288]], "type": "LineString"}, "properties": {"effluent_type": "Storm", "material": "Concrete", "geo_point_2d": {"lon": -123.12001370591759, "lat": 49.244329500034695}}}, {"type": "Feature", "geometry": {"coordinates": [[-123.11818081714145, 49.24423112040836], [-123.1185846225118, 49.24431519888669]], "type": "LineString"}, "properties": {"effluent_type": "Sanitary", "material": "Polyvinyl Chloride", "geo_point_2d": {"lon": -123.11838271982663, "lat": 49.24427315964752}}}, {"type": "Feature", "geometry": {"coordinates": [[-123.1182137840532, 49.24422807327562], [-123.11861543098739, 49.24430583020347]], "type": "LineString"}, "properties": {"effluent_type": "Storm", "material": "Polyvinyl Chloride", "geo_point_2d": {"lon": -123.11841460752028, "lat": 49.24426695173955}}}, {"type": "Feature", "geometry": {"coordinates": [[-123.11854705528992, 49.243791219902455], [-123.11845471837478, 49.24378703288204]], "type": "LineString"}, "properties": {"effluent_type": "Storm", "material": "Polyvinyl Chloride", "geo_point_2d": {"lon": -123.11850088683236, "lat": 49.243789126392244}}}, {"type": "Feature", "geometry": {"coordinates": [[-123.11853231499755, 49.243780485718084], [-123.11846269757828, 49.24377419749169]], "type": "LineString"}, "properties": {"effluent_type": "Sanitary", "material": "Polyvinyl Chloride", "geo_point_2d": {"lon": -123.11849750628792, "lat": 49.24377734160488}}}, {"type": "Feature", "geometry": {"coordinates": [[-123.11845471837478, 49.24378703288204], [-123.11790977501263, 49.244100786514466]], "type": "LineString"}, "properties": {"effluent_type": "Storm", "material": "Polyvinyl Chloride", "geo_point_2d": {"lon": -123.1181822466937, "lat": 49.24394390969825}}}, {"type": "Feature", "geometry": {"coordinates": [[-123.11846243647113, 49.24377417077371], [-123.1178780323023, 49.24410439901139]], "type": "LineString"}, "properties": {"effluent_type": "Sanitary", "material": "Polyvinyl Chloride", "geo_point_2d": {"lon": -123.11817023438672, "lat": 49.24393928489255}}}, {"type": "Feature", "geometry": {"coordinates": [[-123.11843052569603, 49.249567070595006], [-123.11841678500501, 49.249567084679605]], "type": "LineString"}, "properties": {"effluent_type": "Sanitary", "material": "Polyvinyl Chloride", "geo_point_2d": {"lon": -123.11842365535051, "lat": 49.24956707763731}}}, {"type": "Feature", "geometry": {"coordinates": [[-123.11839571397347, 49.24957585863215], [-123.11839460913636, 49.249619495617594]], "type": "LineString"}, "properties": {"effluent_type": "Storm", "material": "Concrete", "geo_point_2d": {"lon": -123.11839516155493, "lat": 49.24959767712487}}}, {"type": "Feature", "geometry": {"coordinates": [[-123.10875543241859, 49.24836511485878], [-123.11011056618733, 49.2483905021125]], "type": "LineString"}, "properties": {"effluent_type": "Storm", "material": "Concrete", "geo_point_2d": {"lon": -123.10943299930294, "lat": 49.24837780848564}}}, {"type": "Feature", "geometry": {"coordinates": [[-123.11782449963198, 49.24406777104359], [-123.11790984377276, 49.244100813429995]], "type": "LineString"}, "properties": {"effluent_type": "Storm", "material": "Polyvinyl Chloride", "geo_point_2d": {"lon": -123.11786717170237, "lat": 49.24408429223679}}}, {"type": "Feature", "geometry": {"coordinates": [[-123.12864338411488, 49.24862938958062], [-123.12827960486815, 49.24862392018794]], "type": "LineString"}, "properties": {"effluent_type": "Combined", "material": "blank", "geo_point_2d": {"lon": -123.12846149449152, "lat": 49.248626654884276}}}, {"type": "Feature", "geometry": {"coordinates": [[-123.12124316413515, 49.24712389103147], [-123.1223602494197, 49.24714288961537]], "type": "LineString"}, "properties": {"effluent_type": "Sanitary", "material": "Polyvinyl Chloride", "geo_point_2d": {"lon": -123.12180170677745, "lat": 49.24713339032342}}}, {"type": "Feature", "geometry": {"coordinates": [[-123.1159830678556, 49.25516223510858], [-123.1170557378103, 49.25518082584893]], "type": "LineString"}, "properties": {"effluent_type": "Storm", "material": "blank", "geo_point_2d": {"lon": -123.11651940283295, "lat": 49.255171530478755}}}, {"type": "Feature", "geometry": {"coordinates": [[-123.11833525767528, 49.24203376735788], [-123.1183860720408, 49.24215818243573]], "type": "LineString"}, "properties": {"effluent_type": "Storm", "material": "blank", "geo_point_2d": {"lon": -123.11836066485805, "lat": 49.242095974896806}}}, {"type": "Feature", "geometry": {"coordinates": [[-123.10453740686253, 49.246073974117046], [-123.10496842175766, 49.24607988896715]], "type": "LineString"}, "properties": {"effluent_type": "Storm", "material": "Polyvinyl Chloride", "geo_point_2d": {"lon": -123.10475291431008, "lat": 49.2460769315421}}}, {"type": "Feature", "geometry": {"coordinates": [[-123.1102050911451, 49.24883712408178], [-123.11006367138832, 49.248996798278775]], "type": "LineString"}, "properties": {"effluent_type": "Combined", "material": "Concrete", "geo_point_2d": {"lon": -123.1101343812667, "lat": 49.24891696118028}}}, {"type": "Feature", "geometry": {"coordinates": [[-123.11864749920574, 49.247087312701126], [-123.11850945983933, 49.247084404998546]], "type": "LineString"}, "properties": {"effluent_type": "Storm", "material": "Vitrified Clay", "geo_point_2d": {"lon": -123.11857847952254, "lat": 49.247085858849836}}}, {"type": "Feature", "geometry": {"coordinates": [[-123.11851136192169, 49.24697781853786], [-123.11850945983933, 49.247084404998546]], "type": "LineString"}, "properties": {"effluent_type": "Storm", "material": "Vitrified Clay", "geo_point_2d": {"lon": -123.1185104108805, "lat": 49.2470311117682}}}, {"type": "Feature", "geometry": {"coordinates": [[-123.11842467630254, 49.249097732534516], [-123.11842290192826, 49.24918888301038]], "type": "LineString"}, "properties": {"effluent_type": "Sanitary", "material": "Polyvinyl Chloride", "geo_point_2d": {"lon": -123.1184237891154, "lat": 49.24914330777245}}}, {"type": "Feature", "geometry": {"coordinates": [[-123.11840098375046, 49.25005573066074], [-123.11837568290596, 49.25065753729073]], "type": "LineString"}, "properties": {"effluent_type": "Sanitary", "material": "Polyvinyl Chloride", "geo_point_2d": {"lon": -123.1183883333282, "lat": 49.250356633975734}}}, {"type": "Feature", "geometry": {"coordinates": [[-123.11838136156139, 49.25013033919633], [-123.11836111261378, 49.2506497803427]], "type": "LineString"}, "properties": {"effluent_type": "Storm", "material": "Concrete", "geo_point_2d": {"lon": -123.11837123708759, "lat": 49.250390059769515}}}, {"type": "Feature", "geometry": {"coordinates": [[-123.10803928916644, 49.24339918538138], [-123.10803021956262, 49.24337944032074]], "type": "LineString"}, "properties": {"effluent_type": "Storm", "material": "Polyvinyl Chloride", "geo_point_2d": {"lon": -123.10803475436451, "lat": 49.24338931285106}}}, {"type": "Feature", "geometry": {"coordinates": [[-123.11859130762363, 49.25521821816558], [-123.12006089180406, 49.25524534114554]], "type": "LineString"}, "properties": {"effluent_type": "Storm", "material": "Vitrified Clay", "geo_point_2d": {"lon": -123.11932609971385, "lat": 49.25523177965556}}}, {"type": "Feature", "geometry": {"coordinates": [[-123.10803509135442, 49.247760060887884], [-123.10750622180004, 49.24774986789872]], "type": "LineString"}, "properties": {"effluent_type": "Combined", "material": "Vitrified Clay", "geo_point_2d": {"lon": -123.10777065657724, "lat": 49.2477549643933}}}, {"type": "Feature", "geometry": {"coordinates": [[-123.11810628400683, 49.25696210523943], [-123.11903255260053, 49.25698149284181]], "type": "LineString"}, "properties": {"effluent_type": "Storm", "material": "Concrete", "geo_point_2d": {"lon": -123.11856941830368, "lat": 49.25697179904062}}}, {"type": "Feature", "geometry": {"coordinates": [[-123.11443289420811, 49.255344998578316], [-123.11266948496758, 49.255311542402104]], "type": "LineString"}, "properties": {"effluent_type": "Storm", "material": "Polyvinyl Chloride", "geo_point_2d": {"lon": -123.11355118958784, "lat": 49.25532827049022}}}, {"type": "Feature", "geometry": {"coordinates": [[-123.10670966851724, 49.24406856038543], [-123.10667736216739, 49.24422545814952]], "type": "LineString"}, "properties": {"effluent_type": "Storm", "material": "Concrete", "geo_point_2d": {"lon": -123.10669351534231, "lat": 49.24414700926748}}}, {"type": "Feature", "geometry": {"coordinates": [[-123.12012268801399, 49.25430972001653], [-123.12113446599783, 49.2543348217351]], "type": "LineString"}, "properties": {"effluent_type": "Storm", "material": "Concrete", "geo_point_2d": {"lon": -123.1206285770059, "lat": 49.25432227087582}}}, {"type": "Feature", "geometry": {"coordinates": [[-123.12468314843724, 49.250189915018574], [-123.12465908787892, 49.25077921832714]], "type": "LineString"}, "properties": {"effluent_type": "Sanitary", "material": "Concrete", "geo_point_2d": {"lon": -123.12467111815809, "lat": 49.25048456667285}}}, {"type": "Feature", "geometry": {"coordinates": [[-123.11823314804707, 49.255076811584374], [-123.11820327918254, 49.25521777924996]], "type": "LineString"}, "properties": {"effluent_type": "Sanitary", "material": "Polyvinyl Chloride", "geo_point_2d": {"lon": -123.1182182136148, "lat": 49.25514729541717}}}, {"type": "Feature", "geometry": {"coordinates": [[-123.11906787473342, 49.256080135638555], [-123.12011250456405, 49.25609916766103]], "type": "LineString"}, "properties": {"effluent_type": "Sanitary", "material": "Vitrified Clay", "geo_point_2d": {"lon": -123.11959018964873, "lat": 49.25608965164979}}}, {"type": "Feature", "geometry": {"coordinates": [[-123.11684532588403, 49.256046666749185], [-123.11817603080763, 49.25607080574957]], "type": "LineString"}, "properties": {"effluent_type": "Storm", "material": "Concrete", "geo_point_2d": {"lon": -123.11751067834584, "lat": 49.25605873624937}}}, {"type": "Feature", "geometry": {"coordinates": [[-123.10979440993846, 49.24382198897024], [-123.10900753114674, 49.24311776834709]], "type": "LineString"}, "properties": {"effluent_type": "Combined", "material": "blank", "geo_point_2d": {"lon": -123.10940097054258, "lat": 49.243469878658665}}}, {"type": "Feature", "geometry": {"coordinates": [[-123.12613801110143, 49.24906958116918], [-123.12655670468443, 49.2490765803244]], "type": "LineString"}, "properties": {"effluent_type": "Combined", "material": "Concrete", "geo_point_2d": {"lon": -123.12634735789294, "lat": 49.24907308074679}}}, {"type": "Feature", "geometry": {"coordinates": [[-123.11687243807738, 49.25604008181242], [-123.11815776380979, 49.25606371821005]], "type": "LineString"}, "properties": {"effluent_type": "Sanitary", "material": "Vitrified Clay", "geo_point_2d": {"lon": -123.11751510094358, "lat": 49.25605190001124}}}, {"type": "Feature", "geometry": {"coordinates": [[-123.10967855174339, 49.255261915330856], [-123.10842926738516, 49.255237314231124]], "type": "LineString"}, "properties": {"effluent_type": "Sanitary", "material": "Polyvinyl Chloride", "geo_point_2d": {"lon": -123.10905390956427, "lat": 49.25524961478099}}}, {"type": "Feature", "geometry": {"coordinates": [[-123.11276326974952, 49.25394526583937], [-123.11263414931923, 49.25404138879204]], "type": "LineString"}, "properties": {"effluent_type": "Storm", "material": "Concrete", "geo_point_2d": {"lon": -123.11269870953437, "lat": 49.253993327315705}}}, {"type": "Feature", "geometry": {"coordinates": [[-123.12069602429196, 49.256154635745325], [-123.12203965987807, 49.25618753205152]], "type": "LineString"}, "properties": {"effluent_type": "Sanitary", "material": "Polyvinyl Chloride", "geo_point_2d": {"lon": -123.12136784208501, "lat": 49.25617108389842}}}, {"type": "Feature", "geometry": {"coordinates": [[-123.10750842283097, 49.24770043705684], [-123.10750622180004, 49.24774986789872]], "type": "LineString"}, "properties": {"effluent_type": "Storm", "material": "Vitrified Clay", "geo_point_2d": {"lon": -123.1075073223155, "lat": 49.247725152477784}}}, {"type": "Feature", "geometry": {"coordinates": [[-123.10750622180004, 49.24774986789872], [-123.10750413825515, 49.247796456137884]], "type": "LineString"}, "properties": {"effluent_type": "Combined", "material": "Vitrified Clay", "geo_point_2d": {"lon": -123.1075051800276, "lat": 49.247773162018305}}}, {"type": "Feature", "geometry": {"coordinates": [[-123.12465889964864, 49.24904538828272], [-123.12476839841709, 49.249050874109535]], "type": "LineString"}, "properties": {"effluent_type": "Storm", "material": "Vitrified Clay", "geo_point_2d": {"lon": -123.12471364903286, "lat": 49.249048131196126}}}, {"type": "Feature", "geometry": {"coordinates": [[-123.12397916781775, 49.25076880486966], [-123.12397799284457, 49.25079345305214]], "type": "LineString"}, "properties": {"effluent_type": "Combined", "material": "Concrete", "geo_point_2d": {"lon": -123.12397858033117, "lat": 49.2507811289609}}}, {"type": "Feature", "geometry": {"coordinates": [[-123.10980235105994, 49.251505105131905], [-123.10997327287396, 49.25155819429425]], "type": "LineString"}, "properties": {"effluent_type": "Combined", "material": "Vitrified Clay", "geo_point_2d": {"lon": -123.10988781196696, "lat": 49.25153164971308}}}, {"type": "Feature", "geometry": {"coordinates": [[-123.1211189079025, 49.25523261502003], [-123.12207050961116, 49.25525037754056]], "type": "LineString"}, "properties": {"effluent_type": "Storm", "material": "Concrete", "geo_point_2d": {"lon": -123.12159470875683, "lat": 49.25524149628029}}}, {"type": "Feature", "geometry": {"coordinates": [[-123.11264758414333, 49.25190746595112], [-123.11266258589541, 49.25156159392329]], "type": "LineString"}, "properties": {"effluent_type": "Storm", "material": "Vitrified Clay", "geo_point_2d": {"lon": -123.11265508501937, "lat": 49.25173452993721}}}, {"type": "Feature", "geometry": {"coordinates": [[-123.12757332728324, 49.25161938457781], [-123.1275715562915, 49.25176400277574]], "type": "LineString"}, "properties": {"effluent_type": "Storm", "material": "Polyvinyl Chloride", "geo_point_2d": {"lon": -123.12757244178738, "lat": 49.251691693676776}}}, {"type": "Feature", "geometry": {"coordinates": [[-123.1127677421234, 49.25342316980606], [-123.1145119792875, 49.25345499735501]], "type": "LineString"}, "properties": {"effluent_type": "Sanitary", "material": "Vitrified Clay", "geo_point_2d": {"lon": -123.11363986070545, "lat": 49.25343908358053}}}, {"type": "Feature", "geometry": {"coordinates": [[-123.11007213037914, 49.25431590054694], [-123.11145017638772, 49.25434375993681]], "type": "LineString"}, "properties": {"effluent_type": "Storm", "material": "Polyvinyl Chloride", "geo_point_2d": {"lon": -123.11076115338344, "lat": 49.25432983024187}}}, {"type": "Feature", "geometry": {"coordinates": [[-123.10744584846726, 49.248928155258774], [-123.10747008441369, 49.24836997872994]], "type": "LineString"}, "properties": {"effluent_type": "Storm", "material": "Vitrified Clay", "geo_point_2d": {"lon": -123.10745796644046, "lat": 49.24864906699436}}}, {"type": "Feature", "geometry": {"coordinates": [[-123.12581690543207, 49.25440563819152], [-123.12443303682268, 49.254383326577525]], "type": "LineString"}, "properties": {"effluent_type": "Combined", "material": "Concrete", "geo_point_2d": {"lon": -123.12512497112738, "lat": 49.25439448238453}}}, {"type": "Feature", "geometry": {"coordinates": [[-123.12400598979748, 49.2500773219463], [-123.12400103569841, 49.250184100618675]], "type": "LineString"}, "properties": {"effluent_type": "Combined", "material": "Vitrified Clay", "geo_point_2d": {"lon": -123.12400351274793, "lat": 49.25013071128249}}}, {"type": "Feature", "geometry": {"coordinates": [[-123.12437307535053, 49.249671863227945], [-123.12356083896441, 49.24965818048504]], "type": "LineString"}, "properties": {"effluent_type": "Combined", "material": "Vitrified Clay", "geo_point_2d": {"lon": -123.12396695715748, "lat": 49.249665021856494}}}, {"type": "Feature", "geometry": {"coordinates": [[-123.12453352418221, 49.25008627146696], [-123.12400598979748, 49.2500773219463]], "type": "LineString"}, "properties": {"effluent_type": "Combined", "material": "Vitrified Clay", "geo_point_2d": {"lon": -123.12426975698985, "lat": 49.25008179670663}}}, {"type": "Feature", "geometry": {"coordinates": [[-123.11006367138832, 49.248996798278775], [-123.10999657861227, 49.25055649075061], [-123.10997315503722, 49.251560821012106], [-123.10995592433046, 49.25196336472128]], "type": "LineString"}, "properties": {"effluent_type": "Combined", "material": "blank", "geo_point_2d": {"lon": -123.11000590805511, "lat": 49.25047995213029}}}, {"type": "Feature", "geometry": {"coordinates": [[-123.12025833580574, 49.25160010071118], [-123.12022058377343, 49.25252619838171]], "type": "LineString"}, "properties": {"effluent_type": "Storm", "material": "Concrete", "geo_point_2d": {"lon": -123.12023945978959, "lat": 49.252063149546444}}}, {"type": "Feature", "geometry": {"coordinates": [[-123.12460539534902, 49.25160117007195], [-123.12456958797662, 49.252536001450686]], "type": "LineString"}, "properties": {"effluent_type": "Combined", "material": "Concrete", "geo_point_2d": {"lon": -123.12458749166282, "lat": 49.25206858576132}}}, {"type": "Feature", "geometry": {"coordinates": [[-123.12835427044757, 49.24726695155965], [-123.12831574737552, 49.248185812311405]], "type": "LineString"}, "properties": {"effluent_type": "Sanitary", "material": "Concrete", "geo_point_2d": {"lon": -123.12833500891155, "lat": 49.24772638193553}}}, {"type": "Feature", "geometry": {"coordinates": [[-123.1127438308085, 49.25246351079605], [-123.11273047486422, 49.25244576725708]], "type": "LineString"}, "properties": {"effluent_type": "Storm", "material": "Vitrified Clay", "geo_point_2d": {"lon": -123.11273715283636, "lat": 49.25245463902657}}}, {"type": "Feature", "geometry": {"coordinates": [[-123.11927079038816, 49.24166883087846], [-123.11924959230144, 49.24218824694252]], "type": "LineString"}, "properties": {"effluent_type": "Combined", "material": "Concrete", "geo_point_2d": {"lon": -123.11926019134482, "lat": 49.241928538910486}}}, {"type": "Feature", "geometry": {"coordinates": [[-123.11857450440789, 49.25520825071819], [-123.12008017385745, 49.25524033775492]], "type": "LineString"}, "properties": {"effluent_type": "Sanitary", "material": "Vitrified Clay", "geo_point_2d": {"lon": -123.11932733913267, "lat": 49.255224294236555}}}, {"type": "Feature", "geometry": {"coordinates": [[-123.10667420427954, 49.24422645054141], [-123.10737253510355, 49.24483770454315]], "type": "LineString"}, "properties": {"effluent_type": "Storm", "material": "Concrete", "geo_point_2d": {"lon": -123.10702336969155, "lat": 49.24453207754228}}}, {"type": "Feature", "geometry": {"coordinates": [[-123.11451163493113, 49.25393584627583], [-123.11451095168796, 49.25394939375654]], "type": "LineString"}, "properties": {"effluent_type": "Storm", "material": "blank", "geo_point_2d": {"lon": -123.11451129330955, "lat": 49.25394262001619}}}, {"type": "Feature", "geometry": {"coordinates": [[-123.11518248629672, 49.25215109389165], [-123.11512388040055, 49.253493068704266]], "type": "LineString"}, "properties": {"effluent_type": "Storm", "material": "Concrete", "geo_point_2d": {"lon": -123.11515318334864, "lat": 49.25282208129796}}}, {"type": "Feature", "geometry": {"coordinates": [[-123.12022473172202, 49.252525375500035], [-123.12018788732934, 49.25251835258369]], "type": "LineString"}, "properties": {"effluent_type": "Combined", "material": "Vitrified Clay", "geo_point_2d": {"lon": -123.12020630952567, "lat": 49.25252186404187}}}, {"type": "Feature", "geometry": {"coordinates": [[-123.11458656468686, 49.25160639594381], [-123.11457076589814, 49.252106770987965]], "type": "LineString"}, "properties": {"effluent_type": "Storm", "material": "Polyvinyl Chloride", "geo_point_2d": {"lon": -123.1145786652925, "lat": 49.25185658346589}}}, {"type": "Feature", "geometry": {"coordinates": [[-123.11850203319823, 49.253396561611694], [-123.12015202430001, 49.25343091030837]], "type": "LineString"}, "properties": {"effluent_type": "Sanitary", "material": "Polyvinyl Chloride", "geo_point_2d": {"lon": -123.11932702874911, "lat": 49.25341373596004}}}, {"type": "Feature", "geometry": {"coordinates": [[-123.10805422895791, 49.243395402404495], [-123.10803658091098, 49.24336693099165]], "type": "LineString"}, "properties": {"effluent_type": "Sanitary", "material": "Polyvinyl Chloride", "geo_point_2d": {"lon": -123.10804540493446, "lat": 49.24338116669807}}}, {"type": "Feature", "geometry": {"coordinates": [[-123.11521441984287, 49.247024996267335], [-123.11535868949773, 49.24702476234994]], "type": "LineString"}, "properties": {"effluent_type": "Storm", "material": "Polyvinyl Chloride", "geo_point_2d": {"lon": -123.11528655467029, "lat": 49.24702487930864}}}, {"type": "Feature", "geometry": {"coordinates": [[-123.1055598042199, 49.246065065703355], [-123.10556017392761, 49.24605158151066]], "type": "LineString"}, "properties": {"effluent_type": "Combined", "material": "Vitrified Clay", "geo_point_2d": {"lon": -123.10555998907375, "lat": 49.24605832360701}}}, {"type": "Feature", "geometry": {"coordinates": [[-123.10556017266278, 49.24603809765692], [-123.10556017392761, 49.24605158151066]], "type": "LineString"}, "properties": {"effluent_type": "Combined", "material": "Vitrified Clay", "geo_point_2d": {"lon": -123.10556017329522, "lat": 49.24604483958379}}}, {"type": "Feature", "geometry": {"coordinates": [[-123.11832222706428, 49.25157612156915], [-123.11830824711969, 49.25199952313687]], "type": "LineString"}, "properties": {"effluent_type": "Storm", "material": "Concrete", "geo_point_2d": {"lon": -123.11831523709199, "lat": 49.25178782235301}}}, {"type": "Feature", "geometry": {"coordinates": [[-123.10727379042578, 49.242985910884656], [-123.10765369631812, 49.243319910495664]], "type": "LineString"}, "properties": {"effluent_type": "Storm", "material": "Vitrified Clay", "geo_point_2d": {"lon": -123.10746374337195, "lat": 49.243152910690156}}}, {"type": "Feature", "geometry": {"coordinates": [[-123.10995592433046, 49.25196336472128], [-123.10988030712943, 49.253648125000446]], "type": "LineString"}, "properties": {"effluent_type": "Combined", "material": "blank", "geo_point_2d": {"lon": -123.10991811572995, "lat": 49.252805744860865}}}, {"type": "Feature", "geometry": {"coordinates": [[-123.12160145018568, 49.24226755310998], [-123.12279370146831, 49.242309136351885]], "type": "LineString"}, "properties": {"effluent_type": "Combined", "material": "Concrete", "geo_point_2d": {"lon": -123.12219757582699, "lat": 49.24228834473094}}}, {"type": "Feature", "geometry": {"coordinates": [[-123.11606754172061, 49.25255994958568], [-123.11608374924032, 49.252457117894295]], "type": "LineString"}, "properties": {"effluent_type": "Storm", "material": "Polyvinyl Chloride", "geo_point_2d": {"lon": -123.11607564548046, "lat": 49.25250853373998}}}, {"type": "Feature", "geometry": {"coordinates": [[-123.11268819475205, 49.25532042942198], [-123.11267446560983, 49.255320181950594]], "type": "LineString"}, "properties": {"effluent_type": "Sanitary", "material": "Vitrified Clay", "geo_point_2d": {"lon": -123.11268133018095, "lat": 49.25532030568628}}}, {"type": "Feature", "geometry": {"coordinates": [[-123.11707934220514, 49.24751452192517], [-123.11655328686577, 49.24750878415768]], "type": "LineString"}, "properties": {"effluent_type": "Storm", "material": "Vitrified Clay", "geo_point_2d": {"lon": -123.11681631453546, "lat": 49.24751165304143}}}, {"type": "Feature", "geometry": {"coordinates": [[-123.11445037138478, 49.24581512323895], [-123.1144413941517, 49.24608633843615]], "type": "LineString"}, "properties": {"effluent_type": "Combined", "material": "Vitrified Clay", "geo_point_2d": {"lon": -123.11444588276824, "lat": 49.24595073083755}}}, {"type": "Feature", "geometry": {"coordinates": [[-123.12163265280253, 49.24613365515559], [-123.12238783557726, 49.24615181956621]], "type": "LineString"}, "properties": {"effluent_type": "Combined", "material": "Concrete", "geo_point_2d": {"lon": -123.1220102441899, "lat": 49.2461427373609}}}, {"type": "Feature", "geometry": {"coordinates": [[-123.10626055710975, 49.2452189882329], [-123.10627693810733, 49.245233419511955]], "type": "LineString"}, "properties": {"effluent_type": "Combined", "material": "Vitrified Clay", "geo_point_2d": {"lon": -123.10626874760852, "lat": 49.24522620387242}}}, {"type": "Feature", "geometry": {"coordinates": [[-123.12458488591147, 49.251581834464496], [-123.12444013988069, 49.25162195624758]], "type": "LineString"}, "properties": {"effluent_type": "Storm", "material": "blank", "geo_point_2d": {"lon": -123.12451251289608, "lat": 49.25160189535604}}}, {"type": "Feature", "geometry": {"coordinates": [[-123.11454903341738, 49.25249559310594], [-123.11453085636434, 49.25299583549668]], "type": "LineString"}, "properties": {"effluent_type": "Sanitary", "material": "Vitrified Clay", "geo_point_2d": {"lon": -123.11453994489085, "lat": 49.25274571430131}}}, {"type": "Feature", "geometry": {"coordinates": [[-123.11459676908957, 49.25159220035255], [-123.1145804916652, 49.252099466215896], [-123.11457088124395, 49.25210317278383]], "type": "LineString"}, "properties": {"effluent_type": "Sanitary", "material": "Polyvinyl Chloride", "geo_point_2d": {"lon": -123.11458837290171, "lat": 49.25185091532076}}}, {"type": "Feature", "geometry": {"coordinates": [[-123.12279370146831, 49.242309136351885], [-123.123571516924, 49.24233599434596]], "type": "LineString"}, "properties": {"effluent_type": "Combined", "material": "Concrete", "geo_point_2d": {"lon": -123.12318260919616, "lat": 49.24232256534892}}}, {"type": "Feature", "geometry": {"coordinates": [[-123.11444461448687, 49.25530255651984], [-123.114442414508, 49.25535553154548]], "type": "LineString"}, "properties": {"effluent_type": "Sanitary", "material": "Vitrified Clay", "geo_point_2d": {"lon": -123.11444351449744, "lat": 49.25532904403266}}}, {"type": "Feature", "geometry": {"coordinates": [[-123.11447037628535, 49.24520289674337], [-123.11446245040334, 49.24566137372267]], "type": "LineString"}, "properties": {"effluent_type": "Combined", "material": "Vitrified Clay", "geo_point_2d": {"lon": -123.11446641334435, "lat": 49.24543213523302}}}, {"type": "Feature", "geometry": {"coordinates": [[-123.11235910075082, 49.24510899921129], [-123.11233772442164, 49.245618761964266]], "type": "LineString"}, "properties": {"effluent_type": "Storm", "material": "Vitrified Clay", "geo_point_2d": {"lon": -123.11234841258623, "lat": 49.245363880587774}}}, {"type": "Feature", "geometry": {"coordinates": [[-123.12460872403447, 49.251504206944084], [-123.12460629407136, 49.25157607242313]], "type": "LineString"}, "properties": {"effluent_type": "Storm", "material": "Concrete", "geo_point_2d": {"lon": -123.12460750905291, "lat": 49.251540139683605}}}, {"type": "Feature", "geometry": {"coordinates": [[-123.11001338008516, 49.255266787232735], [-123.11201612740604, 49.25530866956892]], "type": "LineString"}, "properties": {"effluent_type": "Sanitary", "material": "Polyvinyl Chloride", "geo_point_2d": {"lon": -123.1110147537456, "lat": 49.25528772840083}}}, {"type": "Feature", "geometry": {"coordinates": [[-123.11201612740604, 49.25530866956892], [-123.11257399347222, 49.25531929041684], [-123.11258277014636, 49.25531119516274]], "type": "LineString"}, "properties": {"effluent_type": "Sanitary", "material": "Polyvinyl Chloride", "geo_point_2d": {"lon": -123.11230099623383, "lat": 49.25531400644941}}}, {"type": "Feature", "geometry": {"coordinates": [[-123.12012260798626, 49.25611158854872], [-123.12014167500163, 49.255247793821866]], "type": "LineString"}, "properties": {"effluent_type": "Storm", "material": "Concrete", "geo_point_2d": {"lon": -123.12013214149394, "lat": 49.25567969118529}}}, {"type": "Feature", "geometry": {"coordinates": [[-123.1099809324454, 49.256249320857314], [-123.11156486168228, 49.25628016702284]], "type": "LineString"}, "properties": {"effluent_type": "Storm", "material": "Polyvinyl Chloride", "geo_point_2d": {"lon": -123.11077289706382, "lat": 49.25626474394008}}}, {"type": "Feature", "geometry": {"coordinates": [[-123.11437262467201, 49.25678027229772], [-123.11438665295586, 49.25633888108403]], "type": "LineString"}, "properties": {"effluent_type": "Combined", "material": "Vitrified Clay", "geo_point_2d": {"lon": -123.11437963881394, "lat": 49.256559576690876}}}, {"type": "Feature", "geometry": {"coordinates": [[-123.10761998589167, 49.243328559341194], [-123.10638479562309, 49.24364200902581]], "type": "LineString"}, "properties": {"effluent_type": "Storm", "material": "Concrete", "geo_point_2d": {"lon": -123.10700239075739, "lat": 49.24348528418351}}}, {"type": "Feature", "geometry": {"coordinates": [[-123.11266948496758, 49.255311542402104], [-123.11259293045752, 49.255325361727145]], "type": "LineString"}, "properties": {"effluent_type": "Storm", "material": "blank", "geo_point_2d": {"lon": -123.11263120771255, "lat": 49.25531845206463}}}, {"type": "Feature", "geometry": {"coordinates": [[-123.11835394691431, 49.243357964367846], [-123.11841551137833, 49.24328326778921]], "type": "LineString"}, "properties": {"effluent_type": "Combined", "material": "Vitrified Clay", "geo_point_2d": {"lon": -123.11838472914633, "lat": 49.24332061607853}}}, {"type": "Feature", "geometry": {"coordinates": [[-123.1239521456432, 49.2516989492443], [-123.12392973361568, 49.2516989732873]], "type": "LineString"}, "properties": {"effluent_type": "Combined", "material": "Vitrified Clay", "geo_point_2d": {"lon": -123.12394093962945, "lat": 49.2516989612658}}}, {"type": "Feature", "geometry": {"coordinates": [[-123.1204104811059, 49.24807519806581], [-123.12036987568416, 49.24907445752908]], "type": "LineString"}, "properties": {"effluent_type": "Combined", "material": "Concrete", "geo_point_2d": {"lon": -123.12039017839504, "lat": 49.24857482779745}}}, {"type": "Feature", "geometry": {"coordinates": [[-123.11524970888051, 49.254759857196106], [-123.11528103265383, 49.25403634033716]], "type": "LineString"}, "properties": {"effluent_type": "Storm", "material": "Polyvinyl Chloride", "geo_point_2d": {"lon": -123.11526537076718, "lat": 49.25439809876662}}}, {"type": "Feature", "geometry": {"coordinates": [[-123.11274082716938, 49.2511083381405], [-123.11272126489236, 49.251563236784946]], "type": "LineString"}, "properties": {"effluent_type": "Storm", "material": "Vitrified Clay", "geo_point_2d": {"lon": -123.11273104603086, "lat": 49.25133578746273}}}, {"type": "Feature", "geometry": {"coordinates": [[-123.11440542021884, 49.25602152020746], [-123.11438665295586, 49.25633888108403]], "type": "LineString"}, "properties": {"effluent_type": "Combined", "material": "Vitrified Clay", "geo_point_2d": {"lon": -123.11439603658737, "lat": 49.256180200645744}}}, {"type": "Feature", "geometry": {"coordinates": [[-123.1269344550492, 49.25262766139583], [-123.1267338180285, 49.252623743853846]], "type": "LineString"}, "properties": {"effluent_type": "Storm", "material": "Polyvinyl Chloride", "geo_point_2d": {"lon": -123.12683413653885, "lat": 49.25262570262484}}}, {"type": "Feature", "geometry": {"coordinates": [[-123.12589781393864, 49.2535446083645], [-123.12447014115614, 49.25352009611766]], "type": "LineString"}, "properties": {"effluent_type": "Combined", "material": "Vitrified Clay", "geo_point_2d": {"lon": -123.12518397754738, "lat": 49.25353235224107}}}, {"type": "Feature", "geometry": {"coordinates": [[-123.1273863416524, 49.244507772139], [-123.12737329415565, 49.24530555603572], [-123.12736635047098, 49.24543707403411]], "type": "LineString"}, "properties": {"effluent_type": "Combined", "material": "Concrete", "geo_point_2d": {"lon": -123.12737840176517, "lat": 49.24497249414011}}}, {"type": "Feature", "geometry": {"coordinates": [[-123.10631174517839, 49.243667721692795], [-123.10673326364308, 49.24405809511938]], "type": "LineString"}, "properties": {"effluent_type": "Sanitary", "material": "Concrete", "geo_point_2d": {"lon": -123.10652250441072, "lat": 49.243862908406086}}}, {"type": "Feature", "geometry": {"coordinates": [[-123.11467752900101, 49.24957619995631], [-123.11466156003243, 49.2501566958499]], "type": "LineString"}, "properties": {"effluent_type": "Combined", "material": "Vitrified Clay", "geo_point_2d": {"lon": -123.11466954451673, "lat": 49.2498664479031}}}, {"type": "Feature", "geometry": {"coordinates": [[-123.11231909655221, 49.24605019150124], [-123.11148198102251, 49.24602849624433]], "type": "LineString"}, "properties": {"effluent_type": "Combined", "material": "Vitrified Clay", "geo_point_2d": {"lon": -123.11190053878735, "lat": 49.24603934387278}}}, {"type": "Feature", "geometry": {"coordinates": [[-123.11112216136472, 49.25339217457143], [-123.1127677421234, 49.25342316980606]], "type": "LineString"}, "properties": {"effluent_type": "Sanitary", "material": "Polyvinyl Chloride", "geo_point_2d": {"lon": -123.11194495174405, "lat": 49.25340767218874}}}, {"type": "Feature", "geometry": {"coordinates": [[-123.12015322042414, 49.25520894045682], [-123.12111902387966, 49.25522946657153]], "type": "LineString"}, "properties": {"effluent_type": "Storm", "material": "Concrete", "geo_point_2d": {"lon": -123.1206361221519, "lat": 49.25521920351417}}}, {"type": "Feature", "geometry": {"coordinates": [[-123.11000310390546, 49.25624524290661], [-123.11158437655487, 49.25627424731429]], "type": "LineString"}, "properties": {"effluent_type": "Sanitary", "material": "Polyvinyl Chloride", "geo_point_2d": {"lon": -123.11079374023016, "lat": 49.25625974511045}}}, {"type": "Feature", "geometry": {"coordinates": [[-123.11156486168228, 49.25628016702284], [-123.11242856554823, 49.25629654662534]], "type": "LineString"}, "properties": {"effluent_type": "Storm", "material": "Polyvinyl Chloride", "geo_point_2d": {"lon": -123.11199671361526, "lat": 49.25628835682408}}}, {"type": "Feature", "geometry": {"coordinates": [[-123.12595906344805, 49.25171455321854], [-123.12465759608914, 49.25169844210081], [-123.12463408355566, 49.251692530619025]], "type": "LineString"}, "properties": {"effluent_type": "Sanitary", "material": "Vitrified Clay", "geo_point_2d": {"lon": -123.1252962152335, "lat": 49.25170629630299}}}, {"type": "Feature", "geometry": {"coordinates": [[-123.12050107273811, 49.245394047422614], [-123.12047573236711, 49.24618842501922]], "type": "LineString"}, "properties": {"effluent_type": "Combined", "material": "Concrete", "geo_point_2d": {"lon": -123.12048840255261, "lat": 49.24579123622091}}}, {"type": "Feature", "geometry": {"coordinates": [[-123.12393362361098, 49.251611625474965], [-123.12392973361568, 49.2516989732873]], "type": "LineString"}, "properties": {"effluent_type": "Combined", "material": "Concrete", "geo_point_2d": {"lon": -123.12393167861333, "lat": 49.25165529938113}}}, {"type": "Feature", "geometry": {"coordinates": [[-123.12461971366636, 49.25117532063189], [-123.12461856551637, 49.25121050220023]], "type": "LineString"}, "properties": {"effluent_type": "Storm", "material": "Concrete", "geo_point_2d": {"lon": -123.12461913959137, "lat": 49.251192911416055}}}, {"type": "Feature", "geometry": {"coordinates": [[-123.12463862824328, 49.251210741419584], [-123.12462288973111, 49.25156364111158], [-123.12460629407136, 49.25157607242313]], "type": "LineString"}, "properties": {"effluent_type": "Sanitary", "material": "Concrete", "geo_point_2d": {"lon": -123.12462986261708, "lat": 49.251397318996304}}}, {"type": "Feature", "geometry": {"coordinates": [[-123.12208435420705, 49.25435573426367], [-123.12212691197325, 49.25437745772079]], "type": "LineString"}, "properties": {"effluent_type": "Combined", "material": "Concrete", "geo_point_2d": {"lon": -123.12210563309014, "lat": 49.25436659599223}}}, {"type": "Feature", "geometry": {"coordinates": [[-123.120121686652, 49.25433311762783], [-123.12012255932487, 49.254313318238786]], "type": "LineString"}, "properties": {"effluent_type": "Storm", "material": "Vitrified Clay", "geo_point_2d": {"lon": -123.12012212298843, "lat": 49.254323217933305}}}, {"type": "Feature", "geometry": {"coordinates": [[-123.10872779287783, 49.246002615207644], [-123.10870136910656, 49.24612676530018], [-123.10867877524801, 49.24613043862115]], "type": "LineString"}, "properties": {"effluent_type": "Sanitary", "material": "Concrete", "geo_point_2d": {"lon": -123.10871083640531, "lat": 49.24607445502383}}}, {"type": "Feature", "geometry": {"coordinates": [[-123.11888512940635, 49.24612432660142], [-123.11931628849958, 49.24613215773124]], "type": "LineString"}, "properties": {"effluent_type": "Combined", "material": "Vitrified Clay", "geo_point_2d": {"lon": -123.11910070895297, "lat": 49.24612824216633}}}, {"type": "Feature", "geometry": {"coordinates": [[-123.11314460847142, 49.246982389542374], [-123.11228033520185, 49.24697055845234]], "type": "LineString"}, "properties": {"effluent_type": "Combined", "material": "Vitrified Clay", "geo_point_2d": {"lon": -123.11271247183662, "lat": 49.246976473997364}}}, {"type": "Feature", "geometry": {"coordinates": [[-123.11443158051813, 49.24630483338549], [-123.11440050078593, 49.247006483333735]], "type": "LineString"}, "properties": {"effluent_type": "Combined", "material": "Vitrified Clay", "geo_point_2d": {"lon": -123.11441604065203, "lat": 49.246655658359614}}}, {"type": "Feature", "geometry": {"coordinates": [[-123.1194020545027, 49.24895931542417], [-123.11849887864891, 49.24893828797172]], "type": "LineString"}, "properties": {"effluent_type": "Combined", "material": "Vitrified Clay", "geo_point_2d": {"lon": -123.1189504665758, "lat": 49.24894880169795}}}, {"type": "Feature", "geometry": {"coordinates": [[-123.11764173399928, 49.24424997591583], [-123.1171186252439, 49.24462733585349], [-123.11710551268216, 49.244636749167526]], "type": "LineString"}, "properties": {"effluent_type": "Storm", "material": "Polyvinyl Chloride", "geo_point_2d": {"lon": -123.11737363392837, "lat": 49.2444433772543}}}, {"type": "Feature", "geometry": {"coordinates": [[-123.1267338180285, 49.252623743853846], [-123.12590681630195, 49.252610444606944]], "type": "LineString"}, "properties": {"effluent_type": "Storm", "material": "Polyvinyl Chloride", "geo_point_2d": {"lon": -123.12632031716522, "lat": 49.252617094230395}}}, {"type": "Feature", "geometry": {"coordinates": [[-123.1267387754179, 49.25294450809914], [-123.12674599026148, 49.252654853976374], [-123.12673277466155, 49.25264560339296], [-123.1267338180285, 49.252623743853846]], "type": "LineString"}, "properties": {"effluent_type": "Combined", "material": "Vitrified Clay", "geo_point_2d": {"lon": -123.12674162846635, "lat": 49.25278130788235}}}, {"type": "Feature", "geometry": {"coordinates": [[-123.11443705589743, 49.25530242008331], [-123.11443545478474, 49.2553410021648]], "type": "LineString"}, "properties": {"effluent_type": "Storm", "material": "Vitrified Clay", "geo_point_2d": {"lon": -123.11443625534109, "lat": 49.255321711124054}}}, {"type": "Feature", "geometry": {"coordinates": [[-123.1111771911173, 49.25195149164159], [-123.11115587953903, 49.252417212888055]], "type": "LineString"}, "properties": {"effluent_type": "Storm", "material": "Vitrified Clay", "geo_point_2d": {"lon": -123.11116653532817, "lat": 49.25218435226482}}}, {"type": "Feature", "geometry": {"coordinates": [[-123.11063807093021, 49.25384950647542], [-123.11237649642383, 49.253881893553114], [-123.11239766281724, 49.25388358205548], [-123.11241855682547, 49.25388635024552], [-123.11243904062235, 49.253890018353204], [-123.11245911461752, 49.25389476628271], [-123.11247864078014, 49.25390032431197], [-123.11249748210076, 49.25390687247918], [-123.11251563837587, 49.25391432083256], [-123.11253283456357, 49.253922579688144], [-123.11254907066422, 49.253931649046365], [-123.11256420905448, 49.253941439089516], [-123.11257824971393, 49.253951940822766], [-123.11259119247879, 49.25396308228499], [-123.1126027622854, 49.25397476479711], [-123.1126129591332, 49.253986988359586], [-123.11262178302148, 49.25399975297275], [-123.11262923333553, 49.2540127887809], [-123.1126351728597, 49.25402618587028], [-123.11263975254951, 49.25403985414172], [-123.11264266987664, 49.254053703938155], [-123.11264407579633, 49.254067645160276], [-123.11264282671057, 49.254116589376395]], "type": "LineString"}, "properties": {"effluent_type": "Combined", "material": "blank", "geo_point_2d": {"lon": -123.11170309898151, "lat": 49.25388398032397}}}, {"type": "Feature", "geometry": {"coordinates": [[-123.1073524158295, 49.251458140717574], [-123.10850925881881, 49.25148081638721]], "type": "LineString"}, "properties": {"effluent_type": "Sanitary", "material": "Polyvinyl Chloride", "geo_point_2d": {"lon": -123.10793083732415, "lat": 49.251469478552394}}}, {"type": "Feature", "geometry": {"coordinates": [[-123.1127651566992, 49.250586843141306], [-123.11463698324356, 49.25062203433808]], "type": "LineString"}, "properties": {"effluent_type": "Combined", "material": "Vitrified Clay", "geo_point_2d": {"lon": -123.11370106997137, "lat": 49.25060443873969}}}, {"type": "Feature", "geometry": {"coordinates": [[-123.11461328731738, 49.25120690047042], [-123.11516070464178, 49.25121708741856]], "type": "LineString"}, "properties": {"effluent_type": "Combined", "material": "Concrete", "geo_point_2d": {"lon": -123.11488699597959, "lat": 49.251211993944494}}}, {"type": "Feature", "geometry": {"coordinates": [[-123.11442109737291, 49.247006615855724], [-123.11440050078593, 49.247006483333735]], "type": "LineString"}, "properties": {"effluent_type": "Combined", "material": "Vitrified Clay", "geo_point_2d": {"lon": -123.11441079907942, "lat": 49.24700654959473}}}, {"type": "Feature", "geometry": {"coordinates": [[-123.12051073856834, 49.24170448755035], [-123.11927079038816, 49.24166883087846]], "type": "LineString"}, "properties": {"effluent_type": "Combined", "material": "Vitrified Clay", "geo_point_2d": {"lon": -123.11989076447824, "lat": 49.24168665921441}}}, {"type": "Feature", "geometry": {"coordinates": [[-123.11920598008412, 49.24331032210871], [-123.12047093842541, 49.243353824232955]], "type": "LineString"}, "properties": {"effluent_type": "Combined", "material": "Concrete", "geo_point_2d": {"lon": -123.11983845925475, "lat": 49.24333207317083}}}, {"type": "Feature", "geometry": {"coordinates": [[-123.10508085654125, 49.251415900629894], [-123.1073524158295, 49.251458140717574]], "type": "LineString"}, "properties": {"effluent_type": "Sanitary", "material": "Polyvinyl Chloride", "geo_point_2d": {"lon": -123.10621663618538, "lat": 49.251437020673734}}}, {"type": "Feature", "geometry": {"coordinates": [[-123.11850945983933, 49.247084404998546], [-123.11741269846515, 49.247065231589886]], "type": "LineString"}, "properties": {"effluent_type": "Combined", "material": "Vitrified Clay", "geo_point_2d": {"lon": -123.11796107915225, "lat": 49.247074818294216}}}, {"type": "Feature", "geometry": {"coordinates": [[-123.11594083012085, 49.25688392630019], [-123.11526186332354, 49.25688726823201]], "type": "LineString"}, "properties": {"effluent_type": "Storm", "material": "Concrete", "geo_point_2d": {"lon": -123.1156013467222, "lat": 49.256885597266105}}}, {"type": "Feature", "geometry": {"coordinates": [[-123.1111600276297, 49.25241639033171], [-123.11268303708145, 49.252444869035564]], "type": "LineString"}, "properties": {"effluent_type": "Storm", "material": "Concrete", "geo_point_2d": {"lon": -123.1119215323556, "lat": 49.252430629683644}}}, {"type": "Feature", "geometry": {"coordinates": [[-123.11279485606563, 49.250058290588754], [-123.11281742764811, 49.24953764275078]], "type": "LineString"}, "properties": {"effluent_type": "Storm", "material": "Vitrified Clay", "geo_point_2d": {"lon": -123.11280614185688, "lat": 49.24979796666977}}}, {"type": "Feature", "geometry": {"coordinates": [[-123.12222668104894, 49.249240817780354], [-123.1222654521938, 49.249249951889745]], "type": "LineString"}, "properties": {"effluent_type": "Combined", "material": "Vitrified Clay", "geo_point_2d": {"lon": -123.12224606662137, "lat": 49.24924538483504}}}, {"type": "Feature", "geometry": {"coordinates": [[-123.11008758329753, 49.2523971599552], [-123.1111600276297, 49.25241639033171]], "type": "LineString"}, "properties": {"effluent_type": "Storm", "material": "Polyvinyl Chloride", "geo_point_2d": {"lon": -123.1106238054636, "lat": 49.252406775143456}}}, {"type": "Feature", "geometry": {"coordinates": [[-123.10489653820373, 49.25230104527872], [-123.10502034338026, 49.25229841414335]], "type": "LineString"}, "properties": {"effluent_type": "Storm", "material": "Vitrified Clay", "geo_point_2d": {"lon": -123.10495844079199, "lat": 49.252299729711034}}}, {"type": "Feature", "geometry": {"coordinates": [[-123.10502029221173, 49.25230020423936], [-123.10604098031645, 49.25232506123036]], "type": "LineString"}, "properties": {"effluent_type": "Storm", "material": "Polyvinyl Chloride", "geo_point_2d": {"lon": -123.10553063626409, "lat": 49.252312632734856}}}, {"type": "Feature", "geometry": {"coordinates": [[-123.10834708013647, 49.25237041637583], [-123.10730509796564, 49.25234261312305], [-123.10729555918753, 49.25234794715447]], "type": "LineString"}, "properties": {"effluent_type": "Storm", "material": "Polyvinyl Chloride", "geo_point_2d": {"lon": -123.10782063375244, "lat": 49.252356398178954}}}, {"type": "Feature", "geometry": {"coordinates": [[-123.12127290586199, 49.24805292332932], [-123.12231614790045, 49.248067853030314]], "type": "LineString"}, "properties": {"effluent_type": "Sanitary", "material": "Polyvinyl Chloride", "geo_point_2d": {"lon": -123.12179452688122, "lat": 49.248060388179816}}}, {"type": "Feature", "geometry": {"coordinates": [[-123.12065110158798, 49.2480357907919], [-123.12129224636607, 49.248050537280236]], "type": "LineString"}, "properties": {"effluent_type": "Storm", "material": "Polyvinyl Chloride", "geo_point_2d": {"lon": -123.12097167397702, "lat": 49.248043164036076}}}, {"type": "Feature", "geometry": {"coordinates": [[-123.11606056483573, 49.25280776600706], [-123.11606754172061, 49.25255994958568]], "type": "LineString"}, "properties": {"effluent_type": "Storm", "material": "Polyvinyl Chloride", "geo_point_2d": {"lon": -123.11606405327817, "lat": 49.25268385779637}}}, {"type": "Feature", "geometry": {"coordinates": [[-123.11825887828525, 49.25428496297646], [-123.11849234590557, 49.25426949485916]], "type": "LineString"}, "properties": {"effluent_type": "Sanitary", "material": "Polyvinyl Chloride", "geo_point_2d": {"lon": -123.1183756120954, "lat": 49.254277228917815}}}, {"type": "Feature", "geometry": {"coordinates": [[-123.12751968225922, 49.24818400415184], [-123.12613416001817, 49.24917060180188]], "type": "LineString"}, "properties": {"effluent_type": "Combined", "material": "Concrete", "geo_point_2d": {"lon": -123.12682692113871, "lat": 49.24867730297686}}}, {"type": "Feature", "geometry": {"coordinates": [[-123.12613416001817, 49.24917060180188], [-123.12578878634086, 49.24941268016542]], "type": "LineString"}, "properties": {"effluent_type": "Combined", "material": "Concrete", "geo_point_2d": {"lon": -123.12596147317952, "lat": 49.24929164098365}}}, {"type": "Feature", "geometry": {"coordinates": [[-123.12443303682268, 49.254383326577525], [-123.12330780158015, 49.25436367307653]], "type": "LineString"}, "properties": {"effluent_type": "Combined", "material": "Concrete", "geo_point_2d": {"lon": -123.12387041920142, "lat": 49.254373499827025}}}, {"type": "Feature", "geometry": {"coordinates": [[-123.12324615966166, 49.255309514321624], [-123.1221244809406, 49.25528595056932]], "type": "LineString"}, "properties": {"effluent_type": "Combined", "material": "Vitrified Clay", "geo_point_2d": {"lon": -123.12268532030113, "lat": 49.25529773244547}}}, {"type": "Feature", "geometry": {"coordinates": [[-123.11796510470522, 49.247994640888784], [-123.11655645250507, 49.247972206283634]], "type": "LineString"}, "properties": {"effluent_type": "Sanitary", "material": "Vitrified Clay", "geo_point_2d": {"lon": -123.11726077860516, "lat": 49.247983423586206}}}, {"type": "Feature", "geometry": {"coordinates": [[-123.10848838299522, 49.251485783365766], [-123.10980540372843, 49.25150605572448]], "type": "LineString"}, "properties": {"effluent_type": "Storm", "material": "Polyvinyl Chloride", "geo_point_2d": {"lon": -123.10914689336182, "lat": 49.25149591954512}}}, {"type": "Feature", "geometry": {"coordinates": [[-123.1062964956765, 49.2436873363465], [-123.1067208470652, 49.24406616632197]], "type": "LineString"}, "properties": {"effluent_type": "Storm", "material": "Concrete", "geo_point_2d": {"lon": -123.10650867137086, "lat": 49.243876751334234}}}, {"type": "Feature", "geometry": {"coordinates": [[-123.10429890636416, 49.251080826427696], [-123.10430150973549, 49.25099902149618]], "type": "LineString"}, "properties": {"effluent_type": "Storm", "material": "Vitrified Clay", "geo_point_2d": {"lon": -123.10430020804984, "lat": 49.25103992396194}}}, {"type": "Feature", "geometry": {"coordinates": [[-123.11428865609477, 49.25439918602364], [-123.11274249902252, 49.25437075107046]], "type": "LineString"}, "properties": {"effluent_type": "Storm", "material": "Polyvinyl Chloride", "geo_point_2d": {"lon": -123.11351557755864, "lat": 49.25438496854705}}}, {"type": "Feature", "geometry": {"coordinates": [[-123.11649361008048, 49.24914262104979], [-123.11649906768777, 49.24892764755828]], "type": "LineString"}, "properties": {"effluent_type": "Storm", "material": "Polyvinyl Chloride", "geo_point_2d": {"lon": -123.11649633888413, "lat": 49.24903513430404}}}, {"type": "Feature", "geometry": {"coordinates": [[-123.12770780808701, 49.24729164925948], [-123.12754669032903, 49.24736577705306]], "type": "LineString"}, "properties": {"effluent_type": "Storm", "material": "Vitrified Clay", "geo_point_2d": {"lon": -123.12762724920802, "lat": 49.24732871315627}}}, {"type": "Feature", "geometry": {"coordinates": [[-123.10834708013647, 49.25237041637583], [-123.10974278962924, 49.25238850175252], [-123.10974953332297, 49.25239317286296]], "type": "LineString"}, "properties": {"effluent_type": "Storm", "material": "Polyvinyl Chloride", "geo_point_2d": {"lon": -123.10904903200363, "lat": 49.252379525544875}}}, {"type": "Feature", "geometry": {"coordinates": [[-123.10974940185059, 49.252395853564515], [-123.1099358825659, 49.25239965215863]], "type": "LineString"}, "properties": {"effluent_type": "Combined", "material": "Vitrified Clay", "geo_point_2d": {"lon": -123.10984264220825, "lat": 49.25239775286157}}}, {"type": "Feature", "geometry": {"coordinates": [[-123.1050393207308, 49.25230506235206], [-123.10606000896425, 49.25232992817005]], "type": "LineString"}, "properties": {"effluent_type": "Sanitary", "material": "Polyvinyl Chloride", "geo_point_2d": {"lon": -123.10554966484753, "lat": 49.25231749526105}}}, {"type": "Feature", "geometry": {"coordinates": [[-123.10606000896425, 49.25232992817005], [-123.1072909631646, 49.25235135161721], [-123.10731001059547, 49.25235214349728]], "type": "LineString"}, "properties": {"effluent_type": "Sanitary", "material": "Polyvinyl Chloride", "geo_point_2d": {"lon": -123.10668501646005, "lat": 49.25234080927009}}}, {"type": "Feature", "geometry": {"coordinates": [[-123.10604098031645, 49.25232506123036], [-123.10729135591423, 49.252342356028834], [-123.10729555918753, 49.25234794715447]], "type": "LineString"}, "properties": {"effluent_type": "Storm", "material": "Polyvinyl Chloride", "geo_point_2d": {"lon": -123.10666965745297, "lat": 49.2523337722818}}}, {"type": "Feature", "geometry": {"coordinates": [[-123.11841493345143, 49.242030294512524], [-123.11842285623963, 49.24183884968443]], "type": "LineString"}, "properties": {"effluent_type": "Storm", "material": "Vitrified Clay", "geo_point_2d": {"lon": -123.11841889484553, "lat": 49.24193457209847}}}, {"type": "Feature", "geometry": {"coordinates": [[-123.11216457683174, 49.24875435321685], [-123.1122014699896, 49.24875431739298]], "type": "LineString"}, "properties": {"effluent_type": "Storm", "material": "Polyvinyl Chloride", "geo_point_2d": {"lon": -123.11218302341067, "lat": 49.248754335304916}}}, {"type": "Feature", "geometry": {"coordinates": [[-123.1202552791703, 49.24849173994731], [-123.12073180148607, 49.24849914976531]], "type": "LineString"}, "properties": {"effluent_type": "Combined", "material": "Vitrified Clay", "geo_point_2d": {"lon": -123.12049354032818, "lat": 49.24849544485631}}}, {"type": "Feature", "geometry": {"coordinates": [[-123.12073180148607, 49.24849914976531], [-123.12229770705952, 49.24852347199111]], "type": "LineString"}, "properties": {"effluent_type": "Combined", "material": "Vitrified Clay", "geo_point_2d": {"lon": -123.1215147542728, "lat": 49.24851131087821}}}, {"type": "Feature", "geometry": {"coordinates": [[-123.12731523362437, 49.246177699064326], [-123.12730233884479, 49.24618571903224], [-123.12696446321286, 49.24618015398853]], "type": "LineString"}, "properties": {"effluent_type": "Combined", "material": "Concrete", "geo_point_2d": {"lon": -123.12714094347128, "lat": 49.24618288372337}}}, {"type": "Feature", "geometry": {"coordinates": [[-123.1285814929311, 49.25182353799841], [-123.12777718703911, 49.25177674665111]], "type": "LineString"}, "properties": {"effluent_type": "Combined", "material": "Vitrified Clay", "geo_point_2d": {"lon": -123.12817933998511, "lat": 49.25180014232476}}}, {"type": "Feature", "geometry": {"coordinates": [[-123.11438665295586, 49.25633888108403], [-123.11267136879387, 49.25630823775642]], "type": "LineString"}, "properties": {"effluent_type": "Storm", "material": "Polyvinyl Chloride", "geo_point_2d": {"lon": -123.11352901087486, "lat": 49.256323559420224}}}, {"type": "Feature", "geometry": {"coordinates": [[-123.12404131183041, 49.253486384467074], [-123.12236622199325, 49.253451380291395]], "type": "LineString"}, "properties": {"effluent_type": "Combined", "material": "Concrete", "geo_point_2d": {"lon": -123.12320376691183, "lat": 49.25346888237924}}}, {"type": "Feature", "geometry": {"coordinates": [[-123.1073158343766, 49.25191353096664], [-123.10729693333435, 49.2523479458783]], "type": "LineString"}, "properties": {"effluent_type": "Storm", "material": "Vitrified Clay", "geo_point_2d": {"lon": -123.10730638385547, "lat": 49.252130738422466}}}, {"type": "Feature", "geometry": {"coordinates": [[-123.1275529967197, 49.24719496861539], [-123.12751968225922, 49.24818400415184]], "type": "LineString"}, "properties": {"effluent_type": "Combined", "material": "Concrete", "geo_point_2d": {"lon": -123.12753633948947, "lat": 49.247689486383614}}}, {"type": "Feature", "geometry": {"coordinates": [[-123.10953731182123, 49.25335687957669], [-123.10837548077882, 49.25333571208372]], "type": "LineString"}, "properties": {"effluent_type": "Storm", "material": "Polyvinyl Chloride", "geo_point_2d": {"lon": -123.10895639630002, "lat": 49.253346295830205}}}, {"type": "Feature", "geometry": {"coordinates": [[-123.10953024445399, 49.25336123996453], [-123.10835739393062, 49.25334076637283]], "type": "LineString"}, "properties": {"effluent_type": "Sanitary", "material": "Polyvinyl Chloride", "geo_point_2d": {"lon": -123.10894381919232, "lat": 49.25335100316868}}}, {"type": "Feature", "geometry": {"coordinates": [[-123.11151514842771, 49.24560127157403], [-123.11101334839074, 49.245471899642894]], "type": "LineString"}, "properties": {"effluent_type": "Combined", "material": "Vitrified Clay", "geo_point_2d": {"lon": -123.11126424840923, "lat": 49.24553658560846}}}, {"type": "Feature", "geometry": {"coordinates": [[-123.12705851265248, 49.2535641166859], [-123.12589781393864, 49.2535446083645]], "type": "LineString"}, "properties": {"effluent_type": "Combined", "material": "Vitrified Clay", "geo_point_2d": {"lon": -123.12647816329556, "lat": 49.2535543625252}}}, {"type": "Feature", "geometry": {"coordinates": [[-123.10504230824098, 49.25327268475377], [-123.10634784130858, 49.25329728870107]], "type": "LineString"}, "properties": {"effluent_type": "Storm", "material": "Polyvinyl Chloride", "geo_point_2d": {"lon": -123.10569507477479, "lat": 49.25328498672742}}}, {"type": "Feature", "geometry": {"coordinates": [[-123.10634784130858, 49.25329728870107], [-123.10725865242283, 49.25331334874375]], "type": "LineString"}, "properties": {"effluent_type": "Storm", "material": "Polyvinyl Chloride", "geo_point_2d": {"lon": -123.10680324686568, "lat": 49.25330531872241}}}, {"type": "Feature", "geometry": {"coordinates": [[-123.10636820526052, 49.253303062877556], [-123.10722072838735, 49.25331484117106], [-123.10727061254724, 49.25332190109117]], "type": "LineString"}, "properties": {"effluent_type": "Sanitary", "material": "Polyvinyl Chloride", "geo_point_2d": {"lon": -123.10681964131908, "lat": 49.25330947755477}}}, {"type": "Feature", "geometry": {"coordinates": [[-123.1064584161385, 49.24687886741873], [-123.10753115439105, 49.24691198385696]], "type": "LineString"}, "properties": {"effluent_type": "Combined", "material": "Vitrified Clay", "geo_point_2d": {"lon": -123.10699478526479, "lat": 49.246895425637845}}}, {"type": "Feature", "geometry": {"coordinates": [[-123.12236622199325, 49.253451380291395], [-123.1223628275989, 49.253451311924664], [-123.122356231773, 49.25345140886238], [-123.1223496361694, 49.253451595751685], [-123.12234304101035, 49.253451962544595], [-123.1223364460735, 49.25345241928913], [-123.12232998922103, 49.25345314574375], [-123.12232353259064, 49.253453962150004], [-123.12231707640453, 49.25345495845987], [-123.12231075808035, 49.25345613452789], [-123.12230444020032, 49.25345749049955], [-123.12229826018208, 49.2534590262294], [-123.12229221780336, 49.25346065176541], [-123.12228617586862, 49.25346245720511], [-123.12228027179556, 49.25346444240304], [-123.1222745053619, 49.25346651740722], [-123.1222688767898, 49.25346877216967], [-123.12226338585707, 49.2534711167384], [-123.12225803278587, 49.253473641065426], [-123.12225281757613, 49.253476345150794], [-123.12224774000569, 49.253479139042504]], "type": "LineString"}, "properties": {"effluent_type": "Combined", "material": "Concrete", "geo_point_2d": {"lon": -123.12230570251239, "lat": 49.25346000037384}}}, {"type": "Feature", "geometry": {"coordinates": [[-123.12452987868677, 49.253395178053246], [-123.12452811171855, 49.25340291584939], [-123.12452552001822, 49.25341056458219], [-123.12452210335918, 49.253418034299585], [-123.12451786174108, 49.25342532500154], [-123.1245129325812, 49.25343243653985], [-123.12450717823545, 49.253439279110516], [-123.12450073612119, 49.253445852565356], [-123.12449346859444, 49.253452067100355], [-123.12448565071652, 49.25345801237118], [-123.12447728203507, 49.25346350847379], [-123.12446822535857, 49.25346864550808], [-123.12445875529629, 49.25347333322581], [-123.12444873443064, 49.253477571774965], [-123.12443816253563, 49.253481271203384], [-123.12442731467308, 49.25348452116686], [-123.12441619084326, 49.253487321665425], [-123.12440479059427, 49.25348949279494], [-123.12439311437863, 49.25349121445934], [-123.12438129938838, 49.25349239655858], [-123.12436948281565, 49.25349294899276], [-123.12436235096862, 49.253493010641094]], "type": "LineString"}, "properties": {"effluent_type": "Combined", "material": "Concrete", "geo_point_2d": {"lon": -123.12445830703467, "lat": 49.2534619344695}}}, {"type": "Feature", "geometry": {"coordinates": [[-123.10835739393062, 49.25334076637283], [-123.10728566302423, 49.25331705668192], [-123.10727061547094, 49.25332325037178]], "type": "LineString"}, "properties": {"effluent_type": "Sanitary", "material": "Polyvinyl Chloride", "geo_point_2d": {"lon": -123.10781340340048, "lat": 49.25332878057257}}}, {"type": "Feature", "geometry": {"coordinates": [[-123.10319681301254, 49.249921207019305], [-123.10483913900583, 49.249945022951835], [-123.10486072651106, 49.249945336183764]], "type": "LineString"}, "properties": {"effluent_type": "Storm", "material": "Polyvinyl Chloride", "geo_point_2d": {"lon": -123.10402876976313, "lat": 49.249933271510685}}}, {"type": "Feature", "geometry": {"coordinates": [[-123.10553806217571, 49.24686173936248], [-123.10566299091145, 49.246864035893616]], "type": "LineString"}, "properties": {"effluent_type": "Combined", "material": "Vitrified Clay", "geo_point_2d": {"lon": -123.10560052654358, "lat": 49.24686288762805}}}, {"type": "Feature", "geometry": {"coordinates": [[-123.10505630526202, 49.24731872244075], [-123.10511596860538, 49.245961314575666]], "type": "LineString"}, "properties": {"effluent_type": "Combined", "material": "Vitrified Clay", "geo_point_2d": {"lon": -123.10508613693369, "lat": 49.24664001850821}}}, {"type": "Feature", "geometry": {"coordinates": [[-123.10525669777454, 49.24830444430795], [-123.10635254888807, 49.24832427366976]], "type": "LineString"}, "properties": {"effluent_type": "Combined", "material": "Vitrified Clay", "geo_point_2d": {"lon": -123.1058046233313, "lat": 49.24831435898885}}}, {"type": "Feature", "geometry": {"coordinates": [[-123.10627693810733, 49.245233419511955], [-123.10687920029596, 49.24576363671116]], "type": "LineString"}, "properties": {"effluent_type": "Combined", "material": "Vitrified Clay", "geo_point_2d": {"lon": -123.10657806920166, "lat": 49.245498528111554}}}, {"type": "Feature", "geometry": {"coordinates": [[-123.10321628780429, 49.249916557080184], [-123.10483844053742, 49.24993962644927], [-123.10486097615555, 49.24993993882078]], "type": "LineString"}, "properties": {"effluent_type": "Sanitary", "material": "Polyvinyl Chloride", "geo_point_2d": {"lon": -123.10403863192373, "lat": 49.24992825195293}}}, {"type": "Feature", "geometry": {"coordinates": [[-123.10486095153163, 49.249941288127225], [-123.1048385606944, 49.25043763808322]], "type": "LineString"}, "properties": {"effluent_type": "Combined", "material": "Vitrified Clay", "geo_point_2d": {"lon": -123.10484975611303, "lat": 49.25018946310522}}}, {"type": "Feature", "geometry": {"coordinates": [[-123.12001718901715, 49.257001487042935], [-123.12002536113343, 49.25673878223199], [-123.12010045742805, 49.25670731088493], [-123.12010084024413, 49.25669516694347]], "type": "LineString"}, "properties": {"effluent_type": "Combined", "material": "blank", "geo_point_2d": {"lon": -123.12003349265865, "lat": 49.25683077333446}}}, {"type": "Feature", "geometry": {"coordinates": [[-123.12798455437874, 49.2507708688116], [-123.12826781882906, 49.250688419251134]], "type": "LineString"}, "properties": {"effluent_type": "Combined", "material": "Vitrified Clay", "geo_point_2d": {"lon": -123.12812618660391, "lat": 49.25072964403137}}}, {"type": "Feature", "geometry": {"coordinates": [[-123.10815461780035, 49.254270504563486], [-123.10721446759368, 49.25426277240589]], "type": "LineString"}, "properties": {"effluent_type": "Storm", "material": "Polyvinyl Chloride", "geo_point_2d": {"lon": -123.107684542697, "lat": 49.25426663848469}}}, {"type": "Feature", "geometry": {"coordinates": [[-123.1161296440448, 49.25154830222313], [-123.1167819431625, 49.251560300997355]], "type": "LineString"}, "properties": {"effluent_type": "Combined", "material": "Vitrified Clay", "geo_point_2d": {"lon": -123.11645579360365, "lat": 49.25155430161024}}}, {"type": "Feature", "geometry": {"coordinates": [[-123.1167819431625, 49.251560300997355], [-123.11721308044352, 49.25156808603183]], "type": "LineString"}, "properties": {"effluent_type": "Combined", "material": "Vitrified Clay", "geo_point_2d": {"lon": -123.116997511803, "lat": 49.2515641935146}}}, {"type": "Feature", "geometry": {"coordinates": [[-123.11013530604299, 49.25053719875478], [-123.10999657861227, 49.25055649075061]], "type": "LineString"}, "properties": {"effluent_type": "Combined", "material": "Vitrified Clay", "geo_point_2d": {"lon": -123.11006594232762, "lat": 49.25054684475269}}}, {"type": "Feature", "geometry": {"coordinates": [[-123.10740775652272, 49.24985781153932], [-123.10740331245798, 49.249956493316105]], "type": "LineString"}, "properties": {"effluent_type": "Storm", "material": "Vitrified Clay", "geo_point_2d": {"lon": -123.10740553449034, "lat": 49.24990715242771}}}, {"type": "Feature", "geometry": {"coordinates": [[-123.1160694095341, 49.25321008646092], [-123.11606541389801, 49.25335212503947]], "type": "LineString"}, "properties": {"effluent_type": "Storm", "material": "Vitrified Clay", "geo_point_2d": {"lon": -123.11606741171606, "lat": 49.25328110575019}}}, {"type": "Feature", "geometry": {"coordinates": [[-123.11242864391745, 49.25629474750555], [-123.1125422553124, 49.25633162522913]], "type": "LineString"}, "properties": {"effluent_type": "Combined", "material": "blank", "geo_point_2d": {"lon": -123.11248544961492, "lat": 49.256313186367336}}}, {"type": "Feature", "geometry": {"coordinates": [[-123.11158437655487, 49.25627424731429], [-123.11242204656219, 49.25628829535896], [-123.11242865361473, 49.25629296644302]], "type": "LineString"}, "properties": {"effluent_type": "Sanitary", "material": "Polyvinyl Chloride", "geo_point_2d": {"lon": -123.11200724963902, "lat": 49.256281360868066}}}, {"type": "Feature", "geometry": {"coordinates": [[-123.10737902448896, 49.25048503944867], [-123.10858213880451, 49.25050802218577]], "type": "LineString"}, "properties": {"effluent_type": "Combined", "material": "Vitrified Clay", "geo_point_2d": {"lon": -123.10798058164671, "lat": 49.250496530817216}}}, {"type": "Feature", "geometry": {"coordinates": [[-123.1273898596433, 49.249090398844885], [-123.12730686301886, 49.249089060088934]], "type": "LineString"}, "properties": {"effluent_type": "Storm", "material": "Vitrified Clay", "geo_point_2d": {"lon": -123.12734836133109, "lat": 49.24908972946691}}}, {"type": "Feature", "geometry": {"coordinates": [[-123.12397799284457, 49.25079345305214], [-123.12393362361098, 49.251611625474965]], "type": "LineString"}, "properties": {"effluent_type": "Combined", "material": "Concrete", "geo_point_2d": {"lon": -123.12395580822778, "lat": 49.25120253926355}}}, {"type": "Feature", "geometry": {"coordinates": [[-123.12458825255436, 49.25080646032148], [-123.12397799284457, 49.25079345305214]], "type": "LineString"}, "properties": {"effluent_type": "Combined", "material": "Vitrified Clay", "geo_point_2d": {"lon": -123.12428312269947, "lat": 49.250799956686805}}}, {"type": "Feature", "geometry": {"coordinates": [[-123.12031694529031, 49.25026686617277], [-123.12029715647367, 49.25070154515066]], "type": "LineString"}, "properties": {"effluent_type": "Sanitary", "material": "Vitrified Clay", "geo_point_2d": {"lon": -123.12030705088199, "lat": 49.25048420566172}}}, {"type": "Feature", "geometry": {"coordinates": [[-123.12029853063973, 49.250701570705495], [-123.12026909266591, 49.25158773007417]], "type": "LineString"}, "properties": {"effluent_type": "Sanitary", "material": "Vitrified Clay", "geo_point_2d": {"lon": -123.12028381165283, "lat": 49.25114465038983}}}, {"type": "Feature", "geometry": {"coordinates": [[-123.12028978355382, 49.25071533351484], [-123.12025833580574, 49.25160010071118]], "type": "LineString"}, "properties": {"effluent_type": "Storm", "material": "Vitrified Clay", "geo_point_2d": {"lon": -123.12027405967979, "lat": 49.25115771711301}}}, {"type": "Feature", "geometry": {"coordinates": [[-123.12590681630195, 49.252610444606944], [-123.12459639296054, 49.252594162650986]], "type": "LineString"}, "properties": {"effluent_type": "Storm", "material": "Polyvinyl Chloride", "geo_point_2d": {"lon": -123.12525160463125, "lat": 49.25260230362896}}}, {"type": "Feature", "geometry": {"coordinates": [[-123.12689173543558, 49.25126168442962], [-123.12667461482005, 49.25125788383594]], "type": "LineString"}, "properties": {"effluent_type": "Storm", "material": "Concrete", "geo_point_2d": {"lon": -123.12678317512781, "lat": 49.251259784132785}}}, {"type": "Feature", "geometry": {"coordinates": [[-123.11835792504783, 49.25066717138162], [-123.11835207755207, 49.25069275080163]], "type": "LineString"}, "properties": {"effluent_type": "Storm", "material": "Concrete", "geo_point_2d": {"lon": -123.11835500129996, "lat": 49.25067996109163}}}, {"type": "Feature", "geometry": {"coordinates": [[-123.12667461482005, 49.25125788383594], [-123.12471657338617, 49.251223700382994]], "type": "LineString"}, "properties": {"effluent_type": "Storm", "material": "Concrete", "geo_point_2d": {"lon": -123.1256955941031, "lat": 49.25124079210947}}}, {"type": "Feature", "geometry": {"coordinates": [[-123.11614505833883, 49.24093241787693], [-123.11675677074297, 49.24095554870955]], "type": "LineString"}, "properties": {"effluent_type": "Storm", "material": "S", "geo_point_2d": {"lon": -123.1164509145409, "lat": 49.240943983293235}}}, {"type": "Feature", "geometry": {"coordinates": [[-123.12613801110143, 49.24906958116918], [-123.12613416001817, 49.24917060180188]], "type": "LineString"}, "properties": {"effluent_type": "Combined", "material": "Vitrified Clay", "geo_point_2d": {"lon": -123.1261360855598, "lat": 49.24912009148553}}}, {"type": "Feature", "geometry": {"coordinates": [[-123.10883418630897, 49.247243407375734], [-123.10888601608505, 49.24726939973421], [-123.10893347014331, 49.247292472745016], [-123.10898147305669, 49.2473151854092], [-123.1090298874241, 49.24733753785581], [-123.10907871284876, 49.247359350180076], [-123.1091279497261, 49.24738080228575], [-123.10917773525819, 49.24740180409027], [-123.10922779464235, 49.24742235585279], [-123.10927840265983, 49.24744244831782], [-123.10932942214707, 49.247462189557226], [-123.10938071528508, 49.24748139080107], [-123.10943241987133, 49.24750023182311], [-123.10948453550732, 49.247518532718544], [-123.10953706258978, 49.24753647339105], [-123.1095898632986, 49.24755386507099], [-123.1096430752727, 49.247570815570135], [-123.10969656108973, 49.24758731602312], [-123.10975045814997, 49.24760336629911], [-123.10980462883143, 49.24761886758071], [-123.10980849216875, 49.247619925346086], [-123.10993972167518, 49.247655709504635], [-123.10994445078845, 49.247656829408186], [-123.10994916628164, 49.247658003295875], [-123.10995384065441, 49.247659222198656], [-123.10995847394675, 49.24766050410701], [-123.10996307987887, 49.24766184001257], [-123.10996764469061, 49.247663220933255], [-123.10997218214214, 49.24766465585117], [-123.10997666475316, 49.247666144792504], [-123.10998112000398, 49.247667687731116], [-123.10998553413448, 49.247669275684835], [-123.10998989342445, 49.247670917662006], [-123.10999421159414, 49.247672604654305], [-123.10999848866349, 49.24767434565693], [-123.11000272461257, 49.24767613167474], [-123.11000690570118, 49.24767796272078], [-123.11001103194936, 49.24767984779028], [-123.11001511707721, 49.24768177787495], [-123.11001914734466, 49.24768375298787], [-123.11002312275168, 49.24768577312902], [-123.11002704329827, 49.247687838298454], [-123.11003090898443, 49.24768994849615], [-123.11003471981016, 49.24769210372215], [-123.1100384620353, 49.24769430398948], [-123.1100421631402, 49.24769654927203], [-123.11004578188435, 49.24769883061384], [-123.11004935950827, 49.24770115697086], [-123.1100528685116, 49.247703519374056], [-123.11005630889434, 49.24770591782346], [-123.11005968067649, 49.24770836131423], [-123.11006299759822, 49.247710849833304], [-123.1100662458794, 49.247713365403435], [-123.11006942553993, 49.247715917019725], [-123.11007253659993, 49.24771851367744], [-123.11007557901928, 49.2477211373862], [-123.11007855281807, 49.24772379714114], [-123.11008144425602, 49.24772649295543], [-123.1100842670534, 49.24772921582074], [-123.11008702123011, 49.24773197473227], [-123.11008970678624, 49.247734769690084], [-123.11009230996152, 49.247737591711996], [-123.11009484449616, 49.247740440784966], [-123.11009729664998, 49.24774331692208], [-123.11009966642293, 49.24774622012336], [-123.11010196755524, 49.24774915037566], [-123.11010418630664, 49.24775210769213], [-123.11010632267721, 49.24775509207279], [-123.11010839040705, 49.24775810350448], [-123.1101103619958, 49.247761133018244], [-123.11011226492383, 49.24776418058785], [-123.11011408547091, 49.24776725522169], [-123.11011580987687, 49.24777034793758], [-123.11011746562207, 49.24777345870929], [-123.11011903898631, 49.24777659654524], [-123.11012051618935, 49.24777974346806], [-123.11012192473159, 49.24778290844675], [-123.11012323713261, 49.24778609150752], [-123.1101244671126, 49.24778928364207], [-123.11012561469157, 49.24779249384561], [-123.11012667984946, 49.24779571312295], [-123.11012764886607, 49.247798950482384], [-123.11012853544156, 49.247802187920385], [-123.11012933961597, 49.247805443427396], [-123.11013006136923, 49.247808708008186], [-123.11013068696114, 49.247811981675866], [-123.11013123011189, 49.24781525542213], [-123.11013167710125, 49.24781853825531], [-123.11013204164941, 49.24782182116706], [-123.11013232377636, 49.24782511315261], [-123.11013250972184, 49.24782840522984], [-123.11013261322607, 49.24783169738564], [-123.11013262056882, 49.24783499862836], [-123.11013254545028, 49.24783829095446], [-123.11013238789043, 49.24784158335914], [-123.11013213414907, 49.2478448758555], [-123.11013205376851, 49.24784580244089]], "type": "LineString"}, "properties": {"effluent_type": "Combined", "material": "Concrete", "geo_point_2d": {"lon": -123.10951529229544, "lat": 49.24752130085993}}}, {"type": "Feature", "geometry": {"coordinates": [[-123.12015132451806, 49.25343134280679], [-123.12115535446782, 49.253453501965886]], "type": "LineString"}, "properties": {"effluent_type": "Combined", "material": "Vitrified Clay", "geo_point_2d": {"lon": -123.12065333949295, "lat": 49.25344242238634}}}, {"type": "Feature", "geometry": {"coordinates": [[-123.11504207584625, 49.25402546942366], [-123.11500509828745, 49.25490180264549]], "type": "LineString"}, "properties": {"effluent_type": "Combined", "material": "blank", "geo_point_2d": {"lon": -123.11502358706684, "lat": 49.25446363603457}}}, {"type": "Feature", "geometry": {"coordinates": [[-123.11611809538165, 49.25196171637983], [-123.11830804078426, 49.25199943339589]], "type": "LineString"}, "properties": {"effluent_type": "Combined", "material": "Vitrified Clay", "geo_point_2d": {"lon": -123.11721306808293, "lat": 49.25198057488786}}}, {"type": "Feature", "geometry": {"coordinates": [[-123.12333227279744, 49.25349632765977], [-123.12224774000569, 49.253479139042504]], "type": "LineString"}, "properties": {"effluent_type": "Combined", "material": "Vitrified Clay", "geo_point_2d": {"lon": -123.12279000640159, "lat": 49.253487733351136}}}, {"type": "Feature", "geometry": {"coordinates": [[-123.12453169912287, 49.25335406792268], [-123.12452987868677, 49.253395178053246]], "type": "LineString"}, "properties": {"effluent_type": "Combined", "material": "Concrete", "geo_point_2d": {"lon": -123.12453078890482, "lat": 49.253374622987955}}}, {"type": "Feature", "geometry": {"coordinates": [[-123.11926326707297, 49.25159718328697], [-123.12022189032405, 49.251615601433905]], "type": "LineString"}, "properties": {"effluent_type": "Combined", "material": "Vitrified Clay", "geo_point_2d": {"lon": -123.1197425786985, "lat": 49.251606392360436}}}, {"type": "Feature", "geometry": {"coordinates": [[-123.10491906783959, 49.25178578738469], [-123.10491553993806, 49.251865308371734]], "type": "LineString"}, "properties": {"effluent_type": "Storm", "material": "Vitrified Clay", "geo_point_2d": {"lon": -123.10491730388883, "lat": 49.25182554787821}}}, {"type": "Feature", "geometry": {"coordinates": [[-123.11608388275548, 49.24940212303823], [-123.11604561462228, 49.25004685847884]], "type": "LineString"}, "properties": {"effluent_type": "Combined", "material": "Concrete", "geo_point_2d": {"lon": -123.11606474868887, "lat": 49.24972449075853}}}, {"type": "Feature", "geometry": {"coordinates": [[-123.11281740137602, 49.2495381734949], [-123.11467752900101, 49.24957619995631]], "type": "LineString"}, "properties": {"effluent_type": "Combined", "material": "Vitrified Clay", "geo_point_2d": {"lon": -123.11374746518851, "lat": 49.2495571867256}}}, {"type": "Feature", "geometry": {"coordinates": [[-123.12236824595071, 49.24667022663566], [-123.1223604577012, 49.24713821187385]], "type": "LineString"}, "properties": {"effluent_type": "Combined", "material": "Concrete", "geo_point_2d": {"lon": -123.12236435182595, "lat": 49.24690421925476}}}, {"type": "Feature", "geometry": {"coordinates": [[-123.12456958797662, 49.252536001450686], [-123.1245667338512, 49.25259771176537]], "type": "LineString"}, "properties": {"effluent_type": "Combined", "material": "Concrete", "geo_point_2d": {"lon": -123.12456816091391, "lat": 49.25256685660803}}}, {"type": "Feature", "geometry": {"coordinates": [[-123.12476839841709, 49.249050874109535], [-123.12613801110143, 49.24906958116918]], "type": "LineString"}, "properties": {"effluent_type": "Combined", "material": "Vitrified Clay", "geo_point_2d": {"lon": -123.12545320475925, "lat": 49.24906022763936}}}, {"type": "Feature", "geometry": {"coordinates": [[-123.11508558606272, 49.25301011737514], [-123.11504207584625, 49.25402546942366]], "type": "LineString"}, "properties": {"effluent_type": "Sanitary", "material": "blank", "geo_point_2d": {"lon": -123.11506383095448, "lat": 49.253517793399396}}}, {"type": "Feature", "geometry": {"coordinates": [[-123.11603914382312, 49.25008838694881], [-123.1173615923864, 49.250111500159115]], "type": "LineString"}, "properties": {"effluent_type": "Combined", "material": "Vitrified Clay", "geo_point_2d": {"lon": -123.11670036810476, "lat": 49.25009994355396}}}, {"type": "Feature", "geometry": {"coordinates": [[-123.11833644767184, 49.24306650958274], [-123.11841551137833, 49.24328326778921]], "type": "LineString"}, "properties": {"effluent_type": "Storm", "material": "Vitrified Clay", "geo_point_2d": {"lon": -123.11837597952508, "lat": 49.24317488868597}}}, {"type": "Feature", "geometry": {"coordinates": [[-123.12115535446782, 49.253453501965886], [-123.1221641780274, 49.253474370009606]], "type": "LineString"}, "properties": {"effluent_type": "Combined", "material": "Vitrified Clay", "geo_point_2d": {"lon": -123.1216597662476, "lat": 49.253463935987746}}}, {"type": "Feature", "geometry": {"coordinates": [[-123.1048784317948, 49.24955947881984], [-123.10486095153163, 49.249941288127225]], "type": "LineString"}, "properties": {"effluent_type": "Combined", "material": "Vitrified Clay", "geo_point_2d": {"lon": -123.10486969166323, "lat": 49.24975038347353}}}, {"type": "Feature", "geometry": {"coordinates": [[-123.11520507282127, 49.25016505143535], [-123.11516070464178, 49.25121708741856]], "type": "LineString"}, "properties": {"effluent_type": "Combined", "material": "Concrete", "geo_point_2d": {"lon": -123.11518288873151, "lat": 49.250691069426956}}}, {"type": "Feature", "geometry": {"coordinates": [[-123.11807081166619, 49.24316124037111], [-123.11841551137833, 49.24328326778921]], "type": "LineString"}, "properties": {"effluent_type": "Storm", "material": "Vitrified Clay", "geo_point_2d": {"lon": -123.11824316152226, "lat": 49.243222254080166}}}, {"type": "Feature", "geometry": {"coordinates": [[-123.10491553993806, 49.251865308371734], [-123.10489653820373, 49.25230104527872]], "type": "LineString"}, "properties": {"effluent_type": "Storm", "material": "Vitrified Clay", "geo_point_2d": {"lon": -123.1049060390709, "lat": 49.252083176825224}}}, {"type": "Feature", "geometry": {"coordinates": [[-123.10891292469404, 49.24604129124149], [-123.10886227918411, 49.2460659229485], [-123.10868905473353, 49.246150191478634]], "type": "LineString"}, "properties": {"effluent_type": "Combined", "material": "Concrete", "geo_point_2d": {"lon": -123.1088009888276, "lat": 49.24609573953814}}}, {"type": "Feature", "geometry": {"coordinates": [[-123.1262963816579, 49.24717205304028], [-123.12755242151471, 49.247190363691324]], "type": "LineString"}, "properties": {"effluent_type": "Combined", "material": "Vitrified Clay", "geo_point_2d": {"lon": -123.1269244015863, "lat": 49.2471812083658}}}, {"type": "Feature", "geometry": {"coordinates": [[-123.12447014115614, 49.25352009611766], [-123.12443303682268, 49.254383326577525]], "type": "LineString"}, "properties": {"effluent_type": "Combined", "material": "Concrete", "geo_point_2d": {"lon": -123.12445158898942, "lat": 49.2539517113476}}}, {"type": "Feature", "geometry": {"coordinates": [[-123.10868905473353, 49.246150191478634], [-123.10837439166352, 49.24630327111803], [-123.1079672059612, 49.24650838386842], [-123.10796679407959, 49.246508528177074], [-123.10796473469115, 49.246509258715484], [-123.10796270282158, 49.246510007218596], [-123.1079606847506, 49.246510782694486], [-123.10795869419849, 49.24651157613508], [-123.107956717445, 49.246512396548454], [-123.10795476822996, 49.24651324392176], [-123.10795283279394, 49.24651410927261], [-123.10795092487676, 49.24651499258821], [-123.10794904449806, 49.24651590286373], [-123.10794719163819, 49.24651683110395], [-123.10794536629717, 49.24651777730893], [-123.10794355475474, 49.246518750486665], [-123.1079417707312, 49.246519741629115], [-123.10794001422649, 49.246520750736316], [-123.10793829900007, 49.24652178679059], [-123.10793659755265, 49.246522840822465], [-123.10793492360447, 49.24652390382386], [-123.1079332909346, 49.246524993772326], [-123.1079316720437, 49.246526101698386], [-123.10793009441154, 49.24652722757633], [-123.10792854429819, 49.24652837141903], [-123.10792702170369, 49.24652953322646], [-123.10792552662807, 49.24653071299863], [-123.10792407281113, 49.246531910722695], [-123.10792264651303, 49.24653312641152], [-123.10792124771419, 49.24653435106986], [-123.10791989017402, 49.246535593680086], [-123.10791856015274, 49.24653685425509], [-123.10791727139015, 49.246538132782], [-123.10791601012681, 49.24653942027841], [-123.10791479012217, 49.246540725726746], [-123.1079135976168, 49.246542040144625], [-123.10791244637015, 49.24654337251441], [-123.10791132262273, 49.24654471385374], [-123.10791024011442, 49.24654606414977], [-123.10790919886487, 49.24654743239773], [-123.10790818513415, 49.246548818610414], [-123.10790721262298, 49.24655020478461], [-123.10790626763064, 49.24655160892354], [-123.10790537761731, 49.24655302200635], [-123.10790451510326, 49.24655444405872], [-123.10790373487148, 49.24655579407236], [-123.10790295483572, 49.246557234038136], [-123.10790220229917, 49.246558682973465], [-123.10790149100181, 49.24656014086549], [-123.1079008209436, 49.246561607714234], [-123.10790019212453, 49.24656308351969], [-123.10789960452502, 49.24656455928665], [-123.10789905816465, 49.24656604401033], [-123.10789853930356, 49.246567537703534], [-123.10789806168165, 49.24656904035346], [-123.10789763901916, 49.246570542952085], [-123.10789724385599, 49.246572054520215], [-123.10789688991238, 49.24657356604987], [-123.10789657718836, 49.246575077541024], [-123.10789630570349, 49.24657659798891], [-123.10789607543823, 49.24657811839829], [-123.10789588641217, 49.24657964776437], [-123.10789573860568, 49.24658117709197], [-123.10789563199916, 49.24658269738587], [-123.10789556665148, 49.24658423563168], [-123.1078955287639, 49.24658576485663], [-123.10789554583583, 49.24658729403021], [-123.10789560412735, 49.24658882316534], [-123.10789570363849, 49.24659035226196], [-123.10789583062936, 49.24659188133293], [-123.10789601256012, 49.24659340135734], [-123.10789622199025, 49.24659493035129], [-123.10789648636027, 49.24659645029872], [-123.10789677819047, 49.24659796122526], [-123.10789712499975, 49.24659948109569], [-123.10789749926923, 49.246600991945236], [-123.1078979284786, 49.24660249374822], [-123.10789838516774, 49.246603995525575], [-123.10789888305695, 49.24660548826919], [-123.1078994221658, 49.24660698097429], [-123.1079000024551, 49.2466084556505], [-123.1079006102438, 49.24660993929622], [-123.10790127295283, 49.24661140490021], [-123.10790197686195, 49.24661286147048], [-123.10790270825082, 49.246614318015055], [-123.10790348082018, 49.246615756530716], [-123.10790429460921, 49.246617195007865], [-123.10790513583885, 49.24661861546891], [-123.10790603202807, 49.246620035878635], [-123.10790695565787, 49.24662143827226], [-123.10790792048776, 49.246622831632145], [-123.10790892651774, 49.2466242159583], [-123.10790996000794, 49.24662559126355], [-123.10791103467861, 49.2466269485399], [-123.10791213680953, 49.24662829679535], [-123.10791328012091, 49.24662962702184], [-123.10791446463242, 49.24663094821462]], "type": "LineString"}, "properties": {"effluent_type": "Combined", "material": "Concrete", "geo_point_2d": {"lon": -123.10825855441755, "lat": 49.24636724116856}}}, {"type": "Feature", "geometry": {"coordinates": [[-123.10322640408681, 49.248026488566715], [-123.10429736045795, 49.24804438071201]], "type": "LineString"}, "properties": {"effluent_type": "Combined", "material": "Vitrified Clay", "geo_point_2d": {"lon": -123.1037618822724, "lat": 49.24803543463936}}}, {"type": "Feature", "geometry": {"coordinates": [[-123.11017620187388, 49.24948865806352], [-123.11004149157384, 49.24950880083321]], "type": "LineString"}, "properties": {"effluent_type": "Combined", "material": "Vitrified Clay", "geo_point_2d": {"lon": -123.11010884672388, "lat": 49.24949872944836}}}, {"type": "Feature", "geometry": {"coordinates": [[-123.11512288335253, 49.25211292359466], [-123.11457074880519, 49.25210532277379]], "type": "LineString"}, "properties": {"effluent_type": "Combined", "material": "Vitrified Clay", "geo_point_2d": {"lon": -123.11484681607887, "lat": 49.252109123184226}}}, {"type": "Feature", "geometry": {"coordinates": [[-123.11542994342149, 49.251149705353875], [-123.1161296440448, 49.25154830222313]], "type": "LineString"}, "properties": {"effluent_type": "Storm", "material": "Vitrified Clay", "geo_point_2d": {"lon": -123.11577979373314, "lat": 49.25134900378851}}}, {"type": "Feature", "geometry": {"coordinates": [[-123.1168094779405, 49.250784533874466], [-123.1167819431625, 49.251560300997355]], "type": "LineString"}, "properties": {"effluent_type": "Combined", "material": "Vitrified Clay", "geo_point_2d": {"lon": -123.1167957105515, "lat": 49.25117241743591}}}, {"type": "Feature", "geometry": {"coordinates": [[-123.11962147224085, 49.24709736348552], [-123.12045043070947, 49.24711200998011]], "type": "LineString"}, "properties": {"effluent_type": "Combined", "material": "Vitrified Clay", "geo_point_2d": {"lon": -123.12003595147516, "lat": 49.24710468673281}}}, {"type": "Feature", "geometry": {"coordinates": [[-123.10493031222022, 49.248299505982104], [-123.10525669777454, 49.24830444430795]], "type": "LineString"}, "properties": {"effluent_type": "Combined", "material": "Vitrified Clay", "geo_point_2d": {"lon": -123.10509350499738, "lat": 49.248301975145026}}}, {"type": "Feature", "geometry": {"coordinates": [[-123.12123063544857, 49.251642342594266], [-123.12222848447894, 49.251663383502375]], "type": "LineString"}, "properties": {"effluent_type": "Combined", "material": "Vitrified Clay", "geo_point_2d": {"lon": -123.12172955996375, "lat": 49.25165286304832}}}, {"type": "Feature", "geometry": {"coordinates": [[-123.11523126495221, 49.24521230493928], [-123.11447037628535, 49.24520289674337]], "type": "LineString"}, "properties": {"effluent_type": "Storm", "material": "Vitrified Clay", "geo_point_2d": {"lon": -123.1148508206188, "lat": 49.24520760084132}}}, {"type": "Feature", "geometry": {"coordinates": [[-123.10972244868721, 49.25467473767401], [-123.10968163691919, 49.25525882704186]], "type": "LineString"}, "properties": {"effluent_type": "Storm", "material": "Vitrified Clay", "geo_point_2d": {"lon": -123.1097020428032, "lat": 49.25496678235793}}}, {"type": "Feature", "geometry": {"coordinates": [[-123.11606774714308, 49.24487518070927], [-123.11581850888354, 49.24521957955359]], "type": "LineString"}, "properties": {"effluent_type": "Storm", "material": "Vitrified Clay", "geo_point_2d": {"lon": -123.1159431280133, "lat": 49.24504738013143}}}, {"type": "Feature", "geometry": {"coordinates": [[-123.10870198271672, 49.249460577172734], [-123.10995689028054, 49.24948416249581]], "type": "LineString"}, "properties": {"effluent_type": "Combined", "material": "Vitrified Clay", "geo_point_2d": {"lon": -123.10932943649863, "lat": 49.24947236983427}}}, {"type": "Feature", "geometry": {"coordinates": [[-123.11512288335253, 49.25211292359466], [-123.11508558606272, 49.25301011737514]], "type": "LineString"}, "properties": {"effluent_type": "Sanitary", "material": "blank", "geo_point_2d": {"lon": -123.11510423470762, "lat": 49.2525615204849}}}, {"type": "Feature", "geometry": {"coordinates": [[-123.1223604577012, 49.24713821187385], [-123.12233978032842, 49.24760035482699]], "type": "LineString"}, "properties": {"effluent_type": "Combined", "material": "Concrete", "geo_point_2d": {"lon": -123.12235011901481, "lat": 49.24736928335042}}}, {"type": "Feature", "geometry": {"coordinates": [[-123.12219668467719, 49.25256986593276], [-123.1221641780274, 49.253474370009606]], "type": "LineString"}, "properties": {"effluent_type": "Combined", "material": "Concrete", "geo_point_2d": {"lon": -123.12218043135229, "lat": 49.253022117971184}}}, {"type": "Feature", "geometry": {"coordinates": [[-123.1114275091068, 49.24951149323759], [-123.11281740137602, 49.2495381734949]], "type": "LineString"}, "properties": {"effluent_type": "Combined", "material": "Vitrified Clay", "geo_point_2d": {"lon": -123.1121224552414, "lat": 49.249524833366245}}}, {"type": "Feature", "geometry": {"coordinates": [[-123.12233978032842, 49.24760035482699], [-123.12231223386392, 49.248063080706466]], "type": "LineString"}, "properties": {"effluent_type": "Combined", "material": "Concrete", "geo_point_2d": {"lon": -123.12232600709618, "lat": 49.24783171776673}}}, {"type": "Feature", "geometry": {"coordinates": [[-123.11967716386202, 49.25015142028048], [-123.11838520648217, 49.25012928281489]], "type": "LineString"}, "properties": {"effluent_type": "Combined", "material": "Vitrified Clay", "geo_point_2d": {"lon": -123.11903118517212, "lat": 49.25014035154768}}}, {"type": "Feature", "geometry": {"coordinates": [[-123.12006645920366, 49.25015802364543], [-123.11967716386202, 49.25015142028048]], "type": "LineString"}, "properties": {"effluent_type": "Combined", "material": "Vitrified Clay", "geo_point_2d": {"lon": -123.11987181153285, "lat": 49.25015472196296}}}, {"type": "Feature", "geometry": {"coordinates": [[-123.12099139658292, 49.250730297553304], [-123.12029235524243, 49.25071620337423]], "type": "LineString"}, "properties": {"effluent_type": "Storm", "material": "Vitrified Clay", "geo_point_2d": {"lon": -123.12064187591267, "lat": 49.250723250463764}}}, {"type": "Feature", "geometry": {"coordinates": [[-123.12044021471065, 49.244341065596934], [-123.12044015148379, 49.244343314472026]], "type": "LineString"}, "properties": {"effluent_type": "Combined", "material": "blank", "geo_point_2d": {"lon": -123.12044018309722, "lat": 49.24434219003448}}}, {"type": "Feature", "geometry": {"coordinates": [[-123.12015132451806, 49.25343134280679], [-123.12012206459077, 49.25431330975795]], "type": "LineString"}, "properties": {"effluent_type": "Combined", "material": "Vitrified Clay", "geo_point_2d": {"lon": -123.12013669455442, "lat": 49.25387232628237}}}, {"type": "Feature", "geometry": {"coordinates": [[-123.11847292674584, 49.24772827618972], [-123.11845683698029, 49.24800396953747]], "type": "LineString"}, "properties": {"effluent_type": "Sanitary", "material": "Polyvinyl Chloride", "geo_point_2d": {"lon": -123.11846488186306, "lat": 49.2478661228636}}}, {"type": "Feature", "geometry": {"coordinates": [[-123.11807949989733, 49.24106597020484], [-123.11835257672988, 49.2410656907713], [-123.1183627820549, 49.241058987856015]], "type": "LineString"}, "properties": {"effluent_type": "Sanitary", "material": "Polyvinyl Chloride", "geo_point_2d": {"lon": -123.11822210028755, "lat": 49.241065681072314}}}, {"type": "Feature", "geometry": {"coordinates": [[-123.11662719417187, 49.24613747629887], [-123.11659041684726, 49.247055360015274]], "type": "LineString"}, "properties": {"effluent_type": "Sanitary", "material": "Vitrified Clay", "geo_point_2d": {"lon": -123.11660880550957, "lat": 49.24659641815706}}}, {"type": "Feature", "geometry": {"coordinates": [[-123.1283726476821, 49.24932054237452], [-123.12986679768464, 49.24934328554789]], "type": "LineString"}, "properties": {"effluent_type": "Sanitary", "material": "Vitrified Clay", "geo_point_2d": {"lon": -123.12911972268337, "lat": 49.2493319139612}}}, {"type": "Feature", "geometry": {"coordinates": [[-123.10728099539517, 49.25279284643252], [-123.10725590017788, 49.253311552254395]], "type": "LineString"}, "properties": {"effluent_type": "Storm", "material": "CL3R.C", "geo_point_2d": {"lon": -123.10726844778652, "lat": 49.25305219934346}}}, {"type": "Feature", "geometry": {"coordinates": [[-123.12229164087925, 49.2501507873084], [-123.12400120058872, 49.25018410044169]], "type": "LineString"}, "properties": {"effluent_type": "Combined", "material": "Vitrified Clay", "geo_point_2d": {"lon": -123.12314642073399, "lat": 49.25016744387504}}}, {"type": "Feature", "geometry": {"coordinates": [[-123.12219277120252, 49.25072262856859], [-123.12224639175442, 49.25072384017154]], "type": "LineString"}, "properties": {"effluent_type": "Sanitary", "material": "Vitrified Clay", "geo_point_2d": {"lon": -123.12221958147848, "lat": 49.25072323437007}}}, {"type": "Feature", "geometry": {"coordinates": [[-123.1222551891937, 49.25073625327085], [-123.12397915407674, 49.25076880488438]], "type": "LineString"}, "properties": {"effluent_type": "Storm", "material": "Concrete", "geo_point_2d": {"lon": -123.12311717163522, "lat": 49.250752529077616}}}, {"type": "Feature", "geometry": {"coordinates": [[-123.12766009230499, 49.24631241793328], [-123.12763619701825, 49.24709531749106]], "type": "LineString"}, "properties": {"effluent_type": "Sanitary", "material": "Concrete", "geo_point_2d": {"lon": -123.12764814466162, "lat": 49.24670386771217}}}, {"type": "Feature", "geometry": {"coordinates": [[-123.1183841078303, 49.250072074292746], [-123.11838136156139, 49.25013033919633]], "type": "LineString"}, "properties": {"effluent_type": "Storm", "material": "Concrete", "geo_point_2d": {"lon": -123.11838273469584, "lat": 49.25010120674454}}}, {"type": "Feature", "geometry": {"coordinates": [[-123.11648299459983, 49.248917391212835], [-123.11652532848255, 49.248911240761814]], "type": "LineString"}, "properties": {"effluent_type": "Sanitary", "material": "Polyvinyl Chloride", "geo_point_2d": {"lon": -123.1165041615412, "lat": 49.24891431598732}}}, {"type": "Feature", "geometry": {"coordinates": [[-123.10441076730457, 49.247285863378316], [-123.1032630234037, 49.24726949817253]], "type": "LineString"}, "properties": {"effluent_type": "Sanitary", "material": "Polyvinyl Chloride", "geo_point_2d": {"lon": -123.10383689535415, "lat": 49.247277680775426}}}, {"type": "Feature", "geometry": {"coordinates": [[-123.11878581001028, 49.24707735677738], [-123.1190773583053, 49.24708245378566], [-123.11908883113897, 49.24708812694693]], "type": "LineString"}, "properties": {"effluent_type": "Sanitary", "material": "Polyvinyl Chloride", "geo_point_2d": {"lon": -123.11893795477049, "lat": 49.247080131709886}}}, {"type": "Feature", "geometry": {"coordinates": [[-123.10442993733646, 49.247280583841444], [-123.10326301359265, 49.24726479367527]], "type": "LineString"}, "properties": {"effluent_type": "Storm", "material": "Polyvinyl Chloride", "geo_point_2d": {"lon": -123.10384647546456, "lat": 49.24727268875836}}}, {"type": "Feature", "geometry": {"coordinates": [[-123.12694170009394, 49.24630487093774], [-123.12701533557384, 49.24630634618079]], "type": "LineString"}, "properties": {"effluent_type": "Storm", "material": "Vitrified Clay", "geo_point_2d": {"lon": -123.12697851783389, "lat": 49.24630560855927}}}, {"type": "Feature", "geometry": {"coordinates": [[-123.10923852023798, 49.246884268932774], [-123.11010197358046, 49.247189548029425]], "type": "LineString"}, "properties": {"effluent_type": "Storm", "material": "Vitrified Clay", "geo_point_2d": {"lon": -123.10967024690922, "lat": 49.2470369084811}}}, {"type": "Feature", "geometry": {"coordinates": [[-123.11442087660144, 49.247927844727826], [-123.11436210679844, 49.24792668856178]], "type": "LineString"}, "properties": {"effluent_type": "Combined", "material": "Vitrified Clay", "geo_point_2d": {"lon": -123.11439149169993, "lat": 49.24792726664481}}}, {"type": "Feature", "geometry": {"coordinates": [[-123.11837619878361, 49.25065491015592], [-123.11834488468855, 49.25155814389251]], "type": "LineString"}, "properties": {"effluent_type": "Sanitary", "material": "Concrete", "geo_point_2d": {"lon": -123.11836054173608, "lat": 49.25110652702422}}}, {"type": "Feature", "geometry": {"coordinates": [[-123.11526616781182, 49.25475215885859], [-123.115298067642, 49.25402827261523]], "type": "LineString"}, "properties": {"effluent_type": "Sanitary", "material": "Polyvinyl Chloride", "geo_point_2d": {"lon": -123.11528211772692, "lat": 49.254390215736905}}}, {"type": "Feature", "geometry": {"coordinates": [[-123.12974030111994, 49.25135161228609], [-123.12758528255952, 49.25132091877347]], "type": "LineString"}, "properties": {"effluent_type": "Combined", "material": "Concrete", "geo_point_2d": {"lon": -123.12866279183974, "lat": 49.25133626552979}}}, {"type": "Feature", "geometry": {"coordinates": [[-123.11857868318147, 49.24097979722466], [-123.11857261300082, 49.24106103948445]], "type": "LineString"}, "properties": {"effluent_type": "Storm", "material": "Polyvinyl Chloride", "geo_point_2d": {"lon": -123.11857564809114, "lat": 49.241020418354545}}}, {"type": "Feature", "geometry": {"coordinates": [[-123.11851985477506, 49.24105982529248], [-123.11857261300082, 49.24106103948445]], "type": "LineString"}, "properties": {"effluent_type": "Storm", "material": "Polyvinyl Chloride", "geo_point_2d": {"lon": -123.11854623388794, "lat": 49.241060432388466}}}, {"type": "Feature", "geometry": {"coordinates": [[-123.11684317313885, 49.25030798665265], [-123.11682837978398, 49.25063647132225]], "type": "LineString"}, "properties": {"effluent_type": "Storm", "material": "Polyvinyl Chloride", "geo_point_2d": {"lon": -123.1168357764614, "lat": 49.25047222898745}}}, {"type": "Feature", "geometry": {"coordinates": [[-123.11682837978398, 49.25063647132225], [-123.11835791859664, 49.25066447282022]], "type": "LineString"}, "properties": {"effluent_type": "Storm", "material": "Polyvinyl Chloride", "geo_point_2d": {"lon": -123.11759314919031, "lat": 49.250650472071236}}}, {"type": "Feature", "geometry": {"coordinates": [[-123.10749236736038, 49.24833650473965], [-123.1087157332873, 49.24835742532021]], "type": "LineString"}, "properties": {"effluent_type": "Sanitary", "material": "Polyvinyl Chloride", "geo_point_2d": {"lon": -123.10810405032385, "lat": 49.248346965029924}}}, {"type": "Feature", "geometry": {"coordinates": [[-123.11468147258059, 49.249576196041865], [-123.11469241240634, 49.24941105977359]], "type": "LineString"}, "properties": {"effluent_type": "Sanitary", "material": "Polyvinyl Chloride", "geo_point_2d": {"lon": -123.11468694249348, "lat": 49.24949362790772}}}, {"type": "Feature", "geometry": {"coordinates": [[-123.11648698579353, 49.24890844593067], [-123.11648700682926, 49.24891738716748]], "type": "LineString"}, "properties": {"effluent_type": "Sanitary", "material": "Polyvinyl Chloride", "geo_point_2d": {"lon": -123.1164869963114, "lat": 49.248912916549074}}}, {"type": "Feature", "geometry": {"coordinates": [[-123.1100318506812, 49.25151434976517], [-123.1099877393169, 49.25151349224514], [-123.10997042733493, 49.25153295640142]], "type": "LineString"}, "properties": {"effluent_type": "Combined", "material": "Polyvinyl Chloride", "geo_point_2d": {"lon": -123.10999839374402, "lat": 49.25151737472459}}}, {"type": "Feature", "geometry": {"coordinates": [[-123.10898071725613, 49.24311981757303], [-123.10803864903784, 49.2433702662908]], "type": "LineString"}, "properties": {"effluent_type": "Sanitary", "material": "Vitrified Clay", "geo_point_2d": {"lon": -123.10850968314699, "lat": 49.243245041931914}}}, {"type": "Feature", "geometry": {"coordinates": [[-123.1122014699896, 49.24875431739298], [-123.11219744841522, 49.248871466170925]], "type": "LineString"}, "properties": {"effluent_type": "Storm", "material": "Polyvinyl Chloride", "geo_point_2d": {"lon": -123.1121994592024, "lat": 49.24881289178195}}}, {"type": "Feature", "geometry": {"coordinates": [[-123.11533299573685, 49.2479450361773], [-123.11654165544182, 49.24796688703915]], "type": "LineString"}, "properties": {"effluent_type": "Storm", "material": "Concrete", "geo_point_2d": {"lon": -123.11593732558934, "lat": 49.24795596160823}}}, {"type": "Feature", "geometry": {"coordinates": [[-123.1073201551132, 49.25181484934148], [-123.1073158343766, 49.25191353096664]], "type": "LineString"}, "properties": {"effluent_type": "Storm", "material": "Vitrified Clay", "geo_point_2d": {"lon": -123.1073179947449, "lat": 49.25186419015406}}}, {"type": "Feature", "geometry": {"coordinates": [[-123.1256871684601, 49.25082324250937], [-123.12466740542764, 49.25080817398283]], "type": "LineString"}, "properties": {"effluent_type": "Combined", "material": "Polyvinyl Chloride", "geo_point_2d": {"lon": -123.12517728694388, "lat": 49.2508157082461}}}, {"type": "Feature", "geometry": {"coordinates": [[-123.11270425668174, 49.2543655081876], [-123.11262983916552, 49.25439382575083]], "type": "LineString"}, "properties": {"effluent_type": "Combined", "material": "Polyvinyl Chloride", "geo_point_2d": {"lon": -123.11266704792362, "lat": 49.254379666969214}}}, {"type": "Feature", "geometry": {"coordinates": [[-123.1125107543421, 49.25435926520405], [-123.11251499467804, 49.25435664346542]], "type": "LineString"}, "properties": {"effluent_type": "Sanitary", "material": "blank", "geo_point_2d": {"lon": -123.11251287451005, "lat": 49.25435795433474}}}, {"type": "Feature", "geometry": {"coordinates": [[-123.11849973428531, 49.24893984326879], [-123.11841850643614, 49.24895970706447]], "type": "LineString"}, "properties": {"effluent_type": "Storm", "material": "blank", "geo_point_2d": {"lon": -123.11845912036073, "lat": 49.24894977516663}}}, {"type": "Feature", "geometry": {"coordinates": [[-123.12006089180406, 49.25524534114554], [-123.1201417944249, 49.25524603962983]], "type": "LineString"}, "properties": {"effluent_type": "Storm", "material": "blank", "geo_point_2d": {"lon": -123.12010134311447, "lat": 49.25524569038768}}}, {"type": "Feature", "geometry": {"coordinates": [[-123.12016226534332, 49.25474008218687], [-123.12016184740826, 49.25474906884681]], "type": "LineString"}, "properties": {"effluent_type": "Storm", "material": "blank", "geo_point_2d": {"lon": -123.12016205637579, "lat": 49.25474457551684}}}, {"type": "Feature", "geometry": {"coordinates": [[-123.11272395386511, 49.254385728217926], [-123.11265455353664, 49.25438444662575]], "type": "LineString"}, "properties": {"effluent_type": "Sanitary", "material": "blank", "geo_point_2d": {"lon": -123.11268925370088, "lat": 49.25438508742184}}}, {"type": "Feature", "geometry": {"coordinates": [[-123.10494929223542, 49.249390717965355], [-123.10496751332681, 49.24939116916373], [-123.1049817851006, 49.249382430824774]], "type": "LineString"}, "properties": {"effluent_type": "Sanitary", "material": "blank", "geo_point_2d": {"lon": -123.10496617928055, "lat": 49.24938896020777}}}, {"type": "Feature", "geometry": {"coordinates": [[-123.11598519920348, 49.25502202447888], [-123.1159813404635, 49.25516399990569]], "type": "LineString"}, "properties": {"effluent_type": "Storm", "material": "blank", "geo_point_2d": {"lon": -123.11598326983349, "lat": 49.25509301219229}}}, {"type": "Feature", "geometry": {"coordinates": [[-123.11601160224032, 49.25517041010042], [-123.11707608163847, 49.255188855957236]], "type": "LineString"}, "properties": {"effluent_type": "Sanitary", "material": "blank", "geo_point_2d": {"lon": -123.1165438419394, "lat": 49.25517963302883}}}, {"type": "Feature", "geometry": {"coordinates": [[-123.11563684168827, 49.255054963348805], [-123.1159830678556, 49.25516223510858]], "type": "LineString"}, "properties": {"effluent_type": "Storm", "material": "blank", "geo_point_2d": {"lon": -123.11580995477195, "lat": 49.25510859922869}}}, {"type": "Feature", "geometry": {"coordinates": [[-123.11608486787077, 49.25334439658879], [-123.11821899120817, 49.25338405137565], [-123.1182872082958, 49.25337950193246]], "type": "LineString"}, "properties": {"effluent_type": "Sanitary", "material": "blank", "geo_point_2d": {"lon": -123.11718610578227, "lat": 49.25336476875211}}}, {"type": "Feature", "geometry": {"coordinates": [[-123.11605226255281, 49.25424879095106], [-123.11814976351549, 49.25428369834346], [-123.11825966099907, 49.254284719304316]], "type": "LineString"}, "properties": {"effluent_type": "Sanitary", "material": "blank", "geo_point_2d": {"lon": -123.11715595679955, "lat": 49.254267138930295}}}, {"type": "Feature", "geometry": {"coordinates": [[-123.11609836802643, 49.2492508717016], [-123.11609451801577, 49.249402112351646]], "type": "LineString"}, "properties": {"effluent_type": "Storm", "material": "Polyvinyl Chloride", "geo_point_2d": {"lon": -123.1160964430211, "lat": 49.249326492026626}}}, {"type": "Feature", "geometry": {"coordinates": [[-123.12826956898861, 49.2489241831205], [-123.1282934523898, 49.24817736356364]], "type": "LineString"}, "properties": {"effluent_type": "Storm", "material": "Polyvinyl Chloride", "geo_point_2d": {"lon": -123.1282815106892, "lat": 49.248550773342075}}}, {"type": "Feature", "geometry": {"coordinates": [[-123.10747204772366, 49.248343935713066], [-123.10875353715747, 49.24836553042345]], "type": "LineString"}, "properties": {"effluent_type": "Storm", "material": "Concrete", "geo_point_2d": {"lon": -123.10811279244056, "lat": 49.248354733068254}}}, {"type": "Feature", "geometry": {"coordinates": [[-123.12985448245142, 49.24819452752203], [-123.12833522883238, 49.24817430376233]], "type": "LineString"}, "properties": {"effluent_type": "Storm", "material": "Concrete", "geo_point_2d": {"lon": -123.12909485564191, "lat": 49.248184415642186}}}, {"type": "Feature", "geometry": {"coordinates": [[-123.11858463625103, 49.24431519887257], [-123.11962044075982, 49.24433273317627]], "type": "LineString"}, "properties": {"effluent_type": "Sanitary", "material": "Polyvinyl Chloride", "geo_point_2d": {"lon": -123.1191025385054, "lat": 49.244323966024425}}}, {"type": "Feature", "geometry": {"coordinates": [[-123.1178780323023, 49.24410439901139], [-123.11818088573015, 49.244231075362]], "type": "LineString"}, "properties": {"effluent_type": "Sanitary", "material": "Polyvinyl Chloride", "geo_point_2d": {"lon": -123.11802945901621, "lat": 49.2441677371867}}}, {"type": "Feature", "geometry": {"coordinates": [[-123.11738967245586, 49.24955249017052], [-123.11841678500501, 49.249567084679605]], "type": "LineString"}, "properties": {"effluent_type": "Sanitary", "material": "Polyvinyl Chloride", "geo_point_2d": {"lon": -123.11790322873041, "lat": 49.24955978742506}}}, {"type": "Feature", "geometry": {"coordinates": [[-123.11737349073739, 49.24956033246006], [-123.11840475569396, 49.24957599328962]], "type": "LineString"}, "properties": {"effluent_type": "Storm", "material": "Polyvinyl Chloride", "geo_point_2d": {"lon": -123.11788912321568, "lat": 49.24956816287484}}}, {"type": "Feature", "geometry": {"coordinates": [[-123.11735975004773, 49.24956034641894], [-123.11737349073739, 49.24956033246006]], "type": "LineString"}, "properties": {"effluent_type": "Storm", "material": "Polyvinyl Chloride", "geo_point_2d": {"lon": -123.11736662039256, "lat": 49.2495603394395}}}, {"type": "Feature", "geometry": {"coordinates": [[-123.11843498521962, 49.24957596230448], [-123.11843347374332, 49.24957596385394]], "type": "LineString"}, "properties": {"effluent_type": "Storm", "material": "Polyvinyl Chloride", "geo_point_2d": {"lon": -123.11843422948147, "lat": 49.24957596307921}}}, {"type": "Feature", "geometry": {"coordinates": [[-123.11843347374332, 49.24957596385394], [-123.11840475569396, 49.24957599328962]], "type": "LineString"}, "properties": {"effluent_type": "Storm", "material": "Polyvinyl Chloride", "geo_point_2d": {"lon": -123.11841911471865, "lat": 49.249575978571784}}}, {"type": "Feature", "geometry": {"coordinates": [[-123.1087160299858, 49.248354879390945], [-123.11011054614345, 49.248381488911185]], "type": "LineString"}, "properties": {"effluent_type": "Sanitary", "material": "Polyvinyl Chloride", "geo_point_2d": {"lon": -123.10941328806462, "lat": 49.24836818415106}}}, {"type": "Feature", "geometry": {"coordinates": [[-123.11439165789362, 49.24725279054057], [-123.11436210679844, 49.24792668856178]], "type": "LineString"}, "properties": {"effluent_type": "Combined", "material": "Vitrified Clay", "geo_point_2d": {"lon": -123.11437688234604, "lat": 49.247589739551174}}}, {"type": "Feature", "geometry": {"coordinates": [[-123.11433927002132, 49.24839655904025], [-123.11431613958952, 49.24890606274687]], "type": "LineString"}, "properties": {"effluent_type": "Combined", "material": "Vitrified Clay", "geo_point_2d": {"lon": -123.11432770480542, "lat": 49.248651310893564}}}, {"type": "Feature", "geometry": {"coordinates": [[-123.11467709574741, 49.249573052056434], [-123.11468479003284, 49.249400794789324]], "type": "LineString"}, "properties": {"effluent_type": "Storm", "material": "Polyvinyl Chloride", "geo_point_2d": {"lon": -123.11468094289012, "lat": 49.24948692342288}}}, {"type": "Feature", "geometry": {"coordinates": [[-123.1212267769221, 49.247114571176525], [-123.12236044707606, 49.24713391216399]], "type": "LineString"}, "properties": {"effluent_type": "Storm", "material": "Concrete", "geo_point_2d": {"lon": -123.12179361199907, "lat": 49.24712424167026}}}, {"type": "Feature", "geometry": {"coordinates": [[-123.12119592703202, 49.247124372365825], [-123.12122609989581, 49.24711303370217]], "type": "LineString"}, "properties": {"effluent_type": "Storm", "material": "Polyvinyl Chloride", "geo_point_2d": {"lon": -123.12121101346392, "lat": 49.247118703034}}}, {"type": "Feature", "geometry": {"coordinates": [[-123.11188863562231, 49.250570388524885], [-123.1127651566992, 49.250586843141306]], "type": "LineString"}, "properties": {"effluent_type": "Combined", "material": "Vitrified Clay", "geo_point_2d": {"lon": -123.11232689616075, "lat": 49.2505786158331}}}, {"type": "Feature", "geometry": {"coordinates": [[-123.11272126489236, 49.251563236784946], [-123.11248432672895, 49.25155837641581]], "type": "LineString"}, "properties": {"effluent_type": "Storm", "material": "Vitrified Clay", "geo_point_2d": {"lon": -123.11260279581064, "lat": 49.251560806600374}}}, {"type": "Feature", "geometry": {"coordinates": [[-123.11840756585329, 49.24919972898503], [-123.11839788214218, 49.24957466004484]], "type": "LineString"}, "properties": {"effluent_type": "Storm", "material": "Concrete", "geo_point_2d": {"lon": -123.11840272399773, "lat": 49.24938719451494}}}, {"type": "Feature", "geometry": {"coordinates": [[-123.11842297063119, 49.249188882939976], [-123.11841479221756, 49.24956692480803]], "type": "LineString"}, "properties": {"effluent_type": "Sanitary", "material": "Polyvinyl Chloride", "geo_point_2d": {"lon": -123.11841888142436, "lat": 49.249377903874006}}}, {"type": "Feature", "geometry": {"coordinates": [[-123.11839575252831, 49.24957474318432], [-123.11838313220974, 49.25007206629723]], "type": "LineString"}, "properties": {"effluent_type": "Storm", "material": "Concrete", "geo_point_2d": {"lon": -123.11838944236902, "lat": 49.24982340474077}}}, {"type": "Feature", "geometry": {"coordinates": [[-123.11671246325562, 49.249005492779055], [-123.11649733291918, 49.24899625592182]], "type": "LineString"}, "properties": {"effluent_type": "Storm", "material": "Vitrified Clay", "geo_point_2d": {"lon": -123.1166048980874, "lat": 49.249000874350436}}}]}