{"type": "FeatureCollection", "features": [{"type": "Feature", "geometry": {"coordinates": [[-123.11845896660923, 49.246045435386655], [-123.11845909906813, 49.24608357504292], [-123.11845827426792, 49.246086821877014], [-123.11845714212717, 49.24608997473039], [-123.11845571306621, 49.24609300458383], [-123.11845400023829, 49.24609588355023], [-123.11845201940845, 49.24609858513129], [-123.11844978880848, 49.24610108446136], [-123.11844732896904, 49.24610335853634], [-123.11844466253078, 49.24610538642539], [-123.11844181403585, 49.246107149463604], [-123.11843880970214, 49.246108631423795], [-123.11843567718185, 49.246109818665836], [-123.11843244530702, 49.24611070026222], [-123.11842914382419, 49.24611126809865], [-123.11842580312057, 49.24611151694869], [-123.11842245394433, 49.246111444521894], [-123.11841912712168, 49.24611105148489], [-123.11834438472093, 49.246111856686255]], "type": "LineString"}, "properties": {"wireset_type": "3-10", "geo_point_2d": {"lon": -123.11841909967377, "lat": 49.24609785502808}}}, {"type": "Feature", "geometry": {"coordinates": [[-123.1106954302091, 49.24689878575174], [-123.11065380174152, 49.24689108030789], [-123.11061226169082, 49.24688291162583], [-123.11057081521172, 49.24687428071923], [-123.11052946744731, 49.246865188659086], [-123.11048822352845, 49.24685563657364], [-123.11044708857311, 49.24684562564821], [-123.11040606768573, 49.246835157125055], [-123.1103651659566, 49.24682423230321], [-123.11032438846121, 49.24681285253834], [-123.11028374025965, 49.24680101924257], [-123.11024322639597, 49.24678873388429], [-123.11020285189753, 49.24677599798798], [-123.1101626217744, 49.24676281313406], [-123.11012254101878, 49.24674918095863], [-123.11008261460427, 49.246735103153306], [-123.11004284748533, 49.24672058146501], [-123.11000324459671, 49.24670561769574], [-123.1099638108527, 49.24669021370235], [-123.10992455114665, 49.24667437139633], [-123.10988547035032, 49.246658092743544], [-123.10984657331323, 49.24664137976402], [-123.10980786486213, 49.24662423453167], [-123.10976934980036, 49.24660665917406], [-123.10973103290725, 49.2465886558721], [-123.10969291893755, 49.246570226859845], [-123.10965501262085, 49.24655137442413], [-123.10961731866092, 49.246532100904375], [-123.10957984173523, 49.24651240869222], [-123.10954258649429, 49.24649230023129], [-123.1095055575611, 49.24647177801683], [-123.1094687595306, 49.24645084459546], [-123.10943219696907, 49.2464295025648]], "type": "LineString"}, "properties": {"wireset_type": "2-10", "geo_point_2d": {"lon": -123.11004985720912, "lat": 49.246701712440256}}}, {"type": "Feature", "geometry": {"coordinates": [[-123.1107192566547, 49.246807200449474], [-123.1106767732415, 49.246796481107125], [-123.11063434219473, 49.24678555632024], [-123.11059196450792, 49.24677442634461], [-123.11054964117328, 49.24676309144083], [-123.11050737318182, 49.24675155187432], [-123.1104651615232, 49.24673980791525], [-123.11042300718579, 49.246727859838614], [-123.1103809111566, 49.24671570792416], [-123.11033887442129, 49.24670335245643], [-123.11029689796413, 49.2466907937247], [-123.11025498276798, 49.24667803202304], [-123.11021312981424, 49.24666506765026], [-123.1101713400829, 49.24665190090991], [-123.1101296145524, 49.246638532110275], [-123.11008795419977, 49.24662496156438], [-123.11004636000042, 49.24661118958998]], "type": "LineString"}, "properties": {"wireset_type": "3-10", "geo_point_2d": {"lon": -123.11038154851845, "lat": 49.246713519889}}}, {"type": "Feature", "geometry": {"coordinates": [[-123.10896752086337, 49.24593885600985], [-123.10923170101424, 49.24581727881937]], "type": "LineString"}, "properties": {"wireset_type": "3-10", "geo_point_2d": {"lon": -123.10909961093881, "lat": 49.24587806741461}}}, {"type": "Feature", "geometry": {"coordinates": [[-123.11230186334777, 49.24758742152902], [-123.11229255349639, 49.24779605697432], [-123.112294259061, 49.24780259539033], [-123.11229657778271, 49.24780894230802], [-123.11229948870695, 49.24781504036957], [-123.11230296552736, 49.247820834466076], [-123.11230697682352, 49.24782627223563], [-123.11231148634486, 49.24783130453647], [-123.11231645333834, 49.247835885891114], [-123.11232183291665, 49.24783997489733], [-123.1123275764639, 49.24784353460229], [-123.11233363207502, 49.247846532836526], [-123.11233994502473, 49.24784894250465], [-123.11234645826218, 49.24785074183022], [-123.11235311292648, 49.24785191455251], [-123.11235984887867, 49.247852450073495], [-123.11236660524514, 49.24785234355362], [-123.11237332096786, 49.2478515959555], [-123.11239052257723, 49.247851075489834]], "type": "LineString"}, "properties": {"wireset_type": "2-10", "geo_point_2d": {"lon": -123.11231076806901, "lat": 49.24774612916179}}}, {"type": "Feature", "geometry": {"coordinates": [[-123.11220080356678, 49.24715048639045], [-123.11220041863956, 49.24704124866596], [-123.11219998224173, 49.24703887500018], [-123.11219930625975, 49.24703655815304], [-123.11219839772983, 49.247034322240324], [-123.11219726610874, 49.247032190535364], [-123.11219592317538, 49.24703018522683], [-123.1121943829082, 49.247028327187735], [-123.11219266133963, 49.24702663575816], [-123.1121907763893, 49.24702512854401], [-123.11218874767738, 49.24702382123368], [-123.11218659632053, 49.24702272743482], [-123.11218434471192, 49.24702185853263], [-123.1121820162883, 49.24702122357141], [-123.11217963528594, 49.2470208291604], [-123.11217722648838, 49.24702067940497], [-123.11217481496854, 49.24702077586391], [-123.11217242582761, 49.247021117533194], [-123.11212233074096, 49.24701549916506]], "type": "LineString"}, "properties": {"wireset_type": "2-10", "geo_point_2d": {"lon": -123.11218486973988, "lat": 49.247062775027345}}}, {"type": "Feature", "geometry": {"coordinates": [[-123.10968206439134, 49.247537325296406], [-123.1096025085461, 49.24750800641248], [-123.10952307562127, 49.247478356118734], [-123.10944376699742, 49.24744837493049], [-123.10936458405293, 49.24741806336884], [-123.10928552816405, 49.247387421960596], [-123.10920660070477, 49.24735645123832], [-123.10912780304687, 49.24732515174029], [-123.10904913655989, 49.247293524010495]], "type": "LineString"}, "properties": {"wireset_type": "1-10G", "geo_point_2d": {"lon": -123.10936493345115, "lat": 49.24741715630291}}}, {"type": "Feature", "geometry": {"coordinates": [[-123.1085192299023, 49.24700855929099], [-123.1084878621561, 49.24698784625709], [-123.10845661972611, 49.24696694468193], [-123.10842550374561, 49.24694585532365], [-123.10839451534324, 49.24692457894722], [-123.10836365564302, 49.2469031163244], [-123.10833292576434, 49.24688146823368], [-123.10830232682184, 49.24685963546031], [-123.10827185992542, 49.246837618796214], [-123.1082415261802, 49.24681541903999], [-123.10821132668646, 49.246793036996884], [-123.10818126253963, 49.246770473478755], [-123.1081513348302, 49.24674772930404], [-123.10812154464372, 49.24672480529773], [-123.10809189306077, 49.24670170229133], [-123.1080623811569, 49.246678421122866], [-123.10803301000257, 49.246654962636796]], "type": "LineString"}, "properties": {"wireset_type": "3-10", "geo_point_2d": {"lon": -123.108273291136, "lat": 49.246835650782494}}}, {"type": "Feature", "geometry": {"coordinates": [[-123.11000643078269, 49.24789093425981], [-123.11016221005238, 49.247893610327175]], "type": "LineString"}, "properties": {"wireset_type": "1-8G", "geo_point_2d": {"lon": -123.11008432041754, "lat": 49.24789227229349}}}, {"type": "Feature", "geometry": {"coordinates": [[-123.11138237722857, 49.2479139929916], [-123.11070566935146, 49.24790178923273]], "type": "LineString"}, "properties": {"wireset_type": "3-8", "geo_point_2d": {"lon": -123.11104402329002, "lat": 49.247907891112156}}}, {"type": "Feature", "geometry": {"coordinates": [[-123.11070566935146, 49.24790178923273], [-123.11016221005238, 49.247893610327175]], "type": "LineString"}, "properties": {"wireset_type": "1-10G", "geo_point_2d": {"lon": -123.11043393970192, "lat": 49.247897699779955}}}, {"type": "Feature", "geometry": {"coordinates": [[-123.11000643078269, 49.24789093425981], [-123.1097557055484, 49.24788789845954]], "type": "LineString"}, "properties": {"wireset_type": "3-10", "geo_point_2d": {"lon": -123.10988106816555, "lat": 49.24788941635967}}}, {"type": "Feature", "geometry": {"coordinates": [[-123.11616157155065, 49.244809852959456], [-123.11601139532114, 49.245060098396465]], "type": "LineString"}, "properties": {"wireset_type": "1-8G", "geo_point_2d": {"lon": -123.11608648343588, "lat": 49.244934975677964}}}, {"type": "Feature", "geometry": {"coordinates": [[-123.11575347975082, 49.244420202140724], [-123.11557254885734, 49.24462117494551]], "type": "LineString"}, "properties": {"wireset_type": "3-8", "geo_point_2d": {"lon": -123.11566301430409, "lat": 49.24452068854312}}}, {"type": "Feature", "geometry": {"coordinates": [[-123.11841630008581, 49.24529084191098], [-123.11761795415741, 49.24528660212581]], "type": "LineString"}, "properties": {"wireset_type": "3-10", "geo_point_2d": {"lon": -123.11801712712163, "lat": 49.245288722018394}}}, {"type": "Feature", "geometry": {"coordinates": [[-123.11841630008581, 49.24529084191098], [-123.11761795415741, 49.24528660212581]], "type": "LineString"}, "properties": {"wireset_type": "1-8G", "geo_point_2d": {"lon": -123.11801712712163, "lat": 49.245288722018394}}}, {"type": "Feature", "geometry": {"coordinates": [[-123.11847794833766, 49.24531911369657], [-123.11847711264541, 49.245526859505524]], "type": "LineString"}, "properties": {"wireset_type": "2-12", "geo_point_2d": {"lon": -123.11847753049153, "lat": 49.24542298660105}}}, {"type": "Feature", "geometry": {"coordinates": [[-123.12043760901246, 49.24499833223617], [-123.12043095201527, 49.2451366499189], [-123.1204296305553, 49.2451406336875], [-123.12042796615597, 49.24514448679581], [-123.12042597154164, 49.245148179786796], [-123.12042366196113, 49.245151684427526], [-123.1204210550712, 49.245154973925004], [-123.12041817080154, 49.24515802313101], [-123.1204150312024, 49.245160808734354], [-123.12041166027603, 49.245163309439086], [-123.12040808379317, 49.2451655061273], [-123.12040432909605, 49.24516738200531], [-123.12040042488935, 49.24516892273203], [-123.12039640102076, 49.245170116528584], [-123.12039228825273, 49.24517095426839], [-123.12038811802744, 49.245171429546936], [-123.12038392222624, 49.24517153873071], [-123.12037973292607, 49.245171280985], [-123.12032567377159, 49.24517366706713]], "type": "LineString"}, "properties": {"wireset_type": "1-8G", "geo_point_2d": {"lon": -123.12041087990279, "lat": 49.24511331038392}}}, {"type": "Feature", "geometry": {"coordinates": [[-123.12043760901246, 49.24499833223617], [-123.12043095201527, 49.2451366499189], [-123.1204296305553, 49.2451406336875], [-123.12042796615597, 49.24514448679581], [-123.12042597154164, 49.245148179786796], [-123.12042366196113, 49.245151684427526], [-123.1204210550712, 49.245154973925004], [-123.12041817080154, 49.24515802313101], [-123.1204150312024, 49.245160808734354], [-123.12041166027603, 49.245163309439086], [-123.12040808379317, 49.2451655061273], [-123.12040432909605, 49.24516738200531], [-123.12040042488935, 49.24516892273203], [-123.12039640102076, 49.245170116528584], [-123.12039228825273, 49.24517095426839], [-123.12038811802744, 49.245171429546936], [-123.12038392222624, 49.24517153873071], [-123.12037973292607, 49.245171280985], [-123.12032567377159, 49.24517366706713]], "type": "LineString"}, "properties": {"wireset_type": "3-10", "geo_point_2d": {"lon": -123.12041087990279, "lat": 49.24511331038392}}}, {"type": "Feature", "geometry": {"coordinates": [[-123.11596500652024, 49.24426618945443], [-123.11575347975082, 49.244420202140724]], "type": "LineString"}, "properties": {"wireset_type": "1-8G", "geo_point_2d": {"lon": -123.11585924313553, "lat": 49.244343195797576}}}, {"type": "Feature", "geometry": {"coordinates": [[-123.11557254885734, 49.24462117494551], [-123.11540876177459, 49.24483329342242]], "type": "LineString"}, "properties": {"wireset_type": "1-8G", "geo_point_2d": {"lon": -123.11549065531597, "lat": 49.24472723418396}}}, {"type": "Feature", "geometry": {"coordinates": [[-123.11540876177459, 49.24483329342242], [-123.11530776427924, 49.24504020373213]], "type": "LineString"}, "properties": {"wireset_type": "3-6", "geo_point_2d": {"lon": -123.1153582630269, "lat": 49.244936748577274}}}, {"type": "Feature", "geometry": {"coordinates": [[-123.11811163859707, 49.244149865217494], [-123.11802514834555, 49.24422402938493]], "type": "LineString"}, "properties": {"wireset_type": "2-8", "geo_point_2d": {"lon": -123.1180683934713, "lat": 49.244186947301216}}}, {"type": "Feature", "geometry": {"coordinates": [[-123.12030514500822, 49.24430193312598], [-123.11978228424408, 49.24429084557928]], "type": "LineString"}, "properties": {"wireset_type": "3-2", "geo_point_2d": {"lon": -123.12004371462616, "lat": 49.24429638935263}}}, {"type": "Feature", "geometry": {"coordinates": [[-123.11919433638411, 49.24428360983148], [-123.11865780040978, 49.244276129398656]], "type": "LineString"}, "properties": {"wireset_type": "3-6", "geo_point_2d": {"lon": -123.11892606839695, "lat": 49.24427986961507}}}, {"type": "Feature", "geometry": {"coordinates": [[-123.11810364988608, 49.24414725577058], [-123.11785421715011, 49.244015658308804], [-123.11784370948222, 49.244009826276795], [-123.1178334696157, 49.24400353590194], [-123.11762872961991, 49.243871037809804]], "type": "LineString"}, "properties": {"wireset_type": "2-8", "geo_point_2d": {"lon": -123.11786312073485, "lat": 49.24401438693963}}}, {"type": "Feature", "geometry": {"coordinates": [[-123.11863311146868, 49.245899371988195], [-123.11863057927503, 49.246046779490065]], "type": "LineString"}, "properties": {"wireset_type": "2-10", "geo_point_2d": {"lon": -123.11863184537185, "lat": 49.24597307573913}}}, {"type": "Feature", "geometry": {"coordinates": [[-123.11588970392614, 49.24533565463389], [-123.11588503970209, 49.24555597060393]], "type": "LineString"}, "properties": {"wireset_type": "3-10", "geo_point_2d": {"lon": -123.11588737181413, "lat": 49.24544581261891}}}, {"type": "Feature", "geometry": {"coordinates": [[-123.11520940731998, 49.24533715361542], [-123.11519784199919, 49.2455394140075]], "type": "LineString"}, "properties": {"wireset_type": "3-8", "geo_point_2d": {"lon": -123.11520362465959, "lat": 49.24543828381146}}}, {"type": "Feature", "geometry": {"coordinates": [[-123.11519784199919, 49.2455394140075], [-123.11519228388012, 49.245742990701245]], "type": "LineString"}, "properties": {"wireset_type": "4-8", "geo_point_2d": {"lon": -123.11519506293965, "lat": 49.24564120235438}}}, {"type": "Feature", "geometry": {"coordinates": [[-123.11519228388012, 49.245742990701245], [-123.11517656667755, 49.245991508709665]], "type": "LineString"}, "properties": {"wireset_type": "4-8", "geo_point_2d": {"lon": -123.11518442527884, "lat": 49.245867249705455}}}, {"type": "Feature", "geometry": {"coordinates": [[-123.12053339277415, 49.24177760421998], [-123.12051395588252, 49.24216282768073], [-123.12051238422411, 49.2421671664719], [-123.12051042465949, 49.24217134442899], [-123.12050809341515, 49.24217532695568], [-123.12050540979541, 49.242179081073964], [-123.12050239602245, 49.242182575697186], [-123.12049907705233, 49.2421857818875], [-123.12049548036838, 49.242188673095484], [-123.1204916357536, 49.242191225379976], [-123.12048757504398, 49.24219341760633], [-123.12048333186496, 49.24219523162142], [-123.12047894135293, 49.24219665240399], [-123.12047443986431, 49.24219766818898], [-123.12046986467446, 49.24219827056501], [-123.12046525366907, 49.242198454544], [-123.12046064503038, 49.24219821860248], [-123.12045607692104, 49.2421975646942], [-123.12039324456407, 49.242195354394255]], "type": "LineString"}, "properties": {"wireset_type": "2-12", "geo_point_2d": {"lon": -123.12050691053854, "lat": 49.2420281464667}}}, {"type": "Feature", "geometry": {"coordinates": [[-123.1199022185102, 49.24218167056884], [-123.11936872471645, 49.242155848988915]], "type": "LineString"}, "properties": {"wireset_type": "3-8", "geo_point_2d": {"lon": -123.11963547161334, "lat": 49.24216875977888}}}, {"type": "Feature", "geometry": {"coordinates": [[-123.11930141942977, 49.24318260814406], [-123.11930183791748, 49.24332210586931]], "type": "LineString"}, "properties": {"wireset_type": "2-8", "geo_point_2d": {"lon": -123.11930162867363, "lat": 49.24325235700668}}}, {"type": "Feature", "geometry": {"coordinates": [[-123.12756004868004, 49.25160163366859], [-123.12755832832117, 49.2516219198021], [-123.12755938267841, 49.25162643599478], [-123.12756087504701, 49.25163082695156], [-123.1275627910264, 49.25163505030195], [-123.12756511212834, 49.25163906529277], [-123.12756781595539, 49.251642833181414], [-123.12757087641698, 49.25164631760967], [-123.12757426398124, 49.2516494849546], [-123.12757794595991, 49.25165230465292], [-123.12758188682375, 49.251654749496005], [-123.12758604854545, 49.25165679589235], [-123.12759039096652, 49.25165842409528], [-123.1275948721848, 49.25165961839347], [-123.12759944895885, 49.25166036726255], [-123.12760407712511, 49.251660663476315], [-123.12760871202414, 49.251660504176456], [-123.12761330893154, 49.25165989090013], [-123.12762081166338, 49.251659882612685], [-123.12761867078434, 49.251772900991845], [-123.12759796264753, 49.25177292386428], [-123.12759349699996, 49.25177241383846], [-123.12758900334379, 49.25177231798049], [-123.12758452000885, 49.251772637108026], [-123.12758008523696, 49.25177336849899], [-123.12757573685566, 49.25177450591477], [-123.12757151195565, 49.251776039653485], [-123.12756744657435, 49.25177795663271], [-123.12756357538849, 49.25178024050104], [-123.12755993141839, 49.25178287177763], [-123.12755654574627, 49.251785828018285], [-123.12755344725113, 49.25178908400698], [-123.1275506623624, 49.251792611970885], [-123.12754821483453, 49.25179638181728], [-123.12754612554437, 49.251800361390266], [-123.12754441231309, 49.25180451674501], [-123.12754308975411, 49.25180881243731], [-123.12754262490294, 49.25191640484097]], "type": "LineString"}, "properties": {"wireset_type": "3-10", "geo_point_2d": {"lon": -123.12757993827984, "lat": 49.251750477144014}}}, {"type": "Feature", "geometry": {"coordinates": [[-123.1275569853776, 49.25136735639087], [-123.12756004868004, 49.25160163366859]], "type": "LineString"}, "properties": {"wireset_type": "3-10", "geo_point_2d": {"lon": -123.12755851702882, "lat": 49.25148449502973}}}, {"type": "Feature", "geometry": {"coordinates": [[-123.12754262490294, 49.25191640484097], [-123.1275247029765, 49.25221391470691]], "type": "LineString"}, "properties": {"wireset_type": "3-10", "geo_point_2d": {"lon": -123.12753366393972, "lat": 49.252065159773935}}}, {"type": "Feature", "geometry": {"coordinates": [[-123.11951001154047, 49.24516114679348], [-123.1187579457031, 49.245146891286375]], "type": "LineString"}, "properties": {"wireset_type": "3-10", "geo_point_2d": {"lon": -123.11913397862179, "lat": 49.24515401903994}}}, {"type": "Feature", "geometry": {"coordinates": [[-123.11761795415741, 49.24528660212581], [-123.11719166527554, 49.245278255985234]], "type": "LineString"}, "properties": {"wireset_type": "1-8G", "geo_point_2d": {"lon": -123.11740480971648, "lat": 49.24528242905552}}}, {"type": "Feature", "geometry": {"coordinates": [[-123.11665064370408, 49.24529578652832], [-123.11664566633881, 49.24542839031291], [-123.11663650912969, 49.24543723287888]], "type": "LineString"}, "properties": {"wireset_type": "3-10", "geo_point_2d": {"lon": -123.11664753639783, "lat": 49.24536827906001}}}, {"type": "Feature", "geometry": {"coordinates": [[-123.11847794833766, 49.24531911369657], [-123.11841630008581, 49.24529084191098]], "type": "LineString"}, "properties": {"wireset_type": "2-12", "geo_point_2d": {"lon": -123.11844712421174, "lat": 49.24530497780377}}}, {"type": "Feature", "geometry": {"coordinates": [[-123.10518676895268, 49.246187489250026], [-123.10503461241441, 49.24618647629419]], "type": "LineString"}, "properties": {"wireset_type": "3-12", "geo_point_2d": {"lon": -123.10511069068353, "lat": 49.24618698277211}}}, {"type": "Feature", "geometry": {"coordinates": [[-123.10575399567415, 49.246827737820915], [-123.10531833942146, 49.2468197612286]], "type": "LineString"}, "properties": {"wireset_type": "3-10", "geo_point_2d": {"lon": -123.1055361675478, "lat": 49.24682374952475}}}, {"type": "Feature", "geometry": {"coordinates": [[-123.10770585191743, 49.246896403295345], [-123.10765511687, 49.24701324467665]], "type": "LineString"}, "properties": {"wireset_type": null, "geo_point_2d": {"lon": -123.10768048439373, "lat": 49.246954823986}}}, {"type": "Feature", "geometry": {"coordinates": [[-123.10743660362762, 49.2472448864072], [-123.10742876944559, 49.24763012346924]], "type": "LineString"}, "properties": {"wireset_type": "2-12", "geo_point_2d": {"lon": -123.10743268653661, "lat": 49.24743750493822}}}, {"type": "Feature", "geometry": {"coordinates": [[-123.11517144503964, 49.24711531526744], [-123.1151342789278, 49.24709198269882], [-123.11443783819942, 49.247080333193274], [-123.11443892472334, 49.24709268257082], [-123.11442740889383, 49.247097902216694]], "type": "LineString"}, "properties": {"wireset_type": "3-6", "geo_point_2d": {"lon": -123.11479562729382, "lat": 49.24708731723468}}}, {"type": "Feature", "geometry": {"coordinates": [[-123.112515845943, 49.24692529919395], [-123.11251639673944, 49.24702257309943]], "type": "LineString"}, "properties": {"wireset_type": "1-10G", "geo_point_2d": {"lon": -123.11251612134122, "lat": 49.246973936146695}}}, {"type": "Feature", "geometry": {"coordinates": [[-123.10520952627579, 49.25044445206481], [-123.10517909859709, 49.25044201507766], [-123.10515163222385, 49.250440610974785], [-123.10512419639839, 49.250438700831985], [-123.10504184511768, 49.25044438875621], [-123.10503934048744, 49.25044249944171], [-123.10503668446664, 49.250440829640674], [-123.10503389624286, 49.25043939141604], [-123.10503099595871, 49.250438195157784], [-123.10502800456636, 49.2504372495079], [-123.10502494367614, 49.25043656129791], [-123.10502183540045, 49.25043613549958], [-123.10501870219404, 49.250435975188935], [-123.10501556669172, 49.2504360815241], [-123.10501245154492, 49.25043645373689], [-123.105009379258, 49.250437089138366], [-123.10500637202571, 49.25043798313829], [-123.10500345157281, 49.250439129278234], [-123.10500063899715, 49.2504405192783], [-123.1049979546173, 49.25044214309687], [-123.10499541782568, 49.2504439890032], [-123.10499304694851, 49.250446043662144], [-123.10499085911341, 49.25044829223048], [-123.10498887012571, 49.25045071846416], [-123.10498709435419, 49.25045330483564], [-123.10498554462734, 49.25045603266053], [-123.10498423214064, 49.250458882232536], [-123.10498316637575, 49.25046183296586], [-123.10498235503192, 49.25046486354388], [-123.10498180397046, 49.25046795207317], [-123.10498151717233, 49.250471076241666], [-123.1049814967094, 49.25047421347982], [-123.1049817427295, 49.25047734112367], [-123.10498225345535, 49.25048043657857], [-123.10498302519734, 49.25048347748242], [-123.10498405238033, 49.250486441867196], [-123.10498532758372, 49.250489308317654], [-123.10497373662373, 49.25068676406708]], "type": "LineString"}, "properties": {"wireset_type": "2-12", "geo_point_2d": {"lon": -123.10503703053472, "lat": 49.2505059515773}}}, {"type": "Feature", "geometry": {"coordinates": [[-123.11890351293694, 49.25421457039029], [-123.11841310182389, 49.25420889434238]], "type": "LineString"}, "properties": {"wireset_type": "3-12", "geo_point_2d": {"lon": -123.11865830738041, "lat": 49.254211732366336}}}, {"type": "Feature", "geometry": {"coordinates": [[-123.12000988105567, 49.253431696706095], [-123.11968832599554, 49.25342725380665]], "type": "LineString"}, "properties": {"wireset_type": "3-10", "geo_point_2d": {"lon": -123.11984910352561, "lat": 49.25342947525637}}}, {"type": "Feature", "geometry": {"coordinates": [[-123.11657927662137, 49.25418192961445], [-123.11657867555049, 49.254282649711726]], "type": "LineString"}, "properties": {"wireset_type": "3-12", "geo_point_2d": {"lon": -123.11657897608592, "lat": 49.254232289663086}}}, {"type": "Feature", "geometry": {"coordinates": [[-123.11890351293694, 49.25421457039029], [-123.11890515850777, 49.254321827713895]], "type": "LineString"}, "properties": {"wireset_type": "3-12", "geo_point_2d": {"lon": -123.11890433572235, "lat": 49.25426819905209}}}, {"type": "Feature", "geometry": {"coordinates": [[-123.12231099809269, 49.25349209717366], [-123.12227467379499, 49.2535124558305], [-123.12227182705942, 49.25351398159717], [-123.12226920272361, 49.25351586434219], [-123.1222668452889, 49.253518072139485], [-123.12226479473078, 49.253520567551014], [-123.12226308582098, 49.253523308261606], [-123.12226174753776, 49.25352624779649], [-123.1222608025747, 49.25352933630942], [-123.12226026695569, 49.25353252142787], [-123.12225087210399, 49.25391832745322]], "type": "LineString"}, "properties": {"wireset_type": "3-8", "geo_point_2d": {"lon": -123.12225957067707, "lat": 49.25369329378936}}}, {"type": "Feature", "geometry": {"coordinates": [[-123.12231099809269, 49.25349209717366], [-123.12227467379499, 49.2535124558305], [-123.12227182705942, 49.25351398159717], [-123.12226920272361, 49.25351586434219], [-123.1222668452889, 49.253518072139485], [-123.12226479473078, 49.253520567551014], [-123.12226308582098, 49.253523308261606], [-123.12226174753776, 49.25352624779649], [-123.1222608025747, 49.25352933630942], [-123.12226026695569, 49.25353252142787], [-123.12225087210399, 49.25391832745322]], "type": "LineString"}, "properties": {"wireset_type": "3-12", "geo_point_2d": {"lon": -123.12225957067707, "lat": 49.25369329378936}}}, {"type": "Feature", "geometry": {"coordinates": [[-123.11880936887923, 49.2500012860755], [-123.11848405795155, 49.24997981572362]], "type": "LineString"}, "properties": {"wireset_type": null, "geo_point_2d": {"lon": -123.11864671341539, "lat": 49.24999055089957}}}, {"type": "Feature", "geometry": {"coordinates": [[-123.11695227903958, 49.24994856189296], [-123.11643221885937, 49.24994389692828]], "type": "LineString"}, "properties": {"wireset_type": "3-8", "geo_point_2d": {"lon": -123.11669224894946, "lat": 49.24994622941062}}}, {"type": "Feature", "geometry": {"coordinates": [[-123.1200887642472, 49.2543459070761], [-123.12007961343313, 49.254567423902564]], "type": "LineString"}, "properties": {"wireset_type": "2-10", "geo_point_2d": {"lon": -123.12008418884017, "lat": 49.25445666548933}}}, {"type": "Feature", "geometry": {"coordinates": [[-123.12231695216548, 49.25429453662704], [-123.12166232446005, 49.254278460735065]], "type": "LineString"}, "properties": {"wireset_type": "3-10", "geo_point_2d": {"lon": -123.12198963831277, "lat": 49.254286498681054}}}, {"type": "Feature", "geometry": {"coordinates": [[-123.12010672377718, 49.2540621611363], [-123.12010422051378, 49.25419718201241], [-123.12010352065636, 49.25419989157381], [-123.12010259277413, 49.25420253175525], [-123.12010144359785, 49.25420508340516], [-123.12010008146349, 49.25420752801421], [-123.12009851625182, 49.25420984784951], [-123.12009675931667, 49.254212026083266], [-123.12009482340264, 49.25421404691484], [-123.12009272255258, 49.25421589568537], [-123.12009047200583, 49.254217558984124], [-123.12008808808756, 49.25421902474572], [-123.1200855880904, 49.25422028233772], [-123.12008299014904, 49.254221322637704], [-123.1200803131086, 49.25422213809947], [-123.120077576388, 49.25422272280776], [-123.12007479983907, 49.25422307252118], [-123.12007200360256, 49.25422318470294], [-123.12001168384087, 49.25423202671171]], "type": "LineString"}, "properties": {"wireset_type": null, "geo_point_2d": {"lon": -123.1200866986864, "lat": 49.25417013935733}}}, {"type": "Feature", "geometry": {"coordinates": [[-123.11551147955835, 49.253032648159206], [-123.1154655812228, 49.25313822599393]], "type": "LineString"}, "properties": {"wireset_type": null, "geo_point_2d": {"lon": -123.11548853039058, "lat": 49.253085437076564}}}, {"type": "Feature", "geometry": {"coordinates": [[-123.11776787230093, 49.253394083012964], [-123.11715568942338, 49.25338246291077]], "type": "LineString"}, "properties": {"wireset_type": "3-12", "geo_point_2d": {"lon": -123.11746178086216, "lat": 49.25338827296187}}}, {"type": "Feature", "geometry": {"coordinates": [[-123.11715568942338, 49.25338246291077], [-123.11649576786509, 49.25337667163867]], "type": "LineString"}, "properties": {"wireset_type": "3-12", "geo_point_2d": {"lon": -123.11682572864424, "lat": 49.25337956727472}}}, {"type": "Feature", "geometry": {"coordinates": [[-123.11904275852469, 49.25341359139182], [-123.11843156143541, 49.25340642966941]], "type": "LineString"}, "properties": {"wireset_type": "3-10", "geo_point_2d": {"lon": -123.11873715998006, "lat": 49.253410010530615}}}, {"type": "Feature", "geometry": {"coordinates": [[-123.12038989963347, 49.25343289349606], [-123.12031973686607, 49.25345102899305], [-123.12031522543093, 49.25345199103344], [-123.12031090524417, 49.25345360799203], [-123.12030687081497, 49.25345584449593], [-123.12030321040122, 49.253458651619006], [-123.1203000040788, 49.253461967952106], [-123.12029732198978, 49.253465720946544], [-123.12029522280804, 49.25346982850113], [-123.12029375245564, 49.253474200758276], [-123.1202737097761, 49.25365792205526]], "type": "LineString"}, "properties": {"wireset_type": null, "geo_point_2d": {"lon": -123.12030384017616, "lat": 49.25352218970856}}}, {"type": "Feature", "geometry": {"coordinates": [[-123.12204970127158, 49.25282476603649], [-123.12205581150772, 49.25306806238367]], "type": "LineString"}, "properties": {"wireset_type": null, "geo_point_2d": {"lon": -123.12205275638965, "lat": 49.25294641421008}}}, {"type": "Feature", "geometry": {"coordinates": [[-123.12205581150772, 49.25306806238367], [-123.12200305477249, 49.253368207739456]], "type": "LineString"}, "properties": {"wireset_type": "3-12", "geo_point_2d": {"lon": -123.12202943314011, "lat": 49.25321813506156}}}, {"type": "Feature", "geometry": {"coordinates": [[-123.12200305477249, 49.253368207739456], [-123.12159189667679, 49.25336656328999]], "type": "LineString"}, "properties": {"wireset_type": "3-12", "geo_point_2d": {"lon": -123.12179747572463, "lat": 49.25336738551472}}}, {"type": "Feature", "geometry": {"coordinates": [[-123.12369065880405, 49.25351810875757], [-123.12313364891126, 49.25350750469507]], "type": "LineString"}, "properties": {"wireset_type": "3-12", "geo_point_2d": {"lon": -123.12341215385766, "lat": 49.25351280672632}}}, {"type": "Feature", "geometry": {"coordinates": [[-123.12703817894224, 49.253571110343586], [-123.12637275780212, 49.25356027224782]], "type": "LineString"}, "properties": {"wireset_type": "2-12", "geo_point_2d": {"lon": -123.12670546837218, "lat": 49.253565691295705}}}, {"type": "Feature", "geometry": {"coordinates": [[-123.12434953320917, 49.253527170302604], [-123.12443035985211, 49.25355887239732], [-123.12443423413858, 49.25356021241521], [-123.12443786151816, 49.25356212235264], [-123.12444115872533, 49.25356455836751], [-123.12444405007359, 49.25356746454176], [-123.12444646919285, 49.25357077416495], [-123.12444836055283, 49.25357441126557], [-123.12444968073794, 49.253578292354966], [-123.12445039944363, 49.253582328343775], [-123.1244452911373, 49.25387350919146]], "type": "LineString"}, "properties": {"wireset_type": "2-12", "geo_point_2d": {"lon": -123.12443520502926, "lat": 49.25367612390912}}}, {"type": "Feature", "geometry": {"coordinates": [[-123.12543301095008, 49.25435838093957], [-123.12543538352557, 49.254459529626864]], "type": "LineString"}, "properties": {"wireset_type": "3-12", "geo_point_2d": {"lon": -123.12543419723782, "lat": 49.254408955283225}}}, {"type": "Feature", "geometry": {"coordinates": [[-123.12332633931348, 49.25431942378717], [-123.12332706546769, 49.254417839727466]], "type": "LineString"}, "properties": {"wireset_type": "3-12", "geo_point_2d": {"lon": -123.12332670239059, "lat": 49.25436863175731}}}, {"type": "Feature", "geometry": {"coordinates": [[-123.1267871104099, 49.25076820422188], [-123.12676222333897, 49.25074595035318], [-123.12676857331196, 49.25056411386307], [-123.12678517370999, 49.250553877068754]], "type": "LineString"}, "properties": {"wireset_type": null, "geo_point_2d": {"lon": -123.12676766900209, "lat": 49.25066156367069}}}, {"type": "Feature", "geometry": {"coordinates": [[-123.1224547908365, 49.25077480231507], [-123.12238660598604, 49.250785228071074], [-123.12238294083569, 49.25078541482789], [-123.12237930403465, 49.25078590664423], [-123.12237572092914, 49.25078670009247], [-123.12237221649119, 49.25078778964275], [-123.12236881514454, 49.25078916770159], [-123.12236554059447, 49.250790824664776], [-123.12236241566255, 49.2507927489843], [-123.1223594621276, 49.25079492724886], [-123.12235670057395, 49.25079734427731], [-123.12235415024787, 49.25079998322447], [-123.12235182892357, 49.2508028256985], [-123.12234975277923, 49.25080585188915], [-123.12234793628427, 49.25080904070575], [-123.12234639209856, 49.25081236992421], [-123.12234513098409, 49.250815816341984], [-123.12234416173004, 49.25081935593967], [-123.12233240943259, 49.25112373086775]], "type": "LineString"}, "properties": {"wireset_type": "2-12", "geo_point_2d": {"lon": -123.12235458592765, "lat": 49.25091733462133}}}, {"type": "Feature", "geometry": {"coordinates": [[-123.1238259004005, 49.2508019097613], [-123.1230773302951, 49.250786149427334]], "type": "LineString"}, "properties": {"wireset_type": "3-8", "geo_point_2d": {"lon": -123.1234516153478, "lat": 49.25079402959432}}}, {"type": "Feature", "geometry": {"coordinates": [[-123.1217778578579, 49.25076072966986], [-123.12109549356074, 49.25075064363679]], "type": "LineString"}, "properties": {"wireset_type": "3-10", "geo_point_2d": {"lon": -123.1214366757093, "lat": 49.250755686653314}}}, {"type": "Feature", "geometry": {"coordinates": [[-123.11925159092738, 49.25071457476407], [-123.11856477101546, 49.250702535414135]], "type": "LineString"}, "properties": {"wireset_type": "3-12", "geo_point_2d": {"lon": -123.11890818097142, "lat": 49.250708555089105}}}, {"type": "Feature", "geometry": {"coordinates": [[-123.11638953161606, 49.2505599870791], [-123.11633282159124, 49.25054790063956], [-123.11632944260103, 49.250547514672064], [-123.1163261062082, 49.250546855105036], [-123.11632283452875, 49.25054592631056], [-123.11631964924963, 49.25054473444534], [-123.11631657148516, 49.2505432874099], [-123.1163136216369, 49.25054159479621], [-123.11631081925859, 49.25053966782412], [-123.11630818292632, 49.250537519266956], [-123.11630573011557, 49.25053516336687], [-123.11630347708532, 49.25053261574044], [-123.11630143877025, 49.25052989327513], [-123.11629962868173, 49.25052701401736], [-123.11629805881832, 49.25052399705289], [-123.11629673958619, 49.25052086238029], [-123.11629567973013, 49.25051763077838], [-123.11629488627561, 49.25051432366852], [-123.11628969623207, 49.25032299141779]], "type": "LineString"}, "properties": {"wireset_type": "2-12", "geo_point_2d": {"lon": -123.11630863117126, "lat": 49.250465377318186}}}, {"type": "Feature", "geometry": {"coordinates": [[-123.1273824207729, 49.25048766289005], [-123.12738672587483, 49.25070824810305]], "type": "LineString"}, "properties": {"wireset_type": "3-6", "geo_point_2d": {"lon": -123.12738457332387, "lat": 49.25059795549655}}}, {"type": "Feature", "geometry": {"coordinates": [[-123.12741109696869, 49.24902413455401], [-123.12740004709177, 49.24945572885347]], "type": "LineString"}, "properties": {"wireset_type": "3-8", "geo_point_2d": {"lon": -123.12740557203023, "lat": 49.24923993170374}}}, {"type": "Feature", "geometry": {"coordinates": [[-123.12742008688471, 49.24881195415037], [-123.12741109696869, 49.24902413455401]], "type": "LineString"}, "properties": {"wireset_type": "3-8", "geo_point_2d": {"lon": -123.1274155919267, "lat": 49.248918044352195}}}, {"type": "Feature", "geometry": {"coordinates": [[-123.12742415854777, 49.24854673428856], [-123.12742008688471, 49.24881195415037]], "type": "LineString"}, "properties": {"wireset_type": "3-8", "geo_point_2d": {"lon": -123.12742212271623, "lat": 49.24867934421947}}}, {"type": "Feature", "geometry": {"coordinates": [[-123.12742364675711, 49.24823574273923], [-123.12742415854777, 49.24854673428856]], "type": "LineString"}, "properties": {"wireset_type": "3-8", "geo_point_2d": {"lon": -123.12742390265244, "lat": 49.248391238513896}}}, {"type": "Feature", "geometry": {"coordinates": [[-123.12751068767635, 49.247657856002014], [-123.12751139234257, 49.24793149017317]], "type": "LineString"}, "properties": {"wireset_type": "3-8", "geo_point_2d": {"lon": -123.12751104000948, "lat": 49.2477946730876}}}, {"type": "Feature", "geometry": {"coordinates": [[-123.1275337800854, 49.24744258360377], [-123.12751068767635, 49.247657856002014]], "type": "LineString"}, "properties": {"wireset_type": "3-8", "geo_point_2d": {"lon": -123.12752223388088, "lat": 49.24755021980289}}}, {"type": "Feature", "geometry": {"coordinates": [[-123.11296733436019, 49.25001745464495], [-123.11292490953896, 49.25001446472841], [-123.11292051551305, 49.250014490933474], [-123.11291613191773, 49.250014187219094], [-123.11291178348955, 49.25001355529911], [-123.11290749476666, 49.25001259873946], [-123.11290328995027, 49.25001132293798], [-123.11289919276807, 49.250009735094004], [-123.11289522634043, 49.250007844167726], [-123.11289141304985, 49.2500056608296], [-123.11288777441467, 49.2500031974002], [-123.11288433096767, 49.250000467780595], [-123.11288110214018, 49.24999748737402], [-123.11287810615241, 49.24999427299885], [-123.11287535991069, 49.24999084279378], [-123.11287287891204, 49.24998721611539], [-123.11287067715669, 49.24998341342901], [-123.11286876706912, 49.24997945619312], [-123.11286968303489, 49.24995072274298], [-123.11287084096696, 49.24992199802638], [-123.1128722407832, 49.24989328408091], [-123.11287388238433, 49.249864582943374], [-123.11287576565388, 49.24983589664968], [-123.11287789045828, 49.24980722723468], [-123.11288025664679, 49.249778576732034], [-123.11288286405158, 49.249749947174045]], "type": "LineString"}, "properties": {"wireset_type": null, "geo_point_2d": {"lon": -123.11288726360304, "lat": 49.24991171581458}}}, {"type": "Feature", "geometry": {"coordinates": [[-123.11697258518731, 49.25701935276318], [-123.1162942925134, 49.257012067732994]], "type": "LineString"}, "properties": {"wireset_type": "3-10", "geo_point_2d": {"lon": -123.11663343885036, "lat": 49.25701571024808}}}, {"type": "Feature", "geometry": {"coordinates": [[-123.11840609706155, 49.24772366718162], [-123.1184225789444, 49.247318846871465]], "type": "LineString"}, "properties": {"wireset_type": "2-10", "geo_point_2d": {"lon": -123.11841433800298, "lat": 49.24752125702654}}}, {"type": "Feature", "geometry": {"coordinates": [[-123.11762794327036, 49.247935859008535], [-123.11699446200544, 49.24791851178891]], "type": "LineString"}, "properties": {"wireset_type": "3-10", "geo_point_2d": {"lon": -123.1173112026379, "lat": 49.24792718539872}}}, {"type": "Feature", "geometry": {"coordinates": [[-123.11580746487296, 49.24790550425443], [-123.1163779490154, 49.24791810901005]], "type": "LineString"}, "properties": {"wireset_type": "3-8", "geo_point_2d": {"lon": -123.11609270694419, "lat": 49.247911806632246}}}, {"type": "Feature", "geometry": {"coordinates": [[-123.11587928941749, 49.24606373035986], [-123.1164838915286, 49.246074582275064]], "type": "LineString"}, "properties": {"wireset_type": "3-8", "geo_point_2d": {"lon": -123.11618159047305, "lat": 49.24606915631746}}}, {"type": "Feature", "geometry": {"coordinates": [[-123.11775574163991, 49.24609860550979], [-123.11710701813375, 49.2460867165593]], "type": "LineString"}, "properties": {"wireset_type": "1-10G", "geo_point_2d": {"lon": -123.11743137988681, "lat": 49.246092661034545}}}, {"type": "Feature", "geometry": {"coordinates": [[-123.11699446200544, 49.24791851178891], [-123.1163779490154, 49.24791810901005]], "type": "LineString"}, "properties": {"wireset_type": "3-10", "geo_point_2d": {"lon": -123.11668620551042, "lat": 49.247918310399484}}}, {"type": "Feature", "geometry": {"coordinates": [[-123.11710701813375, 49.2460867165593], [-123.1164838915286, 49.246074582275064]], "type": "LineString"}, "properties": {"wireset_type": "1-10G", "geo_point_2d": {"lon": -123.11679545483118, "lat": 49.24608064941718}}}, {"type": "Feature", "geometry": {"coordinates": [[-123.11775374842802, 49.24619643070915], [-123.11834473884058, 49.246202537275764]], "type": "LineString"}, "properties": {"wireset_type": "3-10", "geo_point_2d": {"lon": -123.1180492436343, "lat": 49.246199483992456}}}, {"type": "Feature", "geometry": {"coordinates": [[-123.1179412384951, 49.24517984092121], [-123.11666959126335, 49.24514447653421]], "type": "LineString"}, "properties": {"wireset_type": "1-8G", "geo_point_2d": {"lon": -123.11730541487923, "lat": 49.245162158727716}}}, {"type": "Feature", "geometry": {"coordinates": [[-123.11659887722507, 49.24514581625274], [-123.11657538373508, 49.245146262737414]], "type": "LineString"}, "properties": {"wireset_type": "2-10", "geo_point_2d": {"lon": -123.11658713048007, "lat": 49.245146039495076}}}, {"type": "Feature", "geometry": {"coordinates": [[-123.11666959126335, 49.24514447653421], [-123.11659887722507, 49.24514581625274]], "type": "LineString"}, "properties": {"wireset_type": "2-10", "geo_point_2d": {"lon": -123.1166342342442, "lat": 49.24514514639347}}}, {"type": "Feature", "geometry": {"coordinates": [[-123.11173943807563, 49.255740249247886], [-123.11173949836646, 49.2558339253946]], "type": "LineString"}, "properties": {"wireset_type": null, "geo_point_2d": {"lon": -123.11173946822105, "lat": 49.25578708732124}}}, {"type": "Feature", "geometry": {"coordinates": [[-123.11051708994901, 49.25571584256317], [-123.11051762340315, 49.25581320629725]], "type": "LineString"}, "properties": {"wireset_type": null, "geo_point_2d": {"lon": -123.11051735667608, "lat": 49.255764524430205}}}, {"type": "Feature", "geometry": {"coordinates": [[-123.11269336764678, 49.25585417367517], [-123.11236578126676, 49.255844975796414]], "type": "LineString"}, "properties": {"wireset_type": "1-8G", "geo_point_2d": {"lon": -123.11252957445676, "lat": 49.25584957473579}}}, {"type": "Feature", "geometry": {"coordinates": [[-123.11269336764678, 49.25585417367517], [-123.11236578126676, 49.255844975796414]], "type": "LineString"}, "properties": {"wireset_type": "3-6", "geo_point_2d": {"lon": -123.11252957445676, "lat": 49.25584957473579}}}, {"type": "Feature", "geometry": {"coordinates": [[-123.11236578126676, 49.255844975796414], [-123.11173949836646, 49.2558339253946]], "type": "LineString"}, "properties": {"wireset_type": "3-4", "geo_point_2d": {"lon": -123.11205263981661, "lat": 49.2558394505955}}}, {"type": "Feature", "geometry": {"coordinates": [[-123.11239226091944, 49.254869589431635], [-123.11243875446627, 49.25487121730447], [-123.11244423927742, 49.25487072484102], [-123.11244974607703, 49.254870753678524], [-123.11245522542973, 49.2548713035581], [-123.11246062814654, 49.2548723695434], [-123.11246590572645, 49.254873942064904], [-123.11247101079182, 49.25487600700586], [-123.1124758975137, 49.254878545828966], [-123.11248052202326, 49.25488153574284], [-123.11248484280557, 49.25488494990655], [-123.1124888210723, 49.25488875767064], [-123.11249242110996, 49.254892924852236], [-123.11249561060046, 49.25489741404191], [-123.11249836091125, 49.25490218493954], [-123.11250064735239, 49.254907194716026], [-123.11250244939814, 49.25491239839787], [-123.11250375087126, 49.25491774927082], [-123.11249512719554, 49.255162463623535]], "type": "LineString"}, "properties": {"wireset_type": "2-12", "geo_point_2d": {"lon": -123.11248402123857, "lat": 49.254983515783366}}}, {"type": "Feature", "geometry": {"coordinates": [[-123.111803796866, 49.254761956887215], [-123.11118357046443, 49.25475529627479]], "type": "LineString"}, "properties": {"wireset_type": "3-4", "geo_point_2d": {"lon": -123.1114936836652, "lat": 49.254758626581}}}, {"type": "Feature", "geometry": {"coordinates": [[-123.1105858645633, 49.25474110876575], [-123.10998243919707, 49.25472553834544]], "type": "LineString"}, "properties": {"wireset_type": "3-2", "geo_point_2d": {"lon": -123.11028415188021, "lat": 49.2547333235556}}}, {"type": "Feature", "geometry": {"coordinates": [[-123.10998243919707, 49.25472553834544], [-123.10987575515276, 49.254723876789704]], "type": "LineString"}, "properties": {"wireset_type": "3-2", "geo_point_2d": {"lon": -123.10992909717491, "lat": 49.254724707567576}}}, {"type": "Feature", "geometry": {"coordinates": [[-123.10972304702064, 49.2547214852645], [-123.10961661116657, 49.254713985335975]], "type": "LineString"}, "properties": {"wireset_type": "3-2", "geo_point_2d": {"lon": -123.1096698290936, "lat": 49.25471773530023}}}, {"type": "Feature", "geometry": {"coordinates": [[-123.10852270875372, 49.25469537246109], [-123.1079556139712, 49.25468387713469]], "type": "LineString"}, "properties": {"wireset_type": "3-6", "geo_point_2d": {"lon": -123.10823916136248, "lat": 49.25468962479789}}}, {"type": "Feature", "geometry": {"coordinates": [[-123.10852270875372, 49.25469537246109], [-123.1079556139712, 49.25468387713469]], "type": "LineString"}, "properties": {"wireset_type": "1-10G", "geo_point_2d": {"lon": -123.10823916136248, "lat": 49.25468962479789}}}, {"type": "Feature", "geometry": {"coordinates": [[-123.10729084620296, 49.254339052934895], [-123.10728207333429, 49.25460286390777], [-123.10728268799716, 49.254608302256244], [-123.10728403526815, 49.2546136068114], [-123.10728609020133, 49.254618679354564], [-123.1072888147477, 49.254623425963], [-123.10729215845983, 49.2546277587489], [-123.10729605942583, 49.254631597486814], [-123.10730044541579, 49.25463487109899], [-123.10730523521907, 49.254637518971535], [-123.10737294531484, 49.25467673819071]], "type": "LineString"}, "properties": {"wireset_type": "2-12", "geo_point_2d": {"lon": -123.10729758664077, "lat": 49.25452586672343}}}, {"type": "Feature", "geometry": {"coordinates": [[-123.11003143388908, 49.25391737906019], [-123.10991544224463, 49.25391918057014]], "type": "LineString"}, "properties": {"wireset_type": null, "geo_point_2d": {"lon": -123.10997343806685, "lat": 49.25391827981517}}}, {"type": "Feature", "geometry": {"coordinates": [[-123.11123030358077, 49.25394010439383], [-123.11003143388908, 49.25391737906019]], "type": "LineString"}, "properties": {"wireset_type": "3-6", "geo_point_2d": {"lon": -123.11063086873492, "lat": 49.25392874172701}}}, {"type": "Feature", "geometry": {"coordinates": [[-123.10972874799897, 49.25392082425433], [-123.10973315352643, 49.25411666402466]], "type": "LineString"}, "properties": {"wireset_type": null, "geo_point_2d": {"lon": -123.1097309507627, "lat": 49.25401874413949}}}, {"type": "Feature", "geometry": {"coordinates": [[-123.10972874799897, 49.25392082425433], [-123.10908545690042, 49.25390041159501]], "type": "LineString"}, "properties": {"wireset_type": "3-6", "geo_point_2d": {"lon": -123.1094071024497, "lat": 49.253910617924674}}}, {"type": "Feature", "geometry": {"coordinates": [[-123.11138433290617, 49.24781829084528], [-123.11138237722857, 49.2479139929916]], "type": "LineString"}, "properties": {"wireset_type": "2-10", "geo_point_2d": {"lon": -123.11138335506736, "lat": 49.247866141918436}}}, {"type": "Feature", "geometry": {"coordinates": [[-123.11497469740961, 49.25392419633038], [-123.11383557292115, 49.25388806611016]], "type": "LineString"}, "properties": {"wireset_type": "2-8", "geo_point_2d": {"lon": -123.11440513516538, "lat": 49.25390613122027}}}, {"type": "Feature", "geometry": {"coordinates": [[-123.11383557292115, 49.25388806611016], [-123.11279069216614, 49.25387003902024]], "type": "LineString"}, "properties": {"wireset_type": "3-8", "geo_point_2d": {"lon": -123.11331313254367, "lat": 49.253879052565196}}}, {"type": "Feature", "geometry": {"coordinates": [[-123.10991492316921, 49.25379061236452], [-123.10976707156563, 49.25378946661319]], "type": "LineString"}, "properties": {"wireset_type": null, "geo_point_2d": {"lon": -123.10984099736743, "lat": 49.253790039488855}}}, {"type": "Feature", "geometry": {"coordinates": [[-123.106581363403, 49.25376074121212], [-123.10547864232676, 49.25373984985206]], "type": "LineString"}, "properties": {"wireset_type": "2-8", "geo_point_2d": {"lon": -123.10603000286487, "lat": 49.253750295532086}}}, {"type": "Feature", "geometry": {"coordinates": [[-123.11387489702904, 49.25285227248188], [-123.11387459873124, 49.25297947422499]], "type": "LineString"}, "properties": {"wireset_type": "2-10", "geo_point_2d": {"lon": -123.11387474788015, "lat": 49.25291587335344}}}, {"type": "Feature", "geometry": {"coordinates": [[-123.10746610054808, 49.252744756849], [-123.10746513986909, 49.25287193220435]], "type": "LineString"}, "properties": {"wireset_type": "3-10", "geo_point_2d": {"lon": -123.1074656202086, "lat": 49.25280834452667}}}, {"type": "Feature", "geometry": {"coordinates": [[-123.11278020218208, 49.25295706119116], [-123.1127563690361, 49.25296688924675], [-123.11273258122561, 49.252984561087516], [-123.11272945420149, 49.25300533410828], [-123.1125690342218, 49.25300549951775], [-123.1125610466766, 49.252985771781056], [-123.11254036423696, 49.25296709985625], [-123.11247638551029, 49.25296214282504]], "type": "LineString"}, "properties": {"wireset_type": "3-6", "geo_point_2d": {"lon": -123.11263219842255, "lat": 49.252988700698616}}}, {"type": "Feature", "geometry": {"coordinates": [[-123.10608351941214, 49.252848787040854], [-123.1055128001322, 49.252841537793806]], "type": "LineString"}, "properties": {"wireset_type": "1-10G", "geo_point_2d": {"lon": -123.10579815977218, "lat": 49.25284516241733}}}, {"type": "Feature", "geometry": {"coordinates": [[-123.11279069216614, 49.25387003902024], [-123.11270500862717, 49.25386282751233], [-123.11268899776012, 49.253844043116956], [-123.11267936264764, 49.25381900082231], [-123.11252606255596, 49.25381497644926], [-123.11252384283999, 49.25386014361852], [-123.11249104745944, 49.253863036035035], [-123.1118167916463, 49.25385311218034]], "type": "LineString"}, "properties": {"wireset_type": "3-8", "geo_point_2d": {"lon": -123.11232255688354, "lat": 49.25385115328729}}}, {"type": "Feature", "geometry": {"coordinates": [[-123.10966400805029, 49.25381459818707], [-123.10854474284194, 49.253795361938025]], "type": "LineString"}, "properties": {"wireset_type": "3-6", "geo_point_2d": {"lon": -123.10910437544612, "lat": 49.25380498006255}}}, {"type": "Feature", "geometry": {"coordinates": [[-123.10854474284194, 49.253795361938025], [-123.10742432434508, 49.25377619687533]], "type": "LineString"}, "properties": {"wireset_type": "3-8", "geo_point_2d": {"lon": -123.10798453359351, "lat": 49.25378577940668}}}, {"type": "Feature", "geometry": {"coordinates": [[-123.12221761757776, 49.24718889828597], [-123.12232284698888, 49.247225505456385], [-123.12232571376634, 49.24722622127812], [-123.12232851367726, 49.247227165371676], [-123.1223312285771, 49.247228331618935], [-123.12233384087222, 49.247229712462165], [-123.1223363336339, 49.24723129895294], [-123.12233869070805, 49.247233080810176], [-123.1223408968199, 49.24723504648672], [-123.12234293767297, 49.24723718324421], [-123.1223448000417, 49.247239477235595], [-123.12234647185721, 49.247241913594905], [-123.12234794228546, 49.24724447653356], [-123.1223492017975, 49.247247149442686], [-123.12235024223118, 49.24724991500078], [-123.12235105684408, 49.247252755285906], [-123.12235164035718, 49.24725565189189], [-123.12235198898908, 49.24725858604758], [-123.12233867743316, 49.24749876384646], [-123.12233820858592, 49.24750224671156], [-123.12233727560243, 49.247505634883474], [-123.12233589543403, 49.24750886680276], [-123.12233409315688, 49.24751188374892], [-123.12231213510906, 49.24754473959427]], "type": "LineString"}, "properties": {"wireset_type": "2-12", "geo_point_2d": {"lon": -123.122324208591, "lat": 49.24733888085391}}}, {"type": "Feature", "geometry": {"coordinates": [[-123.12265629516307, 49.24668909002027], [-123.1226413837764, 49.24667100744121], [-123.12253103154598, 49.2466682100776], [-123.12252779503478, 49.246668485023484], [-123.12252454690685, 49.24666846874985], [-123.12252131331311, 49.246668161387724], [-123.12251812028751, 49.2466675654117], [-123.12251499353735, 49.24666668562003], [-123.12251195823637, 49.246665529095985], [-123.12250903882202, 49.24666410515085], [-123.12250625879875, 49.24666242524891], [-123.12250364054874, 49.246660502915205], [-123.12250120515178, 49.2466583536266], [-123.12249897221541, 49.246655994687195], [-123.12249695971721, 49.246653445089], [-123.12249518385997, 49.24665072535906], [-123.12249365894125, 49.24664785739414], [-123.1224923972383, 49.24664486428445], [-123.12249140890921, 49.24664177012777], [-123.12249012071723, 49.24659869332127]], "type": "LineString"}, "properties": {"wireset_type": "3-8", "geo_point_2d": {"lon": -123.12255688310626, "lat": 49.24665917319467}}}, {"type": "Feature", "geometry": {"coordinates": [[-123.12459685440679, 49.247246346041905], [-123.12466496265576, 49.247251273918], [-123.12466807274622, 49.24725113826077], [-123.12467118236418, 49.24725128434885], [-123.1246742660384, 49.24725171098561], [-123.12467729851014, 49.24725241467642], [-123.12468025494007, 49.24725338965727], [-123.12468311111174, 49.24725462794198], [-123.1246858436299, 49.247256119387615], [-123.12468843011219, 49.24725785177757], [-123.12469084937244, 49.24725981092164], [-123.12469308159419, 49.247261980772244], [-123.12469510849306, 49.24726434355589], [-123.1246969134665, 49.24726687991874], [-123.12469848172974, 49.247269569085155], [-123.12469980043696, 49.247272389027856], [-123.1247008587865, 49.24727531664837], [-123.12470164810927, 49.247278327966214], [-123.124696476291, 49.24766896049674]], "type": "LineString"}, "properties": {"wireset_type": "2-12", "geo_point_2d": {"lon": -123.12468870220576, "lat": 49.247422572871464}}}, {"type": "Feature", "geometry": {"coordinates": [[-123.11438070513995, 49.25694668480612], [-123.11383439880642, 49.25693315583638]], "type": "LineString"}, "properties": {"wireset_type": "3-10", "geo_point_2d": {"lon": -123.11410755197318, "lat": 49.256939920321244}}}, {"type": "Feature", "geometry": {"coordinates": [[-123.11051762340315, 49.25581320629725], [-123.10991418602687, 49.25579810328304]], "type": "LineString"}, "properties": {"wireset_type": "3-4", "geo_point_2d": {"lon": -123.110215904715, "lat": 49.255805654790144}}}, {"type": "Feature", "geometry": {"coordinates": [[-123.11504223861589, 49.25480510303478], [-123.11492006013644, 49.25480057409848], [-123.11445184144608, 49.25479074834341], [-123.11445784015663, 49.25466307323993], [-123.11446659989782, 49.25465378149415]], "type": "LineString"}, "properties": {"wireset_type": "1-8G", "geo_point_2d": {"lon": -123.11469100451231, "lat": 49.254782446317925}}}, {"type": "Feature", "geometry": {"coordinates": [[-123.11118357046443, 49.25475529627479], [-123.1111831656173, 49.25485037613949]], "type": "LineString"}, "properties": {"wireset_type": "2-10", "geo_point_2d": {"lon": -123.11118336804087, "lat": 49.25480283620713}}}, {"type": "Feature", "geometry": {"coordinates": [[-123.10998243919707, 49.25472553834544], [-123.10997830097209, 49.25482368013449]], "type": "LineString"}, "properties": {"wireset_type": "2-10", "geo_point_2d": {"lon": -123.10998037008457, "lat": 49.254774609239966}}}, {"type": "Feature", "geometry": {"coordinates": [[-123.10987575515276, 49.254723876789704], [-123.10972304702064, 49.2547214852645]], "type": "LineString"}, "properties": {"wireset_type": null, "geo_point_2d": {"lon": -123.10979940108669, "lat": 49.254722681027104}}}, {"type": "Feature", "geometry": {"coordinates": [[-123.10906446291382, 49.25470046634108], [-123.10906386558206, 49.25480358810654]], "type": "LineString"}, "properties": {"wireset_type": "2-10", "geo_point_2d": {"lon": -123.10906416424794, "lat": 49.25475202722381}}}, {"type": "Feature", "geometry": {"coordinates": [[-123.10987708888253, 49.25432178017635], [-123.10988102614198, 49.25454782632275]], "type": "LineString"}, "properties": {"wireset_type": "2-10", "geo_point_2d": {"lon": -123.10987905751225, "lat": 49.25443480324955}}}, {"type": "Feature", "geometry": {"coordinates": [[-123.1138285646689, 49.254802500176794], [-123.11326419123571, 49.25479226057071]], "type": "LineString"}, "properties": {"wireset_type": "3-6", "geo_point_2d": {"lon": -123.11354637795232, "lat": 49.25479738037375}}}, {"type": "Feature", "geometry": {"coordinates": [[-123.11326419123571, 49.25479226057071], [-123.11275785992477, 49.25478583851535]], "type": "LineString"}, "properties": {"wireset_type": "3-6", "geo_point_2d": {"lon": -123.11301102558025, "lat": 49.254789049543035}}}, {"type": "Feature", "geometry": {"coordinates": [[-123.11326419123571, 49.25479226057071], [-123.11275785992477, 49.25478583851535]], "type": "LineString"}, "properties": {"wireset_type": "1-10G", "geo_point_2d": {"lon": -123.11301102558025, "lat": 49.254789049543035}}}, {"type": "Feature", "geometry": {"coordinates": [[-123.10616293945603, 49.249891551821015], [-123.10564736098343, 49.249887149023955]], "type": "LineString"}, "properties": {"wireset_type": "3-8", "geo_point_2d": {"lon": -123.10590515021974, "lat": 49.249889350422485}}}, {"type": "Feature", "geometry": {"coordinates": [[-123.1101513376222, 49.24996094023093], [-123.11018526406829, 49.249961087784186]], "type": "LineString"}, "properties": {"wireset_type": "3-2", "geo_point_2d": {"lon": -123.11016830084525, "lat": 49.24996101400755}}}, {"type": "Feature", "geometry": {"coordinates": [[-123.1129393747832, 49.25115727614401], [-123.1125413857877, 49.25114964077154]], "type": "LineString"}, "properties": {"wireset_type": "1-10G", "geo_point_2d": {"lon": -123.11274038028544, "lat": 49.25115345845778}}}, {"type": "Feature", "geometry": {"coordinates": [[-123.1125413857877, 49.25114964077154], [-123.11201088668695, 49.2511401446296]], "type": "LineString"}, "properties": {"wireset_type": "3-6", "geo_point_2d": {"lon": -123.11227613623731, "lat": 49.251144892700566}}}, {"type": "Feature", "geometry": {"coordinates": [[-123.10990554527295, 49.250587790822024], [-123.10989556040109, 49.25097378547673], [-123.10989423309562, 49.250977953551875], [-123.10989253497662, 49.25098198480256], [-123.10989047990834, 49.2509858463158], [-123.1098880846693, 49.25098950656444], [-123.1098853688153, 49.250992935664506], [-123.10988235451985, 49.25099610561926], [-123.10987906639305, 49.250998990547735], [-123.10987553128066, 49.251001566896036], [-123.10987177804498, 49.25100381362968], [-123.10986783732913, 49.2510057124053], [-123.10986374130695, 49.25100724772041], [-123.10985952342025, 49.251008407040004], [-123.10985521810578, 49.25100918089885], [-123.10985086051411, 49.251009562978815], [-123.10984648622265, 49.25100955016042], [-123.1098421309451, 49.25100914254833], [-123.10977114715885, 49.25101043336457]], "type": "LineString"}, "properties": {"wireset_type": "2-12", "geo_point_2d": {"lon": -123.10988427800352, "lat": 49.2508404882057}}}, {"type": "Feature", "geometry": {"coordinates": [[-123.10716365447142, 49.251046505546924], [-123.10667036496808, 49.25103536720312]], "type": "LineString"}, "properties": {"wireset_type": "1-10G", "geo_point_2d": {"lon": -123.10691700971975, "lat": 49.25104093637502}}}, {"type": "Feature", "geometry": {"coordinates": [[-123.10554539999654, 49.25101320170749], [-123.10510257892642, 49.251006930941664]], "type": "LineString"}, "properties": {"wireset_type": "2-8", "geo_point_2d": {"lon": -123.10532398946148, "lat": 49.251010066324575}}}, {"type": "Feature", "geometry": {"coordinates": [[-123.11521394767169, 49.25111496550718], [-123.11510075176557, 49.25108701323011], [-123.11464406029417, 49.25107914672643], [-123.11464074636253, 49.25107948358977], [-123.11463741546731, 49.25107951110309], [-123.11463409642323, 49.2510792290284], [-123.11463081794238, 49.25107863980583], [-123.11462760838604, 49.25107774853261], [-123.11462449551921, 49.251076562918875], [-123.11462150627045, 49.25107509322106], [-123.11461866649893, 49.25107335215313], [-123.11461600077075, 49.25107135477657], [-123.1146135321464, 49.25106911837016], [-123.11461128198125, 49.25106666228044], [-123.11460926974092, 49.25106400775436], [-123.11460751283272, 49.251061177755524], [-123.11460602645519, 49.25105819676547], [-123.11460482346659, 49.25105509057194], [-123.11460391427363, 49.251051886045765], [-123.11460397390069, 49.25104796406807], [-123.114623733979, 49.25104216953009]], "type": "LineString"}, "properties": {"wireset_type": "1-8G", "geo_point_2d": {"lon": -123.11489301492935, "lat": 49.2510838693656}}}, {"type": "Feature", "geometry": {"coordinates": [[-123.11521394767169, 49.25111496550718], [-123.11510075176557, 49.25108701323011], [-123.11464406029417, 49.25107914672643], [-123.11464074636253, 49.25107948358977], [-123.11463741546731, 49.25107951110309], [-123.11463409642323, 49.2510792290284], [-123.11463081794238, 49.25107863980583], [-123.11462760838604, 49.25107774853261], [-123.11462449551921, 49.251076562918875], [-123.11462150627045, 49.25107509322106], [-123.11461866649893, 49.25107335215313], [-123.11461600077075, 49.25107135477657], [-123.1146135321464, 49.25106911837016], [-123.11461128198125, 49.25106666228044], [-123.11460926974092, 49.25106400775436], [-123.11460751283272, 49.251061177755524], [-123.11460602645519, 49.25105819676547], [-123.11460482346659, 49.25105509057194], [-123.11460391427363, 49.251051886045765], [-123.11460397390069, 49.25104796406807], [-123.114623733979, 49.25104216953009]], "type": "LineString"}, "properties": {"wireset_type": "6-4", "geo_point_2d": {"lon": -123.11489301492935, "lat": 49.2510838693656}}}, {"type": "Feature", "geometry": {"coordinates": [[-123.11491811388673, 49.248876977646056], [-123.11454027554788, 49.24887053447629]], "type": "LineString"}, "properties": {"wireset_type": "2-8", "geo_point_2d": {"lon": -123.11472919471733, "lat": 49.24887375606117}}}, {"type": "Feature", "geometry": {"coordinates": [[-123.11925256947917, 49.25061310759547], [-123.11925159092738, 49.25071457476407]], "type": "LineString"}, "properties": {"wireset_type": null, "geo_point_2d": {"lon": -123.11925208020327, "lat": 49.25066384117977}}}, {"type": "Feature", "geometry": {"coordinates": [[-123.12106784527026, 49.25155366745576], [-123.12106816619456, 49.25165680637432]], "type": "LineString"}, "properties": {"wireset_type": "2-8", "geo_point_2d": {"lon": -123.12106800573243, "lat": 49.25160523691504}}}, {"type": "Feature", "geometry": {"coordinates": [[-123.12501606764455, 49.2516284227218], [-123.12440359046036, 49.251617453020025]], "type": "LineString"}, "properties": {"wireset_type": "3-12", "geo_point_2d": {"lon": -123.12470982905245, "lat": 49.25162293787091}}}, {"type": "Feature", "geometry": {"coordinates": [[-123.12296150694726, 49.25159395411474], [-123.12240380383885, 49.25157759932456]], "type": "LineString"}, "properties": {"wireset_type": "3-6", "geo_point_2d": {"lon": -123.12268265539306, "lat": 49.25158577671965}}}, {"type": "Feature", "geometry": {"coordinates": [[-123.12240380383885, 49.25157759932456], [-123.12235278802139, 49.251563171049774], [-123.12234689815836, 49.25153745094198], [-123.1221268503384, 49.251533869782094], [-123.12210506992831, 49.251561526136456], [-123.12205991220796, 49.25157109979789], [-123.12163155173724, 49.25156407653063]], "type": "LineString"}, "properties": {"wireset_type": "3-6", "geo_point_2d": {"lon": -123.12202868835514, "lat": 49.25155758742658}}}, {"type": "Feature", "geometry": {"coordinates": [[-123.12393571718371, 49.25143243833305], [-123.12391723129974, 49.25144734526066], [-123.12391254204913, 49.25159418835456], [-123.12391173495186, 49.251596287020355], [-123.12391056047767, 49.25159820441821], [-123.12390905761242, 49.25159987690145], [-123.12390727624268, 49.25160124895317], [-123.12390527549972, 49.251602275029086], [-123.12390312179683, 49.25160292106931], [-123.12390088662464, 49.25160316562902], [-123.12389864417814, 49.25160300059021], [-123.12359965511479, 49.25160056830216]], "type": "LineString"}, "properties": {"wireset_type": "3-4", "geo_point_2d": {"lon": -123.12381352864837, "lat": 49.25156943804176}}}, {"type": "Feature", "geometry": {"coordinates": [[-123.12302217724233, 49.24920045740567], [-123.123022677627, 49.24923041098632]], "type": "LineString"}, "properties": {"wireset_type": null, "geo_point_2d": {"lon": -123.12302242743468, "lat": 49.249215434195996}}}, {"type": "Feature", "geometry": {"coordinates": [[-123.12613798582525, 49.24932933643765], [-123.12549638534833, 49.249309966800766]], "type": "LineString"}, "properties": {"wireset_type": "3-6", "geo_point_2d": {"lon": -123.1258171855868, "lat": 49.2493196516192}}}, {"type": "Feature", "geometry": {"coordinates": [[-123.12450945565621, 49.24927430711609], [-123.12404309523303, 49.24926215248719]], "type": "LineString"}, "properties": {"wireset_type": "3-8", "geo_point_2d": {"lon": -123.12427627544463, "lat": 49.24926822980164}}}, {"type": "Feature", "geometry": {"coordinates": [[-123.12404309523303, 49.24926215248719], [-123.12350908168986, 49.249246713099495]], "type": "LineString"}, "properties": {"wireset_type": "3-8", "geo_point_2d": {"lon": -123.12377608846147, "lat": 49.24925443279334}}}, {"type": "Feature", "geometry": {"coordinates": [[-123.12109409741792, 49.24918541246173], [-123.12059330472871, 49.24917327099713]], "type": "LineString"}, "properties": {"wireset_type": "3-8", "geo_point_2d": {"lon": -123.12084370107331, "lat": 49.24917934172943}}}, {"type": "Feature", "geometry": {"coordinates": [[-123.12481496802388, 49.249291806003725], [-123.12480797317187, 49.24936232716199], [-123.12459871954697, 49.249358064407815], [-123.1246012068933, 49.2492817372056]], "type": "LineString"}, "properties": {"wireset_type": null, "geo_point_2d": {"lon": -123.12470269376341, "lat": 49.2493449797307}}}, {"type": "Feature", "geometry": {"coordinates": [[-123.12246288980724, 49.25006594282907], [-123.12246407843207, 49.25015762093129]], "type": "LineString"}, "properties": {"wireset_type": "3-8", "geo_point_2d": {"lon": -123.12246348411965, "lat": 49.25011178188018}}}, {"type": "Feature", "geometry": {"coordinates": [[-123.12092486842782, 49.250035135079585], [-123.12092729851622, 49.25013556425451]], "type": "LineString"}, "properties": {"wireset_type": "3-8", "geo_point_2d": {"lon": -123.12092608347203, "lat": 49.250085349667046}}}, {"type": "Feature", "geometry": {"coordinates": [[-123.11758483550511, 49.24995901094598], [-123.11758404680035, 49.249997205486]], "type": "LineString"}, "properties": {"wireset_type": null, "geo_point_2d": {"lon": -123.11758444115274, "lat": 49.249978108215984}}}, {"type": "Feature", "geometry": {"coordinates": [[-123.12387772196284, 49.25008956712751], [-123.12318367512327, 49.25008033351583]], "type": "LineString"}, "properties": {"wireset_type": "3-10", "geo_point_2d": {"lon": -123.12353069854305, "lat": 49.25008495032167}}}, {"type": "Feature", "geometry": {"coordinates": [[-123.12238780691906, 49.24969792865859], [-123.12237157594755, 49.250019111480405], [-123.12237216769667, 49.250022573188886], [-123.12237305668486, 49.25002597073103], [-123.12237423624715, 49.25002927863451], [-123.12237569754004, 49.25003247209904], [-123.1223774296078, 49.250035527182334], [-123.12237941946461, 49.25003842097957], [-123.12238165219199, 49.25004113179515], [-123.12238411105055, 49.25004363930532], [-123.12238677760553, 49.25004592471057], [-123.12238963186502, 49.250047970876594], [-123.12239265242984, 49.250049762462695], [-123.12239581665398, 49.250051286036864], [-123.12239910081435, 49.25005253017643], [-123.12240248028868, 49.25005348555374], [-123.12240592974013, 49.25005414500606], [-123.12240942330718, 49.25005450358928], [-123.12246288980724, 49.25006594282907]], "type": "LineString"}, "properties": {"wireset_type": "2-10", "geo_point_2d": {"lon": -123.12238768792844, "lat": 49.249907771824184}}}, {"type": "Feature", "geometry": {"coordinates": [[-123.11695227903958, 49.24994856189296], [-123.11695597375643, 49.25006423678153]], "type": "LineString"}, "properties": {"wireset_type": "3-8", "geo_point_2d": {"lon": -123.11695412639801, "lat": 49.250006399337245}}}, {"type": "Feature", "geometry": {"coordinates": [[-123.12318367512327, 49.25008033351583], [-123.12246288980724, 49.25006594282907]], "type": "LineString"}, "properties": {"wireset_type": "3-8", "geo_point_2d": {"lon": -123.12282328246526, "lat": 49.25007313817246}}}, {"type": "Feature", "geometry": {"coordinates": [[-123.12092486842782, 49.250035135079585], [-123.12016046936074, 49.250025741035664]], "type": "LineString"}, "properties": {"wireset_type": "3-8", "geo_point_2d": {"lon": -123.12054266889427, "lat": 49.25003043805762}}}, {"type": "Feature", "geometry": {"coordinates": [[-123.11030039928494, 49.24946183272412], [-123.11014637233816, 49.24945846253941], [-123.11014170067067, 49.24945842173707], [-123.11013704475768, 49.249458807244814], [-123.11013244342065, 49.24945961584824], [-123.11012793502597, 49.249460840805135], [-123.11012355716508, 49.24946247190169], [-123.110119346341, 49.24946449553766], [-123.11011533766398, 49.24946689483978], [-123.11011156455879, 49.24946964980242], [-123.11001746569895, 49.24955506818281]], "type": "LineString"}, "properties": {"wireset_type": "2-12", "geo_point_2d": {"lon": -123.11014884093713, "lat": 49.24948119065638}}}, {"type": "Feature", "geometry": {"coordinates": [[-123.11020404482291, 49.24838554656269], [-123.11014318407398, 49.248402038886155], [-123.11012413562588, 49.248536040993045]], "type": "LineString"}, "properties": {"wireset_type": null, "geo_point_2d": {"lon": -123.11014635795577, "lat": 49.24844512536812}}}, {"type": "Feature", "geometry": {"coordinates": [[-123.11012413562588, 49.248536040993045], [-123.11011350242465, 49.24879639106103], [-123.10983356221092, 49.24885616997055]], "type": "LineString"}, "properties": {"wireset_type": "3-4", "geo_point_2d": {"lon": -123.11004276354522, "lat": 49.2487500074608}}}, {"type": "Feature", "geometry": {"coordinates": [[-123.11020404482291, 49.24838554656269], [-123.11017836848349, 49.24841225090423], [-123.11017305944914, 49.24861367715211]], "type": "LineString"}, "properties": {"wireset_type": "3-4", "geo_point_2d": {"lon": -123.11017811999902, "lat": 49.24849524955219}}}, {"type": "Feature", "geometry": {"coordinates": [[-123.11511969907075, 49.249082884643556], [-123.11451564063138, 49.24907332935486]], "type": "LineString"}, "properties": {"wireset_type": "2-8", "geo_point_2d": {"lon": -123.11481766985108, "lat": 49.24907810699921}}}, {"type": "Feature", "geometry": {"coordinates": [[-123.11390096283428, 49.24906459094845], [-123.11331009999189, 49.24905686036852]], "type": "LineString"}, "properties": {"wireset_type": "3-8", "geo_point_2d": {"lon": -123.11360553141307, "lat": 49.24906072565848}}}, {"type": "Feature", "geometry": {"coordinates": [[-123.11142218430602, 49.2490259539215], [-123.11081845865644, 49.24901097284869]], "type": "LineString"}, "properties": {"wireset_type": "3-6", "geo_point_2d": {"lon": -123.11112032148122, "lat": 49.2490184633851}}}, {"type": "Feature", "geometry": {"coordinates": [[-123.12382647986375, 49.25432995295803], [-123.12332633931348, 49.25431942378717]], "type": "LineString"}, "properties": {"wireset_type": "3-12", "geo_point_2d": {"lon": -123.12357640958862, "lat": 49.254324688372606}}}, {"type": "Feature", "geometry": {"coordinates": [[-123.12494133831582, 49.254349216839756], [-123.12430788251149, 49.25433741476521]], "type": "LineString"}, "properties": {"wireset_type": "3-12", "geo_point_2d": {"lon": -123.12462461041365, "lat": 49.25434331580249}}}, {"type": "Feature", "geometry": {"coordinates": [[-123.12543301095008, 49.25435838093957], [-123.12494133831582, 49.254349216839756]], "type": "LineString"}, "properties": {"wireset_type": "3-12", "geo_point_2d": {"lon": -123.12518717463294, "lat": 49.25435379888967}}}, {"type": "Feature", "geometry": {"coordinates": [[-123.11006978880089, 49.252916669044374], [-123.1099393687603, 49.25292375552493]], "type": "LineString"}, "properties": {"wireset_type": null, "geo_point_2d": {"lon": -123.11000457878059, "lat": 49.25292021228465}}}, {"type": "Feature", "geometry": {"coordinates": [[-123.11281380351205, 49.25283172492906], [-123.11278020218208, 49.25295706119116]], "type": "LineString"}, "properties": {"wireset_type": "2-10", "geo_point_2d": {"lon": -123.11279700284706, "lat": 49.25289439306011}}}, {"type": "Feature", "geometry": {"coordinates": [[-123.1055152232522, 49.25270829833928], [-123.1055128001322, 49.252841537793806]], "type": "LineString"}, "properties": {"wireset_type": "2-8", "geo_point_2d": {"lon": -123.10551401169221, "lat": 49.25277491806654}}}, {"type": "Feature", "geometry": {"coordinates": [[-123.11445631114012, 49.25299134879247], [-123.11387459873124, 49.25297947422499]], "type": "LineString"}, "properties": {"wireset_type": "3-8", "geo_point_2d": {"lon": -123.11416545493569, "lat": 49.25298541150873}}}, {"type": "Feature", "geometry": {"coordinates": [[-123.11387459873124, 49.25297947422499], [-123.11331598343904, 49.25297233255021]], "type": "LineString"}, "properties": {"wireset_type": "1-10G", "geo_point_2d": {"lon": -123.11359529108515, "lat": 49.2529759033876}}}, {"type": "Feature", "geometry": {"coordinates": [[-123.11064089615137, 49.25292470497932], [-123.11006978880089, 49.252916669044374]], "type": "LineString"}, "properties": {"wireset_type": "3-4", "geo_point_2d": {"lon": -123.11035534247613, "lat": 49.25292068701185}}}, {"type": "Feature", "geometry": {"coordinates": [[-123.10972043288152, 49.25291583196993], [-123.10912375081224, 49.25290076338884]], "type": "LineString"}, "properties": {"wireset_type": "3-2", "geo_point_2d": {"lon": -123.10942209184688, "lat": 49.25290829767938}}}, {"type": "Feature", "geometry": {"coordinates": [[-123.11066377604621, 49.251928839844524], [-123.11009662694687, 49.25191596981665]], "type": "LineString"}, "properties": {"wireset_type": "1-10G", "geo_point_2d": {"lon": -123.11038020149654, "lat": 49.25192240483059}}}, {"type": "Feature", "geometry": {"coordinates": [[-123.11031347948476, 49.25151506168309], [-123.11029294067478, 49.251504691807156], [-123.10999926303884, 49.251498783076194], [-123.11001182209773, 49.25110899001123], [-123.10977585759693, 49.251102144210925], [-123.10977114715885, 49.25101043336457]], "type": "LineString"}, "properties": {"wireset_type": null, "geo_point_2d": {"lon": -123.11000598585991, "lat": 49.251297413000735}}}, {"type": "Feature", "geometry": {"coordinates": [[-123.11031347948476, 49.25151506168309], [-123.1103016293359, 49.25151890496314], [-123.10998828351842, 49.25151722474546], [-123.10997848774558, 49.251870602481056], [-123.1098301275187, 49.2518667857139], [-123.10982259774794, 49.25188559289091], [-123.10981053115323, 49.25190342390007], [-123.10978178588005, 49.25191037754069], [-123.10973078215244, 49.251912297000665]], "type": "LineString"}, "properties": {"wireset_type": "6-2", "geo_point_2d": {"lon": -123.1100034140605, "lat": 49.25168764115328}}}, {"type": "Feature", "geometry": {"coordinates": [[-123.11451002950756, 49.252000147840555], [-123.1145114330371, 49.25209602654669]], "type": "LineString"}, "properties": {"wireset_type": "2-10", "geo_point_2d": {"lon": -123.11451073127233, "lat": 49.25204808719362}}}, {"type": "Feature", "geometry": {"coordinates": [[-123.11506274785043, 49.2520111215792], [-123.11451002950756, 49.252000147840555]], "type": "LineString"}, "properties": {"wireset_type": "2-8", "geo_point_2d": {"lon": -123.114786388679, "lat": 49.252005634709874}}}, {"type": "Feature", "geometry": {"coordinates": [[-123.11287811162363, 49.25197472312637], [-123.11281380449694, 49.251969829568885], [-123.11279025009547, 49.25195100757109], [-123.11277643840319, 49.25192617624388], [-123.11262095925012, 49.25192213613346], [-123.11261074187915, 49.251949032818914], [-123.11258891795927, 49.2519599742912], [-123.11251406706506, 49.25195929161128]], "type": "LineString"}, "properties": {"wireset_type": "3-6", "geo_point_2d": {"lon": -123.11269673481465, "lat": 49.25194464712275}}}, {"type": "Feature", "geometry": {"coordinates": [[-123.1125413857877, 49.25114964077154], [-123.11261840951913, 49.25117578679961], [-123.11262123273525, 49.251176486549866], [-123.11262399339729, 49.251177402489105], [-123.11262667497738, 49.251178529133654], [-123.11262926142103, 49.251179859738365], [-123.11263173724338, 49.251181386336995], [-123.11263408762183, 49.251183099789884], [-123.11263629848482, 49.2511849898387], [-123.11263835659602, 49.25118704516784], [-123.1126402496337, 49.25118925347218], [-123.11264196626432, 49.25119160153073], [-123.11264349621054, 49.25119407528582], [-123.11264483031266, 49.25119665992722], [-123.11264596058349, 49.25119933998086], [-123.11264688025618, 49.25120209940142], [-123.1126475838247, 49.25120492166841], [-123.11264806707682, 49.251207789885115], [-123.11264510134632, 49.25140208964776]], "type": "LineString"}, "properties": {"wireset_type": "2-12", "geo_point_2d": {"lon": -123.11262830916016, "lat": 49.25125223899431}}}, {"type": "Feature", "geometry": {"coordinates": [[-123.11201081470186, 49.25105366459849], [-123.11201088668695, 49.2511401446296]], "type": "LineString"}, "properties": {"wireset_type": "2-10", "geo_point_2d": {"lon": -123.11201085069442, "lat": 49.251096904614045}}}, {"type": "Feature", "geometry": {"coordinates": [[-123.10873296058807, 49.25109023127858], [-123.10811757731318, 49.25107775673037]], "type": "LineString"}, "properties": {"wireset_type": "3-4", "geo_point_2d": {"lon": -123.10842526895064, "lat": 49.251083994004475}}}, {"type": "Feature", "geometry": {"coordinates": [[-123.10923554934126, 49.251099319102885], [-123.10873296058807, 49.25109023127858]], "type": "LineString"}, "properties": {"wireset_type": "3-4", "geo_point_2d": {"lon": -123.10898425496467, "lat": 49.25109477519074}}}, {"type": "Feature", "geometry": {"coordinates": [[-123.11201088668695, 49.2511401446296], [-123.11135047259914, 49.251133964641774]], "type": "LineString"}, "properties": {"wireset_type": "1-10G", "geo_point_2d": {"lon": -123.11168067964304, "lat": 49.25113705463569}}}, {"type": "Feature", "geometry": {"coordinates": [[-123.11397400957387, 49.25117842433971], [-123.11341156282676, 49.251169433893125]], "type": "LineString"}, "properties": {"wireset_type": "1-10G", "geo_point_2d": {"lon": -123.11369278620033, "lat": 49.25117392911642}}}, {"type": "Feature", "geometry": {"coordinates": [[-123.10745068433854, 49.250554982671844], [-123.10744813369074, 49.25092459888717], [-123.10744933896673, 49.25092880120754], [-123.10745092524925, 49.25093287501345], [-123.10745287911894, 49.25093678584201], [-123.10745518404678, 49.25094050060908], [-123.10745782053397, 49.25094398788913], [-123.10746076627677, 49.25094721818107], [-123.10746399635536, 49.25095016415784], [-123.10746748344444, 49.25095280089759], [-123.10747119804456, 49.25095510609448], [-123.1074751087316, 49.25095706024741], [-123.10747918242261, 49.250958646824984], [-123.10748338465568, 49.25095985240534], [-123.1074876798815, 49.25096066678973], [-123.10749203176407, 49.25096108308876], [-123.10749640348808, 49.2509610977807], [-123.10750075807042, 49.25096071074126], [-123.10758874775635, 49.250963174484234]], "type": "LineString"}, "properties": {"wireset_type": "2-12", "geo_point_2d": {"lon": -123.1074680280947, "lat": 49.25080463508472}}}, {"type": "Feature", "geometry": {"coordinates": [[-123.10667036496808, 49.25103536720312], [-123.10609052079523, 49.25102445018979]], "type": "LineString"}, "properties": {"wireset_type": "3-6", "geo_point_2d": {"lon": -123.10638044288166, "lat": 49.25102990869645}}}, {"type": "Feature", "geometry": {"coordinates": [[-123.11115915397338, 49.24881418074939], [-123.11083449732953, 49.24880994107683]], "type": "LineString"}, "properties": {"wireset_type": "3-6", "geo_point_2d": {"lon": -123.11099682565145, "lat": 49.24881206091311}}}, {"type": "Feature", "geometry": {"coordinates": [[-123.10817071156141, 49.2488312029162], [-123.10764981642245, 49.248822226468086]], "type": "LineString"}, "properties": {"wireset_type": "3-6", "geo_point_2d": {"lon": -123.10791026399191, "lat": 49.24882671469214}}}, {"type": "Feature", "geometry": {"coordinates": [[-123.10724309483878, 49.24881483284847], [-123.10670813468126, 49.24880814100273]], "type": "LineString"}, "properties": {"wireset_type": "3-8", "geo_point_2d": {"lon": -123.10697561476, "lat": 49.248811486925604}}}, {"type": "Feature", "geometry": {"coordinates": [[-123.10618924273555, 49.24879756396365], [-123.10564211330318, 49.248786533670724]], "type": "LineString"}, "properties": {"wireset_type": "3-8", "geo_point_2d": {"lon": -123.10591567801936, "lat": 49.24879204881719}}}, {"type": "Feature", "geometry": {"coordinates": [[-123.11806421217852, 49.242588700156425], [-123.11797917992304, 49.242800867779636]], "type": "LineString"}, "properties": {"wireset_type": "3-4", "geo_point_2d": {"lon": -123.11802169605079, "lat": 49.242694783968034}}}, {"type": "Feature", "geometry": {"coordinates": [[-123.11806421217852, 49.242588700156425], [-123.11797917992304, 49.242800867779636]], "type": "LineString"}, "properties": {"wireset_type": "1-8G", "geo_point_2d": {"lon": -123.11802169605079, "lat": 49.242694783968034}}}, {"type": "Feature", "geometry": {"coordinates": [[-123.11940789798086, 49.24118325205553], [-123.11879224748826, 49.24116382735903]], "type": "LineString"}, "properties": {"wireset_type": "2-10", "geo_point_2d": {"lon": -123.11910007273457, "lat": 49.241173539707276}}}, {"type": "Feature", "geometry": {"coordinates": [[-123.12465848667985, 49.24620709624063], [-123.1246573671255, 49.24631361900939]], "type": "LineString"}, "properties": {"wireset_type": "3-10", "geo_point_2d": {"lon": -123.12465792690267, "lat": 49.24626035762501}}}, {"type": "Feature", "geometry": {"coordinates": [[-123.12322954925703, 49.24618542154423], [-123.12323076961715, 49.24628932418978]], "type": "LineString"}, "properties": {"wireset_type": "1-12G", "geo_point_2d": {"lon": -123.1232301594371, "lat": 49.246237372867}}}, {"type": "Feature", "geometry": {"coordinates": [[-123.1239418995129, 49.24629960961731], [-123.12323076961715, 49.24628932418978]], "type": "LineString"}, "properties": {"wireset_type": "3-8", "geo_point_2d": {"lon": -123.12358633456505, "lat": 49.24629446690355}}}, {"type": "Feature", "geometry": {"coordinates": [[-123.1253055261911, 49.246220006052816], [-123.12465848667985, 49.24620709624063]], "type": "LineString"}, "properties": {"wireset_type": "3-10", "geo_point_2d": {"lon": -123.12498200643547, "lat": 49.246213551146724}}}, {"type": "Feature", "geometry": {"coordinates": [[-123.12661805802776, 49.24624015457173], [-123.12595566408031, 49.246230102350246]], "type": "LineString"}, "properties": {"wireset_type": "3-10", "geo_point_2d": {"lon": -123.12628686105403, "lat": 49.24623512846099}}}, {"type": "Feature", "geometry": {"coordinates": [[-123.11950741382033, 49.246122883992825], [-123.11950849476501, 49.24622349456539]], "type": "LineString"}, "properties": {"wireset_type": "2-10", "geo_point_2d": {"lon": -123.11950795429267, "lat": 49.246173189279105}}}, {"type": "Feature", "geometry": {"coordinates": [[-123.12765868408675, 49.249033126330396], [-123.12766821027867, 49.24945564871726]], "type": "LineString"}, "properties": {"wireset_type": "3-10", "geo_point_2d": {"lon": -123.12766344718271, "lat": 49.24924438752383}}}, {"type": "Feature", "geometry": {"coordinates": [[-123.12772471980477, 49.24743988998442], [-123.12771160188127, 49.24765981992086]], "type": "LineString"}, "properties": {"wireset_type": "2-10", "geo_point_2d": {"lon": -123.12771816084302, "lat": 49.24754985495264}}}, {"type": "Feature", "geometry": {"coordinates": [[-123.12778135530394, 49.246225416898696], [-123.12778515192382, 49.246228161607355], [-123.1277890882435, 49.24623070190958], [-123.12779315326924, 49.24623303071055], [-123.12779733564776, 49.24623514150613], [-123.12780162369808, 49.24623702840107], [-123.12780600544409, 49.24623868612545], [-123.12781046864794, 49.24624011004939], [-123.12781500084435, 49.24624129619601], [-123.1278195893753, 49.24624224125251], [-123.12782422142547, 49.246242942579435], [-123.12782888405793, 49.24624339821804], [-123.12783356425042, 49.24624360689578], [-123.12783824893158, 49.246243568029826], [-123.12784292501753, 49.246243281728724], [-123.12784757944839, 49.2462427487921], [-123.12785219922478, 49.24624197070839], [-123.12785052750895, 49.2463129089746], [-123.12784699464457, 49.24638142058632], [-123.12784197712055, 49.24637944687224], [-123.12783675959682, 49.2463780872618], [-123.12783141693637, 49.24637736126322], [-123.12782602579777, 49.2463772792934], [-123.12782066353512, 49.24637784252847], [-123.1278154070882, 49.24637904288692], [-123.12781033187856, 49.246380863145546], [-123.1278055107272, 49.246383277186595], [-123.12780101280988, 49.24638625037247], [-123.12779690266441, 49.24638974004276], [-123.12779323926475, 49.246393696126354], [-123.12779007517474, 49.24639806185984], [-123.12778745579396, 49.246402774602025], [-123.1277854187063, 49.246407766732666], [-123.12778399314064, 49.24641296662277], [-123.12778319955157, 49.246418299662324]], "type": "LineString"}, "properties": {"wireset_type": "3-8", "geo_point_2d": {"lon": -123.12782965888273, "lat": 49.24631569732798}}}, {"type": "Feature", "geometry": {"coordinates": [[-123.12776130789173, 49.24683741180521], [-123.12775566933242, 49.24714428141878]], "type": "LineString"}, "properties": {"wireset_type": "2-10", "geo_point_2d": {"lon": -123.12775848861207, "lat": 49.24699084661199}}}, {"type": "Feature", "geometry": {"coordinates": [[-123.12779661273198, 49.24592438349751], [-123.12778135530394, 49.246225416898696]], "type": "LineString"}, "properties": {"wireset_type": "3-10", "geo_point_2d": {"lon": -123.12778898401797, "lat": 49.2460749001981}}}, {"type": "Feature", "geometry": {"coordinates": [[-123.12752683737612, 49.24561114369508], [-123.12752405636276, 49.24591307182425]], "type": "LineString"}, "properties": {"wireset_type": "3-10", "geo_point_2d": {"lon": -123.12752544686944, "lat": 49.24576210775966}}}, {"type": "Feature", "geometry": {"coordinates": [[-123.12773428731991, 49.249992824710205], [-123.12769511230981, 49.2499928770113], [-123.12763202827668, 49.249992946719374], [-123.12763048471477, 49.249927202300675]], "type": "LineString"}, "properties": {"wireset_type": "3-10", "geo_point_2d": {"lon": -123.12766284398228, "lat": 49.249980045323504}}}, {"type": "Feature", "geometry": {"coordinates": [[-123.12804233734428, 49.248098978848645], [-123.1280454812729, 49.24822017710907]], "type": "LineString"}, "properties": {"wireset_type": "2-12", "geo_point_2d": {"lon": -123.12804390930859, "lat": 49.24815957797885}}}, {"type": "Feature", "geometry": {"coordinates": [[-123.12844773216919, 49.250625612583974], [-123.12826372585049, 49.25065730930414], [-123.12825659419875, 49.25065867111576], [-123.12824952045928, 49.250660307330136], [-123.12824251518612, 49.25066221550603], [-123.12823558883109, 49.25066439279645], [-123.12810464156574, 49.25070871362817], [-123.12809387530714, 49.25071197219319], [-123.12808293214302, 49.250714575600355], [-123.12792984256242, 49.25074624650398], [-123.12779124677394, 49.25077149657212]], "type": "LineString"}, "properties": {"wireset_type": "2-12", "geo_point_2d": {"lon": -123.12811970965473, "lat": 49.25069907605109}}}, {"type": "Feature", "geometry": {"coordinates": [[-123.1048679732508, 49.24878659129452], [-123.10419556065204, 49.248789727345795]], "type": "LineString"}, "properties": {"wireset_type": "3-4", "geo_point_2d": {"lon": -123.10453176695144, "lat": 49.24878815932015}}}, {"type": "Feature", "geometry": {"coordinates": [[-123.1041940668465, 49.24886993915013], [-123.10359170562995, 49.24886153057623]], "type": "LineString"}, "properties": {"wireset_type": "3-4", "geo_point_2d": {"lon": -123.10389288623821, "lat": 49.24886573486318}}}, {"type": "Feature", "geometry": {"coordinates": [[-123.10495648847277, 49.24797579784378], [-123.10491869961932, 49.248013252325876], [-123.10491502179676, 49.248016147606116], [-123.10491108814102, 49.248018684410994], [-123.10490693347579, 49.2480208402828], [-123.10490259458128, 49.248022596136124], [-123.10489810986866, 49.24802393642684], [-123.10489351903999, 49.24802484928968], [-123.10488886273673, 49.2480253266433], [-123.10488418218, 49.2480253642618], [-123.10459590959462, 49.24802480704262]], "type": "LineString"}, "properties": {"wireset_type": "3-12", "geo_point_2d": {"lon": -123.1047838079121, "lat": 49.24802043639832}}}, {"type": "Feature", "geometry": {"coordinates": [[-123.11866797110942, 49.24481659772899], [-123.11868420131495, 49.24443989654403]], "type": "LineString"}, "properties": {"wireset_type": "1-8G", "geo_point_2d": {"lon": -123.11867608621219, "lat": 49.24462824713651}}}, {"type": "Feature", "geometry": {"coordinates": [[-123.12043760901246, 49.24499833223617], [-123.12044638299919, 49.244645835770456]], "type": "LineString"}, "properties": {"wireset_type": "1-8G", "geo_point_2d": {"lon": -123.12044199600582, "lat": 49.24482208400331}}}, {"type": "Feature", "geometry": {"coordinates": [[-123.1187579457031, 49.245146891286375], [-123.11836672129073, 49.24514440531117]], "type": "LineString"}, "properties": {"wireset_type": null, "geo_point_2d": {"lon": -123.11856233349691, "lat": 49.245145648298774}}}, {"type": "Feature", "geometry": {"coordinates": [[-123.11759556568002, 49.25509553369153], [-123.11759364048936, 49.25519334067518]], "type": "LineString"}, "properties": {"wireset_type": "3-12", "geo_point_2d": {"lon": -123.11759460308468, "lat": 49.255144437183354}}}, {"type": "Feature", "geometry": {"coordinates": [[-123.11757800114809, 49.24379431509787], [-123.11766035309829, 49.24378838435124], [-123.117994179159, 49.24357781618277], [-123.11816348576868, 49.24339937551183], [-123.11822183728769, 49.2432965901941], [-123.1182944815107, 49.24325317677493], [-123.11834572551322, 49.24317744735159], [-123.11834617539537, 49.24312998801226], [-123.11842709417006, 49.24311125796168], [-123.11859949336328, 49.242825689165336], [-123.11866252961543, 49.24265466991508], [-123.11869678676929, 49.2425770507836], [-123.1187038814998, 49.24232141677375], [-123.11866311479075, 49.24226243188993], [-123.11866510345129, 49.242232322779124], [-123.11876054763407, 49.24221576341415]], "type": "LineString"}, "properties": {"wireset_type": null, "geo_point_2d": {"lon": -123.11831921577968, "lat": 49.24308014243876}}}, {"type": "Feature", "geometry": {"coordinates": [[-123.1103586608148, 49.24527631382879], [-123.10975288823529, 49.245563029312926]], "type": "LineString"}, "properties": {"wireset_type": "2-10", "geo_point_2d": {"lon": -123.11005577452507, "lat": 49.24541967157086}}}, {"type": "Feature", "geometry": {"coordinates": [[-123.10975288823529, 49.245563029312926], [-123.10923170101424, 49.24581727881937]], "type": "LineString"}, "properties": {"wireset_type": "3-10", "geo_point_2d": {"lon": -123.10949229462476, "lat": 49.24569015406615}}}, {"type": "Feature", "geometry": {"coordinates": [[-123.12751586095175, 49.24621465509964], [-123.12751653154807, 49.24621766744122], [-123.12751648168707, 49.24622075312026], [-123.12751571411437, 49.246223742222696], [-123.12751427109663, 49.24622647015251], [-123.12751223209416, 49.246228786695234], [-123.1275097093854, 49.24623056428959], [-123.12750684188421, 49.24623170505169], [-123.12750378749061, 49.24623214616505], [-123.12744177656958, 49.246230901282125], [-123.12744400905554, 49.24637762008199], [-123.12744372370058, 49.24638418464217], [-123.12744389171849, 49.24639075325296], [-123.12748548560495, 49.2463920656426], [-123.12748858447445, 49.24639194222608], [-123.12749168392834, 49.24639204997305], [-123.12749476674668, 49.246392388284896], [-123.12749781580196, 49.246392955282026], [-123.12750081415425, 49.24639374781431], [-123.12750374514529, 49.24639476147861], [-123.1275065924911, 49.24639599064321], [-123.12750934037243, 49.24639742847912], [-123.12751197352257, 49.24639906699801], [-123.12751447731229, 49.246400897096606], [-123.12751683783104, 49.24640290860725], [-123.12751904196425, 49.2464050903544], [-123.1275210774662, 49.2464074302167], [-123.12752293302808, 49.24640991519436], [-123.12752459834073, 49.24641253148135], [-123.12752606415202, 49.2464152645421]], "type": "LineString"}, "properties": {"wireset_type": "1-8G", "geo_point_2d": {"lon": -123.12746578574274, "lat": 49.24631298286341}}}, {"type": "Feature", "geometry": {"coordinates": [[-123.12785052750895, 49.2463129089746], [-123.12781547590585, 49.24631239904964]], "type": "LineString"}, "properties": {"wireset_type": "1-8G", "geo_point_2d": {"lon": -123.1278330017074, "lat": 49.24631265401212}}}, {"type": "Feature", "geometry": {"coordinates": [[-123.12225087210399, 49.25391832745322], [-123.12224247665567, 49.25425258078113], [-123.1222433043004, 49.2542569324255], [-123.12224480690993, 49.25426109943511], [-123.12224694698624, 49.2542649778211], [-123.12224967112313, 49.2542684707973], [-123.12225291133903, 49.254271491195524], [-123.12225658677347, 49.25427396364091], [-123.12226060570498, 49.25427582643292], [-123.12226486784003, 49.25427703308505], [-123.12231695216548, 49.25429453662704]], "type": "LineString"}, "properties": {"wireset_type": "4-12", "geo_point_2d": {"lon": -123.122252763083, "lat": 49.25412653300677}}}, {"type": "Feature", "geometry": {"coordinates": [[-123.11257651554978, 49.246016046908814], [-123.11244662481178, 49.24601208956993]], "type": "LineString"}, "properties": {"wireset_type": null, "geo_point_2d": {"lon": -123.11251157018079, "lat": 49.246014068239376}}}, {"type": "Feature", "geometry": {"coordinates": [[-123.11451515710397, 49.245085689425395], [-123.11442963595351, 49.24510066127863], [-123.11442009117782, 49.245102086258385], [-123.11441048827709, 49.24510304417686], [-123.11440085009257, 49.24510353275556], [-123.11439119954939, 49.24510355083236], [-123.11429330082926, 49.24510143489733], [-123.11423882109318, 49.245100274424594], [-123.11423631970965, 49.24509990568857], [-123.11423402272455, 49.24509884892686], [-123.11421187759429, 49.24509415731829]], "type": "LineString"}, "properties": {"wireset_type": "1-8G", "geo_point_2d": {"lon": -123.1143636718397, "lat": 49.245099088716}}}, {"type": "Feature", "geometry": {"coordinates": [[-123.11487045185208, 49.24507029666958], [-123.11485824547643, 49.245073753980854], [-123.11485694378125, 49.245074172970895], [-123.1148557887794, 49.24507490504583], [-123.11485485430664, 49.24507590340633], [-123.11485420010102, 49.24507710423021], [-123.11485278348685, 49.245082403832164], [-123.1148514118874, 49.24508424264357], [-123.11484952533631, 49.24508554780158], [-123.11484732098842, 49.245086182910086], [-123.11484502921006, 49.245086081596796], [-123.11483695119098, 49.24508546828862], [-123.11482885570891, 49.24508516216891], [-123.11457047302571, 49.24508008452158], [-123.11456012539621, 49.2450801195724], [-123.11454979155991, 49.24508065482203], [-123.11453949568201, 49.245081689018825], [-123.11452926183892, 49.24508321974436], [-123.11451515710397, 49.245085689425395]], "type": "LineString"}, "properties": {"wireset_type": "1-8G", "geo_point_2d": {"lon": -123.11469592528368, "lat": 49.2450821787523}}}, {"type": "Feature", "geometry": {"coordinates": [[-123.11507910319374, 49.252172056839385], [-123.11510488101275, 49.251970619090024]], "type": "LineString"}, "properties": {"wireset_type": "1-8G", "geo_point_2d": {"lon": -123.11509199210325, "lat": 49.25207133796471}}}, {"type": "Feature", "geometry": {"coordinates": [[-123.11518865323374, 49.25173639889272], [-123.11519687323742, 49.25150723733673]], "type": "LineString"}, "properties": {"wireset_type": "3-6", "geo_point_2d": {"lon": -123.11519276323558, "lat": 49.25162181811473}}}, {"type": "Feature", "geometry": {"coordinates": [[-123.11519687323742, 49.25150723733673], [-123.11520289907997, 49.2512682012011]], "type": "LineString"}, "properties": {"wireset_type": "1-8G", "geo_point_2d": {"lon": -123.1151998861587, "lat": 49.25138771926892}}}, {"type": "Feature", "geometry": {"coordinates": [[-123.11511344712788, 49.25173647384994], [-123.11511724280327, 49.25150731670789]], "type": "LineString"}, "properties": {"wireset_type": "3-8", "geo_point_2d": {"lon": -123.11511534496557, "lat": 49.251621895278916}}}, {"type": "Feature", "geometry": {"coordinates": [[-123.11491527717966, 49.25673009822936], [-123.11493139869498, 49.25649391276288]], "type": "LineString"}, "properties": {"wireset_type": "1-8G", "geo_point_2d": {"lon": -123.11492333793731, "lat": 49.25661200549612}}}, {"type": "Feature", "geometry": {"coordinates": [[-123.11491527717966, 49.25673009822936], [-123.11493139869498, 49.25649391276288]], "type": "LineString"}, "properties": {"wireset_type": "3-8", "geo_point_2d": {"lon": -123.11492333793731, "lat": 49.25661200549612}}}, {"type": "Feature", "geometry": {"coordinates": [[-123.11493139869498, 49.25649391276288], [-123.11493003853249, 49.25625139405187]], "type": "LineString"}, "properties": {"wireset_type": "3-8", "geo_point_2d": {"lon": -123.11493071861373, "lat": 49.256372653407375}}}, {"type": "Feature", "geometry": {"coordinates": [[-123.11493139869498, 49.25649391276288], [-123.11493003853249, 49.25625139405187]], "type": "LineString"}, "properties": {"wireset_type": "1-8G", "geo_point_2d": {"lon": -123.11493071861373, "lat": 49.256372653407375}}}, {"type": "Feature", "geometry": {"coordinates": [[-123.11493003853249, 49.25625139405187], [-123.11495104159965, 49.255957400434106]], "type": "LineString"}, "properties": {"wireset_type": "1-8G", "geo_point_2d": {"lon": -123.11494054006607, "lat": 49.25610439724299}}}, {"type": "Feature", "geometry": {"coordinates": [[-123.11491708132007, 49.2570395678766], [-123.11491662757926, 49.25720521524001]], "type": "LineString"}, "properties": {"wireset_type": "1-8G", "geo_point_2d": {"lon": -123.11491685444965, "lat": 49.25712239155831}}}, {"type": "Feature", "geometry": {"coordinates": [[-123.11526196482865, 49.25625215181145], [-123.11526810642575, 49.256021418340744]], "type": "LineString"}, "properties": {"wireset_type": "1-8G", "geo_point_2d": {"lon": -123.1152650356272, "lat": 49.256136785076094}}}, {"type": "Feature", "geometry": {"coordinates": [[-123.11552613783668, 49.252359583897466], [-123.11551242074752, 49.252081465280284]], "type": "LineString"}, "properties": {"wireset_type": "1-8G", "geo_point_2d": {"lon": -123.1155192792921, "lat": 49.25222052458888}}}, {"type": "Feature", "geometry": {"coordinates": [[-123.11543413485136, 49.25208103079753], [-123.11544545157071, 49.25185443877749]], "type": "LineString"}, "properties": {"wireset_type": "1-8G", "geo_point_2d": {"lon": -123.11543979321104, "lat": 49.25196773478751}}}, {"type": "Feature", "geometry": {"coordinates": [[-123.11553345997301, 49.25185818276836], [-123.11554539550906, 49.251579013019644]], "type": "LineString"}, "properties": {"wireset_type": "1-8G", "geo_point_2d": {"lon": -123.11553942774103, "lat": 49.251718597894}}}, {"type": "Feature", "geometry": {"coordinates": [[-123.11545713910591, 49.25157477454828], [-123.1154610962449, 49.25138607775119]], "type": "LineString"}, "properties": {"wireset_type": "3-6", "geo_point_2d": {"lon": -123.11545911767541, "lat": 49.25148042614975}}}, {"type": "Feature", "geometry": {"coordinates": [[-123.11545713910591, 49.25157477454828], [-123.1154610962449, 49.25138607775119]], "type": "LineString"}, "properties": {"wireset_type": "1-8G", "geo_point_2d": {"lon": -123.11545911767541, "lat": 49.25148042614975}}}, {"type": "Feature", "geometry": {"coordinates": [[-123.1154610962449, 49.25138607775119], [-123.11546979571936, 49.25133949177893]], "type": "LineString"}, "properties": {"wireset_type": null, "geo_point_2d": {"lon": -123.11546544598211, "lat": 49.25136278476507}}}, {"type": "Feature", "geometry": {"coordinates": [[-123.12020547792541, 49.256333288458514], [-123.120193582367, 49.25673174400156], [-123.12019339620855, 49.25673380150654], [-123.1201929854718, 49.256735826173674], [-123.12019235511426, 49.25673779356562], [-123.12019151274421, 49.25673967993632], [-123.12017330876412, 49.256775751703394]], "type": "LineString"}, "properties": {"wireset_type": "2-12", "geo_point_2d": {"lon": -123.1201978597994, "lat": 49.25655661383103}}}, {"type": "Feature", "geometry": {"coordinates": [[-123.1184676736361, 49.25603587548396], [-123.11836659953792, 49.25603102271323]], "type": "LineString"}, "properties": {"wireset_type": "3-10", "geo_point_2d": {"lon": -123.11841713658701, "lat": 49.256033449098595}}}, {"type": "Feature", "geometry": {"coordinates": [[-123.11960131111245, 49.25523523943496], [-123.11900390625654, 49.25522965861216]], "type": "LineString"}, "properties": {"wireset_type": "3-12", "geo_point_2d": {"lon": -123.11930260868449, "lat": 49.25523244902356}}}, {"type": "Feature", "geometry": {"coordinates": [[-123.11755743907113, 49.25600168789713], [-123.11755632556351, 49.256099907818886]], "type": "LineString"}, "properties": {"wireset_type": "3-12", "geo_point_2d": {"lon": -123.11755688231733, "lat": 49.25605079785801}}}, {"type": "Feature", "geometry": {"coordinates": [[-123.11684308577567, 49.25517915210729], [-123.11623840853711, 49.255171990175995]], "type": "LineString"}, "properties": {"wireset_type": "3-12", "geo_point_2d": {"lon": -123.11654074715639, "lat": 49.25517557114164}}}, {"type": "Feature", "geometry": {"coordinates": [[-123.11755743907113, 49.25600168789713], [-123.1168710083195, 49.25599329013294]], "type": "LineString"}, "properties": {"wireset_type": "3-12", "geo_point_2d": {"lon": -123.11721422369533, "lat": 49.25599748901504}}}, {"type": "Feature", "geometry": {"coordinates": [[-123.1161953439326, 49.255981486265874], [-123.11589405129789, 49.25597478161003], [-123.11544576511528, 49.25588982981236]], "type": "LineString"}, "properties": {"wireset_type": "2-12", "geo_point_2d": {"lon": -123.11581899019157, "lat": 49.25595053504974}}}, {"type": "Feature", "geometry": {"coordinates": [[-123.10765511687, 49.24701324467665], [-123.10744763158323, 49.24701448127888]], "type": "LineString"}, "properties": {"wireset_type": null, "geo_point_2d": {"lon": -123.1075513742266, "lat": 49.24701386297777}}}, {"type": "Feature", "geometry": {"coordinates": [[-123.10468989267935, 49.25098786695073], [-123.10410197246622, 49.250978251582794]], "type": "LineString"}, "properties": {"wireset_type": "3-6", "geo_point_2d": {"lon": -123.10439593257277, "lat": 49.25098305926676}}}, {"type": "Feature", "geometry": {"coordinates": [[-123.10436770663073, 49.24990672533512], [-123.10436674469236, 49.249978391179845]], "type": "LineString"}, "properties": {"wireset_type": null, "geo_point_2d": {"lon": -123.10436722566156, "lat": 49.24994255825749}}}, {"type": "Feature", "geometry": {"coordinates": [[-123.10436674469236, 49.249978391179845], [-123.10481078778524, 49.24998862155636], [-123.10481408405401, 49.249988303744004], [-123.10481739559282, 49.24998829357739], [-123.10482069375085, 49.249988591144465], [-123.10482394999309, 49.249989193870746], [-123.1048271361472, 49.24999009654156], [-123.10483022464717, 49.24999129134718], [-123.10483318877192, 49.24999276795038], [-123.10483600287643, 49.249994513575885], [-123.10483864261361, 49.24999651312088], [-123.10484108514497, 49.249998749285695], [-123.10484330933822, 49.250001202723475], [-123.10484529595008, 49.250003852207556], [-123.10484702779277, 49.25000667481512], [-123.10484848988271, 49.25000964612553], [-123.10484966957021, 49.250012740431586], [-123.10485055664884, 49.25001593096196], [-123.10484238238978, 49.25043844418561]], "type": "LineString"}, "properties": {"wireset_type": "3-8", "geo_point_2d": {"lon": -123.10472131114345, "lat": 49.25009625772834}}}, {"type": "Feature", "geometry": {"coordinates": [[-123.10476615081316, 49.24958283335651], [-123.10406095164662, 49.249564400806015]], "type": "LineString"}, "properties": {"wireset_type": "3-10", "geo_point_2d": {"lon": -123.1044135512299, "lat": 49.24957361708127}}}, {"type": "Feature", "geometry": {"coordinates": [[-123.10406095164662, 49.249564400806015], [-123.10338654374657, 49.249558070963296]], "type": "LineString"}, "properties": {"wireset_type": "3-10", "geo_point_2d": {"lon": -123.10372374769658, "lat": 49.24956123588466}}}, {"type": "Feature", "geometry": {"coordinates": [[-123.12483129975877, 49.2485700650903], [-123.12479051341609, 49.24855729994456], [-123.12411954741557, 49.24854381027199], [-123.12409066170454, 49.24855345720262]], "type": "LineString"}, "properties": {"wireset_type": "3-10", "geo_point_2d": {"lon": -123.12446114699654, "lat": 49.248551230267516}}}, {"type": "Feature", "geometry": {"coordinates": [[-123.1278042570156, 49.24908839399113], [-123.12675699046625, 49.249072366870074]], "type": "LineString"}, "properties": {"wireset_type": "3-6", "geo_point_2d": {"lon": -123.12728062374092, "lat": 49.2490803804306}}}, {"type": "Feature", "geometry": {"coordinates": [[-123.1255034682335, 49.249057732873176], [-123.12492951778079, 49.249044358359505]], "type": "LineString"}, "properties": {"wireset_type": "3-4", "geo_point_2d": {"lon": -123.12521649300714, "lat": 49.24905104561634}}}, {"type": "Feature", "geometry": {"coordinates": [[-123.1245192878671, 49.24903694839546], [-123.12405934215192, 49.24903401602391]], "type": "LineString"}, "properties": {"wireset_type": "3-8", "geo_point_2d": {"lon": -123.12428931500952, "lat": 49.249035482209685}}}, {"type": "Feature", "geometry": {"coordinates": [[-123.12405934215192, 49.24903401602391], [-123.12351807663764, 49.24902432342138]], "type": "LineString"}, "properties": {"wireset_type": "3-8", "geo_point_2d": {"lon": -123.12378870939477, "lat": 49.24902916972265}}}, {"type": "Feature", "geometry": {"coordinates": [[-123.12303507408402, 49.24901572663541], [-123.1225495047082, 49.24900813801869]], "type": "LineString"}, "properties": {"wireset_type": "2-10", "geo_point_2d": {"lon": -123.1227922893961, "lat": 49.24901193232705}}}, {"type": "Feature", "geometry": {"coordinates": [[-123.12639679181517, 49.25164940848361], [-123.12639571932846, 49.251756794659535]], "type": "LineString"}, "properties": {"wireset_type": "2-12", "geo_point_2d": {"lon": -123.12639625557182, "lat": 49.25170310157157}}}, {"type": "Feature", "geometry": {"coordinates": [[-123.12359965511479, 49.25160056830216], [-123.12360026747801, 49.251702744413365]], "type": "LineString"}, "properties": {"wireset_type": "2-10", "geo_point_2d": {"lon": -123.12359996129642, "lat": 49.251651656357765}}}, {"type": "Feature", "geometry": {"coordinates": [[-123.12702897889804, 49.25256701964721], [-123.12640791051372, 49.252554324941556]], "type": "LineString"}, "properties": {"wireset_type": "2-12", "geo_point_2d": {"lon": -123.12671844470587, "lat": 49.25256067229438}}}, {"type": "Feature", "geometry": {"coordinates": [[-123.12568561041252, 49.25254781784002], [-123.12499420957016, 49.25253361786173]], "type": "LineString"}, "properties": {"wireset_type": "3-12", "geo_point_2d": {"lon": -123.12533990999134, "lat": 49.25254071785088}}}, {"type": "Feature", "geometry": {"coordinates": [[-123.12462449256445, 49.252975520836294], [-123.12448275811771, 49.252974387318716]], "type": "LineString"}, "properties": {"wireset_type": "2-8", "geo_point_2d": {"lon": -123.12455362534106, "lat": 49.2529749540775}}}, {"type": "Feature", "geometry": {"coordinates": [[-123.12465182944145, 49.25217512329094], [-123.12450545257548, 49.252173949834265]], "type": "LineString"}, "properties": {"wireset_type": "2-10", "geo_point_2d": {"lon": -123.12457864100848, "lat": 49.252174536562606}}}, {"type": "Feature", "geometry": {"coordinates": [[-123.1245250627271, 49.25180289365851], [-123.12450545257548, 49.252173949834265]], "type": "LineString"}, "properties": {"wireset_type": "1-10G", "geo_point_2d": {"lon": -123.1245152576513, "lat": 49.25198842174639}}}, {"type": "Feature", "geometry": {"coordinates": [[-123.12448275811771, 49.252974387318716], [-123.12446602246182, 49.25336312492296]], "type": "LineString"}, "properties": {"wireset_type": "2-8", "geo_point_2d": {"lon": -123.12447439028976, "lat": 49.25316875612084}}}, {"type": "Feature", "geometry": {"coordinates": [[-123.12449913681462, 49.25252030876232], [-123.12448033907319, 49.25253697917714], [-123.12447927430655, 49.252572583421426], [-123.12449851444345, 49.25260068176042]], "type": "LineString"}, "properties": {"wireset_type": null, "geo_point_2d": {"lon": -123.124485703317, "lat": 49.25255929587634}}}, {"type": "Feature", "geometry": {"coordinates": [[-123.11918386699219, 49.25241221459241], [-123.11848996302945, 49.25240127052487]], "type": "LineString"}, "properties": {"wireset_type": "3-12", "geo_point_2d": {"lon": -123.11883691501082, "lat": 49.25240674255864}}}, {"type": "Feature", "geometry": {"coordinates": [[-123.1159600634875, 49.255262051165445], [-123.11595052197671, 49.255541803065164]], "type": "LineString"}, "properties": {"wireset_type": "2-10", "geo_point_2d": {"lon": -123.11595529273211, "lat": 49.2554019271153}}}, {"type": "Feature", "geometry": {"coordinates": [[-123.12562749126144, 49.24806689938103], [-123.12562880341596, 49.248177899106125]], "type": "LineString"}, "properties": {"wireset_type": "3-12", "geo_point_2d": {"lon": -123.1256281473387, "lat": 49.24812239924358}}}, {"type": "Feature", "geometry": {"coordinates": [[-123.12639481643468, 49.24818438572062], [-123.12562880341596, 49.248177899106125]], "type": "LineString"}, "properties": {"wireset_type": "3-12", "geo_point_2d": {"lon": -123.12601180992533, "lat": 49.24818114241337}}}, {"type": "Feature", "geometry": {"coordinates": [[-123.12492394489519, 49.24815895486938], [-123.12424117474326, 49.24815379925565]], "type": "LineString"}, "properties": {"wireset_type": "3-12", "geo_point_2d": {"lon": -123.12458255981923, "lat": 49.248156377062514}}}, {"type": "Feature", "geometry": {"coordinates": [[-123.12358893833174, 49.24813866721734], [-123.12291965263974, 49.24812990027083]], "type": "LineString"}, "properties": {"wireset_type": "2-12", "geo_point_2d": {"lon": -123.12325429548574, "lat": 49.24813428374408}}}, {"type": "Feature", "geometry": {"coordinates": [[-123.12292079079397, 49.24802935036728], [-123.12291965263974, 49.24812990027083]], "type": "LineString"}, "properties": {"wireset_type": "2-12", "geo_point_2d": {"lon": -123.12292022171685, "lat": 49.24807962531906}}}, {"type": "Feature", "geometry": {"coordinates": [[-123.12492394489519, 49.24815895486938], [-123.12484179330764, 49.24818149576733], [-123.12483726370588, 49.248182512437424], [-123.12483294369366, 49.24818421196807], [-123.12482893554895, 49.248186554122235], [-123.12482533416618, 49.24818948344847], [-123.12482222480949, 49.24819293059383], [-123.12481968109414, 49.248196813945775], [-123.1248177632436, 49.24820104156442], [-123.12481651666374, 49.248205513359224], [-123.12480112038038, 49.24851887885312]], "type": "LineString"}, "properties": {"wireset_type": "3-12", "geo_point_2d": {"lon": -123.12482480430009, "lat": 49.248310103689505}}}, {"type": "Feature", "geometry": {"coordinates": [[-123.10662255035672, 49.25185417471233], [-123.10608188477187, 49.251842241012035]], "type": "LineString"}, "properties": {"wireset_type": "3-8", "geo_point_2d": {"lon": -123.1063522175643, "lat": 49.25184820786218}}}, {"type": "Feature", "geometry": {"coordinates": [[-123.1055156276944, 49.25183424107953], [-123.10503440525919, 49.251827645307856], [-123.10503389204676, 49.2519160688292]], "type": "LineString"}, "properties": {"wireset_type": "2-8", "geo_point_2d": {"lon": -123.10523763010704, "lat": 49.251837293652756}}}, {"type": "Feature", "geometry": {"coordinates": [[-123.11251406706506, 49.25195929161128], [-123.11251441918999, 49.25205981290105]], "type": "LineString"}, "properties": {"wireset_type": "2-10", "geo_point_2d": {"lon": -123.11251424312752, "lat": 49.252009552256176}}}, {"type": "Feature", "geometry": {"coordinates": [[-123.10805737733752, 49.25188360530914], [-123.10806123765032, 49.25197757480711]], "type": "LineString"}, "properties": {"wireset_type": "2-10", "geo_point_2d": {"lon": -123.1080593074939, "lat": 49.25193059005812}}}, {"type": "Feature", "geometry": {"coordinates": [[-123.10973078215244, 49.251912297000665], [-123.10915548712235, 49.25190045554495]], "type": "LineString"}, "properties": {"wireset_type": "1-10G", "geo_point_2d": {"lon": -123.1094431346374, "lat": 49.25190637627281}}}, {"type": "Feature", "geometry": {"coordinates": [[-123.10915548712235, 49.25190045554495], [-123.10861414791822, 49.25189516381166]], "type": "LineString"}, "properties": {"wireset_type": "3-4", "geo_point_2d": {"lon": -123.10888481752029, "lat": 49.251897809678304}}}, {"type": "Feature", "geometry": {"coordinates": [[-123.10805737733752, 49.25188360530914], [-123.10749749081518, 49.251873468268194]], "type": "LineString"}, "properties": {"wireset_type": "3-6", "geo_point_2d": {"lon": -123.10777743407637, "lat": 49.25187853678867}}}, {"type": "Feature", "geometry": {"coordinates": [[-123.10749749081518, 49.251873468268194], [-123.10742096808558, 49.251868484126916], [-123.10740797786242, 49.25186001370764], [-123.10739677637427, 49.251827290499065], [-123.10725216855347, 49.251823790761414], [-123.10724480075302, 49.25184803973073], [-123.1072318604621, 49.25186260601504], [-123.10712511383272, 49.251860879011545]], "type": "LineString"}, "properties": {"wireset_type": "1-10G", "geo_point_2d": {"lon": -123.10731320670459, "lat": 49.251847806974}}}, {"type": "Feature", "geometry": {"coordinates": [[-123.12499420957016, 49.25253361786173], [-123.12499567021692, 49.252627742306494]], "type": "LineString"}, "properties": {"wireset_type": "3-12", "geo_point_2d": {"lon": -123.12499493989354, "lat": 49.252580680084115}}}, {"type": "Feature", "geometry": {"coordinates": [[-123.12396414655736, 49.24710730372254], [-123.12328934586479, 49.24709637698632]], "type": "LineString"}, "properties": {"wireset_type": "3-6", "geo_point_2d": {"lon": -123.12362674621106, "lat": 49.24710184035444}}}, {"type": "Feature", "geometry": {"coordinates": [[-123.12328934586479, 49.24709637698632], [-123.12279321324306, 49.247087901145356]], "type": "LineString"}, "properties": {"wireset_type": "3-6", "geo_point_2d": {"lon": -123.12304127955392, "lat": 49.24709213906584}}}, {"type": "Feature", "geometry": {"coordinates": [[-123.12164042601191, 49.247066290750006], [-123.12115126984344, 49.24706176740991]], "type": "LineString"}, "properties": {"wireset_type": "3-8", "geo_point_2d": {"lon": -123.12139584792767, "lat": 49.24706402907996}}}, {"type": "Feature", "geometry": {"coordinates": [[-123.11967455279432, 49.2470359790182], [-123.11897192754465, 49.24702382353717]], "type": "LineString"}, "properties": {"wireset_type": "2-8", "geo_point_2d": {"lon": -123.11932324016949, "lat": 49.247029901277685}}}, {"type": "Feature", "geometry": {"coordinates": [[-123.12428039094775, 49.25533065161731], [-123.123635158665, 49.25531858866358]], "type": "LineString"}, "properties": {"wireset_type": "4-12", "geo_point_2d": {"lon": -123.12395777480637, "lat": 49.25532462014045}}}, {"type": "Feature", "geometry": {"coordinates": [[-123.12260635486385, 49.25570197284029], [-123.12219065112507, 49.2556983114165]], "type": "LineString"}, "properties": {"wireset_type": "6-8", "geo_point_2d": {"lon": -123.12239850299446, "lat": 49.2557001421284}}}, {"type": "Feature", "geometry": {"coordinates": [[-123.11649621067745, 49.2532728663242], [-123.11649576786509, 49.25337667163867]], "type": "LineString"}, "properties": {"wireset_type": "3-12", "geo_point_2d": {"lon": -123.11649598927127, "lat": 49.25332476898144}}}, {"type": "Feature", "geometry": {"coordinates": [[-123.10700215491788, 49.24684378742468], [-123.10700894055643, 49.246931916424586]], "type": "LineString"}, "properties": {"wireset_type": "3-10", "geo_point_2d": {"lon": -123.10700554773715, "lat": 49.24688785192463}}}, {"type": "Feature", "geometry": {"coordinates": [[-123.1267871104099, 49.25076820422188], [-123.12678517370999, 49.250553877068754]], "type": "LineString"}, "properties": {"wireset_type": null, "geo_point_2d": {"lon": -123.12678614205994, "lat": 49.25066104064531}}}, {"type": "Feature", "geometry": {"coordinates": [[-123.12109549356074, 49.25075064363679], [-123.12052411432754, 49.25073422214525]], "type": "LineString"}, "properties": {"wireset_type": "3-10", "geo_point_2d": {"lon": -123.12080980394414, "lat": 49.250742432891016}}}, {"type": "Feature", "geometry": {"coordinates": [[-123.11638953161606, 49.2505599870791], [-123.11639160163617, 49.25066897116117]], "type": "LineString"}, "properties": {"wireset_type": null, "geo_point_2d": {"lon": -123.11639056662611, "lat": 49.25061447912013}}}, {"type": "Feature", "geometry": {"coordinates": [[-123.12447912040196, 49.250718784541114], [-123.12447890712187, 49.25080884498285]], "type": "LineString"}, "properties": {"wireset_type": "1-12G", "geo_point_2d": {"lon": -123.12447901376191, "lat": 49.25076381476198}}}, {"type": "Feature", "geometry": {"coordinates": [[-123.1267871104099, 49.25076820422188], [-123.12651707611928, 49.25075402692508]], "type": "LineString"}, "properties": {"wireset_type": "1-12G", "geo_point_2d": {"lon": -123.12665209326461, "lat": 49.25076111557348}}}, {"type": "Feature", "geometry": {"coordinates": [[-123.12651707611928, 49.25075402692508], [-123.12592794192776, 49.25074313868843]], "type": "LineString"}, "properties": {"wireset_type": "3-6", "geo_point_2d": {"lon": -123.1262225090235, "lat": 49.25074858280675}}}, {"type": "Feature", "geometry": {"coordinates": [[-123.12046403177762, 49.24960762354942], [-123.12027828978047, 49.24960413802284]], "type": "LineString"}, "properties": {"wireset_type": null, "geo_point_2d": {"lon": -123.12037116077904, "lat": 49.24960588078613}}}, {"type": "Feature", "geometry": {"coordinates": [[-123.12027828978047, 49.24960413802284], [-123.12026655979467, 49.249956754186385]], "type": "LineString"}, "properties": {"wireset_type": "3-6", "geo_point_2d": {"lon": -123.12027242478757, "lat": 49.24978044610461}}}, {"type": "Feature", "geometry": {"coordinates": [[-123.12029196379504, 49.24931086133827], [-123.12028597980807, 49.249528642058316]], "type": "LineString"}, "properties": {"wireset_type": "2-12", "geo_point_2d": {"lon": -123.12028897180156, "lat": 49.2494197516983}}}, {"type": "Feature", "geometry": {"coordinates": [[-123.120178212081, 49.24916662428422], [-123.1196847727267, 49.24916086684013]], "type": "LineString"}, "properties": {"wireset_type": "3-6", "geo_point_2d": {"lon": -123.11993149240385, "lat": 49.24916374556217}}}, {"type": "Feature", "geometry": {"coordinates": [[-123.1196847727267, 49.24916086684013], [-123.11919802530666, 49.24914946037578]], "type": "LineString"}, "properties": {"wireset_type": "3-6", "geo_point_2d": {"lon": -123.11944139901668, "lat": 49.24915516360795}}}, {"type": "Feature", "geometry": {"coordinates": [[-123.11657076072474, 49.24713955723368], [-123.11653084129652, 49.2471200958422], [-123.11584222610888, 49.24710607216759], [-123.11583871686263, 49.247150692037934]], "type": "LineString"}, "properties": {"wireset_type": "3-4", "geo_point_2d": {"lon": -123.116187418642, "lat": 49.24711491998076}}}, {"type": "Feature", "geometry": {"coordinates": [[-123.11276040149757, 49.25282479676822], [-123.1127525908429, 49.25261124879463]], "type": "LineString"}, "properties": {"wireset_type": null, "geo_point_2d": {"lon": -123.11275649617023, "lat": 49.252718022781416}}}, {"type": "Feature", "geometry": {"coordinates": [[-123.11281380351205, 49.25283172492906], [-123.11276040149757, 49.25282479676822]], "type": "LineString"}, "properties": {"wireset_type": null, "geo_point_2d": {"lon": -123.11278710250481, "lat": 49.25282826084864}}}, {"type": "Feature", "geometry": {"coordinates": [[-123.11275891252237, 49.2531846431166], [-123.11278020218208, 49.25295706119116]], "type": "LineString"}, "properties": {"wireset_type": null, "geo_point_2d": {"lon": -123.11276955735222, "lat": 49.25307085215388}}}, {"type": "Feature", "geometry": {"coordinates": [[-123.11841310182389, 49.25420889434238], [-123.11772508627372, 49.254199783662926]], "type": "LineString"}, "properties": {"wireset_type": "3-12", "geo_point_2d": {"lon": -123.1180690940488, "lat": 49.254204339002655}}}, {"type": "Feature", "geometry": {"coordinates": [[-123.12152855511609, 49.247995777845624], [-123.12152867949834, 49.24811363323153]], "type": "LineString"}, "properties": {"wireset_type": "3-12", "geo_point_2d": {"lon": -123.1215286173072, "lat": 49.24805470553858}}}, {"type": "Feature", "geometry": {"coordinates": [[-123.1202309651238, 49.24797948686645], [-123.12023071007994, 49.24808948081633]], "type": "LineString"}, "properties": {"wireset_type": "3-10", "geo_point_2d": {"lon": -123.12023083760187, "lat": 49.24803448384139}}}, {"type": "Feature", "geometry": {"coordinates": [[-123.12152867949834, 49.24811363323153], [-123.12091128131605, 49.24809498626067]], "type": "LineString"}, "properties": {"wireset_type": "3-12", "geo_point_2d": {"lon": -123.12121998040722, "lat": 49.2481043097461}}}, {"type": "Feature", "geometry": {"coordinates": [[-123.12091128131605, 49.24809498626067], [-123.12023071007994, 49.24808948081633]], "type": "LineString"}, "properties": {"wireset_type": "3-12", "geo_point_2d": {"lon": -123.12057099569797, "lat": 49.2480922335385}}}, {"type": "Feature", "geometry": {"coordinates": [[-123.11581486897646, 49.24764621828891], [-123.11580964727384, 49.24784577373281]], "type": "LineString"}, "properties": {"wireset_type": "3-6", "geo_point_2d": {"lon": -123.11581225812513, "lat": 49.24774599601086}}}, {"type": "Feature", "geometry": {"coordinates": [[-123.11964196608983, 49.251604050887856], [-123.11916368214791, 49.25159643149766]], "type": "LineString"}, "properties": {"wireset_type": "3-12", "geo_point_2d": {"lon": -123.11940282411888, "lat": 49.25160024119276}}}, {"type": "Feature", "geometry": {"coordinates": [[-123.11641547553285, 49.25154797858168], [-123.11618551432905, 49.251541706522154]], "type": "LineString"}, "properties": {"wireset_type": "3-12", "geo_point_2d": {"lon": -123.11630049493095, "lat": 49.251544842551915}}}, {"type": "Feature", "geometry": {"coordinates": [[-123.11641814900884, 49.251451897885474], [-123.11634215603462, 49.2514327066626], [-123.11634028742031, 49.25143278950131], [-123.11633559367706, 49.25143355817888], [-123.11633084808643, 49.251433876707296], [-123.11632609372029, 49.25143374219554], [-123.11632137373017, 49.25143315586445], [-123.1163167309556, 49.25143212303569], [-123.11631220753532, 49.25143065308342], [-123.11630784452471, 49.25142875934919], [-123.11630368152332, 49.2514264590209], [-123.11629975631533, 49.251423772976764], [-123.11629610452667, 49.25142072559584], [-123.1162927593017, 49.25141734453673], [-123.11628975100228, 49.251413660486584], [-123.11628710693235, 49.251409706882534], [-123.11628485108996, 49.25140551960825], [-123.11628300394958, 49.25140113666822], [-123.1162815822762, 49.251396597842856], [-123.11628614927422, 49.251030118751004], [-123.11628599096953, 49.25102710979477], [-123.11628546723811, 49.25102414254295], [-123.11628458588358, 49.25102126120782], [-123.11628336003818, 49.25101850872148], [-123.11626139599417, 49.25097511086942]], "type": "LineString"}, "properties": {"wireset_type": "2-12", "geo_point_2d": {"lon": -123.11629896035275, "lat": 49.25125012064586}}}, {"type": "Feature", "geometry": {"coordinates": [[-123.11785297977865, 49.25147956969465], [-123.11785246556262, 49.251575270422265]], "type": "LineString"}, "properties": {"wireset_type": null, "geo_point_2d": {"lon": -123.11785272267063, "lat": 49.25152742005846}}}, {"type": "Feature", "geometry": {"coordinates": [[-123.11608668624932, 49.251330373091385], [-123.11605711040615, 49.25138696478361], [-123.11548379432745, 49.25120241753325]], "type": "LineString"}, "properties": {"wireset_type": "3-4", "geo_point_2d": {"lon": -123.1157993480226, "lat": 49.25130082386587}}}, {"type": "Feature", "geometry": {"coordinates": [[-123.11608668624932, 49.251330373091385], [-123.11605711040615, 49.25138696478361], [-123.11548379432745, 49.25120241753325]], "type": "LineString"}, "properties": {"wireset_type": "1-8G", "geo_point_2d": {"lon": -123.1157993480226, "lat": 49.25130082386587}}}, {"type": "Feature", "geometry": {"coordinates": [[-123.12107696986627, 49.248991610205316], [-123.12058901605779, 49.24898079555559]], "type": "LineString"}, "properties": {"wireset_type": "3-8", "geo_point_2d": {"lon": -123.12083299296202, "lat": 49.24898620288045}}}, {"type": "Feature", "geometry": {"coordinates": [[-123.12018378021261, 49.24897546986816], [-123.11967714392323, 49.248966442860635]], "type": "LineString"}, "properties": {"wireset_type": "3-6", "geo_point_2d": {"lon": -123.11993046206791, "lat": 49.248970956364396}}}, {"type": "Feature", "geometry": {"coordinates": [[-123.11766870014522, 49.24893168843928], [-123.11704073080513, 49.24892056955306]], "type": "LineString"}, "properties": {"wireset_type": "3-8", "geo_point_2d": {"lon": -123.11735471547517, "lat": 49.24892612899617}}}, {"type": "Feature", "geometry": {"coordinates": [[-123.11861503151692, 49.2489514277455], [-123.11853777957799, 49.248950364639235], [-123.1185370500879, 49.24891540992589]], "type": "LineString"}, "properties": {"wireset_type": "3-6", "geo_point_2d": {"lon": -123.1185642580974, "lat": 49.248945285565966}}}, {"type": "Feature", "geometry": {"coordinates": [[-123.12031796992575, 49.24881689721747], [-123.12028227281388, 49.24882286224438], [-123.12028252408136, 49.24885842012588]], "type": "LineString"}, "properties": {"wireset_type": null, "geo_point_2d": {"lon": -123.1202913381224, "lat": 49.24883016883487}}}, {"type": "Feature", "geometry": {"coordinates": [[-123.12031796992575, 49.24881689721747], [-123.12035777543697, 49.24882223490337], [-123.12035746333288, 49.24885776638594]], "type": "LineString"}, "properties": {"wireset_type": null, "geo_point_2d": {"lon": -123.12034714225001, "lat": 49.2488291585365}}}, {"type": "Feature", "geometry": {"coordinates": [[-123.12032286067155, 49.24855078623577], [-123.12031796992575, 49.24881689721747]], "type": "LineString"}, "properties": {"wireset_type": "3-10", "geo_point_2d": {"lon": -123.12032041529864, "lat": 49.24868384172662}}}, {"type": "Feature", "geometry": {"coordinates": [[-123.12217779413005, 49.248116915492766], [-123.12223581882765, 49.2481166382297], [-123.12223922669602, 49.248116204666395], [-123.12224266033188, 49.248116096551314], [-123.12224608872582, 49.248116314860866], [-123.12224948091578, 49.24811685762348], [-123.12225280626669, 49.248117719937426], [-123.12225603474708, 49.24811889401509], [-123.12225913720034, 49.248120369253314], [-123.12226208560801, 49.248122132329115], [-123.12226485334283, 49.248124167320036], [-123.12226741540918, 49.248126455847945], [-123.1222697486689, 49.248128977245], [-123.12227183205016, 49.248131708740296], [-123.12227364673781, 49.24813462566552], [-123.12227517634328, 49.248137701677734], [-123.12227640705262, 49.248140908997264], [-123.12227732775119, 49.2481442186586], [-123.1222663893335, 49.24846650236398]], "type": "LineString"}, "properties": {"wireset_type": null, "geo_point_2d": {"lon": -123.12226171851368, "lat": 49.24825746237896}}}, {"type": "Feature", "geometry": {"coordinates": [[-123.11514651034838, 49.24856439988169], [-123.11516608254388, 49.24881500546342]], "type": "LineString"}, "properties": {"wireset_type": "2-8", "geo_point_2d": {"lon": -123.11515629644613, "lat": 49.24868970267255}}}, {"type": "Feature", "geometry": {"coordinates": [[-123.11513788463667, 49.24830582259821], [-123.11514651034838, 49.24856439988169]], "type": "LineString"}, "properties": {"wireset_type": "1-8G", "geo_point_2d": {"lon": -123.11514219749255, "lat": 49.24843511123995}}}, {"type": "Feature", "geometry": {"coordinates": [[-123.11517020432387, 49.247373470666865], [-123.11516556159873, 49.24762811231052]], "type": "LineString"}, "properties": {"wireset_type": "3-8", "geo_point_2d": {"lon": -123.1151678829613, "lat": 49.24750079148869}}}, {"type": "Feature", "geometry": {"coordinates": [[-123.11517656667755, 49.245991508709665], [-123.11519637905127, 49.24621580310056]], "type": "LineString"}, "properties": {"wireset_type": "1-8G", "geo_point_2d": {"lon": -123.11518647286441, "lat": 49.24610365590512}}}, {"type": "Feature", "geometry": {"coordinates": [[-123.11517656667755, 49.245991508709665], [-123.11519637905127, 49.24621580310056]], "type": "LineString"}, "properties": {"wireset_type": "3-8", "geo_point_2d": {"lon": -123.11518647286441, "lat": 49.24610365590512}}}, {"type": "Feature", "geometry": {"coordinates": [[-123.11519637905127, 49.24621580310056], [-123.11518581246526, 49.24646358734004]], "type": "LineString"}, "properties": {"wireset_type": "1-8G", "geo_point_2d": {"lon": -123.11519109575826, "lat": 49.2463396952203}}}, {"type": "Feature", "geometry": {"coordinates": [[-123.11518364633561, 49.246695999335216], [-123.11517026495449, 49.24693285715139]], "type": "LineString"}, "properties": {"wireset_type": "1-8G", "geo_point_2d": {"lon": -123.11517695564504, "lat": 49.246814428243304}}}, {"type": "Feature", "geometry": {"coordinates": [[-123.12328934586479, 49.24709637698632], [-123.12328961514567, 49.24720452637948]], "type": "LineString"}, "properties": {"wireset_type": null, "geo_point_2d": {"lon": -123.12328948050524, "lat": 49.2471504516829}}}, {"type": "Feature", "geometry": {"coordinates": [[-123.12396414655736, 49.24710730372254], [-123.12396371919658, 49.24715064321166]], "type": "LineString"}, "properties": {"wireset_type": null, "geo_point_2d": {"lon": -123.12396393287696, "lat": 49.2471289734671}}}, {"type": "Feature", "geometry": {"coordinates": [[-123.12164042601191, 49.247066290750006], [-123.12164014576884, 49.247108820504465]], "type": "LineString"}, "properties": {"wireset_type": "3-6", "geo_point_2d": {"lon": -123.12164028589038, "lat": 49.24708755562723}}}, {"type": "Feature", "geometry": {"coordinates": [[-123.12115126984344, 49.24706176740991], [-123.12115462772039, 49.24717063318714]], "type": "LineString"}, "properties": {"wireset_type": "3-8", "geo_point_2d": {"lon": -123.12115294878191, "lat": 49.24711620029852}}}, {"type": "Feature", "geometry": {"coordinates": [[-123.12115462772039, 49.24717063318714], [-123.12108393925297, 49.24717232643696]], "type": "LineString"}, "properties": {"wireset_type": "3-8", "geo_point_2d": {"lon": -123.12111928348669, "lat": 49.24717147981205}}}, {"type": "Feature", "geometry": {"coordinates": [[-123.1202656332886, 49.247046663235594], [-123.12026515963365, 49.24708358915808]], "type": "LineString"}, "properties": {"wireset_type": "3-8", "geo_point_2d": {"lon": -123.12026539646111, "lat": 49.24706512619684}}}, {"type": "Feature", "geometry": {"coordinates": [[-123.12221761757776, 49.24718889828597], [-123.12212274178887, 49.247188638805056]], "type": "LineString"}, "properties": {"wireset_type": null, "geo_point_2d": {"lon": -123.12217017968331, "lat": 49.24718876854551}}}, {"type": "Feature", "geometry": {"coordinates": [[-123.1159600634875, 49.255262051165445], [-123.11594088656038, 49.25524757911266], [-123.11594082207071, 49.25522004481046], [-123.11593975332282, 49.25521547342888], [-123.115937971432, 49.25521113008724], [-123.11593552172016, 49.25520712525722], [-123.11593246649505, 49.255203560800595], [-123.11592888346547, 49.25520052737834], [-123.11592486376482, 49.25519810214471], [-123.11592050963306, 49.25519634678487], [-123.11591593181635, 49.25519530594591], [-123.1154248713878, 49.25505662354112], [-123.1153118436468, 49.255016293897235]], "type": "LineString"}, "properties": {"wireset_type": "1-8G", "geo_point_2d": {"lon": -123.11565332739593, "lat": 49.255123590255636}}}, {"type": "Feature", "geometry": {"coordinates": [[-123.1159600634875, 49.255262051165445], [-123.11597293460635, 49.255248005703926], [-123.11597190738617, 49.25520841877391], [-123.11597074166174, 49.25520388946432], [-123.1159688825062, 49.2551995979495], [-123.11596637559558, 49.25519564966405], [-123.11596328252006, 49.255192141610095], [-123.11595967927079, 49.255189159974044], [-123.11595565437298, 49.25518677800921], [-123.11595130671097, 49.25518505423608], [-123.11594674309879, 49.25518403100458], [-123.11543064816281, 49.25504110101561], [-123.1153118436468, 49.255016293897235]], "type": "LineString"}, "properties": {"wireset_type": null, "geo_point_2d": {"lon": -123.11567305381695, "lat": 49.25511275898819}}}, {"type": "Feature", "geometry": {"coordinates": [[-123.1055128001322, 49.252841537793806], [-123.10500928994527, 49.25282715441541]], "type": "LineString"}, "properties": {"wireset_type": "2-8", "geo_point_2d": {"lon": -123.10526104503873, "lat": 49.252834346104606}}}, {"type": "Feature", "geometry": {"coordinates": [[-123.10712511383272, 49.251860879011545], [-123.10662255035672, 49.25185417471233]], "type": "LineString"}, "properties": {"wireset_type": "3-6", "geo_point_2d": {"lon": -123.10687383209472, "lat": 49.25185752686194}}}, {"type": "Feature", "geometry": {"coordinates": [[-123.10495648847277, 49.24797579784378], [-123.10493641137874, 49.24841546694482]], "type": "LineString"}, "properties": {"wireset_type": "3-12", "geo_point_2d": {"lon": -123.10494644992576, "lat": 49.24819563239429}}}, {"type": "Feature", "geometry": {"coordinates": [[-123.10708375555328, 49.247840797245814], [-123.10637721822224, 49.24782791214094]], "type": "LineString"}, "properties": {"wireset_type": null, "geo_point_2d": {"lon": -123.10673048688776, "lat": 49.24783435469338}}}, {"type": "Feature", "geometry": {"coordinates": [[-123.10637721822224, 49.24782791214094], [-123.10590028740283, 49.24782461727837]], "type": "LineString"}, "properties": {"wireset_type": null, "geo_point_2d": {"lon": -123.10613875281254, "lat": 49.24782626470966}}}, {"type": "Feature", "geometry": {"coordinates": [[-123.10638165127729, 49.24772963516307], [-123.10532777835262, 49.247717413761265]], "type": "LineString"}, "properties": {"wireset_type": null, "geo_point_2d": {"lon": -123.10585471481495, "lat": 49.24772352446217}}}, {"type": "Feature", "geometry": {"coordinates": [[-123.11506530047036, 49.25112285853779], [-123.1150629801747, 49.251194651746175], [-123.11450184835557, 49.25118400118099]], "type": "LineString"}, "properties": {"wireset_type": "2-8", "geo_point_2d": {"lon": -123.11481438037207, "lat": 49.25118585768208}}}, {"type": "Feature", "geometry": {"coordinates": [[-123.10816516915403, 49.24896100926099], [-123.1076465704863, 49.248953487875134]], "type": "LineString"}, "properties": {"wireset_type": "3-6", "geo_point_2d": {"lon": -123.10790586982017, "lat": 49.24895724856806}}}, {"type": "Feature", "geometry": {"coordinates": [[-123.10723768713366, 49.24894451309031], [-123.10670384410219, 49.24894039282307]], "type": "LineString"}, "properties": {"wireset_type": "3-8", "geo_point_2d": {"lon": -123.10697076561792, "lat": 49.24894245295669}}}, {"type": "Feature", "geometry": {"coordinates": [[-123.10670384410219, 49.24894039282307], [-123.10617478120484, 49.24892908750352]], "type": "LineString"}, "properties": {"wireset_type": "3-8", "geo_point_2d": {"lon": -123.10643931265352, "lat": 49.24893474016329}}}, {"type": "Feature", "geometry": {"coordinates": [[-123.11018526406829, 49.249961087784186], [-123.11019160890046, 49.250058329136536]], "type": "LineString"}, "properties": {"wireset_type": "2-10", "geo_point_2d": {"lon": -123.11018843648438, "lat": 49.25000970846037}}}, {"type": "Feature", "geometry": {"coordinates": [[-123.11258740426771, 49.250103981803896], [-123.11266874268627, 49.250124816413845], [-123.11267198966608, 49.25012531236561], [-123.11267518443674, 49.250126075442644], [-123.11267830506131, 49.25012710040525], [-123.112681330112, 49.25012838021553], [-123.1126842388173, 49.250129906085654], [-123.11268701120451, 49.25013166753821], [-123.11268962823706, 49.25013365247819], [-123.11269207194506, 49.25013584727597], [-123.11269432554876, 49.25013823686097], [-123.11269637357377, 49.250140804825065], [-123.11269820195733, 49.250143533535315], [-123.1126997981448, 49.25014640425502], [-123.11270115117597, 49.25014939727235], [-123.11270225176023, 49.250152492035724], [-123.11270309234041, 49.25015566729493], [-123.11270366714466, 49.250158901247026], [-123.11269393153889, 49.25034294409636]], "type": "LineString"}, "properties": {"wireset_type": "2-12", "geo_point_2d": {"lon": -123.1126788594542, "lat": 49.25019667664729}}}, {"type": "Feature", "geometry": {"coordinates": [[-123.11135955416589, 49.249984842673655], [-123.11082144788799, 49.249984289659636]], "type": "LineString"}, "properties": {"wireset_type": "1-10G", "geo_point_2d": {"lon": -123.11109050102694, "lat": 49.249984566166646}}}, {"type": "Feature", "geometry": {"coordinates": [[-123.10811868905843, 49.24992567405698], [-123.1075967040847, 49.24992000863196]], "type": "LineString"}, "properties": {"wireset_type": "3-6", "geo_point_2d": {"lon": -123.10785769657156, "lat": 49.24992284134447}}}, {"type": "Feature", "geometry": {"coordinates": [[-123.11512652823399, 49.25006978931462], [-123.11451776526074, 49.25004538760284]], "type": "LineString"}, "properties": {"wireset_type": "2-8", "geo_point_2d": {"lon": -123.11482214674737, "lat": 49.25005758845873}}}, {"type": "Feature", "geometry": {"coordinates": [[-123.11405260218378, 49.2500420967347], [-123.1135118442356, 49.25002998201122]], "type": "LineString"}, "properties": {"wireset_type": "3-6", "geo_point_2d": {"lon": -123.11378222320967, "lat": 49.25003603937296}}}, {"type": "Feature", "geometry": {"coordinates": [[-123.11258751724922, 49.25001468607082], [-123.11195890388177, 49.25000384602673]], "type": "LineString"}, "properties": {"wireset_type": "1-10G", "geo_point_2d": {"lon": -123.11227321056549, "lat": 49.25000926604878}}}, {"type": "Feature", "geometry": {"coordinates": [[-123.11195890388177, 49.25000384602673], [-123.11135955416589, 49.249984842673655]], "type": "LineString"}, "properties": {"wireset_type": "3-4", "geo_point_2d": {"lon": -123.11165922902383, "lat": 49.24999434435019}}}, {"type": "Feature", "geometry": {"coordinates": [[-123.11082144788799, 49.249984289659636], [-123.11018526406829, 49.249961087784186]], "type": "LineString"}, "properties": {"wireset_type": "1-10G", "geo_point_2d": {"lon": -123.11050335597814, "lat": 49.24997268872192}}}, {"type": "Feature", "geometry": {"coordinates": [[-123.12156959796657, 49.255276434132824], [-123.12092796348568, 49.25525708413713]], "type": "LineString"}, "properties": {"wireset_type": "3-12", "geo_point_2d": {"lon": -123.12124878072612, "lat": 49.255266759134976}}}, {"type": "Feature", "geometry": {"coordinates": [[-123.12092796348568, 49.25525708413713], [-123.12034786190927, 49.25525238267808]], "type": "LineString"}, "properties": {"wireset_type": "3-12", "geo_point_2d": {"lon": -123.12063791269749, "lat": 49.255254733407604}}}, {"type": "Feature", "geometry": {"coordinates": [[-123.12029226114895, 49.256055650677276], [-123.11997499938681, 49.25604923415025]], "type": "LineString"}, "properties": {"wireset_type": "3-10", "geo_point_2d": {"lon": -123.12013363026787, "lat": 49.25605244241376}}}, {"type": "Feature", "geometry": {"coordinates": [[-123.12038357732196, 49.25615616708321], [-123.12029252752984, 49.25616526613076]], "type": "LineString"}, "properties": {"wireset_type": null, "geo_point_2d": {"lon": -123.1203380524259, "lat": 49.256160716606985}}}, {"type": "Feature", "geometry": {"coordinates": [[-123.12024974278322, 49.25499253198272], [-123.12024368626349, 49.25511856131839]], "type": "LineString"}, "properties": {"wireset_type": "2-10", "geo_point_2d": {"lon": -123.12024671452335, "lat": 49.25505554665055}}}, {"type": "Feature", "geometry": {"coordinates": [[-123.12029252752984, 49.25616526613076], [-123.12025423926947, 49.256164649338], [-123.12025087246256, 49.25616422981949], [-123.12024748152118, 49.25616411623665], [-123.12024409418792, 49.25616430951873], [-123.12024073817588, 49.25616480808443], [-123.12023744094189, 49.25616560785477], [-123.12023422946191, 49.256166702286535], [-123.12023113001031, 49.256168082425745], [-123.12022816794487, 49.25616973698095], [-123.12022536749943, 49.256171652415595], [-123.12022275158552, 49.256173813058766], [-123.1202203416049, 49.256176201233394], [-123.12021815727462, 49.256178797400906], [-123.12021621646551, 49.25618158032104], [-123.12021453505606, 49.25618452722566], [-123.12021312680255, 49.256187614004986], [-123.12021200322646, 49.256190815404885], [-123.12020547792541, 49.256333288458514]], "type": "LineString"}, "properties": {"wireset_type": "3-12", "geo_point_2d": {"lon": -123.12022413974648, "lat": 49.256225567926435}}}, {"type": "Feature", "geometry": {"coordinates": [[-123.12158955679587, 49.25607851681622], [-123.12089258118677, 49.256069065620395]], "type": "LineString"}, "properties": {"wireset_type": "3-12", "geo_point_2d": {"lon": -123.12124106899131, "lat": 49.256073791218306}}}, {"type": "Feature", "geometry": {"coordinates": [[-123.12226197758092, 49.25529346008148], [-123.12156959796657, 49.255276434132824]], "type": "LineString"}, "properties": {"wireset_type": "3-12", "geo_point_2d": {"lon": -123.12191578777374, "lat": 49.25528494710716}}}, {"type": "Feature", "geometry": {"coordinates": [[-123.1087644009111, 49.24281474102724], [-123.10895148484956, 49.24298426891401]], "type": "LineString"}, "properties": {"wireset_type": "3-8", "geo_point_2d": {"lon": -123.10885794288032, "lat": 49.24289950497062}}}, {"type": "Feature", "geometry": {"coordinates": [[-123.10950735075507, 49.24323453958996], [-123.10972817931913, 49.24342152995405]], "type": "LineString"}, "properties": {"wireset_type": "1-8G", "geo_point_2d": {"lon": -123.1096177650371, "lat": 49.243328034772006}}}, {"type": "Feature", "geometry": {"coordinates": [[-123.10972817931913, 49.24342152995405], [-123.11016326982272, 49.243793563694275]], "type": "LineString"}, "properties": {"wireset_type": "1-8G", "geo_point_2d": {"lon": -123.10994572457093, "lat": 49.243607546824165}}}, {"type": "Feature", "geometry": {"coordinates": [[-123.10976189579236, 49.24370089000209], [-123.11025682086675, 49.24414591682614]], "type": "LineString"}, "properties": {"wireset_type": "3-6", "geo_point_2d": {"lon": -123.11000935832956, "lat": 49.24392340341411}}}, {"type": "Feature", "geometry": {"coordinates": [[-123.11016326982272, 49.243793563694275], [-123.11074750852228, 49.24429566793757]], "type": "LineString"}, "properties": {"wireset_type": "1-8G", "geo_point_2d": {"lon": -123.1104553891725, "lat": 49.24404461581592}}}, {"type": "Feature", "geometry": {"coordinates": [[-123.1111283745311, 49.2448589077112], [-123.11109045492925, 49.24490231021043]], "type": "LineString"}, "properties": {"wireset_type": null, "geo_point_2d": {"lon": -123.11110941473018, "lat": 49.24488060896081}}}, {"type": "Feature", "geometry": {"coordinates": [[-123.11524129771438, 49.25015492266224], [-123.11523914980226, 49.25005860390862]], "type": "LineString"}, "properties": {"wireset_type": "1-8G", "geo_point_2d": {"lon": -123.11524022375832, "lat": 49.25010676328544}}}, {"type": "Feature", "geometry": {"coordinates": [[-123.11524694254909, 49.250012099803826], [-123.11525419947026, 49.24972361560654]], "type": "LineString"}, "properties": {"wireset_type": "1-8G", "geo_point_2d": {"lon": -123.11525057100968, "lat": 49.24986785770518}}}, {"type": "Feature", "geometry": {"coordinates": [[-123.11551151605865, 49.249956299045], [-123.11551489244631, 49.24970139789471]], "type": "LineString"}, "properties": {"wireset_type": "1-8G", "geo_point_2d": {"lon": -123.11551320425248, "lat": 49.24982884846986}}}, {"type": "Feature", "geometry": {"coordinates": [[-123.11525419947026, 49.24972361560654], [-123.11524108290486, 49.249407347466764]], "type": "LineString"}, "properties": {"wireset_type": "3-8", "geo_point_2d": {"lon": -123.11524764118755, "lat": 49.24956548153665}}}, {"type": "Feature", "geometry": {"coordinates": [[-123.11601795095615, 49.24527789344477], [-123.11661782255598, 49.24529106118397]], "type": "LineString"}, "properties": {"wireset_type": "1-8G", "geo_point_2d": {"lon": -123.11631788675608, "lat": 49.24528447731437}}}, {"type": "Feature", "geometry": {"coordinates": [[-123.11536031061762, 49.24504893961959], [-123.11562810257219, 49.24504719669027]], "type": "LineString"}, "properties": {"wireset_type": "3-4", "geo_point_2d": {"lon": -123.11549420659489, "lat": 49.24504806815493}}}, {"type": "Feature", "geometry": {"coordinates": [[-123.11536031061762, 49.24504893961959], [-123.11562810257219, 49.24504719669027]], "type": "LineString"}, "properties": {"wireset_type": "1-8G", "geo_point_2d": {"lon": -123.11549420659489, "lat": 49.24504806815493}}}, {"type": "Feature", "geometry": {"coordinates": [[-123.1161040873046, 49.24415413102887], [-123.11646441142585, 49.24394935158662]], "type": "LineString"}, "properties": {"wireset_type": "3-8", "geo_point_2d": {"lon": -123.11628424936524, "lat": 49.24405174130774}}}, {"type": "Feature", "geometry": {"coordinates": [[-123.1167341114751, 49.24380956325629], [-123.11698921762552, 49.243674970328776]], "type": "LineString"}, "properties": {"wireset_type": "3-8", "geo_point_2d": {"lon": -123.11686166455029, "lat": 49.24374226679254}}}, {"type": "Feature", "geometry": {"coordinates": [[-123.11495104159965, 49.255957400434106], [-123.1150098715927, 49.25578516441017]], "type": "LineString"}, "properties": {"wireset_type": "1-8G", "geo_point_2d": {"lon": -123.11498045659617, "lat": 49.25587128242214}}}, {"type": "Feature", "geometry": {"coordinates": [[-123.1150098715927, 49.25578516441017], [-123.11501411094413, 49.25548639299137]], "type": "LineString"}, "properties": {"wireset_type": "3-6", "geo_point_2d": {"lon": -123.11501199126843, "lat": 49.25563577870077}}}, {"type": "Feature", "geometry": {"coordinates": [[-123.11501411094413, 49.25548639299137], [-123.11502345041437, 49.255241614782165]], "type": "LineString"}, "properties": {"wireset_type": "3-6", "geo_point_2d": {"lon": -123.11501878067925, "lat": 49.25536400388677}}}, {"type": "Feature", "geometry": {"coordinates": [[-123.11502345041437, 49.255241614782165], [-123.11502778998234, 49.254980110430864]], "type": "LineString"}, "properties": {"wireset_type": "1-8G", "geo_point_2d": {"lon": -123.11502562019835, "lat": 49.255110862606514}}}, {"type": "Feature", "geometry": {"coordinates": [[-123.11527599912756, 49.25555715823814], [-123.11529027079659, 49.25531237508882]], "type": "LineString"}, "properties": {"wireset_type": "1-8G", "geo_point_2d": {"lon": -123.11528313496208, "lat": 49.255434766663484}}}, {"type": "Feature", "geometry": {"coordinates": [[-123.11067101643656, 49.245258348389704], [-123.11023830424263, 49.245474593755866], [-123.11023538928102, 49.24547558869652], [-123.11023264554323, 49.245476988271854], [-123.11023012886096, 49.24547876400224], [-123.11022789044554, 49.24548087975377], [-123.11022597584598, 49.245483292473516], [-123.11022442402196, 49.245485953065625], [-123.11022326655124, 49.245488807390345], [-123.11022252698687, 49.2454917973657], [-123.11022222037808, 49.24549486214941], [-123.11022235296399, 49.24549793937691], [-123.11022292204662, 49.245500966430434], [-123.11022391604585, 49.245503881713205], [-123.11022531473503, 49.24550662590282], [-123.11022708965258, 49.24550914315843], [-123.11022920468113, 49.24551138225699], [-123.11023161678244, 49.24551329763564], [-123.11024312326919, 49.24552236284782]], "type": "LineString"}, "properties": {"wireset_type": null, "geo_point_2d": {"lon": -123.11042835270989, "lat": 49.245381864670776}}}, {"type": "Feature", "geometry": {"coordinates": [[-123.1150618226704, 49.254326834643294], [-123.11506996072427, 49.254061989238636]], "type": "LineString"}, "properties": {"wireset_type": "3-6", "geo_point_2d": {"lon": -123.11506589169733, "lat": 49.254194411940965}}}, {"type": "Feature", "geometry": {"coordinates": [[-123.1153476859456, 49.25409736035898], [-123.11534586449946, 49.253987980285864]], "type": "LineString"}, "properties": {"wireset_type": "1-8G", "geo_point_2d": {"lon": -123.11534677522252, "lat": 49.25404267032242}}}, {"type": "Feature", "geometry": {"coordinates": [[-123.1153476859456, 49.25409736035898], [-123.11534586449946, 49.253987980285864]], "type": "LineString"}, "properties": {"wireset_type": "3-6", "geo_point_2d": {"lon": -123.11534677522252, "lat": 49.25404267032242}}}, {"type": "Feature", "geometry": {"coordinates": [[-123.11535373810081, 49.253946468472975], [-123.11536248678897, 49.25366130221376]], "type": "LineString"}, "properties": {"wireset_type": "3-8", "geo_point_2d": {"lon": -123.11535811244488, "lat": 49.253803885343366}}}, {"type": "Feature", "geometry": {"coordinates": [[-123.11535373810081, 49.253946468472975], [-123.11536248678897, 49.25366130221376]], "type": "LineString"}, "properties": {"wireset_type": "1-8G", "geo_point_2d": {"lon": -123.11535811244488, "lat": 49.253803885343366}}}, {"type": "Feature", "geometry": {"coordinates": [[-123.11506621304602, 49.25391585660394], [-123.11510717610287, 49.25387969098991]], "type": "LineString"}, "properties": {"wireset_type": null, "geo_point_2d": {"lon": -123.11508669457446, "lat": 49.25389777379692}}}, {"type": "Feature", "geometry": {"coordinates": [[-123.11504088763111, 49.25388079146457], [-123.11504653436357, 49.253596446880316]], "type": "LineString"}, "properties": {"wireset_type": "3-8", "geo_point_2d": {"lon": -123.11504371099734, "lat": 49.25373861917244}}}, {"type": "Feature", "geometry": {"coordinates": [[-123.11504653436357, 49.253596446880316], [-123.11505706545879, 49.25336793975854]], "type": "LineString"}, "properties": {"wireset_type": "3-8", "geo_point_2d": {"lon": -123.11505179991119, "lat": 49.25348219331943}}}, {"type": "Feature", "geometry": {"coordinates": [[-123.11504653436357, 49.253596446880316], [-123.11505706545879, 49.25336793975854]], "type": "LineString"}, "properties": {"wireset_type": "1-8G", "geo_point_2d": {"lon": -123.11505179991119, "lat": 49.25348219331943}}}, {"type": "Feature", "geometry": {"coordinates": [[-123.11536248678897, 49.25366130221376], [-123.11537749689003, 49.25337999763259]], "type": "LineString"}, "properties": {"wireset_type": "1-8G", "geo_point_2d": {"lon": -123.1153699918395, "lat": 49.253520649923175}}}, {"type": "Feature", "geometry": {"coordinates": [[-123.11543748925979, 49.25338406651318], [-123.1154733820878, 49.253207022655985]], "type": "LineString"}, "properties": {"wireset_type": "1-8G", "geo_point_2d": {"lon": -123.11545543567378, "lat": 49.25329554458458}}}, {"type": "Feature", "geometry": {"coordinates": [[-123.11543748925979, 49.25338406651318], [-123.1154733820878, 49.253207022655985]], "type": "LineString"}, "properties": {"wireset_type": "2-8", "geo_point_2d": {"lon": -123.11545543567378, "lat": 49.25329554458458}}}, {"type": "Feature", "geometry": {"coordinates": [[-123.11505706545879, 49.25336793975854], [-123.11505794590637, 49.25306090494759]], "type": "LineString"}, "properties": {"wireset_type": "2-8", "geo_point_2d": {"lon": -123.11505750568259, "lat": 49.25321442235307}}}, {"type": "Feature", "geometry": {"coordinates": [[-123.1154048109924, 49.25295361478567], [-123.11540956933194, 49.252719428390684]], "type": "LineString"}, "properties": {"wireset_type": "1-8G", "geo_point_2d": {"lon": -123.11540719016217, "lat": 49.25283652158818}}}, {"type": "Feature", "geometry": {"coordinates": [[-123.1154048109924, 49.25295361478567], [-123.11540956933194, 49.252719428390684]], "type": "LineString"}, "properties": {"wireset_type": "3-8", "geo_point_2d": {"lon": -123.11540719016217, "lat": 49.25283652158818}}}, {"type": "Feature", "geometry": {"coordinates": [[-123.11552517161768, 49.25271694711129], [-123.11552473742573, 49.25253088134571]], "type": "LineString"}, "properties": {"wireset_type": "3-8", "geo_point_2d": {"lon": -123.1155249545217, "lat": 49.2526239142285}}}, {"type": "Feature", "geometry": {"coordinates": [[-123.1154127330686, 49.25252627079449], [-123.11542490428447, 49.2523242528926]], "type": "LineString"}, "properties": {"wireset_type": "3-8", "geo_point_2d": {"lon": -123.11541881867653, "lat": 49.25242526184354}}}, {"type": "Feature", "geometry": {"coordinates": [[-123.1154127330686, 49.25252627079449], [-123.11542490428447, 49.2523242528926]], "type": "LineString"}, "properties": {"wireset_type": "1-8G", "geo_point_2d": {"lon": -123.11541881867653, "lat": 49.25242526184354}}}, {"type": "Feature", "geometry": {"coordinates": [[-123.11542490428447, 49.2523242528926], [-123.1154284752305, 49.252276313775845]], "type": "LineString"}, "properties": {"wireset_type": null, "geo_point_2d": {"lon": -123.11542668975748, "lat": 49.25230028333422}}}, {"type": "Feature", "geometry": {"coordinates": [[-123.11513623139757, 49.25284188322925], [-123.11514091439247, 49.25262202630736]], "type": "LineString"}, "properties": {"wireset_type": "3-8", "geo_point_2d": {"lon": -123.11513857289502, "lat": 49.25273195476831}}}, {"type": "Feature", "geometry": {"coordinates": [[-123.1150634225176, 49.25283942810677], [-123.11506810847001, 49.25262070458302]], "type": "LineString"}, "properties": {"wireset_type": "1-8G", "geo_point_2d": {"lon": -123.1150657654938, "lat": 49.252730066344895}}}, {"type": "Feature", "geometry": {"coordinates": [[-123.11506810847001, 49.25262070458302], [-123.11506588180667, 49.25240763693622]], "type": "LineString"}, "properties": {"wireset_type": "3-8", "geo_point_2d": {"lon": -123.11506699513833, "lat": 49.252514170759625}}}, {"type": "Feature", "geometry": {"coordinates": [[-123.11515774362809, 49.25240755440513], [-123.11516749381055, 49.252168568567924]], "type": "LineString"}, "properties": {"wireset_type": "1-8G", "geo_point_2d": {"lon": -123.11516261871932, "lat": 49.252288061486524}}}, {"type": "Feature", "geometry": {"coordinates": [[-123.11516749381055, 49.252168568567924], [-123.11516739364086, 49.252125508529005]], "type": "LineString"}, "properties": {"wireset_type": null, "geo_point_2d": {"lon": -123.11516744372572, "lat": 49.25214703854846}}}, {"type": "Feature", "geometry": {"coordinates": [[-123.11543817934377, 49.25213600556786], [-123.11543413485136, 49.25208103079753]], "type": "LineString"}, "properties": {"wireset_type": null, "geo_point_2d": {"lon": -123.11543615709756, "lat": 49.2521085181827}}}, {"type": "Feature", "geometry": {"coordinates": [[-123.1154284752305, 49.252276313775845], [-123.11543817934377, 49.25213600556786]], "type": "LineString"}, "properties": {"wireset_type": "1-8G", "geo_point_2d": {"lon": -123.11543332728715, "lat": 49.25220615967186}}}, {"type": "Feature", "geometry": {"coordinates": [[-123.11548379432745, 49.25120241753325], [-123.11547109804674, 49.251137853497035]], "type": "LineString"}, "properties": {"wireset_type": null, "geo_point_2d": {"lon": -123.1154774461871, "lat": 49.25117013551514}}}, {"type": "Feature", "geometry": {"coordinates": [[-123.11547109804674, 49.251137853497035], [-123.11548808367132, 49.25079685448087]], "type": "LineString"}, "properties": {"wireset_type": "3-6", "geo_point_2d": {"lon": -123.11547959085902, "lat": 49.250967353988955}}}, {"type": "Feature", "geometry": {"coordinates": [[-123.11701392823055, 49.244050370529365], [-123.11733048837995, 49.24388025536807]], "type": "LineString"}, "properties": {"wireset_type": "3-8", "geo_point_2d": {"lon": -123.11717220830525, "lat": 49.24396531294872}}}, {"type": "Feature", "geometry": {"coordinates": [[-123.11698921762552, 49.243674970328776], [-123.11703486085005, 49.24364092210098]], "type": "LineString"}, "properties": {"wireset_type": null, "geo_point_2d": {"lon": -123.11701203923778, "lat": 49.24365794621488}}}, {"type": "Feature", "geometry": {"coordinates": [[-123.11703486085005, 49.24364092210098], [-123.1172159683478, 49.24374495731309]], "type": "LineString"}, "properties": {"wireset_type": null, "geo_point_2d": {"lon": -123.11712541459892, "lat": 49.24369293970703}}}, {"type": "Feature", "geometry": {"coordinates": [[-123.11733048837995, 49.24388025536807], [-123.11737557476681, 49.243843158186905]], "type": "LineString"}, "properties": {"wireset_type": null, "geo_point_2d": {"lon": -123.11735303157337, "lat": 49.24386170677749}}}, {"type": "Feature", "geometry": {"coordinates": [[-123.11703486085005, 49.24364092210098], [-123.11723063522274, 49.24350425685487]], "type": "LineString"}, "properties": {"wireset_type": "3-8", "geo_point_2d": {"lon": -123.1171327480364, "lat": 49.24357258947792}}}, {"type": "Feature", "geometry": {"coordinates": [[-123.11723063522274, 49.24350425685487], [-123.11738049988543, 49.24365462199908]], "type": "LineString"}, "properties": {"wireset_type": "1-8G", "geo_point_2d": {"lon": -123.11730556755408, "lat": 49.24357943942697}}}, {"type": "Feature", "geometry": {"coordinates": [[-123.11738049988543, 49.24365462199908], [-123.11753657603357, 49.24377624983736]], "type": "LineString"}, "properties": {"wireset_type": "1-8G", "geo_point_2d": {"lon": -123.1174585379595, "lat": 49.24371543591822}}}, {"type": "Feature", "geometry": {"coordinates": [[-123.11738049988543, 49.24365462199908], [-123.11753657603357, 49.24377624983736]], "type": "LineString"}, "properties": {"wireset_type": "3-4", "geo_point_2d": {"lon": -123.1174585379595, "lat": 49.24371543591822}}}, {"type": "Feature", "geometry": {"coordinates": [[-123.11797273081342, 49.24404426813608], [-123.1182532954949, 49.24389326609503]], "type": "LineString"}, "properties": {"wireset_type": "1-8G", "geo_point_2d": {"lon": -123.11811301315417, "lat": 49.243968767115554}}}, {"type": "Feature", "geometry": {"coordinates": [[-123.11737557476681, 49.243843158186905], [-123.11753657603357, 49.24377624983736]], "type": "LineString"}, "properties": {"wireset_type": "1-8G", "geo_point_2d": {"lon": -123.1174560754002, "lat": 49.243809704012136}}}, {"type": "Feature", "geometry": {"coordinates": [[-123.11753657603357, 49.24377624983736], [-123.11763649244372, 49.24371496253507]], "type": "LineString"}, "properties": {"wireset_type": null, "geo_point_2d": {"lon": -123.11758653423865, "lat": 49.243745606186216}}}, {"type": "Feature", "geometry": {"coordinates": [[-123.11763649244372, 49.24371496253507], [-123.11792741700417, 49.24354149861342]], "type": "LineString"}, "properties": {"wireset_type": "3-4", "geo_point_2d": {"lon": -123.11778195472394, "lat": 49.243628230574245}}}, {"type": "Feature", "geometry": {"coordinates": [[-123.11815148862898, 49.243282953418394], [-123.1182826462795, 49.243124125211395]], "type": "LineString"}, "properties": {"wireset_type": "1-8G", "geo_point_2d": {"lon": -123.11821706745424, "lat": 49.24320353931489}}}, {"type": "Feature", "geometry": {"coordinates": [[-123.11226537922613, 49.24882799819903], [-123.11227781732431, 49.248586913959734]], "type": "LineString"}, "properties": {"wireset_type": null, "geo_point_2d": {"lon": -123.11227159827521, "lat": 49.24870745607939}}}, {"type": "Feature", "geometry": {"coordinates": [[-123.1185883796788, 49.24245892868514], [-123.11859996720409, 49.24227201369801]], "type": "LineString"}, "properties": {"wireset_type": null, "geo_point_2d": {"lon": -123.11859417344144, "lat": 49.24236547119158}}}, {"type": "Feature", "geometry": {"coordinates": [[-123.11861249208805, 49.24207496910077], [-123.11862294332714, 49.24184965458354]], "type": "LineString"}, "properties": {"wireset_type": "3-6", "geo_point_2d": {"lon": -123.1186177177076, "lat": 49.24196231184216}}}, {"type": "Feature", "geometry": {"coordinates": [[-123.11861249208805, 49.24207496910077], [-123.11862294332714, 49.24184965458354]], "type": "LineString"}, "properties": {"wireset_type": "1-8G", "geo_point_2d": {"lon": -123.1186177177076, "lat": 49.24196231184216}}}, {"type": "Feature", "geometry": {"coordinates": [[-123.11816079539194, 49.24191478597958], [-123.11817026847852, 49.24168172759565]], "type": "LineString"}, "properties": {"wireset_type": "1-8G", "geo_point_2d": {"lon": -123.11816553193523, "lat": 49.24179825678762}}}, {"type": "Feature", "geometry": {"coordinates": [[-123.11862294332714, 49.24184965458354], [-123.11863438853528, 49.241626380955495]], "type": "LineString"}, "properties": {"wireset_type": "3-6", "geo_point_2d": {"lon": -123.11862866593121, "lat": 49.24173801776952}}}, {"type": "Feature", "geometry": {"coordinates": [[-123.11863438853528, 49.241626380955495], [-123.11864291053232, 49.241421640516705]], "type": "LineString"}, "properties": {"wireset_type": "3-6", "geo_point_2d": {"lon": -123.1186386495338, "lat": 49.2415240107361}}}, {"type": "Feature", "geometry": {"coordinates": [[-123.11863438853528, 49.241626380955495], [-123.11864291053232, 49.241421640516705]], "type": "LineString"}, "properties": {"wireset_type": "1-8G", "geo_point_2d": {"lon": -123.1186386495338, "lat": 49.2415240107361}}}, {"type": "Feature", "geometry": {"coordinates": [[-123.11817828303552, 49.24144776217412], [-123.11818780942568, 49.24124286781648]], "type": "LineString"}, "properties": {"wireset_type": "3-6", "geo_point_2d": {"lon": -123.1181830462306, "lat": 49.2413453149953}}}, {"type": "Feature", "geometry": {"coordinates": [[-123.11370508626287, 49.24796168085775], [-123.11307663968257, 49.24795240290865]], "type": "LineString"}, "properties": {"wireset_type": "2-10", "geo_point_2d": {"lon": -123.11339086297272, "lat": 49.2479570418832}}}, {"type": "Feature", "geometry": {"coordinates": [[-123.11426106392635, 49.246951507534064], [-123.113737288476, 49.24694260635904]], "type": "LineString"}, "properties": {"wireset_type": "1-10G", "geo_point_2d": {"lon": -123.11399917620118, "lat": 49.24694705694655}}}, {"type": "Feature", "geometry": {"coordinates": [[-123.11318894165959, 49.24703394276845], [-123.11251639673944, 49.24702257309943]], "type": "LineString"}, "properties": {"wireset_type": "1-10G", "geo_point_2d": {"lon": -123.1128526691995, "lat": 49.24702825793393}}}, {"type": "Feature", "geometry": {"coordinates": [[-123.11811388910263, 49.24114172895742], [-123.11690286926286, 49.241097381859504]], "type": "LineString"}, "properties": {"wireset_type": "2-8", "geo_point_2d": {"lon": -123.11750837918274, "lat": 49.24111955540846}}}, {"type": "Feature", "geometry": {"coordinates": [[-123.10595028906577, 49.244595030852715], [-123.10579575890456, 49.244670444599095]], "type": "LineString"}, "properties": {"wireset_type": "3-12", "geo_point_2d": {"lon": -123.10587302398518, "lat": 49.2446327377259}}}, {"type": "Feature", "geometry": {"coordinates": [[-123.10790552043655, 49.24364247865608], [-123.10738343867308, 49.24389743137118]], "type": "LineString"}, "properties": {"wireset_type": "3-12", "geo_point_2d": {"lon": -123.1076444795548, "lat": 49.24376995501363}}}, {"type": "Feature", "geometry": {"coordinates": [[-123.10738343867308, 49.24389743137118], [-123.10684986785625, 49.24415345377878]], "type": "LineString"}, "properties": {"wireset_type": "3-12", "geo_point_2d": {"lon": -123.10711665326467, "lat": 49.24402544257498}}}, {"type": "Feature", "geometry": {"coordinates": [[-123.10639238341231, 49.244379215653105], [-123.10595028906577, 49.244595030852715]], "type": "LineString"}, "properties": {"wireset_type": "3-12", "geo_point_2d": {"lon": -123.10617133623904, "lat": 49.24448712325291}}}, {"type": "Feature", "geometry": {"coordinates": [[-123.10774802895989, 49.24655326781066], [-123.10738284390816, 49.24625890599783]], "type": "LineString"}, "properties": {"wireset_type": null, "geo_point_2d": {"lon": -123.10756543643402, "lat": 49.246406086904244}}}, {"type": "Feature", "geometry": {"coordinates": [[-123.11549923988045, 49.25047812445649], [-123.11551440355476, 49.25019859160762]], "type": "LineString"}, "properties": {"wireset_type": "3-6", "geo_point_2d": {"lon": -123.1155068217176, "lat": 49.25033835803205}}}, {"type": "Feature", "geometry": {"coordinates": [[-123.11521778015283, 49.25106717004967], [-123.11522301061915, 49.25076984562068]], "type": "LineString"}, "properties": {"wireset_type": "1-8G", "geo_point_2d": {"lon": -123.11522039538599, "lat": 49.25091850783518}}}, {"type": "Feature", "geometry": {"coordinates": [[-123.11514398770915, 49.250764761144694], [-123.11515916921331, 49.25049790261382]], "type": "LineString"}, "properties": {"wireset_type": "2-8", "geo_point_2d": {"lon": -123.11515157846122, "lat": 49.25063133187926}}}, {"type": "Feature", "geometry": {"coordinates": [[-123.11523423303424, 49.25049654145081], [-123.11525127961444, 49.25019882740522]], "type": "LineString"}, "properties": {"wireset_type": "3-6", "geo_point_2d": {"lon": -123.11524275632434, "lat": 49.250347684428014}}}, {"type": "Feature", "geometry": {"coordinates": [[-123.11515916921331, 49.25049790261382], [-123.11516240496255, 49.25020537460263]], "type": "LineString"}, "properties": {"wireset_type": "1-8G", "geo_point_2d": {"lon": -123.11516078708792, "lat": 49.25035163860822}}}, {"type": "Feature", "geometry": {"coordinates": [[-123.11552805375409, 49.2501302771969], [-123.11550966394947, 49.2500105511151]], "type": "LineString"}, "properties": {"wireset_type": "3-8", "geo_point_2d": {"lon": -123.11551885885177, "lat": 49.250070414156}}}, {"type": "Feature", "geometry": {"coordinates": [[-123.11067101643656, 49.245258348389704], [-123.11065936701185, 49.245197623722405]], "type": "LineString"}, "properties": {"wireset_type": "2-12", "geo_point_2d": {"lon": -123.1106651917242, "lat": 49.24522798605605}}}, {"type": "Feature", "geometry": {"coordinates": [[-123.11131242253907, 49.24494215234115], [-123.11067101643656, 49.245258348389704]], "type": "LineString"}, "properties": {"wireset_type": null, "geo_point_2d": {"lon": -123.11099171948783, "lat": 49.24510025036543}}}, {"type": "Feature", "geometry": {"coordinates": [[-123.11363596330551, 49.2452573950622], [-123.11266443125294, 49.24524092281654]], "type": "LineString"}, "properties": {"wireset_type": null, "geo_point_2d": {"lon": -123.11315019727923, "lat": 49.24524915893937}}}, {"type": "Feature", "geometry": {"coordinates": [[-123.110831213607, 49.2446419042572], [-123.11025682086675, 49.24414591682614]], "type": "LineString"}, "properties": {"wireset_type": "3-6", "geo_point_2d": {"lon": -123.11054401723689, "lat": 49.244393910541675}}}, {"type": "Feature", "geometry": {"coordinates": [[-123.10954510204965, 49.24350629490967], [-123.1093256859745, 49.2433241962712]], "type": "LineString"}, "properties": {"wireset_type": "3-8", "geo_point_2d": {"lon": -123.10943539401207, "lat": 49.24341524559044}}}, {"type": "Feature", "geometry": {"coordinates": [[-123.10954510204965, 49.24350629490967], [-123.1093256859745, 49.2433241962712]], "type": "LineString"}, "properties": {"wireset_type": "1-8G", "geo_point_2d": {"lon": -123.10943539401207, "lat": 49.24341524559044}}}, {"type": "Feature", "geometry": {"coordinates": [[-123.11518211277917, 49.24512706113377], [-123.11515789969992, 49.245113484475766], [-123.115154904928, 49.24511200325526], [-123.11515182594829, 49.245110706121146], [-123.11514867406386, 49.24510959783528], [-123.11514546084545, 49.24510868246623], [-123.11514219808896, 49.24510796337437], [-123.11513889777213, 49.24510744319952], [-123.1151355720106, 49.24510712385127], [-123.11513223301343, 49.24510700650196], [-123.11467611787445, 49.2450987437661]], "type": "LineString"}, "properties": {"wireset_type": "2-10", "geo_point_2d": {"lon": -123.114931247158, "lat": 49.24510415296579}}}, {"type": "Feature", "geometry": {"coordinates": [[-123.11265632300913, 49.245070974750845], [-123.11244468963399, 49.24506306722533], [-123.11243334203725, 49.245062539274606], [-123.11242200590411, 49.2450618052656], [-123.11241068497603, 49.245060865440585], [-123.11239938298944, 49.24505972010974], [-123.11225520594958, 49.2450437408292], [-123.11225083609085, 49.24504336809182], [-123.11224645052894, 49.24504333007456], [-123.11224207486508, 49.24504362699933], [-123.1122377346427, 49.245044257132825], [-123.11223345519834, 49.24504521679655], [-123.11222926151373, 49.24504650038837], [-123.11222517806999, 49.24504810041517], [-123.11222122870468, 49.245050007536605], [-123.11219134280192, 49.24506707353848]], "type": "LineString"}, "properties": {"wireset_type": "1-10G", "geo_point_2d": {"lon": -123.11242114129863, "lat": 49.245059557898706}}}, {"type": "Feature", "geometry": {"coordinates": [[-123.11815148862898, 49.243282953418394], [-123.11825564847614, 49.24330790758032]], "type": "LineString"}, "properties": {"wireset_type": null, "geo_point_2d": {"lon": -123.11820356855256, "lat": 49.24329543049936}}}, {"type": "Feature", "geometry": {"coordinates": [[-123.11817342634338, 49.243425451534605], [-123.11820092926183, 49.2434243619606], [-123.11820320735097, 49.24342453317764], [-123.11820549157453, 49.24342449673381], [-123.11820776304218, 49.243424252930495], [-123.11821000296914, 49.24342380378392], [-123.1182121928314, 49.24342315300849], [-123.11821431451902, 49.24342230598605], [-123.11821635048587, 49.2434212697214], [-123.11821828389466, 49.24342005278435], [-123.11822009875632, 49.24341866523884], [-123.11822178006211, 49.24341711855975], [-123.1182233139078, 49.24341542553795], [-123.11822468760863, 49.24341360017458], [-123.11822588980422, 49.24341165756521], [-123.11822691055254, 49.243409613775036], [-123.11822774141208, 49.24340748570601], [-123.11822837551175, 49.24340529095704], [-123.11822854403736, 49.24339889928166], [-123.11822892267902, 49.24339251660623], [-123.11822951102707, 49.24338614983611], [-123.11823030844499, 49.24337980585946], [-123.11823131407007, 49.24337349153976], [-123.11823252681432, 49.2433672137084], [-123.11823394536569, 49.24336097915733], [-123.11823556818946, 49.24335479463163], [-123.11823739352991, 49.243348666822286], [-123.11823941941222, 49.243342602358915], [-123.11824164364462, 49.243336607802604], [-123.11824406382073, 49.2433306896388], [-123.11824667732218, 49.24332485427033], [-123.11824948132144, 49.24331910801039], [-123.1182524727849, 49.24331345707583], [-123.11825564847614, 49.24330790758032]], "type": "LineString"}, "properties": {"wireset_type": "1-8G", "geo_point_2d": {"lon": -123.11822482693822, "lat": 49.2433807113055}}}, {"type": "Feature", "geometry": {"coordinates": [[-123.11862345640847, 49.243291321083966], [-123.11875591280547, 49.243308033084155]], "type": "LineString"}, "properties": {"wireset_type": null, "geo_point_2d": {"lon": -123.11868968460698, "lat": 49.24329967708406}}}, {"type": "Feature", "geometry": {"coordinates": [[-123.11862345640847, 49.243291321083966], [-123.11825564847614, 49.24330790758032]], "type": "LineString"}, "properties": {"wireset_type": null, "geo_point_2d": {"lon": -123.11843955244231, "lat": 49.24329961433214}}}, {"type": "Feature", "geometry": {"coordinates": [[-123.11875582299673, 49.243150265689664], [-123.11863268738526, 49.243078439286364]], "type": "LineString"}, "properties": {"wireset_type": null, "geo_point_2d": {"lon": -123.11869425519102, "lat": 49.243114352488014}}}, {"type": "Feature", "geometry": {"coordinates": [[-123.11875582299673, 49.243150265689664], [-123.1182826462795, 49.243124125211395]], "type": "LineString"}, "properties": {"wireset_type": "3-8", "geo_point_2d": {"lon": -123.11851923463811, "lat": 49.24313719545053}}}, {"type": "Feature", "geometry": {"coordinates": [[-123.11555318364823, 49.24110317439135], [-123.11503647522821, 49.2411410922765]], "type": "LineString"}, "properties": {"wireset_type": "3-8", "geo_point_2d": {"lon": -123.11529482943821, "lat": 49.241122133333924}}}, {"type": "Feature", "geometry": {"coordinates": [[-123.11503647522821, 49.2411410922765], [-123.1149825048257, 49.241327860230406], [-123.11497967667945, 49.2413366002947], [-123.11497658462707, 49.24134525051708], [-123.11497323151625, 49.24135380293094], [-123.11496962043509, 49.241362249659765], [-123.11496575470929, 49.24137058292438], [-123.11496163789907, 49.241378795050096], [-123.11495727379591, 49.24138687847379], [-123.11495266641899, 49.24139482575087], [-123.11494782001157, 49.24140262956213], [-123.11494273903705, 49.2414102827205], [-123.11493742817485, 49.24141777817765], [-123.11493189231612, 49.24142510903048], [-123.11492613655923, 49.241432268527504], [-123.11492016620505, 49.24143925007504], [-123.1149139867521, 49.24144604724329], [-123.11490760389145, 49.24145265377227], [-123.11476088711427, 49.241605241956805]], "type": "LineString"}, "properties": {"wireset_type": "2-8", "geo_point_2d": {"lon": -123.11492663536869, "lat": 49.24138938639075}}}, {"type": "Feature", "geometry": {"coordinates": [[-123.10559486698232, 49.246109659013875], [-123.1052291468444, 49.2461055040834], [-123.10522575911729, 49.24610507567694], [-123.10522234628172, 49.246104962626], [-123.10521893763003, 49.2461051659009], [-123.10521556241859, 49.24610568375693], [-123.10521224961683, 49.246106511749346], [-123.10520902765842, 49.246107642771506], [-123.1052059241974, 49.24610906711585], [-123.10520296587075, 49.24611077255727], [-123.10520017806971, 49.24611274445798], [-123.10519758472194, 49.2461149658932], [-123.10519520808609, 49.24611741779636], [-123.10519306856081, 49.246120079122846], [-123.1051911845096, 49.24612292703052], [-123.10518957210324, 49.24612593707583], [-123.105188245181, 49.246129083423625], [-123.1051872151318, 49.246132339068836], [-123.10518676895268, 49.246187489250026]], "type": "LineString"}, "properties": {"wireset_type": "2-12", "geo_point_2d": {"lon": -123.10536209727651, "lat": 49.24611433794664}}}, {"type": "Feature", "geometry": {"coordinates": [[-123.11820944150044, 49.25008674445027], [-123.11813863484703, 49.250086762904594]], "type": "LineString"}, "properties": {"wireset_type": null, "geo_point_2d": {"lon": -123.11817403817375, "lat": 49.25008675367744}}}, {"type": "Feature", "geometry": {"coordinates": [[-123.11529027079659, 49.25531237508882], [-123.11530694946933, 49.25505085841631]], "type": "LineString"}, "properties": {"wireset_type": "3-6", "geo_point_2d": {"lon": -123.11529861013295, "lat": 49.255181616752566}}}, {"type": "Feature", "geometry": {"coordinates": [[-123.11530694946933, 49.25505085841631], [-123.1153118436468, 49.255016293897235]], "type": "LineString"}, "properties": {"wireset_type": null, "geo_point_2d": {"lon": -123.11530939655806, "lat": 49.25503357615678}}}, {"type": "Feature", "geometry": {"coordinates": [[-123.11502778998234, 49.254980110430864], [-123.11503266933951, 49.254939087370076]], "type": "LineString"}, "properties": {"wireset_type": null, "geo_point_2d": {"lon": -123.11503022966093, "lat": 49.25495959890047}}}, {"type": "Feature", "geometry": {"coordinates": [[-123.11503266933951, 49.254939087370076], [-123.11504223861589, 49.25480510303478]], "type": "LineString"}, "properties": {"wireset_type": null, "geo_point_2d": {"lon": -123.11503745397769, "lat": 49.25487209520243}}}, {"type": "Feature", "geometry": {"coordinates": [[-123.1153118436468, 49.255016293897235], [-123.11531054836168, 49.25486729836688]], "type": "LineString"}, "properties": {"wireset_type": "3-4", "geo_point_2d": {"lon": -123.11531119600423, "lat": 49.25494179613206}}}, {"type": "Feature", "geometry": {"coordinates": [[-123.1153118436468, 49.255016293897235], [-123.11531054836168, 49.25486729836688]], "type": "LineString"}, "properties": {"wireset_type": "1-8G", "geo_point_2d": {"lon": -123.11531119600423, "lat": 49.25494179613206}}}, {"type": "Feature", "geometry": {"coordinates": [[-123.11532745595422, 49.254603874455874], [-123.1153268634194, 49.25439672411137]], "type": "LineString"}, "properties": {"wireset_type": "3-6", "geo_point_2d": {"lon": -123.11532715968681, "lat": 49.25450029928362}}}, {"type": "Feature", "geometry": {"coordinates": [[-123.1153268634194, 49.25439672411137], [-123.11534376408285, 49.254130430707704]], "type": "LineString"}, "properties": {"wireset_type": "1-8G", "geo_point_2d": {"lon": -123.11533531375113, "lat": 49.25426357740954}}}, {"type": "Feature", "geometry": {"coordinates": [[-123.11548808367132, 49.25079685448087], [-123.11549923988045, 49.25047812445649]], "type": "LineString"}, "properties": {"wireset_type": "3-6", "geo_point_2d": {"lon": -123.11549366177589, "lat": 49.25063748946868}}}, {"type": "Feature", "geometry": {"coordinates": [[-123.11548808367132, 49.25079685448087], [-123.11549923988045, 49.25047812445649]], "type": "LineString"}, "properties": {"wireset_type": "1-8G", "geo_point_2d": {"lon": -123.11549366177589, "lat": 49.25063748946868}}}, {"type": "Feature", "geometry": {"coordinates": [[-123.11824924303141, 49.24804763816263], [-123.11762431710422, 49.248034720288416]], "type": "LineString"}, "properties": {"wireset_type": "3-10", "geo_point_2d": {"lon": -123.11793678006782, "lat": 49.248041179225524}}}, {"type": "Feature", "geometry": {"coordinates": [[-123.1179412384951, 49.24517984092121], [-123.11666959126335, 49.24514447653421]], "type": "LineString"}, "properties": {"wireset_type": "3-8", "geo_point_2d": {"lon": -123.11730541487923, "lat": 49.245162158727716}}}, {"type": "Feature", "geometry": {"coordinates": [[-123.11144393558867, 49.24689535858179], [-123.11139837342871, 49.24689245287677], [-123.11135283482741, 49.246889198751], [-123.11130732244919, 49.246885596394876], [-123.11126183895686, 49.246881646019155], [-123.11121638701162, 49.24687734785497], [-123.11117096927278, 49.2468727021538], [-123.11112558839763, 49.24686770918747], [-123.11108024704134, 49.24686236924809], [-123.11103494785678, 49.2468566826481], [-123.1109896934943, 49.246850649720216], [-123.11094448660168, 49.24684427081741], [-123.11089932982388, 49.2468375463129], [-123.11085422580297, 49.24683047660014], [-123.11080917717788, 49.246823062092744], [-123.11076418658435, 49.24681530322454], [-123.1107192566547, 49.246807200449474]], "type": "LineString"}, "properties": {"wireset_type": "2-10", "geo_point_2d": {"lon": -123.11108070030305, "lat": 49.24685864333861}}}, {"type": "Feature", "geometry": {"coordinates": [[-123.11874428917888, 49.24611543123601], [-123.11867847202011, 49.246113897714], [-123.11867461234083, 49.246114214190946], [-123.11867073978055, 49.246114190550614], [-123.1186668842527, 49.246113826975616], [-123.11866307553906, 49.246113126274366], [-123.11865934305983, 49.246112093859395], [-123.11865571564636, 49.246110737705536], [-123.11865222131837, 49.24610906828832], [-123.11864888706765, 49.24610709850307], [-123.1186457386494, 49.24610484356528], [-123.11864280038343, 49.2461023208931], [-123.1186400949662, 49.246099549972776], [-123.11863764329556, 49.24609655220812], [-123.1186354643093, 49.24609335075521], [-123.1186335748389, 49.24608997034349], [-123.11863198947944, 49.246086437084756], [-123.11863072047696, 49.246082778271486], [-123.11863057927503, 49.246046779490065]], "type": "LineString"}, "properties": {"wireset_type": "3-10", "geo_point_2d": {"lon": -123.11867073446916, "lat": 49.246099707044884}}}, {"type": "Feature", "geometry": {"coordinates": [[-123.11004636000042, 49.24661118958998], [-123.11001567322883, 49.24659975581911], [-123.10998511499407, 49.2465879828265], [-123.10995468904588, 49.24657587205678], [-123.10992439911776, 49.24656342499604], [-123.10989424892652, 49.24655064317163], [-123.10986424217185, 49.24653752815198], [-123.1098343825358, 49.246524081546426], [-123.10980467368236, 49.246510305004946], [-123.1097751192571, 49.246496200218054], [-123.10974572288653, 49.2464817689165], [-123.10971648817784, 49.246467012871136], [-123.10968741871837, 49.24645193389264], [-123.10965851807516, 49.24643653383131], [-123.10962978979455, 49.24642081457687], [-123.10960123740173, 49.2464047780582], [-123.10957286440032, 49.2463884262431], [-123.10954467427189, 49.24637176113807], [-123.10951667047559, 49.24635478478805], [-123.10948885644773, 49.24633749927617], [-123.1094612356013, 49.246319906723514], [-123.1094338113256, 49.24630200928881], [-123.1094065869858, 49.246283809168226], [-123.10937956592255, 49.24626530859505], [-123.10935275145155, 49.246246509839466], [-123.10932614686315, 49.24622741520822], [-123.10929975542193, 49.246208027044375], [-123.10927358036635, 49.24618834772701], [-123.10924762490828, 49.24616837967095], [-123.10922189223267, 49.246148125326414], [-123.10919638549711, 49.246127587178776], [-123.1091711078315, 49.24610676774824], [-123.1091460623376, 49.246085669589505]], "type": "LineString"}, "properties": {"wireset_type": "3-10", "geo_point_2d": {"lon": -123.10958066997452, "lat": 49.24637505407788}}}, {"type": "Feature", "geometry": {"coordinates": [[-123.1096240041054, 49.247620550310515], [-123.10983368038178, 49.24768297596321], [-123.1098356602337, 49.24773929322231]], "type": "LineString"}, "properties": {"wireset_type": "1-10G", "geo_point_2d": {"lon": -123.10975051840215, "lat": 49.24766392385342}}}, {"type": "Feature", "geometry": {"coordinates": [[-123.1096240041054, 49.247620550310515], [-123.10983368038178, 49.24768297596321], [-123.1098356602337, 49.24773929322231]], "type": "LineString"}, "properties": {"wireset_type": "3-8", "geo_point_2d": {"lon": -123.10975051840215, "lat": 49.24766392385342}}}, {"type": "Feature", "geometry": {"coordinates": [[-123.11026133748976, 49.247679986972436], [-123.10968206439134, 49.247537325296406]], "type": "LineString"}, "properties": {"wireset_type": "2-10", "geo_point_2d": {"lon": -123.10997170094055, "lat": 49.24760865613442}}}, {"type": "Feature", "geometry": {"coordinates": [[-123.11142296844577, 49.246999192781054], [-123.11212233074096, 49.24701549916506]], "type": "LineString"}, "properties": {"wireset_type": "3-10", "geo_point_2d": {"lon": -123.11177264959336, "lat": 49.24700734597306}}}, {"type": "Feature", "geometry": {"coordinates": [[-123.1161969543507, 49.25607624027564], [-123.11614055058526, 49.256097786564546], [-123.11613674135151, 49.25609908572667], [-123.11613315928592, 49.2561009206354], [-123.11612987927353, 49.25610325293098], [-123.11612696988479, 49.256106033855474], [-123.11612449194206, 49.25610920527216], [-123.11612249724809, 49.25611270088082], [-123.11612102750304, 49.256116447603844], [-123.11612011343276, 49.25612036711395], [-123.11610553056552, 49.256476898234176], [-123.11610525274955, 49.25647932528589], [-123.11610467121211, 49.25648169795862], [-123.11610379523049, 49.2564839784011], [-123.11610263877922, 49.256486130233384], [-123.11607372615428, 49.256533824941776]], "type": "LineString"}, "properties": {"wireset_type": "2-12", "geo_point_2d": {"lon": -123.11611751001861, "lat": 49.25628820673646}}}, {"type": "Feature", "geometry": {"coordinates": [[-123.11612298113698, 49.25506984859044], [-123.11620157985837, 49.2550727379878], [-123.11620483659958, 49.2550724661499], [-123.1162081045104, 49.25507249805425], [-123.11621135532349, 49.25507283342486], [-123.1162145609193, 49.25507346936081], [-123.11621769356951, 49.25507440036124], [-123.1162207261767, 49.25507561837301], [-123.11622363250889, 49.255077112860334], [-123.11622638742631, 49.25507887089592], [-123.11622896709896, 49.25508087727278], [-123.11623134921273, 49.255083114635774], [-123.11623351316233, 49.25508556363174], [-123.11623544022963, 49.25508820307689], [-123.11623711374553, 49.255091010140056], [-123.11623851923414, 49.25509396054018], [-123.11623964453798, 49.25509702875633], [-123.11624047992322, 49.25510018824848], [-123.11623840853711, 49.255171990175995]], "type": "LineString"}, "properties": {"wireset_type": "2-12", "geo_point_2d": {"lon": -123.11620567424414, "lat": 49.255096870909455}}}, {"type": "Feature", "geometry": {"coordinates": [[-123.11623840853711, 49.255171990175995], [-123.11593180779923, 49.25516752177365], [-123.11553413121368, 49.25505457136671], [-123.1155297871846, 49.25505316860237], [-123.11552561444121, 49.25505131750835], [-123.1155216591073, 49.255049038545856], [-123.11551796490346, 49.2550463569056], [-123.11539600177005, 49.25501657867532]], "type": "LineString"}, "properties": {"wireset_type": "2-12", "geo_point_2d": {"lon": -123.11581347620788, "lat": 49.25511905147984}}}, {"type": "Feature", "geometry": {"coordinates": [[-123.11526196482865, 49.25625215181145], [-123.11526810642575, 49.256021418340744]], "type": "LineString"}, "properties": {"wireset_type": "3-8", "geo_point_2d": {"lon": -123.1152650356272, "lat": 49.256136785076094}}}, {"type": "Feature", "geometry": {"coordinates": [[-123.11543413485136, 49.25208103079753], [-123.11544545157071, 49.25185443877749]], "type": "LineString"}, "properties": {"wireset_type": "3-6", "geo_point_2d": {"lon": -123.11543979321104, "lat": 49.25196773478751}}}, {"type": "Feature", "geometry": {"coordinates": [[-123.11544545157071, 49.25185443877749], [-123.11545713910591, 49.25157477454828]], "type": "LineString"}, "properties": {"wireset_type": "3-6", "geo_point_2d": {"lon": -123.11545129533832, "lat": 49.25171460666289}}}, {"type": "Feature", "geometry": {"coordinates": [[-123.11554539550906, 49.251579013019644], [-123.11555596547083, 49.25138598290219]], "type": "LineString"}, "properties": {"wireset_type": "3-8", "geo_point_2d": {"lon": -123.11555068048995, "lat": 49.25148249796092}}}, {"type": "Feature", "geometry": {"coordinates": [[-123.11554539550906, 49.251579013019644], [-123.11555596547083, 49.25138598290219]], "type": "LineString"}, "properties": {"wireset_type": "1-8G", "geo_point_2d": {"lon": -123.11555068048995, "lat": 49.25148249796092}}}, {"type": "Feature", "geometry": {"coordinates": [[-123.11555596547083, 49.25138598290219], [-123.11546979571936, 49.25133949177893]], "type": "LineString"}, "properties": {"wireset_type": null, "geo_point_2d": {"lon": -123.11551288059509, "lat": 49.25136273734056}}}, {"type": "Feature", "geometry": {"coordinates": [[-123.12020003382041, 49.25588535923445], [-123.12021999413608, 49.255910561059785], [-123.1202220179257, 49.25591346513021], [-123.12022349113347, 49.255916683671536], [-123.12022436648823, 49.25592011340965], [-123.12022461590225, 49.25592364429369], [-123.120221274766, 49.256013474023014], [-123.1202220048465, 49.25601773050659], [-123.12022339309848, 49.25602181993521], [-123.12022540520046, 49.25602564120667], [-123.12022799140759, 49.2560290998484], [-123.12023108778156, 49.25603211035304], [-123.1202346177713, 49.25603459829243], [-123.12023849410552, 49.256036502157706], [-123.12024262095032, 49.25603777487997], [-123.12029226114895, 49.256055650677276]], "type": "LineString"}, "properties": {"wireset_type": "2-12", "geo_point_2d": {"lon": -123.120232587891, "lat": 49.25598274812459}}}, {"type": "Feature", "geometry": {"coordinates": [[-123.11957430270564, 49.25604678906772], [-123.11892289161918, 49.25604034619318]], "type": "LineString"}, "properties": {"wireset_type": "3-10", "geo_point_2d": {"lon": -123.11924859716241, "lat": 49.25604356763045}}}, {"type": "Feature", "geometry": {"coordinates": [[-123.11900567795152, 49.2551320406626], [-123.11900390625654, 49.25522965861216]], "type": "LineString"}, "properties": {"wireset_type": null, "geo_point_2d": {"lon": -123.11900479210402, "lat": 49.255180849637384}}}, {"type": "Feature", "geometry": {"coordinates": [[-123.12001607321399, 49.25524330081993], [-123.11960131111245, 49.25523523943496]], "type": "LineString"}, "properties": {"wireset_type": "4-12", "geo_point_2d": {"lon": -123.11980869216322, "lat": 49.25523927012745}}}, {"type": "Feature", "geometry": {"coordinates": [[-123.11900390625654, 49.25522965861216], [-123.11839726046406, 49.255215718616256]], "type": "LineString"}, "properties": {"wireset_type": "3-12", "geo_point_2d": {"lon": -123.1187005833603, "lat": 49.25522268861421}}}, {"type": "Feature", "geometry": {"coordinates": [[-123.11839726046406, 49.255215718616256], [-123.11759364048936, 49.25519334067518]], "type": "LineString"}, "properties": {"wireset_type": "3-12", "geo_point_2d": {"lon": -123.11799545047673, "lat": 49.25520452964572}}}, {"type": "Feature", "geometry": {"coordinates": [[-123.11759364048936, 49.25519334067518], [-123.11684308577567, 49.25517915210729]], "type": "LineString"}, "properties": {"wireset_type": "3-12", "geo_point_2d": {"lon": -123.11721836313251, "lat": 49.25518624639123}}}, {"type": "Feature", "geometry": {"coordinates": [[-123.11531054836168, 49.25486729836688], [-123.11532745595422, 49.254603874455874]], "type": "LineString"}, "properties": {"wireset_type": "1-8G", "geo_point_2d": {"lon": -123.11531900215795, "lat": 49.25473558641138}}}, {"type": "Feature", "geometry": {"coordinates": [[-123.11504761362264, 49.25476449325871], [-123.11504274126538, 49.254548333969524]], "type": "LineString"}, "properties": {"wireset_type": "3-6", "geo_point_2d": {"lon": -123.11504517744402, "lat": 49.254656413614114}}}, {"type": "Feature", "geometry": {"coordinates": [[-123.11504274126538, 49.254548333969524], [-123.1150618226704, 49.254326834643294]], "type": "LineString"}, "properties": {"wireset_type": "3-6", "geo_point_2d": {"lon": -123.11505228196789, "lat": 49.25443758430641}}}, {"type": "Feature", "geometry": {"coordinates": [[-123.11556196510514, 49.25113646733039], [-123.11557302000348, 49.25079805586356]], "type": "LineString"}, "properties": {"wireset_type": "3-8", "geo_point_2d": {"lon": -123.11556749255432, "lat": 49.25096726159698}}}, {"type": "Feature", "geometry": {"coordinates": [[-123.11557302000348, 49.25079805586356], [-123.11558813910653, 49.250481912491544]], "type": "LineString"}, "properties": {"wireset_type": "1-8G", "geo_point_2d": {"lon": -123.115580579555, "lat": 49.25063998417755}}}, {"type": "Feature", "geometry": {"coordinates": [[-123.11489143415767, 49.25579485316026], [-123.11489246083073, 49.25589970040624], [-123.11432818222694, 49.2558884314519]], "type": "LineString"}, "properties": {"wireset_type": "2-8", "geo_point_2d": {"lon": -123.11465444467292, "lat": 49.25588673534001}}}, {"type": "Feature", "geometry": {"coordinates": [[-123.11439889157081, 49.25481398146687], [-123.11439958150507, 49.25490440073545]], "type": "LineString"}, "properties": {"wireset_type": "2-10", "geo_point_2d": {"lon": -123.11439923653793, "lat": 49.25485919110116}}}, {"type": "Feature", "geometry": {"coordinates": [[-123.11239248675714, 49.25477537327772], [-123.11239226091944, 49.254869589431635]], "type": "LineString"}, "properties": {"wireset_type": "2-10", "geo_point_2d": {"lon": -123.11239237383828, "lat": 49.25482248135468}}}, {"type": "Feature", "geometry": {"coordinates": [[-123.11495908899684, 49.254836543136975], [-123.11439889157081, 49.25481398146687]], "type": "LineString"}, "properties": {"wireset_type": "2-8", "geo_point_2d": {"lon": -123.11467899028383, "lat": 49.25482526230192}}}, {"type": "Feature", "geometry": {"coordinates": [[-123.11439889157081, 49.25481398146687], [-123.1138285646689, 49.254802500176794]], "type": "LineString"}, "properties": {"wireset_type": "2-8", "geo_point_2d": {"lon": -123.11411372811986, "lat": 49.25480824082183}}}, {"type": "Feature", "geometry": {"coordinates": [[-123.11439889157081, 49.25481398146687], [-123.1138285646689, 49.254802500176794]], "type": "LineString"}, "properties": {"wireset_type": "1-10G", "geo_point_2d": {"lon": -123.11411372811986, "lat": 49.25480824082183}}}, {"type": "Feature", "geometry": {"coordinates": [[-123.11293989739966, 49.25107314328603], [-123.1129393747832, 49.25115727614401]], "type": "LineString"}, "properties": {"wireset_type": "2-10", "geo_point_2d": {"lon": -123.11293963609143, "lat": 49.251115209715024}}}, {"type": "Feature", "geometry": {"coordinates": [[-123.10867710763695, 49.24994684661066], [-123.10811868905843, 49.24992567405698]], "type": "LineString"}, "properties": {"wireset_type": "1-10G", "geo_point_2d": {"lon": -123.10839789834768, "lat": 49.249936260333826}}}, {"type": "Feature", "geometry": {"coordinates": [[-123.1075967040847, 49.24992000863196], [-123.10720629453262, 49.24991120542904]], "type": "LineString"}, "properties": {"wireset_type": "1-10G", "geo_point_2d": {"lon": -123.10740149930865, "lat": 49.249915607030495}}}, {"type": "Feature", "geometry": {"coordinates": [[-123.11044021807976, 49.24949587202428], [-123.11039512382949, 49.249503264223776], [-123.11010658622634, 49.24949865516296], [-123.11009461037894, 49.24993393665777], [-123.11009360434751, 49.249937067402776], [-123.11009231998749, 49.2499400946264], [-123.1100907677726, 49.249942993642186], [-123.11008896036088, 49.249945740809174], [-123.11008691249145, 49.2499483137247], [-123.11008464086432, 49.24995069140712], [-123.11008216400418, 49.24995285446685], [-123.11007950210939, 49.249954785264535], [-123.11007667688722, 49.249956468054854], [-123.11007371137686, 49.24995788911497], [-123.11007062976151, 49.24995903685638], [-123.11006745717118, 49.24995990191947], [-123.11006421947778, 49.2499604772498], [-123.11006094308411, 49.24996075815566], [-123.11005765470858, 49.2499607423463], [-123.1100543811673, 49.24996042995066], [-123.10980023951016, 49.24996439578699]], "type": "LineString"}, "properties": {"wireset_type": "3-2", "geo_point_2d": {"lon": -123.1101123067618, "lat": 49.249719011538126}}}, {"type": "Feature", "geometry": {"coordinates": [[-123.11044021807976, 49.24949587202428], [-123.11042195367071, 49.24948219874488], [-123.1101345155216, 49.249477624683905], [-123.1101482754349, 49.24899831879876], [-123.11021723047604, 49.24900051083871]], "type": "LineString"}, "properties": {"wireset_type": "3-4", "geo_point_2d": {"lon": -123.11019822057438, "lat": 49.249306465988845}}}, {"type": "Feature", "geometry": {"coordinates": [[-123.11251406706506, 49.25195929161128], [-123.11188894819065, 49.25194905945614]], "type": "LineString"}, "properties": {"wireset_type": "3-6", "geo_point_2d": {"lon": -123.11220150762786, "lat": 49.25195417553371}}}, {"type": "Feature", "geometry": {"coordinates": [[-123.11031347948476, 49.25151506168309], [-123.11029705926178, 49.25152766168015], [-123.1100305220055, 49.25152861745752], [-123.11001779182, 49.25191558615855], [-123.11009662694687, 49.25191596981665]], "type": "LineString"}, "properties": {"wireset_type": null, "geo_point_2d": {"lon": -123.11008475011579, "lat": 49.251668222476546}}}, {"type": "Feature", "geometry": {"coordinates": [[-123.11251441918999, 49.25205981290105], [-123.11257582254099, 49.25207484707239], [-123.11257910275295, 49.25207531589059], [-123.11258233319862, 49.25207605331979], [-123.11258549192054, 49.25207705434766], [-123.1125885574488, 49.252078312170184], [-123.1125915089469, 49.25207981823791], [-123.11259432635343, 49.25208156231404], [-123.11259699051836, 49.252083532544034], [-123.1125994833333, 49.25208571553618], [-123.1126017878545, 49.25208809645262], [-123.11260388841805, 49.25209065911017], [-123.11260577074638, 49.25209338609039], [-123.11260742204523, 49.2520962588579], [-123.11260883109065, 49.2520992578864], [-123.11260998830537, 49.25210236279142], [-123.1126108858237, 49.25210555246881], [-123.11261151754522, 49.25210880523824], [-123.1126154074299, 49.25226633480683]], "type": "LineString"}, "properties": {"wireset_type": "2-12", "geo_point_2d": {"lon": -123.11259459363244, "lat": 49.25214049082179}}}, {"type": "Feature", "geometry": {"coordinates": [[-123.10758874775635, 49.250963174484234], [-123.107587194888, 49.25107061490654]], "type": "LineString"}, "properties": {"wireset_type": "2-10", "geo_point_2d": {"lon": -123.10758797132218, "lat": 49.25101689469539}}}, {"type": "Feature", "geometry": {"coordinates": [[-123.11072215253445, 49.25111918667081], [-123.1101383354959, 49.251108365741835]], "type": "LineString"}, "properties": {"wireset_type": "3-4", "geo_point_2d": {"lon": -123.11043024401518, "lat": 49.251113776206324}}}, {"type": "Feature", "geometry": {"coordinates": [[-123.11201088668695, 49.2511401446296], [-123.11135047259914, 49.251133964641774]], "type": "LineString"}, "properties": {"wireset_type": "3-6", "geo_point_2d": {"lon": -123.11168067964304, "lat": 49.25113705463569}}}, {"type": "Feature", "geometry": {"coordinates": [[-123.11341156282676, 49.251169433893125], [-123.1129393747832, 49.25115727614401]], "type": "LineString"}, "properties": {"wireset_type": "3-6", "geo_point_2d": {"lon": -123.11317546880497, "lat": 49.25116335501857}}}, {"type": "Feature", "geometry": {"coordinates": [[-123.10667014959027, 49.25094815868844], [-123.10667036496808, 49.25103536720312]], "type": "LineString"}, "properties": {"wireset_type": "2-10", "geo_point_2d": {"lon": -123.10667025727918, "lat": 49.25099176294578}}}, {"type": "Feature", "geometry": {"coordinates": [[-123.11620701890648, 49.25245474516613], [-123.11614600745578, 49.252455139340256], [-123.11614270922817, 49.252454797196044], [-123.11613939358661, 49.25245475373252], [-123.11613608752376, 49.25245500930352], [-123.11613281795432, 49.252455561828434], [-123.1161296114959, 49.252456406809145], [-123.11612649425228, 49.25245753736667], [-123.116123491601, 49.252458944297125], [-123.11612062798665, 49.25246061614667], [-123.11611792672194, 49.25246253930477], [-123.11611540979791, 49.25246469811498], [-123.11611309770485, 49.252467075002386], [-123.11611100926555, 49.25246965061674], [-123.11610916148199, 49.25247240398994], [-123.116107569397, 49.25247531270675], [-123.11610624597176, 49.25247835308727], [-123.1161052019803, 49.25248150037974], [-123.11609902927432, 49.25265611286989], [-123.11609860284429, 49.25265942392897], [-123.11609757413784, 49.25266259988832], [-123.11608233794155, 49.25269913580531]], "type": "LineString"}, "properties": {"wireset_type": "2-12", "geo_point_2d": {"lon": -123.11611735446067, "lat": 49.25254640195043}}}, {"type": "Feature", "geometry": {"coordinates": [[-123.11918386699219, 49.25241221459241], [-123.11918337312382, 49.252503885429775], [-123.11918401064125, 49.252505869191545], [-123.11918499378035, 49.25250770635696], [-123.1191862906257, 49.25250933728656], [-123.11918785907815, 49.252510709035874], [-123.11918964822138, 49.25251177707413], [-123.11919159997488, 49.25251250672988], [-123.11919365097935, 49.25251287431647], [-123.11919573465353, 49.25251286790103], [-123.11929379626747, 49.2525193871745]], "type": "LineString"}, "properties": {"wireset_type": "3-12", "geo_point_2d": {"lon": -123.11921309343225, "lat": 49.25248985708868}}}, {"type": "Feature", "geometry": {"coordinates": [[-123.1064274424552, 49.245393998819885], [-123.10566328752222, 49.24474295049414]], "type": "LineString"}, "properties": {"wireset_type": null, "geo_point_2d": {"lon": -123.10604536498872, "lat": 49.24506847465702}}}, {"type": "Feature", "geometry": {"coordinates": [[-123.10896752086337, 49.24593885600985], [-123.10860628128835, 49.24611657317675]], "type": "LineString"}, "properties": {"wireset_type": "2-10", "geo_point_2d": {"lon": -123.10878690107586, "lat": 49.24602771459329}}}, {"type": "Feature", "geometry": {"coordinates": [[-123.11311887710845, 49.24602166987871], [-123.11311993924545, 49.246095672626716]], "type": "LineString"}, "properties": {"wireset_type": null, "geo_point_2d": {"lon": -123.11311940817694, "lat": 49.24605867125271}}}, {"type": "Feature", "geometry": {"coordinates": [[-123.12751586095175, 49.24621465509964], [-123.12751653154807, 49.24621766744122], [-123.12751648168707, 49.24622075312026], [-123.12751571411437, 49.246223742222696], [-123.12751427109663, 49.24622647015251], [-123.12751223209416, 49.246228786695234], [-123.1275097093854, 49.24623056428959], [-123.12750684188421, 49.24623170505169], [-123.12750378749061, 49.24623214616505], [-123.12744177656958, 49.246230901282125], [-123.12744400905554, 49.24637762008199], [-123.12744372370058, 49.24638418464217], [-123.12744389171849, 49.24639075325296], [-123.12748548560495, 49.2463920656426], [-123.12748858447445, 49.24639194222608], [-123.12749168392834, 49.24639204997305], [-123.12749476674668, 49.246392388284896], [-123.12749781580196, 49.246392955282026], [-123.12750081415425, 49.24639374781431], [-123.12750374514529, 49.24639476147861], [-123.1275065924911, 49.24639599064321], [-123.12750934037243, 49.24639742847912], [-123.12751197352257, 49.24639906699801], [-123.12751447731229, 49.246400897096606], [-123.12751683783104, 49.24640290860725], [-123.12751904196425, 49.2464050903544], [-123.1275210774662, 49.2464074302167], [-123.12752293302808, 49.24640991519436], [-123.12752459834073, 49.24641253148135], [-123.12752606415202, 49.2464152645421]], "type": "LineString"}, "properties": {"wireset_type": "3-8", "geo_point_2d": {"lon": -123.12746578574274, "lat": 49.24631298286341}}}, {"type": "Feature", "geometry": {"coordinates": [[-123.12785052750895, 49.2463129089746], [-123.12781547590585, 49.24631239904964]], "type": "LineString"}, "properties": {"wireset_type": "2-8", "geo_point_2d": {"lon": -123.1278330017074, "lat": 49.24631265401212}}}, {"type": "Feature", "geometry": {"coordinates": [[-123.12225087210399, 49.25391832745322], [-123.12224247665567, 49.25425258078113], [-123.1222433043004, 49.2542569324255], [-123.12224480690993, 49.25426109943511], [-123.12224694698624, 49.2542649778211], [-123.12224967112313, 49.2542684707973], [-123.12225291133903, 49.254271491195524], [-123.12225658677347, 49.25427396364091], [-123.12226060570498, 49.25427582643292], [-123.12226486784003, 49.25427703308505], [-123.12231695216548, 49.25429453662704]], "type": "LineString"}, "properties": {"wireset_type": "3-10", "geo_point_2d": {"lon": -123.122252763083, "lat": 49.25412653300677}}}, {"type": "Feature", "geometry": {"coordinates": [[-123.11427896527378, 49.24603981395713], [-123.11372189927756, 49.246033068513825]], "type": "LineString"}, "properties": {"wireset_type": "3-10", "geo_point_2d": {"lon": -123.11400043227567, "lat": 49.246036441235475}}}, {"type": "Feature", "geometry": {"coordinates": [[-123.11372189927756, 49.246033068513825], [-123.11311887710845, 49.24602166987871]], "type": "LineString"}, "properties": {"wireset_type": "3-10", "geo_point_2d": {"lon": -123.11342038819302, "lat": 49.24602736919627}}}, {"type": "Feature", "geometry": {"coordinates": [[-123.11487045185208, 49.24507029666958], [-123.11485824547643, 49.245073753980854], [-123.11485694378125, 49.245074172970895], [-123.1148557887794, 49.24507490504583], [-123.11485485430664, 49.24507590340633], [-123.11485420010102, 49.24507710423021], [-123.11485278348685, 49.245082403832164], [-123.1148514118874, 49.24508424264357], [-123.11484952533631, 49.24508554780158], [-123.11484732098842, 49.245086182910086], [-123.11484502921006, 49.245086081596796], [-123.11483695119098, 49.24508546828862], [-123.11482885570891, 49.24508516216891], [-123.11457047302571, 49.24508008452158], [-123.11456012539621, 49.2450801195724], [-123.11454979155991, 49.24508065482203], [-123.11453949568201, 49.245081689018825], [-123.11452926183892, 49.24508321974436], [-123.11451515710397, 49.245085689425395]], "type": "LineString"}, "properties": {"wireset_type": "3-8", "geo_point_2d": {"lon": -123.11469592528368, "lat": 49.2450821787523}}}, {"type": "Feature", "geometry": {"coordinates": [[-123.11495908899684, 49.254836543136975], [-123.11501676771572, 49.25471943992647]], "type": "LineString"}, "properties": {"wireset_type": "3-10", "geo_point_2d": {"lon": -123.11498792835627, "lat": 49.254777991531725}}}, {"type": "Feature", "geometry": {"coordinates": [[-123.10841813035636, 49.243393667210476], [-123.10790552043655, 49.24364247865608]], "type": "LineString"}, "properties": {"wireset_type": "3-12", "geo_point_2d": {"lon": -123.10816182539645, "lat": 49.24351807293328}}}, {"type": "Feature", "geometry": {"coordinates": [[-123.10738284390816, 49.24625890599783], [-123.10708432482964, 49.24597562633779]], "type": "LineString"}, "properties": {"wireset_type": null, "geo_point_2d": {"lon": -123.1072335843689, "lat": 49.24611726616781}}}, {"type": "Feature", "geometry": {"coordinates": [[-123.10646757225688, 49.245980298184456], [-123.10652003403784, 49.24607134455559]], "type": "LineString"}, "properties": {"wireset_type": null, "geo_point_2d": {"lon": -123.10649380314736, "lat": 49.246025821370026}}}, {"type": "Feature", "geometry": {"coordinates": [[-123.10708432482964, 49.24597562633779], [-123.1064274424552, 49.245393998819885]], "type": "LineString"}, "properties": {"wireset_type": null, "geo_point_2d": {"lon": -123.10675588364242, "lat": 49.24568481257884}}}, {"type": "Feature", "geometry": {"coordinates": [[-123.11549923988045, 49.25047812445649], [-123.11551440355476, 49.25019859160762]], "type": "LineString"}, "properties": {"wireset_type": "1-8G", "geo_point_2d": {"lon": -123.1155068217176, "lat": 49.25033835803205}}}, {"type": "Feature", "geometry": {"coordinates": [[-123.11551440355476, 49.25019859160762], [-123.11552805375409, 49.2501302771969]], "type": "LineString"}, "properties": {"wireset_type": null, "geo_point_2d": {"lon": -123.11552122865442, "lat": 49.250164434402265}}}, {"type": "Feature", "geometry": {"coordinates": [[-123.11521394767169, 49.25111496550718], [-123.11521778015283, 49.25106717004967]], "type": "LineString"}, "properties": {"wireset_type": null, "geo_point_2d": {"lon": -123.11521586391225, "lat": 49.251091067778425}}}, {"type": "Feature", "geometry": {"coordinates": [[-123.11513085862316, 49.25106337975899], [-123.11514398770915, 49.250764761144694]], "type": "LineString"}, "properties": {"wireset_type": "2-8", "geo_point_2d": {"lon": -123.11513742316615, "lat": 49.25091407045184}}}, {"type": "Feature", "geometry": {"coordinates": [[-123.11513085862316, 49.25106337975899], [-123.11514398770915, 49.250764761144694]], "type": "LineString"}, "properties": {"wireset_type": "1-8G", "geo_point_2d": {"lon": -123.11513742316615, "lat": 49.25091407045184}}}, {"type": "Feature", "geometry": {"coordinates": [[-123.11522301061915, 49.25076984562068], [-123.11523423303424, 49.25049654145081]], "type": "LineString"}, "properties": {"wireset_type": "3-6", "geo_point_2d": {"lon": -123.11522862182672, "lat": 49.25063319353575}}}, {"type": "Feature", "geometry": {"coordinates": [[-123.11515916921331, 49.25049790261382], [-123.11516240496255, 49.25020537460263]], "type": "LineString"}, "properties": {"wireset_type": "2-8", "geo_point_2d": {"lon": -123.11516078708792, "lat": 49.25035163860822}}}, {"type": "Feature", "geometry": {"coordinates": [[-123.11154330838197, 49.24504952166166], [-123.11131242253907, 49.24494215234115]], "type": "LineString"}, "properties": {"wireset_type": null, "geo_point_2d": {"lon": -123.1114278654605, "lat": 49.24499583700141}}}, {"type": "Feature", "geometry": {"coordinates": [[-123.11468504554924, 49.24527542830859], [-123.11363596330551, 49.2452573950622]], "type": "LineString"}, "properties": {"wireset_type": null, "geo_point_2d": {"lon": -123.11416050442736, "lat": 49.24526641168539}}}, {"type": "Feature", "geometry": {"coordinates": [[-123.11266443125294, 49.24524092281654], [-123.1121599861673, 49.245199136046345], [-123.11213773362377, 49.24519707414599], [-123.11211553342336, 49.245194509340294], [-123.11209339693022, 49.24519144294218], [-123.11207133547585, 49.24518787652131], [-123.1120493603534, 49.245183811903296], [-123.11202748281177, 49.245179251168814], [-123.11200571404996, 49.24517419665247], [-123.11198406521125, 49.24516865094163], [-123.11154330838197, 49.24504952166166]], "type": "LineString"}, "properties": {"wireset_type": null, "geo_point_2d": {"lon": -123.11209947259337, "lat": 49.245170405772264}}}, {"type": "Feature", "geometry": {"coordinates": [[-123.1111283745311, 49.2448589077112], [-123.110831213607, 49.2446419042572]], "type": "LineString"}, "properties": {"wireset_type": "1-8G", "geo_point_2d": {"lon": -123.11097979406904, "lat": 49.2447504059842}}}, {"type": "Feature", "geometry": {"coordinates": [[-123.11315183921758, 49.24510791966824], [-123.11310446107194, 49.245081933850884], [-123.11310144630555, 49.24508047700775], [-123.11309834930807, 49.24507920428824], [-123.11309518131243, 49.24507812030857], [-123.11309195380906, 49.24507722900036], [-123.11308867850423, 49.24507653359642], [-123.1130853672776, 49.245076036619004], [-123.11308203213912, 49.24507573987068], [-123.11307868518543, 49.24507564442775], [-123.11265632300913, 49.245070974750845]], "type": "LineString"}, "properties": {"wireset_type": "3-8", "geo_point_2d": {"lon": -123.11290743392883, "lat": 49.245075868149165}}}, {"type": "Feature", "geometry": {"coordinates": [[-123.11379896484935, 49.255777242306785], [-123.1137982086364, 49.25587870012094]], "type": "LineString"}, "properties": {"wireset_type": null, "geo_point_2d": {"lon": -123.11379858674287, "lat": 49.25582797121386}}}, {"type": "Feature", "geometry": {"coordinates": [[-123.1126954508018, 49.25575508931175], [-123.11269336764678, 49.25585417367517]], "type": "LineString"}, "properties": {"wireset_type": null, "geo_point_2d": {"lon": -123.11269440922429, "lat": 49.25580463149346}}}, {"type": "Feature", "geometry": {"coordinates": [[-123.1132404485623, 49.25586321866651], [-123.11269336764678, 49.25585417367517]], "type": "LineString"}, "properties": {"wireset_type": "3-6", "geo_point_2d": {"lon": -123.11296690810454, "lat": 49.25585869617084}}}, {"type": "Feature", "geometry": {"coordinates": [[-123.11239248675714, 49.25477537327772], [-123.111803796866, 49.254761956887215]], "type": "LineString"}, "properties": {"wireset_type": "1-10G", "geo_point_2d": {"lon": -123.11209814181156, "lat": 49.254768665082466}}}, {"type": "Feature", "geometry": {"coordinates": [[-123.11118357046443, 49.25475529627479], [-123.1105858645633, 49.25474110876575]], "type": "LineString"}, "properties": {"wireset_type": "3-4", "geo_point_2d": {"lon": -123.11088471751388, "lat": 49.25474820252027}}}, {"type": "Feature", "geometry": {"coordinates": [[-123.11118357046443, 49.25475529627479], [-123.1105858645633, 49.25474110876575]], "type": "LineString"}, "properties": {"wireset_type": "1-10G", "geo_point_2d": {"lon": -123.11088471751388, "lat": 49.25474820252027}}}, {"type": "Feature", "geometry": {"coordinates": [[-123.10998243919707, 49.25472553834544], [-123.10987575515276, 49.254723876789704]], "type": "LineString"}, "properties": {"wireset_type": "1-10G", "geo_point_2d": {"lon": -123.10992909717491, "lat": 49.254724707567576}}}, {"type": "Feature", "geometry": {"coordinates": [[-123.10972304702064, 49.2547214852645], [-123.10961661116657, 49.254713985335975]], "type": "LineString"}, "properties": {"wireset_type": "1-10G", "geo_point_2d": {"lon": -123.1096698290936, "lat": 49.25471773530023}}}, {"type": "Feature", "geometry": {"coordinates": [[-123.10961661116657, 49.254713985335975], [-123.10906446291382, 49.25470046634108]], "type": "LineString"}, "properties": {"wireset_type": "3-4", "geo_point_2d": {"lon": -123.1093405370402, "lat": 49.25470722583853}}}, {"type": "Feature", "geometry": {"coordinates": [[-123.10991544224463, 49.25391918057014], [-123.10987708888253, 49.25432178017635]], "type": "LineString"}, "properties": {"wireset_type": "6-10", "geo_point_2d": {"lon": -123.10989626556358, "lat": 49.254120480373246}}}, {"type": "Feature", "geometry": {"coordinates": [[-123.11443188620797, 49.25399939557321], [-123.11329490229134, 49.253980474755906]], "type": "LineString"}, "properties": {"wireset_type": "2-8", "geo_point_2d": {"lon": -123.11386339424965, "lat": 49.253989935164554}}}, {"type": "Feature", "geometry": {"coordinates": [[-123.10991544224463, 49.25391918057014], [-123.10972874799897, 49.25392082425433]], "type": "LineString"}, "properties": {"wireset_type": null, "geo_point_2d": {"lon": -123.10982209512179, "lat": 49.25392000241224}}}, {"type": "Feature", "geometry": {"coordinates": [[-123.10798468298495, 49.25387951532928], [-123.10734931560303, 49.25386871947915], [-123.10734699061884, 49.25386837593854], [-123.10734464316135, 49.25386826185533], [-123.10734229582117, 49.253868378327404], [-123.1073399711878, 49.25386872423389], [-123.10733769163218, 49.25386929624599], [-123.10733547909149, 49.253870088858974], [-123.10733335485799, 49.25387109444518], [-123.10733133937407, 49.25387230332741], [-123.10732945203564, 49.25387370387207], [-123.10732771100541, 49.253875282601086], [-123.10732613303803, 49.253877024321675], [-123.107324733319, 49.25387891227249], [-123.10732352531842, 49.25388092828495], [-123.10732252066141, 49.25388305295809], [-123.10732172901623, 49.25388526584524], [-123.10732115800123, 49.25388754565083], [-123.10732284438001, 49.2539111115639], [-123.10717374051706, 49.25390929801066], [-123.10717364766444, 49.25386640888198], [-123.10705763190099, 49.25386340409706]], "type": "LineString"}, "properties": {"wireset_type": "3-8", "geo_point_2d": {"lon": -123.10749949104058, "lat": 49.2538795952932}}}, {"type": "Feature", "geometry": {"coordinates": [[-123.1100165394699, 49.25432012727837], [-123.10987708888253, 49.25432178017635]], "type": "LineString"}, "properties": {"wireset_type": null, "geo_point_2d": {"lon": -123.10994681417623, "lat": 49.25432095372736}}}, {"type": "Feature", "geometry": {"coordinates": [[-123.1100165394699, 49.25432012727837], [-123.11000216630235, 49.25433295015834], [-123.10991519191273, 49.254332511212105], [-123.10987708888253, 49.25432178017635]], "type": "LineString"}, "properties": {"wireset_type": null, "geo_point_2d": {"lon": -123.1099483957234, "lat": 49.25433039667317}}}, {"type": "Feature", "geometry": {"coordinates": [[-123.1100165394699, 49.25432012727837], [-123.1100036868883, 49.25430606199597], [-123.10991433403967, 49.254305112586074], [-123.10987708888253, 49.25432178017635]], "type": "LineString"}, "properties": {"wireset_type": null, "geo_point_2d": {"lon": -123.10994822592468, "lat": 49.25430869504264}}}, {"type": "Feature", "geometry": {"coordinates": [[-123.10997830097209, 49.25482368013449], [-123.10989743612333, 49.25482723823173], [-123.10989425486345, 49.254827024009685], [-123.10989106720069, 49.2548270955052], [-123.10988789874455, 49.254827452143886], [-123.10988477495022, 49.254828091060524], [-123.10988172091409, 49.2548290071221], [-123.10987876117211, 49.25483019296902], [-123.10987591950268, 49.25483163907426], [-123.10987321873561, 49.254833333819896], [-123.10987068056872, 49.25483526359043], [-123.10986832539349, 49.2548374128822], [-123.10986617213126, 49.25483976442793], [-123.10986423808123, 49.25484229933541], [-123.10986253878144, 49.25484499723936], [-123.10986108788396, 49.254847836464954], [-123.10985989704523, 49.254850794202035], [-123.10985897583237, 49.25485384668829], [-123.10985262269281, 49.25520490916285]], "type": "LineString"}, "properties": {"wireset_type": "2-12", "geo_point_2d": {"lon": -123.10987157004995, "lat": 49.2549747668284}}}, {"type": "Feature", "geometry": {"coordinates": [[-123.1118167916463, 49.25385311218034], [-123.11060176628781, 49.253831721701985]], "type": "LineString"}, "properties": {"wireset_type": "3-6", "geo_point_2d": {"lon": -123.11120927896707, "lat": 49.25384241694116}}}, {"type": "Feature", "geometry": {"coordinates": [[-123.11060176628781, 49.253831721701985], [-123.10997368620316, 49.25382275034251], [-123.10993871072894, 49.25381551549029], [-123.10991492316921, 49.25379061236452]], "type": "LineString"}, "properties": {"wireset_type": "3-6", "geo_point_2d": {"lon": -123.11025297032421, "lat": 49.25382562945779}}}, {"type": "Feature", "geometry": {"coordinates": [[-123.10996133908223, 49.25245859162365], [-123.10981911214729, 49.2524576294858]], "type": "LineString"}, "properties": {"wireset_type": null, "geo_point_2d": {"lon": -123.10989022561478, "lat": 49.25245811055473}}}, {"type": "Feature", "geometry": {"coordinates": [[-123.11278020218208, 49.25295706119116], [-123.1127563690361, 49.25296688924675], [-123.11273258122561, 49.252984561087516], [-123.11272945420149, 49.25300533410828], [-123.1125690342218, 49.25300549951775], [-123.1125610466766, 49.252985771781056], [-123.11254036423696, 49.25296709985625], [-123.11247638551029, 49.25296214282504]], "type": "LineString"}, "properties": {"wireset_type": "1-10G", "geo_point_2d": {"lon": -123.11263219842255, "lat": 49.252988700698616}}}, {"type": "Feature", "geometry": {"coordinates": [[-123.11247638551029, 49.25296214282504], [-123.11185379783105, 49.25294655585648]], "type": "LineString"}, "properties": {"wireset_type": "3-6", "geo_point_2d": {"lon": -123.11216509167068, "lat": 49.25295434934076}}}, {"type": "Feature", "geometry": {"coordinates": [[-123.11185379783105, 49.25294655585648], [-123.11119332858395, 49.252938773870085]], "type": "LineString"}, "properties": {"wireset_type": "1-10G", "geo_point_2d": {"lon": -123.11152356320751, "lat": 49.25294266486328}}}, {"type": "Feature", "geometry": {"coordinates": [[-123.11119332858395, 49.252938773870085], [-123.11064089615137, 49.25292470497932]], "type": "LineString"}, "properties": {"wireset_type": "3-4", "geo_point_2d": {"lon": -123.11091711236767, "lat": 49.2529317394247}}}, {"type": "Feature", "geometry": {"coordinates": [[-123.10858382248166, 49.252892132951466], [-123.1080259040666, 49.25288237441993]], "type": "LineString"}, "properties": {"wireset_type": "3-4", "geo_point_2d": {"lon": -123.10830486327413, "lat": 49.2528872536857}}}, {"type": "Feature", "geometry": {"coordinates": [[-123.10742432434508, 49.25377619687533], [-123.1073442875819, 49.25376802264789], [-123.10732540300558, 49.25374752209208], [-123.1073285053868, 49.253726992114686], [-123.10717469771105, 49.25372303307444], [-123.10716534229934, 49.25374972157939], [-123.10713712013023, 49.25376411312234], [-123.10710260014427, 49.25377029785957], [-123.106581363403, 49.25376074121212]], "type": "LineString"}, "properties": {"wireset_type": "3-8", "geo_point_2d": {"lon": -123.10701909850448, "lat": 49.25375713254286}}}, {"type": "Feature", "geometry": {"coordinates": [[-123.12038084289635, 49.24671865801604], [-123.12036251739822, 49.247002755557325], [-123.12036158103086, 49.24700608128114], [-123.12036038134038, 49.24700932133754], [-123.1203589260329, 49.247012454914234], [-123.12035722445651, 49.247015461882896], [-123.12035528754117, 49.247018322928454], [-123.12035312772852, 49.24702101967317], [-123.120350758892, 49.247023534794685], [-123.12034819624765, 49.24702585213728], [-123.12034545625646, 49.24702795681564], [-123.1203425565186, 49.24702983531052], [-123.12033951566032, 49.24703147555552], [-123.12033635321438, 49.24703286701464], [-123.12033308949457, 49.24703400074992], [-123.12032974546516, 49.2470348694789], [-123.12032634260632, 49.247035467621345], [-123.12032290277607, 49.247035791335136], [-123.1202656332886, 49.247046663235594]], "type": "LineString"}, "properties": {"wireset_type": "2-12", "geo_point_2d": {"lon": -123.12035683059642, "lat": 49.24690974109795}}}, {"type": "Feature", "geometry": {"coordinates": [[-123.1224817389292, 49.24703733675425], [-123.12230480007354, 49.24703386314405], [-123.12230355971431, 49.247049030419355], [-123.1223024253598, 49.24705208379314], [-123.12230102932288, 49.247055026739375], [-123.12229938221832, 49.247057836881396], [-123.12229749656984, 49.2470604928523], [-123.12229538671498, 49.24706297445744], [-123.122293068696, 49.24706526282795], [-123.12229056013791, 49.247067340564215], [-123.12228788011456, 49.24706919186819], [-123.12228504900345, 49.2470708026635], [-123.12228208833093, 49.24707216070247], [-123.12227902060845, 49.247073255659274], [-123.1222758691614, 49.247074079208396], [-123.12227265795181, 49.247074625088], [-123.12226941139606, 49.247074889147484], [-123.12226615417933, 49.24707486937909], [-123.12226291106784, 49.24707456593311], [-123.12206868592298, 49.247076174569585]], "type": "LineString"}, "properties": {"wireset_type": "3-6", "geo_point_2d": {"lon": -123.122276716593, "lat": 49.24705710954032}}}, {"type": "Feature", "geometry": {"coordinates": [[-123.12279321324306, 49.247087901145356], [-123.12252185045755, 49.2470835387132], [-123.12251854407683, 49.247083872092816], [-123.12251522104039, 49.247083899004714], [-123.1225119096939, 49.24708361921934], [-123.12250863828332, 49.24708303512326], [-123.12250543471394, 49.247082151698855], [-123.12250232631239, 49.24708097648178], [-123.12249933959347, 49.2470795194967], [-123.12249650003406, 49.24707779317177], [-123.12249383185575, 49.24707581223262], [-123.12249135781823, 49.24707359357677], [-123.12248909902517, 49.24707115612948], [-123.12248707474419, 49.247068520682284], [-123.12248530224251, 49.247065709715685], [-123.12248379663966, 49.24706274720738], [-123.12248257077852, 49.24705965842771], [-123.12248163511572, 49.24705646972412], [-123.1224817389292, 49.24703733675425]], "type": "LineString"}, "properties": {"wireset_type": "3-4", "geo_point_2d": {"lon": -123.1226231087766, "lat": 49.247081920708}}}, {"type": "Feature", "geometry": {"coordinates": [[-123.12265629516307, 49.24668909002027], [-123.12263986162048, 49.246699946722266], [-123.12251240387162, 49.24669745534524], [-123.12250977451086, 49.24671763444149], [-123.12249810186566, 49.24673684264625]], "type": "LineString"}, "properties": {"wireset_type": null, "geo_point_2d": {"lon": -123.12256808408753, "lat": 49.24670259051966}}}, {"type": "Feature", "geometry": {"coordinates": [[-123.11389836248077, 49.256827749812885], [-123.1138298378395, 49.25682629715395]], "type": "LineString"}, "properties": {"wireset_type": null, "geo_point_2d": {"lon": -123.11386410016013, "lat": 49.25682702348342}}}, {"type": "Feature", "geometry": {"coordinates": [[-123.1138298378395, 49.25682629715395], [-123.11383439880642, 49.25693315583638]], "type": "LineString"}, "properties": {"wireset_type": "3-10", "geo_point_2d": {"lon": -123.11383211832296, "lat": 49.256879726495164}}}, {"type": "Feature", "geometry": {"coordinates": [[-123.11555596547083, 49.25138598290219], [-123.11546979571936, 49.25133949177893]], "type": "LineString"}, "properties": {"wireset_type": null, "geo_point_2d": {"lon": -123.11551288059509, "lat": 49.25136273734056}}}, {"type": "Feature", "geometry": {"coordinates": [[-123.11516739364086, 49.252125508529005], [-123.11517602177976, 49.25201264584221]], "type": "LineString"}, "properties": {"wireset_type": "3-8", "geo_point_2d": {"lon": -123.11517170771032, "lat": 49.25206907718562}}}, {"type": "Feature", "geometry": {"coordinates": [[-123.11507910319374, 49.252172056839385], [-123.11510488101275, 49.251970619090024]], "type": "LineString"}, "properties": {"wireset_type": "3-8", "geo_point_2d": {"lon": -123.11509199210325, "lat": 49.25207133796471}}}, {"type": "Feature", "geometry": {"coordinates": [[-123.11510488101275, 49.251970619090024], [-123.11511344712788, 49.25173647384994]], "type": "LineString"}, "properties": {"wireset_type": "1-8G", "geo_point_2d": {"lon": -123.11510916407032, "lat": 49.25185354646998}}}, {"type": "Feature", "geometry": {"coordinates": [[-123.11518865323374, 49.25173639889272], [-123.11519687323742, 49.25150723733673]], "type": "LineString"}, "properties": {"wireset_type": "1-8G", "geo_point_2d": {"lon": -123.11519276323558, "lat": 49.25162181811473}}}, {"type": "Feature", "geometry": {"coordinates": [[-123.11511344712788, 49.25173647384994], [-123.11511724280327, 49.25150731670789]], "type": "LineString"}, "properties": {"wireset_type": "1-8G", "geo_point_2d": {"lon": -123.11511534496557, "lat": 49.251621895278916}}}, {"type": "Feature", "geometry": {"coordinates": [[-123.11511724280327, 49.25150731670789], [-123.11511884102872, 49.251266845752234]], "type": "LineString"}, "properties": {"wireset_type": "3-8", "geo_point_2d": {"lon": -123.11511804191599, "lat": 49.251387081230064}}}, {"type": "Feature", "geometry": {"coordinates": [[-123.11511884102872, 49.251266845752234], [-123.11511875688421, 49.25123065804305], [-123.11511990510846, 49.25122712825133], [-123.11512166894107, 49.25122386225332], [-123.11512399095757, 49.25122096637903], [-123.11512679556083, 49.251218534908475], [-123.11512999144232, 49.25121664700222], [-123.11513347455478, 49.25121536412421], [-123.11513713149971, 49.25121472804065], [-123.11514084321917, 49.25121475946033], [-123.11519172304386, 49.25121904444086]], "type": "LineString"}, "properties": {"wireset_type": null, "geo_point_2d": {"lon": -123.11514182866141, "lat": 49.25122754266075}}}, {"type": "Feature", "geometry": {"coordinates": [[-123.11546979571936, 49.25133949177893], [-123.11548379432745, 49.25120241753325]], "type": "LineString"}, "properties": {"wireset_type": "1-8G", "geo_point_2d": {"lon": -123.11547679502338, "lat": 49.25127095465609}}}, {"type": "Feature", "geometry": {"coordinates": [[-123.11519172304386, 49.25121904444086], [-123.11521394767169, 49.25111496550718]], "type": "LineString"}, "properties": {"wireset_type": "3-4", "geo_point_2d": {"lon": -123.11520283535778, "lat": 49.25116700497402}}}, {"type": "Feature", "geometry": {"coordinates": [[-123.11525723424151, 49.25680559628], [-123.11525852094333, 49.256520104791385]], "type": "LineString"}, "properties": {"wireset_type": "3-8", "geo_point_2d": {"lon": -123.11525787759241, "lat": 49.25666285053569}}}, {"type": "Feature", "geometry": {"coordinates": [[-123.11525852094333, 49.256520104791385], [-123.11526196482865, 49.25625215181145]], "type": "LineString"}, "properties": {"wireset_type": "3-8", "geo_point_2d": {"lon": -123.115260242886, "lat": 49.256386128301415}}}, {"type": "Feature", "geometry": {"coordinates": [[-123.11525852094333, 49.256520104791385], [-123.11526196482865, 49.25625215181145]], "type": "LineString"}, "properties": {"wireset_type": "1-8G", "geo_point_2d": {"lon": -123.115260242886, "lat": 49.256386128301415}}}, {"type": "Feature", "geometry": {"coordinates": [[-123.11493003853249, 49.25625139405187], [-123.11495104159965, 49.255957400434106]], "type": "LineString"}, "properties": {"wireset_type": "3-6", "geo_point_2d": {"lon": -123.11494054006607, "lat": 49.25610439724299}}}, {"type": "Feature", "geometry": {"coordinates": [[-123.11524583937825, 49.25705849017739], [-123.11524236182628, 49.25722940275952]], "type": "LineString"}, "properties": {"wireset_type": "3-6", "geo_point_2d": {"lon": -123.11524410060227, "lat": 49.25714394646846}}}, {"type": "Feature", "geometry": {"coordinates": [[-123.11524583937825, 49.25705849017739], [-123.11524236182628, 49.25722940275952]], "type": "LineString"}, "properties": {"wireset_type": "1-8G", "geo_point_2d": {"lon": -123.11524410060227, "lat": 49.25714394646846}}}, {"type": "Feature", "geometry": {"coordinates": [[-123.11817342634338, 49.243425451534605], [-123.11820092926183, 49.2434243619606], [-123.11820320735097, 49.24342453317764], [-123.11820549157453, 49.24342449673381], [-123.11820776304218, 49.243424252930495], [-123.11821000296914, 49.24342380378392], [-123.1182121928314, 49.24342315300849], [-123.11821431451902, 49.24342230598605], [-123.11821635048587, 49.2434212697214], [-123.11821828389466, 49.24342005278435], [-123.11822009875632, 49.24341866523884], [-123.11822178006211, 49.24341711855975], [-123.1182233139078, 49.24341542553795], [-123.11822468760863, 49.24341360017458], [-123.11822588980422, 49.24341165756521], [-123.11822691055254, 49.243409613775036], [-123.11822774141208, 49.24340748570601], [-123.11822837551175, 49.24340529095704], [-123.11822854403736, 49.24339889928166], [-123.11822892267902, 49.24339251660623], [-123.11822951102707, 49.24338614983611], [-123.11823030844499, 49.24337980585946], [-123.11823131407007, 49.24337349153976], [-123.11823252681432, 49.2433672137084], [-123.11823394536569, 49.24336097915733], [-123.11823556818946, 49.24335479463163], [-123.11823739352991, 49.243348666822286], [-123.11823941941222, 49.243342602358915], [-123.11824164364462, 49.243336607802604], [-123.11824406382073, 49.2433306896388], [-123.11824667732218, 49.24332485427033], [-123.11824948132144, 49.24331910801039], [-123.1182524727849, 49.24331345707583], [-123.11825564847614, 49.24330790758032]], "type": "LineString"}, "properties": {"wireset_type": "2-8", "geo_point_2d": {"lon": -123.11822482693822, "lat": 49.2433807113055}}}, {"type": "Feature", "geometry": {"coordinates": [[-123.11875582299673, 49.243150265689664], [-123.1182826462795, 49.243124125211395]], "type": "LineString"}, "properties": {"wireset_type": "1-8G", "geo_point_2d": {"lon": -123.11851923463811, "lat": 49.24313719545053}}}, {"type": "Feature", "geometry": {"coordinates": [[-123.10738611770968, 49.2521335068343], [-123.10737177865452, 49.25251055496207]], "type": "LineString"}, "properties": {"wireset_type": "2-10", "geo_point_2d": {"lon": -123.1073789481821, "lat": 49.252322030898185}}}, {"type": "Feature", "geometry": {"coordinates": [[-123.11713771863961, 49.24097776812039], [-123.11700269380395, 49.240941006466926], [-123.11699241417806, 49.24093822186158], [-123.11698220313632, 49.240935195417805], [-123.11697206636737, 49.240931928821645], [-123.11696200951845, 49.240928423892946], [-123.1169520381923, 49.240924682584314], [-123.11694215794401, 49.24092070698006], [-123.11693237427792, 49.24091649929503], [-123.1169226926446, 49.24091206187333], [-123.1169131184377, 49.240907397187094], [-123.11690365699108, 49.24090250783503], [-123.11689431357581, 49.240897396541044], [-123.11688509339713, 49.240892066152654], [-123.11687600159165, 49.24088651963945], [-123.11686704322449, 49.24088076009145], [-123.11685822328641, 49.240874790717314], [-123.11684954669104, 49.24086861484262], [-123.1167627996826, 49.240803109245114]], "type": "LineString"}, "properties": {"wireset_type": "3-6", "geo_point_2d": {"lon": -123.11694219804659, "lat": 49.24090710795379}}}, {"type": "Feature", "geometry": {"coordinates": [[-123.10507730273542, 49.24547461764224], [-123.10506378902897, 49.24580125587597]], "type": "LineString"}, "properties": {"wireset_type": "3-12", "geo_point_2d": {"lon": -123.1050705458822, "lat": 49.2456379367591}}}, {"type": "Feature", "geometry": {"coordinates": [[-123.10874152057956, 49.24256837397943], [-123.10894926357146, 49.24274272186792]], "type": "LineString"}, "properties": {"wireset_type": "1-8G", "geo_point_2d": {"lon": -123.10884539207552, "lat": 49.242655547923675}}}, {"type": "Feature", "geometry": {"coordinates": [[-123.1087644009111, 49.24281474102724], [-123.10895148484956, 49.24298426891401]], "type": "LineString"}, "properties": {"wireset_type": "1-8G", "geo_point_2d": {"lon": -123.10885794288032, "lat": 49.24289950497062}}}, {"type": "Feature", "geometry": {"coordinates": [[-123.10894926357146, 49.24274272186792], [-123.10927123252684, 49.24303513184138]], "type": "LineString"}, "properties": {"wireset_type": "3-8", "geo_point_2d": {"lon": -123.10911024804915, "lat": 49.24288892685465}}}, {"type": "Feature", "geometry": {"coordinates": [[-123.10892452973229, 49.243022020361124], [-123.10905805015929, 49.24309324462529]], "type": "LineString"}, "properties": {"wireset_type": "3-8", "geo_point_2d": {"lon": -123.10899128994578, "lat": 49.243057632493205}}}, {"type": "Feature", "geometry": {"coordinates": [[-123.10892452973229, 49.243022020361124], [-123.10897771955071, 49.24300624652275], [-123.10895148484956, 49.24298426891401]], "type": "LineString"}, "properties": {"wireset_type": null, "geo_point_2d": {"lon": -123.10895626664004, "lat": 49.24300693191936}}}, {"type": "Feature", "geometry": {"coordinates": [[-123.10911128036844, 49.24311449508794], [-123.1093256859745, 49.2433241962712]], "type": "LineString"}, "properties": {"wireset_type": "1-8G", "geo_point_2d": {"lon": -123.10921848317147, "lat": 49.24321934567957}}}, {"type": "Feature", "geometry": {"coordinates": [[-123.10927123252684, 49.24303513184138], [-123.10950735075507, 49.24323453958996]], "type": "LineString"}, "properties": {"wireset_type": "1-8G", "geo_point_2d": {"lon": -123.10938929164095, "lat": 49.24313483571567}}}, {"type": "Feature", "geometry": {"coordinates": [[-123.10950735075507, 49.24323453958996], [-123.10972817931913, 49.24342152995405]], "type": "LineString"}, "properties": {"wireset_type": "3-8", "geo_point_2d": {"lon": -123.1096177650371, "lat": 49.243328034772006}}}, {"type": "Feature", "geometry": {"coordinates": [[-123.10972817931913, 49.24342152995405], [-123.11016326982272, 49.243793563694275]], "type": "LineString"}, "properties": {"wireset_type": "3-8", "geo_point_2d": {"lon": -123.10994572457093, "lat": 49.243607546824165}}}, {"type": "Feature", "geometry": {"coordinates": [[-123.10954510204965, 49.24350629490967], [-123.10976189579236, 49.24370089000209]], "type": "LineString"}, "properties": {"wireset_type": "3-8", "geo_point_2d": {"lon": -123.10965349892102, "lat": 49.243603592455884}}}, {"type": "Feature", "geometry": {"coordinates": [[-123.10954510204965, 49.24350629490967], [-123.10976189579236, 49.24370089000209]], "type": "LineString"}, "properties": {"wireset_type": "1-8G", "geo_point_2d": {"lon": -123.10965349892102, "lat": 49.243603592455884}}}, {"type": "Feature", "geometry": {"coordinates": [[-123.11131913030961, 49.24474175901538], [-123.11154459428279, 49.24482134727827]], "type": "LineString"}, "properties": {"wireset_type": null, "geo_point_2d": {"lon": -123.1114318622962, "lat": 49.24478155314682}}}, {"type": "Feature", "geometry": {"coordinates": [[-123.11074750852228, 49.24429566793757], [-123.11100181286473, 49.244536658122826], [-123.11131913030961, 49.24474175901538]], "type": "LineString"}, "properties": {"wireset_type": "1-8G", "geo_point_2d": {"lon": -123.11102295886545, "lat": 49.24453189425813}}}, {"type": "Feature", "geometry": {"coordinates": [[-123.11550966394947, 49.2500105511151], [-123.11551151605865, 49.249956299045]], "type": "LineString"}, "properties": {"wireset_type": null, "geo_point_2d": {"lon": -123.11551059000405, "lat": 49.24998342508005}}}, {"type": "Feature", "geometry": {"coordinates": [[-123.11524129771438, 49.25015492266224], [-123.11523914980226, 49.25005860390862]], "type": "LineString"}, "properties": {"wireset_type": "3-8", "geo_point_2d": {"lon": -123.11524022375832, "lat": 49.25010676328544}}}, {"type": "Feature", "geometry": {"coordinates": [[-123.11523914980226, 49.25005860390862], [-123.11524694254909, 49.250012099803826]], "type": "LineString"}, "properties": {"wireset_type": null, "geo_point_2d": {"lon": -123.11524304617568, "lat": 49.250035351856226}}}, {"type": "Feature", "geometry": {"coordinates": [[-123.11524694254909, 49.250012099803826], [-123.11525419947026, 49.24972361560654]], "type": "LineString"}, "properties": {"wireset_type": "3-8", "geo_point_2d": {"lon": -123.11525057100968, "lat": 49.24986785770518}}}, {"type": "Feature", "geometry": {"coordinates": [[-123.11551151605865, 49.249956299045], [-123.11551489244631, 49.24970139789471]], "type": "LineString"}, "properties": {"wireset_type": "3-8", "geo_point_2d": {"lon": -123.11551320425248, "lat": 49.24982884846986}}}, {"type": "Feature", "geometry": {"coordinates": [[-123.11524108290486, 49.249407347466764], [-123.11521781655112, 49.24914608626119]], "type": "LineString"}, "properties": {"wireset_type": "3-8", "geo_point_2d": {"lon": -123.115229449728, "lat": 49.249276716863974}}}, {"type": "Feature", "geometry": {"coordinates": [[-123.11524108290486, 49.249407347466764], [-123.11521781655112, 49.24914608626119]], "type": "LineString"}, "properties": {"wireset_type": "1-8G", "geo_point_2d": {"lon": -123.115229449728, "lat": 49.249276716863974}}}, {"type": "Feature", "geometry": {"coordinates": [[-123.11551489244631, 49.24970139789471], [-123.11550992052118, 49.249419645327514]], "type": "LineString"}, "properties": {"wireset_type": "3-8", "geo_point_2d": {"lon": -123.11551240648375, "lat": 49.249560521611116}}}, {"type": "Feature", "geometry": {"coordinates": [[-123.11551489244631, 49.24970139789471], [-123.11550992052118, 49.249419645327514]], "type": "LineString"}, "properties": {"wireset_type": "1-8G", "geo_point_2d": {"lon": -123.11551240648375, "lat": 49.249560521611116}}}, {"type": "Feature", "geometry": {"coordinates": [[-123.11601139532114, 49.245060098396465], [-123.11601795095615, 49.24527789344477]], "type": "LineString"}, "properties": {"wireset_type": "1-8G", "geo_point_2d": {"lon": -123.11601467313864, "lat": 49.24516899592062}}}, {"type": "Feature", "geometry": {"coordinates": [[-123.11562810257219, 49.24504719669027], [-123.11601139532114, 49.245060098396465]], "type": "LineString"}, "properties": {"wireset_type": "1-8G", "geo_point_2d": {"lon": -123.11581974894666, "lat": 49.24505364754337}}}, {"type": "Feature", "geometry": {"coordinates": [[-123.1167341114751, 49.24380956325629], [-123.11698921762552, 49.243674970328776]], "type": "LineString"}, "properties": {"wireset_type": "1-8G", "geo_point_2d": {"lon": -123.11686166455029, "lat": 49.24374226679254}}}, {"type": "Feature", "geometry": {"coordinates": [[-123.11526967785457, 49.25598216164037], [-123.11527167865263, 49.25582041662139]], "type": "LineString"}, "properties": {"wireset_type": "1-8G", "geo_point_2d": {"lon": -123.1152706782536, "lat": 49.255901289130875}}}, {"type": "Feature", "geometry": {"coordinates": [[-123.11495104159965, 49.255957400434106], [-123.1150098715927, 49.25578516441017]], "type": "LineString"}, "properties": {"wireset_type": "3-6", "geo_point_2d": {"lon": -123.11498045659617, "lat": 49.25587128242214}}}, {"type": "Feature", "geometry": {"coordinates": [[-123.1150098715927, 49.25578516441017], [-123.11501411094413, 49.25548639299137]], "type": "LineString"}, "properties": {"wireset_type": "1-8G", "geo_point_2d": {"lon": -123.11501199126843, "lat": 49.25563577870077}}}, {"type": "Feature", "geometry": {"coordinates": [[-123.11501411094413, 49.25548639299137], [-123.11502345041437, 49.255241614782165]], "type": "LineString"}, "properties": {"wireset_type": "1-8G", "geo_point_2d": {"lon": -123.11501878067925, "lat": 49.25536400388677}}}, {"type": "Feature", "geometry": {"coordinates": [[-123.11502345041437, 49.255241614782165], [-123.11502778998234, 49.254980110430864]], "type": "LineString"}, "properties": {"wireset_type": "3-6", "geo_point_2d": {"lon": -123.11502562019835, "lat": 49.255110862606514}}}, {"type": "Feature", "geometry": {"coordinates": [[-123.11836682001982, 49.248260812670004], [-123.11836961388106, 49.24807880030993], [-123.11836930889231, 49.24807568963117], [-123.11836869255347, 49.24807262540747], [-123.11836777111648, 49.248069638721276], [-123.1183665539281, 49.24806675986857], [-123.11836505333508, 49.24806401805146], [-123.11836328455892, 49.24806144108204], [-123.11836126554152, 49.24805905510022], [-123.11835901676312, 49.24805688430862], [-123.11835656103457, 49.24805495072702], [-123.11835392326599, 49.248053273969035], [-123.118351130214, 49.24805187104314], [-123.1183482102104, 49.248050756180156], [-123.11834519287474, 49.24804994068887], [-123.11834210881388, 49.24804943284137], [-123.1183389893115, 49.24804923778908], [-123.1183358660108, 49.24804935751056], [-123.11824924303141, 49.24804763816263]], "type": "LineString"}, "properties": {"wireset_type": "2-10", "geo_point_2d": {"lon": -123.11834586492279, "lat": 49.24811949356404}}}, {"type": "Feature", "geometry": {"coordinates": [[-123.11244662481178, 49.24601208956993], [-123.1114320635456, 49.24599142107239]], "type": "LineString"}, "properties": {"wireset_type": "3-8", "geo_point_2d": {"lon": -123.1119393441787, "lat": 49.24600175532116}}}, {"type": "Feature", "geometry": {"coordinates": [[-123.1114320635456, 49.24599142107239], [-123.11111388777749, 49.24593417601865], [-123.11110100565499, 49.24593175931937], [-123.11108816791972, 49.245929116958905], [-123.11107537852436, 49.24592624975083], [-123.11106264140672, 49.245923158577945], [-123.11104996048849, 49.245919844392006], [-123.11103733967406, 49.24591630821343], [-123.11102478284933, 49.245912551131], [-123.11101229388048, 49.2459085743015], [-123.11074308555794, 49.245819788848706]], "type": "LineString"}, "properties": {"wireset_type": "3-8", "geo_point_2d": {"lon": -123.11108454312556, "lat": 49.24591758306394}}}, {"type": "Feature", "geometry": {"coordinates": [[-123.11212117429642, 49.24607394227039], [-123.11219570029554, 49.246074634514116], [-123.1121990804037, 49.246074240834986], [-123.11220248266994, 49.24607417228728], [-123.11220587589204, 49.24607442949965], [-123.11220922895069, 49.246075010113195], [-123.11221251109494, 49.24607590880309], [-123.11221569222418, 49.24607711732745], [-123.11221874316423, 49.24607862460287], [-123.11222163593487, 49.24608041680611], [-123.11222434400644, 49.246082477500835], [-123.11222684254318, 49.24608478778838], [-123.11222910863097, 49.24608732648105], [-123.11223112148748, 49.24609007029648], [-123.11223286265276, 49.24609299407107], [-123.11223431615856, 49.24609607099084], [-123.11223546867477, 49.246099272837306], [-123.11223630963161, 49.246102570246286], [-123.11222471613436, 49.24631602040834]], "type": "LineString"}, "properties": {"wireset_type": "2-12", "geo_point_2d": {"lon": -123.1122131234913, "lat": 49.24615990993397}}}, {"type": "Feature", "geometry": {"coordinates": [[-123.1150618226704, 49.254326834643294], [-123.11506996072427, 49.254061989238636]], "type": "LineString"}, "properties": {"wireset_type": "1-8G", "geo_point_2d": {"lon": -123.11506589169733, "lat": 49.254194411940965}}}, {"type": "Feature", "geometry": {"coordinates": [[-123.11534376408285, 49.254130430707704], [-123.1153476859456, 49.25409736035898]], "type": "LineString"}, "properties": {"wireset_type": null, "geo_point_2d": {"lon": -123.11534572501421, "lat": 49.254113895533344}}}, {"type": "Feature", "geometry": {"coordinates": [[-123.11534586449946, 49.253987980285864], [-123.11535373810081, 49.253946468472975]], "type": "LineString"}, "properties": {"wireset_type": null, "geo_point_2d": {"lon": -123.11534980130014, "lat": 49.253967224379416}}}, {"type": "Feature", "geometry": {"coordinates": [[-123.11534586449946, 49.253987980285864], [-123.11539636605384, 49.25398792985581], [-123.11540739530639, 49.25397966122597], [-123.11540266650687, 49.25394951396708]], "type": "LineString"}, "properties": {"wireset_type": null, "geo_point_2d": {"lon": -123.11538650580432, "lat": 49.2539798284907}}}, {"type": "Feature", "geometry": {"coordinates": [[-123.11540266650687, 49.25394951396708], [-123.11541931646578, 49.2536643398111]], "type": "LineString"}, "properties": {"wireset_type": "3-8", "geo_point_2d": {"lon": -123.11541099148631, "lat": 49.25380692688909}}}, {"type": "Feature", "geometry": {"coordinates": [[-123.11506996072427, 49.254061989238636], [-123.11507277898166, 49.254021103150684]], "type": "LineString"}, "properties": {"wireset_type": null, "geo_point_2d": {"lon": -123.11507136985296, "lat": 49.254041546194664}}}, {"type": "Feature", "geometry": {"coordinates": [[-123.11506621304602, 49.25391585660394], [-123.11504088763111, 49.25388079146457]], "type": "LineString"}, "properties": {"wireset_type": null, "geo_point_2d": {"lon": -123.11505355033856, "lat": 49.25389832403425}}}, {"type": "Feature", "geometry": {"coordinates": [[-123.11510717610287, 49.25387969098991], [-123.11511914609294, 49.25359637455247]], "type": "LineString"}, "properties": {"wireset_type": "3-8", "geo_point_2d": {"lon": -123.11511316109788, "lat": 49.253738032771196}}}, {"type": "Feature", "geometry": {"coordinates": [[-123.11504088763111, 49.25388079146457], [-123.11504653436357, 49.253596446880316]], "type": "LineString"}, "properties": {"wireset_type": "1-8G", "geo_point_2d": {"lon": -123.11504371099734, "lat": 49.25373861917244}}}, {"type": "Feature", "geometry": {"coordinates": [[-123.11511914609294, 49.25359637455247], [-123.11512493595005, 49.25336787214851]], "type": "LineString"}, "properties": {"wireset_type": "1-8G", "geo_point_2d": {"lon": -123.1151220410215, "lat": 49.253482123350494}}}, {"type": "Feature", "geometry": {"coordinates": [[-123.11511914609294, 49.25359637455247], [-123.11512493595005, 49.25336787214851]], "type": "LineString"}, "properties": {"wireset_type": "3-8", "geo_point_2d": {"lon": -123.1151220410215, "lat": 49.253482123350494}}}, {"type": "Feature", "geometry": {"coordinates": [[-123.11541931646578, 49.2536643398111], [-123.11543748925979, 49.25338406651318]], "type": "LineString"}, "properties": {"wireset_type": "3-8", "geo_point_2d": {"lon": -123.11542840286279, "lat": 49.253524203162144}}}, {"type": "Feature", "geometry": {"coordinates": [[-123.11537749689003, 49.25337999763259], [-123.1153849786202, 49.25319988781527]], "type": "LineString"}, "properties": {"wireset_type": "2-8", "geo_point_2d": {"lon": -123.11538123775512, "lat": 49.25328994272393}}}, {"type": "Feature", "geometry": {"coordinates": [[-123.11511949000105, 49.253058774739515], [-123.11511940842361, 49.25302369345145]], "type": "LineString"}, "properties": {"wireset_type": null, "geo_point_2d": {"lon": -123.11511944921233, "lat": 49.253041234095484}}}, {"type": "Feature", "geometry": {"coordinates": [[-123.11540131260507, 49.25300323593025], [-123.1154048109924, 49.25295361478567]], "type": "LineString"}, "properties": {"wireset_type": null, "geo_point_2d": {"lon": -123.11540306179873, "lat": 49.25297842535796}}}, {"type": "Feature", "geometry": {"coordinates": [[-123.11550226665402, 49.25295940926908], [-123.11552517161768, 49.25271694711129]], "type": "LineString"}, "properties": {"wireset_type": "3-8", "geo_point_2d": {"lon": -123.11551371913585, "lat": 49.25283817819019}}}, {"type": "Feature", "geometry": {"coordinates": [[-123.11550226665402, 49.25295940926908], [-123.11552517161768, 49.25271694711129]], "type": "LineString"}, "properties": {"wireset_type": "1-8G", "geo_point_2d": {"lon": -123.11551371913585, "lat": 49.25283817819019}}}, {"type": "Feature", "geometry": {"coordinates": [[-123.11540956933194, 49.252719428390684], [-123.1154127330686, 49.25252627079449]], "type": "LineString"}, "properties": {"wireset_type": "1-8G", "geo_point_2d": {"lon": -123.11541115120028, "lat": 49.252622849592576}}}, {"type": "Feature", "geometry": {"coordinates": [[-123.11540956933194, 49.252719428390684], [-123.1154127330686, 49.25252627079449]], "type": "LineString"}, "properties": {"wireset_type": "3-8", "geo_point_2d": {"lon": -123.11541115120028, "lat": 49.252622849592576}}}, {"type": "Feature", "geometry": {"coordinates": [[-123.11552517161768, 49.25271694711129], [-123.11552473742573, 49.25253088134571]], "type": "LineString"}, "properties": {"wireset_type": "1-8G", "geo_point_2d": {"lon": -123.1155249545217, "lat": 49.2526239142285}}}, {"type": "Feature", "geometry": {"coordinates": [[-123.11552473742573, 49.25253088134571], [-123.11552613783668, 49.252359583897466]], "type": "LineString"}, "properties": {"wireset_type": "1-8G", "geo_point_2d": {"lon": -123.1155254376312, "lat": 49.25244523262158}}}, {"type": "Feature", "geometry": {"coordinates": [[-123.11514091439247, 49.25262202630736], [-123.11515774362809, 49.25240755440513]], "type": "LineString"}, "properties": {"wireset_type": "1-8G", "geo_point_2d": {"lon": -123.11514932901028, "lat": 49.252514790356244}}}, {"type": "Feature", "geometry": {"coordinates": [[-123.11514091439247, 49.25262202630736], [-123.11515774362809, 49.25240755440513]], "type": "LineString"}, "properties": {"wireset_type": "3-8", "geo_point_2d": {"lon": -123.11514932901028, "lat": 49.252514790356244}}}, {"type": "Feature", "geometry": {"coordinates": [[-123.11506810847001, 49.25262070458302], [-123.11506588180667, 49.25240763693622]], "type": "LineString"}, "properties": {"wireset_type": "1-8G", "geo_point_2d": {"lon": -123.11506699513833, "lat": 49.252514170759625}}}, {"type": "Feature", "geometry": {"coordinates": [[-123.11506588180667, 49.25240763693622], [-123.11507910319374, 49.252172056839385]], "type": "LineString"}, "properties": {"wireset_type": "1-8G", "geo_point_2d": {"lon": -123.1150724925002, "lat": 49.252289846887805}}}, {"type": "Feature", "geometry": {"coordinates": [[-123.1154284752305, 49.252276313775845], [-123.11543817934377, 49.25213600556786]], "type": "LineString"}, "properties": {"wireset_type": "3-8", "geo_point_2d": {"lon": -123.11543332728715, "lat": 49.25220615967186}}}, {"type": "Feature", "geometry": {"coordinates": [[-123.11701392823055, 49.244050370529365], [-123.11733048837995, 49.24388025536807]], "type": "LineString"}, "properties": {"wireset_type": "1-8G", "geo_point_2d": {"lon": -123.11717220830525, "lat": 49.24396531294872}}}, {"type": "Feature", "geometry": {"coordinates": [[-123.11703486085005, 49.24364092210098], [-123.11723063522274, 49.24350425685487]], "type": "LineString"}, "properties": {"wireset_type": "1-8G", "geo_point_2d": {"lon": -123.1171327480364, "lat": 49.24357258947792}}}, {"type": "Feature", "geometry": {"coordinates": [[-123.11723063522274, 49.24350425685487], [-123.11738049988543, 49.24365462199908]], "type": "LineString"}, "properties": {"wireset_type": "3-4", "geo_point_2d": {"lon": -123.11730556755408, "lat": 49.24357943942697}}}, {"type": "Feature", "geometry": {"coordinates": [[-123.11757800114809, 49.24379431509787], [-123.11797273081342, 49.24404426813608]], "type": "LineString"}, "properties": {"wireset_type": "6-2", "geo_point_2d": {"lon": -123.11777536598075, "lat": 49.243919291616976}}}, {"type": "Feature", "geometry": {"coordinates": [[-123.11757800114809, 49.24379431509787], [-123.11797273081342, 49.24404426813608]], "type": "LineString"}, "properties": {"wireset_type": "1-8G", "geo_point_2d": {"lon": -123.11777536598075, "lat": 49.243919291616976}}}, {"type": "Feature", "geometry": {"coordinates": [[-123.11757800114809, 49.24379431509787], [-123.11797273081342, 49.24404426813608]], "type": "LineString"}, "properties": {"wireset_type": "1-8G", "geo_point_2d": {"lon": -123.11777536598075, "lat": 49.243919291616976}}}, {"type": "Feature", "geometry": {"coordinates": [[-123.11797273081342, 49.24404426813608], [-123.1182532954949, 49.24389326609503]], "type": "LineString"}, "properties": {"wireset_type": "6-2", "geo_point_2d": {"lon": -123.11811301315417, "lat": 49.243968767115554}}}, {"type": "Feature", "geometry": {"coordinates": [[-123.1172852785184, 49.24349397380793], [-123.11736576724091, 49.24344988736285], [-123.11743191114985, 49.2434053207053], [-123.11748197230774, 49.24336896502733], [-123.11752160332162, 49.243331693428466]], "type": "LineString"}, "properties": {"wireset_type": "1-8G", "geo_point_2d": {"lon": -123.11740741184735, "lat": 49.24341843299052}}}, {"type": "Feature", "geometry": {"coordinates": [[-123.1172852785184, 49.24349397380793], [-123.11736576724091, 49.24344988736285], [-123.11743191114985, 49.2434053207053], [-123.11748197230774, 49.24336896502733], [-123.11752160332162, 49.243331693428466]], "type": "LineString"}, "properties": {"wireset_type": "3-4", "geo_point_2d": {"lon": -123.11740741184735, "lat": 49.24341843299052}}}, {"type": "Feature", "geometry": {"coordinates": [[-123.11752160332162, 49.243331693428466], [-123.11756598712542, 49.24330564303659], [-123.1176070821292, 49.24327164418487], [-123.11764996574347, 49.243232956977685], [-123.1176803388657, 49.243202477160764], [-123.11770935083963, 49.24316003505534]], "type": "LineString"}, "properties": {"wireset_type": "1-8G", "geo_point_2d": {"lon": -123.11762224238005, "lat": 49.24325313093624}}}, {"type": "Feature", "geometry": {"coordinates": [[-123.11792741700417, 49.24354149861342], [-123.11812684833303, 49.24332638963554]], "type": "LineString"}, "properties": {"wireset_type": "1-8G", "geo_point_2d": {"lon": -123.1180271326686, "lat": 49.243433944124476}}}, {"type": "Feature", "geometry": {"coordinates": [[-123.1182826462795, 49.243124125211395], [-123.1183162370768, 49.24308924326045]], "type": "LineString"}, "properties": {"wireset_type": null, "geo_point_2d": {"lon": -123.11829944167815, "lat": 49.243106684235926}}}, {"type": "Feature", "geometry": {"coordinates": [[-123.11815148862898, 49.243282953418394], [-123.1182826462795, 49.243124125211395]], "type": "LineString"}, "properties": {"wireset_type": "3-4", "geo_point_2d": {"lon": -123.11821706745424, "lat": 49.24320353931489}}}, {"type": "Feature", "geometry": {"coordinates": [[-123.11770935083963, 49.24316003505534], [-123.11784128814602, 49.24301084045259]], "type": "LineString"}, "properties": {"wireset_type": "1-8G", "geo_point_2d": {"lon": -123.11777531949284, "lat": 49.24308543775396}}}, {"type": "Feature", "geometry": {"coordinates": [[-123.11784128814602, 49.24301084045259], [-123.11797917992304, 49.242800867779636]], "type": "LineString"}, "properties": {"wireset_type": "1-8G", "geo_point_2d": {"lon": -123.11791023403453, "lat": 49.24290585411612}}}, {"type": "Feature", "geometry": {"coordinates": [[-123.1184339281224, 49.242906825160006], [-123.11846601147279, 49.24286007992474], [-123.11849827744221, 49.24281346055527], [-123.11850725314021, 49.24280033271816], [-123.11851605695291, 49.242787088997254], [-123.11852468738437, 49.24277373164292], [-123.11853314296808, 49.242760262924875], [-123.11853880435264, 49.2427527547473], [-123.11854421396195, 49.24274506318488], [-123.11854936586049, 49.24273719667694], [-123.11855425439546, 49.24272916385482], [-123.11855887420306, 49.24272097353228], [-123.11856322021436, 49.24271263469594], [-123.11856728766077, 49.24270415649536], [-123.11857107207943, 49.242695548232994]], "type": "LineString"}, "properties": {"wireset_type": "3-6", "geo_point_2d": {"lon": -123.11850471843712, "lat": 49.24280249017199}}}, {"type": "Feature", "geometry": {"coordinates": [[-123.1184339281224, 49.242906825160006], [-123.11846601147279, 49.24286007992474], [-123.11849827744221, 49.24281346055527], [-123.11850725314021, 49.24280033271816], [-123.11851605695291, 49.242787088997254], [-123.11852468738437, 49.24277373164292], [-123.11853314296808, 49.242760262924875], [-123.11853880435264, 49.2427527547473], [-123.11854421396195, 49.24274506318488], [-123.11854936586049, 49.24273719667694], [-123.11855425439546, 49.24272916385482], [-123.11855887420306, 49.24272097353228], [-123.11856322021436, 49.24271263469594], [-123.11856728766077, 49.24270415649536], [-123.11857107207943, 49.242695548232994]], "type": "LineString"}, "properties": {"wireset_type": "1-8G", "geo_point_2d": {"lon": -123.11850471843712, "lat": 49.24280249017199}}}, {"type": "Feature", "geometry": {"coordinates": [[-123.11857107207943, 49.242695548232994], [-123.1185883796788, 49.24245892868514]], "type": "LineString"}, "properties": {"wireset_type": "3-6", "geo_point_2d": {"lon": -123.11857972587912, "lat": 49.24257723845906}}}, {"type": "Feature", "geometry": {"coordinates": [[-123.11861248207708, 49.24211668003984], [-123.11861249208805, 49.24207496910077]], "type": "LineString"}, "properties": {"wireset_type": null, "geo_point_2d": {"lon": -123.11861248708257, "lat": 49.242095824570306}}}, {"type": "Feature", "geometry": {"coordinates": [[-123.11814017764952, 49.242152551265825], [-123.11816079539194, 49.24191478597958]], "type": "LineString"}, "properties": {"wireset_type": "1-8G", "geo_point_2d": {"lon": -123.11815048652073, "lat": 49.2420336686227}}}, {"type": "Feature", "geometry": {"coordinates": [[-123.11817026847852, 49.24168172759565], [-123.11817828303552, 49.24144776217412]], "type": "LineString"}, "properties": {"wireset_type": "3-6", "geo_point_2d": {"lon": -123.11817427575701, "lat": 49.24156474488488}}}, {"type": "Feature", "geometry": {"coordinates": [[-123.11817828303552, 49.24144776217412], [-123.11818780942568, 49.24124286781648]], "type": "LineString"}, "properties": {"wireset_type": "1-8G", "geo_point_2d": {"lon": -123.1181830462306, "lat": 49.2413453149953}}}, {"type": "Feature", "geometry": {"coordinates": [[-123.11424616940793, 49.247969674538126], [-123.11370508626287, 49.24796168085775]], "type": "LineString"}, "properties": {"wireset_type": "2-10", "geo_point_2d": {"lon": -123.11397562783539, "lat": 49.247965677697934}}}, {"type": "Feature", "geometry": {"coordinates": [[-123.11491425551833, 49.24787760241402], [-123.11424371498099, 49.24787063947326]], "type": "LineString"}, "properties": {"wireset_type": "3-8", "geo_point_2d": {"lon": -123.11457898524968, "lat": 49.24787412094364}}}, {"type": "Feature", "geometry": {"coordinates": [[-123.11491425551833, 49.24787760241402], [-123.11424371498099, 49.24787063947326]], "type": "LineString"}, "properties": {"wireset_type": "1-10G", "geo_point_2d": {"lon": -123.11457898524968, "lat": 49.24787412094364}}}, {"type": "Feature", "geometry": {"coordinates": [[-123.11442740889383, 49.247097902216694], [-123.11439088644026, 49.24709133588425], [-123.11438962224375, 49.247049653229865], [-123.11425588568893, 49.24704753676032]], "type": "LineString"}, "properties": {"wireset_type": "3-8", "geo_point_2d": {"lon": -123.11435107867318, "lat": 49.247060925983874}}}, {"type": "Feature", "geometry": {"coordinates": [[-123.11425588568893, 49.24704753676032], [-123.11426106392635, 49.246951507534064]], "type": "LineString"}, "properties": {"wireset_type": "1-10G", "geo_point_2d": {"lon": -123.11425847480763, "lat": 49.24699952214719}}}, {"type": "Feature", "geometry": {"coordinates": [[-123.11425588568893, 49.24704753676032], [-123.11426106392635, 49.246951507534064]], "type": "LineString"}, "properties": {"wireset_type": "3-8", "geo_point_2d": {"lon": -123.11425847480763, "lat": 49.24699952214719}}}, {"type": "Feature", "geometry": {"coordinates": [[-123.11426106392635, 49.246951507534064], [-123.113737288476, 49.24694260635904]], "type": "LineString"}, "properties": {"wireset_type": "3-8", "geo_point_2d": {"lon": -123.11399917620118, "lat": 49.24694705694655}}}, {"type": "Feature", "geometry": {"coordinates": [[-123.113737288476, 49.24694260635904], [-123.112515845943, 49.24692529919395]], "type": "LineString"}, "properties": {"wireset_type": "3-8", "geo_point_2d": {"lon": -123.1131265672095, "lat": 49.246933952776494}}}, {"type": "Feature", "geometry": {"coordinates": [[-123.113737288476, 49.24694260635904], [-123.112515845943, 49.24692529919395]], "type": "LineString"}, "properties": {"wireset_type": "1-10G", "geo_point_2d": {"lon": -123.1131265672095, "lat": 49.246933952776494}}}, {"type": "Feature", "geometry": {"coordinates": [[-123.12032567377159, 49.24517366706713], [-123.11951001154047, 49.24516114679348]], "type": "LineString"}, "properties": {"wireset_type": "1-8G", "geo_point_2d": {"lon": -123.11991784265605, "lat": 49.24516740693031}}}, {"type": "Feature", "geometry": {"coordinates": [[-123.12032567377159, 49.24517366706713], [-123.11951001154047, 49.24516114679348]], "type": "LineString"}, "properties": {"wireset_type": "2-10", "geo_point_2d": {"lon": -123.11991784265605, "lat": 49.24516740693031}}}, {"type": "Feature", "geometry": {"coordinates": [[-123.1163627053783, 49.24458296160644], [-123.11616157155065, 49.244809852959456]], "type": "LineString"}, "properties": {"wireset_type": "1-8G", "geo_point_2d": {"lon": -123.11626213846445, "lat": 49.244696407282945}}}, {"type": "Feature", "geometry": {"coordinates": [[-123.11616157155065, 49.244809852959456], [-123.11601139532114, 49.245060098396465]], "type": "LineString"}, "properties": {"wireset_type": "3-8", "geo_point_2d": {"lon": -123.11608648343588, "lat": 49.244934975677964}}}, {"type": "Feature", "geometry": {"coordinates": [[-123.11575347975082, 49.244420202140724], [-123.11557254885734, 49.24462117494551]], "type": "LineString"}, "properties": {"wireset_type": "1-8G", "geo_point_2d": {"lon": -123.11566301430409, "lat": 49.24452068854312}}}, {"type": "Feature", "geometry": {"coordinates": [[-123.1161040873046, 49.24415413102887], [-123.11596500652024, 49.24426618945443]], "type": "LineString"}, "properties": {"wireset_type": "1-8G", "geo_point_2d": {"lon": -123.11603454691242, "lat": 49.24421016024165}}}, {"type": "Feature", "geometry": {"coordinates": [[-123.1161040873046, 49.24415413102887], [-123.11596500652024, 49.24426618945443]], "type": "LineString"}, "properties": {"wireset_type": "3-8", "geo_point_2d": {"lon": -123.11603454691242, "lat": 49.24421016024165}}}, {"type": "Feature", "geometry": {"coordinates": [[-123.11557254885734, 49.24462117494551], [-123.11540876177459, 49.24483329342242]], "type": "LineString"}, "properties": {"wireset_type": "3-6", "geo_point_2d": {"lon": -123.11549065531597, "lat": 49.24472723418396}}}, {"type": "Feature", "geometry": {"coordinates": [[-123.11540876177459, 49.24483329342242], [-123.11530776427924, 49.24504020373213]], "type": "LineString"}, "properties": {"wireset_type": "1-8G", "geo_point_2d": {"lon": -123.1153582630269, "lat": 49.244936748577274}}}, {"type": "Feature", "geometry": {"coordinates": [[-123.11951001154047, 49.24516114679348], [-123.11950980769205, 49.24533856003024]], "type": "LineString"}, "properties": {"wireset_type": "1-8G", "geo_point_2d": {"lon": -123.11950990961627, "lat": 49.24524985341186}}}, {"type": "Feature", "geometry": {"coordinates": [[-123.11930183791748, 49.24332210586931], [-123.11875591280547, 49.243308033084155]], "type": "LineString"}, "properties": {"wireset_type": "2-8", "geo_point_2d": {"lon": -123.11902887536145, "lat": 49.243315069476736}}}, {"type": "Feature", "geometry": {"coordinates": [[-123.11994047616348, 49.243824890082614], [-123.11997204809677, 49.24383031740984], [-123.12040377432577, 49.243847867741835], [-123.1204080902894, 49.243847530516746], [-123.12041241895099, 49.24384759338072], [-123.12041672330166, 49.243848055796285], [-123.12042096654046, 49.24384891380993], [-123.1204251123889, 49.243850160085856], [-123.12042912540113, 49.243851783968786], [-123.12043297126704, 49.24385377157496], [-123.12043661710557, 49.24385610591092], [-123.12044003174582, 49.24385876701875], [-123.1204431859936, 49.243861732146726], [-123.12044605288095, 49.24386497594384], [-123.12044860789683, 49.24386847067656], [-123.12045082919657, 49.2438721864659], [-123.12045269778868, 49.243876091542916], [-123.12045419769721, 49.24388015252029], [-123.1204553160984, 49.24388433467784], [-123.12044644544982, 49.24426479748329], [-123.12044512716683, 49.24426896325526], [-123.1204434382599, 49.24427299303435], [-123.12044139251665, 49.24427685392293], [-123.12043900663775, 49.24428051440215], [-123.12043630010068, 49.24428394458919], [-123.12043329500055, 49.244287116481274], [-123.12043001586993, 49.24429000418426], [-123.12042648947842, 49.24429258412398], [-123.12042274461416, 49.24429483523879], [-123.12041881184886, 49.2442967391514], [-123.12041472328816, 49.244298280318986], [-123.12041051230955, 49.24429944616001], [-123.12040621328991, 49.244300227156984], [-123.12040186132485, 49.24430061693413], [-123.1203974919422, 49.24430061230947], [-123.12039314081198, 49.24430021332074], [-123.12030514500822, 49.24430193312598]], "type": "LineString"}, "properties": {"wireset_type": "3-2", "geo_point_2d": {"lon": -123.12031892044926, "lat": 49.243990960840584}}}, {"type": "Feature", "geometry": {"coordinates": [[-123.12045413887016, 49.243801390819804], [-123.1204542057339, 49.243828880196155], [-123.11996762213435, 49.24381249344509], [-123.11994047616348, 49.243824890082614]], "type": "LineString"}, "properties": {"wireset_type": "3-6", "geo_point_2d": {"lon": -123.12020911590783, "lat": 49.243820296994166}}}, {"type": "Feature", "geometry": {"coordinates": [[-123.12045413887016, 49.243801390819804], [-123.1204542057339, 49.243828880196155], [-123.11996762213435, 49.24381249344509], [-123.11994047616348, 49.243824890082614]], "type": "LineString"}, "properties": {"wireset_type": "2-12", "geo_point_2d": {"lon": -123.12020911590783, "lat": 49.243820296994166}}}, {"type": "Feature", "geometry": {"coordinates": [[-123.12030514500822, 49.24430193312598], [-123.12030469719085, 49.24438906145554]], "type": "LineString"}, "properties": {"wireset_type": "2-8", "geo_point_2d": {"lon": -123.12030492109953, "lat": 49.244345497290766}}}, {"type": "Feature", "geometry": {"coordinates": [[-123.1184339281224, 49.242906825160006], [-123.1183162370768, 49.24308924326045]], "type": "LineString"}, "properties": {"wireset_type": "1-8G", "geo_point_2d": {"lon": -123.1183750825996, "lat": 49.24299803421023}}}, {"type": "Feature", "geometry": {"coordinates": [[-123.12040086983683, 49.24593642961784], [-123.12038984627053, 49.2460985442202], [-123.12038880853459, 49.24610221131307], [-123.12038746330161, 49.24610577709689], [-123.12038582027968, 49.24610921583866], [-123.12038389132587, 49.24611250272218], [-123.1203816903608, 49.24611561402716], [-123.12037923326804, 49.24611852730044], [-123.12037653777955, 49.246121221517924], [-123.12037362334775, 49.24612367723641], [-123.12037051100505, 49.246125876733835], [-123.12036722321214, 49.2461278041372], [-123.12036378369585, 49.24612944553713], [-123.12036021727796, 49.2461307890882], [-123.12035654969607, 49.24613182509449], [-123.1203528074178, 49.246132546079494], [-123.12034901744987, 49.24613294684013], [-123.12034520714313, 49.24613302448424], [-123.12029987964706, 49.24613868471809]], "type": "LineString"}, "properties": {"wireset_type": "2-10", "geo_point_2d": {"lon": -123.1203776046439, "lat": 49.24606102484163}}}, {"type": "Feature", "geometry": {"coordinates": [[-123.11588503970209, 49.24555597060393], [-123.11587516387266, 49.24576273597452]], "type": "LineString"}, "properties": {"wireset_type": "3-8", "geo_point_2d": {"lon": -123.11588010178738, "lat": 49.24565935328923}}}, {"type": "Feature", "geometry": {"coordinates": [[-123.11587516387266, 49.24576273597452], [-123.11587178951538, 49.24599999765471]], "type": "LineString"}, "properties": {"wireset_type": "3-6", "geo_point_2d": {"lon": -123.11587347669402, "lat": 49.245881366814615}}}, {"type": "Feature", "geometry": {"coordinates": [[-123.11936872471645, 49.242155848988915], [-123.11921718691994, 49.24215002363121]], "type": "LineString"}, "properties": {"wireset_type": "3-8", "geo_point_2d": {"lon": -123.11929295581818, "lat": 49.24215293631006}}}, {"type": "Feature", "geometry": {"coordinates": [[-123.11921718691994, 49.24215002363121], [-123.11889382215467, 49.242139508611494], [-123.1188863799174, 49.24221562499668], [-123.11876054763407, 49.24221576341415]], "type": "LineString"}, "properties": {"wireset_type": "2-8", "geo_point_2d": {"lon": -123.11897592215364, "lat": 49.24216650935574}}}, {"type": "Feature", "geometry": {"coordinates": [[-123.12050718113386, 49.24279454344526], [-123.12048996076354, 49.24315929135853], [-123.12048857211967, 49.243163405481845], [-123.12048682346125, 49.2431673799675], [-123.12048472861751, 49.24317118338336], [-123.12048230415547, 49.24317478565019], [-123.12047956924896, 49.24317815827955], [-123.1204765455269, 49.243181274599074], [-123.12047325690233, 49.243184109963416], [-123.12046972938329, 49.24318664194916], [-123.12046599086705, 49.24318885053216], [-123.1204620709196, 49.24319071824587], [-123.12045800054177, 49.24319223031953], [-123.12045381192404, 49.24319337479494], [-123.12044953819199, 49.243194142621036], [-123.12044521314436, 49.243194527725485], [-123.12044087098568, 49.2431945270627], [-123.12043654605581, 49.24319414063791], [-123.12037619348725, 49.24319523799135]], "type": "LineString"}, "properties": {"wireset_type": "2-12", "geo_point_2d": {"lon": -123.12048296880634, "lat": 49.24303243402587}}}, {"type": "Feature", "geometry": {"coordinates": [[-123.12037619348725, 49.24319523799135], [-123.12037208555651, 49.24337046951608]], "type": "LineString"}, "properties": {"wireset_type": "2-8", "geo_point_2d": {"lon": -123.12037413952189, "lat": 49.24328285375371}}}, {"type": "Feature", "geometry": {"coordinates": [[-123.12037208555651, 49.24337046951608], [-123.11980068299628, 49.24334317822471]], "type": "LineString"}, "properties": {"wireset_type": "3-6", "geo_point_2d": {"lon": -123.12008638427639, "lat": 49.2433568238704}}}, {"type": "Feature", "geometry": {"coordinates": [[-123.12758778495024, 49.25101223581918], [-123.1275569853776, 49.25136735639087]], "type": "LineString"}, "properties": {"wireset_type": "3-10", "geo_point_2d": {"lon": -123.12757238516392, "lat": 49.251189796105024}}}, {"type": "Feature", "geometry": {"coordinates": [[-123.1275247029765, 49.25221391470691], [-123.12750673689222, 49.2524890264947]], "type": "LineString"}, "properties": {"wireset_type": "2-10", "geo_point_2d": {"lon": -123.12751571993437, "lat": 49.2523514706008}}}, {"type": "Feature", "geometry": {"coordinates": [[-123.12737258620018, 49.251365149113276], [-123.12735974886924, 49.251599003159036]], "type": "LineString"}, "properties": {"wireset_type": "3-10", "geo_point_2d": {"lon": -123.12736616753472, "lat": 49.251482076136156}}}, {"type": "Feature", "geometry": {"coordinates": [[-123.11951001154047, 49.24516114679348], [-123.1187579457031, 49.245146891286375]], "type": "LineString"}, "properties": {"wireset_type": "1-8G", "geo_point_2d": {"lon": -123.11913397862179, "lat": 49.24515401903994}}}, {"type": "Feature", "geometry": {"coordinates": [[-123.11836672129073, 49.24514440531117], [-123.1179412384951, 49.24517984092121]], "type": "LineString"}, "properties": {"wireset_type": "3-8", "geo_point_2d": {"lon": -123.11815397989292, "lat": 49.24516212311619}}}, {"type": "Feature", "geometry": {"coordinates": [[-123.11719166527554, 49.245278255985234], [-123.11670991884644, 49.24527364336046]], "type": "LineString"}, "properties": {"wireset_type": "3-10", "geo_point_2d": {"lon": -123.11695079206099, "lat": 49.245275949672845}}}, {"type": "Feature", "geometry": {"coordinates": [[-123.11000643078269, 49.24789093425981], [-123.11016221005238, 49.247893610327175]], "type": "LineString"}, "properties": {"wireset_type": "3-8", "geo_point_2d": {"lon": -123.11008432041754, "lat": 49.24789227229349}}}, {"type": "Feature", "geometry": {"coordinates": [[-123.11020404482291, 49.24838554656269], [-123.11019955155272, 49.248386039845855], [-123.11019503212526, 49.24838612691245], [-123.11019052318998, 49.24838580705643], [-123.11018606131128, 49.24838508287161], [-123.11018168267195, 49.248383960230626], [-123.11017742277976, 49.24838244823734], [-123.11017331617953, 49.24838055915297], [-123.11016939617298, 49.248378308296715], [-123.1101656945487, 49.24837571392148], [-123.11016224132432, 49.24837279706588], [-123.11015906450314, 49.24836958138362], [-123.11015618984702, 49.248366092951684], [-123.11015364066745, 49.24836236005888], [-123.11015143763653, 49.24835841297641], [-123.11014959861936, 49.24835428371243], [-123.11014813852908, 49.24835000575245], [-123.11016221005238, 49.247893610327175]], "type": "LineString"}, "properties": {"wireset_type": "3-8", "geo_point_2d": {"lon": -123.11015743175633, "lat": 49.248156388566855}}}, {"type": "Feature", "geometry": {"coordinates": [[-123.11209125495608, 49.24792776273033], [-123.11138237722857, 49.2479139929916]], "type": "LineString"}, "properties": {"wireset_type": "2-10", "geo_point_2d": {"lon": -123.11173681609232, "lat": 49.24792087786096}}}, {"type": "Feature", "geometry": {"coordinates": [[-123.11070566935146, 49.24790178923273], [-123.11016221005238, 49.247893610327175]], "type": "LineString"}, "properties": {"wireset_type": "3-8", "geo_point_2d": {"lon": -123.11043393970192, "lat": 49.247897699779955}}}, {"type": "Feature", "geometry": {"coordinates": [[-123.10837644270211, 49.2478618730301], [-123.10765252842621, 49.24784501814145], [-123.1076504167201, 49.2477585129748]], "type": "LineString"}, "properties": {"wireset_type": "2-10", "geo_point_2d": {"lon": -123.10797573618083, "lat": 49.247847929063624}}}, {"type": "Feature", "geometry": {"coordinates": [[-123.1098356602337, 49.24773929322231], [-123.10983654386585, 49.247889872546594]], "type": "LineString"}, "properties": {"wireset_type": "1-10G", "geo_point_2d": {"lon": -123.10983610204977, "lat": 49.24781458288445}}}, {"type": "Feature", "geometry": {"coordinates": [[-123.11811382180454, 49.242363561567004], [-123.11806421217852, 49.242588700156425]], "type": "LineString"}, "properties": {"wireset_type": "1-8G", "geo_point_2d": {"lon": -123.11808901699153, "lat": 49.24247613086172}}}, {"type": "Feature", "geometry": {"coordinates": [[-123.11811382180454, 49.242363561567004], [-123.11806421217852, 49.242588700156425]], "type": "LineString"}, "properties": {"wireset_type": "3-6", "geo_point_2d": {"lon": -123.11808901699153, "lat": 49.24247613086172}}}, {"type": "Feature", "geometry": {"coordinates": [[-123.11873976535624, 49.24103141738245], [-123.11879224748826, 49.24116382735903]], "type": "LineString"}, "properties": {"wireset_type": "2-10", "geo_point_2d": {"lon": -123.11876600642225, "lat": 49.241097622370745}}}, {"type": "Feature", "geometry": {"coordinates": [[-123.11998264229695, 49.24120527960626], [-123.11940789798086, 49.24118325205553]], "type": "LineString"}, "properties": {"wireset_type": "3-10", "geo_point_2d": {"lon": -123.11969527013892, "lat": 49.2411942658309}}}, {"type": "Feature", "geometry": {"coordinates": [[-123.12661805802776, 49.24624015457173], [-123.12661508166049, 49.24633889851764]], "type": "LineString"}, "properties": {"wireset_type": "1-12G", "geo_point_2d": {"lon": -123.12661656984412, "lat": 49.246289526544686}}}, {"type": "Feature", "geometry": {"coordinates": [[-123.1253055261911, 49.246220006052816], [-123.12530757925624, 49.24632547294452]], "type": "LineString"}, "properties": {"wireset_type": "2-10", "geo_point_2d": {"lon": -123.12530655272367, "lat": 49.246272739498664}}}, {"type": "Feature", "geometry": {"coordinates": [[-123.1253055261911, 49.246220006052816], [-123.12530757925624, 49.24632547294452]], "type": "LineString"}, "properties": {"wireset_type": "1-12G", "geo_point_2d": {"lon": -123.12530655272367, "lat": 49.246272739498664}}}, {"type": "Feature", "geometry": {"coordinates": [[-123.12322954925703, 49.24618542154423], [-123.12323076961715, 49.24628932418978]], "type": "LineString"}, "properties": {"wireset_type": "2-8", "geo_point_2d": {"lon": -123.1232301594371, "lat": 49.246237372867}}}, {"type": "Feature", "geometry": {"coordinates": [[-123.1217343501693, 49.24615421009394], [-123.1217356764843, 49.2462633658599]], "type": "LineString"}, "properties": {"wireset_type": "2-12", "geo_point_2d": {"lon": -123.1217350133268, "lat": 49.246208787976926}}}, {"type": "Feature", "geometry": {"coordinates": [[-123.12784862950743, 49.251676127978946], [-123.12782688300193, 49.25177424497651]], "type": "LineString"}, "properties": {"wireset_type": "2-12", "geo_point_2d": {"lon": -123.12783775625468, "lat": 49.25172518647773}}}, {"type": "Feature", "geometry": {"coordinates": [[-123.1217356764843, 49.2462633658599], [-123.12097399853785, 49.2462473358581]], "type": "LineString"}, "properties": {"wireset_type": null, "geo_point_2d": {"lon": -123.12135483751108, "lat": 49.246255350859}}}, {"type": "Feature", "geometry": {"coordinates": [[-123.1217356764843, 49.2462633658599], [-123.12097399853785, 49.2462473358581]], "type": "LineString"}, "properties": {"wireset_type": "2-12", "geo_point_2d": {"lon": -123.12135483751108, "lat": 49.246255350859}}}, {"type": "Feature", "geometry": {"coordinates": [[-123.12727136320001, 49.246247469461835], [-123.12661805802776, 49.24624015457173]], "type": "LineString"}, "properties": {"wireset_type": "2-10", "geo_point_2d": {"lon": -123.12694471061387, "lat": 49.24624381201679}}}, {"type": "Feature", "geometry": {"coordinates": [[-123.12763635051772, 49.24970807205273], [-123.12763048471477, 49.249927202300675]], "type": "LineString"}, "properties": {"wireset_type": "3-10", "geo_point_2d": {"lon": -123.12763341761624, "lat": 49.249817637176704}}}, {"type": "Feature", "geometry": {"coordinates": [[-123.1276680576999, 49.24882095447873], [-123.12765868408675, 49.249033126330396]], "type": "LineString"}, "properties": {"wireset_type": "3-10", "geo_point_2d": {"lon": -123.12766337089333, "lat": 49.24892704040457}}}, {"type": "Feature", "geometry": {"coordinates": [[-123.12771160188127, 49.24765981992086], [-123.12769771985216, 49.24792981815079]], "type": "LineString"}, "properties": {"wireset_type": "3-10", "geo_point_2d": {"lon": -123.12770466086673, "lat": 49.247794819035825}}}, {"type": "Feature", "geometry": {"coordinates": [[-123.12778319955157, 49.246418299662324], [-123.1277731872448, 49.2465316866629]], "type": "LineString"}, "properties": {"wireset_type": "3-8", "geo_point_2d": {"lon": -123.12777819339819, "lat": 49.24647499316261}}}, {"type": "Feature", "geometry": {"coordinates": [[-123.12778135530394, 49.246225416898696], [-123.12778515192382, 49.246228161607355], [-123.1277890882435, 49.24623070190958], [-123.12779315326924, 49.24623303071055], [-123.12779733564776, 49.24623514150613], [-123.12780162369808, 49.24623702840107], [-123.12780600544409, 49.24623868612545], [-123.12781046864794, 49.24624011004939], [-123.12781500084435, 49.24624129619601], [-123.1278195893753, 49.24624224125251], [-123.12782422142547, 49.246242942579435], [-123.12782888405793, 49.24624339821804], [-123.12783356425042, 49.24624360689578], [-123.12783824893158, 49.246243568029826], [-123.12784292501753, 49.246243281728724], [-123.12784757944839, 49.2462427487921], [-123.12785219922478, 49.24624197070839], [-123.12785052750895, 49.2463129089746], [-123.12784699464457, 49.24638142058632], [-123.12784197712055, 49.24637944687224], [-123.12783675959682, 49.2463780872618], [-123.12783141693637, 49.24637736126322], [-123.12782602579777, 49.2463772792934], [-123.12782066353512, 49.24637784252847], [-123.1278154070882, 49.24637904288692], [-123.12781033187856, 49.246380863145546], [-123.1278055107272, 49.246383277186595], [-123.12780101280988, 49.24638625037247], [-123.12779690266441, 49.24638974004276], [-123.12779323926475, 49.246393696126354], [-123.12779007517474, 49.24639806185984], [-123.12778745579396, 49.246402774602025], [-123.1277854187063, 49.246407766732666], [-123.12778399314064, 49.24641296662277], [-123.12778319955157, 49.246418299662324]], "type": "LineString"}, "properties": {"wireset_type": "1-8G", "geo_point_2d": {"lon": -123.12782965888273, "lat": 49.24631569732798}}}, {"type": "Feature", "geometry": {"coordinates": [[-123.12752606415202, 49.2464152645421], [-123.1275293445872, 49.24653665160091]], "type": "LineString"}, "properties": {"wireset_type": "2-10", "geo_point_2d": {"lon": -123.12752770436961, "lat": 49.24647595807151}}}, {"type": "Feature", "geometry": {"coordinates": [[-123.1275293445872, 49.24653665160091], [-123.12751566544452, 49.24683768319224]], "type": "LineString"}, "properties": {"wireset_type": "3-10", "geo_point_2d": {"lon": -123.12752250501588, "lat": 49.24668716739657}}}, {"type": "Feature", "geometry": {"coordinates": [[-123.1277731872448, 49.2465316866629], [-123.12776130789173, 49.24683741180521]], "type": "LineString"}, "properties": {"wireset_type": "3-10", "geo_point_2d": {"lon": -123.12776724756827, "lat": 49.246684549234054}}}, {"type": "Feature", "geometry": {"coordinates": [[-123.12751566544452, 49.24683768319224], [-123.12749531715528, 49.24714208634318]], "type": "LineString"}, "properties": {"wireset_type": "2-10", "geo_point_2d": {"lon": -123.12750549129989, "lat": 49.246989884767714}}}, {"type": "Feature", "geometry": {"coordinates": [[-123.12864922282529, 49.247179999400956], [-123.12801444467831, 49.24716899272241], [-123.12800819199471, 49.24716917311875], [-123.12800199501778, 49.24717002521748], [-123.12799592569515, 49.24717153912564], [-123.1279900544923, 49.247173697266575], [-123.12794215717919, 49.247195176963785]], "type": "LineString"}, "properties": {"wireset_type": "2-12", "geo_point_2d": {"lon": -123.12829330311381, "lat": 49.24717508895065}}}, {"type": "Feature", "geometry": {"coordinates": [[-123.12773428731991, 49.249992824710205], [-123.1276981825057, 49.25000585373226], [-123.12762452192926, 49.25000744632439], [-123.12761515413885, 49.2502593500438]], "type": "LineString"}, "properties": {"wireset_type": "3-10", "geo_point_2d": {"lon": -123.12763839891507, "lat": 49.25009362162771}}}, {"type": "Feature", "geometry": {"coordinates": [[-123.11814017764952, 49.242152551265825], [-123.11811382180454, 49.242363561567004]], "type": "LineString"}, "properties": {"wireset_type": "3-6", "geo_point_2d": {"lon": -123.11812699972702, "lat": 49.24225805641642}}}, {"type": "Feature", "geometry": {"coordinates": [[-123.1164686873927, 49.24446473836318], [-123.1163627053783, 49.24458296160644]], "type": "LineString"}, "properties": {"wireset_type": "3-8", "geo_point_2d": {"lon": -123.11641569638549, "lat": 49.2445238499848}}}, {"type": "Feature", "geometry": {"coordinates": [[-123.12804233734428, 49.248098978848645], [-123.1286213708303, 49.24811061414937], [-123.12862602035554, 49.24811093716533], [-123.12863059006261, 49.248111853790355], [-123.1286350044835, 49.24811334888653], [-123.12863919071465, 49.24811539776254], [-123.12867867383896, 49.248139308093776]], "type": "LineString"}, "properties": {"wireset_type": "2-12", "geo_point_2d": {"lon": -123.12836394442566, "lat": 49.24810663019007}}}, {"type": "Feature", "geometry": {"coordinates": [[-123.12040086983683, 49.24593642961784], [-123.12041301923371, 49.24558189677144]], "type": "LineString"}, "properties": {"wireset_type": "2-10", "geo_point_2d": {"lon": -123.12040694453525, "lat": 49.24575916319464}}}, {"type": "Feature", "geometry": {"coordinates": [[-123.12043760901246, 49.24499833223617], [-123.12044638299919, 49.244645835770456]], "type": "LineString"}, "properties": {"wireset_type": "2-10", "geo_point_2d": {"lon": -123.12044199600582, "lat": 49.24482208400331}}}, {"type": "Feature", "geometry": {"coordinates": [[-123.10419556065204, 49.248789727345795], [-123.10359283386153, 49.248776875464415]], "type": "LineString"}, "properties": {"wireset_type": "3-4", "geo_point_2d": {"lon": -123.10389419725678, "lat": 49.248783301405105}}}, {"type": "Feature", "geometry": {"coordinates": [[-123.10525004097468, 49.24939381758413], [-123.10522548832274, 49.24938826290761]], "type": "LineString"}, "properties": {"wireset_type": null, "geo_point_2d": {"lon": -123.10523776464872, "lat": 49.24939104024587}}}, {"type": "Feature", "geometry": {"coordinates": [[-123.10478081617661, 49.24888349501939], [-123.10487646773117, 49.24889821437598], [-123.10489928704266, 49.248948342060075], [-123.10488602156285, 49.24938665560865], [-123.10522548832274, 49.24938826290761]], "type": "LineString"}, "properties": {"wireset_type": null, "geo_point_2d": {"lon": -123.10494525457507, "lat": 49.24920454411159}}}, {"type": "Feature", "geometry": {"coordinates": [[-123.10522548832274, 49.24938826290761], [-123.10518986048598, 49.24940201307461], [-123.10485654005278, 49.24939596544521], [-123.10484721773426, 49.24958123962188], [-123.10476615081316, 49.24958283335651]], "type": "LineString"}, "properties": {"wireset_type": null, "geo_point_2d": {"lon": -123.1049569274773, "lat": 49.24944806647069}}}, {"type": "Feature", "geometry": {"coordinates": [[-123.12613577264341, 49.24906468121294], [-123.1255034682335, 49.249057732873176]], "type": "LineString"}, "properties": {"wireset_type": "3-6", "geo_point_2d": {"lon": -123.12581962043845, "lat": 49.249061207043056}}}, {"type": "Feature", "geometry": {"coordinates": [[-123.12501606764455, 49.2516284227218], [-123.1250163021949, 49.251726749278156]], "type": "LineString"}, "properties": {"wireset_type": "3-12", "geo_point_2d": {"lon": -123.12501618491973, "lat": 49.25167758599998}}}, {"type": "Feature", "geometry": {"coordinates": [[-123.12640791051372, 49.252554324941556], [-123.12568561041252, 49.25254781784002]], "type": "LineString"}, "properties": {"wireset_type": "3-12", "geo_point_2d": {"lon": -123.12604676046313, "lat": 49.25255107139078}}}, {"type": "Feature", "geometry": {"coordinates": [[-123.12499420957016, 49.25253361786173], [-123.12449913681462, 49.25252030876232]], "type": "LineString"}, "properties": {"wireset_type": "3-12", "geo_point_2d": {"lon": -123.12474667319239, "lat": 49.25252696331202}}}, {"type": "Feature", "geometry": {"coordinates": [[-123.1245250627271, 49.25180289365851], [-123.12450545257548, 49.252173949834265]], "type": "LineString"}, "properties": {"wireset_type": "3-6", "geo_point_2d": {"lon": -123.1245152576513, "lat": 49.25198842174639}}}, {"type": "Feature", "geometry": {"coordinates": [[-123.12450545257548, 49.252173949834265], [-123.12449913681462, 49.25252030876232]], "type": "LineString"}, "properties": {"wireset_type": "3-6", "geo_point_2d": {"lon": -123.12450229469505, "lat": 49.25234712929829}}}, {"type": "Feature", "geometry": {"coordinates": [[-123.12210706397958, 49.25189644325231], [-123.12210471610916, 49.25219807361159]], "type": "LineString"}, "properties": {"wireset_type": "2-12", "geo_point_2d": {"lon": -123.12210589004435, "lat": 49.25204725843195}}}, {"type": "Feature", "geometry": {"coordinates": [[-123.11775189293924, 49.25238980960837], [-123.11702389189668, 49.252376732628505]], "type": "LineString"}, "properties": {"wireset_type": "3-12", "geo_point_2d": {"lon": -123.11738789241795, "lat": 49.252383271118426}}}, {"type": "Feature", "geometry": {"coordinates": [[-123.11962989360102, 49.2524197773533], [-123.1195999569317, 49.25240523608439], [-123.11959661009318, 49.25240373586232], [-123.1195935139809, 49.25240176962657], [-123.11959073304713, 49.2523993783086], [-123.11958832518305, 49.252396611688866], [-123.11958634051352, 49.252393527360546], [-123.11958482035378, 49.252390189530615], [-123.11958379634923, 49.25238666768324], [-123.11958328981673, 49.2523830351333], [-123.11958716505421, 49.252252249556804]], "type": "LineString"}, "properties": {"wireset_type": "3-12", "geo_point_2d": {"lon": -123.11959097976515, "lat": 49.252345807916164}}}, {"type": "Feature", "geometry": {"coordinates": [[-123.11962989360102, 49.2524197773533], [-123.1195999569317, 49.25240523608439], [-123.11959661009318, 49.25240373586232], [-123.1195935139809, 49.25240176962657], [-123.11959073304713, 49.2523993783086], [-123.11958832518305, 49.252396611688866], [-123.11958634051352, 49.252393527360546], [-123.11958482035378, 49.252390189530615], [-123.11958379634923, 49.25238666768324], [-123.11958328981673, 49.2523830351333], [-123.11958716505421, 49.252252249556804]], "type": "LineString"}, "properties": {"wireset_type": "3-10", "geo_point_2d": {"lon": -123.11959097976515, "lat": 49.252345807916164}}}, {"type": "Feature", "geometry": {"coordinates": [[-123.11775189293924, 49.25238980960837], [-123.11775428217179, 49.25248727042499]], "type": "LineString"}, "properties": {"wireset_type": null, "geo_point_2d": {"lon": -123.11775308755551, "lat": 49.25243854001668}}}, {"type": "Feature", "geometry": {"coordinates": [[-123.1162070710632, 49.2523598814819], [-123.11620701890648, 49.25245474516613]], "type": "LineString"}, "properties": {"wireset_type": "2-12", "geo_point_2d": {"lon": -123.11620704498483, "lat": 49.252407313324014}}}, {"type": "Feature", "geometry": {"coordinates": [[-123.12716952002056, 49.24820408967541], [-123.12639481643468, 49.24818438572062]], "type": "LineString"}, "properties": {"wireset_type": "2-12", "geo_point_2d": {"lon": -123.1267821682276, "lat": 49.24819423769801}}}, {"type": "Feature", "geometry": {"coordinates": [[-123.12424117474326, 49.24815379925565], [-123.12358893833174, 49.24813866721734]], "type": "LineString"}, "properties": {"wireset_type": "3-12", "geo_point_2d": {"lon": -123.12391505653748, "lat": 49.2481462332365}}}, {"type": "Feature", "geometry": {"coordinates": [[-123.12424106101828, 49.24804824034127], [-123.12424117474326, 49.24815379925565]], "type": "LineString"}, "properties": {"wireset_type": "3-12", "geo_point_2d": {"lon": -123.12424111788077, "lat": 49.248101019798455}}}, {"type": "Feature", "geometry": {"coordinates": [[-123.12480112038038, 49.24851887885312], [-123.12483129975877, 49.2485700650903]], "type": "LineString"}, "properties": {"wireset_type": "3-12", "geo_point_2d": {"lon": -123.12481621006958, "lat": 49.24854447197171}}}, {"type": "Feature", "geometry": {"coordinates": [[-123.10662255035672, 49.25185417471233], [-123.10608188477187, 49.251842241012035]], "type": "LineString"}, "properties": {"wireset_type": "1-10G", "geo_point_2d": {"lon": -123.1063522175643, "lat": 49.25184820786218}}}, {"type": "Feature", "geometry": {"coordinates": [[-123.10915548712235, 49.25190045554495], [-123.10915701416235, 49.25199473304859]], "type": "LineString"}, "properties": {"wireset_type": "2-10", "geo_point_2d": {"lon": -123.10915625064233, "lat": 49.251947594296766}}}, {"type": "Feature", "geometry": {"coordinates": [[-123.11188894819065, 49.25194905945614], [-123.1112822039537, 49.25193366994847]], "type": "LineString"}, "properties": {"wireset_type": "3-4", "geo_point_2d": {"lon": -123.11158557607217, "lat": 49.251941364702304}}}, {"type": "Feature", "geometry": {"coordinates": [[-123.12115786393854, 49.25427111103455], [-123.12058526089878, 49.254259782423176]], "type": "LineString"}, "properties": {"wireset_type": "3-12", "geo_point_2d": {"lon": -123.12087156241866, "lat": 49.254265446728866}}}, {"type": "Feature", "geometry": {"coordinates": [[-123.12058526089878, 49.254259782423176], [-123.12033292840881, 49.25425355995576]], "type": "LineString"}, "properties": {"wireset_type": "3-12", "geo_point_2d": {"lon": -123.1204590946538, "lat": 49.25425667118947}}}, {"type": "Feature", "geometry": {"coordinates": [[-123.12206868592298, 49.247076174569585], [-123.12164042601191, 49.247066290750006]], "type": "LineString"}, "properties": {"wireset_type": "3-6", "geo_point_2d": {"lon": -123.12185455596745, "lat": 49.24707123265979}}}, {"type": "Feature", "geometry": {"coordinates": [[-123.1202656332886, 49.247046663235594], [-123.11967455279432, 49.2470359790182]], "type": "LineString"}, "properties": {"wireset_type": "3-8", "geo_point_2d": {"lon": -123.11997009304145, "lat": 49.2470413211269}}}, {"type": "Feature", "geometry": {"coordinates": [[-123.11897192754465, 49.24702382353717], [-123.11897177672557, 49.24706398740547]], "type": "LineString"}, "properties": {"wireset_type": null, "geo_point_2d": {"lon": -123.1189718521351, "lat": 49.24704390547131}}}, {"type": "Feature", "geometry": {"coordinates": [[-123.11796459364757, 49.25692076405378], [-123.11789980976378, 49.256920560324446]], "type": "LineString"}, "properties": {"wireset_type": null, "geo_point_2d": {"lon": -123.11793220170568, "lat": 49.25692066218912}}}, {"type": "Feature", "geometry": {"coordinates": [[-123.11789980976378, 49.256920560324446], [-123.11789845677181, 49.25703335272958]], "type": "LineString"}, "properties": {"wireset_type": "3-10", "geo_point_2d": {"lon": -123.1178991332678, "lat": 49.25697695652701}}}, {"type": "Feature", "geometry": {"coordinates": [[-123.11744352825295, 49.25699830294627], [-123.11744380339492, 49.25702738420253]], "type": "LineString"}, "properties": {"wireset_type": "3-10", "geo_point_2d": {"lon": -123.11744366582394, "lat": 49.2570128435744}}}, {"type": "Feature", "geometry": {"coordinates": [[-123.11697231970959, 49.25690701176862], [-123.11697258518731, 49.25701935276318]], "type": "LineString"}, "properties": {"wireset_type": "3-10", "geo_point_2d": {"lon": -123.11697245244845, "lat": 49.2569631822659}}}, {"type": "Feature", "geometry": {"coordinates": [[-123.11629740498249, 49.25697978076706], [-123.1162942925134, 49.257012067732994]], "type": "LineString"}, "properties": {"wireset_type": null, "geo_point_2d": {"lon": -123.11629584874795, "lat": 49.25699592425003}}}, {"type": "Feature", "geometry": {"coordinates": [[-123.11582192336574, 49.25688790450992], [-123.11575943460875, 49.25688771527005]], "type": "LineString"}, "properties": {"wireset_type": null, "geo_point_2d": {"lon": -123.11579067898725, "lat": 49.25688780988998}}}, {"type": "Feature", "geometry": {"coordinates": [[-123.11533598659427, 49.256961728627935], [-123.11533788734071, 49.256993039080015]], "type": "LineString"}, "properties": {"wireset_type": "2-10", "geo_point_2d": {"lon": -123.1153369369675, "lat": 49.25697738385398}}}, {"type": "Feature", "geometry": {"coordinates": [[-123.11789845677181, 49.25703335272958], [-123.11744380339492, 49.25702738420253]], "type": "LineString"}, "properties": {"wireset_type": "3-10", "geo_point_2d": {"lon": -123.11767113008337, "lat": 49.257030368466054}}}, {"type": "Feature", "geometry": {"coordinates": [[-123.12225024360598, 49.25610110824419], [-123.12224752529313, 49.25621349737881]], "type": "LineString"}, "properties": {"wireset_type": null, "geo_point_2d": {"lon": -123.12224888444956, "lat": 49.2561573028115}}}, {"type": "Feature", "geometry": {"coordinates": [[-123.123635158665, 49.25531858866358], [-123.12296884086808, 49.255309998714885]], "type": "LineString"}, "properties": {"wireset_type": "3-12", "geo_point_2d": {"lon": -123.12330199976655, "lat": 49.25531429368923}}}, {"type": "Feature", "geometry": {"coordinates": [[-123.12260635486385, 49.25570197284029], [-123.12219065112507, 49.2556983114165]], "type": "LineString"}, "properties": {"wireset_type": "6-12", "geo_point_2d": {"lon": -123.12239850299446, "lat": 49.2557001421284}}}, {"type": "Feature", "geometry": {"coordinates": [[-123.12219065112507, 49.2556983114165], [-123.12217696014045, 49.25605879129845], [-123.1221777169485, 49.25606312329603], [-123.12217915034917, 49.25606728073802], [-123.12218122415368, 49.25607115866225], [-123.12218388600505, 49.25607465916347], [-123.1221870687, 49.256077693865144], [-123.12219069188562, 49.256080186150726], [-123.12219466408798, 49.25608207309793], [-123.12219888502165, 49.25608330706734], [-123.12225024360598, 49.25610110824419]], "type": "LineString"}, "properties": {"wireset_type": "3-12", "geo_point_2d": {"lon": -123.12218884192467, "lat": 49.25591956740975}}}, {"type": "Feature", "geometry": {"coordinates": [[-123.11590733452692, 49.25424093968562], [-123.11544949113008, 49.25412289505442]], "type": "LineString"}, "properties": {"wireset_type": "2-12", "geo_point_2d": {"lon": -123.1156784128285, "lat": 49.25418191737002}}}, {"type": "Feature", "geometry": {"coordinates": [[-123.11600800877578, 49.253754305105076], [-123.11598683816044, 49.25378016963277], [-123.11598491965299, 49.25378279911584], [-123.11598344622561, 49.25378570150517], [-123.11598245578523, 49.253788802130906], [-123.11598197381294, 49.253792021223134], [-123.11596507025106, 49.254125958803826], [-123.11590733452692, 49.25424093968562]], "type": "LineString"}, "properties": {"wireset_type": "2-12", "geo_point_2d": {"lon": -123.11596592819429, "lat": 49.25399867042974}}}, {"type": "Feature", "geometry": {"coordinates": [[-123.11612330978792, 49.2542726378566], [-123.11605702039398, 49.25429114466765], [-123.1160524553417, 49.2542921754831], [-123.1160481089748, 49.25429391081522], [-123.11604408927971, 49.25429630754931], [-123.11604049612666, 49.25429930613798], [-123.11603741878832, 49.25430283208063], [-123.11603493372183, 49.25430679777445], [-123.11603310266923, 49.254311104690885], [-123.11603197112342, 49.25431564582367], [-123.11602719790366, 49.2545774655125], [-123.11602691974713, 49.25458019403807], [-123.11602626237804, 49.25458285676012], [-123.11602523874176, 49.25458540124269], [-123.11602386899631, 49.25458777737827], [-123.11600264456318, 49.25462014550346]], "type": "LineString"}, "properties": {"wireset_type": "2-12", "geo_point_2d": {"lon": -123.11603905930204, "lat": 49.25442452206919}}}, {"type": "Feature", "geometry": {"coordinates": [[-123.10700894055643, 49.246931916424586], [-123.10622092965231, 49.24691510292201]], "type": "LineString"}, "properties": {"wireset_type": "3-10", "geo_point_2d": {"lon": -123.10661493510437, "lat": 49.246923509673294}}}, {"type": "Feature", "geometry": {"coordinates": [[-123.10700215491788, 49.24684378742468], [-123.10663667790236, 49.24684025739495]], "type": "LineString"}, "properties": {"wireset_type": "3-10", "geo_point_2d": {"lon": -123.10681941641012, "lat": 49.246842022409815}}}, {"type": "Feature", "geometry": {"coordinates": [[-123.10673690697055, 49.246844779392326], [-123.10575399567415, 49.246827737820915]], "type": "LineString"}, "properties": {"wireset_type": "3-10", "geo_point_2d": {"lon": -123.10624545132235, "lat": 49.24683625860662}}}, {"type": "Feature", "geometry": {"coordinates": [[-123.10735914879244, 49.24693977717802], [-123.1074128121088, 49.24693742451836], [-123.10741666249551, 49.24693733890483], [-123.10742049902044, 49.246937676371886], [-123.10742427533602, 49.246938432842725], [-123.10742794582207, 49.24693959917872], [-123.10743146613689, 49.24694116128982], [-123.10743479375292, 49.246943100304776], [-123.10743788847056, 49.24694539279911], [-123.10744071290371, 49.24694801107809], [-123.10744323293153, 49.246950923511314], [-123.10744541811053, 49.24695409491483], [-123.10744724204244, 49.246957486976136], [-123.10744868269302, 49.24696105871708], [-123.10744972265836, 49.24696476698886], [-123.10745034937504, 49.24696856699329], [-123.10745055527195, 49.246972412824014], [-123.10745033786172, 49.24697625802106], [-123.10744763158323, 49.24701448127888]], "type": "LineString"}, "properties": {"wireset_type": null, "geo_point_2d": {"lon": -123.1074223794787, "lat": 49.2469577521989}}}, {"type": "Feature", "geometry": {"coordinates": [[-123.12052600197211, 49.25064601298161], [-123.12052411432754, 49.25073422214525]], "type": "LineString"}, "properties": {"wireset_type": "1-12G", "geo_point_2d": {"lon": -123.12052505814982, "lat": 49.25069011756343}}}, {"type": "Feature", "geometry": {"coordinates": [[-123.12052600197211, 49.25064601298161], [-123.12052411432754, 49.25073422214525]], "type": "LineString"}, "properties": {"wireset_type": "3-10", "geo_point_2d": {"lon": -123.12052505814982, "lat": 49.25069011756343}}}, {"type": "Feature", "geometry": {"coordinates": [[-123.12447912040196, 49.250718784541114], [-123.12447890712187, 49.25080884498285]], "type": "LineString"}, "properties": {"wireset_type": "3-8", "geo_point_2d": {"lon": -123.12447901376191, "lat": 49.25076381476198}}}, {"type": "Feature", "geometry": {"coordinates": [[-123.1267871104099, 49.25076820422188], [-123.12651707611928, 49.25075402692508]], "type": "LineString"}, "properties": {"wireset_type": "3-6", "geo_point_2d": {"lon": -123.12665209326461, "lat": 49.25076111557348}}}, {"type": "Feature", "geometry": {"coordinates": [[-123.12592794192776, 49.25074313868843], [-123.1251861935934, 49.25072431721015]], "type": "LineString"}, "properties": {"wireset_type": "1-12G", "geo_point_2d": {"lon": -123.12555706776058, "lat": 49.25073372794929}}}, {"type": "Feature", "geometry": {"coordinates": [[-123.10756279771014, 49.248075865362], [-123.10753813951067, 49.24857826291398]], "type": "LineString"}, "properties": {"wireset_type": "2-12", "geo_point_2d": {"lon": -123.10755046861041, "lat": 49.24832706413799}}}, {"type": "Feature", "geometry": {"coordinates": [[-123.10753813951067, 49.24857826291398], [-123.10753215452301, 49.24878341368622], [-123.10753294479541, 49.24878678766061], [-123.10753429409945, 49.24878997946453], [-123.10753616359031, 49.248792897209825], [-123.10753849944764, 49.24879545689814], [-123.10754123442491, 49.24879758483915], [-123.10754428978547, 49.24879921977204], [-123.10754757756919, 49.24880031462906], [-123.10755100312477, 49.248800837890606], [-123.10764981642245, 49.248822226468086]], "type": "LineString"}, "properties": {"wireset_type": "2-12", "geo_point_2d": {"lon": -123.10755526563052, "lat": 49.24872980725882}}}, {"type": "Feature", "geometry": {"coordinates": [[-123.11279025009547, 49.25195100757109], [-123.11279226034173, 49.25175975813714]], "type": "LineString"}, "properties": {"wireset_type": null, "geo_point_2d": {"lon": -123.11279125521861, "lat": 49.25185538285412}}}, {"type": "Feature", "geometry": {"coordinates": [[-123.12028597980807, 49.249528642058316], [-123.12027828978047, 49.24960413802284]], "type": "LineString"}, "properties": {"wireset_type": null, "geo_point_2d": {"lon": -123.12028213479428, "lat": 49.24956639004058}}}, {"type": "Feature", "geometry": {"coordinates": [[-123.12026655979467, 49.249956754186385], [-123.12026453182378, 49.24997606005664], [-123.12026368831076, 49.24997897661209], [-123.12026263252046, 49.249981823209495], [-123.12026137017476, 49.249984584421775], [-123.12025990811489, 49.24998724528457], [-123.12025825426444, 49.249989791377395], [-123.12025641758648, 49.24999220890174], [-123.1202544080348, 49.24999448475586], [-123.12025223650016, 49.24999660660582], [-123.12024991475116, 49.24999856295228], [-123.12024745537046, 49.25000034319285], [-123.12024487168665, 49.25000193767956], [-123.12024217770194, 49.250003337771105], [-123.12023938801636, 49.25000453587972], [-123.12023651774854, 49.250005525512265], [-123.12023358245385, 49.25000630130545], [-123.1202305980401, 49.25000685905488], [-123.12016046936074, 49.250025741035664]], "type": "LineString"}, "properties": {"wireset_type": null, "geo_point_2d": {"lon": -123.12022423925676, "lat": 49.25000200481327}}}, {"type": "Feature", "geometry": {"coordinates": [[-123.1185981760621, 49.24914248572988], [-123.11822441004652, 49.24913347779246]], "type": "LineString"}, "properties": {"wireset_type": "3-6", "geo_point_2d": {"lon": -123.11841129305431, "lat": 49.249137981761166}}}, {"type": "Feature", "geometry": {"coordinates": [[-123.11768926191445, 49.249124938992196], [-123.11705226848191, 49.24911051911636]], "type": "LineString"}, "properties": {"wireset_type": "3-8", "geo_point_2d": {"lon": -123.11737076519817, "lat": 49.24911772905428}}}, {"type": "Feature", "geometry": {"coordinates": [[-123.11586714627205, 49.24647595811112], [-123.11585489006707, 49.24670488109269]], "type": "LineString"}, "properties": {"wireset_type": "3-4", "geo_point_2d": {"lon": -123.11586101816957, "lat": 49.2465904196019}}}, {"type": "Feature", "geometry": {"coordinates": [[-123.11252384283999, 49.25386014361852], [-123.11254999436126, 49.25363679377681]], "type": "LineString"}, "properties": {"wireset_type": null, "geo_point_2d": {"lon": -123.11253691860064, "lat": 49.253748468697665}}}, {"type": "Feature", "geometry": {"coordinates": [[-123.11266903624228, 49.25476420171315], [-123.1126658037341, 49.254581700841925]], "type": "LineString"}, "properties": {"wireset_type": null, "geo_point_2d": {"lon": -123.11266741998817, "lat": 49.25467295127754}}}, {"type": "Feature", "geometry": {"coordinates": [[-123.11269336764678, 49.25585417367517], [-123.11264507627926, 49.25586006766027], [-123.11263967610309, 49.25586079308635], [-123.11263433090828, 49.25586184998655], [-123.11262906102152, 49.25586323434172], [-123.11262388648314, 49.255864940887406], [-123.11261882697086, 49.25586696313398], [-123.112613901725, 49.255869293391235], [-123.11260912947527, 49.255871922797674], [-123.11260452836959, 49.25587484135419], [-123.1125866555598, 49.25663280481626]], "type": "LineString"}, "properties": {"wireset_type": null, "geo_point_2d": {"lon": -123.11260127057916, "lat": 49.256211240385824}}}, {"type": "Feature", "geometry": {"coordinates": [[-123.11885067559595, 49.247952724008165], [-123.1188496638354, 49.24806930324213]], "type": "LineString"}, "properties": {"wireset_type": "2-12", "geo_point_2d": {"lon": -123.11885016971567, "lat": 49.248011013625145}}}, {"type": "Feature", "geometry": {"coordinates": [[-123.1195392194712, 49.248074258817034], [-123.1188496638354, 49.24806930324213]], "type": "LineString"}, "properties": {"wireset_type": "2-12", "geo_point_2d": {"lon": -123.1191944416533, "lat": 49.24807178102959}}}, {"type": "Feature", "geometry": {"coordinates": [[-123.11916368214791, 49.25159643149766], [-123.11853267320717, 49.25158693399748]], "type": "LineString"}, "properties": {"wireset_type": "3-10", "geo_point_2d": {"lon": -123.11884817767753, "lat": 49.25159168274757}}}, {"type": "Feature", "geometry": {"coordinates": [[-123.11785246556262, 49.251575270422265], [-123.1171412996305, 49.251563814140184]], "type": "LineString"}, "properties": {"wireset_type": "3-12", "geo_point_2d": {"lon": -123.11749688259655, "lat": 49.251569542281224}}}, {"type": "Feature", "geometry": {"coordinates": [[-123.11618551432905, 49.251541706522154], [-123.11606172337622, 49.251543486067106], [-123.11567600198701, 49.25137716439651]], "type": "LineString"}, "properties": {"wireset_type": null, "geo_point_2d": {"lon": -123.11592685554784, "lat": 49.25147905347191}}}, {"type": "Feature", "geometry": {"coordinates": [[-123.11618551432905, 49.251541706522154], [-123.11613438910575, 49.25156771814486], [-123.11613021934542, 49.25156971723165], [-123.11612635988233, 49.25157226434643], [-123.11612288230224, 49.25157531224503], [-123.11611985110774, 49.25157880439466], [-123.11611732252177, 49.25158267602251], [-123.11611534344486, 49.25158685531716], [-123.11611395058517, 49.25159126476054], [-123.11611316977762, 49.2515958225658], [-123.11610926198846, 49.25189825495214]], "type": "LineString"}, "properties": {"wireset_type": "2-12", "geo_point_2d": {"lon": -123.11611919302018, "lat": 49.2517036486663}}}, {"type": "Feature", "geometry": {"coordinates": [[-123.11964196608983, 49.251604050887856], [-123.11963638628171, 49.25162076079945], [-123.11963465981476, 49.25162442121828], [-123.11963256861313, 49.251627886218984], [-123.11963013453692, 49.25163111958057], [-123.11962738303046, 49.25163408750349], [-123.11962434285633, 49.251636758962896], [-123.1196210457946, 49.251639106033004], [-123.11961752631072, 49.251641104179], [-123.11961382119522, 49.2516427325135], [-123.11960771295982, 49.251645482381036], [-123.11958716505421, 49.252252249556804]], "type": "LineString"}, "properties": {"wireset_type": "3-10", "geo_point_2d": {"lon": -123.11960010328292, "lat": 49.251921468465845}}}, {"type": "Feature", "geometry": {"coordinates": [[-123.11964196608983, 49.251604050887856], [-123.11963638628171, 49.25162076079945], [-123.11963465981476, 49.25162442121828], [-123.11963256861313, 49.251627886218984], [-123.11963013453692, 49.25163111958057], [-123.11962738303046, 49.25163408750349], [-123.11962434285633, 49.251636758962896], [-123.1196210457946, 49.251639106033004], [-123.11961752631072, 49.251641104179], [-123.11961382119522, 49.2516427325135], [-123.11960771295982, 49.251645482381036], [-123.11958716505421, 49.252252249556804]], "type": "LineString"}, "properties": {"wireset_type": "1-12G", "geo_point_2d": {"lon": -123.11960010328292, "lat": 49.251921468465845}}}, {"type": "Feature", "geometry": {"coordinates": [[-123.11916513970809, 49.25150549726042], [-123.11916368214791, 49.25159643149766]], "type": "LineString"}, "properties": {"wireset_type": null, "geo_point_2d": {"lon": -123.119164410928, "lat": 49.251550964379035}}}, {"type": "Feature", "geometry": {"coordinates": [[-123.11641814900884, 49.251451897885474], [-123.11641547553285, 49.25154797858168]], "type": "LineString"}, "properties": {"wireset_type": "3-12", "geo_point_2d": {"lon": -123.11641681227084, "lat": 49.251499938233586}}}, {"type": "Feature", "geometry": {"coordinates": [[-123.12214283269725, 49.24900566321862], [-123.1216273104509, 49.248998615117124]], "type": "LineString"}, "properties": {"wireset_type": "2-10", "geo_point_2d": {"lon": -123.12188507157406, "lat": 49.24900213916787}}}, {"type": "Feature", "geometry": {"coordinates": [[-123.1191708656094, 49.24895763814289], [-123.11861503151692, 49.2489514277455]], "type": "LineString"}, "properties": {"wireset_type": "3-6", "geo_point_2d": {"lon": -123.11889294856316, "lat": 49.2489545329442}}}, {"type": "Feature", "geometry": {"coordinates": [[-123.11822003603666, 49.24894168598882], [-123.11766870014522, 49.24893168843928]], "type": "LineString"}, "properties": {"wireset_type": "3-8", "geo_point_2d": {"lon": -123.11794436809096, "lat": 49.24893668721405}}}, {"type": "Feature", "geometry": {"coordinates": [[-123.11637979352275, 49.248907465536824], [-123.11591905670882, 49.248900435711306]], "type": "LineString"}, "properties": {"wireset_type": "2-8", "geo_point_2d": {"lon": -123.1161494251158, "lat": 49.24890395062406}}}, {"type": "Feature", "geometry": {"coordinates": [[-123.12058901605779, 49.24898079555559], [-123.12036050144549, 49.248977066951156], [-123.12035746333288, 49.24885776638594]], "type": "LineString"}, "properties": {"wireset_type": "3-8", "geo_point_2d": {"lon": -123.12043504248803, "lat": 49.24895782910942}}}, {"type": "Feature", "geometry": {"coordinates": [[-123.12028252408136, 49.24885842012588], [-123.12028731590573, 49.24897570393571], [-123.12018378021261, 49.24897546986816]], "type": "LineString"}, "properties": {"wireset_type": "3-6", "geo_point_2d": {"lon": -123.12026178118455, "lat": 49.24894449048445}}}, {"type": "Feature", "geometry": {"coordinates": [[-123.12023071007994, 49.24808948081633], [-123.12029508072038, 49.248116633377904], [-123.12029868472428, 49.24811801035776], [-123.12030205420709, 49.248119889587144], [-123.12030511961592, 49.24812223227498], [-123.12030781767453, 49.24812499006345], [-123.12031009268955, 49.24812810602626], [-123.12031189770009, 49.24813151584363], [-123.12031319544708, 49.24813514913007], [-123.12031395914241, 49.2481389308872], [-123.12032286067155, 49.24855078623577]], "type": "LineString"}, "properties": {"wireset_type": "3-10", "geo_point_2d": {"lon": -123.12031013831218, "lat": 49.2482987298178}}}, {"type": "Feature", "geometry": {"coordinates": [[-123.11587178951538, 49.24599999765471], [-123.11587571314921, 49.246232322617395]], "type": "LineString"}, "properties": {"wireset_type": "3-6", "geo_point_2d": {"lon": -123.11587375133229, "lat": 49.246116160136054}}}, {"type": "Feature", "geometry": {"coordinates": [[-123.11513408709898, 49.24803767856076], [-123.11513788463667, 49.24830582259821]], "type": "LineString"}, "properties": {"wireset_type": "1-8G", "geo_point_2d": {"lon": -123.11513598586782, "lat": 49.24817175057949}}}, {"type": "Feature", "geometry": {"coordinates": [[-123.11513408709898, 49.24803767856076], [-123.11513788463667, 49.24830582259821]], "type": "LineString"}, "properties": {"wireset_type": "3-8", "geo_point_2d": {"lon": -123.11513598586782, "lat": 49.24817175057949}}}, {"type": "Feature", "geometry": {"coordinates": [[-123.11514694270518, 49.247858138930766], [-123.11513408709898, 49.24803767856076]], "type": "LineString"}, "properties": {"wireset_type": "3-8", "geo_point_2d": {"lon": -123.11514051490208, "lat": 49.24794790874577}}}, {"type": "Feature", "geometry": {"coordinates": [[-123.11516556159873, 49.24762811231052], [-123.11514694270518, 49.247858138930766]], "type": "LineString"}, "properties": {"wireset_type": "3-8", "geo_point_2d": {"lon": -123.11515625215196, "lat": 49.247743125620644}}}, {"type": "Feature", "geometry": {"coordinates": [[-123.11516556159873, 49.24762811231052], [-123.11514694270518, 49.247858138930766]], "type": "LineString"}, "properties": {"wireset_type": "1-8G", "geo_point_2d": {"lon": -123.11515625215196, "lat": 49.247743125620644}}}, {"type": "Feature", "geometry": {"coordinates": [[-123.11517020432387, 49.247373470666865], [-123.11516556159873, 49.24762811231052]], "type": "LineString"}, "properties": {"wireset_type": "1-8G", "geo_point_2d": {"lon": -123.1151678829613, "lat": 49.24750079148869}}}, {"type": "Feature", "geometry": {"coordinates": [[-123.11517144503964, 49.24711531526744], [-123.11517020432387, 49.247373470666865]], "type": "LineString"}, "properties": {"wireset_type": "3-8", "geo_point_2d": {"lon": -123.11517082468177, "lat": 49.247244392967154}}}, {"type": "Feature", "geometry": {"coordinates": [[-123.11519637905127, 49.24621580310056], [-123.11518581246526, 49.24646358734004]], "type": "LineString"}, "properties": {"wireset_type": "3-8", "geo_point_2d": {"lon": -123.11519109575826, "lat": 49.2463396952203}}}, {"type": "Feature", "geometry": {"coordinates": [[-123.11518581246526, 49.24646358734004], [-123.11518364633561, 49.246695999335216]], "type": "LineString"}, "properties": {"wireset_type": "3-8", "geo_point_2d": {"lon": -123.11518472940043, "lat": 49.24657979333763}}}, {"type": "Feature", "geometry": {"coordinates": [[-123.12336172319685, 49.24720459332984], [-123.12328961514567, 49.24720452637948]], "type": "LineString"}, "properties": {"wireset_type": null, "geo_point_2d": {"lon": -123.12332566917127, "lat": 49.24720455985466}}}, {"type": "Feature", "geometry": {"coordinates": [[-123.11967674330411, 49.24714641121765], [-123.11960036795037, 49.247148730121616]], "type": "LineString"}, "properties": {"wireset_type": "2-8", "geo_point_2d": {"lon": -123.11963855562725, "lat": 49.24714757066963}}}, {"type": "Feature", "geometry": {"coordinates": [[-123.12448279663298, 49.247114634866165], [-123.12396414655736, 49.24710730372254]], "type": "LineString"}, "properties": {"wireset_type": "3-6", "geo_point_2d": {"lon": -123.12422347159517, "lat": 49.247110969294354}}}, {"type": "Feature", "geometry": {"coordinates": [[-123.12249810186566, 49.24673684264625], [-123.1224817389292, 49.24703733675425]], "type": "LineString"}, "properties": {"wireset_type": "3-4", "geo_point_2d": {"lon": -123.12248992039743, "lat": 49.24688708970025}}}, {"type": "Feature", "geometry": {"coordinates": [[-123.12249810186566, 49.24673684264625], [-123.1224817389292, 49.24703733675425]], "type": "LineString"}, "properties": {"wireset_type": "3-6", "geo_point_2d": {"lon": -123.12248992039743, "lat": 49.24688708970025}}}, {"type": "Feature", "geometry": {"coordinates": [[-123.1159600634875, 49.255262051165445], [-123.11594088656038, 49.25524757911266], [-123.11594082207071, 49.25522004481046], [-123.11593975332282, 49.25521547342888], [-123.115937971432, 49.25521113008724], [-123.11593552172016, 49.25520712525722], [-123.11593246649505, 49.255203560800595], [-123.11592888346547, 49.25520052737834], [-123.11592486376482, 49.25519810214471], [-123.11592050963306, 49.25519634678487], [-123.11591593181635, 49.25519530594591], [-123.1154248713878, 49.25505662354112], [-123.1153118436468, 49.255016293897235]], "type": "LineString"}, "properties": {"wireset_type": "6-4", "geo_point_2d": {"lon": -123.11565332739593, "lat": 49.255123590255636}}}, {"type": "Feature", "geometry": {"coordinates": [[-123.1080259040666, 49.25288237441993], [-123.10746513986909, 49.25287193220435]], "type": "LineString"}, "properties": {"wireset_type": "3-6", "geo_point_2d": {"lon": -123.10774552196783, "lat": 49.25287715331214}}}, {"type": "Feature", "geometry": {"coordinates": [[-123.10711581565398, 49.252866526646564], [-123.10661780722626, 49.252861230352195]], "type": "LineString"}, "properties": {"wireset_type": "1-10G", "geo_point_2d": {"lon": -123.10686681144011, "lat": 49.25286387849938}}}, {"type": "Feature", "geometry": {"coordinates": [[-123.10661780722626, 49.252861230352195], [-123.10608351941214, 49.252848787040854]], "type": "LineString"}, "properties": {"wireset_type": "3-6", "geo_point_2d": {"lon": -123.10635066331919, "lat": 49.25285500869653}}}, {"type": "Feature", "geometry": {"coordinates": [[-123.11017222637943, 49.253370704210575], [-123.11016053614422, 49.25335398424441], [-123.10996917261858, 49.2533497948706], [-123.1099302035682, 49.2533633517749]], "type": "LineString"}, "properties": {"wireset_type": null, "geo_point_2d": {"lon": -123.11005426267356, "lat": 49.25335349599357}}}, {"type": "Feature", "geometry": {"coordinates": [[-123.10517851744913, 49.25230293877567], [-123.10509350026732, 49.25231005940163], [-123.10501546951087, 49.252306946045586], [-123.10499288567789, 49.25230736441011], [-123.10497031793936, 49.2523083139988], [-123.10494777878917, 49.252309794285964], [-123.1049252807054, 49.25231180445208], [-123.10491555804865, 49.25232775281777], [-123.10491684310199, 49.25233525655025], [-123.10491768918705, 49.25234282236173], [-123.10491809343453, 49.25235042459478], [-123.10491805447354, 49.25235803746844], [-123.1048988998494, 49.25252065251959]], "type": "LineString"}, "properties": {"wireset_type": null, "geo_point_2d": {"lon": -123.1049875482628, "lat": 49.252356782144496}}}, {"type": "Feature", "geometry": {"coordinates": [[-123.10712511383272, 49.251860879011545], [-123.1071255545516, 49.2519502461566]], "type": "LineString"}, "properties": {"wireset_type": "2-10", "geo_point_2d": {"lon": -123.10712533419218, "lat": 49.25190556258408}}}, {"type": "Feature", "geometry": {"coordinates": [[-123.10495648847277, 49.24797579784378], [-123.10507013409017, 49.248098704318515]], "type": "LineString"}, "properties": {"wireset_type": "3-12", "geo_point_2d": {"lon": -123.10501331128147, "lat": 49.24803725108114}}}, {"type": "Feature", "geometry": {"coordinates": [[-123.10495933826664, 49.24777747740709], [-123.10495648847277, 49.24797579784378]], "type": "LineString"}, "properties": {"wireset_type": "5-12", "geo_point_2d": {"lon": -123.1049579133697, "lat": 49.24787663762544}}}, {"type": "Feature", "geometry": {"coordinates": [[-123.10512615046859, 49.247430757479655], [-123.10498037929756, 49.24742975663171]], "type": "LineString"}, "properties": {"wireset_type": null, "geo_point_2d": {"lon": -123.10505326488307, "lat": 49.24743025705568}}}, {"type": "Feature", "geometry": {"coordinates": [[-123.10499124590447, 49.24721504857371], [-123.10498037929756, 49.24742975663171]], "type": "LineString"}, "properties": {"wireset_type": null, "geo_point_2d": {"lon": -123.10498581260102, "lat": 49.247322402602705}}}, {"type": "Feature", "geometry": {"coordinates": [[-123.10498037929756, 49.24742975663171], [-123.10495933826664, 49.24777747740709]], "type": "LineString"}, "properties": {"wireset_type": "3-12", "geo_point_2d": {"lon": -123.1049698587821, "lat": 49.247603617019394}}}, {"type": "Feature", "geometry": {"coordinates": [[-123.10499510198629, 49.247076671420345], [-123.10499124590447, 49.24721504857371]], "type": "LineString"}, "properties": {"wireset_type": "5-12", "geo_point_2d": {"lon": -123.10499317394539, "lat": 49.247145859997026}}}, {"type": "Feature", "geometry": {"coordinates": [[-123.10590028740283, 49.24782461727837], [-123.10532799093806, 49.24781735058082]], "type": "LineString"}, "properties": {"wireset_type": null, "geo_point_2d": {"lon": -123.10561413917044, "lat": 49.24782098392959}}}, {"type": "Feature", "geometry": {"coordinates": [[-123.10532777835262, 49.247717413761265], [-123.10523367683669, 49.24771338869339]], "type": "LineString"}, "properties": {"wireset_type": null, "geo_point_2d": {"lon": -123.10528072759466, "lat": 49.24771540122733}}}, {"type": "Feature", "geometry": {"coordinates": [[-123.11450184835557, 49.25118400118099], [-123.11397400957387, 49.25117842433971]], "type": "LineString"}, "properties": {"wireset_type": "3-8", "geo_point_2d": {"lon": -123.11423792896471, "lat": 49.25118121276035}}}, {"type": "Feature", "geometry": {"coordinates": [[-123.1087291729271, 49.24897132808862], [-123.10816516915403, 49.24896100926099]], "type": "LineString"}, "properties": {"wireset_type": "3-6", "geo_point_2d": {"lon": -123.10844717104055, "lat": 49.248966168674805}}}, {"type": "Feature", "geometry": {"coordinates": [[-123.10564072183358, 49.24892005112772], [-123.10518080773433, 49.24891153848974]], "type": "LineString"}, "properties": {"wireset_type": "2-8", "geo_point_2d": {"lon": -123.10541076478395, "lat": 49.24891579480873}}}, {"type": "Feature", "geometry": {"coordinates": [[-123.11258751724922, 49.25001468607082], [-123.11258740426771, 49.250103981803896]], "type": "LineString"}, "properties": {"wireset_type": "2-10", "geo_point_2d": {"lon": -123.11258746075848, "lat": 49.25005933393736}}}, {"type": "Feature", "geometry": {"coordinates": [[-123.11135955416589, 49.249984842673655], [-123.11136230080636, 49.25007579976615]], "type": "LineString"}, "properties": {"wireset_type": "2-10", "geo_point_2d": {"lon": -123.1113609274861, "lat": 49.2500303212199}}}, {"type": "Feature", "geometry": {"coordinates": [[-123.1092398111881, 49.249941908263665], [-123.10924137366327, 49.25003974787489]], "type": "LineString"}, "properties": {"wireset_type": "2-10", "geo_point_2d": {"lon": -123.10924059242568, "lat": 49.24999082806927}}}, {"type": "Feature", "geometry": {"coordinates": [[-123.10811868905843, 49.24992567405698], [-123.1081230442638, 49.25002605671884]], "type": "LineString"}, "properties": {"wireset_type": "2-10", "geo_point_2d": {"lon": -123.10812086666112, "lat": 49.24997586538791}}}, {"type": "Feature", "geometry": {"coordinates": [[-123.10616293945603, 49.249891551821015], [-123.10616327552849, 49.249984202354064]], "type": "LineString"}, "properties": {"wireset_type": null, "geo_point_2d": {"lon": -123.10616310749225, "lat": 49.24993787708753}}}, {"type": "Feature", "geometry": {"coordinates": [[-123.1074861875091, 49.249502660974], [-123.10746700818254, 49.24986474573099], [-123.10746735068602, 49.24986713377351], [-123.10746789131002, 49.24986948489695], [-123.10746862628183, 49.2498717826942], [-123.1074695504725, 49.249874011130274], [-123.10747065743266, 49.249876154654224], [-123.10747193943746, 49.24987819830766], [-123.10747338754058, 49.24988012782914], [-123.10747499163654, 49.249881929753634], [-123.1074767405313, 49.24988359150659], [-123.10747862202032, 49.24988510149159], [-123.10748062297384, 49.24988644917136], [-123.10748272942836, 49.24988762514123], [-123.10748492668415, 49.249888621194785], [-123.10748719940788, 49.24988943038115], [-123.10748953173953, 49.2498900470535], [-123.10749190740314, 49.24989046690843], [-123.1075967040847, 49.24992000863196]], "type": "LineString"}, "properties": {"wireset_type": "2-12", "geo_point_2d": {"lon": -123.10749104453625, "lat": 49.24974588163266}}}, {"type": "Feature", "geometry": {"coordinates": [[-123.11451776526074, 49.25004538760284], [-123.11405260218378, 49.2500420967347]], "type": "LineString"}, "properties": {"wireset_type": "2-8", "geo_point_2d": {"lon": -123.11428518372226, "lat": 49.25004374216877}}}, {"type": "Feature", "geometry": {"coordinates": [[-123.11451776526074, 49.25004538760284], [-123.11405260218378, 49.2500420967347]], "type": "LineString"}, "properties": {"wireset_type": "1-10G", "geo_point_2d": {"lon": -123.11428518372226, "lat": 49.25004374216877}}}, {"type": "Feature", "geometry": {"coordinates": [[-123.11044021807976, 49.24949587202428], [-123.11010715395072, 49.24948825613805], [-123.1101174816675, 49.24899161972222], [-123.10983204691193, 49.24899071305293]], "type": "LineString"}, "properties": {"wireset_type": "3-4", "geo_point_2d": {"lon": -123.11012531597241, "lat": 49.24925158265505}}}, {"type": "Feature", "geometry": {"coordinates": [[-123.1135118442356, 49.25002998201122], [-123.11296733436019, 49.25001745464495]], "type": "LineString"}, "properties": {"wireset_type": "3-6", "geo_point_2d": {"lon": -123.1132395892979, "lat": 49.25002371832808}}}, {"type": "Feature", "geometry": {"coordinates": [[-123.1135118442356, 49.25002998201122], [-123.11296733436019, 49.25001745464495]], "type": "LineString"}, "properties": {"wireset_type": "1-10G", "geo_point_2d": {"lon": -123.1132395892979, "lat": 49.25002371832808}}}, {"type": "Feature", "geometry": {"coordinates": [[-123.11296733436019, 49.25001745464495], [-123.11258751724922, 49.25001468607082]], "type": "LineString"}, "properties": {"wireset_type": "3-6", "geo_point_2d": {"lon": -123.1127774258047, "lat": 49.25001607035788}}}, {"type": "Feature", "geometry": {"coordinates": [[-123.11082144788799, 49.249984289659636], [-123.11018526406829, 49.249961087784186]], "type": "LineString"}, "properties": {"wireset_type": "3-2", "geo_point_2d": {"lon": -123.11050335597814, "lat": 49.24997268872192}}}, {"type": "Feature", "geometry": {"coordinates": [[-123.12029226114895, 49.256055650677276], [-123.12029252752984, 49.25616526613076]], "type": "LineString"}, "properties": {"wireset_type": "4-12", "geo_point_2d": {"lon": -123.1202923943394, "lat": 49.25611045840401}}}, {"type": "Feature", "geometry": {"coordinates": [[-123.12034974932897, 49.255146929750566], [-123.12034786190927, 49.25525238267808]], "type": "LineString"}, "properties": {"wireset_type": "3-12", "geo_point_2d": {"lon": -123.12034880561912, "lat": 49.25519965621432}}}, {"type": "Feature", "geometry": {"coordinates": [[-123.12034974932897, 49.255146929750566], [-123.12028469252105, 49.255146565729376], [-123.12028144111038, 49.255146878326805], [-123.12027817482671, 49.25514690624734], [-123.12027491854731, 49.25514664927834], [-123.12027169707325, 49.25514610937697], [-123.12026853494052, 49.255145290655335], [-123.12026545623311, 49.25514419934912], [-123.12026248439963, 49.25514284377014], [-123.12025964207471, 49.25514123424299], [-123.1202569509066, 49.25513938302645], [-123.12025443139221, 49.25513730422009], [-123.12025210272117, 49.255135013656904], [-123.1202499826295, 49.25513252878268], [-123.12024808726466, 49.25512986852317], [-123.12024643106243, 49.25512705313994], [-123.12024502663711, 49.255124104076], [-123.12024388468532, 49.25512104379257], [-123.12024368626349, 49.25511856131839]], "type": "LineString"}, "properties": {"wireset_type": null, "geo_point_2d": {"lon": -123.12029126995967, "lat": 49.25514267638327}}}, {"type": "Feature", "geometry": {"coordinates": [[-123.12225024360598, 49.25610110824419], [-123.12158955679587, 49.25607851681622]], "type": "LineString"}, "properties": {"wireset_type": "3-12", "geo_point_2d": {"lon": -123.12191990020092, "lat": 49.256089812530206}}}, {"type": "Feature", "geometry": {"coordinates": [[-123.12089258118677, 49.256069065620395], [-123.12029226114895, 49.256055650677276]], "type": "LineString"}, "properties": {"wireset_type": "5-12", "geo_point_2d": {"lon": -123.12059242116784, "lat": 49.25606235814884}}}, {"type": "Feature", "geometry": {"coordinates": [[-123.11864291053232, 49.241421640516705], [-123.1186520140831, 49.24125323125332]], "type": "LineString"}, "properties": {"wireset_type": "1-8G", "geo_point_2d": {"lon": -123.11864746230772, "lat": 49.24133743588502}}}, {"type": "Feature", "geometry": {"coordinates": [[-123.11491527717966, 49.25673009822936], [-123.11490573320977, 49.25679832744791]], "type": "LineString"}, "properties": {"wireset_type": "1-8G", "geo_point_2d": {"lon": -123.11491050519471, "lat": 49.25676421283863}}}, {"type": "Feature", "geometry": {"coordinates": [[-123.11483058522894, 49.25682677307558], [-123.11491527717966, 49.25673009822936]], "type": "LineString"}, "properties": {"wireset_type": "3-10", "geo_point_2d": {"lon": -123.11487293120432, "lat": 49.25677843565247}}}, {"type": "Feature", "geometry": {"coordinates": [[-123.11173949836646, 49.2558339253946], [-123.11111511958579, 49.25582616201663]], "type": "LineString"}, "properties": {"wireset_type": "1-8G", "geo_point_2d": {"lon": -123.11142730897612, "lat": 49.255830043705615}}}, {"type": "Feature", "geometry": {"coordinates": [[-123.10564736098343, 49.249887149023955], [-123.10513397159319, 49.24987825331554], [-123.10513873270654, 49.24997204221833]], "type": "LineString"}, "properties": {"wireset_type": "2-8", "geo_point_2d": {"lon": -123.10535134541895, "lat": 49.24988926406521}}}, {"type": "Feature", "geometry": {"coordinates": [[-123.11066377604621, 49.251928839844524], [-123.11009662694687, 49.25191596981665]], "type": "LineString"}, "properties": {"wireset_type": "3-2", "geo_point_2d": {"lon": -123.11038020149654, "lat": 49.25192240483059}}}, {"type": "Feature", "geometry": {"coordinates": [[-123.11031347948476, 49.25151506168309], [-123.11030247023737, 49.25153861269839], [-123.10999907732206, 49.25153270424672], [-123.10999225603116, 49.25153258628992], [-123.10998549096563, 49.251531704353596], [-123.10997886741944, 49.25153006955721], [-123.10997246890231, 49.251527702512284], [-123.10996637608675, 49.25152463306252], [-123.10996066579101, 49.25152089990757], [-123.10995541001053, 49.251516550115056], [-123.10995067501023, 49.25151163852719], [-123.10993449104771, 49.251488347299805]], "type": "LineString"}, "properties": {"wireset_type": "2-12", "geo_point_2d": {"lon": -123.11012287751336, "lat": 49.25153134336281}}}, {"type": "Feature", "geometry": {"coordinates": [[-123.11393163684576, 49.25199269592122], [-123.11337665906292, 49.251978966449926]], "type": "LineString"}, "properties": {"wireset_type": "3-6", "geo_point_2d": {"lon": -123.11365414795436, "lat": 49.25198583118557}}}, {"type": "Feature", "geometry": {"coordinates": [[-123.11337665906292, 49.251978966449926], [-123.11287811162363, 49.25197472312637]], "type": "LineString"}, "properties": {"wireset_type": "3-6", "geo_point_2d": {"lon": -123.11312738534328, "lat": 49.251976844788146}}}, {"type": "Feature", "geometry": {"coordinates": [[-123.10977585759693, 49.251102144210925], [-123.10923554934126, 49.251099319102885]], "type": "LineString"}, "properties": {"wireset_type": "3-2", "geo_point_2d": {"lon": -123.1095057034691, "lat": 49.251100731656905}}}, {"type": "Feature", "geometry": {"coordinates": [[-123.11072215253445, 49.25111918667081], [-123.1101383354959, 49.251108365741835]], "type": "LineString"}, "properties": {"wireset_type": "1-10G", "geo_point_2d": {"lon": -123.11043024401518, "lat": 49.251113776206324}}}, {"type": "Feature", "geometry": {"coordinates": [[-123.11397400957387, 49.25117842433971], [-123.11341156282676, 49.251169433893125]], "type": "LineString"}, "properties": {"wireset_type": "3-8", "geo_point_2d": {"lon": -123.11369278620033, "lat": 49.25117392911642}}}, {"type": "Feature", "geometry": {"coordinates": [[-123.10716365447142, 49.251046505546924], [-123.10667036496808, 49.25103536720312]], "type": "LineString"}, "properties": {"wireset_type": "3-6", "geo_point_2d": {"lon": -123.10691700971975, "lat": 49.25104093637502}}}, {"type": "Feature", "geometry": {"coordinates": [[-123.10609052079523, 49.25102445018979], [-123.10554539999654, 49.25101320170749]], "type": "LineString"}, "properties": {"wireset_type": "2-8", "geo_point_2d": {"lon": -123.1058179603959, "lat": 49.251018825948634}}}, {"type": "Feature", "geometry": {"coordinates": [[-123.11521394767169, 49.25111496550718], [-123.11510075176557, 49.25108701323011], [-123.11464406029417, 49.25107914672643], [-123.11464074636253, 49.25107948358977], [-123.11463741546731, 49.25107951110309], [-123.11463409642323, 49.2510792290284], [-123.11463081794238, 49.25107863980583], [-123.11462760838604, 49.25107774853261], [-123.11462449551921, 49.251076562918875], [-123.11462150627045, 49.25107509322106], [-123.11461866649893, 49.25107335215313], [-123.11461600077075, 49.25107135477657], [-123.1146135321464, 49.25106911837016], [-123.11461128198125, 49.25106666228044], [-123.11460926974092, 49.25106400775436], [-123.11460751283272, 49.251061177755524], [-123.11460602645519, 49.25105819676547], [-123.11460482346659, 49.25105509057194], [-123.11460391427363, 49.251051886045765], [-123.11460397390069, 49.25104796406807], [-123.114623733979, 49.25104216953009]], "type": "LineString"}, "properties": {"wireset_type": "1-8G", "geo_point_2d": {"lon": -123.11489301492935, "lat": 49.2510838693656}}}, {"type": "Feature", "geometry": {"coordinates": [[-123.11454027554788, 49.24887053447629], [-123.11391605204656, 49.24886242628471]], "type": "LineString"}, "properties": {"wireset_type": "3-8", "geo_point_2d": {"lon": -123.11422816379722, "lat": 49.2488664803805}}}, {"type": "Feature", "geometry": {"coordinates": [[-123.11270395012802, 49.24884051532967], [-123.11226537922613, 49.24882799819903]], "type": "LineString"}, "properties": {"wireset_type": "3-6", "geo_point_2d": {"lon": -123.11248466467708, "lat": 49.248834256764354}}}, {"type": "Feature", "geometry": {"coordinates": [[-123.11199894870319, 49.248827177362536], [-123.1114351266089, 49.2488177918355]], "type": "LineString"}, "properties": {"wireset_type": "3-6", "geo_point_2d": {"lon": -123.11171703765604, "lat": 49.24882248459902}}}, {"type": "Feature", "geometry": {"coordinates": [[-123.10983356221092, 49.24885616997055], [-123.10929260769986, 49.24884826344408]], "type": "LineString"}, "properties": {"wireset_type": "3-4", "geo_point_2d": {"lon": -123.10956308495541, "lat": 49.24885221670732}}}, {"type": "Feature", "geometry": {"coordinates": [[-123.11199645618859, 49.24903129052454], [-123.11142218430602, 49.2490259539215]], "type": "LineString"}, "properties": {"wireset_type": "3-6", "geo_point_2d": {"lon": -123.11170932024731, "lat": 49.24902862222302}}}, {"type": "Feature", "geometry": {"coordinates": [[-123.12904891150073, 49.249390473480304], [-123.12845669303395, 49.24938168847866]], "type": "LineString"}, "properties": {"wireset_type": "3-8", "geo_point_2d": {"lon": -123.12875280226734, "lat": 49.24938608097948}}}, {"type": "Feature", "geometry": {"coordinates": [[-123.12332633931348, 49.25431942378717], [-123.12281019638267, 49.25430612993906]], "type": "LineString"}, "properties": {"wireset_type": "3-12", "geo_point_2d": {"lon": -123.12306826784808, "lat": 49.25431277686312}}}, {"type": "Feature", "geometry": {"coordinates": [[-123.12430788251149, 49.25433741476521], [-123.12382647986375, 49.25432995295803]], "type": "LineString"}, "properties": {"wireset_type": "4-12", "geo_point_2d": {"lon": -123.12406718118763, "lat": 49.25433368386162}}}, {"type": "Feature", "geometry": {"coordinates": [[-123.12595597150296, 49.2543663934338], [-123.12543301095008, 49.25435838093957]], "type": "LineString"}, "properties": {"wireset_type": "3-12", "geo_point_2d": {"lon": -123.12569449122653, "lat": 49.25436238718669}}}, {"type": "Feature", "geometry": {"coordinates": [[-123.1243080916952, 49.25443713556285], [-123.12437730189579, 49.254439165958225], [-123.12438206901957, 49.25443932253418], [-123.12438679565516, 49.25443996198807], [-123.12439143301732, 49.254441077719875], [-123.12439593324224, 49.25444265821375], [-123.12440024988156, 49.254444687156855], [-123.12440433838178, 49.2544471436078], [-123.12440815654408, 49.25445000221269], [-123.12441166495988, 49.2544532334669]], "type": "LineString"}, "properties": {"wireset_type": "2-12", "geo_point_2d": {"lon": -123.1243614333677, "lat": 49.25444018690113}}}, {"type": "Feature", "geometry": {"coordinates": [[-123.1106423582778, 49.25279805083948], [-123.11064089615137, 49.25292470497932]], "type": "LineString"}, "properties": {"wireset_type": "2-10", "geo_point_2d": {"lon": -123.11064162721459, "lat": 49.2528613779094}}}, {"type": "Feature", "geometry": {"coordinates": [[-123.10972069590893, 49.25278030069571], [-123.10972043288152, 49.25291583196993]], "type": "LineString"}, "properties": {"wireset_type": "2-10", "geo_point_2d": {"lon": -123.1097205643952, "lat": 49.25284806633282}}}, {"type": "Feature", "geometry": {"coordinates": [[-123.1099393687603, 49.25292375552493], [-123.10995209256835, 49.25296044392571], [-123.10993777228838, 49.25333724943349], [-123.1099302035682, 49.2533633517749]], "type": "LineString"}, "properties": {"wireset_type": "6-10", "geo_point_2d": {"lon": -123.10994433108576, "lat": 49.25314308391925}}}, {"type": "Feature", "geometry": {"coordinates": [[-123.11499850959315, 49.252870103481555], [-123.11500222543414, 49.25300265338996], [-123.11445631114012, 49.25299134879247]], "type": "LineString"}, "properties": {"wireset_type": "2-8", "geo_point_2d": {"lon": -123.11478223989097, "lat": 49.25298515568933}}}, {"type": "Feature", "geometry": {"coordinates": [[-123.10515645697814, 49.2467494310437], [-123.10500693891382, 49.246749423115546]], "type": "LineString"}, "properties": {"wireset_type": "3-10", "geo_point_2d": {"lon": -123.10508169794596, "lat": 49.24674942707962}}}, {"type": "Feature", "geometry": {"coordinates": [[-123.11517144503964, 49.24711531526744], [-123.1151342789278, 49.24709198269882], [-123.11443783819942, 49.247080333193274], [-123.11443892472334, 49.24709268257082], [-123.11442740889383, 49.247097902216694]], "type": "LineString"}, "properties": {"wireset_type": "1-8G", "geo_point_2d": {"lon": -123.11479562729382, "lat": 49.24708731723468}}}, {"type": "Feature", "geometry": {"coordinates": [[-123.11517026495449, 49.24693285715139], [-123.11517316857125, 49.246982040187724], [-123.11507357066793, 49.24698350671], [-123.11507378997756, 49.24707787547373], [-123.11441333929898, 49.24706825887055], [-123.11441339271548, 49.247091376564406], [-123.11442740889383, 49.247097902216694]], "type": "LineString"}, "properties": {"wireset_type": "3-6", "geo_point_2d": {"lon": -123.11482575234191, "lat": 49.2470537538583}}}, {"type": "Feature", "geometry": {"coordinates": [[-123.11517026495449, 49.24693285715139], [-123.11517316857125, 49.246982040187724], [-123.11507357066793, 49.24698350671], [-123.11507378997756, 49.24707787547373], [-123.11441333929898, 49.24706825887055], [-123.11441339271548, 49.247091376564406], [-123.11442740889383, 49.247097902216694]], "type": "LineString"}, "properties": {"wireset_type": "1-8G", "geo_point_2d": {"lon": -123.11482575234191, "lat": 49.2470537538583}}}, {"type": "Feature", "geometry": {"coordinates": [[-123.11713976511045, 49.25419071772983], [-123.11657927662137, 49.25418192961445]], "type": "LineString"}, "properties": {"wireset_type": "3-12", "geo_point_2d": {"lon": -123.11685952086592, "lat": 49.25418632367214}}}, {"type": "Feature", "geometry": {"coordinates": [[-123.12001168384087, 49.25423202671171], [-123.1195067246701, 49.2542284393176]], "type": "LineString"}, "properties": {"wireset_type": "3-12", "geo_point_2d": {"lon": -123.11975920425549, "lat": 49.25423023301465}}}, {"type": "Feature", "geometry": {"coordinates": [[-123.12246407843207, 49.25015762093129], [-123.12240782716103, 49.250159209732566], [-123.12240352811551, 49.250158858023056], [-123.1223992148426, 49.25015889221009], [-123.12239492191216, 49.25015931201965], [-123.12239068373097, 49.25016011408707], [-123.12238653426705, 49.25016129198398], [-123.12238250677736, 49.25016283626981], [-123.12237863354126, 49.25016473456748], [-123.12237494560182, 49.25016697166259], [-123.12237147251696, 49.25016952962536], [-123.12236824212266, 49.250172387954336], [-123.12236528030972, 49.250175523740694], [-123.12236261081638, 49.250178911851854], [-123.122360255038, 49.25018252513293], [-123.12235823185556, 49.250186334624324], [-123.12235655748437, 49.25019030979389], [-123.12235524534414, 49.25019441878159], [-123.12234754031468, 49.250440545361386]], "type": "LineString"}, "properties": {"wireset_type": "2-10", "geo_point_2d": {"lon": -123.12236899378821, "lat": 49.25026605597789}}}, {"type": "Feature", "geometry": {"coordinates": [[-123.12016046936074, 49.250025741035664], [-123.11950406549785, 49.25000727102994]], "type": "LineString"}, "properties": {"wireset_type": "3-12", "geo_point_2d": {"lon": -123.1198322674293, "lat": 49.25001650603281}}}, {"type": "Feature", "geometry": {"coordinates": [[-123.11758483550511, 49.24995901094598], [-123.11695227903958, 49.24994856189296]], "type": "LineString"}, "properties": {"wireset_type": "3-8", "geo_point_2d": {"lon": -123.11726855727234, "lat": 49.24995378641947}}}, {"type": "Feature", "geometry": {"coordinates": [[-123.11643221885937, 49.24994389692828], [-123.1160486601305, 49.24993921852485], [-123.11604359003805, 49.24993931291936], [-123.11603853428159, 49.24993970544259], [-123.11566732504365, 49.24998054721182], [-123.11570079263483, 49.25007832780568], [-123.11570094031158, 49.250080375766174], [-123.11570086515964, 49.25008242766842], [-123.11570056806438, 49.250084459338915], [-123.11570005252588, 49.25008644684254], [-123.11569932461771, 49.25008836676449], [-123.11569839291535, 49.25009019648614], [-123.1156972683952, 49.250091914451524], [-123.11569596430526, 49.250093500421265], [-123.11569449600901, 49.25009493571105], [-123.11569288080447, 49.25009620341169], [-123.11569113772039, 49.25009728858841], [-123.11568928729207, 49.25009817845671], [-123.11568735131941, 49.250098862533065], [-123.11568535261013, 49.25009933275835], [-123.11568331471103, 49.25009958359284], [-123.11568126163067, 49.25009961208145], [-123.11563439744309, 49.25010803355336]], "type": "LineString"}, "properties": {"wireset_type": "2-8", "geo_point_2d": {"lon": -123.11597766487824, "lat": 49.24997169605854}}}, {"type": "Feature", "geometry": {"coordinates": [[-123.12044861107688, 49.249532718368464], [-123.12028597980807, 49.249528642058316]], "type": "LineString"}, "properties": {"wireset_type": null, "geo_point_2d": {"lon": -123.12036729544248, "lat": 49.2495306802134}}}, {"type": "Feature", "geometry": {"coordinates": [[-123.1162942925134, 49.257012067732994], [-123.1158221828647, 49.256998806278126]], "type": "LineString"}, "properties": {"wireset_type": "3-10", "geo_point_2d": {"lon": -123.11605823768906, "lat": 49.25700543700556}}}, {"type": "Feature", "geometry": {"coordinates": [[-123.12243198229014, 49.253892670199726], [-123.12229623363766, 49.25389027732008], [-123.12229050078945, 49.25389011413178], [-123.12228479470481, 49.253890691000265], [-123.12227921051941, 49.253891998307616], [-123.12227384133651, 49.25389401425752], [-123.12226877667469, 49.253896705238716], [-123.1222641009754, 49.25390002638538], [-123.12225989219499, 49.25390392232514], [-123.12225622050507, 49.25390832810228], [-123.12225087210399, 49.25391832745322]], "type": "LineString"}, "properties": {"wireset_type": "7-12", "geo_point_2d": {"lon": -123.12233634822061, "lat": 49.253893797507516}}}, {"type": "Feature", "geometry": {"coordinates": [[-123.12243198229014, 49.253892670199726], [-123.12229623363766, 49.25389027732008], [-123.12229050078945, 49.25389011413178], [-123.12228479470481, 49.253890691000265], [-123.12227921051941, 49.253891998307616], [-123.12227384133651, 49.25389401425752], [-123.12226877667469, 49.253896705238716], [-123.1222641009754, 49.25390002638538], [-123.12225989219499, 49.25390392232514], [-123.12225622050507, 49.25390832810228], [-123.12225087210399, 49.25391832745322]], "type": "LineString"}, "properties": {"wireset_type": "3-10", "geo_point_2d": {"lon": -123.12233634822061, "lat": 49.253893797507516}}}, {"type": "Feature", "geometry": {"coordinates": [[-123.12166232446005, 49.254278460735065], [-123.12115786393854, 49.25427111103455]], "type": "LineString"}, "properties": {"wireset_type": "3-12", "geo_point_2d": {"lon": -123.12141009419929, "lat": 49.2542747858848}}}, {"type": "Feature", "geometry": {"coordinates": [[-123.12115786393854, 49.25427111103455], [-123.12115849445213, 49.25437151503229]], "type": "LineString"}, "properties": {"wireset_type": null, "geo_point_2d": {"lon": -123.12115817919533, "lat": 49.25432131303342}}}, {"type": "Feature", "geometry": {"coordinates": [[-123.1200887642472, 49.2543459070761], [-123.1200886317916, 49.2543366241456], [-123.12008759070302, 49.25433338324881], [-123.12008625550848, 49.25433025202973], [-123.12008463756126, 49.25432725711333], [-123.12008275061889, 49.254324423965635], [-123.12008061072618, 49.2543217766771], [-123.12007823607878, 49.254319337757835], [-123.12007564686854, 49.254317127946145], [-123.12007286511168, 49.25431516603223], [-123.12006991446171, 49.2543134686984], [-123.1200668200082, 49.254312050377216], [-123.12006360806357, 49.254310923128756], [-123.1200603059392, 49.25431009653812], [-123.12005694171333, 49.254309577633855], [-123.1200535439922, 49.25430937082825], [-123.12005014166691, 49.254309477879794], [-123.12004676366769, 49.25430989787821], [-123.1200097847565, 49.254310278113714]], "type": "LineString"}, "properties": {"wireset_type": null, "geo_point_2d": {"lon": -123.12005699808603, "lat": 49.25431720411126}}}, {"type": "Feature", "geometry": {"coordinates": [[-123.11776728472681, 49.25329150209383], [-123.11776787230093, 49.253394083012964]], "type": "LineString"}, "properties": {"wireset_type": "3-12", "geo_point_2d": {"lon": -123.11776757851388, "lat": 49.2533427925534}}}, {"type": "Feature", "geometry": {"coordinates": [[-123.11649576786509, 49.25337667163867], [-123.11608851040529, 49.25336824825879], [-123.11593617210377, 49.25332261554496]], "type": "LineString"}, "properties": {"wireset_type": "3-12", "geo_point_2d": {"lon": -123.11621357721425, "lat": 49.25336487098747}}}, {"type": "Feature", "geometry": {"coordinates": [[-123.11904065266675, 49.25331504190295], [-123.11904275852469, 49.25341359139182]], "type": "LineString"}, "properties": {"wireset_type": "3-12", "geo_point_2d": {"lon": -123.11904170559572, "lat": 49.253364316647385}}}, {"type": "Feature", "geometry": {"coordinates": [[-123.12205695118588, 49.25253821552331], [-123.12204970127158, 49.25282476603649]], "type": "LineString"}, "properties": {"wireset_type": null, "geo_point_2d": {"lon": -123.12205332622871, "lat": 49.2526814907799}}}, {"type": "Feature", "geometry": {"coordinates": [[-123.12158547890265, 49.253461532609414], [-123.12098738074263, 49.25345036774782]], "type": "LineString"}, "properties": {"wireset_type": "3-10", "geo_point_2d": {"lon": -123.12128642982265, "lat": 49.25345595017862}}}, {"type": "Feature", "geometry": {"coordinates": [[-123.12098738074263, 49.25345036774782], [-123.12038989963347, 49.25343289349606]], "type": "LineString"}, "properties": {"wireset_type": "3-12", "geo_point_2d": {"lon": -123.12068864018806, "lat": 49.253441630621936}}}, {"type": "Feature", "geometry": {"coordinates": [[-123.1202843959553, 49.25293760047808], [-123.1203198942078, 49.252967328708685], [-123.12032180372596, 49.25296893191021], [-123.12032351682203, 49.25297074348867], [-123.12032501089844, 49.25297273954738], [-123.12032626624669, 49.25297489375616], [-123.12032726630737, 49.25297717769866], [-123.12032799788861, 49.252979561247194], [-123.12032845134003, 49.25298201296017], [-123.12032862068013, 49.25298450049683], [-123.12031860983511, 49.253303940286344], [-123.12031904000987, 49.253306400199406], [-123.12031967432502, 49.25330881553931], [-123.12032050833967, 49.25331116939618], [-123.12032153621487, 49.253313445290544], [-123.12032275075441, 49.25331562728877], [-123.12032414345526, 49.25331770011461], [-123.12032570456705, 49.253319649256106], [-123.12032742316036, 49.25332146106724], [-123.12032928720328, 49.25332312286344], [-123.12033128364551, 49.253324623010414], [-123.12033339850993, 49.25332595100556], [-123.12033561699026, 49.25332709755152], [-123.12033792355481, 49.253328054621285], [-123.12034030205524, 49.253328815514365], [-123.12034273583956, 49.25332937490372], [-123.12034520786875, 49.25332972887304], [-123.12039110560355, 49.25334112297828]], "type": "LineString"}, "properties": {"wireset_type": "2-12", "geo_point_2d": {"lon": -123.12032649958925, "lat": 49.253152277916165}}}, {"type": "Feature", "geometry": {"coordinates": [[-123.12313414687223, 49.25340384321862], [-123.12313364891126, 49.25350750469507]], "type": "LineString"}, "properties": {"wireset_type": "3-12", "geo_point_2d": {"lon": -123.12313389789175, "lat": 49.25345567395685}}}, {"type": "Feature", "geometry": {"coordinates": [[-123.12434953320917, 49.253527170302604], [-123.12369065880405, 49.25351810875757]], "type": "LineString"}, "properties": {"wireset_type": "3-12", "geo_point_2d": {"lon": -123.1240200960066, "lat": 49.25352263953009}}}, {"type": "Feature", "geometry": {"coordinates": [[-123.12313364891126, 49.25350750469507], [-123.12231099809269, 49.25349209717366]], "type": "LineString"}, "properties": {"wireset_type": "3-12", "geo_point_2d": {"lon": -123.12272232350197, "lat": 49.253499800934364}}}, {"type": "Feature", "geometry": {"coordinates": [[-123.12574196339915, 49.25345629208385], [-123.12574274169862, 49.25355171255915]], "type": "LineString"}, "properties": {"wireset_type": "3-12", "geo_point_2d": {"lon": -123.12574235254888, "lat": 49.2535040023215}}}, {"type": "Feature", "geometry": {"coordinates": [[-123.12574274169862, 49.25355171255915], [-123.1250867917736, 49.253541882203905]], "type": "LineString"}, "properties": {"wireset_type": "3-12", "geo_point_2d": {"lon": -123.1254147667361, "lat": 49.25354679738154}}}, {"type": "Feature", "geometry": {"coordinates": [[-123.12430788251149, 49.25433741476521], [-123.1243080916952, 49.25443713556285]], "type": "LineString"}, "properties": {"wireset_type": "4-12", "geo_point_2d": {"lon": -123.12430798710335, "lat": 49.254387275164035}}}, {"type": "Feature", "geometry": {"coordinates": [[-123.12281019638267, 49.25430612993906], [-123.12231695216548, 49.25429453662704]], "type": "LineString"}, "properties": {"wireset_type": "3-12", "geo_point_2d": {"lon": -123.12256357427407, "lat": 49.254300333283055}}}, {"type": "Feature", "geometry": {"coordinates": [[-123.1224547908365, 49.25077480231507], [-123.12179863509978, 49.25076104059103]], "type": "LineString"}, "properties": {"wireset_type": "3-10", "geo_point_2d": {"lon": -123.12212671296815, "lat": 49.250767921453054}}}, {"type": "Feature", "geometry": {"coordinates": [[-123.12179863509978, 49.25076104059103], [-123.1217778578579, 49.25076072966986]], "type": "LineString"}, "properties": {"wireset_type": "3-10", "geo_point_2d": {"lon": -123.12178824647884, "lat": 49.25076088513045}}}, {"type": "Feature", "geometry": {"coordinates": [[-123.12040753624923, 49.25040126843466], [-123.12039575341838, 49.25060188327432], [-123.12039663436899, 49.250605939153914], [-123.12039788800797, 49.2506098957462], [-123.1203995035097, 49.25061371888462], [-123.12040146692378, 49.25061737555502], [-123.12040376129542, 49.25062083418076], [-123.12040636681192, 49.25062406489539], [-123.12040926097372, 49.250627039800555], [-123.1204124187887, 49.2506297332069], [-123.12041581298804, 49.2506321218559], [-123.12041941426163, 49.250634185120745], [-123.1204231915112, 49.25063590518441], [-123.12042711211885, 49.25063726719354], [-123.12043114222877, 49.2506382593867], [-123.12043524703954, 49.25063887319596], [-123.12043939110465, 49.25063910332086], [-123.12044353863868, 49.250638947774185], [-123.12052600197211, 49.25064601298161]], "type": "LineString"}, "properties": {"wireset_type": "2-12", "geo_point_2d": {"lon": -123.12042380658613, "lat": 49.25055858537606}}}, {"type": "Feature", "geometry": {"coordinates": [[-123.11781418433677, 49.25069261693173], [-123.11712069550784, 49.25067838995747]], "type": "LineString"}, "properties": {"wireset_type": "3-12", "geo_point_2d": {"lon": -123.11746743992232, "lat": 49.2506855034446}}}, {"type": "Feature", "geometry": {"coordinates": [[-123.12738672587483, 49.25070824810305], [-123.12738663952418, 49.2507120711698], [-123.12738529384993, 49.25071629315416], [-123.12738356983306, 49.25072037528069], [-123.12738148175875, 49.25072428372499], [-123.12737904692872, 49.250727986101786], [-123.12737628551794, 49.25073145173327], [-123.12737322040735, 49.250734651903315], [-123.12736987699442, 49.250737560095374], [-123.12736628298256, 49.25074015221226], [-123.12736246815167, 49.250742406775736], [-123.12735846411135, 49.250744305104554], [-123.12735430403899, 49.2507458314692], [-123.12735002240483, 49.25074697322228], [-123.1273456546864, 49.25074772090322], [-123.12734123707448, 49.250748068316774], [-123.12733680617333, 49.25074801258428], [-123.12733239869726, 49.25074755416754], [-123.1272876038471, 49.250747936352106]], "type": "LineString"}, "properties": {"wireset_type": "3-6", "geo_point_2d": {"lon": -123.12734446964939, "lat": 49.250739941880376}}}, {"type": "Feature", "geometry": {"coordinates": [[-123.12738892466251, 49.250259734639975], [-123.1273824207729, 49.25048766289005]], "type": "LineString"}, "properties": {"wireset_type": "3-6", "geo_point_2d": {"lon": -123.12738567271771, "lat": 49.25037369876502}}}, {"type": "Feature", "geometry": {"coordinates": [[-123.12737801412051, 49.24999258839616], [-123.12738892466251, 49.250259734639975]], "type": "LineString"}, "properties": {"wireset_type": "3-6", "geo_point_2d": {"lon": -123.1273834693915, "lat": 49.25012616151807}}}, {"type": "Feature", "geometry": {"coordinates": [[-123.12739366367568, 49.249709059529195], [-123.12737801412051, 49.24999258839616]], "type": "LineString"}, "properties": {"wireset_type": "3-8", "geo_point_2d": {"lon": -123.12738583889809, "lat": 49.249850823962674}}}, {"type": "Feature", "geometry": {"coordinates": [[-123.12441166495988, 49.2544532334669], [-123.12441380446212, 49.254456156041755], [-123.1244153833118, 49.25445941581896], [-123.12441634999506, 49.254462906440274], [-123.12441667297148, 49.254466514015625], [-123.12441309468312, 49.254628422851695]], "type": "LineString"}, "properties": {"wireset_type": "2-10", "geo_point_2d": {"lon": -123.12441488734643, "lat": 49.25454025216145}}}, {"type": "Feature", "geometry": {"coordinates": [[-123.12438879819477, 49.25522437336918], [-123.12439117085333, 49.255025603436266]], "type": "LineString"}, "properties": {"wireset_type": "2-10", "geo_point_2d": {"lon": -123.12438998452404, "lat": 49.25512498840273}}}, {"type": "Feature", "geometry": {"coordinates": [[-123.12001168384087, 49.25423202671171], [-123.1200097847565, 49.254310278113714]], "type": "LineString"}, "properties": {"wireset_type": "3-10", "geo_point_2d": {"lon": -123.1200107342987, "lat": 49.25427115241271}}}, {"type": "Feature", "geometry": {"coordinates": [[-123.11762431710422, 49.248034720288416], [-123.11705520172005, 49.2480264020302]], "type": "LineString"}, "properties": {"wireset_type": "2-10", "geo_point_2d": {"lon": -123.11733975941213, "lat": 49.24803056115931}}}, {"type": "Feature", "geometry": {"coordinates": [[-123.11709432588816, 49.247093296007186], [-123.11709409868602, 49.24699721816041]], "type": "LineString"}, "properties": {"wireset_type": "3-10", "geo_point_2d": {"lon": -123.1170942122871, "lat": 49.2470452570838}}}, {"type": "Feature", "geometry": {"coordinates": [[-123.1177626627029, 49.24701561750129], [-123.11709409868602, 49.24699721816041]], "type": "LineString"}, "properties": {"wireset_type": "2-10", "geo_point_2d": {"lon": -123.11742838069446, "lat": 49.247006417830846}}}, {"type": "Feature", "geometry": {"coordinates": [[-123.11709409868602, 49.24699721816041], [-123.11645750630261, 49.24698971193434]], "type": "LineString"}, "properties": {"wireset_type": "2-10", "geo_point_2d": {"lon": -123.1167758024943, "lat": 49.246993465047375}}}, {"type": "Feature", "geometry": {"coordinates": [[-123.11709432588816, 49.247093296007186], [-123.11658994914478, 49.24708430714489], [-123.11659005034312, 49.2471272862625], [-123.11657076072474, 49.24713955723368]], "type": "LineString"}, "properties": {"wireset_type": "3-10", "geo_point_2d": {"lon": -123.1168126435003, "lat": 49.24709187109282}}}, {"type": "Feature", "geometry": {"coordinates": [[-123.11587928941749, 49.24606373035986], [-123.1164838915286, 49.246074582275064]], "type": "LineString"}, "properties": {"wireset_type": "1-10G", "geo_point_2d": {"lon": -123.11618159047305, "lat": 49.24606915631746}}}, {"type": "Feature", "geometry": {"coordinates": [[-123.11775574163991, 49.24609860550979], [-123.11710701813375, 49.2460867165593]], "type": "LineString"}, "properties": {"wireset_type": "3-8", "geo_point_2d": {"lon": -123.11743137988681, "lat": 49.246092661034545}}}, {"type": "Feature", "geometry": {"coordinates": [[-123.11845267222375, 49.24677422665844], [-123.11846364684983, 49.24636495928127]], "type": "LineString"}, "properties": {"wireset_type": "2-12", "geo_point_2d": {"lon": -123.1184581595368, "lat": 49.246569592969855}}}, {"type": "Feature", "geometry": {"coordinates": [[-123.11950741382033, 49.246122883992825], [-123.11874428917888, 49.24611543123601]], "type": "LineString"}, "properties": {"wireset_type": "3-10", "geo_point_2d": {"lon": -123.1191258514996, "lat": 49.246119157614416}}}, {"type": "Feature", "geometry": {"coordinates": [[-123.11775574163991, 49.24609860550979], [-123.11834438472093, 49.246111856686255]], "type": "LineString"}, "properties": {"wireset_type": "3-10", "geo_point_2d": {"lon": -123.1180500631804, "lat": 49.24610523109803}}}, {"type": "Feature", "geometry": {"coordinates": [[-123.1272876038471, 49.250747936352106], [-123.12715670174748, 49.2507460565726], [-123.1271381701234, 49.25073197245116], [-123.12704465738088, 49.25073006038869], [-123.12686545676742, 49.25073937846655]], "type": "LineString"}, "properties": {"wireset_type": null, "geo_point_2d": {"lon": -123.12707725430596, "lat": 49.25073790525067}}}, {"type": "Feature", "geometry": {"coordinates": [[-123.12686545676742, 49.25073937846655], [-123.1268066527333, 49.25073700531723], [-123.12681115355309, 49.25056825890984], [-123.12678517370999, 49.250553877068754]], "type": "LineString"}, "properties": {"wireset_type": null, "geo_point_2d": {"lon": -123.12681387302196, "lat": 49.25066163283183}}}, {"type": "Feature", "geometry": {"coordinates": [[-123.12651707611928, 49.25075402692508], [-123.12651827992973, 49.2508540795163]], "type": "LineString"}, "properties": {"wireset_type": null, "geo_point_2d": {"lon": -123.1265176780245, "lat": 49.25080405322069}}}, {"type": "Feature", "geometry": {"coordinates": [[-123.12307773953843, 49.25069097949084], [-123.1230773302951, 49.250786149427334]], "type": "LineString"}, "properties": {"wireset_type": null, "geo_point_2d": {"lon": -123.12307753491679, "lat": 49.25073856445909}}}, {"type": "Feature", "geometry": {"coordinates": [[-123.12179785255155, 49.25066636665324], [-123.12179863509978, 49.25076104059103]], "type": "LineString"}, "properties": {"wireset_type": null, "geo_point_2d": {"lon": -123.12179824382567, "lat": 49.25071370362214}}}, {"type": "Feature", "geometry": {"coordinates": [[-123.12639679181517, 49.25164940848361], [-123.12571872795834, 49.25164429242364]], "type": "LineString"}, "properties": {"wireset_type": "3-12", "geo_point_2d": {"lon": -123.12605775988675, "lat": 49.251646850453625}}}, {"type": "Feature", "geometry": {"coordinates": [[-123.12571872795834, 49.25164429242364], [-123.12501606764455, 49.2516284227218]], "type": "LineString"}, "properties": {"wireset_type": "3-12", "geo_point_2d": {"lon": -123.12536739780144, "lat": 49.25163635757273}}}, {"type": "Feature", "geometry": {"coordinates": [[-123.12440359046036, 49.251617453020025], [-123.1242989913566, 49.25161730474106]], "type": "LineString"}, "properties": {"wireset_type": null, "geo_point_2d": {"lon": -123.12435129090848, "lat": 49.25161737888054}}}, {"type": "Feature", "geometry": {"coordinates": [[-123.12359965511479, 49.25160056830216], [-123.12296150694726, 49.25159395411474]], "type": "LineString"}, "properties": {"wireset_type": "3-4", "geo_point_2d": {"lon": -123.12328058103103, "lat": 49.251597261208445}}}, {"type": "Feature", "geometry": {"coordinates": [[-123.12296150694726, 49.25159395411474], [-123.12240380383885, 49.25157759932456]], "type": "LineString"}, "properties": {"wireset_type": "1-8G", "geo_point_2d": {"lon": -123.12268265539306, "lat": 49.25158577671965}}}, {"type": "Feature", "geometry": {"coordinates": [[-123.1242989913566, 49.25161730474106], [-123.12395882243872, 49.25161054599979], [-123.12395659198542, 49.25161067472506], [-123.12395437735692, 49.251610379915405], [-123.12395225825257, 49.251609672180344], [-123.12395031093406, 49.251608576989625], [-123.12394860548085, 49.25160713375663], [-123.12394720326826, 49.251605394419975], [-123.1239461547587, 49.251603421574366], [-123.12394549768557, 49.25160128621795], [-123.12395265174766, 49.25144555319534], [-123.12393571718371, 49.25143243833305]], "type": "LineString"}, "properties": {"wireset_type": "3-4", "geo_point_2d": {"lon": -123.12406321622393, "lat": 49.25158036580843}}}, {"type": "Feature", "geometry": {"coordinates": [[-123.12393571718371, 49.25143243833305], [-123.12391723129974, 49.25144734526066], [-123.12391254204913, 49.25159418835456], [-123.12391173495186, 49.251596287020355], [-123.12391056047767, 49.25159820441821], [-123.12390905761242, 49.25159987690145], [-123.12390727624268, 49.25160124895317], [-123.12390527549972, 49.251602275029086], [-123.12390312179683, 49.25160292106931], [-123.12390088662464, 49.25160316562902], [-123.12389864417814, 49.25160300059021], [-123.12359965511479, 49.25160056830216]], "type": "LineString"}, "properties": {"wireset_type": "1-10G", "geo_point_2d": {"lon": -123.12381352864837, "lat": 49.25156943804176}}}, {"type": "Feature", "geometry": {"coordinates": [[-123.1222330514343, 49.25167647571883], [-123.1221121151867, 49.25167689145206], [-123.1221103611036, 49.25168559422181], [-123.12210887193295, 49.25169434621471], [-123.12210764904654, 49.25170313936874], [-123.12210669357083, 49.25171196558396], [-123.12210600638598, 49.251720816729986], [-123.122105588125, 49.251729684653455], [-123.12210543917315, 49.25173856118556], [-123.12210555966769, 49.25174743814957], [-123.12210594949758, 49.25175630736834], [-123.12210660830374, 49.25176516067187], [-123.1221075354793, 49.25177398990481], [-123.12210873017018, 49.25178278693401], [-123.1221101912759, 49.25179154365595], [-123.12211191745048, 49.25180025200425], [-123.12211390710388, 49.25180890395711], [-123.1221161584033, 49.25181749154466], [-123.12210706397958, 49.25189644325231]], "type": "LineString"}, "properties": {"wireset_type": null, "geo_point_2d": {"lon": -123.12213183066697, "lat": 49.25174783548151}}}, {"type": "Feature", "geometry": {"coordinates": [[-123.12845669303395, 49.24938168847866], [-123.12780625951527, 49.24936911489785]], "type": "LineString"}, "properties": {"wireset_type": "2-8", "geo_point_2d": {"lon": -123.1281314762746, "lat": 49.249375401688255}}}, {"type": "Feature", "geometry": {"coordinates": [[-123.12492655636811, 49.249292018218696], [-123.12481496802388, 49.249291806003725]], "type": "LineString"}, "properties": {"wireset_type": null, "geo_point_2d": {"lon": -123.124870762196, "lat": 49.24929191211121}}}, {"type": "Feature", "geometry": {"coordinates": [[-123.12253954386959, 49.249219545470424], [-123.12212327829354, 49.249205575878044]], "type": "LineString"}, "properties": {"wireset_type": null, "geo_point_2d": {"lon": -123.12233141108157, "lat": 49.24921256067424}}}, {"type": "Feature", "geometry": {"coordinates": [[-123.1221252082729, 49.24917470221108], [-123.12212327829354, 49.249205575878044]], "type": "LineString"}, "properties": {"wireset_type": null, "geo_point_2d": {"lon": -123.12212424328322, "lat": 49.24919013904456}}}, {"type": "Feature", "geometry": {"coordinates": [[-123.12780625951527, 49.24936911489785], [-123.12675068051995, 49.24934492924584]], "type": "LineString"}, "properties": {"wireset_type": "3-6", "geo_point_2d": {"lon": -123.12727847001761, "lat": 49.24935702207185}}}, {"type": "Feature", "geometry": {"coordinates": [[-123.12675068051995, 49.24934492924584], [-123.12613798582525, 49.24932933643765]], "type": "LineString"}, "properties": {"wireset_type": "3-6", "geo_point_2d": {"lon": -123.12644433317259, "lat": 49.249337132841745}}}, {"type": "Feature", "geometry": {"coordinates": [[-123.12549638534833, 49.249309966800766], [-123.12492655636811, 49.249292018218696]], "type": "LineString"}, "properties": {"wireset_type": "3-6", "geo_point_2d": {"lon": -123.12521147085822, "lat": 49.24930099250973}}}, {"type": "Feature", "geometry": {"coordinates": [[-123.12163915361371, 49.24919388008329], [-123.12109409741792, 49.24918541246173]], "type": "LineString"}, "properties": {"wireset_type": "3-10", "geo_point_2d": {"lon": -123.12136662551582, "lat": 49.24918964627251}}}, {"type": "Feature", "geometry": {"coordinates": [[-123.12246288980724, 49.25006594282907], [-123.12246407843207, 49.25015762093129]], "type": "LineString"}, "properties": {"wireset_type": "1-10G", "geo_point_2d": {"lon": -123.12246348411965, "lat": 49.25011178188018}}}, {"type": "Feature", "geometry": {"coordinates": [[-123.11814088247166, 49.24997488695859], [-123.11758483550511, 49.24995901094598]], "type": "LineString"}, "properties": {"wireset_type": "3-8", "geo_point_2d": {"lon": -123.11786285898839, "lat": 49.249966948952284}}}, {"type": "Feature", "geometry": {"coordinates": [[-123.11044021807976, 49.24949587202428], [-123.11043233800683, 49.24948056967829], [-123.1104288215509, 49.249476202168886], [-123.11042477298992, 49.249472322767545], [-123.1104202594619, 49.249468995807106], [-123.11041535581556, 49.24946627645917], [-123.11041014336892, 49.249464209819166], [-123.11040470856098, 49.24946283015858], [-123.11039914151813, 49.24946216035657], [-123.11039353455969, 49.249462211520594], [-123.11030039928494, 49.24946183272412]], "type": "LineString"}, "properties": {"wireset_type": null, "geo_point_2d": {"lon": -123.11037639486263, "lat": 49.24946666927801}}}, {"type": "Feature", "geometry": {"coordinates": [[-123.10478081617661, 49.24888349501939], [-123.1041940668465, 49.24886993915013]], "type": "LineString"}, "properties": {"wireset_type": "3-4", "geo_point_2d": {"lon": -123.10448744151155, "lat": 49.24887671708476}}}, {"type": "Feature", "geometry": {"coordinates": [[-123.1048679732508, 49.24878659129452], [-123.10494248687831, 49.24890922755354], [-123.10492493548844, 49.24937384704995], [-123.10518182362362, 49.24937681576238], [-123.10522548832274, 49.24938826290761]], "type": "LineString"}, "properties": {"wireset_type": null, "geo_point_2d": {"lon": -123.1049763712668, "lat": 49.24917317564134}}}, {"type": "Feature", "geometry": {"coordinates": [[-123.10459590959462, 49.24802480704262], [-123.10383337526247, 49.24801032892717]], "type": "LineString"}, "properties": {"wireset_type": "3-12", "geo_point_2d": {"lon": -123.10421464242854, "lat": 49.24801756798489}}}, {"type": "Feature", "geometry": {"coordinates": [[-123.10462520679332, 49.24726535814709], [-123.10394317335314, 49.24725078983654]], "type": "LineString"}, "properties": {"wireset_type": "3-12", "geo_point_2d": {"lon": -123.10428419007323, "lat": 49.247258073991816}}}, {"type": "Feature", "geometry": {"coordinates": [[-123.10499124590447, 49.24721504857371], [-123.10495076639839, 49.24725335106832], [-123.10494713058559, 49.247256119022474], [-123.10494325769973, 49.24725854419464], [-123.10493917995872, 49.24726060641023], [-123.1049349312846, 49.24726228851401], [-123.10493054702138, 49.24726357651283], [-123.10492606364103, 49.24726445969205], [-123.10492151844005, 49.24726493070464], [-123.10491694922919, 49.247264985632334], [-123.10462520679332, 49.24726535814709]], "type": "LineString"}, "properties": {"wireset_type": "3-12", "geo_point_2d": {"lon": -123.10481565303259, "lat": 49.24726030036571}}}, {"type": "Feature", "geometry": {"coordinates": [[-123.11173949836646, 49.2558339253946], [-123.11111511958579, 49.25582616201663]], "type": "LineString"}, "properties": {"wireset_type": "3-4", "geo_point_2d": {"lon": -123.11142730897612, "lat": 49.255830043705615}}}, {"type": "Feature", "geometry": {"coordinates": [[-123.11051762340315, 49.25581320629725], [-123.10991418602687, 49.25579810328304]], "type": "LineString"}, "properties": {"wireset_type": "1-8G", "geo_point_2d": {"lon": -123.110215904715, "lat": 49.255805654790144}}}, {"type": "Feature", "geometry": {"coordinates": [[-123.10997443036767, 49.25625467920109], [-123.10980187831325, 49.25625458245658], [-123.10981470912454, 49.25580023079614], [-123.10991418602687, 49.25579810328304]], "type": "LineString"}, "properties": {"wireset_type": "3-2", "geo_point_2d": {"lon": -123.10983494912496, "lat": 49.256050113206875}}}, {"type": "Feature", "geometry": {"coordinates": [[-123.11326419123571, 49.25479226057071], [-123.1132631759119, 49.254883050321645]], "type": "LineString"}, "properties": {"wireset_type": "2-10", "geo_point_2d": {"lon": -123.1132636835738, "lat": 49.25483765544618}}}, {"type": "Feature", "geometry": {"coordinates": [[-123.11275785992477, 49.25478583851535], [-123.11266903624228, 49.25476420171315], [-123.11266868662673, 49.25473738730289], [-123.11251268060194, 49.25473517359005], [-123.1125073330677, 49.25477669173836], [-123.11239248675714, 49.25477537327772]], "type": "LineString"}, "properties": {"wireset_type": "3-6", "geo_point_2d": {"lon": -123.11257623749994, "lat": 49.25475790395827}}}, {"type": "Feature", "geometry": {"coordinates": [[-123.11397548083823, 49.251089307185914], [-123.11397400957387, 49.25117842433971]], "type": "LineString"}, "properties": {"wireset_type": "2-10", "geo_point_2d": {"lon": -123.11397474520605, "lat": 49.25113386576281}}}, {"type": "Feature", "geometry": {"coordinates": [[-123.10670797022905, 49.2499049473314], [-123.10616293945603, 49.249891551821015]], "type": "LineString"}, "properties": {"wireset_type": "3-8", "geo_point_2d": {"lon": -123.10643545484254, "lat": 49.249898249576205}}}, {"type": "Feature", "geometry": {"coordinates": [[-123.10670797022905, 49.2499049473314], [-123.10616293945603, 49.249891551821015]], "type": "LineString"}, "properties": {"wireset_type": "1-10G", "geo_point_2d": {"lon": -123.10643545484254, "lat": 49.249898249576205}}}, {"type": "Feature", "geometry": {"coordinates": [[-123.10749749081518, 49.251873468268194], [-123.10741815742857, 49.25180806581756], [-123.10741563709037, 49.251805984028316], [-123.10741336382738, 49.25180363493774], [-123.10741136582604, 49.25180104767243], [-123.10740966785976, 49.251798254312156], [-123.10740829098177, 49.25179528949207], [-123.10740725226414, 49.251792189973266], [-123.10740656458603, 49.25178899418698], [-123.10740623647403, 49.2517857417581], [-123.10740564423631, 49.25151908786662]], "type": "LineString"}, "properties": {"wireset_type": "2-12", "geo_point_2d": {"lon": -123.10741972840802, "lat": 49.25171097428308}}}, {"type": "Feature", "geometry": {"coordinates": [[-123.11251406706506, 49.25195929161128], [-123.11188894819065, 49.25194905945614]], "type": "LineString"}, "properties": {"wireset_type": "1-10G", "geo_point_2d": {"lon": -123.11220150762786, "lat": 49.25195417553371}}}, {"type": "Feature", "geometry": {"coordinates": [[-123.1112822039537, 49.25193366994847], [-123.11066377604621, 49.251928839844524]], "type": "LineString"}, "properties": {"wireset_type": "3-4", "geo_point_2d": {"lon": -123.11097298999996, "lat": 49.2519312548965}}}, {"type": "Feature", "geometry": {"coordinates": [[-123.11031347948476, 49.25151506168309], [-123.11030157554637, 49.25149476183033], [-123.1100363905322, 49.25149197431662], [-123.11006056232414, 49.25110297076009], [-123.1101383354959, 49.251108365741835]], "type": "LineString"}, "properties": {"wireset_type": null, "geo_point_2d": {"lon": -123.1101040366234, "lat": 49.251352836629366}}}, {"type": "Feature", "geometry": {"coordinates": [[-123.11337665906292, 49.251978966449926], [-123.11337816396255, 49.25207206554583]], "type": "LineString"}, "properties": {"wireset_type": "2-10", "geo_point_2d": {"lon": -123.11337741151274, "lat": 49.25202551599788}}}, {"type": "Feature", "geometry": {"coordinates": [[-123.11451002950756, 49.252000147840555], [-123.11393163684576, 49.25199269592122]], "type": "LineString"}, "properties": {"wireset_type": "1-10G", "geo_point_2d": {"lon": -123.11422083317666, "lat": 49.25199642188089}}}, {"type": "Feature", "geometry": {"coordinates": [[-123.11451002950756, 49.252000147840555], [-123.11393163684576, 49.25199269592122]], "type": "LineString"}, "properties": {"wireset_type": "2-8", "geo_point_2d": {"lon": -123.11422083317666, "lat": 49.25199642188089}}}, {"type": "Feature", "geometry": {"coordinates": [[-123.11337665906292, 49.251978966449926], [-123.11287811162363, 49.25197472312637]], "type": "LineString"}, "properties": {"wireset_type": "1-10G", "geo_point_2d": {"lon": -123.11312738534328, "lat": 49.251976844788146}}}, {"type": "Feature", "geometry": {"coordinates": [[-123.11072221868268, 49.25103202286959], [-123.11072215253445, 49.25111918667081]], "type": "LineString"}, "properties": {"wireset_type": "2-10", "geo_point_2d": {"lon": -123.11072218560858, "lat": 49.2510756047702}}}, {"type": "Feature", "geometry": {"coordinates": [[-123.10977114715885, 49.25101043336457], [-123.10977585759693, 49.251102144210925]], "type": "LineString"}, "properties": {"wireset_type": "2-10", "geo_point_2d": {"lon": -123.10977350237789, "lat": 49.25105628878775}}}, {"type": "Feature", "geometry": {"coordinates": [[-123.10873579122294, 49.25098385107473], [-123.10873296058807, 49.25109023127858]], "type": "LineString"}, "properties": {"wireset_type": "2-10", "geo_point_2d": {"lon": -123.1087343759055, "lat": 49.251037041176666}}}, {"type": "Feature", "geometry": {"coordinates": [[-123.10811757731318, 49.25107775673037], [-123.107587194888, 49.25107061490654]], "type": "LineString"}, "properties": {"wireset_type": "3-6", "geo_point_2d": {"lon": -123.10785238610059, "lat": 49.25107418581845}}}, {"type": "Feature", "geometry": {"coordinates": [[-123.10977585759693, 49.251102144210925], [-123.10923554934126, 49.251099319102885]], "type": "LineString"}, "properties": {"wireset_type": "1-10G", "geo_point_2d": {"lon": -123.1095057034691, "lat": 49.251100731656905}}}, {"type": "Feature", "geometry": {"coordinates": [[-123.11135047259914, 49.251133964641774], [-123.11072215253445, 49.25111918667081]], "type": "LineString"}, "properties": {"wireset_type": "3-4", "geo_point_2d": {"lon": -123.11103631256678, "lat": 49.25112657565629}}}, {"type": "Feature", "geometry": {"coordinates": [[-123.1129393747832, 49.25115727614401], [-123.1125413857877, 49.25114964077154]], "type": "LineString"}, "properties": {"wireset_type": "3-6", "geo_point_2d": {"lon": -123.11274038028544, "lat": 49.25115345845778}}}, {"type": "Feature", "geometry": {"coordinates": [[-123.107587194888, 49.25107061490654], [-123.10716365447142, 49.251046505546924]], "type": "LineString"}, "properties": {"wireset_type": "1-10G", "geo_point_2d": {"lon": -123.1073754246797, "lat": 49.25105856022673}}}, {"type": "Feature", "geometry": {"coordinates": [[-123.10609052079523, 49.25102445018979], [-123.10554539999654, 49.25101320170749]], "type": "LineString"}, "properties": {"wireset_type": "1-10G", "geo_point_2d": {"lon": -123.1058179603959, "lat": 49.251018825948634}}}, {"type": "Feature", "geometry": {"coordinates": [[-123.11391605204656, 49.24886242628471], [-123.11325756420261, 49.24885020151471]], "type": "LineString"}, "properties": {"wireset_type": "3-8", "geo_point_2d": {"lon": -123.1135868081246, "lat": 49.248856313899715}}}, {"type": "Feature", "geometry": {"coordinates": [[-123.11325756420261, 49.24885020151471], [-123.11270395012802, 49.24884051532967]], "type": "LineString"}, "properties": {"wireset_type": "3-8", "geo_point_2d": {"lon": -123.11298075716532, "lat": 49.24884535842219}}}, {"type": "Feature", "geometry": {"coordinates": [[-123.1114351266089, 49.2488177918355], [-123.11115915397338, 49.24881418074939]], "type": "LineString"}, "properties": {"wireset_type": "3-6", "geo_point_2d": {"lon": -123.11129714029111, "lat": 49.24881598629244}}}, {"type": "Feature", "geometry": {"coordinates": [[-123.11052614659744, 49.24880384986686], [-123.11023203171945, 49.24879803209931]], "type": "LineString"}, "properties": {"wireset_type": "3-6", "geo_point_2d": {"lon": -123.11037908915844, "lat": 49.24880094098309}}}, {"type": "Feature", "geometry": {"coordinates": [[-123.11083449732953, 49.24880994107683], [-123.11052614659744, 49.24880384986686]], "type": "LineString"}, "properties": {"wireset_type": "3-6", "geo_point_2d": {"lon": -123.11068032196347, "lat": 49.248806895471844}}}, {"type": "Feature", "geometry": {"coordinates": [[-123.10929260769986, 49.24884826344408], [-123.10873325748308, 49.2488415770601]], "type": "LineString"}, "properties": {"wireset_type": "3-6", "geo_point_2d": {"lon": -123.10901293259145, "lat": 49.24884492025209}}}, {"type": "Feature", "geometry": {"coordinates": [[-123.10873325748308, 49.2488415770601], [-123.10817071156141, 49.2488312029162]], "type": "LineString"}, "properties": {"wireset_type": "3-6", "geo_point_2d": {"lon": -123.10845198452223, "lat": 49.24883638998815}}}, {"type": "Feature", "geometry": {"coordinates": [[-123.10764981642245, 49.248822226468086], [-123.10724309483878, 49.24881483284847]], "type": "LineString"}, "properties": {"wireset_type": "3-6", "geo_point_2d": {"lon": -123.10744645563062, "lat": 49.24881852965828}}}, {"type": "Feature", "geometry": {"coordinates": [[-123.10670813468126, 49.24880814100273], [-123.10618924273555, 49.24879756396365]], "type": "LineString"}, "properties": {"wireset_type": "3-8", "geo_point_2d": {"lon": -123.10644868870841, "lat": 49.248802852483195}}}, {"type": "Feature", "geometry": {"coordinates": [[-123.10564211330318, 49.248786533670724], [-123.10519040236265, 49.24878394142578]], "type": "LineString"}, "properties": {"wireset_type": "2-8", "geo_point_2d": {"lon": -123.10541625783291, "lat": 49.24878523754825}}}, {"type": "Feature", "geometry": {"coordinates": [[-123.11017305944914, 49.24861367715211], [-123.11016828268053, 49.248794971561956], [-123.11023203171945, 49.24879803209931]], "type": "LineString"}, "properties": {"wireset_type": "3-4", "geo_point_2d": {"lon": -123.11017834656603, "lat": 49.24872831896686}}}, {"type": "Feature", "geometry": {"coordinates": [[-123.11451564063138, 49.24907332935486], [-123.11390096283428, 49.24906459094845]], "type": "LineString"}, "properties": {"wireset_type": "3-8", "geo_point_2d": {"lon": -123.11420830173283, "lat": 49.249068960151654}}}, {"type": "Feature", "geometry": {"coordinates": [[-123.11331009999189, 49.24905686036852], [-123.11269582498517, 49.24905586904271]], "type": "LineString"}, "properties": {"wireset_type": "3-8", "geo_point_2d": {"lon": -123.11300296248854, "lat": 49.24905636470561}}}, {"type": "Feature", "geometry": {"coordinates": [[-123.11269582498517, 49.24905586904271], [-123.11199645618859, 49.24903129052454]], "type": "LineString"}, "properties": {"wireset_type": "3-6", "geo_point_2d": {"lon": -123.11234614058688, "lat": 49.249043579783624}}}, {"type": "Feature", "geometry": {"coordinates": [[-123.11081845865644, 49.24901097284869], [-123.11021723047604, 49.24900051083871]], "type": "LineString"}, "properties": {"wireset_type": "3-6", "geo_point_2d": {"lon": -123.11051784456625, "lat": 49.2490057418437}}}, {"type": "Feature", "geometry": {"coordinates": [[-123.1223190356782, 49.25439806941733], [-123.12223007619494, 49.254400763185046], [-123.12222686354686, 49.25440051015859], [-123.12222364113073, 49.254400544281964], [-123.12222043456126, 49.254400865283934], [-123.12221726932715, 49.25440147061288], [-123.12221417058856, 49.2544023554571], [-123.1222111629771, 49.25440351278306], [-123.12220827039997, 49.25440493339125], [-123.12220551585001, 49.254406605989416], [-123.1222029212229, 49.25440851728222], [-123.12220050714306, 49.25441065207698], [-123.12219829279981, 49.25441299340439], [-123.12219629579475, 49.25441552265346], [-123.1221945320019, 49.25441821971943], [-123.12219301544148, 49.254421063163576], [-123.12219175816848, 49.2544240303836], [-123.12219077017687, 49.25442709779337], [-123.12217964812615, 49.25474255395963]], "type": "LineString"}, "properties": {"wireset_type": "2-12", "geo_point_2d": {"lon": -123.1222051238495, "lat": 49.2545287956143}}}, {"type": "Feature", "geometry": {"coordinates": [[-123.11593617210377, 49.25332261554496], [-123.1154655812228, 49.25313822599393]], "type": "LineString"}, "properties": {"wireset_type": "2-12", "geo_point_2d": {"lon": -123.11570087666328, "lat": 49.25323042076944}}}, {"type": "Feature", "geometry": {"coordinates": [[-123.11185462403017, 49.252819587483884], [-123.11185379783105, 49.25294655585648]], "type": "LineString"}, "properties": {"wireset_type": "2-10", "geo_point_2d": {"lon": -123.1118542109306, "lat": 49.25288307167018}}}, {"type": "Feature", "geometry": {"coordinates": [[-123.10858453078814, 49.25276397734444], [-123.10858382248166, 49.252892132951466]], "type": "LineString"}, "properties": {"wireset_type": "2-10", "geo_point_2d": {"lon": -123.1085841766349, "lat": 49.25282805514796}}}, {"type": "Feature", "geometry": {"coordinates": [[-123.10661810374457, 49.25273092527947], [-123.10661780722626, 49.252861230352195]], "type": "LineString"}, "properties": {"wireset_type": "2-10", "geo_point_2d": {"lon": -123.1066179554854, "lat": 49.25279607781583}}}, {"type": "Feature", "geometry": {"coordinates": [[-123.1099393687603, 49.25292375552493], [-123.10972043288152, 49.25291583196993]], "type": "LineString"}, "properties": {"wireset_type": null, "geo_point_2d": {"lon": -123.1098299008209, "lat": 49.25291979374743}}}, {"type": "Feature", "geometry": {"coordinates": [[-123.10981911214729, 49.2524576294858], [-123.10980960740058, 49.2527507838538], [-123.10980870059932, 49.252753749928054], [-123.10980753656835, 49.2527566248049], [-123.10980612432044, 49.25275938622498], [-123.10980447479024, 49.25276201280738], [-123.10980260074959, 49.2527644842152], [-123.10980051670866, 49.25276678131302], [-123.1097982388036, 49.25276888631506], [-123.10979578467162, 49.25277078292287], [-123.10979317331434, 49.25277245645154], [-123.10979042495082, 49.25277389394341], [-123.10978756086082, 49.25277508426838], [-123.10978460322023, 49.252776018210085], [-123.10978157492923, 49.252776688537296], [-123.10977849943501, 49.25277709005983], [-123.10977540055029, 49.25277721966883], [-123.10977230226887, 49.252777076360765], [-123.10972069590893, 49.25278030069571]], "type": "LineString"}, "properties": {"wireset_type": "2-12", "geo_point_2d": {"lon": -123.10980292530937, "lat": 49.25264772027284}}}, {"type": "Feature", "geometry": {"coordinates": [[-123.11387459873124, 49.25297947422499], [-123.11331598343904, 49.25297233255021]], "type": "LineString"}, "properties": {"wireset_type": "3-8", "geo_point_2d": {"lon": -123.11359529108515, "lat": 49.2529759033876}}}, {"type": "Feature", "geometry": {"coordinates": [[-123.11331598343904, 49.25297233255021], [-123.11278020218208, 49.25295706119116]], "type": "LineString"}, "properties": {"wireset_type": "3-6", "geo_point_2d": {"lon": -123.11304809281054, "lat": 49.252964696870684}}}, {"type": "Feature", "geometry": {"coordinates": [[-123.11064089615137, 49.25292470497932], [-123.11006978880089, 49.252916669044374]], "type": "LineString"}, "properties": {"wireset_type": "1-10G", "geo_point_2d": {"lon": -123.11035534247613, "lat": 49.25292068701185}}}, {"type": "Feature", "geometry": {"coordinates": [[-123.10972043288152, 49.25291583196993], [-123.10912375081224, 49.25290076338884]], "type": "LineString"}, "properties": {"wireset_type": "1-10G", "geo_point_2d": {"lon": -123.10942209184688, "lat": 49.25290829767938}}}, {"type": "Feature", "geometry": {"coordinates": [[-123.10523872972308, 49.24681959090268], [-123.10523204201922, 49.24682034882503], [-123.10522531292445, 49.246820487074096], [-123.10521859973406, 49.24682000447275], [-123.10521195960793, 49.246818905130134], [-123.10520544908381, 49.24681719840667], [-123.10519912359598, 49.24681489883435], [-123.10519303700318, 49.24681202599303], [-123.10518724113007, 49.24680860434369], [-123.10518178532598, 49.246804663020185], [-123.1051767160447, 49.24680023558115], [-123.10517207644891, 49.24679535972428], [-123.10516790604275, 49.24679007696537], [-123.1051642403354, 49.246784432284784], [-123.10516111053876, 49.24677847374451], [-123.10515854330166, 49.246772252078905], [-123.105156560483, 49.24676582026272], [-123.10515645697814, 49.2467494310437]], "type": "LineString"}, "properties": {"wireset_type": null, "geo_point_2d": {"lon": -123.10518626979747, "lat": 49.246797151405886}}}, {"type": "Feature", "geometry": {"coordinates": [[-123.10531833942146, 49.2468197612286], [-123.10523872972308, 49.24681959090268]], "type": "LineString"}, "properties": {"wireset_type": null, "geo_point_2d": {"lon": -123.10527853457228, "lat": 49.246819676065634}}}, {"type": "Feature", "geometry": {"coordinates": [[-123.10503461241441, 49.24618647629419], [-123.10501840340659, 49.24646690842205]], "type": "LineString"}, "properties": {"wireset_type": "3-12", "geo_point_2d": {"lon": -123.10502650791051, "lat": 49.246326692358124}}}, {"type": "Feature", "geometry": {"coordinates": [[-123.10501840340659, 49.24646690842205], [-123.10500693891382, 49.246749423115546]], "type": "LineString"}, "properties": {"wireset_type": "3-12", "geo_point_2d": {"lon": -123.10501267116022, "lat": 49.2466081657688}}}, {"type": "Feature", "geometry": {"coordinates": [[-123.112515845943, 49.24692529919395], [-123.11251639673944, 49.24702257309943]], "type": "LineString"}, "properties": {"wireset_type": "3-8", "geo_point_2d": {"lon": -123.11251612134122, "lat": 49.246973936146695}}}, {"type": "Feature", "geometry": {"coordinates": [[-123.10520952627579, 49.25044445206481], [-123.10484238238978, 49.25043844418561]], "type": "LineString"}, "properties": {"wireset_type": "3-4", "geo_point_2d": {"lon": -123.10502595433277, "lat": 49.250441448125216}}}, {"type": "Feature", "geometry": {"coordinates": [[-123.1200097847565, 49.254310278113714], [-123.12001001219177, 49.254353077139534]], "type": "LineString"}, "properties": {"wireset_type": null, "geo_point_2d": {"lon": -123.12000989847414, "lat": 49.254331677626624}}}, {"type": "Feature", "geometry": {"coordinates": [[-123.11772508627372, 49.254199783662926], [-123.11772547854133, 49.25430116840065]], "type": "LineString"}, "properties": {"wireset_type": "3-12", "geo_point_2d": {"lon": -123.11772528240752, "lat": 49.254250476031785}}}, {"type": "Feature", "geometry": {"coordinates": [[-123.11772508627372, 49.254199783662926], [-123.11713976511045, 49.25419071772983]], "type": "LineString"}, "properties": {"wireset_type": "3-12", "geo_point_2d": {"lon": -123.11743242569209, "lat": 49.25419525069638}}}, {"type": "Feature", "geometry": {"coordinates": [[-123.1195067246701, 49.2542284393176], [-123.11890351293694, 49.25421457039029]], "type": "LineString"}, "properties": {"wireset_type": "3-12", "geo_point_2d": {"lon": -123.11920511880352, "lat": 49.254221504853945}}}, {"type": "Feature", "geometry": {"coordinates": [[-123.12225087210399, 49.25391832745322], [-123.12215353950374, 49.25394121529983]], "type": "LineString"}, "properties": {"wireset_type": null, "geo_point_2d": {"lon": -123.12220220580386, "lat": 49.253929771376534}}}, {"type": "Feature", "geometry": {"coordinates": [[-123.12461944677429, 49.24974271401761], [-123.12460362191335, 49.25006118015752], [-123.12460218868637, 49.25006533868001], [-123.12460039041885, 49.250069352865204], [-123.12459824143264, 49.25007319074315], [-123.1245957588428, 49.250076821748046], [-123.12459296242129, 49.25008021696168], [-123.12458987443948, 49.25008334934372], [-123.12458651949083, 49.25008619394711], [-123.124582924295, 49.25008872811674], [-123.12457911748497, 49.250090931669845], [-123.12457512937914, 49.25009278705679], [-123.12457099173976, 49.25009427950083], [-123.12456673752, 49.25009539711575], [-123.12456240060152, 49.25009613100061], [-123.12455801552461, 49.250096475310556], [-123.1245536172131, 49.25009642730343], [-123.12454924069621, 49.25009598736157], [-123.12447254044237, 49.2500965017935]], "type": "LineString"}, "properties": {"wireset_type": "2-12", "geo_point_2d": {"lon": -123.12459031014117, "lat": 49.24996162076081}}}, {"type": "Feature", "geometry": {"coordinates": [[-123.11950406549785, 49.25000727102994], [-123.11880936887923, 49.2500012860755]], "type": "LineString"}, "properties": {"wireset_type": null, "geo_point_2d": {"lon": -123.11915671718853, "lat": 49.25000427855272}}}, {"type": "Feature", "geometry": {"coordinates": [[-123.11848405795155, 49.24997981572362], [-123.11814088247166, 49.24997488695859]], "type": "LineString"}, "properties": {"wireset_type": "2-12", "geo_point_2d": {"lon": -123.1183124702116, "lat": 49.2499773513411}}}, {"type": "Feature", "geometry": {"coordinates": [[-123.12058717878975, 49.24960866445941], [-123.12046403177762, 49.24960762354942]], "type": "LineString"}, "properties": {"wireset_type": null, "geo_point_2d": {"lon": -123.12052560528369, "lat": 49.24960814400441}}}, {"type": "Feature", "geometry": {"coordinates": [[-123.12243198229014, 49.253892670199726], [-123.12229623363766, 49.25389027732008], [-123.12229050078945, 49.25389011413178], [-123.12228479470481, 49.253890691000265], [-123.12227921051941, 49.253891998307616], [-123.12227384133651, 49.25389401425752], [-123.12226877667469, 49.253896705238716], [-123.1222641009754, 49.25390002638538], [-123.12225989219499, 49.25390392232514], [-123.12225622050507, 49.25390832810228], [-123.12225087210399, 49.25391832745322]], "type": "LineString"}, "properties": {"wireset_type": "3-8", "geo_point_2d": {"lon": -123.12233634822061, "lat": 49.253893797507516}}}, {"type": "Feature", "geometry": {"coordinates": [[-123.11842933758099, 49.25328676850297], [-123.11843156143541, 49.25340642966941]], "type": "LineString"}, "properties": {"wireset_type": null, "geo_point_2d": {"lon": -123.1184304495082, "lat": 49.253346599086186}}}, {"type": "Feature", "geometry": {"coordinates": [[-123.11843156143541, 49.25340642966941], [-123.11776787230093, 49.253394083012964]], "type": "LineString"}, "properties": {"wireset_type": "3-12", "geo_point_2d": {"lon": -123.11809971686817, "lat": 49.25340025634119}}}, {"type": "Feature", "geometry": {"coordinates": [[-123.11968832599554, 49.25342725380665], [-123.11904275852469, 49.25341359139182]], "type": "LineString"}, "properties": {"wireset_type": "3-10", "geo_point_2d": {"lon": -123.11936554226011, "lat": 49.253420422599234}}}, {"type": "Feature", "geometry": {"coordinates": [[-123.12038989963347, 49.25343289349606], [-123.12000988105567, 49.253431696706095]], "type": "LineString"}, "properties": {"wireset_type": "3-10", "geo_point_2d": {"lon": -123.12019989034457, "lat": 49.253432295101085}}}, {"type": "Feature", "geometry": {"coordinates": [[-123.12159189667679, 49.25336656328999], [-123.12158547890265, 49.253461532609414]], "type": "LineString"}, "properties": {"wireset_type": "3-10", "geo_point_2d": {"lon": -123.12158868778971, "lat": 49.253414047949704}}}, {"type": "Feature", "geometry": {"coordinates": [[-123.12159189667679, 49.25336656328999], [-123.12158547890265, 49.253461532609414]], "type": "LineString"}, "properties": {"wireset_type": "1-12G", "geo_point_2d": {"lon": -123.12158868778971, "lat": 49.253414047949704}}}, {"type": "Feature", "geometry": {"coordinates": [[-123.12039110560355, 49.25334112297828], [-123.12038989963347, 49.25343289349606]], "type": "LineString"}, "properties": {"wireset_type": "3-12", "geo_point_2d": {"lon": -123.1203905026185, "lat": 49.25338700823717}}}, {"type": "Feature", "geometry": {"coordinates": [[-123.1243495770174, 49.253429725008296], [-123.12434953320917, 49.253527170302604]], "type": "LineString"}, "properties": {"wireset_type": "3-12", "geo_point_2d": {"lon": -123.12434955511328, "lat": 49.25347844765546}}}, {"type": "Feature", "geometry": {"coordinates": [[-123.12231099809269, 49.25349209717366], [-123.12158547890265, 49.253461532609414]], "type": "LineString"}, "properties": {"wireset_type": "3-10", "geo_point_2d": {"lon": -123.12194823849768, "lat": 49.25347681489155}}}, {"type": "Feature", "geometry": {"coordinates": [[-123.12231099809269, 49.25349209717366], [-123.12158547890265, 49.253461532609414]], "type": "LineString"}, "properties": {"wireset_type": "1-12G", "geo_point_2d": {"lon": -123.12194823849768, "lat": 49.25347681489155}}}, {"type": "Feature", "geometry": {"coordinates": [[-123.12637275780212, 49.25356027224782], [-123.12574274169862, 49.25355171255915]], "type": "LineString"}, "properties": {"wireset_type": "3-12", "geo_point_2d": {"lon": -123.12605774975037, "lat": 49.253555992403484}}}, {"type": "Feature", "geometry": {"coordinates": [[-123.1250867917736, 49.253541882203905], [-123.12434953320917, 49.253527170302604]], "type": "LineString"}, "properties": {"wireset_type": "4-12", "geo_point_2d": {"lon": -123.12471816249138, "lat": 49.25353452625326}}}, {"type": "Feature", "geometry": {"coordinates": [[-123.12231695216548, 49.25429453662704], [-123.1223190356782, 49.25439806941733]], "type": "LineString"}, "properties": {"wireset_type": "3-12", "geo_point_2d": {"lon": -123.12231799392184, "lat": 49.25434630302219}}}, {"type": "Feature", "geometry": {"coordinates": [[-123.1251861935934, 49.25072431721015], [-123.12447912040196, 49.250718784541114]], "type": "LineString"}, "properties": {"wireset_type": "3-6", "geo_point_2d": {"lon": -123.1248326569977, "lat": 49.25072155087563}}}, {"type": "Feature", "geometry": {"coordinates": [[-123.12447890712187, 49.25080884498285], [-123.12455057404335, 49.25084449678522], [-123.12455382744557, 49.25084600425747], [-123.12455683549845, 49.25084795585077], [-123.12455953797125, 49.25085031248807], [-123.12456188075191, 49.25085302698201], [-123.12456381693053, 49.250856044979834], [-123.12456530773872, 49.25085930605167], [-123.12456632332574, 49.250862744900544], [-123.12456684335635, 49.250866292669805], [-123.12456073399758, 49.25121253451971]], "type": "LineString"}, "properties": {"wireset_type": "2-12", "geo_point_2d": {"lon": -123.12455497079986, "lat": 49.250990291158374}}}, {"type": "Feature", "geometry": {"coordinates": [[-123.12459232876922, 49.25041683665628], [-123.12458898902722, 49.250651363823664], [-123.1245880522584, 49.250656303979234], [-123.12458642243513, 49.25066106069542], [-123.12458413269027, 49.25066553727239], [-123.12458122957233, 49.250669642705255], [-123.12457777209913, 49.250673293534184], [-123.12457383055805, 49.25067641554104], [-123.12456948507717, 49.25067894525816], [-123.12456482399628, 49.250680831258634], [-123.12447912040196, 49.250718784541114]], "type": "LineString"}, "properties": {"wireset_type": "2-12", "geo_point_2d": {"lon": -123.12457199508837, "lat": 49.250590909780186}}}, {"type": "Feature", "geometry": {"coordinates": [[-123.1230773302951, 49.250786149427334], [-123.1224547908365, 49.25077480231507]], "type": "LineString"}, "properties": {"wireset_type": "3-8", "geo_point_2d": {"lon": -123.1227660605658, "lat": 49.2507804758712}}}, {"type": "Feature", "geometry": {"coordinates": [[-123.12052411432754, 49.25073422214525], [-123.119786939789, 49.250725031100174]], "type": "LineString"}, "properties": {"wireset_type": "3-10", "geo_point_2d": {"lon": -123.12015552705827, "lat": 49.25072962662271}}}, {"type": "Feature", "geometry": {"coordinates": [[-123.119786939789, 49.250725031100174], [-123.11925159092738, 49.25071457476407]], "type": "LineString"}, "properties": {"wireset_type": "3-12", "geo_point_2d": {"lon": -123.11951926535816, "lat": 49.250719802932124}}}, {"type": "Feature", "geometry": {"coordinates": [[-123.11712069550784, 49.25067838995747], [-123.11639160163617, 49.25066897116117]], "type": "LineString"}, "properties": {"wireset_type": "3-12", "geo_point_2d": {"lon": -123.116756148572, "lat": 49.250673680559316}}}, {"type": "Feature", "geometry": {"coordinates": [[-123.1272876038471, 49.250747936352106], [-123.12728581013572, 49.250867997623004], [-123.12734839855037, 49.25087247124017], [-123.12735258999884, 49.2508722647247], [-123.12735678262612, 49.250872445736334], [-123.1273609406792, 49.25087301273148], [-123.12736502869983, 49.25087396087503], [-123.127369011827, 49.250875282081594], [-123.1273728560942, 49.250876965084444], [-123.12737652871904, 49.2508789955316], [-123.12737999838284, 49.25088135610823], [-123.12738323549767, 49.25088402668426], [-123.12738621245875, 49.250886984486094], [-123.12738890387969, 49.25089020429077], [-123.12739128680916, 49.250893658641075], [-123.12739334092646, 49.25089731807969], [-123.12739504871492, 49.25090115140037], [-123.12739639561119, 49.25090512591409], [-123.12739737012946, 49.25090920772778], [-123.12739316807702, 49.25101173096067]], "type": "LineString"}, "properties": {"wireset_type": "3-10", "geo_point_2d": {"lon": -123.12734101433753, "lat": 49.250878024893375}}}, {"type": "Feature", "geometry": {"coordinates": [[-123.12738672587483, 49.25070824810305], [-123.12738663952418, 49.2507120711698], [-123.12738529384993, 49.25071629315416], [-123.12738356983306, 49.25072037528069], [-123.12738148175875, 49.25072428372499], [-123.12737904692872, 49.250727986101786], [-123.12737628551794, 49.25073145173327], [-123.12737322040735, 49.250734651903315], [-123.12736987699442, 49.250737560095374], [-123.12736628298256, 49.25074015221226], [-123.12736246815167, 49.250742406775736], [-123.12735846411135, 49.250744305104554], [-123.12735430403899, 49.2507458314692], [-123.12735002240483, 49.25074697322228], [-123.1273456546864, 49.25074772090322], [-123.12734123707448, 49.250748068316774], [-123.12733680617333, 49.25074801258428], [-123.12733239869726, 49.25074755416754], [-123.1272876038471, 49.250747936352106]], "type": "LineString"}, "properties": {"wireset_type": "3-10", "geo_point_2d": {"lon": -123.12734446964939, "lat": 49.250739941880376}}}, {"type": "Feature", "geometry": {"coordinates": [[-123.12740004709177, 49.24945572885347], [-123.12739366367568, 49.249709059529195]], "type": "LineString"}, "properties": {"wireset_type": "3-8", "geo_point_2d": {"lon": -123.12739685538372, "lat": 49.249582394191336}}}, {"type": "Feature", "geometry": {"coordinates": [[-123.12747968976339, 49.247962045979335], [-123.12742364675711, 49.24823574273923]], "type": "LineString"}, "properties": {"wireset_type": "3-8", "geo_point_2d": {"lon": -123.12745166826025, "lat": 49.24809889435929}}}, {"type": "Feature", "geometry": {"coordinates": [[-123.12441166495988, 49.2544532334669], [-123.12430788251149, 49.25433741476521]], "type": "LineString"}, "properties": {"wireset_type": null, "geo_point_2d": {"lon": -123.12435977373569, "lat": 49.254395324116054}}}, {"type": "Feature", "geometry": {"coordinates": [[-123.11744380339492, 49.25702738420253], [-123.11697258518731, 49.25701935276318]], "type": "LineString"}, "properties": {"wireset_type": "3-10", "geo_point_2d": {"lon": -123.11720819429112, "lat": 49.257023368482855}}}, {"type": "Feature", "geometry": {"coordinates": [[-123.11762431710422, 49.248034720288416], [-123.11762794327036, 49.247935859008535]], "type": "LineString"}, "properties": {"wireset_type": "3-10", "geo_point_2d": {"lon": -123.11762613018729, "lat": 49.24798528964847}}}, {"type": "Feature", "geometry": {"coordinates": [[-123.11580746487296, 49.24790550425443], [-123.1163779490154, 49.24791810901005]], "type": "LineString"}, "properties": {"wireset_type": "1-10G", "geo_point_2d": {"lon": -123.11609270694419, "lat": 49.247911806632246}}}, {"type": "Feature", "geometry": {"coordinates": [[-123.11831369623064, 49.2471207574829], [-123.11709432588816, 49.247093296007186]], "type": "LineString"}, "properties": {"wireset_type": "3-10", "geo_point_2d": {"lon": -123.1177040110594, "lat": 49.24710702674504}}}, {"type": "Feature", "geometry": {"coordinates": [[-123.12029987964706, 49.24613868471809], [-123.11950741382033, 49.246122883992825]], "type": "LineString"}, "properties": {"wireset_type": "3-10", "geo_point_2d": {"lon": -123.11990364673369, "lat": 49.24613078435546}}}, {"type": "Feature", "geometry": {"coordinates": [[-123.11710701813375, 49.2460867165593], [-123.1164838915286, 49.246074582275064]], "type": "LineString"}, "properties": {"wireset_type": "3-8", "geo_point_2d": {"lon": -123.11679545483118, "lat": 49.24608064941718}}}, {"type": "Feature", "geometry": {"coordinates": [[-123.11997499938681, 49.25604923415025], [-123.11957430270564, 49.25604678906772]], "type": "LineString"}, "properties": {"wireset_type": "3-10", "geo_point_2d": {"lon": -123.11977465104623, "lat": 49.25604801160898}}}, {"type": "Feature", "geometry": {"coordinates": [[-123.11892289161918, 49.25604034619318], [-123.1184676736361, 49.25603587548396]], "type": "LineString"}, "properties": {"wireset_type": "3-10", "geo_point_2d": {"lon": -123.11869528262764, "lat": 49.256038110838574}}}, {"type": "Feature", "geometry": {"coordinates": [[-123.11892109138047, 49.256131883387845], [-123.11880958465134, 49.25613200710294]], "type": "LineString"}, "properties": {"wireset_type": "2-10", "geo_point_2d": {"lon": -123.11886533801591, "lat": 49.25613194524539}}}, {"type": "Feature", "geometry": {"coordinates": [[-123.11880958465134, 49.25613200710294], [-123.11836683618684, 49.25612998786256]], "type": "LineString"}, "properties": {"wireset_type": "2-10", "geo_point_2d": {"lon": -123.11858821041909, "lat": 49.25613099748275}}}, {"type": "Feature", "geometry": {"coordinates": [[-123.11836659953792, 49.25603102271323], [-123.11836683618684, 49.25612998786256]], "type": "LineString"}, "properties": {"wireset_type": "3-10", "geo_point_2d": {"lon": -123.11836671786239, "lat": 49.2560805052879}}}, {"type": "Feature", "geometry": {"coordinates": [[-123.1161953439326, 49.255981486265874], [-123.1161969543507, 49.25607624027564]], "type": "LineString"}, "properties": {"wireset_type": "5-12", "geo_point_2d": {"lon": -123.11619614914164, "lat": 49.25602886327076}}}, {"type": "Feature", "geometry": {"coordinates": [[-123.11836659953792, 49.25603102271323], [-123.11755743907113, 49.25600168789713]], "type": "LineString"}, "properties": {"wireset_type": "3-12", "geo_point_2d": {"lon": -123.11796201930451, "lat": 49.25601635530518}}}, {"type": "Feature", "geometry": {"coordinates": [[-123.1168710083195, 49.25599329013294], [-123.1161953439326, 49.255981486265874]], "type": "LineString"}, "properties": {"wireset_type": "5-12", "geo_point_2d": {"lon": -123.11653317612604, "lat": 49.25598738819941}}}, {"type": "Feature", "geometry": {"coordinates": [[-123.11526810642575, 49.256021418340744], [-123.11526967785457, 49.25598216164037]], "type": "LineString"}, "properties": {"wireset_type": null, "geo_point_2d": {"lon": -123.11526889214015, "lat": 49.256001789990556}}}, {"type": "Feature", "geometry": {"coordinates": [[-123.11552613783668, 49.252359583897466], [-123.11551242074752, 49.252081465280284]], "type": "LineString"}, "properties": {"wireset_type": "3-8", "geo_point_2d": {"lon": -123.1155192792921, "lat": 49.25222052458888}}}, {"type": "Feature", "geometry": {"coordinates": [[-123.11544545157071, 49.25185443877749], [-123.11545713910591, 49.25157477454828]], "type": "LineString"}, "properties": {"wireset_type": "1-8G", "geo_point_2d": {"lon": -123.11545129533832, "lat": 49.25171460666289}}}, {"type": "Feature", "geometry": {"coordinates": [[-123.11551242074752, 49.252081465280284], [-123.11553345997301, 49.25185818276836]], "type": "LineString"}, "properties": {"wireset_type": "3-8", "geo_point_2d": {"lon": -123.11552294036026, "lat": 49.25196982402432}}}, {"type": "Feature", "geometry": {"coordinates": [[-123.12447890712187, 49.25080884498285], [-123.1238259004005, 49.2508019097613]], "type": "LineString"}, "properties": {"wireset_type": "3-8", "geo_point_2d": {"lon": -123.12415240376119, "lat": 49.250805377372075}}}, {"type": "Feature", "geometry": {"coordinates": [[-123.11856477101546, 49.250702535414135], [-123.11781418433677, 49.25069261693173]], "type": "LineString"}, "properties": {"wireset_type": "3-12", "geo_point_2d": {"lon": -123.11818947767611, "lat": 49.25069757617293}}}, {"type": "Feature", "geometry": {"coordinates": [[-123.11781430884199, 49.25058902777307], [-123.11781418433677, 49.25069261693173]], "type": "LineString"}, "properties": {"wireset_type": null, "geo_point_2d": {"lon": -123.11781424658936, "lat": 49.250640822352395}}}, {"type": "Feature", "geometry": {"coordinates": [[-123.12592794192776, 49.25074313868843], [-123.1251861935934, 49.25072431721015]], "type": "LineString"}, "properties": {"wireset_type": "3-6", "geo_point_2d": {"lon": -123.12555706776058, "lat": 49.25073372794929}}}, {"type": "Feature", "geometry": {"coordinates": [[-123.10517851744913, 49.25230293877567], [-123.10478561638408, 49.25229428257908], [-123.10479952052606, 49.251916722429456], [-123.10469143195317, 49.25191073965359]], "type": "LineString"}, "properties": {"wireset_type": "3-2", "geo_point_2d": {"lon": -123.10487148659388, "lat": 49.252168217652184}}}, {"type": "Feature", "geometry": {"coordinates": [[-123.10517851744913, 49.25230293877567], [-123.10514455856836, 49.25232061831457], [-123.10478736301589, 49.252320942837684], [-123.10476735475693, 49.25271023826546], [-123.1046224186205, 49.25271507410566]], "type": "LineString"}, "properties": {"wireset_type": "3-2", "geo_point_2d": {"lon": -123.10485272795896, "lat": 49.25246312348845}}}, {"type": "Feature", "geometry": {"coordinates": [[-123.10912375081224, 49.25290076338884], [-123.10858382248166, 49.252892132951466]], "type": "LineString"}, "properties": {"wireset_type": "3-4", "geo_point_2d": {"lon": -123.10885378664696, "lat": 49.25289644817015}}}, {"type": "Feature", "geometry": {"coordinates": [[-123.10746513986909, 49.25287193220435], [-123.10741097452726, 49.25287387157087], [-123.1073905045911, 49.25288256199453], [-123.10737727983043, 49.25289912549633], [-123.10737611329517, 49.25291882611836], [-123.10720012779913, 49.252914267051324], [-123.10719887937542, 49.25288983718464], [-123.10719040618491, 49.25287329383627], [-123.10716988663876, 49.25286543305692], [-123.10711581565398, 49.252866526646564]], "type": "LineString"}, "properties": {"wireset_type": "3-6", "geo_point_2d": {"lon": -123.10728878657386, "lat": 49.252895484661984}}}, {"type": "Feature", "geometry": {"coordinates": [[-123.10608188477187, 49.251842241012035], [-123.10608204093825, 49.251940774555685]], "type": "LineString"}, "properties": {"wireset_type": "2-10", "geo_point_2d": {"lon": -123.10608196285504, "lat": 49.25189150778386}}}, {"type": "Feature", "geometry": {"coordinates": [[-123.10928330346366, 49.24898436106649], [-123.1087291729271, 49.24897132808862]], "type": "LineString"}, "properties": {"wireset_type": "3-6", "geo_point_2d": {"lon": -123.10900623819536, "lat": 49.24897784457755}}}, {"type": "Feature", "geometry": {"coordinates": [[-123.10617478120484, 49.24892908750352], [-123.10564072183358, 49.24892005112772]], "type": "LineString"}, "properties": {"wireset_type": "3-8", "geo_point_2d": {"lon": -123.10590775151921, "lat": 49.24892456931562}}}, {"type": "Feature", "geometry": {"coordinates": [[-123.1135118442356, 49.25002998201122], [-123.11351312435579, 49.25012085054141]], "type": "LineString"}, "properties": {"wireset_type": "2-10", "geo_point_2d": {"lon": -123.1135124842957, "lat": 49.25007541627631}}}, {"type": "Feature", "geometry": {"coordinates": [[-123.10720629453262, 49.24991120542904], [-123.10720644767484, 49.25000096866098]], "type": "LineString"}, "properties": {"wireset_type": null, "geo_point_2d": {"lon": -123.10720637110373, "lat": 49.24995608704501}}}, {"type": "Feature", "geometry": {"coordinates": [[-123.11551242074752, 49.252081465280284], [-123.11553345997301, 49.25185818276836]], "type": "LineString"}, "properties": {"wireset_type": "1-8G", "geo_point_2d": {"lon": -123.11552294036026, "lat": 49.25196982402432}}}, {"type": "Feature", "geometry": {"coordinates": [[-123.11553345997301, 49.25185818276836], [-123.11554539550906, 49.251579013019644]], "type": "LineString"}, "properties": {"wireset_type": "3-8", "geo_point_2d": {"lon": -123.11553942774103, "lat": 49.251718597894}}}, {"type": "Feature", "geometry": {"coordinates": [[-123.12675699046625, 49.249072366870074], [-123.12613577264341, 49.24906468121294]], "type": "LineString"}, "properties": {"wireset_type": "3-6", "geo_point_2d": {"lon": -123.12644638155483, "lat": 49.249068524041505}}}, {"type": "Feature", "geometry": {"coordinates": [[-123.12562880341596, 49.248177899106125], [-123.12492394489519, 49.24815895486938]], "type": "LineString"}, "properties": {"wireset_type": "3-12", "geo_point_2d": {"lon": -123.12527637415558, "lat": 49.24816842698775}}}, {"type": "Feature", "geometry": {"coordinates": [[-123.11864291053232, 49.241421640516705], [-123.1186520140831, 49.24125323125332]], "type": "LineString"}, "properties": {"wireset_type": "2-6", "geo_point_2d": {"lon": -123.11864746230772, "lat": 49.24133743588502}}}, {"type": "Feature", "geometry": {"coordinates": [[-123.11491527717966, 49.25673009822936], [-123.11490573320977, 49.25679832744791]], "type": "LineString"}, "properties": {"wireset_type": "3-8", "geo_point_2d": {"lon": -123.11491050519471, "lat": 49.25676421283863}}}, {"type": "Feature", "geometry": {"coordinates": [[-123.1251861935934, 49.25072431721015], [-123.12518704740876, 49.25082831010361]], "type": "LineString"}, "properties": {"wireset_type": null, "geo_point_2d": {"lon": -123.12518662050107, "lat": 49.25077631365688}}}, {"type": "Feature", "geometry": {"coordinates": [[-123.12710158429768, 49.25076665332577], [-123.1267871104099, 49.25076820422188]], "type": "LineString"}, "properties": {"wireset_type": "2-12", "geo_point_2d": {"lon": -123.12694434735377, "lat": 49.25076742877383}}}, {"type": "Feature", "geometry": {"coordinates": [[-123.12705615559244, 49.251665893105475], [-123.12639679181517, 49.25164940848361]], "type": "LineString"}, "properties": {"wireset_type": "2-12", "geo_point_2d": {"lon": -123.1267264737038, "lat": 49.25165765079454}}}, {"type": "Feature", "geometry": {"coordinates": [[-123.12163155173724, 49.25156407653063], [-123.12106784527026, 49.25155366745576]], "type": "LineString"}, "properties": {"wireset_type": "3-8", "geo_point_2d": {"lon": -123.12134969850376, "lat": 49.2515588719932}}}, {"type": "Feature", "geometry": {"coordinates": [[-123.12106784527026, 49.25155366745576], [-123.12099215275484, 49.25155139000042], [-123.12098998399252, 49.251551474427046], [-123.12098783597453, 49.251551163498384], [-123.12098578017117, 49.25155046755987], [-123.12098388498448, 49.25154940976723], [-123.12098221347236, 49.25154802531603], [-123.12098082125048, 49.251546360270666], [-123.12097975464175, 49.25154447003161], [-123.12097904913509, 49.25154241749215], [-123.12097898376416, 49.251515665759804], [-123.12091750253272, 49.25151451576721], [-123.12091199612281, 49.25154984578081], [-123.120485260325, 49.251543994937734]], "type": "LineString"}, "properties": {"wireset_type": "2-8", "geo_point_2d": {"lon": -123.12079280148262, "lat": 49.25154302224722}}}, {"type": "Feature", "geometry": {"coordinates": [[-123.12240380383885, 49.25157759932456], [-123.12240262071825, 49.25167708777168], [-123.1222330514343, 49.25167647571883]], "type": "LineString"}, "properties": {"wireset_type": "2-8", "geo_point_2d": {"lon": -123.12234940658489, "lat": 49.25165850043282}}}, {"type": "Feature", "geometry": {"coordinates": [[-123.1242989913566, 49.25161730474106], [-123.12430004184087, 49.251740160400495], [-123.12446478211716, 49.2517438329987], [-123.12451187506758, 49.25175532312974], [-123.1245250627271, 49.25180289365851]], "type": "LineString"}, "properties": {"wireset_type": "3-4", "geo_point_2d": {"lon": -123.1243867341454, "lat": 49.25172753907347}}}, {"type": "Feature", "geometry": {"coordinates": [[-123.1246012068933, 49.2492817372056], [-123.12450945565621, 49.24927430711609]], "type": "LineString"}, "properties": {"wireset_type": null, "geo_point_2d": {"lon": -123.12455533127476, "lat": 49.249278022160844}}}, {"type": "Feature", "geometry": {"coordinates": [[-123.123022677627, 49.24923041098632], [-123.12253954386959, 49.249219545470424]], "type": "LineString"}, "properties": {"wireset_type": null, "geo_point_2d": {"lon": -123.12278111074829, "lat": 49.24922497822837}}}, {"type": "Feature", "geometry": {"coordinates": [[-123.12253838391759, 49.249189466654066], [-123.12253954386959, 49.249219545470424]], "type": "LineString"}, "properties": {"wireset_type": null, "geo_point_2d": {"lon": -123.12253896389359, "lat": 49.24920450606224}}}, {"type": "Feature", "geometry": {"coordinates": [[-123.123022677627, 49.24923041098632], [-123.12350908168986, 49.249246713099495]], "type": "LineString"}, "properties": {"wireset_type": "3-10", "geo_point_2d": {"lon": -123.12326587965843, "lat": 49.249238562042905}}}, {"type": "Feature", "geometry": {"coordinates": [[-123.12212327829354, 49.249205575878044], [-123.12163915361371, 49.24919388008329]], "type": "LineString"}, "properties": {"wireset_type": "3-10", "geo_point_2d": {"lon": -123.12188121595364, "lat": 49.24919972798067}}}, {"type": "Feature", "geometry": {"coordinates": [[-123.12387772196284, 49.25008956712751], [-123.12387960947882, 49.25018493250953]], "type": "LineString"}, "properties": {"wireset_type": "3-10", "geo_point_2d": {"lon": -123.12387866572085, "lat": 49.25013724981852}}}, {"type": "Feature", "geometry": {"coordinates": [[-123.11950406549785, 49.25000727102994], [-123.11950484851069, 49.25010395992347]], "type": "LineString"}, "properties": {"wireset_type": "2-12", "geo_point_2d": {"lon": -123.11950445700427, "lat": 49.25005561547671}}}, {"type": "Feature", "geometry": {"coordinates": [[-123.11814088247166, 49.24997488695859], [-123.11813863484703, 49.250086762904594]], "type": "LineString"}, "properties": {"wireset_type": "2-12", "geo_point_2d": {"lon": -123.11813975865934, "lat": 49.25003082493159}}}, {"type": "Feature", "geometry": {"coordinates": [[-123.11702275438002, 49.25006425011574], [-123.11695597375643, 49.25006423678153]], "type": "LineString"}, "properties": {"wireset_type": null, "geo_point_2d": {"lon": -123.1169893640682, "lat": 49.250064243448634}}}, {"type": "Feature", "geometry": {"coordinates": [[-123.11643221885937, 49.24994389692828], [-123.11643254288448, 49.249982351200515]], "type": "LineString"}, "properties": {"wireset_type": null, "geo_point_2d": {"lon": -123.11643238087191, "lat": 49.249963124064394}}}, {"type": "Feature", "geometry": {"coordinates": [[-123.12447254044237, 49.2500965017935], [-123.12387772196284, 49.25008956712751]], "type": "LineString"}, "properties": {"wireset_type": "3-10", "geo_point_2d": {"lon": -123.1241751312026, "lat": 49.250093034460505}}}, {"type": "Feature", "geometry": {"coordinates": [[-123.12246288980724, 49.25006594282907], [-123.12164910837659, 49.25005220330682]], "type": "LineString"}, "properties": {"wireset_type": "3-8", "geo_point_2d": {"lon": -123.12205599909191, "lat": 49.250059073067945}}}, {"type": "Feature", "geometry": {"coordinates": [[-123.12164910837659, 49.25005220330682], [-123.12092486842782, 49.250035135079585]], "type": "LineString"}, "properties": {"wireset_type": "3-8", "geo_point_2d": {"lon": -123.1212869884022, "lat": 49.2500436691932}}}, {"type": "Feature", "geometry": {"coordinates": [[-123.10468994483651, 49.251805325967595], [-123.10469143195317, 49.25191073965359]], "type": "LineString"}, "properties": {"wireset_type": null, "geo_point_2d": {"lon": -123.10469068839484, "lat": 49.25185803281058}}}, {"type": "Feature", "geometry": {"coordinates": [[-123.1106954302091, 49.24689878575174], [-123.1107192566547, 49.246807200449474]], "type": "LineString"}, "properties": {"wireset_type": "3-10", "geo_point_2d": {"lon": -123.1107073434319, "lat": 49.2468529931006}}}, {"type": "Feature", "geometry": {"coordinates": [[-123.11000978346266, 49.248175441213256], [-123.11000643078269, 49.24789093425981]], "type": "LineString"}, "properties": {"wireset_type": "2-10", "geo_point_2d": {"lon": -123.11000810712268, "lat": 49.24803318773653}}}, {"type": "Feature", "geometry": {"coordinates": [[-123.11775374842802, 49.24619643070915], [-123.11775574163991, 49.24609860550979]], "type": "LineString"}, "properties": {"wireset_type": "3-10", "geo_point_2d": {"lon": -123.11775474503396, "lat": 49.24614751810947}}}, {"type": "Feature", "geometry": {"coordinates": [[-123.11251639673944, 49.24702257309943], [-123.11212233074096, 49.24701549916506]], "type": "LineString"}, "properties": {"wireset_type": null, "geo_point_2d": {"lon": -123.1123193637402, "lat": 49.24701903613224}}}, {"type": "Feature", "geometry": {"coordinates": [[-123.11775374842802, 49.24619643070915], [-123.11710812608058, 49.24618337821869]], "type": "LineString"}, "properties": {"wireset_type": "2-10", "geo_point_2d": {"lon": -123.1174309372543, "lat": 49.24618990446392}}}, {"type": "Feature", "geometry": {"coordinates": [[-123.10968206439134, 49.247537325296406], [-123.1096025085461, 49.24750800641248], [-123.10952307562127, 49.247478356118734], [-123.10944376699742, 49.24744837493049], [-123.10936458405293, 49.24741806336884], [-123.10928552816405, 49.247387421960596], [-123.10920660070477, 49.24735645123832], [-123.10912780304687, 49.24732515174029], [-123.10904913655989, 49.247293524010495]], "type": "LineString"}, "properties": {"wireset_type": "3-8", "geo_point_2d": {"lon": -123.10936493345115, "lat": 49.24741715630291}}}, {"type": "Feature", "geometry": {"coordinates": [[-123.10904913655989, 49.247293524010495], [-123.10898333103863, 49.24725710519935], [-123.10891740028444, 49.24722091359693], [-123.10885134508182, 49.247184949633855], [-123.10878516621672, 49.247149213738055], [-123.10871886447659, 49.247113706334744], [-123.10865244065033, 49.247078427846404], [-123.10858589552831, 49.24704337869281], [-123.1085192299023, 49.24700855929099]], "type": "LineString"}, "properties": {"wireset_type": "3-10", "geo_point_2d": {"lon": -123.10878482831347, "lat": 49.24714984208661}}}, {"type": "Feature", "geometry": {"coordinates": [[-123.11142296844577, 49.246999192781054], [-123.11133169420722, 49.24698919853914], [-123.11124050308949, 49.24697847233114], [-123.1111494009624, 49.24696701484749], [-123.11105839369007, 49.24695482682569], [-123.11096748713052, 49.24694190905026], [-123.11087668713526, 49.246928262352704], [-123.11078599954898, 49.246913887611434], [-123.1106954302091, 49.24689878575174]], "type": "LineString"}, "properties": {"wireset_type": "3-10", "geo_point_2d": {"lon": -123.11105867063642, "lat": 49.246952820103026}}}, {"type": "Feature", "geometry": {"coordinates": [[-123.10957127940596, 49.25570275585267], [-123.10957309466721, 49.25579024162551], [-123.10905056580137, 49.255784169495726]], "type": "LineString"}, "properties": {"wireset_type": "2-8", "geo_point_2d": {"lon": -123.10934917425293, "lat": 49.25578136681822}}}, {"type": "Feature", "geometry": {"coordinates": [[-123.11432818222694, 49.2558884314519], [-123.1137982086364, 49.25587870012094]], "type": "LineString"}, "properties": {"wireset_type": "3-8", "geo_point_2d": {"lon": -123.11406319543168, "lat": 49.25588356578642}}}, {"type": "Feature", "geometry": {"coordinates": [[-123.1137982086364, 49.25587870012094], [-123.1132404485623, 49.25586321866651]], "type": "LineString"}, "properties": {"wireset_type": "4-8", "geo_point_2d": {"lon": -123.11351932859935, "lat": 49.255870959393725}}}, {"type": "Feature", "geometry": {"coordinates": [[-123.11239248675714, 49.25477537327772], [-123.111803796866, 49.254761956887215]], "type": "LineString"}, "properties": {"wireset_type": "3-6", "geo_point_2d": {"lon": -123.11209814181156, "lat": 49.254768665082466}}}, {"type": "Feature", "geometry": {"coordinates": [[-123.1105858645633, 49.25474110876575], [-123.10998243919707, 49.25472553834544]], "type": "LineString"}, "properties": {"wireset_type": "1-10G", "geo_point_2d": {"lon": -123.11028415188021, "lat": 49.2547333235556}}}, {"type": "Feature", "geometry": {"coordinates": [[-123.10961661116657, 49.254713985335975], [-123.10906446291382, 49.25470046634108]], "type": "LineString"}, "properties": {"wireset_type": "1-10G", "geo_point_2d": {"lon": -123.1093405370402, "lat": 49.25470722583853}}}, {"type": "Feature", "geometry": {"coordinates": [[-123.10906446291382, 49.25470046634108], [-123.10852270875372, 49.25469537246109]], "type": "LineString"}, "properties": {"wireset_type": "3-4", "geo_point_2d": {"lon": -123.10879358583378, "lat": 49.25469791940108}}}, {"type": "Feature", "geometry": {"coordinates": [[-123.1079556139712, 49.25468387713469], [-123.10737294531484, 49.25467673819071]], "type": "LineString"}, "properties": {"wireset_type": "3-6", "geo_point_2d": {"lon": -123.107664279643, "lat": 49.254680307662696}}}, {"type": "Feature", "geometry": {"coordinates": [[-123.11243430057634, 49.25396302818302], [-123.11123030358077, 49.25394010439383]], "type": "LineString"}, "properties": {"wireset_type": "3-8", "geo_point_2d": {"lon": -123.11183230207854, "lat": 49.25395156628842}}}, {"type": "Feature", "geometry": {"coordinates": [[-123.11243430057634, 49.25396302818302], [-123.11251832930769, 49.25402205397786], [-123.11252066390342, 49.25402366398385], [-123.11252278129948, 49.25402555053904], [-123.11252464894024, 49.25402768463709], [-123.11252623811019, 49.2540300334656], [-123.11252752437537, 49.25403256091063], [-123.11252848795907, 49.25403522811197], [-123.11252911404588, 49.25403799406059], [-123.11252939300957, 49.25404081622922], [-123.11252391839179, 49.25420171008588]], "type": "LineString"}, "properties": {"wireset_type": "2-12", "geo_point_2d": {"lon": -123.11250850545153, "lat": 49.25406791473243}}}, {"type": "Feature", "geometry": {"coordinates": [[-123.11329490229134, 49.253980474755906], [-123.11268757053878, 49.25397166871081], [-123.11268585132949, 49.25400724648792], [-123.11257024817091, 49.25400468760192], [-123.11256702128938, 49.254004961783465], [-123.11256378280467, 49.25400494926313], [-123.1125605581396, 49.254004650139194], [-123.11255737260849, 49.25400406675984], [-123.11255425121844, 49.254003203704734], [-123.11255121847306, 49.25400206774905], [-123.11254829818003, 49.25400066781027], [-123.11254551326431, 49.253999014878225], [-123.11254288558807, 49.25399712192879], [-123.11254043577915, 49.253995003822034], [-123.1125381830691, 49.25399267718554], [-123.11253614514216, 49.253990160283934], [-123.11253433799651, 49.25398747287542], [-123.11253277581862, 49.25398463605675], [-123.11253147087194, 49.25398167209755], [-123.11253043340058, 49.25397860426556], [-123.11252979988438, 49.253965903630075], [-123.11243430057634, 49.25396302818302]], "type": "LineString"}, "properties": {"wireset_type": "3-8", "geo_point_2d": {"lon": -123.11284933728986, "lat": 49.25398024564118}}}, {"type": "Feature", "geometry": {"coordinates": [[-123.10908545690042, 49.25390041159501], [-123.10798468298495, 49.25387951532928]], "type": "LineString"}, "properties": {"wireset_type": "3-6", "geo_point_2d": {"lon": -123.10853506994269, "lat": 49.25388996346214}}}, {"type": "Feature", "geometry": {"coordinates": [[-123.10705763190099, 49.25386340409706], [-123.10603821622773, 49.25384458171722]], "type": "LineString"}, "properties": {"wireset_type": "3-8", "geo_point_2d": {"lon": -123.10654792406436, "lat": 49.25385399290714}}}, {"type": "Feature", "geometry": {"coordinates": [[-123.10968206439134, 49.247537325296406], [-123.1096240041054, 49.247620550310515]], "type": "LineString"}, "properties": {"wireset_type": "3-8", "geo_point_2d": {"lon": -123.10965303424837, "lat": 49.24757893780346}}}, {"type": "Feature", "geometry": {"coordinates": [[-123.1085192299023, 49.24700855929099], [-123.10841708137472, 49.24707518393106]], "type": "LineString"}, "properties": {"wireset_type": "2-10", "geo_point_2d": {"lon": -123.10846815563852, "lat": 49.247041871611025}}}, {"type": "Feature", "geometry": {"coordinates": [[-123.1099302035682, 49.2533633517749], [-123.10988279197203, 49.253250803680025]], "type": "LineString"}, "properties": {"wireset_type": "2-10", "geo_point_2d": {"lon": -123.10990649777011, "lat": 49.25330707772746}}}, {"type": "Feature", "geometry": {"coordinates": [[-123.11185379783105, 49.25294655585648], [-123.11119332858395, 49.252938773870085]], "type": "LineString"}, "properties": {"wireset_type": "3-6", "geo_point_2d": {"lon": -123.11152356320751, "lat": 49.25294266486328}}}, {"type": "Feature", "geometry": {"coordinates": [[-123.10608351941214, 49.252848787040854], [-123.1055128001322, 49.252841537793806]], "type": "LineString"}, "properties": {"wireset_type": "2-8", "geo_point_2d": {"lon": -123.10579815977218, "lat": 49.25284516241733}}}, {"type": "Feature", "geometry": {"coordinates": [[-123.10976707156563, 49.25378946661319], [-123.10976135787962, 49.253815585169455], [-123.10966400805029, 49.25381459818707]], "type": "LineString"}, "properties": {"wireset_type": null, "geo_point_2d": {"lon": -123.10972378581387, "lat": 49.253812384298584}}}, {"type": "Feature", "geometry": {"coordinates": [[-123.10742432434508, 49.25377619687533], [-123.10733957490407, 49.25371134813592], [-123.10733746753996, 49.2537097447898], [-123.10733556437523, 49.25370790368517], [-123.10733389207118, 49.25370585061395], [-123.10733247405501, 49.25370361433748], [-123.10733133019166, 49.253701226183615], [-123.10733047650538, 49.25369871960786], [-123.10732992495544, 49.25369612972467], [-123.10732968326846, 49.25369349281556], [-123.10733543640882, 49.253374426954004]], "type": "LineString"}, "properties": {"wireset_type": "2-12", "geo_point_2d": {"lon": -123.10734438169939, "lat": 49.25359206764239}}}, {"type": "Feature", "geometry": {"coordinates": [[-123.10992278805297, 49.25361936284769], [-123.10991492316921, 49.25379061236452]], "type": "LineString"}, "properties": {"wireset_type": "3-10", "geo_point_2d": {"lon": -123.10991885561108, "lat": 49.2537049876061}}}, {"type": "Feature", "geometry": {"coordinates": [[-123.1099302035682, 49.2533633517749], [-123.10992278805297, 49.25361936284769]], "type": "LineString"}, "properties": {"wireset_type": "3-10", "geo_point_2d": {"lon": -123.10992649581057, "lat": 49.25349135731129}}}, {"type": "Feature", "geometry": {"coordinates": [[-123.1092398111881, 49.249941908263665], [-123.10867710763695, 49.24994684661066]], "type": "LineString"}, "properties": {"wireset_type": "3-4", "geo_point_2d": {"lon": -123.10895845941253, "lat": 49.24994437743716}}}, {"type": "Feature", "geometry": {"coordinates": [[-123.12265629516307, 49.24668909002027], [-123.12248688597596, 49.24668519491397], [-123.12248831494819, 49.24671852973311], [-123.12249810186566, 49.24673684264625]], "type": "LineString"}, "properties": {"wireset_type": null, "geo_point_2d": {"lon": -123.12255177739159, "lat": 49.246693104388505}}}, {"type": "Feature", "geometry": {"coordinates": [[-123.1226072401663, 49.246271511388315], [-123.12252050215777, 49.24629984844148], [-123.12251629556846, 49.24630102145644], [-123.12251231496474, 49.24630281760557], [-123.12250865205169, 49.24630519550921], [-123.12250539121546, 49.24630810038525], [-123.12250260757915, 49.246311465311194], [-123.12250036527215, 49.24631521276593], [-123.12249871595266, 49.24631925641564], [-123.12249769761772, 49.24632350310278], [-123.12249012071723, 49.24659869332127]], "type": "LineString"}, "properties": {"wireset_type": "3-8", "geo_point_2d": {"lon": -123.12251092163841, "lat": 49.24640802307417}}}, {"type": "Feature", "geometry": {"coordinates": [[-123.11438106005609, 49.25691591181813], [-123.11438070513995, 49.25694668480612]], "type": "LineString"}, "properties": {"wireset_type": null, "geo_point_2d": {"lon": -123.11438088259803, "lat": 49.256931298312125}}}, {"type": "Feature", "geometry": {"coordinates": [[-123.11473487810122, 49.256956048467714], [-123.11438070513995, 49.25694668480612]], "type": "LineString"}, "properties": {"wireset_type": "2-8", "geo_point_2d": {"lon": -123.11455779162058, "lat": 49.256951366636905}}}, {"type": "Feature", "geometry": {"coordinates": [[-123.11670991884644, 49.24527364336046], [-123.11661782255598, 49.24529106118397]], "type": "LineString"}, "properties": {"wireset_type": null, "geo_point_2d": {"lon": -123.11666387070122, "lat": 49.24528235227221}}}, {"type": "Feature", "geometry": {"coordinates": [[-123.11659887722507, 49.24514581625274], [-123.11657538373508, 49.245146262737414]], "type": "LineString"}, "properties": {"wireset_type": "1-8G", "geo_point_2d": {"lon": -123.11658713048007, "lat": 49.245146039495076}}}, {"type": "Feature", "geometry": {"coordinates": [[-123.11666959126335, 49.24514447653421], [-123.11659887722507, 49.24514581625274]], "type": "LineString"}, "properties": {"wireset_type": "1-8G", "geo_point_2d": {"lon": -123.1166342342442, "lat": 49.24514514639347}}}, {"type": "Feature", "geometry": {"coordinates": [[-123.11111511958579, 49.25582616201663], [-123.11051762340315, 49.25581320629725]], "type": "LineString"}, "properties": {"wireset_type": "3-4", "geo_point_2d": {"lon": -123.11081637149448, "lat": 49.25581968415694}}}, {"type": "Feature", "geometry": {"coordinates": [[-123.11236578126676, 49.255844975796414], [-123.11241976887489, 49.25587234969837], [-123.11242293546482, 49.25587385262987], [-123.11242586421106, 49.25587577838694], [-123.11242849901089, 49.25587809007999], [-123.11243078939235, 49.25588074342649], [-123.11243269148116, 49.255883687599216], [-123.1124341688411, 49.25588686619992], [-123.11243519317205, 49.25589021833969], [-123.11243574485202, 49.25589367980528], [-123.11243803696937, 49.25613441659756]], "type": "LineString"}, "properties": {"wireset_type": "2-12", "geo_point_2d": {"lon": -123.11242817303874, "lat": 49.25597420378601}}}, {"type": "Feature", "geometry": {"coordinates": [[-123.11504223861589, 49.25480510303478], [-123.11492006013644, 49.25480057409848], [-123.11445184144608, 49.25479074834341], [-123.11445784015663, 49.25466307323993], [-123.11446659989782, 49.25465378149415]], "type": "LineString"}, "properties": {"wireset_type": "1-8G", "geo_point_2d": {"lon": -123.11469100451231, "lat": 49.254782446317925}}}, {"type": "Feature", "geometry": {"coordinates": [[-123.11504223861589, 49.25480510303478], [-123.11492006013644, 49.25480057409848], [-123.11445184144608, 49.25479074834341], [-123.11445784015663, 49.25466307323993], [-123.11446659989782, 49.25465378149415]], "type": "LineString"}, "properties": {"wireset_type": "6-4", "geo_point_2d": {"lon": -123.11469100451231, "lat": 49.254782446317925}}}, {"type": "Feature", "geometry": {"coordinates": [[-123.1079556139712, 49.25468387713469], [-123.1079563317708, 49.254786170105085]], "type": "LineString"}, "properties": {"wireset_type": "2-10", "geo_point_2d": {"lon": -123.107955972871, "lat": 49.25473502361989}}}, {"type": "Feature", "geometry": {"coordinates": [[-123.10988102614198, 49.25454782632275], [-123.10987575515276, 49.254723876789704]], "type": "LineString"}, "properties": {"wireset_type": "6-10", "geo_point_2d": {"lon": -123.10987839064737, "lat": 49.25463585155623}}}, {"type": "Feature", "geometry": {"coordinates": [[-123.10867710763695, 49.24994684661066], [-123.10811868905843, 49.24992567405698]], "type": "LineString"}, "properties": {"wireset_type": "3-6", "geo_point_2d": {"lon": -123.10839789834768, "lat": 49.249936260333826}}}, {"type": "Feature", "geometry": {"coordinates": [[-123.1075967040847, 49.24992000863196], [-123.10720629453262, 49.24991120542904]], "type": "LineString"}, "properties": {"wireset_type": "3-6", "geo_point_2d": {"lon": -123.10740149930865, "lat": 49.249915607030495}}}, {"type": "Feature", "geometry": {"coordinates": [[-123.10720629453262, 49.24991120542904], [-123.10670797022905, 49.2499049473314]], "type": "LineString"}, "properties": {"wireset_type": "3-6", "geo_point_2d": {"lon": -123.10695713238084, "lat": 49.24990807638022}}}, {"type": "Feature", "geometry": {"coordinates": [[-123.11044021807976, 49.24949587202428], [-123.1104262405084, 49.24951288636632], [-123.11013322028383, 49.24950688739605], [-123.11011742489707, 49.2499607836594], [-123.1101513376222, 49.24996094023093]], "type": "LineString"}, "properties": {"wireset_type": "3-2", "geo_point_2d": {"lon": -123.11019048970104, "lat": 49.24965541203946}}}, {"type": "Feature", "geometry": {"coordinates": [[-123.1112822039537, 49.25193366994847], [-123.11066377604621, 49.251928839844524]], "type": "LineString"}, "properties": {"wireset_type": "1-10G", "geo_point_2d": {"lon": -123.11097298999996, "lat": 49.2519312548965}}}, {"type": "Feature", "geometry": {"coordinates": [[-123.10923554934126, 49.251099319102885], [-123.10873296058807, 49.25109023127858]], "type": "LineString"}, "properties": {"wireset_type": "1-10G", "geo_point_2d": {"lon": -123.10898425496467, "lat": 49.25109477519074}}}, {"type": "Feature", "geometry": {"coordinates": [[-123.10554761595166, 49.250924668671495], [-123.10554539999654, 49.25101320170749]], "type": "LineString"}, "properties": {"wireset_type": "2-10", "geo_point_2d": {"lon": -123.10554650797411, "lat": 49.25096893518949}}}, {"type": "Feature", "geometry": {"coordinates": [[-123.107587194888, 49.25107061490654], [-123.10716365447142, 49.251046505546924]], "type": "LineString"}, "properties": {"wireset_type": "3-6", "geo_point_2d": {"lon": -123.1073754246797, "lat": 49.25105856022673}}}, {"type": "Feature", "geometry": {"coordinates": [[-123.10500693891382, 49.246749423115546], [-123.10499510198629, 49.247076671420345]], "type": "LineString"}, "properties": {"wireset_type": "3-12", "geo_point_2d": {"lon": -123.10500102045006, "lat": 49.24691304726794}}}, {"type": "Feature", "geometry": {"coordinates": [[-123.10744763158323, 49.24701448127888], [-123.10743660362762, 49.2472448864072]], "type": "LineString"}, "properties": {"wireset_type": "2-12", "geo_point_2d": {"lon": -123.10744211760542, "lat": 49.24712968384304}}}, {"type": "Feature", "geometry": {"coordinates": [[-123.10522548832274, 49.24938826290761], [-123.1052189927925, 49.24940945258585], [-123.10505316737952, 49.2494080922915], [-123.10504872199735, 49.24940778532157], [-123.10504429271543, 49.24940827226599], [-123.1050400201952, 49.249409537660796], [-123.10503604011977, 49.249411541320626], [-123.10503247888505, 49.24941421961494], [-123.10502944958574, 49.24941748748871], [-123.10502704842382, 49.24942124116352], [-123.10502535165337, 49.24942536143331], [-123.10502362338941, 49.24968591877616]], "type": "LineString"}, "properties": {"wireset_type": "2-6", "geo_point_2d": {"lon": -123.10507269063066, "lat": 49.24948768902635}}}, {"type": "Feature", "geometry": {"coordinates": [[-123.10522548832274, 49.24938826290761], [-123.1052189927925, 49.24940945258585], [-123.10505316737952, 49.2494080922915], [-123.10504872199735, 49.24940778532157], [-123.10504429271543, 49.24940827226599], [-123.1050400201952, 49.249409537660796], [-123.10503604011977, 49.249411541320626], [-123.10503247888505, 49.24941421961494], [-123.10502944958574, 49.24941748748871], [-123.10502704842382, 49.24942124116352], [-123.10502535165337, 49.24942536143331], [-123.10502362338941, 49.24968591877616]], "type": "LineString"}, "properties": {"wireset_type": "2-12", "geo_point_2d": {"lon": -123.10507269063066, "lat": 49.24948768902635}}}, {"type": "Feature", "geometry": {"coordinates": [[-123.1163627053783, 49.24458296160644], [-123.11616157155065, 49.244809852959456]], "type": "LineString"}, "properties": {"wireset_type": "3-8", "geo_point_2d": {"lon": -123.11626213846445, "lat": 49.244696407282945}}}, {"type": "Feature", "geometry": {"coordinates": [[-123.11866797110942, 49.24481659772899], [-123.11866262366433, 49.245096373043076], [-123.11866315206669, 49.245099575918694], [-123.11866394392169, 49.245102724027156], [-123.11866499378829, 49.245105795737004], [-123.11866629445257, 49.245108769941716], [-123.11866783697735, 49.24511162620476], [-123.11866961076353, 49.2451143449], [-123.11867160362296, 49.24511690734659], [-123.1186738018622, 49.24511929593729], [-123.11867619037656, 49.245121494259465], [-123.11867875275395, 49.24512348720788], [-123.1186814713876, 49.245125261088454], [-123.1186843275971, 49.24512680371241], [-123.11868730175664, 49.24512810447997], [-123.11869037343003, 49.245129154453224], [-123.11869352151099, 49.24512994641753], [-123.11869672436826, 49.245130474931095], [-123.1187579457031, 49.245146891286375]], "type": "LineString"}, "properties": {"wireset_type": "3-10", "geo_point_2d": {"lon": -123.11867662945453, "lat": 49.24500684781454}}}, {"type": "Feature", "geometry": {"coordinates": [[-123.11866797110942, 49.24481659772899], [-123.11866262366433, 49.245096373043076], [-123.11866315206669, 49.245099575918694], [-123.11866394392169, 49.245102724027156], [-123.11866499378829, 49.245105795737004], [-123.11866629445257, 49.245108769941716], [-123.11866783697735, 49.24511162620476], [-123.11866961076353, 49.2451143449], [-123.11867160362296, 49.24511690734659], [-123.1186738018622, 49.24511929593729], [-123.11867619037656, 49.245121494259465], [-123.11867875275395, 49.24512348720788], [-123.1186814713876, 49.245125261088454], [-123.1186843275971, 49.24512680371241], [-123.11868730175664, 49.24512810447997], [-123.11869037343003, 49.245129154453224], [-123.11869352151099, 49.24512994641753], [-123.11869672436826, 49.245130474931095], [-123.1187579457031, 49.245146891286375]], "type": "LineString"}, "properties": {"wireset_type": "1-8G", "geo_point_2d": {"lon": -123.11867662945453, "lat": 49.24500684781454}}}, {"type": "Feature", "geometry": {"coordinates": [[-123.11596500652024, 49.24426618945443], [-123.11575347975082, 49.244420202140724]], "type": "LineString"}, "properties": {"wireset_type": "3-8", "geo_point_2d": {"lon": -123.11585924313553, "lat": 49.244343195797576}}}, {"type": "Feature", "geometry": {"coordinates": [[-123.11951001154047, 49.24516114679348], [-123.11950980769205, 49.24533856003024]], "type": "LineString"}, "properties": {"wireset_type": "2-10", "geo_point_2d": {"lon": -123.11950990961627, "lat": 49.24524985341186}}}, {"type": "Feature", "geometry": {"coordinates": [[-123.11980068299628, 49.24334317822471], [-123.11930183791748, 49.24332210586931]], "type": "LineString"}, "properties": {"wireset_type": "3-8", "geo_point_2d": {"lon": -123.11955126045689, "lat": 49.24333264204701}}}, {"type": "Feature", "geometry": {"coordinates": [[-123.12037208555651, 49.24337046951608], [-123.12041057018475, 49.243371158025745], [-123.12041499794879, 49.24337070273036], [-123.12041944888564, 49.243370663369184], [-123.12042388400923, 49.24337104028699], [-123.12042826447195, 49.24337183018232], [-123.12043255190498, 49.24337302613642], [-123.12043670875438, 49.243374617673844], [-123.12044069860997, 49.24337659085418], [-123.12044448652429, 49.2433789283942], [-123.12044803931872, 49.2433816098192], [-123.12045132587404, 49.24338461164238], [-123.12045431740307, 49.24338790757052], [-123.12045698770277, 49.24339146873435], [-123.12045931338376, 49.243395263941345], [-123.12046127407525, 49.243399259948994], [-123.12046285260338, 49.24340342175596], [-123.1204640351417, 49.24340771290865], [-123.12045413887016, 49.243801390819804]], "type": "LineString"}, "properties": {"wireset_type": "3-6", "geo_point_2d": {"lon": -123.12045149435993, "lat": 49.243555279602404}}}, {"type": "Feature", "geometry": {"coordinates": [[-123.12053208550279, 49.24379198146211], [-123.12045413887016, 49.243801390819804]], "type": "LineString"}, "properties": {"wireset_type": "2-12", "geo_point_2d": {"lon": -123.12049311218647, "lat": 49.24379668614095}}}, {"type": "Feature", "geometry": {"coordinates": [[-123.11919433638411, 49.24428360983148], [-123.11919602079838, 49.24436693996673]], "type": "LineString"}, "properties": {"wireset_type": "2-8", "geo_point_2d": {"lon": -123.11919517859123, "lat": 49.244325274899104}}}, {"type": "Feature", "geometry": {"coordinates": [[-123.12030514500822, 49.24430193312598], [-123.11978228424408, 49.24429084557928]], "type": "LineString"}, "properties": {"wireset_type": "1-8G", "geo_point_2d": {"lon": -123.12004371462616, "lat": 49.24429638935263}}}, {"type": "Feature", "geometry": {"coordinates": [[-123.11978228424408, 49.24429084557928], [-123.11919433638411, 49.24428360983148]], "type": "LineString"}, "properties": {"wireset_type": "3-6", "geo_point_2d": {"lon": -123.1194883103141, "lat": 49.24428722770538}}}, {"type": "Feature", "geometry": {"coordinates": [[-123.11978228424408, 49.24429084557928], [-123.11919433638411, 49.24428360983148]], "type": "LineString"}, "properties": {"wireset_type": "1-8G", "geo_point_2d": {"lon": -123.1194883103141, "lat": 49.24428722770538}}}, {"type": "Feature", "geometry": {"coordinates": [[-123.11865780040978, 49.244276129398656], [-123.11836875096306, 49.24422890407917], [-123.11835459772314, 49.24422633293432], [-123.11834055270529, 49.244223224484564], [-123.11832663629973, 49.24421958324269], [-123.11831286870995, 49.24421541449495], [-123.11811163859707, 49.244149865217494]], "type": "LineString"}, "properties": {"wireset_type": "3-8", "geo_point_2d": {"lon": -123.11838225680224, "lat": 49.24422316572037}}}, {"type": "Feature", "geometry": {"coordinates": [[-123.11763649244372, 49.24371496253507], [-123.11758567672506, 49.24375187675047], [-123.1175834976182, 49.2437532468408], [-123.1175814569447, 49.24375481569575], [-123.11757957277506, 49.2437565694229], [-123.11757786179385, 49.24375849249271], [-123.11757633915208, 49.24376056787611], [-123.11757501833299, 49.24376277719526], [-123.11757391103262, 49.24376510088631], [-123.11757302705628, 49.24376751837261], [-123.11757237423174, 49.24377000824696], [-123.11757195833984, 49.24377254846115], [-123.11757178306335, 49.243775116521185], [-123.11757184995442, 49.24377768968651], [-123.11757215842067, 49.243780245171344], [-123.11757270573061, 49.24378276034649], [-123.11757348703772, 49.24378521293969], [-123.1175744954234, 49.24378758123285], [-123.11757800114809, 49.24379431509787]], "type": "LineString"}, "properties": {"wireset_type": null, "geo_point_2d": {"lon": -123.11759555958325, "lat": 49.2437501983145}}}, {"type": "Feature", "geometry": {"coordinates": [[-123.1170205080447, 49.24369516892791], [-123.11698921762552, 49.243674970328776]], "type": "LineString"}, "properties": {"wireset_type": "3-10", "geo_point_2d": {"lon": -123.1170048628351, "lat": 49.24368506962834}}}, {"type": "Feature", "geometry": {"coordinates": [[-123.1184339281224, 49.242906825160006], [-123.1183162370768, 49.24308924326045]], "type": "LineString"}, "properties": {"wireset_type": "3-4", "geo_point_2d": {"lon": -123.1183750825996, "lat": 49.24299803421023}}}, {"type": "Feature", "geometry": {"coordinates": [[-123.11863057927503, 49.246046779490065], [-123.11845896660923, 49.246045435386655]], "type": "LineString"}, "properties": {"wireset_type": "3-8", "geo_point_2d": {"lon": -123.11854477294214, "lat": 49.24604610743837}}}, {"type": "Feature", "geometry": {"coordinates": [[-123.12039324456407, 49.242195354394255], [-123.1199022185102, 49.24218167056884]], "type": "LineString"}, "properties": {"wireset_type": null, "geo_point_2d": {"lon": -123.12014773153714, "lat": 49.24218851248155}}}, {"type": "Feature", "geometry": {"coordinates": [[-123.12039324456407, 49.242195354394255], [-123.1199022185102, 49.24218167056884]], "type": "LineString"}, "properties": {"wireset_type": "2-8", "geo_point_2d": {"lon": -123.12014773153714, "lat": 49.24218851248155}}}, {"type": "Feature", "geometry": {"coordinates": [[-123.1199022185102, 49.24218167056884], [-123.11990227660327, 49.24226241178332]], "type": "LineString"}, "properties": {"wireset_type": "2-8", "geo_point_2d": {"lon": -123.11990224755675, "lat": 49.24222204117607}}}, {"type": "Feature", "geometry": {"coordinates": [[-123.12037208555651, 49.24337046951608], [-123.11980068299628, 49.24334317822471]], "type": "LineString"}, "properties": {"wireset_type": "1-8G", "geo_point_2d": {"lon": -123.12008638427639, "lat": 49.2433568238704}}}, {"type": "Feature", "geometry": {"coordinates": [[-123.12735974886924, 49.251599003159036], [-123.12735980081898, 49.25161919738358], [-123.12735849904139, 49.25162350996035], [-123.12735680296363, 49.25162768324006], [-123.1273547272018, 49.251631681259084], [-123.12735228964398, 49.251635469564135], [-123.12734951129603, 49.251639015509134], [-123.12734641610064, 49.25164228853659], [-123.1273430307309, 49.251645260440874], [-123.12733938436058, 49.251647905611335], [-123.1273355084126, 49.25165020125298], [-123.1273314362883, 49.251652127582894], [-123.12732720307959, 49.25165366800077], [-123.1273228452665, 49.2516548092319], [-123.12731840040294, 49.25165554144162], [-123.12731390679288, 49.25165585832006], [-123.12730940316044, 49.25165575713648], [-123.12730492831608, 49.251655238762844], [-123.1272861302642, 49.25165525947469], [-123.12728643519283, 49.251773861187964], [-123.12729167062771, 49.25177385541983], [-123.12729619089345, 49.2517732997403], [-123.12730074344041, 49.25177317365285], [-123.12730528753337, 49.251773478285685], [-123.12730978251271, 49.251774210913005], [-123.12731418815827, 49.25177536497943], [-123.12731846504921, 49.251776930158584], [-123.12732257491682, 49.251778892445586], [-123.12732648098682, 49.25178123428228], [-123.12733014830852, 49.251783934714396], [-123.12733354406745, 49.251786969579015], [-123.12733663787907, 49.2517903117208], [-123.12733940206058, 49.25179393123493], [-123.12734181187865, 49.25179779573475], [-123.12734384577072, 49.25180187064151], [-123.12734548553794, 49.25180611949376], [-123.12734671650801, 49.25181050427365], [-123.12734376598891, 49.251913511851306]], "type": "LineString"}, "properties": {"wireset_type": "3-10", "geo_point_2d": {"lon": -123.12732072520065, "lat": 49.251744558585536}}}, {"type": "Feature", "geometry": {"coordinates": [[-123.12739316807702, 49.25101173096067], [-123.12737258620018, 49.251365149113276]], "type": "LineString"}, "properties": {"wireset_type": "3-10", "geo_point_2d": {"lon": -123.12738287713861, "lat": 49.25118844003698}}}, {"type": "Feature", "geometry": {"coordinates": [[-123.12734376598891, 49.251913511851306], [-123.12732040758145, 49.2522134833738]], "type": "LineString"}, "properties": {"wireset_type": "3-10", "geo_point_2d": {"lon": -123.12733208678517, "lat": 49.25206349761255}}}, {"type": "Feature", "geometry": {"coordinates": [[-123.12732040758145, 49.2522134833738], [-123.1273120761819, 49.25248976288742]], "type": "LineString"}, "properties": {"wireset_type": "2-10", "geo_point_2d": {"lon": -123.12731624188166, "lat": 49.25235162313061}}}, {"type": "Feature", "geometry": {"coordinates": [[-123.11836672129073, 49.24514440531117], [-123.1179412384951, 49.24517984092121]], "type": "LineString"}, "properties": {"wireset_type": "1-8G", "geo_point_2d": {"lon": -123.11815397989292, "lat": 49.24516212311619}}}, {"type": "Feature", "geometry": {"coordinates": [[-123.11761795415741, 49.24528660212581], [-123.11719166527554, 49.245278255985234]], "type": "LineString"}, "properties": {"wireset_type": "3-10", "geo_point_2d": {"lon": -123.11740480971648, "lat": 49.24528242905552}}}, {"type": "Feature", "geometry": {"coordinates": [[-123.11000643078269, 49.24789093425981], [-123.11016221005238, 49.247893610327175]], "type": "LineString"}, "properties": {"wireset_type": "3-6", "geo_point_2d": {"lon": -123.11008432041754, "lat": 49.24789227229349}}}, {"type": "Feature", "geometry": {"coordinates": [[-123.11000643078269, 49.24789093425981], [-123.11016221005238, 49.247893610327175]], "type": "LineString"}, "properties": {"wireset_type": "1-10G", "geo_point_2d": {"lon": -123.11008432041754, "lat": 49.24789227229349}}}, {"type": "Feature", "geometry": {"coordinates": [[-123.11020404482291, 49.24838554656269], [-123.11019955155272, 49.248386039845855], [-123.11019503212526, 49.24838612691245], [-123.11019052318998, 49.24838580705643], [-123.11018606131128, 49.24838508287161], [-123.11018168267195, 49.248383960230626], [-123.11017742277976, 49.24838244823734], [-123.11017331617953, 49.24838055915297], [-123.11016939617298, 49.248378308296715], [-123.1101656945487, 49.24837571392148], [-123.11016224132432, 49.24837279706588], [-123.11015906450314, 49.24836958138362], [-123.11015618984702, 49.248366092951684], [-123.11015364066745, 49.24836236005888], [-123.11015143763653, 49.24835841297641], [-123.11014959861936, 49.24835428371243], [-123.11014813852908, 49.24835000575245], [-123.11016221005238, 49.247893610327175]], "type": "LineString"}, "properties": {"wireset_type": "3-6", "geo_point_2d": {"lon": -123.11015743175633, "lat": 49.248156388566855}}}, {"type": "Feature", "geometry": {"coordinates": [[-123.11020404482291, 49.24838554656269], [-123.11019955155272, 49.248386039845855], [-123.11019503212526, 49.24838612691245], [-123.11019052318998, 49.24838580705643], [-123.11018606131128, 49.24838508287161], [-123.11018168267195, 49.248383960230626], [-123.11017742277976, 49.24838244823734], [-123.11017331617953, 49.24838055915297], [-123.11016939617298, 49.248378308296715], [-123.1101656945487, 49.24837571392148], [-123.11016224132432, 49.24837279706588], [-123.11015906450314, 49.24836958138362], [-123.11015618984702, 49.248366092951684], [-123.11015364066745, 49.24836236005888], [-123.11015143763653, 49.24835841297641], [-123.11014959861936, 49.24835428371243], [-123.11014813852908, 49.24835000575245], [-123.11016221005238, 49.247893610327175]], "type": "LineString"}, "properties": {"wireset_type": "2-8", "geo_point_2d": {"lon": -123.11015743175633, "lat": 49.248156388566855}}}, {"type": "Feature", "geometry": {"coordinates": [[-123.1097557055484, 49.24788789845954], [-123.10837644270211, 49.2478618730301]], "type": "LineString"}, "properties": {"wireset_type": "3-10", "geo_point_2d": {"lon": -123.10906607412525, "lat": 49.24787488574482}}}, {"type": "Feature", "geometry": {"coordinates": [[-123.1098356602337, 49.24773929322231], [-123.10983654386585, 49.247889872546594]], "type": "LineString"}, "properties": {"wireset_type": "3-8", "geo_point_2d": {"lon": -123.10983610204977, "lat": 49.24781458288445}}}, {"type": "Feature", "geometry": {"coordinates": [[-123.11866797110942, 49.24481659772899], [-123.11868420131495, 49.24443989654403]], "type": "LineString"}, "properties": {"wireset_type": "2-10", "geo_point_2d": {"lon": -123.11867608621219, "lat": 49.24462824713651}}}, {"type": "Feature", "geometry": {"coordinates": [[-123.12661805802776, 49.24624015457173], [-123.12661508166049, 49.24633889851764]], "type": "LineString"}, "properties": {"wireset_type": "2-10", "geo_point_2d": {"lon": -123.12661656984412, "lat": 49.246289526544686}}}, {"type": "Feature", "geometry": {"coordinates": [[-123.12854294388295, 49.25186412237572], [-123.12825387708875, 49.251809734669905], [-123.12824013285342, 49.251807346740016], [-123.12822632764214, 49.25180534115894], [-123.12821247208932, 49.251803719471624], [-123.12819857686812, 49.25180248292727], [-123.12782688300193, 49.25177424497651]], "type": "LineString"}, "properties": {"wireset_type": "2-12", "geo_point_2d": {"lon": -123.1281861900568, "lat": 49.251809462658684}}}, {"type": "Feature", "geometry": {"coordinates": [[-123.1226072401663, 49.246271511388315], [-123.1217356764843, 49.2462633658599]], "type": "LineString"}, "properties": {"wireset_type": "3-12", "geo_point_2d": {"lon": -123.12217145832531, "lat": 49.24626743862411}}}, {"type": "Feature", "geometry": {"coordinates": [[-123.12323076961715, 49.24628932418978], [-123.1226072401663, 49.246271511388315]], "type": "LineString"}, "properties": {"wireset_type": "3-8", "geo_point_2d": {"lon": -123.12291900489173, "lat": 49.24628041778905}}}, {"type": "Feature", "geometry": {"coordinates": [[-123.1246573671255, 49.24631361900939], [-123.1239418995129, 49.24629960961731]], "type": "LineString"}, "properties": {"wireset_type": "1-12G", "geo_point_2d": {"lon": -123.1242996333192, "lat": 49.246306614313355}}}, {"type": "Feature", "geometry": {"coordinates": [[-123.1246573671255, 49.24631361900939], [-123.1239418995129, 49.24629960961731]], "type": "LineString"}, "properties": {"wireset_type": "3-10", "geo_point_2d": {"lon": -123.1242996333192, "lat": 49.246306614313355}}}, {"type": "Feature", "geometry": {"coordinates": [[-123.12595566408031, 49.246230102350246], [-123.1253055261911, 49.246220006052816]], "type": "LineString"}, "properties": {"wireset_type": "3-10", "geo_point_2d": {"lon": -123.1256305951357, "lat": 49.24622505420153}}}, {"type": "Feature", "geometry": {"coordinates": [[-123.12759695441788, 49.250709932096505], [-123.12759701983909, 49.250735316555236], [-123.1275983422959, 49.25073962729806], [-123.12760005800051, 49.25074379716057], [-123.12760215222818, 49.250747790355554], [-123.12760460700548, 49.25075157261203], [-123.12760740126468, 49.25075511146936], [-123.12761051102449, 49.25075837655584], [-123.12761390959584, 49.250761339849355], [-123.12761756781101, 49.2507639759179], [-123.12762145427396, 49.25076626213781], [-123.12762553562969, 49.25076817888795], [-123.12762977685058, 49.25076970971812], [-123.12763414153702, 49.250770841490194], [-123.12763859222973, 49.250771564490904], [-123.12764309073134, 49.250771872515216], [-123.12764759843414, 49.25077176291955], [-123.12765207665144, 49.2507712366445], [-123.12765255758714, 49.25077123611313], [-123.12765083728002, 49.25088744735122], [-123.12764299113891, 49.25088745602006], [-123.12763852529199, 49.25088694439319], [-123.12763403128496, 49.25088684717368], [-123.12762954749019, 49.25088716519167], [-123.1276251121929, 49.25088789573173], [-123.12762076326416, 49.250889032556096], [-123.12761653783758, 49.25089056595792], [-123.12761247199228, 49.25089248284413], [-123.12760860044472, 49.25089476684729], [-123.1276049562524, 49.250897398465256], [-123.12760157053148, 49.250900355227806], [-123.1275984721912, 49.250903611888404], [-123.1275956876869, 49.250907140639846], [-123.1275932407943, 49.25091091135164], [-123.12759115240634, 49.250914891827314], [-123.12758944035485, 49.250919048079304], [-123.12758811925833, 49.25092334461917], [-123.12758778495024, 49.25101223581918]], "type": "LineString"}, "properties": {"wireset_type": "3-10", "geo_point_2d": {"lon": -123.12761954489119, "lat": 49.250855493028}}}, {"type": "Feature", "geometry": {"coordinates": [[-123.12761515413885, 49.2502593500438], [-123.12760751740016, 49.250489843198025]], "type": "LineString"}, "properties": {"wireset_type": "3-10", "geo_point_2d": {"lon": -123.1276113357695, "lat": 49.250374596620915}}}, {"type": "Feature", "geometry": {"coordinates": [[-123.12760751740016, 49.250489843198025], [-123.12759695441788, 49.250709932096505]], "type": "LineString"}, "properties": {"wireset_type": "3-10", "geo_point_2d": {"lon": -123.12760223590902, "lat": 49.25059988764727}}}, {"type": "Feature", "geometry": {"coordinates": [[-123.12766821027867, 49.24945564871726], [-123.12763635051772, 49.24970807205273]], "type": "LineString"}, "properties": {"wireset_type": "3-10", "geo_point_2d": {"lon": -123.1276522803982, "lat": 49.24958186038499}}}, {"type": "Feature", "geometry": {"coordinates": [[-123.12768848483113, 49.24829152660591], [-123.12767430821363, 49.24855396913522]], "type": "LineString"}, "properties": {"wireset_type": "3-10", "geo_point_2d": {"lon": -123.12768139652238, "lat": 49.24842274787056}}}, {"type": "Feature", "geometry": {"coordinates": [[-123.12767430821363, 49.24855396913522], [-123.1276680576999, 49.24882095447873]], "type": "LineString"}, "properties": {"wireset_type": "3-10", "geo_point_2d": {"lon": -123.12767118295677, "lat": 49.24868746180698}}}, {"type": "Feature", "geometry": {"coordinates": [[-123.12769771985216, 49.24792981815079], [-123.1276885812781, 49.24805719173303], [-123.12768953237195, 49.248061453369246], [-123.12769088513073, 49.248065605015476], [-123.12769262724926, 49.24806960890681], [-123.12769474288056, 49.24807342862236], [-123.12769721278009, 49.24807702941659], [-123.12770001448072, 49.248080378535334], [-123.12770312249714, 49.248083445513764], [-123.12770650855768, 49.24808620245351], [-123.12771014186148, 49.24808862427643], [-123.12771398935867, 49.24809068895272], [-123.12771801605096, 49.248092377701326], [-123.1277221853101, 49.24809367516076], [-123.12772645921096, 49.24809456952885], [-123.12773079887653, 49.248095052670095], [-123.12773516483162, 49.24809512018966], [-123.12773951736189, 49.24809477147336], [-123.12776010285087, 49.24809573818616], [-123.12776314264131, 49.24821412106198], [-123.12774242503757, 49.248215223398944], [-123.12773832330053, 49.24821503143836], [-123.12773422010375, 49.24821518914637], [-123.12773014520207, 49.24821569537933], [-123.1277261281451, 49.248216546466224], [-123.12772219806301, 49.2482177362353], [-123.12771838345529, 49.2482192560588], [-123.127714711984, 49.24822109491555], [-123.12771121027325, 49.24822323947085], [-123.12770790371613, 49.24822567417322], [-123.12770481629052, 49.248228381367106], [-123.12770197038527, 49.248231341420976], [-123.12769938663779, 49.24823453286964], [-123.12769708378444, 49.24823793256993], [-123.12769507852464, 49.24824151586851], [-123.12769338539977, 49.24824525678066], [-123.12769201668772, 49.24824912817872], [-123.12768848483113, 49.24829152660591]], "type": "LineString"}, "properties": {"wireset_type": "3-10", "geo_point_2d": {"lon": -123.12772069631554, "lat": 49.248120451323366}}}, {"type": "Feature", "geometry": {"coordinates": [[-123.12778319955157, 49.246418299662324], [-123.1277731872448, 49.2465316866629]], "type": "LineString"}, "properties": {"wireset_type": "1-8G", "geo_point_2d": {"lon": -123.12777819339819, "lat": 49.24647499316261}}}, {"type": "Feature", "geometry": {"coordinates": [[-123.12752405636276, 49.24591307182425], [-123.12751586095175, 49.24621465509964]], "type": "LineString"}, "properties": {"wireset_type": "3-10", "geo_point_2d": {"lon": -123.12751995865725, "lat": 49.24606386346194}}}, {"type": "Feature", "geometry": {"coordinates": [[-123.127518228786, 49.24532541954611], [-123.12752683737612, 49.24561114369508]], "type": "LineString"}, "properties": {"wireset_type": "3-10", "geo_point_2d": {"lon": -123.12752253308106, "lat": 49.245468281620596}}}, {"type": "Feature", "geometry": {"coordinates": [[-123.11814017764952, 49.242152551265825], [-123.11811382180454, 49.242363561567004]], "type": "LineString"}, "properties": {"wireset_type": "1-8G", "geo_point_2d": {"lon": -123.11812699972702, "lat": 49.24225805641642}}}, {"type": "Feature", "geometry": {"coordinates": [[-123.1164686873927, 49.24446473836318], [-123.1163627053783, 49.24458296160644]], "type": "LineString"}, "properties": {"wireset_type": "1-8G", "geo_point_2d": {"lon": -123.11641569638549, "lat": 49.2445238499848}}}, {"type": "Feature", "geometry": {"coordinates": [[-123.12905092657839, 49.2491092263832], [-123.12844373214928, 49.249104937667504]], "type": "LineString"}, "properties": {"wireset_type": "3-8", "geo_point_2d": {"lon": -123.12874732936383, "lat": 49.24910708202535}}}, {"type": "Feature", "geometry": {"coordinates": [[-123.11580964727384, 49.24784577373281], [-123.11580116134897, 49.248077274505754]], "type": "LineString"}, "properties": {"wireset_type": "3-6", "geo_point_2d": {"lon": -123.1158054043114, "lat": 49.24796152411928}}}, {"type": "Feature", "geometry": {"coordinates": [[-123.11311887710845, 49.24602166987871], [-123.11257651554978, 49.246016046908814]], "type": "LineString"}, "properties": {"wireset_type": "3-10", "geo_point_2d": {"lon": -123.11284769632913, "lat": 49.24601885839376}}}, {"type": "Feature", "geometry": {"coordinates": [[-123.11526967785457, 49.25598216164037], [-123.11527167865263, 49.25582041662139]], "type": "LineString"}, "properties": {"wireset_type": "3-6", "geo_point_2d": {"lon": -123.1152706782536, "lat": 49.255901289130875}}}, {"type": "Feature", "geometry": {"coordinates": [[-123.11527167865263, 49.25582041662139], [-123.11527599912756, 49.25555715823814]], "type": "LineString"}, "properties": {"wireset_type": "1-8G", "geo_point_2d": {"lon": -123.11527383889008, "lat": 49.25568878742976}}}, {"type": "Feature", "geometry": {"coordinates": [[-123.11527599912756, 49.25555715823814], [-123.11529027079659, 49.25531237508882]], "type": "LineString"}, "properties": {"wireset_type": "3-6", "geo_point_2d": {"lon": -123.11528313496208, "lat": 49.255434766663484}}}, {"type": "Feature", "geometry": {"coordinates": [[-123.11723063522274, 49.24350425685487], [-123.1172852785184, 49.24349397380793]], "type": "LineString"}, "properties": {"wireset_type": null, "geo_point_2d": {"lon": -123.11725795687056, "lat": 49.24349911533141}}}, {"type": "Feature", "geometry": {"coordinates": [[-123.11737557476681, 49.243843158186905], [-123.11753657603357, 49.24377624983736]], "type": "LineString"}, "properties": {"wireset_type": "3-8", "geo_point_2d": {"lon": -123.1174560754002, "lat": 49.243809704012136}}}, {"type": "Feature", "geometry": {"coordinates": [[-123.11752160332162, 49.243331693428466], [-123.11756598712542, 49.24330564303659], [-123.1176070821292, 49.24327164418487], [-123.11764996574347, 49.243232956977685], [-123.1176803388657, 49.243202477160764], [-123.11770935083963, 49.24316003505534]], "type": "LineString"}, "properties": {"wireset_type": "3-4", "geo_point_2d": {"lon": -123.11762224238005, "lat": 49.24325313093624}}}, {"type": "Feature", "geometry": {"coordinates": [[-123.11763649244372, 49.24371496253507], [-123.11792741700417, 49.24354149861342]], "type": "LineString"}, "properties": {"wireset_type": "1-8G", "geo_point_2d": {"lon": -123.11778195472394, "lat": 49.243628230574245}}}, {"type": "Feature", "geometry": {"coordinates": [[-123.11792741700417, 49.24354149861342], [-123.11812684833303, 49.24332638963554]], "type": "LineString"}, "properties": {"wireset_type": "3-4", "geo_point_2d": {"lon": -123.1180271326686, "lat": 49.243433944124476}}}, {"type": "Feature", "geometry": {"coordinates": [[-123.11199894870319, 49.248827177362536], [-123.11226537922613, 49.24882799819903]], "type": "LineString"}, "properties": {"wireset_type": null, "geo_point_2d": {"lon": -123.11213216396467, "lat": 49.24882758778078}}}, {"type": "Feature", "geometry": {"coordinates": [[-123.11857107207943, 49.242695548232994], [-123.1185883796788, 49.24245892868514]], "type": "LineString"}, "properties": {"wireset_type": "1-8G", "geo_point_2d": {"lon": -123.11857972587912, "lat": 49.24257723845906}}}, {"type": "Feature", "geometry": {"coordinates": [[-123.11860133337198, 49.24223437621156], [-123.11861248207708, 49.24211668003984]], "type": "LineString"}, "properties": {"wireset_type": null, "geo_point_2d": {"lon": -123.11860690772454, "lat": 49.2421755281257}}}, {"type": "Feature", "geometry": {"coordinates": [[-123.11816079539194, 49.24191478597958], [-123.11817026847852, 49.24168172759565]], "type": "LineString"}, "properties": {"wireset_type": "3-6", "geo_point_2d": {"lon": -123.11816553193523, "lat": 49.24179825678762}}}, {"type": "Feature", "geometry": {"coordinates": [[-123.10484238238978, 49.25043844418561], [-123.1048158248376, 49.250959453788965], [-123.10481479809938, 49.25096250314766], [-123.1048135062608, 49.25096544999903], [-123.10481195940248, 49.25096827134785], [-123.10481016959504, 49.25097094517829], [-123.1048081508049, 49.2509734506256], [-123.10480591878532, 49.25097576813901], [-123.1048034909534, 49.250977879634235], [-123.10480088625431, 49.25097976863463], [-123.1047981250133, 49.25098142039973], [-123.1047952287772, 49.250982822040314], [-123.10479222014625, 49.25098396261894], [-123.10478912259771, 49.25098483323531], [-123.1047859603027, 49.25098542709574], [-123.10478275793763, 49.25098573956616], [-123.10477954049152, 49.25098576820826], [-123.1047763330711, 49.250985512798536], [-123.10468989267935, 49.25098786695073]], "type": "LineString"}, "properties": {"wireset_type": "3-4", "geo_point_2d": {"lon": -123.1048141898219, "lat": 49.250758391302824}}}, {"type": "Feature", "geometry": {"coordinates": [[-123.10436674469236, 49.249978391179845], [-123.10355861539051, 49.24995717902231]], "type": "LineString"}, "properties": {"wireset_type": "3-10", "geo_point_2d": {"lon": -123.10396268004142, "lat": 49.24996778510108}}}, {"type": "Feature", "geometry": {"coordinates": [[-123.12483129975877, 49.2485700650903], [-123.12479051341609, 49.24855729994456], [-123.12411954741557, 49.24854381027199], [-123.12409066170454, 49.24855345720262]], "type": "LineString"}, "properties": {"wireset_type": "3-6", "geo_point_2d": {"lon": -123.12446114699654, "lat": 49.248551230267516}}}, {"type": "Feature", "geometry": {"coordinates": [[-123.12483129975877, 49.2485700650903], [-123.12480428710677, 49.24859774561231], [-123.12478429190188, 49.2490382366371], [-123.1245192878671, 49.24903694839546]], "type": "LineString"}, "properties": {"wireset_type": "3-6", "geo_point_2d": {"lon": -123.1247447958844, "lat": 49.24888398678476}}}, {"type": "Feature", "geometry": {"coordinates": [[-123.12483129975877, 49.2485700650903], [-123.12484425128997, 49.24858959773105], [-123.1248264274987, 49.24904100662618], [-123.12492951778079, 49.249044358359505]], "type": "LineString"}, "properties": {"wireset_type": "3-4", "geo_point_2d": {"lon": -123.1248430415691, "lat": 49.248846312373416}}}, {"type": "Feature", "geometry": {"coordinates": [[-123.12351807663764, 49.24902432342138], [-123.12303507408402, 49.24901572663541]], "type": "LineString"}, "properties": {"wireset_type": "3-10", "geo_point_2d": {"lon": -123.12327657536082, "lat": 49.2490200250284}}}, {"type": "Feature", "geometry": {"coordinates": [[-123.12449913681462, 49.25252030876232], [-123.12449851444345, 49.25260068176042]], "type": "LineString"}, "properties": {"wireset_type": "3-6", "geo_point_2d": {"lon": -123.12449882562902, "lat": 49.25256049526138}}}, {"type": "Feature", "geometry": {"coordinates": [[-123.12449851444345, 49.25260068176042], [-123.12448275811771, 49.252974387318716]], "type": "LineString"}, "properties": {"wireset_type": "3-8", "geo_point_2d": {"lon": -123.12449063628057, "lat": 49.252787534539564}}}, {"type": "Feature", "geometry": {"coordinates": [[-123.11962989360102, 49.2524197773533], [-123.11918386699219, 49.25241221459241]], "type": "LineString"}, "properties": {"wireset_type": "3-12", "geo_point_2d": {"lon": -123.1194068802966, "lat": 49.25241599597285}}}, {"type": "Feature", "geometry": {"coordinates": [[-123.11848996302945, 49.25240127052487], [-123.11775189293924, 49.25238980960837]], "type": "LineString"}, "properties": {"wireset_type": "3-12", "geo_point_2d": {"lon": -123.11812092798434, "lat": 49.252395540066615}}}, {"type": "Feature", "geometry": {"coordinates": [[-123.11702389189668, 49.252376732628505], [-123.1162070710632, 49.2523598814819]], "type": "LineString"}, "properties": {"wireset_type": "3-12", "geo_point_2d": {"lon": -123.11661548147994, "lat": 49.25236830705521}}}, {"type": "Feature", "geometry": {"coordinates": [[-123.1162070710632, 49.2523598814819], [-123.11600241190816, 49.252356893847995], [-123.11560226062657, 49.25219850223805]], "type": "LineString"}, "properties": {"wireset_type": "2-12", "geo_point_2d": {"lon": -123.11589980506498, "lat": 49.252303705267614}}}, {"type": "Feature", "geometry": {"coordinates": [[-123.12020078496583, 49.2520406028011], [-123.12016885012044, 49.25206898896985], [-123.12016721153894, 49.25207046412158], [-123.12016572983669, 49.25207209678209], [-123.12016442007756, 49.25207387035278], [-123.12016329557737, 49.252075766802434], [-123.1201623677685, 49.25207776685059], [-123.12016164608359, 49.25207985016354], [-123.12016113785972, 49.25208199556104], [-123.12016084826385, 49.25208418123169], [-123.12014650542038, 49.25239692411949], [-123.12014537244738, 49.25240123136134], [-123.12014360208653, 49.2524053181428], [-123.12014123493466, 49.2524090907483], [-123.12013832527384, 49.25241246266677], [-123.12013493982664, 49.25241535657545], [-123.12013115622604, 49.25241770611299], [-123.12012706123524, 49.25241945740126], [-123.12012274875806, 49.252420570280776], [-123.12002894995834, 49.25244923659889]], "type": "LineString"}, "properties": {"wireset_type": "2-12", "geo_point_2d": {"lon": -123.12014043312074, "lat": 49.252268755391086}}}, {"type": "Feature", "geometry": {"coordinates": [[-123.12002894995834, 49.25244923659889], [-123.1199875921545, 49.252428284705395], [-123.11998169969621, 49.252425827955435], [-123.11997556712167, 49.25242405363452], [-123.11996927318059, 49.25242298452709], [-123.11996289869478, 49.252422634361764], [-123.11962989360102, 49.2524197773533]], "type": "LineString"}, "properties": {"wireset_type": "3-10", "geo_point_2d": {"lon": -123.11983194741538, "lat": 49.25242342873311}}}, {"type": "Feature", "geometry": {"coordinates": [[-123.12716915966377, 49.248085182111446], [-123.12716952002056, 49.24820408967541]], "type": "LineString"}, "properties": {"wireset_type": "2-12", "geo_point_2d": {"lon": -123.12716933984217, "lat": 49.248144635893425}}}, {"type": "Feature", "geometry": {"coordinates": [[-123.12483129975877, 49.2485700650903], [-123.12480395173739, 49.24857917082395], [-123.1241179424162, 49.24856678581463], [-123.12409066170454, 49.24855345720262]], "type": "LineString"}, "properties": {"wireset_type": "3-4", "geo_point_2d": {"lon": -123.12446021216104, "lat": 49.24857251796527}}}, {"type": "Feature", "geometry": {"coordinates": [[-123.120485260325, 49.251543994937734], [-123.12041287900756, 49.25154151575478], [-123.1204096274891, 49.251541788185186], [-123.12040636470086, 49.251541759840286], [-123.12040311840616, 49.251541430961254], [-123.12039991622805, 49.25154080434657], [-123.12039678541414, 49.25153988532814], [-123.12039375260481, 49.25153868172599], [-123.1203908436065, 49.251537203781666], [-123.12038808317214, 49.25153546407113], [-123.12038549479051, 49.251533477397736], [-123.12038310048639, 49.251531260666276], [-123.12038092063312, 49.2515288327391], [-123.12037897377928, 49.25152621427567], [-123.12037727649081, 49.25152342755673], [-123.12037584321011, 49.25152049629471], [-123.12037468613308, 49.25151744543199], [-123.12037381510538, 49.25151430092863], [-123.1203790888533, 49.25116837502984]], "type": "LineString"}, "properties": {"wireset_type": "2-10", "geo_point_2d": {"lon": -123.12038911772336, "lat": 49.25139358478518}}}, {"type": "Feature", "geometry": {"coordinates": [[-123.11518431309514, 49.25196765245823], [-123.11518865323374, 49.25173639889272]], "type": "LineString"}, "properties": {"wireset_type": "3-6", "geo_point_2d": {"lon": -123.11518648316445, "lat": 49.251852025675475}}}, {"type": "Feature", "geometry": {"coordinates": [[-123.11518431309514, 49.25196765245823], [-123.11518865323374, 49.25173639889272]], "type": "LineString"}, "properties": {"wireset_type": "1-8G", "geo_point_2d": {"lon": -123.11518648316445, "lat": 49.251852025675475}}}, {"type": "Feature", "geometry": {"coordinates": [[-123.10689925602222, 49.24565349850061], [-123.1061640799621, 49.24501472318284]], "type": "LineString"}, "properties": {"wireset_type": null, "geo_point_2d": {"lon": -123.10653166799216, "lat": 49.245334110841725}}}, {"type": "Feature", "geometry": {"coordinates": [[-123.11879224748826, 49.24116382735903], [-123.11874290799344, 49.24116177319603]], "type": "LineString"}, "properties": {"wireset_type": null, "geo_point_2d": {"lon": -123.11876757774084, "lat": 49.241162800277536}}}, {"type": "Feature", "geometry": {"coordinates": [[-123.11529027079659, 49.25531237508882], [-123.11530694946933, 49.25505085841631]], "type": "LineString"}, "properties": {"wireset_type": "1-8G", "geo_point_2d": {"lon": -123.11529861013295, "lat": 49.255181616752566}}}, {"type": "Feature", "geometry": {"coordinates": [[-123.11531054836168, 49.25486729836688], [-123.11532745595422, 49.254603874455874]], "type": "LineString"}, "properties": {"wireset_type": "3-6", "geo_point_2d": {"lon": -123.11531900215795, "lat": 49.25473558641138}}}, {"type": "Feature", "geometry": {"coordinates": [[-123.11504223861589, 49.25480510303478], [-123.11504761362264, 49.25476449325871]], "type": "LineString"}, "properties": {"wireset_type": null, "geo_point_2d": {"lon": -123.11504492611925, "lat": 49.254784798146744}}}, {"type": "Feature", "geometry": {"coordinates": [[-123.11504761362264, 49.25476449325871], [-123.11504274126538, 49.254548333969524]], "type": "LineString"}, "properties": {"wireset_type": "1-8G", "geo_point_2d": {"lon": -123.11504517744402, "lat": 49.254656413614114}}}, {"type": "Feature", "geometry": {"coordinates": [[-123.11532745595422, 49.254603874455874], [-123.1153268634194, 49.25439672411137]], "type": "LineString"}, "properties": {"wireset_type": "1-8G", "geo_point_2d": {"lon": -123.11532715968681, "lat": 49.25450029928362}}}, {"type": "Feature", "geometry": {"coordinates": [[-123.1153268634194, 49.25439672411137], [-123.11534376408285, 49.254130430707704]], "type": "LineString"}, "properties": {"wireset_type": "3-6", "geo_point_2d": {"lon": -123.11533531375113, "lat": 49.25426357740954}}}, {"type": "Feature", "geometry": {"coordinates": [[-123.11504274126538, 49.254548333969524], [-123.1150618226704, 49.254326834643294]], "type": "LineString"}, "properties": {"wireset_type": "1-8G", "geo_point_2d": {"lon": -123.11505228196789, "lat": 49.25443758430641}}}, {"type": "Feature", "geometry": {"coordinates": [[-123.11556196510514, 49.25113646733039], [-123.11557302000348, 49.25079805586356]], "type": "LineString"}, "properties": {"wireset_type": "1-8G", "geo_point_2d": {"lon": -123.11556749255432, "lat": 49.25096726159698}}}, {"type": "Feature", "geometry": {"coordinates": [[-123.11557302000348, 49.25079805586356], [-123.11558813910653, 49.250481912491544]], "type": "LineString"}, "properties": {"wireset_type": "3-8", "geo_point_2d": {"lon": -123.115580579555, "lat": 49.25063998417755}}}, {"type": "Feature", "geometry": {"coordinates": [[-123.11811388910263, 49.24114172895742], [-123.11816182554755, 49.24113731724536], [-123.11816808903586, 49.241138610678476], [-123.1181741532655, 49.24114064276457], [-123.11817993146143, 49.241143384425875], [-123.1181853409416, 49.24114679643107], [-123.11819030429996, 49.24115082995666], [-123.11819475051425, 49.24115542728562], [-123.11819861596211, 49.24116052263328], [-123.11820184533163, 49.24116604308866], [-123.11818780942568, 49.24124286781648]], "type": "LineString"}, "properties": {"wireset_type": "3-6", "geo_point_2d": {"lon": -123.11817628212751, "lat": 49.24117069329906}}}, {"type": "Feature", "geometry": {"coordinates": [[-123.10639238341231, 49.244379215653105], [-123.10630771471372, 49.244311847314414]], "type": "LineString"}, "properties": {"wireset_type": "3-12", "geo_point_2d": {"lon": -123.10635004906302, "lat": 49.24434553148375}}}, {"type": "Feature", "geometry": {"coordinates": [[-123.10738343867308, 49.24389743137118], [-123.10729596412179, 49.243828887982936]], "type": "LineString"}, "properties": {"wireset_type": "3-12", "geo_point_2d": {"lon": -123.10733970139744, "lat": 49.24386315967706}}}, {"type": "Feature", "geometry": {"coordinates": [[-123.10841813035636, 49.243393667210476], [-123.10833080227691, 49.243329523133475]], "type": "LineString"}, "properties": {"wireset_type": "3-12", "geo_point_2d": {"lon": -123.10837446631663, "lat": 49.243361595171976}}}, {"type": "Feature", "geometry": {"coordinates": [[-123.10684986785625, 49.24415345377878], [-123.10639238341231, 49.244379215653105]], "type": "LineString"}, "properties": {"wireset_type": "3-12", "geo_point_2d": {"lon": -123.10662112563428, "lat": 49.244266334715945}}}, {"type": "Feature", "geometry": {"coordinates": [[-123.10752306080417, 49.24620296016178], [-123.10689925602222, 49.24565349850061]], "type": "LineString"}, "properties": {"wireset_type": null, "geo_point_2d": {"lon": -123.1072111584132, "lat": 49.2459282293312}}}, {"type": "Feature", "geometry": {"coordinates": [[-123.11558813910653, 49.250481912491544], [-123.11560921253803, 49.250197210456996]], "type": "LineString"}, "properties": {"wireset_type": "2-8", "geo_point_2d": {"lon": -123.11559867582228, "lat": 49.25033956147427}}}, {"type": "Feature", "geometry": {"coordinates": [[-123.11558813910653, 49.250481912491544], [-123.11560921253803, 49.250197210456996]], "type": "LineString"}, "properties": {"wireset_type": "1-8G", "geo_point_2d": {"lon": -123.11559867582228, "lat": 49.25033956147427}}}, {"type": "Feature", "geometry": {"coordinates": [[-123.11521778015283, 49.25106717004967], [-123.11522301061915, 49.25076984562068]], "type": "LineString"}, "properties": {"wireset_type": "3-6", "geo_point_2d": {"lon": -123.11522039538599, "lat": 49.25091850783518}}}, {"type": "Feature", "geometry": {"coordinates": [[-123.11522301061915, 49.25076984562068], [-123.11523423303424, 49.25049654145081]], "type": "LineString"}, "properties": {"wireset_type": "1-8G", "geo_point_2d": {"lon": -123.11522862182672, "lat": 49.25063319353575}}}, {"type": "Feature", "geometry": {"coordinates": [[-123.11514398770915, 49.250764761144694], [-123.11515916921331, 49.25049790261382]], "type": "LineString"}, "properties": {"wireset_type": "1-8G", "geo_point_2d": {"lon": -123.11515157846122, "lat": 49.25063133187926}}}, {"type": "Feature", "geometry": {"coordinates": [[-123.11523423303424, 49.25049654145081], [-123.11525127961444, 49.25019882740522]], "type": "LineString"}, "properties": {"wireset_type": "1-8G", "geo_point_2d": {"lon": -123.11524275632434, "lat": 49.250347684428014}}}, {"type": "Feature", "geometry": {"coordinates": [[-123.11525127961444, 49.25019882740522], [-123.11524129771438, 49.25015492266224]], "type": "LineString"}, "properties": {"wireset_type": null, "geo_point_2d": {"lon": -123.11524628866441, "lat": 49.25017687503373}}}, {"type": "Feature", "geometry": {"coordinates": [[-123.11552805375409, 49.2501302771969], [-123.11550966394947, 49.2500105511151]], "type": "LineString"}, "properties": {"wireset_type": "1-8G", "geo_point_2d": {"lon": -123.11551885885177, "lat": 49.250070414156}}}, {"type": "Feature", "geometry": {"coordinates": [[-123.11131242253907, 49.24494215234115], [-123.1111283745311, 49.2448589077112]], "type": "LineString"}, "properties": {"wireset_type": null, "geo_point_2d": {"lon": -123.1112203985351, "lat": 49.24490053002617}}}, {"type": "Feature", "geometry": {"coordinates": [[-123.11154459428279, 49.24482134727827], [-123.11131242253907, 49.24494215234115]], "type": "LineString"}, "properties": {"wireset_type": "3-2", "geo_point_2d": {"lon": -123.11142850841094, "lat": 49.24488174980971}}}, {"type": "Feature", "geometry": {"coordinates": [[-123.1111283745311, 49.2448589077112], [-123.110831213607, 49.2446419042572]], "type": "LineString"}, "properties": {"wireset_type": "3-6", "geo_point_2d": {"lon": -123.11097979406904, "lat": 49.2447504059842}}}, {"type": "Feature", "geometry": {"coordinates": [[-123.110831213607, 49.2446419042572], [-123.11025682086675, 49.24414591682614]], "type": "LineString"}, "properties": {"wireset_type": "1-8G", "geo_point_2d": {"lon": -123.11054401723689, "lat": 49.244393910541675}}}, {"type": "Feature", "geometry": {"coordinates": [[-123.1087644009111, 49.24281474102724], [-123.10857139089264, 49.24264877152157]], "type": "LineString"}, "properties": {"wireset_type": "3-8", "geo_point_2d": {"lon": -123.10866789590189, "lat": 49.24273175627441}}}, {"type": "Feature", "geometry": {"coordinates": [[-123.1087644009111, 49.24281474102724], [-123.10857139089264, 49.24264877152157]], "type": "LineString"}, "properties": {"wireset_type": "1-8G", "geo_point_2d": {"lon": -123.10866789590189, "lat": 49.24273175627441}}}, {"type": "Feature", "geometry": {"coordinates": [[-123.11467611787445, 49.2450987437661], [-123.11422933529165, 49.245091909239996], [-123.11422492115176, 49.245091994387046], [-123.11422052478378, 49.245092399145804], [-123.11421616929913, 49.24509312138848], [-123.11421187759429, 49.24509415731829]], "type": "LineString"}, "properties": {"wireset_type": "3-10", "geo_point_2d": {"lon": -123.11444389955753, "lat": 49.245095224251465}}}, {"type": "Feature", "geometry": {"coordinates": [[-123.11421187759429, 49.24509415731829], [-123.1142080652148, 49.24509538075283], [-123.11420437768794, 49.24509694061666], [-123.11420084463461, 49.24509882437984], [-123.11419749443486, 49.245101016910596], [-123.11416536696728, 49.245099042725776]], "type": "LineString"}, "properties": {"wireset_type": "3-10", "geo_point_2d": {"lon": -123.11418909321665, "lat": 49.24509908404226}}}, {"type": "Feature", "geometry": {"coordinates": [[-123.11421187759429, 49.24509415731829], [-123.11412184597648, 49.245101514438275], [-123.11411603807535, 49.24509903769109], [-123.11410998819457, 49.24509723077805], [-123.11410377330935, 49.245096116689275], [-123.1140974724943, 49.2450957095998], [-123.11380082438205, 49.245090200263796]], "type": "LineString"}, "properties": {"wireset_type": "3-10", "geo_point_2d": {"lon": -123.11400669439989, "lat": 49.245094318035825}}}, {"type": "Feature", "geometry": {"coordinates": [[-123.11380082438205, 49.245090200263796], [-123.11321261760294, 49.24508164800909], [-123.11320887483569, 49.24508166561781], [-123.11320514181084, 49.24508193606579], [-123.11320143558913, 49.245082458117025], [-123.11319777310891, 49.24508322938562], [-123.1131941711085, 49.24508424634671], [-123.1131906460499, 49.245085504352524], [-123.11318721404345, 49.24508699765371], [-123.1131838907742, 49.245088719425524], [-123.11315183921758, 49.24510791966824]], "type": "LineString"}, "properties": {"wireset_type": "4-10", "geo_point_2d": {"lon": -123.11347330571012, "lat": 49.24508653824673}}}, {"type": "Feature", "geometry": {"coordinates": [[-123.11265632300913, 49.245070974750845], [-123.11244468963399, 49.24506306722533], [-123.11243334203725, 49.245062539274606], [-123.11242200590411, 49.2450618052656], [-123.11241068497603, 49.245060865440585], [-123.11239938298944, 49.24505972010974], [-123.11225520594958, 49.2450437408292], [-123.11225083609085, 49.24504336809182], [-123.11224645052894, 49.24504333007456], [-123.11224207486508, 49.24504362699933], [-123.1122377346427, 49.245044257132825], [-123.11223345519834, 49.24504521679655], [-123.11222926151373, 49.24504650038837], [-123.11222517806999, 49.24504810041517], [-123.11222122870468, 49.245050007536605], [-123.11219134280192, 49.24506707353848]], "type": "LineString"}, "properties": {"wireset_type": "3-8", "geo_point_2d": {"lon": -123.11242114129863, "lat": 49.245059557898706}}}, {"type": "Feature", "geometry": {"coordinates": [[-123.1061640799621, 49.24501472318284], [-123.10579575890456, 49.244670444599095]], "type": "LineString"}, "properties": {"wireset_type": null, "geo_point_2d": {"lon": -123.10597991943334, "lat": 49.24484258389097}}}, {"type": "Feature", "geometry": {"coordinates": [[-123.10708432482964, 49.24597562633779], [-123.10700268505019, 49.245931895192854], [-123.10699695802482, 49.245929441103954], [-123.10699100534337, 49.24592760073564], [-123.10698489256794, 49.24592639435749], [-123.10697868702381, 49.245925835256394], [-123.10697245705808, 49.24592592959023], [-123.10696627128678, 49.24592667632001], [-123.10696019783921, 49.24592806722135], [-123.10695430360755, 49.245930086975044], [-123.10678610355447, 49.24600088213706], [-123.10677611808697, 49.24600493486662], [-123.10676605155365, 49.24600878182447], [-123.10675590819434, 49.24601242139036], [-123.10674569228125, 49.24601585203136], [-123.10673540811713, 49.246019072302545], [-123.10672506003351, 49.246022080847595], [-123.10671465238882, 49.24602487639936], [-123.10670418956654, 49.24602745778041], [-123.10652003403784, 49.24607134455559]], "type": "LineString"}, "properties": {"wireset_type": "2-12", "geo_point_2d": {"lon": -123.10680666019742, "lat": 49.2459941377904}}}, {"type": "Feature", "geometry": {"coordinates": [[-123.10827505170936, 49.24644730598133], [-123.10801957889126, 49.24658867133579], [-123.10801733921251, 49.246589600972555], [-123.10801521916237, 49.2465907781611], [-123.1080132459943, 49.24659218776856], [-123.10801144507354, 49.2465938116743], [-123.10800983955109, 49.24659562900287], [-123.1080084500661, 49.246597616392336], [-123.10800729448052, 49.24659974829463], [-123.1080063876495, 49.246601997303955], [-123.10800574123044, 49.24660433450909], [-123.10800536353312, 49.24660672986504], [-123.10800525941288, 49.24660915257931], [-123.10800543020818, 49.24661157150767], [-123.10800587372343, 49.24661395555457], [-123.10800658425723, 49.24661627407289], [-123.10800755267556, 49.24661849725785], [-123.10800876652934, 49.24662059653021], [-123.10803301000257, 49.246654962636796]], "type": "LineString"}, "properties": {"wireset_type": "2-10", "geo_point_2d": {"lon": -123.1081186677923, "lat": 49.24654033862915}}}, {"type": "Feature", "geometry": {"coordinates": [[-123.1091460623376, 49.246085669589505], [-123.10896752086337, 49.24593885600985]], "type": "LineString"}, "properties": {"wireset_type": "3-10", "geo_point_2d": {"lon": -123.1090567916005, "lat": 49.246012262799674}}}, {"type": "Feature", "geometry": {"coordinates": [[-123.11427649805388, 49.24611382918104], [-123.11311993924545, 49.246095672626716]], "type": "LineString"}, "properties": {"wireset_type": null, "geo_point_2d": {"lon": -123.11369821864967, "lat": 49.24610475090388}}}, {"type": "Feature", "geometry": {"coordinates": [[-123.11488764064168, 49.2460536566143], [-123.11427896527378, 49.24603981395713]], "type": "LineString"}, "properties": {"wireset_type": null, "geo_point_2d": {"lon": -123.11458330295774, "lat": 49.24604673528572}}}, {"type": "Feature", "geometry": {"coordinates": [[-123.1184225789444, 49.247318846871465], [-123.11842333130026, 49.24714509419604], [-123.11842269032881, 49.247142137072636], [-123.11842175779137, 49.24713925856658], [-123.11842054297631, 49.24713648734886], [-123.11841905798369, 49.24713385102185], [-123.11841731760457, 49.24713137584433], [-123.11841533917377, 49.24712908647001], [-123.11841314239719, 49.247127005701905], [-123.11841074915556, 49.247125154265234], [-123.11840818328646, 49.247123550600996], [-123.1184054703469, 49.24712221068229], [-123.11840263735876, 49.247121147855204], [-123.11839971253966, 49.24712037270589], [-123.11839672502188, 49.247119892955126], [-123.11839370456222, 49.24711971338141], [-123.1183906812456, 49.24711983577336], [-123.11838768518535, 49.247120258911906], [-123.11831369623064, 49.2471207574829]], "type": "LineString"}, "properties": {"wireset_type": "3-10", "geo_point_2d": {"lon": -123.11840261171605, "lat": 49.2471870839604}}}, {"type": "Feature", "geometry": {"coordinates": [[-123.11451515710397, 49.245085689425395], [-123.11442963595351, 49.24510066127863], [-123.11442009117782, 49.245102086258385], [-123.11441048827709, 49.24510304417686], [-123.11440085009257, 49.24510353275556], [-123.11439119954939, 49.24510355083236], [-123.11429330082926, 49.24510143489733], [-123.11423882109318, 49.245100274424594], [-123.11423631970965, 49.24509990568857], [-123.11423402272455, 49.24509884892686], [-123.11421187759429, 49.24509415731829]], "type": "LineString"}, "properties": {"wireset_type": "3-8", "geo_point_2d": {"lon": -123.1143636718397, "lat": 49.245099088716}}}, {"type": "Feature", "geometry": {"coordinates": [[-123.11516739364086, 49.252125508529005], [-123.11517602177976, 49.25201264584221]], "type": "LineString"}, "properties": {"wireset_type": "1-8G", "geo_point_2d": {"lon": -123.11517170771032, "lat": 49.25206907718562}}}, {"type": "Feature", "geometry": {"coordinates": [[-123.11517602177976, 49.25201264584221], [-123.11518431309514, 49.25196765245823]], "type": "LineString"}, "properties": {"wireset_type": null, "geo_point_2d": {"lon": -123.11518016743744, "lat": 49.25199014915022}}}, {"type": "Feature", "geometry": {"coordinates": [[-123.11510488101275, 49.251970619090024], [-123.11511344712788, 49.25173647384994]], "type": "LineString"}, "properties": {"wireset_type": "3-8", "geo_point_2d": {"lon": -123.11510916407032, "lat": 49.25185354646998}}}, {"type": "Feature", "geometry": {"coordinates": [[-123.11519687323742, 49.25150723733673], [-123.11520289907997, 49.2512682012011]], "type": "LineString"}, "properties": {"wireset_type": "3-6", "geo_point_2d": {"lon": -123.1151998861587, "lat": 49.25138771926892}}}, {"type": "Feature", "geometry": {"coordinates": [[-123.11511724280327, 49.25150731670789], [-123.11511884102872, 49.251266845752234]], "type": "LineString"}, "properties": {"wireset_type": "1-8G", "geo_point_2d": {"lon": -123.11511804191599, "lat": 49.251387081230064}}}, {"type": "Feature", "geometry": {"coordinates": [[-123.11520289907997, 49.2512682012011], [-123.11519172304386, 49.25121904444086]], "type": "LineString"}, "properties": {"wireset_type": null, "geo_point_2d": {"lon": -123.11519731106192, "lat": 49.25124362282098}}}, {"type": "Feature", "geometry": {"coordinates": [[-123.11546979571936, 49.25133949177893], [-123.11548379432745, 49.25120241753325]], "type": "LineString"}, "properties": {"wireset_type": "3-4", "geo_point_2d": {"lon": -123.11547679502338, "lat": 49.25127095465609}}}, {"type": "Feature", "geometry": {"coordinates": [[-123.11519172304386, 49.25121904444086], [-123.11521394767169, 49.25111496550718]], "type": "LineString"}, "properties": {"wireset_type": "1-8G", "geo_point_2d": {"lon": -123.11520283535778, "lat": 49.25116700497402}}}, {"type": "Feature", "geometry": {"coordinates": [[-123.11525723424151, 49.25680559628], [-123.11525852094333, 49.256520104791385]], "type": "LineString"}, "properties": {"wireset_type": "1-8G", "geo_point_2d": {"lon": -123.11525787759241, "lat": 49.25666285053569}}}, {"type": "Feature", "geometry": {"coordinates": [[-123.11491708132007, 49.2570395678766], [-123.11491662757926, 49.25720521524001]], "type": "LineString"}, "properties": {"wireset_type": "3-8", "geo_point_2d": {"lon": -123.11491685444965, "lat": 49.25712239155831}}}, {"type": "Feature", "geometry": {"coordinates": [[-123.11862345640847, 49.243291321083966], [-123.11825564847614, 49.24330790758032]], "type": "LineString"}, "properties": {"wireset_type": null, "geo_point_2d": {"lon": -123.11843955244231, "lat": 49.24329961433214}}}, {"type": "Feature", "geometry": {"coordinates": [[-123.10737177865452, 49.25251055496207], [-123.10736247302451, 49.25274380075248], [-123.10746840944562, 49.252744898624854]], "type": "LineString"}, "properties": {"wireset_type": "3-10", "geo_point_2d": {"lon": -123.10738220844205, "lat": 49.252663755352664}}}, {"type": "Feature", "geometry": {"coordinates": [[-123.11834473884058, 49.246202537275764], [-123.11846215902209, 49.246202506887386], [-123.11846364684983, 49.24636495928127]], "type": "LineString"}, "properties": {"wireset_type": "2-12", "geo_point_2d": {"lon": -123.11843795969098, "lat": 49.2462496619406}}}, {"type": "Feature", "geometry": {"coordinates": [[-123.11812158335601, 49.24101531995335], [-123.1175902309787, 49.240994642242825], [-123.11758715571806, 49.240994841175], [-123.11758407437452, 49.240994795086486], [-123.1175810064392, 49.2409945042688], [-123.11757797131834, 49.24099397056151], [-123.11757498821063, 49.24099319734061], [-123.11757207598579, 49.2409921894971], [-123.11756925306511, 49.24099095340611], [-123.11756653730501, 49.24098949688656], [-123.11756394588409, 49.24098782915167], [-123.11756149519438, 49.240985960750734], [-123.11755920073777, 49.240983903502325], [-123.11755707702788, 49.240981670419615], [-123.11755513749827, 49.240979275627986], [-123.11755339441743, 49.240976734275726], [-123.11755185881127, 49.24097406243819], [-123.11755054039327, 49.24097127701613], [-123.11754676012818, 49.24095297554524], [-123.11748612976061, 49.24095166994307], [-123.11747760444699, 49.24096586410919], [-123.11743481795656, 49.24099259649295]], "type": "LineString"}, "properties": {"wireset_type": "2-8", "geo_point_2d": {"lon": -123.1177639496809, "lat": 49.24099545149738}}}, {"type": "Feature", "geometry": {"coordinates": [[-123.11743481795656, 49.24099259649295], [-123.11724174863458, 49.24099656159607], [-123.1172361948436, 49.24099649999276], [-123.11723065245286, 49.24099613902987], [-123.11722513758664, 49.24099547975752], [-123.11721966628917, 49.24099452409373], [-123.11713771863961, 49.24097776812039]], "type": "LineString"}, "properties": {"wireset_type": "3-6", "geo_point_2d": {"lon": -123.11728563780429, "lat": 49.24099231905555}}}, {"type": "Feature", "geometry": {"coordinates": [[-123.11743481795656, 49.24099259649295], [-123.11724174863458, 49.24099656159607], [-123.1172361948436, 49.24099649999276], [-123.11723065245286, 49.24099613902987], [-123.11722513758664, 49.24099547975752], [-123.11721966628917, 49.24099452409373], [-123.11713771863961, 49.24097776812039]], "type": "LineString"}, "properties": {"wireset_type": "1-8G", "geo_point_2d": {"lon": -123.11728563780429, "lat": 49.24099231905555}}}, {"type": "Feature", "geometry": {"coordinates": [[-123.11614409549745, 49.240551128518604], [-123.11590776884985, 49.24082042255863], [-123.11590116411202, 49.24082771177395], [-123.11589438493097, 49.240834839040325], [-123.11588743527642, 49.240841800184164], [-123.11588031921798, 49.240848591129165], [-123.11587304092265, 49.24085520789869], [-123.11586560465246, 49.240861646618086], [-123.11585801476193, 49.24086790351698], [-123.11585027569556, 49.24087397493144], [-123.11555318364823, 49.24110317439135]], "type": "LineString"}, "properties": {"wireset_type": "3-8", "geo_point_2d": {"lon": -123.11586200408351, "lat": 49.24084139266777}}}, {"type": "Feature", "geometry": {"coordinates": [[-123.10506378902897, 49.24580125587597], [-123.10503461241441, 49.24618647629419]], "type": "LineString"}, "properties": {"wireset_type": "3-12", "geo_point_2d": {"lon": -123.10504920072168, "lat": 49.24599386608508}}}, {"type": "Feature", "geometry": {"coordinates": [[-123.10521589396073, 49.24547461743986], [-123.10507730273542, 49.24547461764224]], "type": "LineString"}, "properties": {"wireset_type": "2-12", "geo_point_2d": {"lon": -123.10514659834809, "lat": 49.24547461754105}}}, {"type": "Feature", "geometry": {"coordinates": [[-123.11212117429642, 49.24607394227039], [-123.11161360955627, 49.246065870282], [-123.11159885071879, 49.246065534800536], [-123.11158409815418, 49.24606498921017], [-123.11156935485342, 49.24606423362151], [-123.11155462380562, 49.24606326818775], [-123.11153990799741, 49.24606209310463], [-123.11152521041232, 49.246060708610386], [-123.1115105340302, 49.24605911498572], [-123.1114958818266, 49.246057312553724], [-123.11111856013602, 49.24600803138942], [-123.1110974715005, 49.24600507885709], [-123.11107645385536, 49.246001657367906], [-123.11105551762766, 49.24599776861932], [-123.1110346732041, 49.24599341454056], [-123.11101393092581, 49.24598859729174], [-123.11099330108321, 49.24598331926274], [-123.110972793911, 49.245977583072055], [-123.110952419583, 49.24597139156546], [-123.11067056827574, 49.24588161061979]], "type": "LineString"}, "properties": {"wireset_type": "3-8", "geo_point_2d": {"lon": -123.1113891012765, "lat": 49.246021897905514}}}, {"type": "Feature", "geometry": {"coordinates": [[-123.11219134280192, 49.24506707353848], [-123.11217015037347, 49.24503402763179], [-123.11216790596414, 49.245031274759825], [-123.11216541635923, 49.24502874147249], [-123.11216270293845, 49.24502644952462], [-123.11215978900356, 49.24502441859854], [-123.11215669957824, 49.24502266613499], [-123.11215346119319, 49.24502120718343], [-123.11215010165837, 49.24502005427273], [-123.11214664982407, 49.245019217303614], [-123.11190020537214, 49.24495854053569], [-123.11188385071404, 49.24495438114483], [-123.11186757957579, 49.24494990616617], [-123.11185139804653, 49.24494511727437], [-123.11183531218185, 49.24494001626159], [-123.11181932800156, 49.24493460503676], [-123.11180345148739, 49.24492888562493], [-123.1117876885808, 49.24492286016646], [-123.11177204518073, 49.244916530916264], [-123.11154459428279, 49.24482134727827]], "type": "LineString"}, "properties": {"wireset_type": "3-8", "geo_point_2d": {"lon": -123.11187358788445, "lat": 49.24494217904681}}}, {"type": "Feature", "geometry": {"coordinates": [[-123.10874152057956, 49.24256837397943], [-123.10894926357146, 49.24274272186792]], "type": "LineString"}, "properties": {"wireset_type": "3-8", "geo_point_2d": {"lon": -123.10884539207552, "lat": 49.242655547923675}}}, {"type": "Feature", "geometry": {"coordinates": [[-123.10894926357146, 49.24274272186792], [-123.10927123252684, 49.24303513184138]], "type": "LineString"}, "properties": {"wireset_type": "1-8G", "geo_point_2d": {"lon": -123.10911024804915, "lat": 49.24288892685465}}}, {"type": "Feature", "geometry": {"coordinates": [[-123.10892452973229, 49.243022020361124], [-123.10905805015929, 49.24309324462529]], "type": "LineString"}, "properties": {"wireset_type": "1-8G", "geo_point_2d": {"lon": -123.10899128994578, "lat": 49.243057632493205}}}, {"type": "Feature", "geometry": {"coordinates": [[-123.10905805015929, 49.24309324462529], [-123.1090662700412, 49.243120015689506], [-123.10906802749508, 49.24312224189272], [-123.10907016952746, 49.2431241010114], [-123.10907262087701, 49.24312552772452], [-123.10907529541441, 49.24312647190386], [-123.10907809916854, 49.243126900375216], [-123.10908093362819, 49.24312679808406], [-123.10908369920327, 49.24312616862445], [-123.10908629872401, 49.24312503411272], [-123.10909459258298, 49.24312134476399], [-123.10910309653171, 49.243118169508655], [-123.10911177873903, 49.24311552023204], [-123.10912060670651, 49.24311340685066]], "type": "LineString"}, "properties": {"wireset_type": null, "geo_point_2d": {"lon": -123.10908281567146, "lat": 49.243116425120995}}}, {"type": "Feature", "geometry": {"coordinates": [[-123.10911128036844, 49.24311449508794], [-123.1093256859745, 49.2433241962712]], "type": "LineString"}, "properties": {"wireset_type": "3-8", "geo_point_2d": {"lon": -123.10921848317147, "lat": 49.24321934567957}}}, {"type": "Feature", "geometry": {"coordinates": [[-123.10927123252684, 49.24303513184138], [-123.10950735075507, 49.24323453958996]], "type": "LineString"}, "properties": {"wireset_type": "3-8", "geo_point_2d": {"lon": -123.10938929164095, "lat": 49.24313483571567}}}, {"type": "Feature", "geometry": {"coordinates": [[-123.10976189579236, 49.24370089000209], [-123.11025682086675, 49.24414591682614]], "type": "LineString"}, "properties": {"wireset_type": "1-8G", "geo_point_2d": {"lon": -123.11000935832956, "lat": 49.24392340341411}}}, {"type": "Feature", "geometry": {"coordinates": [[-123.11016326982272, 49.243793563694275], [-123.11074750852228, 49.24429566793757]], "type": "LineString"}, "properties": {"wireset_type": "3-6", "geo_point_2d": {"lon": -123.1104553891725, "lat": 49.24404461581592}}}, {"type": "Feature", "geometry": {"coordinates": [[-123.11074750852228, 49.24429566793757], [-123.11100181286473, 49.244536658122826], [-123.11131913030961, 49.24474175901538]], "type": "LineString"}, "properties": {"wireset_type": "3-6", "geo_point_2d": {"lon": -123.11102295886545, "lat": 49.24453189425813}}}, {"type": "Feature", "geometry": {"coordinates": [[-123.11525419947026, 49.24972361560654], [-123.11524108290486, 49.249407347466764]], "type": "LineString"}, "properties": {"wireset_type": "1-8G", "geo_point_2d": {"lon": -123.11524764118755, "lat": 49.24956548153665}}}, {"type": "Feature", "geometry": {"coordinates": [[-123.11550992052118, 49.249419645327514], [-123.1155149643535, 49.24915504562942]], "type": "LineString"}, "properties": {"wireset_type": "3-8", "geo_point_2d": {"lon": -123.11551244243735, "lat": 49.249287345478464}}}, {"type": "Feature", "geometry": {"coordinates": [[-123.11550992052118, 49.249419645327514], [-123.1155149643535, 49.24915504562942]], "type": "LineString"}, "properties": {"wireset_type": "1-8G", "geo_point_2d": {"lon": -123.11551244243735, "lat": 49.249287345478464}}}, {"type": "Feature", "geometry": {"coordinates": [[-123.11530776427924, 49.24504020373213], [-123.11536031061762, 49.24504893961959]], "type": "LineString"}, "properties": {"wireset_type": null, "geo_point_2d": {"lon": -123.11533403744843, "lat": 49.24504457167586}}}, {"type": "Feature", "geometry": {"coordinates": [[-123.11661782255598, 49.24529106118397], [-123.1166167279469, 49.24533383463163], [-123.11661549128944, 49.24534078779862], [-123.11661459229718, 49.24534779263023], [-123.11661403307338, 49.24535483273829], [-123.11661381492634, 49.245361891652145], [-123.11661393836644, 49.2453689528571], [-123.11661440310489, 49.24537599983312], [-123.1166152080544, 49.24538301609346], [-123.11661635133176, 49.245389985223234], [-123.11661783026223, 49.24539689091781], [-123.11661964138574, 49.24540371702098], [-123.11662178046512, 49.24541044756273], [-123.11662424249586, 49.24541706679664], [-123.11662702171793, 49.24542355923667], [-123.11663011162919, 49.24542990969344], [-123.11663350500066, 49.24543610330976], [-123.11663719389337, 49.245442125595325]], "type": "LineString"}, "properties": {"wireset_type": null, "geo_point_2d": {"lon": -123.11661920294975, "lat": 49.24536819794424}}}, {"type": "Feature", "geometry": {"coordinates": [[-123.11601795095615, 49.24527789344477], [-123.11661782255598, 49.24529106118397]], "type": "LineString"}, "properties": {"wireset_type": "6-4", "geo_point_2d": {"lon": -123.11631788675608, "lat": 49.24528447731437}}}, {"type": "Feature", "geometry": {"coordinates": [[-123.11601795095615, 49.24527789344477], [-123.11661782255598, 49.24529106118397]], "type": "LineString"}, "properties": {"wireset_type": "1-8G", "geo_point_2d": {"lon": -123.11631788675608, "lat": 49.24528447731437}}}, {"type": "Feature", "geometry": {"coordinates": [[-123.11601139532114, 49.245060098396465], [-123.11601795095615, 49.24527789344477]], "type": "LineString"}, "properties": {"wireset_type": "1-8G", "geo_point_2d": {"lon": -123.11601467313864, "lat": 49.24516899592062}}}, {"type": "Feature", "geometry": {"coordinates": [[-123.11601139532114, 49.245060098396465], [-123.11601795095615, 49.24527789344477]], "type": "LineString"}, "properties": {"wireset_type": "6-4", "geo_point_2d": {"lon": -123.11601467313864, "lat": 49.24516899592062}}}, {"type": "Feature", "geometry": {"coordinates": [[-123.11562810257219, 49.24504719669027], [-123.11601139532114, 49.245060098396465]], "type": "LineString"}, "properties": {"wireset_type": "3-4", "geo_point_2d": {"lon": -123.11581974894666, "lat": 49.24505364754337}}}, {"type": "Feature", "geometry": {"coordinates": [[-123.1164686873927, 49.24446473836318], [-123.11672216595935, 49.24424993715713]], "type": "LineString"}, "properties": {"wireset_type": "3-8", "geo_point_2d": {"lon": -123.11659542667601, "lat": 49.24435733776015}}}, {"type": "Feature", "geometry": {"coordinates": [[-123.1164686873927, 49.24446473836318], [-123.11672216595935, 49.24424993715713]], "type": "LineString"}, "properties": {"wireset_type": "1-8G", "geo_point_2d": {"lon": -123.11659542667601, "lat": 49.24435733776015}}}, {"type": "Feature", "geometry": {"coordinates": [[-123.1161040873046, 49.24415413102887], [-123.11646441142585, 49.24394935158662]], "type": "LineString"}, "properties": {"wireset_type": "1-8G", "geo_point_2d": {"lon": -123.11628424936524, "lat": 49.24405174130774}}}, {"type": "Feature", "geometry": {"coordinates": [[-123.11527167865263, 49.25582041662139], [-123.11527599912756, 49.25555715823814]], "type": "LineString"}, "properties": {"wireset_type": "3-6", "geo_point_2d": {"lon": -123.11527383889008, "lat": 49.25568878742976}}}, {"type": "Feature", "geometry": {"coordinates": [[-123.11833861249926, 49.24891680972072], [-123.1185370500879, 49.24891540992589]], "type": "LineString"}, "properties": {"wireset_type": null, "geo_point_2d": {"lon": -123.11843783129358, "lat": 49.248916109823305}}}, {"type": "Feature", "geometry": {"coordinates": [[-123.1185370500879, 49.24891540992589], [-123.1185328645685, 49.24862492227067]], "type": "LineString"}, "properties": {"wireset_type": "2-10", "geo_point_2d": {"lon": -123.1185349573282, "lat": 49.24877016609828}}}, {"type": "Feature", "geometry": {"coordinates": [[-123.11074308555794, 49.245819788848706], [-123.11024312326919, 49.24552236284782]], "type": "LineString"}, "properties": {"wireset_type": "3-8", "geo_point_2d": {"lon": -123.11049310441356, "lat": 49.245671075848264}}}, {"type": "Feature", "geometry": {"coordinates": [[-123.11067101643656, 49.245258348389704], [-123.11078581278439, 49.2453454831464]], "type": "LineString"}, "properties": {"wireset_type": null, "geo_point_2d": {"lon": -123.11072841461046, "lat": 49.24530191576805}}}, {"type": "Feature", "geometry": {"coordinates": [[-123.11074308555794, 49.245819788848706], [-123.11067056827574, 49.24588161061979]], "type": "LineString"}, "properties": {"wireset_type": null, "geo_point_2d": {"lon": -123.11070682691684, "lat": 49.24585069973424}}}, {"type": "Feature", "geometry": {"coordinates": [[-123.11540266650687, 49.25394951396708], [-123.11541931646578, 49.2536643398111]], "type": "LineString"}, "properties": {"wireset_type": "1-8G", "geo_point_2d": {"lon": -123.11541099148631, "lat": 49.25380692688909}}}, {"type": "Feature", "geometry": {"coordinates": [[-123.11507277898166, 49.254021103150684], [-123.11506621304602, 49.25391585660394]], "type": "LineString"}, "properties": {"wireset_type": "3-6", "geo_point_2d": {"lon": -123.11506949601383, "lat": 49.253968479877315}}}, {"type": "Feature", "geometry": {"coordinates": [[-123.11507277898166, 49.254021103150684], [-123.11506621304602, 49.25391585660394]], "type": "LineString"}, "properties": {"wireset_type": "1-8G", "geo_point_2d": {"lon": -123.11506949601383, "lat": 49.253968479877315}}}, {"type": "Feature", "geometry": {"coordinates": [[-123.11510717610287, 49.25387969098991], [-123.11511914609294, 49.25359637455247]], "type": "LineString"}, "properties": {"wireset_type": "1-8G", "geo_point_2d": {"lon": -123.11511316109788, "lat": 49.253738032771196}}}, {"type": "Feature", "geometry": {"coordinates": [[-123.11541931646578, 49.2536643398111], [-123.11543748925979, 49.25338406651318]], "type": "LineString"}, "properties": {"wireset_type": "1-8G", "geo_point_2d": {"lon": -123.11542840286279, "lat": 49.253524203162144}}}, {"type": "Feature", "geometry": {"coordinates": [[-123.11536248678897, 49.25366130221376], [-123.11537749689003, 49.25337999763259]], "type": "LineString"}, "properties": {"wireset_type": "3-8", "geo_point_2d": {"lon": -123.1153699918395, "lat": 49.253520649923175}}}, {"type": "Feature", "geometry": {"coordinates": [[-123.11537749689003, 49.25337999763259], [-123.1153849786202, 49.25319988781527]], "type": "LineString"}, "properties": {"wireset_type": "1-8G", "geo_point_2d": {"lon": -123.11538123775512, "lat": 49.25328994272393}}}, {"type": "Feature", "geometry": {"coordinates": [[-123.11512493595005, 49.25336787214851], [-123.11511949000105, 49.253058774739515]], "type": "LineString"}, "properties": {"wireset_type": "1-8G", "geo_point_2d": {"lon": -123.11512221297555, "lat": 49.253213323444015}}}, {"type": "Feature", "geometry": {"coordinates": [[-123.11512493595005, 49.25336787214851], [-123.11511949000105, 49.253058774739515]], "type": "LineString"}, "properties": {"wireset_type": "2-8", "geo_point_2d": {"lon": -123.11512221297555, "lat": 49.253213323444015}}}, {"type": "Feature", "geometry": {"coordinates": [[-123.11505706545879, 49.25336793975854], [-123.11505794590637, 49.25306090494759]], "type": "LineString"}, "properties": {"wireset_type": "1-8G", "geo_point_2d": {"lon": -123.11505750568259, "lat": 49.25321442235307}}}, {"type": "Feature", "geometry": {"coordinates": [[-123.11552473742573, 49.25253088134571], [-123.11552613783668, 49.252359583897466]], "type": "LineString"}, "properties": {"wireset_type": "3-8", "geo_point_2d": {"lon": -123.1155254376312, "lat": 49.25244523262158}}}, {"type": "Feature", "geometry": {"coordinates": [[-123.11513623139757, 49.25284188322925], [-123.11514091439247, 49.25262202630736]], "type": "LineString"}, "properties": {"wireset_type": "1-8G", "geo_point_2d": {"lon": -123.11513857289502, "lat": 49.25273195476831}}}, {"type": "Feature", "geometry": {"coordinates": [[-123.1150634225176, 49.25283942810677], [-123.11506810847001, 49.25262070458302]], "type": "LineString"}, "properties": {"wireset_type": "3-8", "geo_point_2d": {"lon": -123.1150657654938, "lat": 49.252730066344895}}}, {"type": "Feature", "geometry": {"coordinates": [[-123.11515774362809, 49.25240755440513], [-123.11516749381055, 49.252168568567924]], "type": "LineString"}, "properties": {"wireset_type": "3-8", "geo_point_2d": {"lon": -123.11516261871932, "lat": 49.252288061486524}}}, {"type": "Feature", "geometry": {"coordinates": [[-123.11506588180667, 49.25240763693622], [-123.11507910319374, 49.252172056839385]], "type": "LineString"}, "properties": {"wireset_type": "3-8", "geo_point_2d": {"lon": -123.1150724925002, "lat": 49.252289846887805}}}, {"type": "Feature", "geometry": {"coordinates": [[-123.11548379432745, 49.25120241753325], [-123.11553827508423, 49.25120701359461], [-123.11554168457424, 49.251207696931345], [-123.11554516016308, 49.2512075880578], [-123.11554852019904, 49.251206692664255], [-123.11555158906977, 49.25120505754846], [-123.1155542063807, 49.251202768169776], [-123.11555623533802, 49.25119994418263], [-123.11555756989823, 49.251196733182745], [-123.11555814031054, 49.251193302993094], [-123.11556196510514, 49.25113646733039]], "type": "LineString"}, "properties": {"wireset_type": null, "geo_point_2d": {"lon": -123.11553890896894, "lat": 49.251188169548726}}}, {"type": "Feature", "geometry": {"coordinates": [[-123.11547109804674, 49.251137853497035], [-123.11548808367132, 49.25079685448087]], "type": "LineString"}, "properties": {"wireset_type": "1-8G", "geo_point_2d": {"lon": -123.11547959085902, "lat": 49.250967353988955}}}, {"type": "Feature", "geometry": {"coordinates": [[-123.11797273081342, 49.24404426813608], [-123.1182532954949, 49.24389326609503]], "type": "LineString"}, "properties": {"wireset_type": "1-8G", "geo_point_2d": {"lon": -123.11811301315417, "lat": 49.243968767115554}}}, {"type": "Feature", "geometry": {"coordinates": [[-123.11812684833303, 49.24332638963554], [-123.11815148862898, 49.243282953418394]], "type": "LineString"}, "properties": {"wireset_type": null, "geo_point_2d": {"lon": -123.11813916848101, "lat": 49.24330467152697}}}, {"type": "Feature", "geometry": {"coordinates": [[-123.11770935083963, 49.24316003505534], [-123.11784128814602, 49.24301084045259]], "type": "LineString"}, "properties": {"wireset_type": "3-4", "geo_point_2d": {"lon": -123.11777531949284, "lat": 49.24308543775396}}}, {"type": "Feature", "geometry": {"coordinates": [[-123.11784128814602, 49.24301084045259], [-123.11797917992304, 49.242800867779636]], "type": "LineString"}, "properties": {"wireset_type": "3-4", "geo_point_2d": {"lon": -123.11791023403453, "lat": 49.24290585411612}}}, {"type": "Feature", "geometry": {"coordinates": [[-123.11814017764952, 49.242152551265825], [-123.11816079539194, 49.24191478597958]], "type": "LineString"}, "properties": {"wireset_type": "3-6", "geo_point_2d": {"lon": -123.11815048652073, "lat": 49.2420336686227}}}, {"type": "Feature", "geometry": {"coordinates": [[-123.11862294332714, 49.24184965458354], [-123.11863438853528, 49.241626380955495]], "type": "LineString"}, "properties": {"wireset_type": "1-8G", "geo_point_2d": {"lon": -123.11862866593121, "lat": 49.24173801776952}}}, {"type": "Feature", "geometry": {"coordinates": [[-123.11817026847852, 49.24168172759565], [-123.11817828303552, 49.24144776217412]], "type": "LineString"}, "properties": {"wireset_type": "1-8G", "geo_point_2d": {"lon": -123.11817427575701, "lat": 49.24156474488488}}}, {"type": "Feature", "geometry": {"coordinates": [[-123.11370581095461, 49.24787038754648], [-123.11239052257723, 49.247851075489834]], "type": "LineString"}, "properties": {"wireset_type": "3-10", "geo_point_2d": {"lon": -123.11304816676592, "lat": 49.24786073151816}}}, {"type": "Feature", "geometry": {"coordinates": [[-123.11370508626287, 49.24796168085775], [-123.11370581095461, 49.24787038754648]], "type": "LineString"}, "properties": {"wireset_type": "3-10", "geo_point_2d": {"lon": -123.11370544860874, "lat": 49.247916034202106}}}, {"type": "Feature", "geometry": {"coordinates": [[-123.11370581095461, 49.24787038754648], [-123.11424371498099, 49.24787063947326]], "type": "LineString"}, "properties": {"wireset_type": "3-10", "geo_point_2d": {"lon": -123.11397476296781, "lat": 49.247870513509866}}}, {"type": "Feature", "geometry": {"coordinates": [[-123.11318894165959, 49.24703394276845], [-123.11251639673944, 49.24702257309943]], "type": "LineString"}, "properties": {"wireset_type": "2-8", "geo_point_2d": {"lon": -123.1128526691995, "lat": 49.24702825793393}}}, {"type": "Feature", "geometry": {"coordinates": [[-123.10608188477187, 49.251842241012035], [-123.1055156276944, 49.25183424107953]], "type": "LineString"}, "properties": {"wireset_type": "3-8", "geo_point_2d": {"lon": -123.10579875623314, "lat": 49.25183824104578}}}, {"type": "Feature", "geometry": {"coordinates": [[-123.1112822039537, 49.25193366994847], [-123.11128332634975, 49.25203563873101]], "type": "LineString"}, "properties": {"wireset_type": "2-10", "geo_point_2d": {"lon": -123.11128276515173, "lat": 49.25198465433974}}}, {"type": "Feature", "geometry": {"coordinates": [[-123.11009662694687, 49.25191596981665], [-123.11009897053985, 49.25200587485091]], "type": "LineString"}, "properties": {"wireset_type": "2-10", "geo_point_2d": {"lon": -123.11009779874337, "lat": 49.25196092233377}}}, {"type": "Feature", "geometry": {"coordinates": [[-123.10973078215244, 49.251912297000665], [-123.10915548712235, 49.25190045554495]], "type": "LineString"}, "properties": {"wireset_type": "3-4", "geo_point_2d": {"lon": -123.1094431346374, "lat": 49.25190637627281}}}, {"type": "Feature", "geometry": {"coordinates": [[-123.10861414791822, 49.25189516381166], [-123.10805737733752, 49.25188360530914]], "type": "LineString"}, "properties": {"wireset_type": "3-6", "geo_point_2d": {"lon": -123.10833576262786, "lat": 49.2518893845604}}}, {"type": "Feature", "geometry": {"coordinates": [[-123.10861414791822, 49.25189516381166], [-123.10805737733752, 49.25188360530914]], "type": "LineString"}, "properties": {"wireset_type": "1-10G", "geo_point_2d": {"lon": -123.10833576262786, "lat": 49.2518893845604}}}, {"type": "Feature", "geometry": {"coordinates": [[-123.10749749081518, 49.251873468268194], [-123.10742096808558, 49.251868484126916], [-123.10740797786242, 49.25186001370764], [-123.10739677637427, 49.251827290499065], [-123.10725216855347, 49.251823790761414], [-123.10724480075302, 49.25184803973073], [-123.1072318604621, 49.25186260601504], [-123.10712511383272, 49.251860879011545]], "type": "LineString"}, "properties": {"wireset_type": "3-6", "geo_point_2d": {"lon": -123.10731320670459, "lat": 49.251847806974}}}, {"type": "Feature", "geometry": {"coordinates": [[-123.12033292840881, 49.25425355995576], [-123.12001168384087, 49.25423202671171]], "type": "LineString"}, "properties": {"wireset_type": "3-12", "geo_point_2d": {"lon": -123.12017230612484, "lat": 49.25424279333374}}}, {"type": "Feature", "geometry": {"coordinates": [[-123.12640791051372, 49.252554324941556], [-123.12640852772368, 49.252656123217804]], "type": "LineString"}, "properties": {"wireset_type": "2-12", "geo_point_2d": {"lon": -123.1264082191187, "lat": 49.25260522407968}}}, {"type": "Feature", "geometry": {"coordinates": [[-123.12459685440679, 49.247246346041905], [-123.1245445251737, 49.24722171055276], [-123.12453926921118, 49.24721956424921], [-123.1245341587868, 49.24721709133118], [-123.12452921417281, 49.247214301608366], [-123.12452445498371, 49.24721120614715], [-123.12451990009849, 49.247207817226744], [-123.12451556758563, 49.24720414829047], [-123.12451147463157, 49.24720021389243], [-123.1245076374724, 49.24719602963975], [-123.12450407132954, 49.24719161213073], [-123.1245007903493, 49.24718697888892], [-123.12449780754685, 49.247182148293675], [-123.12449513475447, 49.24717713950721], [-123.12449278257472, 49.2471719723986], [-123.12449076033835, 49.24716666746495], [-123.12448907606722, 49.24716124575012], [-123.1244877364426, 49.24715572876119], [-123.12448279663298, 49.247114634866165]], "type": "LineString"}, "properties": {"wireset_type": null, "geo_point_2d": {"lon": -123.1245233281119, "lat": 49.24719315891432}}}, {"type": "Feature", "geometry": {"coordinates": [[-123.11697231970959, 49.25690701176862], [-123.1169065302695, 49.25690581003129]], "type": "LineString"}, "properties": {"wireset_type": "3-10", "geo_point_2d": {"lon": -123.11693942498952, "lat": 49.25690641089996}}}, {"type": "Feature", "geometry": {"coordinates": [[-123.11582192336574, 49.25688790450992], [-123.1158221828647, 49.256998806278126]], "type": "LineString"}, "properties": {"wireset_type": "2-10", "geo_point_2d": {"lon": -123.11582205311521, "lat": 49.25694335539402}}}, {"type": "Feature", "geometry": {"coordinates": [[-123.1158221828647, 49.256998806278126], [-123.11533788734071, 49.256993039080015]], "type": "LineString"}, "properties": {"wireset_type": "2-10", "geo_point_2d": {"lon": -123.11558003510271, "lat": 49.25699592267907}}}, {"type": "Feature", "geometry": {"coordinates": [[-123.12219065112507, 49.2556983114165], [-123.12210826830054, 49.2556549695973]], "type": "LineString"}, "properties": {"wireset_type": null, "geo_point_2d": {"lon": -123.1221494597128, "lat": 49.255676640506906}}}, {"type": "Feature", "geometry": {"coordinates": [[-123.12296931225946, 49.255206562180526], [-123.12296884086808, 49.255309998714885]], "type": "LineString"}, "properties": {"wireset_type": "3-12", "geo_point_2d": {"lon": -123.12296907656376, "lat": 49.25525828044771}}}, {"type": "Feature", "geometry": {"coordinates": [[-123.12296884086808, 49.255309998714885], [-123.12226197758092, 49.25529346008148]], "type": "LineString"}, "properties": {"wireset_type": "3-12", "geo_point_2d": {"lon": -123.1226154092245, "lat": 49.25530172939819}}}, {"type": "Feature", "geometry": {"coordinates": [[-123.12290847008873, 49.25611222061275], [-123.12225024360598, 49.25610110824419]], "type": "LineString"}, "properties": {"wireset_type": "3-12", "geo_point_2d": {"lon": -123.12257935684735, "lat": 49.25610666442847}}}, {"type": "Feature", "geometry": {"coordinates": [[-123.12219065112507, 49.2556983114165], [-123.12217696014045, 49.25605879129845], [-123.1221777169485, 49.25606312329603], [-123.12217915034917, 49.25606728073802], [-123.12218122415368, 49.25607115866225], [-123.12218388600505, 49.25607465916347], [-123.1221870687, 49.256077693865144], [-123.12219069188562, 49.256080186150726], [-123.12219466408798, 49.25608207309793], [-123.12219888502165, 49.25608330706734], [-123.12225024360598, 49.25610110824419]], "type": "LineString"}, "properties": {"wireset_type": "3-8", "geo_point_2d": {"lon": -123.12218884192467, "lat": 49.25591956740975}}}, {"type": "Feature", "geometry": {"coordinates": [[-123.12226197758092, 49.25529346008148], [-123.12221535837679, 49.2553191547768], [-123.12221247618518, 49.25532067371575], [-123.12220981624331, 49.25532255491572], [-123.12220742381697, 49.25532476636326], [-123.12220533961943, 49.255327270424885], [-123.12220359911866, 49.255330024487556], [-123.1222022319338, 49.25533298168379], [-123.122201261331, 49.255336091689294], [-123.12220070382756, 49.25533930157932], [-123.12219065112507, 49.2556983114165]], "type": "LineString"}, "properties": {"wireset_type": "3-12", "geo_point_2d": {"lon": -123.12220152673567, "lat": 49.255481661571}}}, {"type": "Feature", "geometry": {"coordinates": [[-123.12226197758092, 49.25529346008148], [-123.12221535837679, 49.2553191547768], [-123.12221247618518, 49.25532067371575], [-123.12220981624331, 49.25532255491572], [-123.12220742381697, 49.25532476636326], [-123.12220533961943, 49.255327270424885], [-123.12220359911866, 49.255330024487556], [-123.1222022319338, 49.25533298168379], [-123.122201261331, 49.255336091689294], [-123.12220070382756, 49.25533930157932], [-123.12219065112507, 49.2556983114165]], "type": "LineString"}, "properties": {"wireset_type": "3-8", "geo_point_2d": {"lon": -123.12220152673567, "lat": 49.255481661571}}}, {"type": "Feature", "geometry": {"coordinates": [[-123.10512615046859, 49.247430757479655], [-123.10511781079528, 49.24765756182882], [-123.1051195397433, 49.247664050531796], [-123.10512187277585, 49.24767034731564], [-123.10512478910682, 49.24767639607925], [-123.10512826275323, 49.24768214293128], [-123.10513226276666, 49.24768753667026], [-123.10513675350909, 49.24769252924075], [-123.1051416949703, 49.24769707616155], [-123.10514704312445, 49.24770113692193], [-123.10515275032223, 49.24770467534263], [-123.10515876571549, 49.24770765989815], [-123.10516503571016, 49.24771006399764], [-123.10517150444386, 49.24771186622181], [-123.1051781142835, 49.2477130505138], [-123.10518480633884, 49.247713606322165], [-123.10519152098713, 49.24771352869494], [-123.10519819840432, 49.24771281832374], [-123.10523367683669, 49.24771338869339]], "type": "LineString"}, "properties": {"wireset_type": null, "geo_point_2d": {"lon": -123.10513936385742, "lat": 49.24760437900028}}}, {"type": "Feature", "geometry": {"coordinates": [[-123.10735914879244, 49.24693977717802], [-123.10700894055643, 49.246931916424586]], "type": "LineString"}, "properties": {"wireset_type": "3-10", "geo_point_2d": {"lon": -123.10718404467443, "lat": 49.24693584680131}}}, {"type": "Feature", "geometry": {"coordinates": [[-123.10479728894266, 49.25163499402449], [-123.1047810861698, 49.25177698934461], [-123.10478009878784, 49.25177997830343], [-123.10477885379872, 49.25178286946237], [-123.10477736074218, 49.2517856406679], [-123.10477563105876, 49.25178827068562], [-123.10477367800219, 49.251790739362995], [-123.1047715165378, 49.25179302778377], [-123.10476916322781, 49.25179511841288], [-123.10476663610451, 49.25179699523086], [-123.104763954532, 49.251798643856574], [-123.10476113905784, 49.25180005165742], [-123.10475821125566, 49.2518012078461], [-123.10475519355974, 49.2518021035633], [-123.10475210909323, 49.25180273194559], [-123.10474898149089, 49.25180308817797], [-123.10474583471799, 49.251803169530824], [-123.10474269288673, 49.25180297538077], [-123.10468994483651, 49.251805325967595]], "type": "LineString"}, "properties": {"wireset_type": "2-12", "geo_point_2d": {"lon": -123.1047686053597, "lat": 49.25174518859438}}}, {"type": "Feature", "geometry": {"coordinates": [[-123.12029196379504, 49.24931086133827], [-123.12028597980807, 49.249528642058316]], "type": "LineString"}, "properties": {"wireset_type": "3-6", "geo_point_2d": {"lon": -123.12028897180156, "lat": 49.2494197516983}}}, {"type": "Feature", "geometry": {"coordinates": [[-123.12059330472871, 49.24917327099713], [-123.12030777661172, 49.24916838742959], [-123.12030620905733, 49.24929233432391], [-123.12029196379504, 49.24931086133827]], "type": "LineString"}, "properties": {"wireset_type": "3-8", "geo_point_2d": {"lon": -123.12040126040692, "lat": 49.249194935346445}}}, {"type": "Feature", "geometry": {"coordinates": [[-123.120178212081, 49.24916662428422], [-123.12027408510427, 49.24916858442309], [-123.12027700625411, 49.249290718602914], [-123.12029196379504, 49.24931086133827]], "type": "LineString"}, "properties": {"wireset_type": "3-6", "geo_point_2d": {"lon": -123.1202569870245, "lat": 49.24921252184272}}}, {"type": "Feature", "geometry": {"coordinates": [[-123.11919802530666, 49.24914946037578], [-123.1185981760621, 49.24914248572988]], "type": "LineString"}, "properties": {"wireset_type": "3-6", "geo_point_2d": {"lon": -123.11889810068438, "lat": 49.24914597305283}}}, {"type": "Feature", "geometry": {"coordinates": [[-123.11822441004652, 49.24913347779246], [-123.11768926191445, 49.249124938992196]], "type": "LineString"}, "properties": {"wireset_type": "3-8", "geo_point_2d": {"lon": -123.11795683598051, "lat": 49.24912920839233}}}, {"type": "Feature", "geometry": {"coordinates": [[-123.11705226848191, 49.24911051911636], [-123.11639338251751, 49.2491001836299]], "type": "LineString"}, "properties": {"wireset_type": "3-8", "geo_point_2d": {"lon": -123.1167228254997, "lat": 49.249105351373125}}}, {"type": "Feature", "geometry": {"coordinates": [[-123.11639338251751, 49.2491001836299], [-123.11573797701016, 49.249091478030905]], "type": "LineString"}, "properties": {"wireset_type": "2-8", "geo_point_2d": {"lon": -123.11606567976385, "lat": 49.2490958308304}}}, {"type": "Feature", "geometry": {"coordinates": [[-123.11209125495608, 49.24792776273033], [-123.11200268012475, 49.24792552786449], [-123.11208320419405, 49.24792822030263], [-123.11209655586512, 49.247928978106984], [-123.11210985545247, 49.24793037895099], [-123.11212307200435, 49.247932419574504], [-123.11213617476221, 49.24793509522845], [-123.11213838482566, 49.24793549599321], [-123.11214050796374, 49.24793622898532], [-123.11214249454633, 49.247937277070456], [-123.11214429813532, 49.24793861574873], [-123.11214587657031, 49.2479402137274], [-123.112147192954, 49.24794203365233], [-123.11214821651481, 49.24794403298123], [-123.11214892332613, 49.24794616497808], [-123.11215099993571, 49.24797173637711], [-123.11215247557725, 49.24799734948386], [-123.1121533494372, 49.24802299017661], [-123.11215362103373, 49.248048644318395], [-123.1121532902171, 49.248074297764866], [-123.1121523571697, 49.24809993637204], [-123.11215082240598, 49.24812554600414], [-123.11214868677213, 49.24815111254132]], "type": "LineString"}, "properties": {"wireset_type": null, "geo_point_2d": {"lon": -123.11210600735737, "lat": 49.247983859899655}}}, {"type": "Feature", "geometry": {"coordinates": [[-123.11269582498517, 49.24905586904271], [-123.11272265379202, 49.249059027180415], [-123.11272581105646, 49.249059142943196], [-123.11272895045695, 49.249059497744994], [-123.11273205392186, 49.249060089543434], [-123.11273510358637, 49.24906091493188], [-123.11273808189543, 49.24906196915907], [-123.11274097170467, 49.249063246156446], [-123.11274375637922, 49.24906473857311], [-123.11274641988935, 49.2490664378181], [-123.11274894690284, 49.2490683341099], [-123.1127513228732, 49.249070416532675], [-123.11275353412339, 49.249072673099185], [-123.11275556792455, 49.249075090819716], [-123.11275741256934, 49.24907765577691], [-123.11275905743922, 49.24908035320584], [-123.11276049306566, 49.24908316757904], [-123.11276171118465, 49.24908608269583], [-123.1127543683343, 49.24919205354046], [-123.11274756016114, 49.24929806007866]], "type": "LineString"}, "properties": {"wireset_type": null, "geo_point_2d": {"lon": -123.11274862605234, "lat": 49.24915798933144}}}, {"type": "Feature", "geometry": {"coordinates": [[-123.11262346702745, 49.25575470974248], [-123.11262582285387, 49.25555192823072]], "type": "LineString"}, "properties": {"wireset_type": null, "geo_point_2d": {"lon": -123.11262464494067, "lat": 49.2556533189866}}}, {"type": "Feature", "geometry": {"coordinates": [[-123.11262346702745, 49.25575470974248], [-123.1126954508018, 49.25575508931175]], "type": "LineString"}, "properties": {"wireset_type": null, "geo_point_2d": {"lon": -123.11265945891464, "lat": 49.25575489952712}}}, {"type": "Feature", "geometry": {"coordinates": [[-123.11657867555049, 49.254282649711726], [-123.11612330978792, 49.2542726378566]], "type": "LineString"}, "properties": {"wireset_type": "3-12", "geo_point_2d": {"lon": -123.1163509926692, "lat": 49.254277643784164}}}, {"type": "Feature", "geometry": {"coordinates": [[-123.11612330978792, 49.2542726378566], [-123.11590733452692, 49.25424093968562]], "type": "LineString"}, "properties": {"wireset_type": "4-12", "geo_point_2d": {"lon": -123.11601532215742, "lat": 49.254256788771116}}}, {"type": "Feature", "geometry": {"coordinates": [[-123.12034330804606, 49.24756210809972], [-123.12033076057207, 49.24795111995203], [-123.12032978506255, 49.24795418486559], [-123.12032854017224, 49.24795715059689], [-123.12032703581704, 49.24795999352309], [-123.12032528397953, 49.24796269099956], [-123.12032329861353, 49.247965221540184], [-123.12032109553301, 49.24796756498855], [-123.12031869228609, 49.247969702678475], [-123.12031610801526, 49.247971617582714], [-123.1203133633049, 49.24797329444854], [-123.12031048001734, 49.24797471991929], [-123.12030748111873, 49.247975882640716], [-123.12030439049607, 49.24797677335144], [-123.12030123276699, 49.24797738495671], [-123.12029803308361, 49.24797771258494], [-123.12029481693224, 49.24797775362648], [-123.12029160993039, 49.24797750775443], [-123.1202309651238, 49.24797948686645]], "type": "LineString"}, "properties": {"wireset_type": "2-12", "geo_point_2d": {"lon": -123.1203255463028, "lat": 49.247805281209445}}}, {"type": "Feature", "geometry": {"coordinates": [[-123.1202309651238, 49.24797948686645], [-123.12023071007994, 49.24808948081633]], "type": "LineString"}, "properties": {"wireset_type": "4-12", "geo_point_2d": {"lon": -123.12023083760187, "lat": 49.24803448384139}}}, {"type": "Feature", "geometry": {"coordinates": [[-123.12217779413005, 49.248116915492766], [-123.12152867949834, 49.24811363323153]], "type": "LineString"}, "properties": {"wireset_type": "3-12", "geo_point_2d": {"lon": -123.12185323681419, "lat": 49.24811527436215}}}, {"type": "Feature", "geometry": {"coordinates": [[-123.12023071007994, 49.24808948081633], [-123.1195392194712, 49.248074258817034]], "type": "LineString"}, "properties": {"wireset_type": "3-12", "geo_point_2d": {"lon": -123.11988496477557, "lat": 49.24808186981668}}}, {"type": "Feature", "geometry": {"coordinates": [[-123.11583871686263, 49.247150692037934], [-123.11582500923836, 49.24741713555637]], "type": "LineString"}, "properties": {"wireset_type": "3-4", "geo_point_2d": {"lon": -123.11583186305049, "lat": 49.24728391379715}}}, {"type": "Feature", "geometry": {"coordinates": [[-123.11582500923836, 49.24741713555637], [-123.11581486897646, 49.24764621828891]], "type": "LineString"}, "properties": {"wireset_type": "3-4", "geo_point_2d": {"lon": -123.11581993910741, "lat": 49.247531676922634}}}, {"type": "Feature", "geometry": {"coordinates": [[-123.11580116134897, 49.248077274505754], [-123.11578762003911, 49.248362149036815]], "type": "LineString"}, "properties": {"wireset_type": "3-6", "geo_point_2d": {"lon": -123.11579439069403, "lat": 49.248219711771284}}}, {"type": "Feature", "geometry": {"coordinates": [[-123.11989068046832, 49.25160849756366], [-123.11964196608983, 49.251604050887856]], "type": "LineString"}, "properties": {"wireset_type": "2-12", "geo_point_2d": {"lon": -123.11976632327907, "lat": 49.25160627422576}}}, {"type": "Feature", "geometry": {"coordinates": [[-123.11853267320717, 49.25158693399748], [-123.11785246556262, 49.251575270422265]], "type": "LineString"}, "properties": {"wireset_type": "3-12", "geo_point_2d": {"lon": -123.11819256938489, "lat": 49.25158110220987}}}, {"type": "Feature", "geometry": {"coordinates": [[-123.1171412996305, 49.251563814140184], [-123.11641547553285, 49.25154797858168]], "type": "LineString"}, "properties": {"wireset_type": "3-12", "geo_point_2d": {"lon": -123.11677838758166, "lat": 49.25155589636092}}}, {"type": "Feature", "geometry": {"coordinates": [[-123.1216273104509, 49.248998615117124], [-123.12107696986627, 49.248991610205316]], "type": "LineString"}, "properties": {"wireset_type": "3-10", "geo_point_2d": {"lon": -123.1213521401586, "lat": 49.24899511266122}}}, {"type": "Feature", "geometry": {"coordinates": [[-123.11967714392323, 49.248966442860635], [-123.1191708656094, 49.24895763814289]], "type": "LineString"}, "properties": {"wireset_type": "3-6", "geo_point_2d": {"lon": -123.11942400476632, "lat": 49.248962040501766}}}, {"type": "Feature", "geometry": {"coordinates": [[-123.11704073080513, 49.24892056955306], [-123.11637979352275, 49.248907465536824]], "type": "LineString"}, "properties": {"wireset_type": "3-8", "geo_point_2d": {"lon": -123.11671026216393, "lat": 49.24891401754494}}}, {"type": "Feature", "geometry": {"coordinates": [[-123.11833993852377, 49.24883922450741], [-123.11833816606054, 49.24894273442937], [-123.11822003603666, 49.24894168598882]], "type": "LineString"}, "properties": {"wireset_type": null, "geo_point_2d": {"lon": -123.11830710097925, "lat": 49.248918283146}}}, {"type": "Feature", "geometry": {"coordinates": [[-123.11578762003911, 49.248362149036815], [-123.11572942421081, 49.24860679664781]], "type": "LineString"}, "properties": {"wireset_type": "3-8", "geo_point_2d": {"lon": -123.11575852212496, "lat": 49.248484472842314}}}, {"type": "Feature", "geometry": {"coordinates": [[-123.11572942421081, 49.24860679664781], [-123.1156719803239, 49.24877360774477], [-123.11567183294646, 49.24882815496443]], "type": "LineString"}, "properties": {"wireset_type": "2-10", "geo_point_2d": {"lon": -123.11569390176646, "lat": 49.24871634066457}}}, {"type": "Feature", "geometry": {"coordinates": [[-123.11657076072474, 49.24713955723368], [-123.1165480759279, 49.247104543690966], [-123.11591210147989, 49.24709156473482], [-123.11592147767901, 49.24699413696114], [-123.11584939775304, 49.246994209262546], [-123.1158469477408, 49.24693364681922]], "type": "LineString"}, "properties": {"wireset_type": "3-4", "geo_point_2d": {"lon": -123.11615862588351, "lat": 49.247076015966755}}}, {"type": "Feature", "geometry": {"coordinates": [[-123.11587571314921, 49.246232322617395], [-123.11586714627205, 49.24647595811112]], "type": "LineString"}, "properties": {"wireset_type": "3-4", "geo_point_2d": {"lon": -123.11587142971064, "lat": 49.24635414036426}}}, {"type": "Feature", "geometry": {"coordinates": [[-123.11585489006707, 49.24670488109269], [-123.1158469477408, 49.24693364681922]], "type": "LineString"}, "properties": {"wireset_type": "3-4", "geo_point_2d": {"lon": -123.11585091890393, "lat": 49.246819263955956}}}, {"type": "Feature", "geometry": {"coordinates": [[-123.11514651034838, 49.24856439988169], [-123.11516608254388, 49.24881500546342]], "type": "LineString"}, "properties": {"wireset_type": "1-8G", "geo_point_2d": {"lon": -123.11515629644613, "lat": 49.24868970267255}}}, {"type": "Feature", "geometry": {"coordinates": [[-123.11513788463667, 49.24830582259821], [-123.11514651034838, 49.24856439988169]], "type": "LineString"}, "properties": {"wireset_type": "3-8", "geo_point_2d": {"lon": -123.11514219749255, "lat": 49.24843511123995}}}, {"type": "Feature", "geometry": {"coordinates": [[-123.11514694270518, 49.247858138930766], [-123.11513408709898, 49.24803767856076]], "type": "LineString"}, "properties": {"wireset_type": "1-8G", "geo_point_2d": {"lon": -123.11514051490208, "lat": 49.24794790874577}}}, {"type": "Feature", "geometry": {"coordinates": [[-123.11517144503964, 49.24711531526744], [-123.11517020432387, 49.247373470666865]], "type": "LineString"}, "properties": {"wireset_type": "1-8G", "geo_point_2d": {"lon": -123.11517082468177, "lat": 49.247244392967154}}}, {"type": "Feature", "geometry": {"coordinates": [[-123.11518581246526, 49.24646358734004], [-123.11518364633561, 49.246695999335216]], "type": "LineString"}, "properties": {"wireset_type": "1-8G", "geo_point_2d": {"lon": -123.11518472940043, "lat": 49.24657979333763}}}, {"type": "Feature", "geometry": {"coordinates": [[-123.11518364633561, 49.246695999335216], [-123.11517026495449, 49.24693285715139]], "type": "LineString"}, "properties": {"wireset_type": "3-8", "geo_point_2d": {"lon": -123.11517695564504, "lat": 49.246814428243304}}}, {"type": "Feature", "geometry": {"coordinates": [[-123.12459671828019, 49.24720316907289], [-123.12459685440679, 49.247246346041905]], "type": "LineString"}, "properties": {"wireset_type": null, "geo_point_2d": {"lon": -123.12459678634349, "lat": 49.2472247575574}}}, {"type": "Feature", "geometry": {"coordinates": [[-123.12279321324306, 49.247087901145356], [-123.12279305225188, 49.24712825392971]], "type": "LineString"}, "properties": {"wireset_type": null, "geo_point_2d": {"lon": -123.12279313274746, "lat": 49.24710807753753}}}, {"type": "Feature", "geometry": {"coordinates": [[-123.12206868592298, 49.247076174569585], [-123.12207113377374, 49.24718850444642]], "type": "LineString"}, "properties": {"wireset_type": "3-6", "geo_point_2d": {"lon": -123.12206990984836, "lat": 49.247132339508}}}, {"type": "Feature", "geometry": {"coordinates": [[-123.11967455279432, 49.2470359790182], [-123.11967674330411, 49.24714641121765]], "type": "LineString"}, "properties": {"wireset_type": "2-8", "geo_point_2d": {"lon": -123.11967564804922, "lat": 49.247091195117925}}}, {"type": "Feature", "geometry": {"coordinates": [[-123.12115126984344, 49.24706176740991], [-123.1202656332886, 49.247046663235594]], "type": "LineString"}, "properties": {"wireset_type": "3-8", "geo_point_2d": {"lon": -123.12070845156602, "lat": 49.24705421532275}}}, {"type": "Feature", "geometry": {"coordinates": [[-123.12212274178887, 49.247188638805056], [-123.12207113377374, 49.24718850444642]], "type": "LineString"}, "properties": {"wireset_type": null, "geo_point_2d": {"lon": -123.1220969377813, "lat": 49.24718857162574}}}, {"type": "Feature", "geometry": {"coordinates": [[-123.10912375081224, 49.25290076338884], [-123.10858382248166, 49.252892132951466]], "type": "LineString"}, "properties": {"wireset_type": "1-10G", "geo_point_2d": {"lon": -123.10885378664696, "lat": 49.25289644817015}}}, {"type": "Feature", "geometry": {"coordinates": [[-123.10746513986909, 49.25287193220435], [-123.10741097452726, 49.25287387157087], [-123.1073905045911, 49.25288256199453], [-123.10737727983043, 49.25289912549633], [-123.10737611329517, 49.25291882611836], [-123.10720012779913, 49.252914267051324], [-123.10719887937542, 49.25288983718464], [-123.10719040618491, 49.25287329383627], [-123.10716988663876, 49.25286543305692], [-123.10711581565398, 49.252866526646564]], "type": "LineString"}, "properties": {"wireset_type": "1-10G", "geo_point_2d": {"lon": -123.10728878657386, "lat": 49.252895484661984}}}, {"type": "Feature", "geometry": {"coordinates": [[-123.10711581565398, 49.252866526646564], [-123.10661780722626, 49.252861230352195]], "type": "LineString"}, "properties": {"wireset_type": "3-6", "geo_point_2d": {"lon": -123.10686681144011, "lat": 49.25286387849938}}}, {"type": "Feature", "geometry": {"coordinates": [[-123.11017222637943, 49.253370704210575], [-123.1099302035682, 49.2533633517749]], "type": "LineString"}, "properties": {"wireset_type": null, "geo_point_2d": {"lon": -123.11005121497382, "lat": 49.25336702799274}}}, {"type": "Feature", "geometry": {"coordinates": [[-123.11017222637943, 49.253370704210575], [-123.11016393375834, 49.25338021107265], [-123.10997926843942, 49.253378749876035], [-123.1099302035682, 49.2533633517749]], "type": "LineString"}, "properties": {"wireset_type": null, "geo_point_2d": {"lon": -123.11005233136608, "lat": 49.2533775334793}}}, {"type": "Feature", "geometry": {"coordinates": [[-123.10494315359836, 49.25164832747367], [-123.10479728894266, 49.25163499402449]], "type": "LineString"}, "properties": {"wireset_type": null, "geo_point_2d": {"lon": -123.1048702212705, "lat": 49.25164166074908}}}, {"type": "Feature", "geometry": {"coordinates": [[-123.10983209318157, 49.247580674708466], [-123.10968206439134, 49.247537325296406]], "type": "LineString"}, "properties": {"wireset_type": "3-8", "geo_point_2d": {"lon": -123.10975707878644, "lat": 49.24755900000244}}}, {"type": "Feature", "geometry": {"coordinates": [[-123.10507531189579, 49.24869330228512], [-123.10492229201492, 49.24869052690028]], "type": "LineString"}, "properties": {"wireset_type": null, "geo_point_2d": {"lon": -123.10499880195536, "lat": 49.2486919145927}}}, {"type": "Feature", "geometry": {"coordinates": [[-123.10493641137874, 49.24841546694482], [-123.10492229201492, 49.24869052690028]], "type": "LineString"}, "properties": {"wireset_type": "2-12", "geo_point_2d": {"lon": -123.10492935169682, "lat": 49.248552996922555}}}, {"type": "Feature", "geometry": {"coordinates": [[-123.10532777835262, 49.247717413761265], [-123.10532799093806, 49.24781735058082]], "type": "LineString"}, "properties": {"wireset_type": null, "geo_point_2d": {"lon": -123.10532788464533, "lat": 49.24776738217104}}}, {"type": "Feature", "geometry": {"coordinates": [[-123.10983204691193, 49.24899071305293], [-123.10928330346366, 49.24898436106649]], "type": "LineString"}, "properties": {"wireset_type": "3-4", "geo_point_2d": {"lon": -123.10955767518782, "lat": 49.24898753705971}}}, {"type": "Feature", "geometry": {"coordinates": [[-123.1076465704863, 49.248953487875134], [-123.10723768713366, 49.24894451309031]], "type": "LineString"}, "properties": {"wireset_type": "3-6", "geo_point_2d": {"lon": -123.10744212880996, "lat": 49.248949000482725}}}, {"type": "Feature", "geometry": {"coordinates": [[-123.11451776526074, 49.25004538760284], [-123.11451734859332, 49.250132578755995]], "type": "LineString"}, "properties": {"wireset_type": "2-10", "geo_point_2d": {"lon": -123.11451755692704, "lat": 49.25008898317942}}}, {"type": "Feature", "geometry": {"coordinates": [[-123.11135955416589, 49.249984842673655], [-123.11082144788799, 49.249984289659636]], "type": "LineString"}, "properties": {"wireset_type": "3-4", "geo_point_2d": {"lon": -123.11109050102694, "lat": 49.249984566166646}}}, {"type": "Feature", "geometry": {"coordinates": [[-123.11296733436019, 49.25001745464495], [-123.11258751724922, 49.25001468607082]], "type": "LineString"}, "properties": {"wireset_type": "1-10G", "geo_point_2d": {"lon": -123.1127774258047, "lat": 49.25001607035788}}}, {"type": "Feature", "geometry": {"coordinates": [[-123.11258751724922, 49.25001468607082], [-123.11195890388177, 49.25000384602673]], "type": "LineString"}, "properties": {"wireset_type": "3-6", "geo_point_2d": {"lon": -123.11227321056549, "lat": 49.25000926604878}}}, {"type": "Feature", "geometry": {"coordinates": [[-123.10980023951016, 49.24996439578699], [-123.1092398111881, 49.249941908263665]], "type": "LineString"}, "properties": {"wireset_type": "3-4", "geo_point_2d": {"lon": -123.10952002534913, "lat": 49.24995315202533}}}, {"type": "Feature", "geometry": {"coordinates": [[-123.10980023951016, 49.24996439578699], [-123.1092398111881, 49.249941908263665]], "type": "LineString"}, "properties": {"wireset_type": "1-10G", "geo_point_2d": {"lon": -123.10952002534913, "lat": 49.24995315202533}}}, {"type": "Feature", "geometry": {"coordinates": [[-123.12034786190927, 49.25525238267808], [-123.12001607321399, 49.25524330081993]], "type": "LineString"}, "properties": {"wireset_type": "3-12", "geo_point_2d": {"lon": -123.12018196756162, "lat": 49.255247841749004}}}, {"type": "Feature", "geometry": {"coordinates": [[-123.12001607321399, 49.25524330081993], [-123.12003947751377, 49.25526078120314], [-123.12004168277248, 49.25526241003484], [-123.12004367247037, 49.255264296131585], [-123.12004541678637, 49.25526641122506], [-123.1200468895771, 49.25526872361477], [-123.12004806876874, 49.25527119864321], [-123.12004893668787, 49.25527379921527], [-123.12004948032634, 49.25527648635425], [-123.12004969153624, 49.25527921978598], [-123.12004612065022, 49.25537642583896], [-123.12004636484512, 49.2553799345214], [-123.12004722881917, 49.25538334392493], [-123.120048685056, 49.25538654546486], [-123.12005068717654, 49.25538943717663], [-123.12007833949424, 49.255424552762705]], "type": "LineString"}, "properties": {"wireset_type": "2-12", "geo_point_2d": {"lon": -123.12004844242068, "lat": 49.25533176817445}}}, {"type": "Feature", "geometry": {"coordinates": [[-123.12020547792541, 49.256333288458514], [-123.12002907674791, 49.2563328241984]], "type": "LineString"}, "properties": {"wireset_type": "2-12", "geo_point_2d": {"lon": -123.12011727733666, "lat": 49.25633305632846}}}, {"type": "Feature", "geometry": {"coordinates": [[-123.12158955679587, 49.25607851681622], [-123.12159047504014, 49.25617820085999]], "type": "LineString"}, "properties": {"wireset_type": "3-12", "geo_point_2d": {"lon": -123.121590015918, "lat": 49.256128358838104}}}, {"type": "Feature", "geometry": {"coordinates": [[-123.12156797676677, 49.25517027425459], [-123.12156959796657, 49.255276434132824]], "type": "LineString"}, "properties": {"wireset_type": "3-12", "geo_point_2d": {"lon": -123.12156878736668, "lat": 49.255223354193696}}}]}