{"type": "FeatureCollection", "features": [{"type": "Feature", "geometry": {"coordinates": [-123.11319421185034, 49.255325277927895], "type": "Point"}, "properties": {"block_number": "04", "node_number": 2.0, "geo_local_area": "Riley Park", "geo_point_2d": {"lon": -123.11319421185034, "lat": 49.255325277927895}}}, {"type": "Feature", "geometry": {"coordinates": [-123.10979690317204, 49.24593176510198], "type": "Point"}, "properties": {"block_number": "01", "node_number": 1.0, "geo_local_area": "Riley Park", "geo_point_2d": {"lon": -123.10979690317204, "lat": 49.24593176510198}}}, {"type": "Feature", "geometry": {"coordinates": [-123.1233314170828, 49.247879394012315], "type": "Point"}, "properties": {"block_number": "BR", "node_number": 1.0, "geo_local_area": "South Cambie", "geo_point_2d": {"lon": -123.1233314170828, "lat": 49.247879394012315}}}, {"type": "Feature", "geometry": {"coordinates": [-123.11203812322162, 49.24156438660654], "type": "Point"}, "properties": {"block_number": "QE", "node_number": 7.0, "geo_local_area": "Riley Park", "geo_point_2d": {"lon": -123.11203812322162, "lat": 49.24156438660654}}}, {"type": "Feature", "geometry": {"coordinates": [-123.11930742533276, 49.24134138426304], "type": "Point"}, "properties": {"block_number": "48", "node_number": 3.0, "geo_local_area": "South Cambie", "geo_point_2d": {"lon": -123.11930742533276, "lat": 49.24134138426304}}}, {"type": "Feature", "geometry": {"coordinates": [-123.11330307653178, 49.24212038108413], "type": "Point"}, "properties": {"block_number": "QE", "node_number": 8.0, "geo_local_area": "Riley Park", "geo_point_2d": {"lon": -123.11330307653178, "lat": 49.24212038108413}}}, {"type": "Feature", "geometry": {"coordinates": [-123.11569813528554, 49.245142413104645], "type": "Point"}, "properties": {"block_number": "05", "node_number": 0.4, "geo_local_area": "South Cambie", "geo_point_2d": {"lon": -123.11569813528554, "lat": 49.245142413104645}}}, {"type": "Feature", "geometry": {"coordinates": [-123.10975288823529, 49.245563029312926], "type": "Point"}, "properties": {"block_number": "43", "node_number": 4.0, "geo_local_area": "Riley Park", "geo_point_2d": {"lon": -123.10975288823529, "lat": 49.245563029312926}}}, {"type": "Feature", "geometry": {"coordinates": [-123.10491484540766, 49.24873626540822], "type": "Point"}, "properties": {"block_number": "41", "node_number": 0.6, "geo_local_area": "Riley Park", "geo_point_2d": {"lon": -123.10491484540766, "lat": 49.24873626540822}}}, {"type": "Feature", "geometry": {"coordinates": [-123.10506369198505, 49.24898035960669], "type": "Point"}, "properties": {"block_number": "40", "node_number": 3.0, "geo_local_area": "Riley Park", "geo_point_2d": {"lon": -123.10506369198505, "lat": 49.24898035960669}}}, {"type": "Feature", "geometry": {"coordinates": [-123.12261019328304, 49.251758832164185], "type": "Point"}, "properties": {"block_number": "DO", "node_number": 7.0, "geo_local_area": "South Cambie", "geo_point_2d": {"lon": -123.12261019328304, "lat": 49.251758832164185}}}, {"type": "Feature", "geometry": {"coordinates": [-123.11871811657366, 49.24116443428075], "type": "Point"}, "properties": {"block_number": "06", "node_number": 0.5, "geo_local_area": "South Cambie", "geo_point_2d": {"lon": -123.11871811657366, "lat": 49.24116443428075}}}, {"type": "Feature", "geometry": {"coordinates": [-123.12285215418528, 49.25215341153402], "type": "Point"}, "properties": {"block_number": "DO", "node_number": 3.0, "geo_local_area": "South Cambie", "geo_point_2d": {"lon": -123.12285215418528, "lat": 49.25215341153402}}}, {"type": "Feature", "geometry": {"coordinates": [-123.11936872471645, 49.242155848988915], "type": "Point"}, "properties": {"block_number": "06", "node_number": 2.0, "geo_local_area": "South Cambie", "geo_point_2d": {"lon": -123.11936872471645, "lat": 49.242155848988915}}}, {"type": "Feature", "geometry": {"coordinates": [-123.10485497113358, 49.248914659176], "type": "Point"}, "properties": {"block_number": "50", "node_number": 0.5, "geo_local_area": "Riley Park", "geo_point_2d": {"lon": -123.10485497113358, "lat": 49.248914659176}}}, {"type": "Feature", "geometry": {"coordinates": [-123.11571817277553, 49.245232876107245], "type": "Point"}, "properties": {"block_number": "05", "node_number": 0.3, "geo_local_area": "South Cambie", "geo_point_2d": {"lon": -123.11571817277553, "lat": 49.245232876107245}}}, {"type": "Feature", "geometry": {"coordinates": [-123.11262582285387, 49.25555192823072], "type": "Point"}, "properties": {"block_number": "33", "node_number": 1.0, "geo_local_area": "Riley Park", "geo_point_2d": {"lon": -123.11262582285387, "lat": 49.25555192823072}}}, {"type": "Feature", "geometry": {"coordinates": [-123.12039324456407, 49.242195354394255], "type": "Point"}, "properties": {"block_number": "06", "node_number": 4.0, "geo_local_area": "South Cambie", "geo_point_2d": {"lon": -123.12039324456407, "lat": 49.242195354394255}}}, {"type": "Feature", "geometry": {"coordinates": [-123.12227858696274, 49.251814279361106], "type": "Point"}, "properties": {"block_number": "DO", "node_number": 9.0, "geo_local_area": "South Cambie", "geo_point_2d": {"lon": -123.12227858696274, "lat": 49.251814279361106}}}, {"type": "Feature", "geometry": {"coordinates": [-123.11351363577667, 49.25244751910722], "type": "Point"}, "properties": {"block_number": "04", "node_number": 3.0, "geo_local_area": "Riley Park", "geo_point_2d": {"lon": -123.11351363577667, "lat": 49.25244751910722}}}, {"type": "Feature", "geometry": {"coordinates": [-123.11679883167662, 49.250896499225995], "type": "Point"}, "properties": {"block_number": "38", "node_number": 3.0, "geo_local_area": "South Cambie", "geo_point_2d": {"lon": -123.11679883167662, "lat": 49.250896499225995}}}, {"type": "Feature", "geometry": {"coordinates": [-123.11405912432615, 49.25245566226005], "type": "Point"}, "properties": {"block_number": "04", "node_number": 5.0, "geo_local_area": "Riley Park", "geo_point_2d": {"lon": -123.11405912432615, "lat": 49.25245566226005}}}, {"type": "Feature", "geometry": {"coordinates": [-123.11948363408494, 49.24380688725012], "type": "Point"}, "properties": {"block_number": "06", "node_number": 3.0, "geo_local_area": "South Cambie", "geo_point_2d": {"lon": -123.11948363408494, "lat": 49.24380688725012}}}, {"type": "Feature", "geometry": {"coordinates": [-123.1193912101557, 49.25658199599023], "type": "Point"}, "properties": {"block_number": "32", "node_number": 2.0, "geo_local_area": "South Cambie", "geo_point_2d": {"lon": -123.1193912101557, "lat": 49.25658199599023}}}, {"type": "Feature", "geometry": {"coordinates": [-123.12577637620801, 49.25397683512955], "type": "Point"}, "properties": {"block_number": "09", "node_number": 3.0, "geo_local_area": "South Cambie", "geo_point_2d": {"lon": -123.12577637620801, "lat": 49.25397683512955}}}, {"type": "Feature", "geometry": {"coordinates": [-123.11871861587515, 49.24845622389855], "type": "Point"}, "properties": {"block_number": "06", "node_number": 1.0, "geo_local_area": "South Cambie", "geo_point_2d": {"lon": -123.11871861587515, "lat": 49.24845622389855}}}, {"type": "Feature", "geometry": {"coordinates": [-123.12448680557033, 49.24767083273884], "type": "Point"}, "properties": {"block_number": "BR", "node_number": 2.0, "geo_local_area": "South Cambie", "geo_point_2d": {"lon": -123.12448680557033, "lat": 49.24767083273884}}}, {"type": "Feature", "geometry": {"coordinates": [-123.1192659075457, 49.24190038241064], "type": "Point"}, "properties": {"block_number": "48", "node_number": 1.0, "geo_local_area": "South Cambie", "geo_point_2d": {"lon": -123.1192659075457, "lat": 49.24190038241064}}}, {"type": "Feature", "geometry": {"coordinates": [-123.11442951123956, 49.255575828246045], "type": "Point"}, "properties": {"block_number": "33", "node_number": 1.0, "geo_local_area": "Riley Park", "geo_point_2d": {"lon": -123.11442951123956, "lat": 49.255575828246045}}}, {"type": "Feature", "geometry": {"coordinates": [-123.11775574163991, 49.24609860550979], "type": "Point"}, "properties": {"block_number": "05", "node_number": 4.0, "geo_local_area": "South Cambie", "geo_point_2d": {"lon": -123.11775574163991, "lat": 49.24609860550979}}}, {"type": "Feature", "geometry": {"coordinates": [-123.10581279879698, 49.245900005605556], "type": "Point"}, "properties": {"block_number": "44", "node_number": 1.0, "geo_local_area": "Riley Park", "geo_point_2d": {"lon": -123.10581279879698, "lat": 49.245900005605556}}}, {"type": "Feature", "geometry": {"coordinates": [-123.11167685432153, 49.25340082385239], "type": "Point"}, "properties": {"block_number": "02", "node_number": 4.0, "geo_local_area": "Riley Park", "geo_point_2d": {"lon": -123.11167685432153, "lat": 49.25340082385239}}}, {"type": "Feature", "geometry": {"coordinates": [-123.10584962010252, 49.2450124660721], "type": "Point"}, "properties": {"block_number": "44", "node_number": 4.0, "geo_local_area": "Riley Park", "geo_point_2d": {"lon": -123.10584962010252, "lat": 49.2450124660721}}}, {"type": "Feature", "geometry": {"coordinates": [-123.12096655555179, 49.2511532341378], "type": "Point"}, "properties": {"block_number": "38", "node_number": 1.0, "geo_local_area": "South Cambie", "geo_point_2d": {"lon": -123.12096655555179, "lat": 49.2511532341378}}}, {"type": "Feature", "geometry": {"coordinates": [-123.12053339277415, 49.24177760421998], "type": "Point"}, "properties": {"block_number": "48", "node_number": 4.0, "geo_local_area": "South Cambie", "geo_point_2d": {"lon": -123.12053339277415, "lat": 49.24177760421998}}}, {"type": "Feature", "geometry": {"coordinates": [-123.11446006067634, 49.25505880675009], "type": "Point"}, "properties": {"block_number": "33", "node_number": 3.0, "geo_local_area": "Riley Park", "geo_point_2d": {"lon": -123.11446006067634, "lat": 49.25505880675009}}}, {"type": "Feature", "geometry": {"coordinates": [-123.11514651034838, 49.24856439988169], "type": "Point"}, "properties": {"block_number": "41", "node_number": 4.0, "geo_local_area": "Riley Park", "geo_point_2d": {"lon": -123.11514651034838, "lat": 49.24856439988169}}}, {"type": "Feature", "geometry": {"coordinates": [-123.11432778190236, 49.24864004429825], "type": "Point"}, "properties": {"block_number": "41", "node_number": 1.0, "geo_local_area": "Riley Park", "geo_point_2d": {"lon": -123.11432778190236, "lat": 49.24864004429825}}}, {"type": "Feature", "geometry": {"coordinates": [-123.11469212256672, 49.24920289247807], "type": "Point"}, "properties": {"block_number": "40", "node_number": 3.0, "geo_local_area": "Riley Park", "geo_point_2d": {"lon": -123.11469212256672, "lat": 49.24920289247807}}}, {"type": "Feature", "geometry": {"coordinates": [-123.11368960269006, 49.24695109082284], "type": "Point"}, "properties": {"block_number": "04", "node_number": 4.0, "geo_local_area": "Riley Park", "geo_point_2d": {"lon": -123.11368960269006, "lat": 49.24695109082284}}}, {"type": "Feature", "geometry": {"coordinates": [-123.11513788463667, 49.24830582259821], "type": "Point"}, "properties": {"block_number": "41", "node_number": 6.0, "geo_local_area": "Riley Park", "geo_point_2d": {"lon": -123.11513788463667, "lat": 49.24830582259821}}}, {"type": "Feature", "geometry": {"coordinates": [-123.11515916784066, 49.2476202388612], "type": "Point"}, "properties": {"block_number": "42", "node_number": 4.0, "geo_local_area": "Riley Park", "geo_point_2d": {"lon": -123.11515916784066, "lat": 49.2476202388612}}}, {"type": "Feature", "geometry": {"coordinates": [-123.11651707261704, 49.24845090021321], "type": "Point"}, "properties": {"block_number": "41", "node_number": 2.0, "geo_local_area": "South Cambie", "geo_point_2d": {"lon": -123.11651707261704, "lat": 49.24845090021321}}}, {"type": "Feature", "geometry": {"coordinates": [-123.11162729878693, 49.2484021616346], "type": "Point"}, "properties": {"block_number": "02", "node_number": 4.0, "geo_local_area": "Riley Park", "geo_point_2d": {"lon": -123.11162729878693, "lat": 49.2484021616346}}}, {"type": "Feature", "geometry": {"coordinates": [-123.1079747602605, 49.25427595298632], "type": "Point"}, "properties": {"block_number": "01", "node_number": 2.0, "geo_local_area": "Riley Park", "geo_point_2d": {"lon": -123.1079747602605, "lat": 49.25427595298632}}}, {"type": "Feature", "geometry": {"coordinates": [-123.11292767404538, 49.25630477622948], "type": "Point"}, "properties": {"block_number": "04", "node_number": 1.0, "geo_local_area": "Riley Park", "geo_point_2d": {"lon": -123.11292767404538, "lat": 49.25630477622948}}}, {"type": "Feature", "geometry": {"coordinates": [-123.1076504167201, 49.2477585129748], "type": "Point"}, "properties": {"block_number": "01", "node_number": 2.0, "geo_local_area": "Riley Park", "geo_point_2d": {"lon": -123.1076504167201, "lat": 49.2477585129748}}}, {"type": "Feature", "geometry": {"coordinates": [-123.11124046254643, 49.25433923955488], "type": "Point"}, "properties": {"block_number": "02", "node_number": 4.0, "geo_local_area": "Riley Park", "geo_point_2d": {"lon": -123.11124046254643, "lat": 49.25433923955488}}}, {"type": "Feature", "geometry": {"coordinates": [-123.10539138532455, 49.24648607943439], "type": "Point"}, "properties": {"block_number": "00", "node_number": 1.0, "geo_local_area": "Riley Park", "geo_point_2d": {"lon": -123.10539138532455, "lat": 49.24648607943439}}}, {"type": "Feature", "geometry": {"coordinates": [-123.10648776113541, 49.24614884125687], "type": "Point"}, "properties": {"block_number": "00", "node_number": 4.0, "geo_local_area": "Riley Park", "geo_point_2d": {"lon": -123.10648776113541, "lat": 49.24614884125687}}}, {"type": "Feature", "geometry": {"coordinates": [-123.12029987964706, 49.24613868471809], "type": "Point"}, "properties": {"block_number": "06", "node_number": 4.0, "geo_local_area": "South Cambie", "geo_point_2d": {"lon": -123.12029987964706, "lat": 49.24613868471809}}}, {"type": "Feature", "geometry": {"coordinates": [-123.11218396792694, 49.25243680924984], "type": "Point"}, "properties": {"block_number": "02", "node_number": 5.0, "geo_local_area": "Riley Park", "geo_point_2d": {"lon": -123.11218396792694, "lat": 49.25243680924984}}}, {"type": "Feature", "geometry": {"coordinates": [-123.1111299089484, 49.256274118644725], "type": "Point"}, "properties": {"block_number": "02", "node_number": 4.0, "geo_local_area": "Riley Park", "geo_point_2d": {"lon": -123.1111299089484, "lat": 49.256274118644725}}}, {"type": "Feature", "geometry": {"coordinates": [-123.11169667349586, 49.24740907507592], "type": "Point"}, "properties": {"block_number": "01", "node_number": 10.0, "geo_local_area": "Riley Park", "geo_point_2d": {"lon": -123.11169667349586, "lat": 49.24740907507592}}}, {"type": "Feature", "geometry": {"coordinates": [-123.10932251971504, 49.2514863373694], "type": "Point"}, "properties": {"block_number": "01", "node_number": 4.0, "geo_local_area": "Riley Park", "geo_point_2d": {"lon": -123.10932251971504, "lat": 49.2514863373694}}}, {"type": "Feature", "geometry": {"coordinates": [-123.11593256077903, 49.2451903026074], "type": "Point"}, "properties": {"block_number": "44", "node_number": 9.0, "geo_local_area": "South Cambie", "geo_point_2d": {"lon": -123.11593256077903, "lat": 49.2451903026074}}}, {"type": "Feature", "geometry": {"coordinates": [-123.11353997244464, 49.24844240443316], "type": "Point"}, "properties": {"block_number": "04", "node_number": 3.0, "geo_local_area": "Riley Park", "geo_point_2d": {"lon": -123.11353997244464, "lat": 49.24844240443316}}}, {"type": "Feature", "geometry": {"coordinates": [-123.1063160707525, 49.25329747085985], "type": "Point"}, "properties": {"block_number": "00", "node_number": 4.0, "geo_local_area": "Riley Park", "geo_point_2d": {"lon": -123.1063160707525, "lat": 49.25329747085985}}}, {"type": "Feature", "geometry": {"coordinates": [-123.11193628008107, 49.25340448571894], "type": "Point"}, "properties": {"block_number": "02", "node_number": 5.0, "geo_local_area": "Riley Park", "geo_point_2d": {"lon": -123.11193628008107, "lat": 49.25340448571894}}}, {"type": "Feature", "geometry": {"coordinates": [-123.11824924303141, 49.24804763816263], "type": "Point"}, "properties": {"block_number": "05", "node_number": 3.0, "geo_local_area": "South Cambie", "geo_point_2d": {"lon": -123.11824924303141, "lat": 49.24804763816263}}}, {"type": "Feature", "geometry": {"coordinates": [-123.11924394310645, 49.24231840490084], "type": "Point"}, "properties": {"block_number": "47", "node_number": 3.0, "geo_local_area": "South Cambie", "geo_point_2d": {"lon": -123.11924394310645, "lat": 49.24231840490084}}}, {"type": "Feature", "geometry": {"coordinates": [-123.11220643128982, 49.25056157083135], "type": "Point"}, "properties": {"block_number": "02", "node_number": 6.0, "geo_local_area": "Riley Park", "geo_point_2d": {"lon": -123.11220643128982, "lat": 49.25056157083135}}}, {"type": "Feature", "geometry": {"coordinates": [-123.10683852607704, 49.24942300629051], "type": "Point"}, "properties": {"block_number": "00", "node_number": 4.0, "geo_local_area": "Riley Park", "geo_point_2d": {"lon": -123.10683852607704, "lat": 49.24942300629051}}}, {"type": "Feature", "geometry": {"coordinates": [-123.11514694270518, 49.247858138930766], "type": "Point"}, "properties": {"block_number": "42", "node_number": 2.0, "geo_local_area": "Riley Park", "geo_point_2d": {"lon": -123.11514694270518, "lat": 49.247858138930766}}}, {"type": "Feature", "geometry": {"coordinates": [-123.12041301923371, 49.24558189677144], "type": "Point"}, "properties": {"block_number": "44", "node_number": 4.0, "geo_local_area": "South Cambie", "geo_point_2d": {"lon": -123.12041301923371, "lat": 49.24558189677144}}}, {"type": "Feature", "geometry": {"coordinates": [-123.1087444862991, 49.248361122285075], "type": "Point"}, "properties": {"block_number": "01", "node_number": 3.0, "geo_local_area": "Riley Park", "geo_point_2d": {"lon": -123.1087444862991, "lat": 49.248361122285075}}}, {"type": "Feature", "geometry": {"coordinates": [-123.11342532024514, 49.25436731220741], "type": "Point"}, "properties": {"block_number": "04", "node_number": 2.0, "geo_local_area": "Riley Park", "geo_point_2d": {"lon": -123.11342532024514, "lat": 49.25436731220741}}}, {"type": "Feature", "geometry": {"coordinates": [-123.12068660935375, 49.248499205978085], "type": "Point"}, "properties": {"block_number": "07", "node_number": 1.0, "geo_local_area": "South Cambie", "geo_point_2d": {"lon": -123.12068660935375, "lat": 49.248499205978085}}}, {"type": "Feature", "geometry": {"coordinates": [-123.11879775514022, 49.25562927649733], "type": "Point"}, "properties": {"block_number": "06", "node_number": 2.0, "geo_local_area": "South Cambie", "geo_point_2d": {"lon": -123.11879775514022, "lat": 49.25562927649733}}}, {"type": "Feature", "geometry": {"coordinates": [-123.12154727652369, 49.251155512113414], "type": "Point"}, "properties": {"block_number": "07", "node_number": 2.0, "geo_local_area": "South Cambie", "geo_point_2d": {"lon": -123.12154727652369, "lat": 49.251155512113414}}}, {"type": "Feature", "geometry": {"coordinates": [-123.1090974156286, 49.24778453709879], "type": "Point"}, "properties": {"block_number": "01", "node_number": 4.0, "geo_local_area": "Riley Park", "geo_point_2d": {"lon": -123.1090974156286, "lat": 49.24778453709879}}}, {"type": "Feature", "geometry": {"coordinates": [-123.10555210063379, 49.2514297824614], "type": "Point"}, "properties": {"block_number": "00", "node_number": 2.0, "geo_local_area": "Riley Park", "geo_point_2d": {"lon": -123.10555210063379, "lat": 49.2514297824614}}}, {"type": "Feature", "geometry": {"coordinates": [-123.11466203266039, 49.249951379311774], "type": "Point"}, "properties": {"block_number": "40", "node_number": 1.0, "geo_local_area": "Riley Park", "geo_point_2d": {"lon": -123.11466203266039, "lat": 49.249951379311774}}}, {"type": "Feature", "geometry": {"coordinates": [-123.11695577925087, 49.256519784410926], "type": "Point"}, "properties": {"block_number": "05", "node_number": 2.0, "geo_local_area": "South Cambie", "geo_point_2d": {"lon": -123.11695577925087, "lat": 49.256519784410926}}}, {"type": "Feature", "geometry": {"coordinates": [-123.10790830967196, 49.248346110691244], "type": "Point"}, "properties": {"block_number": "01", "node_number": 1.0, "geo_local_area": "Riley Park", "geo_point_2d": {"lon": -123.10790830967196, "lat": 49.248346110691244}}}, {"type": "Feature", "geometry": {"coordinates": [-123.1169132243192, 49.24658950351623], "type": "Point"}, "properties": {"block_number": "05", "node_number": 1.0, "geo_local_area": "South Cambie", "geo_point_2d": {"lon": -123.1169132243192, "lat": 49.24658950351623}}}, {"type": "Feature", "geometry": {"coordinates": [-123.11923292336832, 49.24268308328762], "type": "Point"}, "properties": {"block_number": "47", "node_number": 2.0, "geo_local_area": "South Cambie", "geo_point_2d": {"lon": -123.11923292336832, "lat": 49.24268308328762}}}, {"type": "Feature", "geometry": {"coordinates": [-123.10589589267934, 49.25328635185951], "type": "Point"}, "properties": {"block_number": "00", "node_number": 3.0, "geo_local_area": "Riley Park", "geo_point_2d": {"lon": -123.10589589267934, "lat": 49.25328635185951}}}, {"type": "Feature", "geometry": {"coordinates": [-123.12040086983683, 49.24593642961784], "type": "Point"}, "properties": {"block_number": "44", "node_number": 2.0, "geo_local_area": "South Cambie", "geo_point_2d": {"lon": -123.12040086983683, "lat": 49.24593642961784}}}, {"type": "Feature", "geometry": {"coordinates": [-123.12095920646134, 49.24666026854442], "type": "Point"}, "properties": {"block_number": "07", "node_number": 2.0, "geo_local_area": "South Cambie", "geo_point_2d": {"lon": -123.12095920646134, "lat": 49.24666026854442}}}, {"type": "Feature", "geometry": {"coordinates": [-123.12189312131407, 49.24851844845428], "type": "Point"}, "properties": {"block_number": "07", "node_number": 4.0, "geo_local_area": "South Cambie", "geo_point_2d": {"lon": -123.12189312131407, "lat": 49.24851844845428}}}, {"type": "Feature", "geometry": {"coordinates": [-123.12188882841359, 49.251161691805976], "type": "Point"}, "properties": {"block_number": "07", "node_number": 3.0, "geo_local_area": "South Cambie", "geo_point_2d": {"lon": -123.12188882841359, "lat": 49.251161691805976}}}, {"type": "Feature", "geometry": {"coordinates": [-123.11263677438012, 49.24742181711017], "type": "Point"}, "properties": {"block_number": "04", "node_number": 1.0, "geo_local_area": "Riley Park", "geo_point_2d": {"lon": -123.11263677438012, "lat": 49.24742181711017}}}, {"type": "Feature", "geometry": {"coordinates": [-123.11445108834735, 49.245828093656364], "type": "Point"}, "properties": {"block_number": "44", "node_number": 1.0, "geo_local_area": "Riley Park", "geo_point_2d": {"lon": -123.11445108834735, "lat": 49.245828093656364}}}, {"type": "Feature", "geometry": {"coordinates": [-123.11374758408301, 49.25632243910368], "type": "Point"}, "properties": {"block_number": "04", "node_number": 3.0, "geo_local_area": "Riley Park", "geo_point_2d": {"lon": -123.11374758408301, "lat": 49.25632243910368}}}, {"type": "Feature", "geometry": {"coordinates": [-123.11657964330651, 49.24685636036341], "type": "Point"}, "properties": {"block_number": "43", "node_number": 1.0, "geo_local_area": "South Cambie", "geo_point_2d": {"lon": -123.11657964330651, "lat": 49.24685636036341}}}, {"type": "Feature", "geometry": {"coordinates": [-123.114400552962, 49.24956843281765], "type": "Point"}, "properties": {"block_number": "04", "node_number": 4.0, "geo_local_area": "Riley Park", "geo_point_2d": {"lon": -123.114400552962, "lat": 49.24956843281765}}}, {"type": "Feature", "geometry": {"coordinates": [-123.1185092178369, 49.254715865386096], "type": "Point"}, "properties": {"block_number": "06", "node_number": 1.0, "geo_local_area": "South Cambie", "geo_point_2d": {"lon": -123.1185092178369, "lat": 49.254715865386096}}}, {"type": "Feature", "geometry": {"coordinates": [-123.11845267222375, 49.24677422665844], "type": "Point"}, "properties": {"block_number": "43", "node_number": 2.0, "geo_local_area": "South Cambie", "geo_point_2d": {"lon": -123.11845267222375, "lat": 49.24677422665844}}}, {"type": "Feature", "geometry": {"coordinates": [-123.1116586935949, 49.25434778635743], "type": "Point"}, "properties": {"block_number": "02", "node_number": 5.0, "geo_local_area": "Riley Park", "geo_point_2d": {"lon": -123.1116586935949, "lat": 49.25434778635743}}}, {"type": "Feature", "geometry": {"coordinates": [-123.11768417789789, 49.25562823031014], "type": "Point"}, "properties": {"block_number": "05", "node_number": 3.0, "geo_local_area": "South Cambie", "geo_point_2d": {"lon": -123.11768417789789, "lat": 49.25562823031014}}}, {"type": "Feature", "geometry": {"coordinates": [-123.1141783263631, 49.256325900160846], "type": "Point"}, "properties": {"block_number": "04", "node_number": 4.0, "geo_local_area": "Riley Park", "geo_point_2d": {"lon": -123.1141783263631, "lat": 49.256325900160846}}}, {"type": "Feature", "geometry": {"coordinates": [-123.11139620367393, 49.250547899562], "type": "Point"}, "properties": {"block_number": "02", "node_number": 4.0, "geo_local_area": "Riley Park", "geo_point_2d": {"lon": -123.11139620367393, "lat": 49.250547899562}}}, {"type": "Feature", "geometry": {"coordinates": [-123.10442325243389, 49.247537772540426], "type": "Point"}, "properties": {"block_number": "42", "node_number": 3.0, "geo_local_area": "Riley Park", "geo_point_2d": {"lon": -123.10442325243389, "lat": 49.247537772540426}}}, {"type": "Feature", "geometry": {"coordinates": [-123.11446130315659, 49.2454800849019], "type": "Point"}, "properties": {"block_number": "44", "node_number": 2.0, "geo_local_area": "Riley Park", "geo_point_2d": {"lon": -123.11446130315659, "lat": 49.2454800849019}}}, {"type": "Feature", "geometry": {"coordinates": [-123.11462384714368, 49.250960474774594], "type": "Point"}, "properties": {"block_number": "38", "node_number": 1.0, "geo_local_area": "Riley Park", "geo_point_2d": {"lon": -123.11462384714368, "lat": 49.250960474774594}}}, {"type": "Feature", "geometry": {"coordinates": [-123.1245250627271, 49.25180289365851], "type": "Point"}, "properties": {"block_number": "37", "node_number": 4.0, "geo_local_area": "South Cambie", "geo_point_2d": {"lon": -123.1245250627271, "lat": 49.25180289365851}}}, {"type": "Feature", "geometry": {"coordinates": [-123.10985262269281, 49.25520490916285], "type": "Point"}, "properties": {"block_number": "33", "node_number": 1.0, "geo_local_area": "Riley Park", "geo_point_2d": {"lon": -123.10985262269281, "lat": 49.25520490916285}}}, {"type": "Feature", "geometry": {"coordinates": [-123.10737177865452, 49.25251055496207], "type": "Point"}, "properties": {"block_number": "36", "node_number": 1.0, "geo_local_area": "Riley Park", "geo_point_2d": {"lon": -123.10737177865452, "lat": 49.25251055496207}}}, {"type": "Feature", "geometry": {"coordinates": [-123.12518704740876, 49.25082831010361], "type": "Point"}, "properties": {"block_number": "09", "node_number": 1.0, "geo_local_area": "South Cambie", "geo_point_2d": {"lon": -123.12518704740876, "lat": 49.25082831010361}}}, {"type": "Feature", "geometry": {"coordinates": [-123.11980068299628, 49.24334317822471], "type": "Point"}, "properties": {"block_number": "06", "node_number": 3.0, "geo_local_area": "South Cambie", "geo_point_2d": {"lon": -123.11980068299628, "lat": 49.24334317822471}}}, {"type": "Feature", "geometry": {"coordinates": [-123.11525852094333, 49.256520104791385], "type": "Point"}, "properties": {"block_number": "32", "node_number": 3.0, "geo_local_area": "South Cambie", "geo_point_2d": {"lon": -123.11525852094333, "lat": 49.256520104791385}}}, {"type": "Feature", "geometry": {"coordinates": [-123.1105858645633, 49.25474110876575], "type": "Point"}, "properties": {"block_number": "02", "node_number": 2.0, "geo_local_area": "Riley Park", "geo_point_2d": {"lon": -123.1105858645633, "lat": 49.25474110876575}}}, {"type": "Feature", "geometry": {"coordinates": [-123.12651827992973, 49.2508540795163], "type": "Point"}, "properties": {"block_number": "09", "node_number": 3.0, "geo_local_area": "South Cambie", "geo_point_2d": {"lon": -123.12651827992973, "lat": 49.2508540795163}}}, {"type": "Feature", "geometry": {"coordinates": [-123.11960131111245, 49.25523523943496], "type": "Point"}, "properties": {"block_number": "06", "node_number": 3.0, "geo_local_area": "South Cambie", "geo_point_2d": {"lon": -123.11960131111245, "lat": 49.25523523943496}}}, {"type": "Feature", "geometry": {"coordinates": [-123.12216986439141, 49.2489961446697], "type": "Point"}, "properties": {"block_number": "07", "node_number": 8.0, "geo_local_area": "South Cambie", "geo_point_2d": {"lon": -123.12216986439141, "lat": 49.2489961446697}}}, {"type": "Feature", "geometry": {"coordinates": [-123.11770935083963, 49.24316003505534], "type": "Point"}, "properties": {"block_number": "46", "node_number": 6.0, "geo_local_area": "Riley Park", "geo_point_2d": {"lon": -123.11770935083963, "lat": 49.24316003505534}}}, {"type": "Feature", "geometry": {"coordinates": [-123.11495104159965, 49.255957400434106], "type": "Point"}, "properties": {"block_number": "32", "node_number": 8.0, "geo_local_area": "Riley Park", "geo_point_2d": {"lon": -123.11495104159965, "lat": 49.255957400434106}}}, {"type": "Feature", "geometry": {"coordinates": [-123.12456073399758, 49.25121253451971], "type": "Point"}, "properties": {"block_number": "38", "node_number": 2.0, "geo_local_area": "South Cambie", "geo_point_2d": {"lon": -123.12456073399758, "lat": 49.25121253451971}}}, {"type": "Feature", "geometry": {"coordinates": [-123.10806123765032, 49.25197757480711], "type": "Point"}, "properties": {"block_number": "01", "node_number": 1.0, "geo_local_area": "Riley Park", "geo_point_2d": {"lon": -123.10806123765032, "lat": 49.25197757480711}}}, {"type": "Feature", "geometry": {"coordinates": [-123.11525723424151, 49.25680559628], "type": "Point"}, "properties": {"block_number": "32", "node_number": 1.0, "geo_local_area": "South Cambie", "geo_point_2d": {"lon": -123.11525723424151, "lat": 49.25680559628}}}, {"type": "Feature", "geometry": {"coordinates": [-123.11587516387266, 49.24576273597452], "type": "Point"}, "properties": {"block_number": "44", "node_number": 3.0, "geo_local_area": "South Cambie", "geo_point_2d": {"lon": -123.11587516387266, "lat": 49.24576273597452}}}, {"type": "Feature", "geometry": {"coordinates": [-123.11581486897646, 49.24764621828891], "type": "Point"}, "properties": {"block_number": "42", "node_number": 3.0, "geo_local_area": "South Cambie", "geo_point_2d": {"lon": -123.11581486897646, "lat": 49.24764621828891}}}, {"type": "Feature", "geometry": {"coordinates": [-123.1275293445872, 49.24653665160091], "type": "Point"}, "properties": {"block_number": "43", "node_number": 6.0, "geo_local_area": "South Cambie", "geo_point_2d": {"lon": -123.1275293445872, "lat": 49.24653665160091}}}, {"type": "Feature", "geometry": {"coordinates": [-123.12758778495024, 49.25101223581918], "type": "Point"}, "properties": {"block_number": "38", "node_number": 5.0, "geo_local_area": "Shaughnessy", "geo_point_2d": {"lon": -123.12758778495024, "lat": 49.25101223581918}}}, {"type": "Feature", "geometry": {"coordinates": [-123.11763673200045, 49.24387364727575], "type": "Point"}, "properties": {"block_number": "05", "node_number": 2.0, "geo_local_area": "South Cambie", "geo_point_2d": {"lon": -123.11763673200045, "lat": 49.24387364727575}}}, {"type": "Feature", "geometry": {"coordinates": [-123.12548455956295, 49.24931732874822], "type": "Point"}, "properties": {"block_number": "09", "node_number": 3.0, "geo_local_area": "South Cambie", "geo_point_2d": {"lon": -123.12548455956295, "lat": 49.24931732874822}}}, {"type": "Feature", "geometry": {"coordinates": [-123.10742432434508, 49.25377619687533], "type": "Point"}, "properties": {"block_number": "01", "node_number": 2.0, "geo_local_area": "Riley Park", "geo_point_2d": {"lon": -123.10742432434508, "lat": 49.25377619687533}}}, {"type": "Feature", "geometry": {"coordinates": [-123.10554761595166, 49.250924668671495], "type": "Point"}, "properties": {"block_number": "00", "node_number": 2.0, "geo_local_area": "Riley Park", "geo_point_2d": {"lon": -123.10554761595166, "lat": 49.250924668671495}}}, {"type": "Feature", "geometry": {"coordinates": [-123.12702897889804, 49.25256701964721], "type": "Point"}, "properties": {"block_number": "09", "node_number": 4.0, "geo_local_area": "South Cambie", "geo_point_2d": {"lon": -123.12702897889804, "lat": 49.25256701964721}}}, {"type": "Feature", "geometry": {"coordinates": [-123.1171412996305, 49.251563814140184], "type": "Point"}, "properties": {"block_number": "05", "node_number": 3.0, "geo_local_area": "South Cambie", "geo_point_2d": {"lon": -123.1171412996305, "lat": 49.251563814140184}}}, {"type": "Feature", "geometry": {"coordinates": [-123.11968832599554, 49.25342725380665], "type": "Point"}, "properties": {"block_number": "06", "node_number": 3.0, "geo_local_area": "South Cambie", "geo_point_2d": {"lon": -123.11968832599554, "lat": 49.25342725380665}}}, {"type": "Feature", "geometry": {"coordinates": [-123.12482490012978, 49.24851146807873], "type": "Point"}, "properties": {"block_number": "41", "node_number": 1.0, "geo_local_area": "South Cambie", "geo_point_2d": {"lon": -123.12482490012978, "lat": 49.24851146807873}}}, {"type": "Feature", "geometry": {"coordinates": [-123.11331598343904, 49.25297233255021], "type": "Point"}, "properties": {"block_number": "04", "node_number": 1.0, "geo_local_area": "Riley Park", "geo_point_2d": {"lon": -123.11331598343904, "lat": 49.25297233255021}}}, {"type": "Feature", "geometry": {"coordinates": [-123.12595566408031, 49.246230102350246], "type": "Point"}, "properties": {"block_number": "09", "node_number": 4.0, "geo_local_area": "South Cambie", "geo_point_2d": {"lon": -123.12595566408031, "lat": 49.246230102350246}}}, {"type": "Feature", "geometry": {"coordinates": [-123.10977114715885, 49.25101043336457], "type": "Point"}, "properties": {"block_number": "01", "node_number": 6.0, "geo_local_area": "Riley Park", "geo_point_2d": {"lon": -123.10977114715885, "lat": 49.25101043336457}}}, {"type": "Feature", "geometry": {"coordinates": [-123.11476088711427, 49.241605241956805], "type": "Point"}, "properties": {"block_number": "QE", "node_number": 10.0, "geo_local_area": "Riley Park", "geo_point_2d": {"lon": -123.11476088711427, "lat": 49.241605241956805}}}, {"type": "Feature", "geometry": {"coordinates": [-123.11081845865644, 49.24901097284869], "type": "Point"}, "properties": {"block_number": "02", "node_number": 3.0, "geo_local_area": "Riley Park", "geo_point_2d": {"lon": -123.11081845865644, "lat": 49.24901097284869}}}, {"type": "Feature", "geometry": {"coordinates": [-123.12778135530394, 49.246225416898696], "type": "Point"}, "properties": {"block_number": "44", "node_number": 1.0, "geo_local_area": "Shaughnessy", "geo_point_2d": {"lon": -123.12778135530394, "lat": 49.246225416898696}}}, {"type": "Feature", "geometry": {"coordinates": [-123.12763429628636, 49.25047296555608], "type": "Point"}, "properties": {"block_number": "39", "node_number": 3.0, "geo_local_area": "Shaughnessy", "geo_point_2d": {"lon": -123.12763429628636, "lat": 49.25047296555608}}}, {"type": "Feature", "geometry": {"coordinates": [-123.1184378661062, 49.252405821555094], "type": "Point"}, "properties": {"block_number": "06", "node_number": 2.0, "geo_local_area": "South Cambie", "geo_point_2d": {"lon": -123.1184378661062, "lat": 49.252405821555094}}}, {"type": "Feature", "geometry": {"coordinates": [-123.10609052079523, 49.25102445018979], "type": "Point"}, "properties": {"block_number": "00", "node_number": 3.0, "geo_local_area": "Riley Park", "geo_point_2d": {"lon": -123.10609052079523, "lat": 49.25102445018979}}}, {"type": "Feature", "geometry": {"coordinates": [-123.11072221868268, 49.25103202286959], "type": "Point"}, "properties": {"block_number": "02", "node_number": 2.0, "geo_local_area": "Riley Park", "geo_point_2d": {"lon": -123.11072221868268, "lat": 49.25103202286959}}}, {"type": "Feature", "geometry": {"coordinates": [-123.1175781076678, 49.24375237919214], "type": "Point"}, "properties": {"block_number": "46", "node_number": 1.0, "geo_local_area": "South Cambie", "geo_point_2d": {"lon": -123.1175781076678, "lat": 49.24375237919214}}}, {"type": "Feature", "geometry": {"coordinates": [-123.10595028906577, 49.244595030852715], "type": "Point"}, "properties": {"block_number": "45", "node_number": 1.0, "geo_local_area": "Riley Park", "geo_point_2d": {"lon": -123.10595028906577, "lat": 49.244595030852715}}}, {"type": "Feature", "geometry": {"coordinates": [-123.10992278805297, 49.25361936284769], "type": "Point"}, "properties": {"block_number": "35", "node_number": 1.0, "geo_local_area": "Riley Park", "geo_point_2d": {"lon": -123.10992278805297, "lat": 49.25361936284769}}}, {"type": "Feature", "geometry": {"coordinates": [-123.11188894819065, 49.25194905945614], "type": "Point"}, "properties": {"block_number": "02", "node_number": 4.0, "geo_local_area": "Riley Park", "geo_point_2d": {"lon": -123.11188894819065, "lat": 49.25194905945614}}}, {"type": "Feature", "geometry": {"coordinates": [-123.11929379626747, 49.2525193871745], "type": "Point"}, "properties": {"block_number": "06", "node_number": 1.0, "geo_local_area": "South Cambie", "geo_point_2d": {"lon": -123.11929379626747, "lat": 49.2525193871745}}}, {"type": "Feature", "geometry": {"coordinates": [-123.12300090823844, 49.24923977121309], "type": "Point"}, "properties": {"block_number": "08", "node_number": 3.0, "geo_local_area": "South Cambie", "geo_point_2d": {"lon": -123.12300090823844, "lat": 49.24923977121309}}}, {"type": "Feature", "geometry": {"coordinates": [-123.12027961770663, 49.25616297679544], "type": "Point"}, "properties": {"block_number": "07", "node_number": 1.0, "geo_local_area": "South Cambie", "geo_point_2d": {"lon": -123.12027961770663, "lat": 49.25616297679544}}}, {"type": "Feature", "geometry": {"coordinates": [-123.11690286926286, 49.241097381859504], "type": "Point"}, "properties": {"block_number": "04", "node_number": 1.0, "geo_local_area": "Riley Park", "geo_point_2d": {"lon": -123.11690286926286, "lat": 49.241097381859504}}}, {"type": "Feature", "geometry": {"coordinates": [-123.1215525963441, 49.249214192459114], "type": "Point"}, "properties": {"block_number": "07", "node_number": 5.0, "geo_local_area": "South Cambie", "geo_point_2d": {"lon": -123.1215525963441, "lat": 49.249214192459114}}}, {"type": "Feature", "geometry": {"coordinates": [-123.11797917992304, 49.242800867779636], "type": "Point"}, "properties": {"block_number": "47", "node_number": 4.0, "geo_local_area": "Riley Park", "geo_point_2d": {"lon": -123.11797917992304, "lat": 49.242800867779636}}}, {"type": "Feature", "geometry": {"coordinates": [-123.11684308577567, 49.25517915210729], "type": "Point"}, "properties": {"block_number": "05", "node_number": 5.0, "geo_local_area": "South Cambie", "geo_point_2d": {"lon": -123.11684308577567, "lat": 49.25517915210729}}}, {"type": "Feature", "geometry": {"coordinates": [-123.11497469740961, 49.25392419633038], "type": "Point"}, "properties": {"block_number": "04", "node_number": 6.0, "geo_local_area": "Riley Park", "geo_point_2d": {"lon": -123.11497469740961, "lat": 49.25392419633038}}}, {"type": "Feature", "geometry": {"coordinates": [-123.11521623125856, 49.246197316089386], "type": "Point"}, "properties": {"block_number": "43", "node_number": 8.0, "geo_local_area": "Riley Park", "geo_point_2d": {"lon": -123.11521623125856, "lat": 49.246197316089386}}}, {"type": "Feature", "geometry": {"coordinates": [-123.11063046107911, 49.25053645581402], "type": "Point"}, "properties": {"block_number": "02", "node_number": 2.0, "geo_local_area": "Riley Park", "geo_point_2d": {"lon": -123.11063046107911, "lat": 49.25053645581402}}}, {"type": "Feature", "geometry": {"coordinates": [-123.1218619469377, 49.2466771663982], "type": "Point"}, "properties": {"block_number": "07", "node_number": 4.0, "geo_local_area": "South Cambie", "geo_point_2d": {"lon": -123.1218619469377, "lat": 49.2466771663982}}}, {"type": "Feature", "geometry": {"coordinates": [-123.11726963577603, 49.2556214106658], "type": "Point"}, "properties": {"block_number": "05", "node_number": 2.0, "geo_local_area": "South Cambie", "geo_point_2d": {"lon": -123.11726963577603, "lat": 49.2556214106658}}}, {"type": "Feature", "geometry": {"coordinates": [-123.1085277945401, 49.246358690669624], "type": "Point"}, "properties": {"block_number": "01", "node_number": 1.0, "geo_local_area": "Riley Park", "geo_point_2d": {"lon": -123.1085277945401, "lat": 49.246358690669624}}}, {"type": "Feature", "geometry": {"coordinates": [-123.10670624989784, 49.246339590471635], "type": "Point"}, "properties": {"block_number": "00", "node_number": 3.0, "geo_local_area": "Riley Park", "geo_point_2d": {"lon": -123.10670624989784, "lat": 49.246339590471635}}}, {"type": "Feature", "geometry": {"coordinates": [-123.11830862176164, 49.2546690889351], "type": "Point"}, "properties": {"block_number": "34", "node_number": 1.0, "geo_local_area": "South Cambie", "geo_point_2d": {"lon": -123.11830862176164, "lat": 49.2546690889351}}}, {"type": "Feature", "geometry": {"coordinates": [-123.10780884227455, 49.25146313083417], "type": "Point"}, "properties": {"block_number": "01", "node_number": 1.0, "geo_local_area": "Riley Park", "geo_point_2d": {"lon": -123.10780884227455, "lat": 49.25146313083417}}}, {"type": "Feature", "geometry": {"coordinates": [-123.1097941554477, 49.25052967063136], "type": "Point"}, "properties": {"block_number": "01", "node_number": 5.0, "geo_local_area": "Riley Park", "geo_point_2d": {"lon": -123.1097941554477, "lat": 49.25052967063136}}}, {"type": "Feature", "geometry": {"coordinates": [-123.12393393941298, 49.251474295025815], "type": "Point"}, "properties": {"block_number": "38", "node_number": 1.0, "geo_local_area": "South Cambie", "geo_point_2d": {"lon": -123.12393393941298, "lat": 49.251474295025815}}}, {"type": "Feature", "geometry": {"coordinates": [-123.10516937027232, 49.24828800859403], "type": "Point"}, "properties": {"block_number": "00", "node_number": 1.0, "geo_local_area": "Riley Park", "geo_point_2d": {"lon": -123.10516937027232, "lat": 49.24828800859403}}}, {"type": "Feature", "geometry": {"coordinates": [-123.11026520592421, 49.250527674838594], "type": "Point"}, "properties": {"block_number": "02", "node_number": 1.0, "geo_local_area": "Riley Park", "geo_point_2d": {"lon": -123.11026520592421, "lat": 49.250527674838594}}}, {"type": "Feature", "geometry": {"coordinates": [-123.11026133748976, 49.247679986972436], "type": "Point"}, "properties": {"block_number": "02", "node_number": 2.0, "geo_local_area": "Riley Park", "geo_point_2d": {"lon": -123.11026133748976, "lat": 49.247679986972436}}}, {"type": "Feature", "geometry": {"coordinates": [-123.12001990629254, 49.242715505793846], "type": "Point"}, "properties": {"block_number": "06", "node_number": 1.0, "geo_local_area": "South Cambie", "geo_point_2d": {"lon": -123.12001990629254, "lat": 49.242715505793846}}}, {"type": "Feature", "geometry": {"coordinates": [-123.12837684516904, 49.24970464298722], "type": "Point"}, "properties": {"block_number": "40", "node_number": 1.0, "geo_local_area": "Shaughnessy", "geo_point_2d": {"lon": -123.12837684516904, "lat": 49.24970464298722}}}, {"type": "Feature", "geometry": {"coordinates": [-123.12099441298562, 49.24961428348245], "type": "Point"}, "properties": {"block_number": "07", "node_number": 1.0, "geo_local_area": "South Cambie", "geo_point_2d": {"lon": -123.12099441298562, "lat": 49.24961428348245}}}, {"type": "Feature", "geometry": {"coordinates": [-123.12372899928998, 49.25119815435793], "type": "Point"}, "properties": {"block_number": "08", "node_number": 4.0, "geo_local_area": "South Cambie", "geo_point_2d": {"lon": -123.12372899928998, "lat": 49.25119815435793}}}, {"type": "Feature", "geometry": {"coordinates": [-123.11244212255177, 49.24952942718016], "type": "Point"}, "properties": {"block_number": "02", "node_number": 5.0, "geo_local_area": "Riley Park", "geo_point_2d": {"lon": -123.11244212255177, "lat": 49.24952942718016}}}, {"type": "Feature", "geometry": {"coordinates": [-123.10760079254194, 49.253312284001055], "type": "Point"}, "properties": {"block_number": "01", "node_number": 1.0, "geo_local_area": "Riley Park", "geo_point_2d": {"lon": -123.10760079254194, "lat": 49.253312284001055}}}, {"type": "Feature", "geometry": {"coordinates": [-123.12392412639694, 49.24855300628973], "type": "Point"}, "properties": {"block_number": "08", "node_number": 4.0, "geo_local_area": "South Cambie", "geo_point_2d": {"lon": -123.12392412639694, "lat": 49.24855300628973}}}, {"type": "Feature", "geometry": {"coordinates": [-123.11129429253701, 49.25242097456888], "type": "Point"}, "properties": {"block_number": "02", "node_number": 3.0, "geo_local_area": "Riley Park", "geo_point_2d": {"lon": -123.11129429253701, "lat": 49.25242097456888}}}, {"type": "Feature", "geometry": {"coordinates": [-123.11969388145465, 49.255645361554066], "type": "Point"}, "properties": {"block_number": "06", "node_number": 4.0, "geo_local_area": "South Cambie", "geo_point_2d": {"lon": -123.11969388145465, "lat": 49.255645361554066}}}, {"type": "Feature", "geometry": {"coordinates": [-123.11715667593249, 49.247516269561004], "type": "Point"}, "properties": {"block_number": "05", "node_number": 1.0, "geo_local_area": "South Cambie", "geo_point_2d": {"lon": -123.11715667593249, "lat": 49.247516269561004}}}, {"type": "Feature", "geometry": {"coordinates": [-123.10693997881327, 49.24831848719755], "type": "Point"}, "properties": {"block_number": "00", "node_number": 5.0, "geo_local_area": "Riley Park", "geo_point_2d": {"lon": -123.10693997881327, "lat": 49.24831848719755}}}, {"type": "Feature", "geometry": {"coordinates": [-123.11155019059034, 49.2562828257827], "type": "Point"}, "properties": {"block_number": "02", "node_number": 5.0, "geo_local_area": "Riley Park", "geo_point_2d": {"lon": -123.11155019059034, "lat": 49.2562828257827}}}, {"type": "Feature", "geometry": {"coordinates": [-123.12327917507884, 49.24669775509804], "type": "Point"}, "properties": {"block_number": "08", "node_number": 2.0, "geo_local_area": "South Cambie", "geo_point_2d": {"lon": -123.12327917507884, "lat": 49.24669775509804}}}, {"type": "Feature", "geometry": {"coordinates": [-123.11046318086618, 49.251523032341225], "type": "Point"}, "properties": {"block_number": "02", "node_number": 1.0, "geo_local_area": "Riley Park", "geo_point_2d": {"lon": -123.11046318086618, "lat": 49.251523032341225}}}, {"type": "Feature", "geometry": {"coordinates": [-123.10717432999081, 49.24672295678904], "type": "Point"}, "properties": {"block_number": "00", "node_number": 1.0, "geo_local_area": "Riley Park", "geo_point_2d": {"lon": -123.10717432999081, "lat": 49.24672295678904}}}, {"type": "Feature", "geometry": {"coordinates": [-123.11766627154356, 49.24752813810377], "type": "Point"}, "properties": {"block_number": "05", "node_number": 2.0, "geo_local_area": "South Cambie", "geo_point_2d": {"lon": -123.11766627154356, "lat": 49.24752813810377}}}, {"type": "Feature", "geometry": {"coordinates": [-123.11443202157751, 49.246739455625104], "type": "Point"}, "properties": {"block_number": "43", "node_number": 1.0, "geo_local_area": "Riley Park", "geo_point_2d": {"lon": -123.11443202157751, "lat": 49.246739455625104}}}, {"type": "Feature", "geometry": {"coordinates": [-123.11465075482454, 49.250261402023895], "type": "Point"}, "properties": {"block_number": "38", "node_number": 3.0, "geo_local_area": "Riley Park", "geo_point_2d": {"lon": -123.11465075482454, "lat": 49.250261402023895}}}, {"type": "Feature", "geometry": {"coordinates": [-123.11317797433101, 49.24650372053025], "type": "Point"}, "properties": {"block_number": "04", "node_number": 2.0, "geo_local_area": "Riley Park", "geo_point_2d": {"lon": -123.11317797433101, "lat": 49.24650372053025}}}, {"type": "Feature", "geometry": {"coordinates": [-123.11107067483587, 49.24840202346601], "type": "Point"}, "properties": {"block_number": "02", "node_number": 3.0, "geo_local_area": "Riley Park", "geo_point_2d": {"lon": -123.11107067483587, "lat": 49.24840202346601}}}, {"type": "Feature", "geometry": {"coordinates": [-123.10940916973738, 49.249470613950294], "type": "Point"}, "properties": {"block_number": "01", "node_number": 4.0, "geo_local_area": "Riley Park", "geo_point_2d": {"lon": -123.10940916973738, "lat": 49.249470613950294}}}, {"type": "Feature", "geometry": {"coordinates": [-123.11334059201329, 49.256308257830355], "type": "Point"}, "properties": {"block_number": "04", "node_number": 2.0, "geo_local_area": "Riley Park", "geo_point_2d": {"lon": -123.11334059201329, "lat": 49.256308257830355}}}, {"type": "Feature", "geometry": {"coordinates": [-123.11950849476501, 49.24622349456539], "type": "Point"}, "properties": {"block_number": "06", "node_number": 1.0, "geo_local_area": "South Cambie", "geo_point_2d": {"lon": -123.11950849476501, "lat": 49.24622349456539}}}, {"type": "Feature", "geometry": {"coordinates": [-123.11457990725168, 49.25193007772314], "type": "Point"}, "properties": {"block_number": "37", "node_number": 1.0, "geo_local_area": "Riley Park", "geo_point_2d": {"lon": -123.11457990725168, "lat": 49.25193007772314}}}, {"type": "Feature", "geometry": {"coordinates": [-123.1105963997632, 49.25527398448723], "type": "Point"}, "properties": {"block_number": "02", "node_number": 3.0, "geo_local_area": "Riley Park", "geo_point_2d": {"lon": -123.1105963997632, "lat": 49.25527398448723}}}, {"type": "Feature", "geometry": {"coordinates": [-123.11446414749163, 49.254740201005134], "type": "Point"}, "properties": {"block_number": "34", "node_number": 1.0, "geo_local_area": "Riley Park", "geo_point_2d": {"lon": -123.11446414749163, "lat": 49.254740201005134}}}, {"type": "Feature", "geometry": {"coordinates": [-123.1136630387616, 49.24651216759456], "type": "Point"}, "properties": {"block_number": "04", "node_number": 3.0, "geo_local_area": "Riley Park", "geo_point_2d": {"lon": -123.1136630387616, "lat": 49.24651216759456}}}, {"type": "Feature", "geometry": {"coordinates": [-123.11070566935146, 49.24790178923273], "type": "Point"}, "properties": {"block_number": "02", "node_number": 1.0, "geo_local_area": "Riley Park", "geo_point_2d": {"lon": -123.11070566935146, "lat": 49.24790178923273}}}, {"type": "Feature", "geometry": {"coordinates": [-123.10943219696907, 49.2464295025648], "type": "Point"}, "properties": {"block_number": "01", "node_number": 1.0, "geo_local_area": "Riley Park", "geo_point_2d": {"lon": -123.10943219696907, "lat": 49.2464295025648}}}, {"type": "Feature", "geometry": {"coordinates": [-123.12396393585973, 49.251188637432925], "type": "Point"}, "properties": {"block_number": "38", "node_number": 2.0, "geo_local_area": "South Cambie", "geo_point_2d": {"lon": -123.12396393585973, "lat": 49.251188637432925}}}, {"type": "Feature", "geometry": {"coordinates": [-123.11321287469137, 49.24563881260299], "type": "Point"}, "properties": {"block_number": "04", "node_number": 2.0, "geo_local_area": "Riley Park", "geo_point_2d": {"lon": -123.11321287469137, "lat": 49.24563881260299}}}, {"type": "Feature", "geometry": {"coordinates": [-123.11413430377252, 49.25534028359595], "type": "Point"}, "properties": {"block_number": "04", "node_number": 4.0, "geo_local_area": "Riley Park", "geo_point_2d": {"lon": -123.11413430377252, "lat": 49.25534028359595}}}, {"type": "Feature", "geometry": {"coordinates": [-123.11656458328831, 49.24727617405649], "type": "Point"}, "properties": {"block_number": "42", "node_number": 2.0, "geo_local_area": "South Cambie", "geo_point_2d": {"lon": -123.11656458328831, "lat": 49.24727617405649}}}, {"type": "Feature", "geometry": {"coordinates": [-123.10677245038232, 49.25233634219786], "type": "Point"}, "properties": {"block_number": "00", "node_number": 5.0, "geo_local_area": "Riley Park", "geo_point_2d": {"lon": -123.10677245038232, "lat": 49.25233634219786}}}, {"type": "Feature", "geometry": {"coordinates": [-123.11638115784761, 49.25650233824714], "type": "Point"}, "properties": {"block_number": "05", "node_number": 1.0, "geo_local_area": "South Cambie", "geo_point_2d": {"lon": -123.11638115784761, "lat": 49.25650233824714}}}, {"type": "Feature", "geometry": {"coordinates": [-123.11033522023082, 49.25240385904383], "type": "Point"}, "properties": {"block_number": "02", "node_number": 1.0, "geo_local_area": "Riley Park", "geo_point_2d": {"lon": -123.11033522023082, "lat": 49.25240385904383}}}, {"type": "Feature", "geometry": {"coordinates": [-123.11305282020089, 49.24843653152907], "type": "Point"}, "properties": {"block_number": "04", "node_number": 2.0, "geo_local_area": "Riley Park", "geo_point_2d": {"lon": -123.11305282020089, "lat": 49.24843653152907}}}, {"type": "Feature", "geometry": {"coordinates": [-123.10784166062943, 49.24727618122877], "type": "Point"}, "properties": {"block_number": "01", "node_number": 1.0, "geo_local_area": "Riley Park", "geo_point_2d": {"lon": -123.10784166062943, "lat": 49.24727618122877}}}, {"type": "Feature", "geometry": {"coordinates": [-123.11241526416698, 49.25628508167043], "type": "Point"}, "properties": {"block_number": "02", "node_number": 7.0, "geo_local_area": "Riley Park", "geo_point_2d": {"lon": -123.11241526416698, "lat": 49.25628508167043}}}, {"type": "Feature", "geometry": {"coordinates": [-123.10487667333078, 49.250214818712365], "type": "Point"}, "properties": {"block_number": "38", "node_number": 2.0, "geo_local_area": "Riley Park", "geo_point_2d": {"lon": -123.10487667333078, "lat": 49.250214818712365}}}, {"type": "Feature", "geometry": {"coordinates": [-123.11318894165959, 49.24703394276845], "type": "Point"}, "properties": {"block_number": "04", "node_number": 1.0, "geo_local_area": "Riley Park", "geo_point_2d": {"lon": -123.11318894165959, "lat": 49.24703394276845}}}, {"type": "Feature", "geometry": {"coordinates": [-123.12278929930746, 49.246689758306665], "type": "Point"}, "properties": {"block_number": "08", "node_number": 1.0, "geo_local_area": "South Cambie", "geo_point_2d": {"lon": -123.12278929930746, "lat": 49.246689758306665}}}, {"type": "Feature", "geometry": {"coordinates": [-123.1096240041054, 49.247620550310515], "type": "Point"}, "properties": {"block_number": "01", "node_number": 3.0, "geo_local_area": "Riley Park", "geo_point_2d": {"lon": -123.1096240041054, "lat": 49.247620550310515}}}, {"type": "Feature", "geometry": {"coordinates": [-123.107630257954, 49.249439056517126], "type": "Point"}, "properties": {"block_number": "01", "node_number": 1.0, "geo_local_area": "Riley Park", "geo_point_2d": {"lon": -123.107630257954, "lat": 49.249439056517126}}}, {"type": "Feature", "geometry": {"coordinates": [-123.11711493160455, 49.244599238480056], "type": "Point"}, "properties": {"block_number": "45", "node_number": 3.0, "geo_local_area": "South Cambie", "geo_point_2d": {"lon": -123.11711493160455, "lat": 49.244599238480056}}}, {"type": "Feature", "geometry": {"coordinates": [-123.12759203673197, 49.2513663821828], "type": "Point"}, "properties": {"block_number": "38", "node_number": 3.0, "geo_local_area": "Shaughnessy", "geo_point_2d": {"lon": -123.12759203673197, "lat": 49.2513663821828}}}, {"type": "Feature", "geometry": {"coordinates": [-123.11580964727384, 49.24784577373281], "type": "Point"}, "properties": {"block_number": "42", "node_number": 1.0, "geo_local_area": "South Cambie", "geo_point_2d": {"lon": -123.11580964727384, "lat": 49.24784577373281}}}, {"type": "Feature", "geometry": {"coordinates": [-123.1130099247327, 49.2534219526899], "type": "Point"}, "properties": {"block_number": "04", "node_number": 1.0, "geo_local_area": "Riley Park", "geo_point_2d": {"lon": -123.1130099247327, "lat": 49.2534219526899}}}, {"type": "Feature", "geometry": {"coordinates": [-123.10641593928588, 49.2494139153355], "type": "Point"}, "properties": {"block_number": "00", "node_number": 3.0, "geo_local_area": "Riley Park", "geo_point_2d": {"lon": -123.10641593928588, "lat": 49.2494139153355}}}, {"type": "Feature", "geometry": {"coordinates": [-123.11433711123674, 49.24842564275571], "type": "Point"}, "properties": {"block_number": "41", "node_number": 2.0, "geo_local_area": "Riley Park", "geo_point_2d": {"lon": -123.11433711123674, "lat": 49.24842564275571}}}, {"type": "Feature", "geometry": {"coordinates": [-123.11807923203061, 49.24753390549134], "type": "Point"}, "properties": {"block_number": "05", "node_number": 3.0, "geo_local_area": "South Cambie", "geo_point_2d": {"lon": -123.11807923203061, "lat": 49.24753390549134}}}, {"type": "Feature", "geometry": {"coordinates": [-123.12395672910581, 49.250983023285286], "type": "Point"}, "properties": {"block_number": "38", "node_number": 3.0, "geo_local_area": "South Cambie", "geo_point_2d": {"lon": -123.12395672910581, "lat": 49.250983023285286}}}, {"type": "Feature", "geometry": {"coordinates": [-123.11623320316761, 49.253768606051764], "type": "Point"}, "properties": {"block_number": "05", "node_number": 1.0, "geo_local_area": "South Cambie", "geo_point_2d": {"lon": -123.11623320316761, "lat": 49.253768606051764}}}, {"type": "Feature", "geometry": {"coordinates": [-123.10439037763034, 49.24797699438884], "type": "Point"}, "properties": {"block_number": "42", "node_number": 1.0, "geo_local_area": "Riley Park", "geo_point_2d": {"lon": -123.10439037763034, "lat": 49.24797699438884}}}, {"type": "Feature", "geometry": {"coordinates": [-123.11088655456072, 49.252414971021395], "type": "Point"}, "properties": {"block_number": "02", "node_number": 2.0, "geo_local_area": "Riley Park", "geo_point_2d": {"lon": -123.11088655456072, "lat": 49.252414971021395}}}, {"type": "Feature", "geometry": {"coordinates": [-123.11822908850078, 49.25629427364286], "type": "Point"}, "properties": {"block_number": "32", "node_number": 3.0, "geo_local_area": "South Cambie", "geo_point_2d": {"lon": -123.11822908850078, "lat": 49.25629427364286}}}, {"type": "Feature", "geometry": {"coordinates": [-123.1154287983143, 49.25302781940291], "type": "Point"}, "properties": {"block_number": "05", "node_number": 0.6, "geo_local_area": "South Cambie", "geo_point_2d": {"lon": -123.1154287983143, "lat": 49.25302781940291}}}, {"type": "Feature", "geometry": {"coordinates": [-123.11487045185208, 49.24507029666958], "type": "Point"}, "properties": {"block_number": "04", "node_number": 8.0, "geo_local_area": "Riley Park", "geo_point_2d": {"lon": -123.11487045185208, "lat": 49.24507029666958}}}, {"type": "Feature", "geometry": {"coordinates": [-123.11926283206046, 49.25293391904551], "type": "Point"}, "properties": {"block_number": "06", "node_number": 3.0, "geo_local_area": "South Cambie", "geo_point_2d": {"lon": -123.11926283206046, "lat": 49.25293391904551}}}, {"type": "Feature", "geometry": {"coordinates": [-123.11954113748386, 49.252937787216034], "type": "Point"}, "properties": {"block_number": "06", "node_number": 4.0, "geo_local_area": "South Cambie", "geo_point_2d": {"lon": -123.11954113748386, "lat": 49.252937787216034}}}, {"type": "Feature", "geometry": {"coordinates": [-123.10899909934453, 49.24315075284566], "type": "Point"}, "properties": {"block_number": "45", "node_number": 3.0, "geo_local_area": "Riley Park", "geo_point_2d": {"lon": -123.10899909934453, "lat": 49.24315075284566}}}, {"type": "Feature", "geometry": {"coordinates": [-123.12742364675711, 49.24823574273923], "type": "Point"}, "properties": {"block_number": "41", "node_number": 8.0, "geo_local_area": "South Cambie", "geo_point_2d": {"lon": -123.12742364675711, "lat": 49.24823574273923}}}, {"type": "Feature", "geometry": {"coordinates": [-123.12752606415202, 49.2464152645421], "type": "Point"}, "properties": {"block_number": "43", "node_number": 8.0, "geo_local_area": "South Cambie", "geo_point_2d": {"lon": -123.12752606415202, "lat": 49.2464152645421}}}, {"type": "Feature", "geometry": {"coordinates": [-123.12778319955157, 49.246418299662324], "type": "Point"}, "properties": {"block_number": "43", "node_number": 7.0, "geo_local_area": "Shaughnessy", "geo_point_2d": {"lon": -123.12778319955157, "lat": 49.246418299662324}}}, {"type": "Feature", "geometry": {"coordinates": [-123.12781547590585, 49.24631239904964], "type": "Point"}, "properties": {"block_number": "10", "node_number": 0.5, "geo_local_area": "Shaughnessy", "geo_point_2d": {"lon": -123.12781547590585, "lat": 49.24631239904964}}}, {"type": "Feature", "geometry": {"coordinates": [-123.12474377494543, 49.25025056736179], "type": "Point"}, "properties": {"block_number": "39", "node_number": 1.0, "geo_local_area": "South Cambie", "geo_point_2d": {"lon": -123.12474377494543, "lat": 49.25025056736179}}}, {"type": "Feature", "geometry": {"coordinates": [-123.10996430673647, 49.25244598649083], "type": "Point"}, "properties": {"block_number": "36", "node_number": 1.0, "geo_local_area": "Riley Park", "geo_point_2d": {"lon": -123.10996430673647, "lat": 49.25244598649083}}}, {"type": "Feature", "geometry": {"coordinates": [-123.12351484314051, 49.242511642035176], "type": "Point"}, "properties": {"block_number": "48", "node_number": 2.0, "geo_local_area": "South Cambie", "geo_point_2d": {"lon": -123.12351484314051, "lat": 49.242511642035176}}}, {"type": "Feature", "geometry": {"coordinates": [-123.12656498777999, 49.24637712917991], "type": "Point"}, "properties": {"block_number": "09", "node_number": 3.0, "geo_local_area": "South Cambie", "geo_point_2d": {"lon": -123.12656498777999, "lat": 49.24637712917991}}}, {"type": "Feature", "geometry": {"coordinates": [-123.11018408962114, 49.24880972665427], "type": "Point"}, "properties": {"block_number": "02", "node_number": 2.0, "geo_local_area": "Riley Park", "geo_point_2d": {"lon": -123.11018408962114, "lat": 49.24880972665427}}}, {"type": "Feature", "geometry": {"coordinates": [-123.1204592533817, 49.24923061150589], "type": "Point"}, "properties": {"block_number": "40", "node_number": 5.0, "geo_local_area": "South Cambie", "geo_point_2d": {"lon": -123.1204592533817, "lat": 49.24923061150589}}}, {"type": "Feature", "geometry": {"coordinates": [-123.11764720382135, 49.244215950360214], "type": "Point"}, "properties": {"block_number": "45", "node_number": 5.0, "geo_local_area": "South Cambie", "geo_point_2d": {"lon": -123.11764720382135, "lat": 49.244215950360214}}}, {"type": "Feature", "geometry": {"coordinates": [-123.11238715225885, 49.24884816404668], "type": "Point"}, "properties": {"block_number": "04", "node_number": 2.0, "geo_local_area": "Riley Park", "geo_point_2d": {"lon": -123.11238715225885, "lat": 49.24884816404668}}}, {"type": "Feature", "geometry": {"coordinates": [-123.11278277263496, 49.24885559537091], "type": "Point"}, "properties": {"block_number": "04", "node_number": 4.0, "geo_local_area": "Riley Park", "geo_point_2d": {"lon": -123.11278277263496, "lat": 49.24885559537091}}}, {"type": "Feature", "geometry": {"coordinates": [-123.1136257355849, 49.24885956384644], "type": "Point"}, "properties": {"block_number": "04", "node_number": 10.0, "geo_local_area": "Riley Park", "geo_point_2d": {"lon": -123.1136257355849, "lat": 49.24885956384644}}}, {"type": "Feature", "geometry": {"coordinates": [-123.1141893905954, 49.24886760755408], "type": "Point"}, "properties": {"block_number": "04", "node_number": 14.0, "geo_local_area": "Riley Park", "geo_point_2d": {"lon": -123.1141893905954, "lat": 49.24886760755408}}}, {"type": "Feature", "geometry": {"coordinates": [-123.11609789205372, 49.245033673456945], "type": "Point"}, "properties": {"block_number": "45", "node_number": 9.0, "geo_local_area": "South Cambie", "geo_point_2d": {"lon": -123.11609789205372, "lat": 49.245033673456945}}}, {"type": "Feature", "geometry": {"coordinates": [-123.11014924267259, 49.2486733922052], "type": "Point"}, "properties": {"block_number": "41", "node_number": 0.5, "geo_local_area": "Riley Park", "geo_point_2d": {"lon": -123.11014924267259, "lat": 49.2486733922052}}}, {"type": "Feature", "geometry": {"coordinates": [-123.1105247343519, 49.248792895028586], "type": "Point"}, "properties": {"block_number": "02", "node_number": 4.0, "geo_local_area": "Riley Park", "geo_point_2d": {"lon": -123.1105247343519, "lat": 49.248792895028586}}}, {"type": "Feature", "geometry": {"coordinates": [-123.1111343676267, 49.248784259476466], "type": "Point"}, "properties": {"block_number": "02", "node_number": 8.0, "geo_local_area": "Riley Park", "geo_point_2d": {"lon": -123.1111343676267, "lat": 49.248784259476466}}}, {"type": "Feature", "geometry": {"coordinates": [-123.12781130082166, 49.247196743050885], "type": "Point"}, "properties": {"block_number": "10", "node_number": 0.5, "geo_local_area": "Shaughnessy", "geo_point_2d": {"lon": -123.12781130082166, "lat": 49.247196743050885}}}, {"type": "Feature", "geometry": {"coordinates": [-123.11461290136481, 49.24529414702516], "type": "Point"}, "properties": {"block_number": "04", "node_number": 7.0, "geo_local_area": "Riley Park", "geo_point_2d": {"lon": -123.11461290136481, "lat": 49.24529414702516}}}, {"type": "Feature", "geometry": {"coordinates": [-123.11506305846764, 49.247438325106664], "type": "Point"}, "properties": {"block_number": "42", "node_number": 4.6, "geo_local_area": "Riley Park", "geo_point_2d": {"lon": -123.11506305846764, "lat": 49.247438325106664}}}, {"type": "Feature", "geometry": {"coordinates": [-123.12011954637211, 49.24440031825308], "type": "Point"}, "properties": {"block_number": "06", "node_number": 1.5, "geo_local_area": "South Cambie", "geo_point_2d": {"lon": -123.12011954637211, "lat": 49.24440031825308}}}, {"type": "Feature", "geometry": {"coordinates": [-123.11887962012496, 49.24437890581376], "type": "Point"}, "properties": {"block_number": "06", "node_number": 0.5, "geo_local_area": "South Cambie", "geo_point_2d": {"lon": -123.11887962012496, "lat": 49.24437890581376}}}, {"type": "Feature", "geometry": {"coordinates": [-123.11869200432653, 49.244691737154554], "type": "Point"}, "properties": {"block_number": "45", "node_number": 1.5, "geo_local_area": "South Cambie", "geo_point_2d": {"lon": -123.11869200432653, "lat": 49.244691737154554}}}, {"type": "Feature", "geometry": {"coordinates": [-123.11945359850176, 49.24474592208695], "type": "Point"}, "properties": {"block_number": "06", "node_number": 2.0, "geo_local_area": "South Cambie", "geo_point_2d": {"lon": -123.11945359850176, "lat": 49.24474592208695}}}, {"type": "Feature", "geometry": {"coordinates": [-123.1199145622569, 49.244754619685374], "type": "Point"}, "properties": {"block_number": "06", "node_number": 3.0, "geo_local_area": "South Cambie", "geo_point_2d": {"lon": -123.1199145622569, "lat": 49.244754619685374}}}, {"type": "Feature", "geometry": {"coordinates": [-123.1158469477408, 49.24693364681922], "type": "Point"}, "properties": {"block_number": "43", "node_number": 1.0, "geo_local_area": "South Cambie", "geo_point_2d": {"lon": -123.1158469477408, "lat": 49.24693364681922}}}, {"type": "Feature", "geometry": {"coordinates": [-123.12740004709177, 49.24945572885347], "type": "Point"}, "properties": {"block_number": "39", "node_number": 12.0, "geo_local_area": "South Cambie", "geo_point_2d": {"lon": -123.12740004709177, "lat": 49.24945572885347}}}, {"type": "Feature", "geometry": {"coordinates": [-123.11585489006707, 49.24670488109269], "type": "Point"}, "properties": {"block_number": "43", "node_number": 3.0, "geo_local_area": "South Cambie", "geo_point_2d": {"lon": -123.11585489006707, "lat": 49.24670488109269}}}, {"type": "Feature", "geometry": {"coordinates": [-123.12770645721017, 49.24850993792996], "type": "Point"}, "properties": {"block_number": "41", "node_number": 5.0, "geo_local_area": "Shaughnessy", "geo_point_2d": {"lon": -123.12770645721017, "lat": 49.24850993792996}}}, {"type": "Feature", "geometry": {"coordinates": [-123.12734667167166, 49.25132830624854], "type": "Point"}, "properties": {"block_number": "38", "node_number": 4.0, "geo_local_area": "South Cambie", "geo_point_2d": {"lon": -123.12734667167166, "lat": 49.25132830624854}}}, {"type": "Feature", "geometry": {"coordinates": [-123.12752683737612, 49.24561114369508], "type": "Point"}, "properties": {"block_number": "44", "node_number": 6.0, "geo_local_area": "South Cambie", "geo_point_2d": {"lon": -123.12752683737612, "lat": 49.24561114369508}}}, {"type": "Feature", "geometry": {"coordinates": [-123.12756835750633, 49.251935797122044], "type": "Point"}, "properties": {"block_number": "37", "node_number": 5.0, "geo_local_area": "Shaughnessy", "geo_point_2d": {"lon": -123.12756835750633, "lat": 49.251935797122044}}}, {"type": "Feature", "geometry": {"coordinates": [-123.11540876177459, 49.24483329342242], "type": "Point"}, "properties": {"block_number": "45", "node_number": 4.0, "geo_local_area": "Riley Park", "geo_point_2d": {"lon": -123.11540876177459, "lat": 49.24483329342242}}}, {"type": "Feature", "geometry": {"coordinates": [-123.11839726046406, 49.255215718616256], "type": "Point"}, "properties": {"block_number": "06", "node_number": 1.0, "geo_local_area": "South Cambie", "geo_point_2d": {"lon": -123.11839726046406, "lat": 49.255215718616256}}}, {"type": "Feature", "geometry": {"coordinates": [-123.11451734859332, 49.250132578755995], "type": "Point"}, "properties": {"block_number": "04", "node_number": 3.0, "geo_local_area": "Riley Park", "geo_point_2d": {"lon": -123.11451734859332, "lat": 49.250132578755995}}}, {"type": "Feature", "geometry": {"coordinates": [-123.11811382180454, 49.242363561567004], "type": "Point"}, "properties": {"block_number": "47", "node_number": 8.0, "geo_local_area": "Riley Park", "geo_point_2d": {"lon": -123.11811382180454, "lat": 49.242363561567004}}}, {"type": "Feature", "geometry": {"coordinates": [-123.11861933901734, 49.24426821710603], "type": "Point"}, "properties": {"block_number": "06", "node_number": 2.0, "geo_local_area": "South Cambie", "geo_point_2d": {"lon": -123.11861933901734, "lat": 49.24426821710603}}}, {"type": "Feature", "geometry": {"coordinates": [-123.12111651787342, 49.249206149948684], "type": "Point"}, "properties": {"block_number": "07", "node_number": 3.0, "geo_local_area": "South Cambie", "geo_point_2d": {"lon": -123.12111651787342, "lat": 49.249206149948684}}}, {"type": "Feature", "geometry": {"coordinates": [-123.1126673264315, 49.25136828190957], "type": "Point"}, "properties": {"block_number": "37", "node_number": 2.0, "geo_local_area": "Riley Park", "geo_point_2d": {"lon": -123.1126673264315, "lat": 49.25136828190957}}}, {"type": "Feature", "geometry": {"coordinates": [-123.11438106005609, 49.25691591181813], "type": "Point"}, "properties": {"block_number": "04", "node_number": 3.0, "geo_local_area": "Mount Pleasant", "geo_point_2d": {"lon": -123.11438106005609, "lat": 49.25691591181813}}}, {"type": "Feature", "geometry": {"coordinates": [-123.10480585160022, 49.248929015154964], "type": "Point"}, "properties": {"block_number": "50", "node_number": 1.0, "geo_local_area": "Riley Park", "geo_point_2d": {"lon": -123.10480585160022, "lat": 49.248929015154964}}}, {"type": "Feature", "geometry": {"coordinates": [-123.11204175182252, 49.24905246635134], "type": "Point"}, "properties": {"block_number": "02", "node_number": 7.0, "geo_local_area": "Riley Park", "geo_point_2d": {"lon": -123.11204175182252, "lat": 49.24905246635134}}}, {"type": "Feature", "geometry": {"coordinates": [-123.11051708994901, 49.25571584256317], "type": "Point"}, "properties": {"block_number": "02", "node_number": 2.0, "geo_local_area": "Riley Park", "geo_point_2d": {"lon": -123.11051708994901, "lat": 49.25571584256317}}}, {"type": "Feature", "geometry": {"coordinates": [-123.11752160332162, 49.243331693428466], "type": "Point"}, "properties": {"block_number": "46", "node_number": 4.0, "geo_local_area": "Riley Park", "geo_point_2d": {"lon": -123.11752160332162, "lat": 49.243331693428466}}}, {"type": "Feature", "geometry": {"coordinates": [-123.11942698053136, 49.2453136389276], "type": "Point"}, "properties": {"block_number": "06", "node_number": 1.0, "geo_local_area": "South Cambie", "geo_point_2d": {"lon": -123.11942698053136, "lat": 49.2453136389276}}}, {"type": "Feature", "geometry": {"coordinates": [-123.12446602246182, 49.25336312492296], "type": "Point"}, "properties": {"block_number": "36", "node_number": 2.0, "geo_local_area": "South Cambie", "geo_point_2d": {"lon": -123.12446602246182, "lat": 49.25336312492296}}}, {"type": "Feature", "geometry": {"coordinates": [-123.11504274126538, 49.254548333969524], "type": "Point"}, "properties": {"block_number": "34", "node_number": 4.0, "geo_local_area": "Riley Park", "geo_point_2d": {"lon": -123.11504274126538, "lat": 49.254548333969524}}}, {"type": "Feature", "geometry": {"coordinates": [-123.11127336757133, 49.24593547075727], "type": "Point"}, "properties": {"block_number": "02", "node_number": 4.0, "geo_local_area": "Riley Park", "geo_point_2d": {"lon": -123.11127336757133, "lat": 49.24593547075727}}}, {"type": "Feature", "geometry": {"coordinates": [-123.1177626627029, 49.24701561750129], "type": "Point"}, "properties": {"block_number": "05", "node_number": 4.0, "geo_local_area": "South Cambie", "geo_point_2d": {"lon": -123.1177626627029, "lat": 49.24701561750129}}}, {"type": "Feature", "geometry": {"coordinates": [-123.10873325748308, 49.2488415770601], "type": "Point"}, "properties": {"block_number": "01", "node_number": 6.0, "geo_local_area": "Riley Park", "geo_point_2d": {"lon": -123.10873325748308, "lat": 49.2488415770601}}}, {"type": "Feature", "geometry": {"coordinates": [-123.10462520679332, 49.24726535814709], "type": "Point"}, "properties": {"block_number": "50", "node_number": 2.0, "geo_local_area": "Riley Park", "geo_point_2d": {"lon": -123.10462520679332, "lat": 49.24726535814709}}}, {"type": "Feature", "geometry": {"coordinates": [-123.10670384410219, 49.24894039282307], "type": "Point"}, "properties": {"block_number": "00", "node_number": 7.0, "geo_local_area": "Riley Park", "geo_point_2d": {"lon": -123.10670384410219, "lat": 49.24894039282307}}}, {"type": "Feature", "geometry": {"coordinates": [-123.12032286067155, 49.24855078623577], "type": "Point"}, "properties": {"block_number": "41", "node_number": 2.0, "geo_local_area": "South Cambie", "geo_point_2d": {"lon": -123.12032286067155, "lat": 49.24855078623577}}}, {"type": "Feature", "geometry": {"coordinates": [-123.1243080916952, 49.25443713556285], "type": "Point"}, "properties": {"block_number": "08", "node_number": 5.0, "geo_local_area": "South Cambie", "geo_point_2d": {"lon": -123.1243080916952, "lat": 49.25443713556285}}}, {"type": "Feature", "geometry": {"coordinates": [-123.1125035104681, 49.24599533003925], "type": "Point"}, "properties": {"block_number": "04", "node_number": 2.0, "geo_local_area": "Riley Park", "geo_point_2d": {"lon": -123.1125035104681, "lat": 49.24599533003925}}}, {"type": "Feature", "geometry": {"coordinates": [-123.11864291053232, 49.241421640516705], "type": "Point"}, "properties": {"block_number": "48", "node_number": 7.0, "geo_local_area": "South Cambie", "geo_point_2d": {"lon": -123.11864291053232, "lat": 49.241421640516705}}}, {"type": "Feature", "geometry": {"coordinates": [-123.11252391839179, 49.25420171008588], "type": "Point"}, "properties": {"block_number": "34", "node_number": 2.0, "geo_local_area": "Riley Park", "geo_point_2d": {"lon": -123.11252391839179, "lat": 49.25420171008588}}}, {"type": "Feature", "geometry": {"coordinates": [-123.10662255035672, 49.25185417471233], "type": "Point"}, "properties": {"block_number": "00", "node_number": 4.0, "geo_local_area": "Riley Park", "geo_point_2d": {"lon": -123.10662255035672, "lat": 49.25185417471233}}}, {"type": "Feature", "geometry": {"coordinates": [-123.11638953161606, 49.2505599870791], "type": "Point"}, "properties": {"block_number": "05", "node_number": 2.0, "geo_local_area": "South Cambie", "geo_point_2d": {"lon": -123.11638953161606, "lat": 49.2505599870791}}}, {"type": "Feature", "geometry": {"coordinates": [-123.11900567795152, 49.2551320406626], "type": "Point"}, "properties": {"block_number": "06", "node_number": 2.0, "geo_local_area": "South Cambie", "geo_point_2d": {"lon": -123.11900567795152, "lat": 49.2551320406626}}}, {"type": "Feature", "geometry": {"coordinates": [-123.11826695964099, 49.24916012308822], "type": "Point"}, "properties": {"block_number": "05", "node_number": 11.0, "geo_local_area": "South Cambie", "geo_point_2d": {"lon": -123.11826695964099, "lat": 49.24916012308822}}}, {"type": "Feature", "geometry": {"coordinates": [-123.10503389204676, 49.2519160688292], "type": "Point"}, "properties": {"block_number": "00", "node_number": 1.0, "geo_local_area": "Riley Park", "geo_point_2d": {"lon": -123.10503389204676, "lat": 49.2519160688292}}}, {"type": "Feature", "geometry": {"coordinates": [-123.11840609706155, 49.24772366718162], "type": "Point"}, "properties": {"block_number": "42", "node_number": 2.0, "geo_local_area": "South Cambie", "geo_point_2d": {"lon": -123.11840609706155, "lat": 49.24772366718162}}}, {"type": "Feature", "geometry": {"coordinates": [-123.11612330978792, 49.2542726378566], "type": "Point"}, "properties": {"block_number": "05", "node_number": 3.0, "geo_local_area": "South Cambie", "geo_point_2d": {"lon": -123.11612330978792, "lat": 49.2542726378566}}}, {"type": "Feature", "geometry": {"coordinates": [-123.10705763190099, 49.25386340409706], "type": "Point"}, "properties": {"block_number": "00", "node_number": 5.0, "geo_local_area": "Riley Park", "geo_point_2d": {"lon": -123.10705763190099, "lat": 49.25386340409706}}}, {"type": "Feature", "geometry": {"coordinates": [-123.1224547908365, 49.25077480231507], "type": "Point"}, "properties": {"block_number": "08", "node_number": 1.0, "geo_local_area": "South Cambie", "geo_point_2d": {"lon": -123.1224547908365, "lat": 49.25077480231507}}}, {"type": "Feature", "geometry": {"coordinates": [-123.11816079539194, 49.24191478597958], "type": "Point"}, "properties": {"block_number": "48", "node_number": 2.0, "geo_local_area": "Riley Park", "geo_point_2d": {"lon": -123.11816079539194, "lat": 49.24191478597958}}}, {"type": "Feature", "geometry": {"coordinates": [-123.11755632556351, 49.256099907818886], "type": "Point"}, "properties": {"block_number": "05", "node_number": 3.0, "geo_local_area": "South Cambie", "geo_point_2d": {"lon": -123.11755632556351, "lat": 49.256099907818886}}}, {"type": "Feature", "geometry": {"coordinates": [-123.11144034439745, 49.24880397912555], "type": "Point"}, "properties": {"block_number": "02", "node_number": 10.0, "geo_local_area": "Riley Park", "geo_point_2d": {"lon": -123.11144034439745, "lat": 49.24880397912555}}}, {"type": "Feature", "geometry": {"coordinates": [-123.11494692925221, 49.25481968919775], "type": "Point"}, "properties": {"block_number": "04", "node_number": 6.0, "geo_local_area": "Riley Park", "geo_point_2d": {"lon": -123.11494692925221, "lat": 49.25481968919775}}}, {"type": "Feature", "geometry": {"coordinates": [-123.10436770663073, 49.24990672533512], "type": "Point"}, "properties": {"block_number": "50", "node_number": 2.0, "geo_local_area": "Riley Park", "geo_point_2d": {"lon": -123.10436770663073, "lat": 49.24990672533512}}}, {"type": "Feature", "geometry": {"coordinates": [-123.10716365447142, 49.251046505546924], "type": "Point"}, "properties": {"block_number": "00", "node_number": 5.0, "geo_local_area": "Riley Park", "geo_point_2d": {"lon": -123.10716365447142, "lat": 49.251046505546924}}}, {"type": "Feature", "geometry": {"coordinates": [-123.11764468817252, 49.24891707765458], "type": "Point"}, "properties": {"block_number": "05", "node_number": 8.0, "geo_local_area": "South Cambie", "geo_point_2d": {"lon": -123.11764468817252, "lat": 49.24891707765458}}}, {"type": "Feature", "geometry": {"coordinates": [-123.11618873943416, 49.244091753908506], "type": "Point"}, "properties": {"block_number": "45", "node_number": 12.0, "geo_local_area": "Riley Park", "geo_point_2d": {"lon": -123.11618873943416, "lat": 49.244091753908506}}}, {"type": "Feature", "geometry": {"coordinates": [-123.1061640799621, 49.24501472318284], "type": "Point"}, "properties": {"block_number": "00", "node_number": 4.0, "geo_local_area": "Riley Park", "geo_point_2d": {"lon": -123.1061640799621, "lat": 49.24501472318284}}}, {"type": "Feature", "geometry": {"coordinates": [-123.11737829944606, 49.24386817117378], "type": "Point"}, "properties": {"block_number": "45", "node_number": 13.0, "geo_local_area": "South Cambie", "geo_point_2d": {"lon": -123.11737829944606, "lat": 49.24386817117378}}}, {"type": "Feature", "geometry": {"coordinates": [-123.11067056827574, 49.24588161061979], "type": "Point"}, "properties": {"block_number": "02", "node_number": 1.0, "geo_local_area": "Riley Park", "geo_point_2d": {"lon": -123.11067056827574, "lat": 49.24588161061979}}}, {"type": "Feature", "geometry": {"coordinates": [-123.10518080773433, 49.24891153848974], "type": "Point"}, "properties": {"block_number": "00", "node_number": 1.0, "geo_local_area": "Riley Park", "geo_point_2d": {"lon": -123.10518080773433, "lat": 49.24891153848974}}}, {"type": "Feature", "geometry": {"coordinates": [-123.11892109138047, 49.256131883387845], "type": "Point"}, "properties": {"block_number": "06", "node_number": 1.0, "geo_local_area": "South Cambie", "geo_point_2d": {"lon": -123.11892109138047, "lat": 49.256131883387845}}}, {"type": "Feature", "geometry": {"coordinates": [-123.12453256037904, 49.2501018882216], "type": "Point"}, "properties": {"block_number": "08", "node_number": 4.0, "geo_local_area": "South Cambie", "geo_point_2d": {"lon": -123.12453256037904, "lat": 49.2501018882216}}}, {"type": "Feature", "geometry": {"coordinates": [-123.10608351941214, 49.252848787040854], "type": "Point"}, "properties": {"block_number": "00", "node_number": 3.0, "geo_local_area": "Riley Park", "geo_point_2d": {"lon": -123.10608351941214, "lat": 49.252848787040854}}}, {"type": "Feature", "geometry": {"coordinates": [-123.11889914525412, 49.25432422663122], "type": "Point"}, "properties": {"block_number": "06", "node_number": 1.0, "geo_local_area": "South Cambie", "geo_point_2d": {"lon": -123.11889914525412, "lat": 49.25432422663122}}}, {"type": "Feature", "geometry": {"coordinates": [-123.10523872972308, 49.24681959090268], "type": "Point"}, "properties": {"block_number": "00", "node_number": 2.0, "geo_local_area": "Riley Park", "geo_point_2d": {"lon": -123.10523872972308, "lat": 49.24681959090268}}}, {"type": "Feature", "geometry": {"coordinates": [-123.10973315352643, 49.25411666402466], "type": "Point"}, "properties": {"block_number": "34", "node_number": 2.0, "geo_local_area": "Riley Park", "geo_point_2d": {"lon": -123.10973315352643, "lat": 49.25411666402466}}}, {"type": "Feature", "geometry": {"coordinates": [-123.11142218430602, 49.2490259539215], "type": "Point"}, "properties": {"block_number": "02", "node_number": 5.0, "geo_local_area": "Riley Park", "geo_point_2d": {"lon": -123.11142218430602, "lat": 49.2490259539215}}}, {"type": "Feature", "geometry": {"coordinates": [-123.12098738074263, 49.25345036774782], "type": "Point"}, "properties": {"block_number": "07", "node_number": 1.0, "geo_local_area": "South Cambie", "geo_point_2d": {"lon": -123.12098738074263, "lat": 49.25345036774782}}}, {"type": "Feature", "geometry": {"coordinates": [-123.12024974278322, 49.25499253198272], "type": "Point"}, "properties": {"block_number": "34", "node_number": 1.0, "geo_local_area": "South Cambie", "geo_point_2d": {"lon": -123.12024974278322, "lat": 49.25499253198272}}}, {"type": "Feature", "geometry": {"coordinates": [-123.11607372615428, 49.256533824941776], "type": "Point"}, "properties": {"block_number": "32", "node_number": 1.0, "geo_local_area": "South Cambie", "geo_point_2d": {"lon": -123.11607372615428, "lat": 49.256533824941776}}}, {"type": "Feature", "geometry": {"coordinates": [-123.1138285646689, 49.254802500176794], "type": "Point"}, "properties": {"block_number": "04", "node_number": 4.0, "geo_local_area": "Riley Park", "geo_point_2d": {"lon": -123.1138285646689, "lat": 49.254802500176794}}}, {"type": "Feature", "geometry": {"coordinates": [-123.11337816396255, 49.25207206554583], "type": "Point"}, "properties": {"block_number": "04", "node_number": 1.0, "geo_local_area": "Riley Park", "geo_point_2d": {"lon": -123.11337816396255, "lat": 49.25207206554583}}}, {"type": "Feature", "geometry": {"coordinates": [-123.11506530047036, 49.25112285853779], "type": "Point"}, "properties": {"block_number": "04", "node_number": 6.0, "geo_local_area": "Riley Park", "geo_point_2d": {"lon": -123.11506530047036, "lat": 49.25112285853779}}}, {"type": "Feature", "geometry": {"coordinates": [-123.11857107207943, 49.242695548232994], "type": "Point"}, "properties": {"block_number": "47", "node_number": 5.0, "geo_local_area": "South Cambie", "geo_point_2d": {"lon": -123.11857107207943, "lat": 49.242695548232994}}}, {"type": "Feature", "geometry": {"coordinates": [-123.12091128131605, 49.24809498626067], "type": "Point"}, "properties": {"block_number": "07", "node_number": 1.0, "geo_local_area": "South Cambie", "geo_point_2d": {"lon": -123.12091128131605, "lat": 49.24809498626067}}}, {"type": "Feature", "geometry": {"coordinates": [-123.12106816619456, 49.25165680637432], "type": "Point"}, "properties": {"block_number": "07", "node_number": 1.0, "geo_local_area": "South Cambie", "geo_point_2d": {"lon": -123.12106816619456, "lat": 49.25165680637432}}}, {"type": "Feature", "geometry": {"coordinates": [-123.11551147955835, 49.253032648159206], "type": "Point"}, "properties": {"block_number": "05", "node_number": 2.0, "geo_local_area": "South Cambie", "geo_point_2d": {"lon": -123.11551147955835, "lat": 49.253032648159206}}}, {"type": "Feature", "geometry": {"coordinates": [-123.10720644767484, 49.25000096866098], "type": "Point"}, "properties": {"block_number": "00", "node_number": 5.0, "geo_local_area": "Riley Park", "geo_point_2d": {"lon": -123.10720644767484, "lat": 49.25000096866098}}}, {"type": "Feature", "geometry": {"coordinates": [-123.12205581150772, 49.25306806238367], "type": "Point"}, "properties": {"block_number": "DO", "node_number": 2.0, "geo_local_area": "South Cambie", "geo_point_2d": {"lon": -123.12205581150772, "lat": 49.25306806238367}}}, {"type": "Feature", "geometry": {"coordinates": [-123.10957127940596, 49.25570275585267], "type": "Point"}, "properties": {"block_number": "01", "node_number": 6.0, "geo_local_area": "Riley Park", "geo_point_2d": {"lon": -123.10957127940596, "lat": 49.25570275585267}}}, {"type": "Feature", "geometry": {"coordinates": [-123.1143816870496, 49.25490943778536], "type": "Point"}, "properties": {"block_number": "04", "node_number": 3.0, "geo_local_area": "Riley Park", "geo_point_2d": {"lon": -123.1143816870496, "lat": 49.25490943778536}}}, {"type": "Feature", "geometry": {"coordinates": [-123.11841630008581, 49.24529084191098], "type": "Point"}, "properties": {"block_number": "05", "node_number": 3.0, "geo_local_area": "South Cambie", "geo_point_2d": {"lon": -123.11841630008581, "lat": 49.24529084191098}}}, {"type": "Feature", "geometry": {"coordinates": [-123.10555502310818, 49.25182730575625], "type": "Point"}, "properties": {"block_number": "00", "node_number": 2.0, "geo_local_area": "Riley Park", "geo_point_2d": {"lon": -123.10555502310818, "lat": 49.25182730575625}}}, {"type": "Feature", "geometry": {"coordinates": [-123.1161799753291, 49.24476586574053], "type": "Point"}, "properties": {"block_number": "45", "node_number": 3.0, "geo_local_area": "South Cambie", "geo_point_2d": {"lon": -123.1161799753291, "lat": 49.24476586574053}}}, {"type": "Feature", "geometry": {"coordinates": [-123.12217964812615, 49.25474255395963], "type": "Point"}, "properties": {"block_number": "34", "node_number": 1.0, "geo_local_area": "South Cambie", "geo_point_2d": {"lon": -123.12217964812615, "lat": 49.25474255395963}}}, {"type": "Feature", "geometry": {"coordinates": [-123.12225024360598, 49.25610110824419], "type": "Point"}, "properties": {"block_number": "08", "node_number": 2.0, "geo_local_area": "South Cambie", "geo_point_2d": {"lon": -123.12225024360598, "lat": 49.25610110824419}}}, {"type": "Feature", "geometry": {"coordinates": [-123.11166018584889, 49.24504765468666], "type": "Point"}, "properties": {"block_number": "02", "node_number": 1.0, "geo_local_area": "Riley Park", "geo_point_2d": {"lon": -123.11166018584889, "lat": 49.24504765468666}}}, {"type": "Feature", "geometry": {"coordinates": [-123.11628969623207, 49.25032299141779], "type": "Point"}, "properties": {"block_number": "39", "node_number": 1.0, "geo_local_area": "South Cambie", "geo_point_2d": {"lon": -123.11628969623207, "lat": 49.25032299141779}}}, {"type": "Feature", "geometry": {"coordinates": [-123.11393163684576, 49.25199269592122], "type": "Point"}, "properties": {"block_number": "04", "node_number": 4.0, "geo_local_area": "Riley Park", "geo_point_2d": {"lon": -123.11393163684576, "lat": 49.25199269592122}}}, {"type": "Feature", "geometry": {"coordinates": [-123.10861414791822, 49.25189516381166], "type": "Point"}, "properties": {"block_number": "01", "node_number": 4.0, "geo_local_area": "Riley Park", "geo_point_2d": {"lon": -123.10861414791822, "lat": 49.25189516381166}}}, {"type": "Feature", "geometry": {"coordinates": [-123.11646441142585, 49.24394935158662], "type": "Point"}, "properties": {"block_number": "45", "node_number": 14.0, "geo_local_area": "Riley Park", "geo_point_2d": {"lon": -123.11646441142585, "lat": 49.24394935158662}}}, {"type": "Feature", "geometry": {"coordinates": [-123.12462449256445, 49.252975520836294], "type": "Point"}, "properties": {"block_number": "36", "node_number": 1.0, "geo_local_area": "South Cambie", "geo_point_2d": {"lon": -123.12462449256445, "lat": 49.252975520836294}}}, {"type": "Feature", "geometry": {"coordinates": [-123.12092729851622, 49.25013556425451], "type": "Point"}, "properties": {"block_number": "07", "node_number": 1.0, "geo_local_area": "South Cambie", "geo_point_2d": {"lon": -123.12092729851622, "lat": 49.25013556425451}}}, {"type": "Feature", "geometry": {"coordinates": [-123.12058526089878, 49.254259782423176], "type": "Point"}, "properties": {"block_number": "07", "node_number": 2.0, "geo_local_area": "South Cambie", "geo_point_2d": {"lon": -123.12058526089878, "lat": 49.254259782423176}}}, {"type": "Feature", "geometry": {"coordinates": [-123.11236578126676, 49.255844975796414], "type": "Point"}, "properties": {"block_number": "02", "node_number": 5.0, "geo_local_area": "Riley Park", "geo_point_2d": {"lon": -123.11236578126676, "lat": 49.255844975796414}}}, {"type": "Feature", "geometry": {"coordinates": [-123.10858453078814, 49.25276397734444], "type": "Point"}, "properties": {"block_number": "01", "node_number": 4.0, "geo_local_area": "Riley Park", "geo_point_2d": {"lon": -123.10858453078814, "lat": 49.25276397734444}}}, {"type": "Feature", "geometry": {"coordinates": [-123.12205695118588, 49.25253821552331], "type": "Point"}, "properties": {"block_number": "DO", "node_number": 6.0, "geo_local_area": "South Cambie", "geo_point_2d": {"lon": -123.12205695118588, "lat": 49.25253821552331}}}, {"type": "Feature", "geometry": {"coordinates": [-123.12246673652871, 49.24922681885443], "type": "Point"}, "properties": {"block_number": "08", "node_number": 1.0, "geo_local_area": "South Cambie", "geo_point_2d": {"lon": -123.12246673652871, "lat": 49.24922681885443}}}, {"type": "Feature", "geometry": {"coordinates": [-123.10509951429084, 49.248087361595275], "type": "Point"}, "properties": {"block_number": "42", "node_number": 1.0, "geo_local_area": "Riley Park", "geo_point_2d": {"lon": -123.10509951429084, "lat": 49.248087361595275}}}, {"type": "Feature", "geometry": {"coordinates": [-123.11885067559595, 49.247952724008165], "type": "Point"}, "properties": {"block_number": "06", "node_number": 2.0, "geo_local_area": "South Cambie", "geo_point_2d": {"lon": -123.11885067559595, "lat": 49.247952724008165}}}, {"type": "Feature", "geometry": {"coordinates": [-123.1074861875091, 49.249502660974], "type": "Point"}, "properties": {"block_number": "40", "node_number": 1.0, "geo_local_area": "Riley Park", "geo_point_2d": {"lon": -123.1074861875091, "lat": 49.249502660974}}}, {"type": "Feature", "geometry": {"coordinates": [-123.11241962719825, 49.245818853242845], "type": "Point"}, "properties": {"block_number": "44", "node_number": 1.0, "geo_local_area": "Riley Park", "geo_point_2d": {"lon": -123.11241962719825, "lat": 49.245818853242845}}}, {"type": "Feature", "geometry": {"coordinates": [-123.10908545690042, 49.25390041159501], "type": "Point"}, "properties": {"block_number": "01", "node_number": 3.0, "geo_local_area": "Riley Park", "geo_point_2d": {"lon": -123.10908545690042, "lat": 49.25390041159501}}}, {"type": "Feature", "geometry": {"coordinates": [-123.11863438853528, 49.241626380955495], "type": "Point"}, "properties": {"block_number": "48", "node_number": 5.0, "geo_local_area": "South Cambie", "geo_point_2d": {"lon": -123.11863438853528, "lat": 49.241626380955495}}}, {"type": "Feature", "geometry": {"coordinates": [-123.12730159018051, 49.25222743771262], "type": "Point"}, "properties": {"block_number": "37", "node_number": 4.0, "geo_local_area": "South Cambie", "geo_point_2d": {"lon": -123.12730159018051, "lat": 49.25222743771262}}}, {"type": "Feature", "geometry": {"coordinates": [-123.12773282675708, 49.24770098562315], "type": "Point"}, "properties": {"block_number": "42", "node_number": 3.0, "geo_local_area": "Shaughnessy", "geo_point_2d": {"lon": -123.12773282675708, "lat": 49.24770098562315}}}, {"type": "Feature", "geometry": {"coordinates": [-123.10986089865906, 49.249961405677304], "type": "Point"}, "properties": {"block_number": "01", "node_number": 6.0, "geo_local_area": "Riley Park", "geo_point_2d": {"lon": -123.10986089865906, "lat": 49.249961405677304}}}, {"type": "Feature", "geometry": {"coordinates": [-123.1118167916463, 49.25385311218034], "type": "Point"}, "properties": {"block_number": "02", "node_number": 4.0, "geo_local_area": "Riley Park", "geo_point_2d": {"lon": -123.1118167916463, "lat": 49.25385311218034}}}, {"type": "Feature", "geometry": {"coordinates": [-123.1239418995129, 49.24629960961731], "type": "Point"}, "properties": {"block_number": "08", "node_number": 3.0, "geo_local_area": "South Cambie", "geo_point_2d": {"lon": -123.1239418995129, "lat": 49.24629960961731}}}, {"type": "Feature", "geometry": {"coordinates": [-123.10518676895268, 49.246187489250026], "type": "Point"}, "properties": {"block_number": "43", "node_number": 3.0, "geo_local_area": "Riley Park", "geo_point_2d": {"lon": -123.10518676895268, "lat": 49.246187489250026}}}, {"type": "Feature", "geometry": {"coordinates": [-123.11201081470186, 49.25105366459849], "type": "Point"}, "properties": {"block_number": "02", "node_number": 4.0, "geo_local_area": "Riley Park", "geo_point_2d": {"lon": -123.11201081470186, "lat": 49.25105366459849}}}, {"type": "Feature", "geometry": {"coordinates": [-123.10746610054808, 49.252744756849], "type": "Point"}, "properties": {"block_number": "01", "node_number": 2.0, "geo_local_area": "Riley Park", "geo_point_2d": {"lon": -123.10746610054808, "lat": 49.252744756849}}}, {"type": "Feature", "geometry": {"coordinates": [-123.1139121134698, 49.24886458002798], "type": "Point"}, "properties": {"block_number": "04", "node_number": 12.0, "geo_local_area": "Riley Park", "geo_point_2d": {"lon": -123.1139121134698, "lat": 49.24886458002798}}}, {"type": "Feature", "geometry": {"coordinates": [-123.11136230080636, 49.25007579976615], "type": "Point"}, "properties": {"block_number": "02", "node_number": 3.0, "geo_local_area": "Riley Park", "geo_point_2d": {"lon": -123.11136230080636, "lat": 49.25007579976615}}}, {"type": "Feature", "geometry": {"coordinates": [-123.10512615046859, 49.247430757479655], "type": "Point"}, "properties": {"block_number": "42", "node_number": 3.0, "geo_local_area": "Riley Park", "geo_point_2d": {"lon": -123.10512615046859, "lat": 49.247430757479655}}}, {"type": "Feature", "geometry": {"coordinates": [-123.10966400805029, 49.25381459818707], "type": "Point"}, "properties": {"block_number": "01", "node_number": 6.0, "geo_local_area": "Riley Park", "geo_point_2d": {"lon": -123.10966400805029, "lat": 49.25381459818707}}}, {"type": "Feature", "geometry": {"coordinates": [-123.11843156143541, 49.25340642966941], "type": "Point"}, "properties": {"block_number": "06", "node_number": 1.0, "geo_local_area": "South Cambie", "geo_point_2d": {"lon": -123.11843156143541, "lat": 49.25340642966941}}}, {"type": "Feature", "geometry": {"coordinates": [-123.11512652823399, 49.25006978931462], "type": "Point"}, "properties": {"block_number": "04", "node_number": 6.0, "geo_local_area": "Riley Park", "geo_point_2d": {"lon": -123.11512652823399, "lat": 49.25006978931462}}}, {"type": "Feature", "geometry": {"coordinates": [-123.12040753624923, 49.25040126843466], "type": "Point"}, "properties": {"block_number": "39", "node_number": 1.0, "geo_local_area": "South Cambie", "geo_point_2d": {"lon": -123.12040753624923, "lat": 49.25040126843466}}}, {"type": "Feature", "geometry": {"coordinates": [-123.10459590959462, 49.24802480704262], "type": "Point"}, "properties": {"block_number": "50", "node_number": 2.0, "geo_local_area": "Riley Park", "geo_point_2d": {"lon": -123.10459590959462, "lat": 49.24802480704262}}}, {"type": "Feature", "geometry": {"coordinates": [-123.10738611770968, 49.2521335068343], "type": "Point"}, "properties": {"block_number": "36", "node_number": 3.0, "geo_local_area": "Riley Park", "geo_point_2d": {"lon": -123.10738611770968, "lat": 49.2521335068343}}}, {"type": "Feature", "geometry": {"coordinates": [-123.10708375555328, 49.247840797245814], "type": "Point"}, "properties": {"block_number": "00", "node_number": 3.0, "geo_local_area": "Riley Park", "geo_point_2d": {"lon": -123.10708375555328, "lat": 49.247840797245814}}}, {"type": "Feature", "geometry": {"coordinates": [-123.10873579122294, 49.25098385107473], "type": "Point"}, "properties": {"block_number": "01", "node_number": 4.0, "geo_local_area": "Riley Park", "geo_point_2d": {"lon": -123.10873579122294, "lat": 49.25098385107473}}}, {"type": "Feature", "geometry": {"coordinates": [-123.1161525604973, 49.25191559020391], "type": "Point"}, "properties": {"block_number": "37", "node_number": 1.0, "geo_local_area": "South Cambie", "geo_point_2d": {"lon": -123.1161525604973, "lat": 49.25191559020391}}}, {"type": "Feature", "geometry": {"coordinates": [-123.1169065302695, 49.25690581003129], "type": "Point"}, "properties": {"block_number": "05", "node_number": 4.0, "geo_local_area": "Fairview", "geo_point_2d": {"lon": -123.1169065302695, "lat": 49.25690581003129}}}, {"type": "Feature", "geometry": {"coordinates": [-123.11828702470851, 49.24893164171244], "type": "Point"}, "properties": {"block_number": "05", "node_number": 10.0, "geo_local_area": "South Cambie", "geo_point_2d": {"lon": -123.11828702470851, "lat": 49.24893164171244}}}, {"type": "Feature", "geometry": {"coordinates": [-123.11502778998234, 49.254980110430864], "type": "Point"}, "properties": {"block_number": "33", "node_number": 8.0, "geo_local_area": "Riley Park", "geo_point_2d": {"lon": -123.11502778998234, "lat": 49.254980110430864}}}, {"type": "Feature", "geometry": {"coordinates": [-123.11293989739966, 49.25107314328603], "type": "Point"}, "properties": {"block_number": "04", "node_number": 2.0, "geo_local_area": "Riley Park", "geo_point_2d": {"lon": -123.11293989739966, "lat": 49.25107314328603}}}, {"type": "Feature", "geometry": {"coordinates": [-123.10811757731318, 49.25107775673037], "type": "Point"}, "properties": {"block_number": "01", "node_number": 1.0, "geo_local_area": "Riley Park", "geo_point_2d": {"lon": -123.10811757731318, "lat": 49.25107775673037}}}, {"type": "Feature", "geometry": {"coordinates": [-123.12841060526716, 49.24939168843676], "type": "Point"}, "properties": {"block_number": "10", "node_number": 3.0, "geo_local_area": "Shaughnessy", "geo_point_2d": {"lon": -123.12841060526716, "lat": 49.24939168843676}}}, {"type": "Feature", "geometry": {"coordinates": [-123.11968047236766, 49.24895640973181], "type": "Point"}, "properties": {"block_number": "06", "node_number": 6.0, "geo_local_area": "South Cambie", "geo_point_2d": {"lon": -123.11968047236766, "lat": 49.24895640973181}}}, {"type": "Feature", "geometry": {"coordinates": [-123.12639571932846, 49.251756794659535], "type": "Point"}, "properties": {"block_number": "09", "node_number": 3.0, "geo_local_area": "South Cambie", "geo_point_2d": {"lon": -123.12639571932846, "lat": 49.251756794659535}}}, {"type": "Feature", "geometry": {"coordinates": [-123.11772547854133, 49.25430116840065], "type": "Point"}, "properties": {"block_number": "05", "node_number": 7.0, "geo_local_area": "South Cambie", "geo_point_2d": {"lon": -123.11772547854133, "lat": 49.25430116840065}}}, {"type": "Feature", "geometry": {"coordinates": [-123.11135047259914, 49.251133964641774], "type": "Point"}, "properties": {"block_number": "02", "node_number": 3.0, "geo_local_area": "Riley Park", "geo_point_2d": {"lon": -123.11135047259914, "lat": 49.251133964641774}}}, {"type": "Feature", "geometry": {"coordinates": [-123.1145114330371, 49.25209602654669], "type": "Point"}, "properties": {"block_number": "04", "node_number": 3.0, "geo_local_area": "Riley Park", "geo_point_2d": {"lon": -123.1145114330371, "lat": 49.25209602654669}}}, {"type": "Feature", "geometry": {"coordinates": [-123.10749749081518, 49.251873468268194], "type": "Point"}, "properties": {"block_number": "01", "node_number": 2.0, "geo_local_area": "Riley Park", "geo_point_2d": {"lon": -123.10749749081518, "lat": 49.251873468268194}}}, {"type": "Feature", "geometry": {"coordinates": [-123.12204970127158, 49.25282476603649], "type": "Point"}, "properties": {"block_number": "DO", "node_number": 4.0, "geo_local_area": "South Cambie", "geo_point_2d": {"lon": -123.12204970127158, "lat": 49.25282476603649}}}, {"type": "Feature", "geometry": {"coordinates": [-123.12108393925297, 49.24717232643696], "type": "Point"}, "properties": {"block_number": "07", "node_number": 1.0, "geo_local_area": "South Cambie", "geo_point_2d": {"lon": -123.12108393925297, "lat": 49.24717232643696}}}, {"type": "Feature", "geometry": {"coordinates": [-123.11472641364067, 49.245239136438094], "type": "Point"}, "properties": {"block_number": "04", "node_number": 5.0, "geo_local_area": "Riley Park", "geo_point_2d": {"lon": -123.11472641364067, "lat": 49.245239136438094}}}, {"type": "Feature", "geometry": {"coordinates": [-123.11230186334777, 49.24758742152902], "type": "Point"}, "properties": {"block_number": "42", "node_number": 1.0, "geo_local_area": "Riley Park", "geo_point_2d": {"lon": -123.11230186334777, "lat": 49.24758742152902}}}, {"type": "Feature", "geometry": {"coordinates": [-123.11269582498517, 49.24905586904271], "type": "Point"}, "properties": {"block_number": "02", "node_number": 9.0, "geo_local_area": "Riley Park", "geo_point_2d": {"lon": -123.11269582498517, "lat": 49.24905586904271}}}, {"type": "Feature", "geometry": {"coordinates": [-123.11768885899173, 49.25250472485478], "type": "Point"}, "properties": {"block_number": "05", "node_number": 3.0, "geo_local_area": "South Cambie", "geo_point_2d": {"lon": -123.11768885899173, "lat": 49.25250472485478}}}, {"type": "Feature", "geometry": {"coordinates": [-123.10515645697814, 49.2467494310437], "type": "Point"}, "properties": {"block_number": "43", "node_number": 1.0, "geo_local_area": "Riley Park", "geo_point_2d": {"lon": -123.10515645697814, "lat": 49.2467494310437}}}, {"type": "Feature", "geometry": {"coordinates": [-123.11012483187348, 49.248546366853105], "type": "Point"}, "properties": {"block_number": "41", "node_number": 1.0, "geo_local_area": "Riley Park", "geo_point_2d": {"lon": -123.11012483187348, "lat": 49.248546366853105}}}, {"type": "Feature", "geometry": {"coordinates": [-123.11691899047669, 49.250073071547234], "type": "Point"}, "properties": {"block_number": "05", "node_number": 3.0, "geo_local_area": "South Cambie", "geo_point_2d": {"lon": -123.11691899047669, "lat": 49.250073071547234}}}, {"type": "Feature", "geometry": {"coordinates": [-123.10972069590893, 49.25278030069571], "type": "Point"}, "properties": {"block_number": "01", "node_number": 6.0, "geo_local_area": "Riley Park", "geo_point_2d": {"lon": -123.10972069590893, "lat": 49.25278030069571}}}, {"type": "Feature", "geometry": {"coordinates": [-123.11930141942977, 49.24318260814406], "type": "Point"}, "properties": {"block_number": "06", "node_number": 2.0, "geo_local_area": "South Cambie", "geo_point_2d": {"lon": -123.11930141942977, "lat": 49.24318260814406}}}, {"type": "Feature", "geometry": {"coordinates": [-123.10523367683669, 49.24771338869339], "type": "Point"}, "properties": {"block_number": "00", "node_number": 2.0, "geo_local_area": "Riley Park", "geo_point_2d": {"lon": -123.10523367683669, "lat": 49.24771338869339}}}, {"type": "Feature", "geometry": {"coordinates": [-123.11560226062657, 49.25219850223805], "type": "Point"}, "properties": {"block_number": "05", "node_number": 2.0, "geo_local_area": "South Cambie", "geo_point_2d": {"lon": -123.11560226062657, "lat": 49.25219850223805}}}, {"type": "Feature", "geometry": {"coordinates": [-123.10798468298495, 49.25387951532928], "type": "Point"}, "properties": {"block_number": "01", "node_number": 1.0, "geo_local_area": "Riley Park", "geo_point_2d": {"lon": -123.10798468298495, "lat": 49.25387951532928}}}, {"type": "Feature", "geometry": {"coordinates": [-123.1184339281224, 49.242906825160006], "type": "Point"}, "properties": {"block_number": "47", "node_number": 3.0, "geo_local_area": "South Cambie", "geo_point_2d": {"lon": -123.1184339281224, "lat": 49.242906825160006}}}, {"type": "Feature", "geometry": {"coordinates": [-123.11698174286337, 49.24365141037513], "type": "Point"}, "properties": {"block_number": "45", "node_number": 18.0, "geo_local_area": "Riley Park", "geo_point_2d": {"lon": -123.11698174286337, "lat": 49.24365141037513}}}, {"type": "Feature", "geometry": {"coordinates": [-123.12210826830054, 49.2556549695973], "type": "Point"}, "properties": {"block_number": "33", "node_number": 1.0, "geo_local_area": "South Cambie", "geo_point_2d": {"lon": -123.12210826830054, "lat": 49.2556549695973}}}, {"type": "Feature", "geometry": {"coordinates": [-123.12039110560355, 49.25334112297828], "type": "Point"}, "properties": {"block_number": "07", "node_number": 2.0, "geo_local_area": "South Cambie", "geo_point_2d": {"lon": -123.12039110560355, "lat": 49.25334112297828}}}, {"type": "Feature", "geometry": {"coordinates": [-123.1280454812729, 49.24822017710907], "type": "Point"}, "properties": {"block_number": "10", "node_number": 1.0, "geo_local_area": "Shaughnessy", "geo_point_2d": {"lon": -123.1280454812729, "lat": 49.24822017710907}}}, {"type": "Feature", "geometry": {"coordinates": [-123.11904065266675, 49.25331504190295], "type": "Point"}, "properties": {"block_number": "06", "node_number": 2.0, "geo_local_area": "South Cambie", "geo_point_2d": {"lon": -123.11904065266675, "lat": 49.25331504190295}}}, {"type": "Feature", "geometry": {"coordinates": [-123.12238780691906, 49.24969792865859], "type": "Point"}, "properties": {"block_number": "40", "node_number": 1.0, "geo_local_area": "South Cambie", "geo_point_2d": {"lon": -123.12238780691906, "lat": 49.24969792865859}}}, {"type": "Feature", "geometry": {"coordinates": [-123.12637275780212, 49.25356027224782], "type": "Point"}, "properties": {"block_number": "09", "node_number": 3.0, "geo_local_area": "South Cambie", "geo_point_2d": {"lon": -123.12637275780212, "lat": 49.25356027224782}}}, {"type": "Feature", "geometry": {"coordinates": [-123.11960036795037, 49.247148730121616], "type": "Point"}, "properties": {"block_number": "06", "node_number": 1.0, "geo_local_area": "South Cambie", "geo_point_2d": {"lon": -123.11960036795037, "lat": 49.247148730121616}}}, {"type": "Feature", "geometry": {"coordinates": [-123.11483058522894, 49.25682677307558], "type": "Point"}, "properties": {"block_number": "04", "node_number": 6.0, "geo_local_area": "Riley Park", "geo_point_2d": {"lon": -123.11483058522894, "lat": 49.25682677307558}}}, {"type": "Feature", "geometry": {"coordinates": [-123.11405260218378, 49.2500420967347], "type": "Point"}, "properties": {"block_number": "04", "node_number": 4.0, "geo_local_area": "Riley Park", "geo_point_2d": {"lon": -123.11405260218378, "lat": 49.2500420967347}}}, {"type": "Feature", "geometry": {"coordinates": [-123.11636065383178, 49.24913586469098], "type": "Point"}, "properties": {"block_number": "05", "node_number": 5.0, "geo_local_area": "South Cambie", "geo_point_2d": {"lon": -123.11636065383178, "lat": 49.24913586469098}}}, {"type": "Feature", "geometry": {"coordinates": [-123.11744352825295, 49.25699830294627], "type": "Point"}, "properties": {"block_number": "05", "node_number": 5.0, "geo_local_area": "Fairview", "geo_point_2d": {"lon": -123.11744352825295, "lat": 49.25699830294627}}}, {"type": "Feature", "geometry": {"coordinates": [-123.11491384795265, 49.25656435377774], "type": "Point"}, "properties": {"block_number": "32", "node_number": 4.0, "geo_local_area": "Riley Park", "geo_point_2d": {"lon": -123.11491384795265, "lat": 49.25656435377774}}}, {"type": "Feature", "geometry": {"coordinates": [-123.11543413485136, 49.25208103079753], "type": "Point"}, "properties": {"block_number": "37", "node_number": 1.0, "geo_local_area": "South Cambie", "geo_point_2d": {"lon": -123.11543413485136, "lat": 49.25208103079753}}}, {"type": "Feature", "geometry": {"coordinates": [-123.11626139599417, 49.25097511086942], "type": "Point"}, "properties": {"block_number": "38", "node_number": 1.0, "geo_local_area": "South Cambie", "geo_point_2d": {"lon": -123.11626139599417, "lat": 49.25097511086942}}}, {"type": "Feature", "geometry": {"coordinates": [-123.10559486698232, 49.246109659013875], "type": "Point"}, "properties": {"block_number": "00", "node_number": 1.0, "geo_local_area": "Riley Park", "geo_point_2d": {"lon": -123.10559486698232, "lat": 49.246109659013875}}}, {"type": "Feature", "geometry": {"coordinates": [-123.11270395012802, 49.24884051532967], "type": "Point"}, "properties": {"block_number": "02", "node_number": 10.0, "geo_local_area": "Riley Park", "geo_point_2d": {"lon": -123.11270395012802, "lat": 49.24884051532967}}}, {"type": "Feature", "geometry": {"coordinates": [-123.11533598659427, 49.256961728627935], "type": "Point"}, "properties": {"block_number": "05", "node_number": 1.0, "geo_local_area": "Fairview", "geo_point_2d": {"lon": -123.11533598659427, "lat": 49.256961728627935}}}, {"type": "Feature", "geometry": {"coordinates": [-123.10493641137874, 49.24841546694482], "type": "Point"}, "properties": {"block_number": "41", "node_number": 2.0, "geo_local_area": "Riley Park", "geo_point_2d": {"lon": -123.10493641137874, "lat": 49.24841546694482}}}, {"type": "Feature", "geometry": {"coordinates": [-123.10729084620296, 49.254339052934895], "type": "Point"}, "properties": {"block_number": "34", "node_number": 1.0, "geo_local_area": "Riley Park", "geo_point_2d": {"lon": -123.10729084620296, "lat": 49.254339052934895}}}, {"type": "Feature", "geometry": {"coordinates": [-123.1091460623376, 49.246085669589505], "type": "Point"}, "properties": {"block_number": "01", "node_number": 2.0, "geo_local_area": "Riley Park", "geo_point_2d": {"lon": -123.1091460623376, "lat": 49.246085669589505}}}, {"type": "Feature", "geometry": {"coordinates": [-123.11776728472681, 49.25329150209383], "type": "Point"}, "properties": {"block_number": "05", "node_number": 6.0, "geo_local_area": "South Cambie", "geo_point_2d": {"lon": -123.11776728472681, "lat": 49.25329150209383}}}, {"type": "Feature", "geometry": {"coordinates": [-123.11521696202442, 49.2491685841811], "type": "Point"}, "properties": {"block_number": "40", "node_number": 8.0, "geo_local_area": "Riley Park", "geo_point_2d": {"lon": -123.11521696202442, "lat": 49.2491685841811}}}, {"type": "Feature", "geometry": {"coordinates": [-123.11520289907997, 49.2512682012011], "type": "Point"}, "properties": {"block_number": "37", "node_number": 14.0, "geo_local_area": "Riley Park", "geo_point_2d": {"lon": -123.11520289907997, "lat": 49.2512682012011}}}, {"type": "Feature", "geometry": {"coordinates": [-123.1153268634194, 49.25439672411137], "type": "Point"}, "properties": {"block_number": "34", "node_number": 5.0, "geo_local_area": "South Cambie", "geo_point_2d": {"lon": -123.1153268634194, "lat": 49.25439672411137}}}, {"type": "Feature", "geometry": {"coordinates": [-123.10976189579236, 49.24370089000209], "type": "Point"}, "properties": {"block_number": "01", "node_number": 7.0, "geo_local_area": "Riley Park", "geo_point_2d": {"lon": -123.10976189579236, "lat": 49.24370089000209}}}, {"type": "Feature", "geometry": {"coordinates": [-123.11513623139757, 49.25284188322925], "type": "Point"}, "properties": {"block_number": "36", "node_number": 2.0, "geo_local_area": "Riley Park", "geo_point_2d": {"lon": -123.11513623139757, "lat": 49.25284188322925}}}, {"type": "Feature", "geometry": {"coordinates": [-123.11543667141918, 49.251613060688605], "type": "Point"}, "properties": {"block_number": "37", "node_number": 9.0, "geo_local_area": "South Cambie", "geo_point_2d": {"lon": -123.11543667141918, "lat": 49.251613060688605}}}, {"type": "Feature", "geometry": {"coordinates": [-123.10992441187884, 49.25317480843056], "type": "Point"}, "properties": {"block_number": "35", "node_number": 3.0, "geo_local_area": "Riley Park", "geo_point_2d": {"lon": -123.10992441187884, "lat": 49.25317480843056}}}, {"type": "Feature", "geometry": {"coordinates": [-123.11513085862316, 49.25106337975899], "type": "Point"}, "properties": {"block_number": "38", "node_number": 4.0, "geo_local_area": "Riley Park", "geo_point_2d": {"lon": -123.11513085862316, "lat": 49.25106337975899}}}, {"type": "Feature", "geometry": {"coordinates": [-123.10673690697055, 49.246844779392326], "type": "Point"}, "properties": {"block_number": "00", "node_number": 6.0, "geo_local_area": "Riley Park", "geo_point_2d": {"lon": -123.10673690697055, "lat": 49.246844779392326}}}, {"type": "Feature", "geometry": {"coordinates": [-123.11503682454529, 49.25477568506048], "type": "Point"}, "properties": {"block_number": "34", "node_number": 2.0, "geo_local_area": "Riley Park", "geo_point_2d": {"lon": -123.11503682454529, "lat": 49.25477568506048}}}, {"type": "Feature", "geometry": {"coordinates": [-123.11547622052872, 49.251613776764714], "type": "Point"}, "properties": {"block_number": "37", "node_number": 11.0, "geo_local_area": "South Cambie", "geo_point_2d": {"lon": -123.11547622052872, "lat": 49.251613776764714}}}, {"type": "Feature", "geometry": {"coordinates": [-123.11544545157071, 49.25185443877749], "type": "Point"}, "properties": {"block_number": "37", "node_number": 5.0, "geo_local_area": "South Cambie", "geo_point_2d": {"lon": -123.11544545157071, "lat": 49.25185443877749}}}, {"type": "Feature", "geometry": {"coordinates": [-123.11504088763111, 49.25388079146457], "type": "Point"}, "properties": {"block_number": "35", "node_number": 4.0, "geo_local_area": "Riley Park", "geo_point_2d": {"lon": -123.11504088763111, "lat": 49.25388079146457}}}, {"type": "Feature", "geometry": {"coordinates": [-123.11552613783668, 49.252359583897466], "type": "Point"}, "properties": {"block_number": "36", "node_number": 15.0, "geo_local_area": "South Cambie", "geo_point_2d": {"lon": -123.11552613783668, "lat": 49.252359583897466}}}, {"type": "Feature", "geometry": {"coordinates": [-123.11222471613436, 49.24631602040834], "type": "Point"}, "properties": {"block_number": "43", "node_number": 4.0, "geo_local_area": "Riley Park", "geo_point_2d": {"lon": -123.11222471613436, "lat": 49.24631602040834}}}, {"type": "Feature", "geometry": {"coordinates": [-123.11516749381055, 49.252168568567924], "type": "Point"}, "properties": {"block_number": "36", "node_number": 14.0, "geo_local_area": "Riley Park", "geo_point_2d": {"lon": -123.11516749381055, "lat": 49.252168568567924}}}, {"type": "Feature", "geometry": {"coordinates": [-123.110831213607, 49.2446419042572], "type": "Point"}, "properties": {"block_number": "01", "node_number": 11.0, "geo_local_area": "Riley Park", "geo_point_2d": {"lon": -123.110831213607, "lat": 49.2446419042572}}}, {"type": "Feature", "geometry": {"coordinates": [-123.10954510204965, 49.24350629490967], "type": "Point"}, "properties": {"block_number": "01", "node_number": 5.0, "geo_local_area": "Riley Park", "geo_point_2d": {"lon": -123.10954510204965, "lat": 49.24350629490967}}}, {"type": "Feature", "geometry": {"coordinates": [-123.11506588180667, 49.25240763693622], "type": "Point"}, "properties": {"block_number": "36", "node_number": 12.0, "geo_local_area": "Riley Park", "geo_point_2d": {"lon": -123.11506588180667, "lat": 49.25240763693622}}}, {"type": "Feature", "geometry": {"coordinates": [-123.11491425551833, 49.24787760241402], "type": "Point"}, "properties": {"block_number": "04", "node_number": 6.0, "geo_local_area": "Riley Park", "geo_point_2d": {"lon": -123.11491425551833, "lat": 49.24787760241402}}}, {"type": "Feature", "geometry": {"coordinates": [-123.11849201300953, 49.2432615468068], "type": "Point"}, "properties": {"block_number": "06", "node_number": 1.0, "geo_local_area": "South Cambie", "geo_point_2d": {"lon": -123.11849201300953, "lat": 49.2432615468068}}}, {"type": "Feature", "geometry": {"coordinates": [-123.1087644009111, 49.24281474102724], "type": "Point"}, "properties": {"block_number": "00", "node_number": 15.0, "geo_local_area": "Riley Park", "geo_point_2d": {"lon": -123.1087644009111, "lat": 49.24281474102724}}}, {"type": "Feature", "geometry": {"coordinates": [-123.11518865323374, 49.25173639889272], "type": "Point"}, "properties": {"block_number": "37", "node_number": 6.0, "geo_local_area": "Riley Park", "geo_point_2d": {"lon": -123.11518865323374, "lat": 49.25173639889272}}}, {"type": "Feature", "geometry": {"coordinates": [-123.12728455048409, 49.25177302670842], "type": "Point"}, "properties": {"block_number": "09", "node_number": 5.0, "geo_local_area": "South Cambie", "geo_point_2d": {"lon": -123.12728455048409, "lat": 49.25177302670842}}}, {"type": "Feature", "geometry": {"coordinates": [-123.11552473742573, 49.25253088134571], "type": "Point"}, "properties": {"block_number": "36", "node_number": 11.0, "geo_local_area": "South Cambie", "geo_point_2d": {"lon": -123.11552473742573, "lat": 49.25253088134571}}}, {"type": "Feature", "geometry": {"coordinates": [-123.10927123252684, 49.24303513184138], "type": "Point"}, "properties": {"block_number": "01", "node_number": 2.0, "geo_local_area": "Riley Park", "geo_point_2d": {"lon": -123.10927123252684, "lat": 49.24303513184138}}}, {"type": "Feature", "geometry": {"coordinates": [-123.11551151605865, 49.249956299045], "type": "Point"}, "properties": {"block_number": "40", "node_number": 1.0, "geo_local_area": "South Cambie", "geo_point_2d": {"lon": -123.11551151605865, "lat": 49.249956299045}}}, {"type": "Feature", "geometry": {"coordinates": [-123.1154733820878, 49.253207022655985], "type": "Point"}, "properties": {"block_number": "35", "node_number": 15.0, "geo_local_area": "South Cambie", "geo_point_2d": {"lon": -123.1154733820878, "lat": 49.253207022655985}}}, {"type": "Feature", "geometry": {"coordinates": [-123.12732695995314, 49.251817209501134], "type": "Point"}, "properties": {"block_number": "37", "node_number": 8.0, "geo_local_area": "South Cambie", "geo_point_2d": {"lon": -123.12732695995314, "lat": 49.251817209501134}}}, {"type": "Feature", "geometry": {"coordinates": [-123.12007961343313, 49.254567423902564], "type": "Point"}, "properties": {"block_number": "34", "node_number": 2.0, "geo_local_area": "South Cambie", "geo_point_2d": {"lon": -123.12007961343313, "lat": 49.254567423902564}}}, {"type": "Feature", "geometry": {"coordinates": [-123.1184225789444, 49.247318846871465], "type": "Point"}, "properties": {"block_number": "42", "node_number": 4.0, "geo_local_area": "South Cambie", "geo_point_2d": {"lon": -123.1184225789444, "lat": 49.247318846871465}}}, {"type": "Feature", "geometry": {"coordinates": [-123.12756475630681, 49.251823432743485], "type": "Point"}, "properties": {"block_number": "37", "node_number": 7.0, "geo_local_area": "Shaughnessy", "geo_point_2d": {"lon": -123.12756475630681, "lat": 49.251823432743485}}}, {"type": "Feature", "geometry": {"coordinates": [-123.115534545592, 49.24944984467252], "type": "Point"}, "properties": {"block_number": "40", "node_number": 5.0, "geo_local_area": "South Cambie", "geo_point_2d": {"lon": -123.115534545592, "lat": 49.24944984467252}}}, {"type": "Feature", "geometry": {"coordinates": [-123.11840597153125, 49.24118376157219], "type": "Point"}, "properties": {"block_number": "48", "node_number": 11.0, "geo_local_area": "Riley Park", "geo_point_2d": {"lon": -123.11840597153125, "lat": 49.24118376157219}}}, {"type": "Feature", "geometry": {"coordinates": [-123.11524694254909, 49.250012099803826], "type": "Point"}, "properties": {"block_number": "40", "node_number": 2.0, "geo_local_area": "Riley Park", "geo_point_2d": {"lon": -123.11524694254909, "lat": 49.250012099803826}}}, {"type": "Feature", "geometry": {"coordinates": [-123.11491708132007, 49.2570395678766], "type": "Point"}, "properties": {"block_number": "31", "node_number": 8.0, "geo_local_area": "Mount Pleasant", "geo_point_2d": {"lon": -123.11491708132007, "lat": 49.2570395678766}}}, {"type": "Feature", "geometry": {"coordinates": [-123.11507910319374, 49.252172056839385], "type": "Point"}, "properties": {"block_number": "36", "node_number": 16.0, "geo_local_area": "Riley Park", "geo_point_2d": {"lon": -123.11507910319374, "lat": 49.252172056839385}}}, {"type": "Feature", "geometry": {"coordinates": [-123.11811388910263, 49.24114172895742], "type": "Point"}, "properties": {"block_number": "04", "node_number": 3.0, "geo_local_area": "Riley Park", "geo_point_2d": {"lon": -123.11811388910263, "lat": 49.24114172895742}}}, {"type": "Feature", "geometry": {"coordinates": [-123.10912060670651, 49.24311340685066], "type": "Point"}, "properties": {"block_number": "01", "node_number": 1.0, "geo_local_area": "Riley Park", "geo_point_2d": {"lon": -123.10912060670651, "lat": 49.24311340685066}}}, {"type": "Feature", "geometry": {"coordinates": [-123.11859996720409, 49.24227201369801], "type": "Point"}, "properties": {"block_number": "47", "node_number": 9.0, "geo_local_area": "South Cambie", "geo_point_2d": {"lon": -123.11859996720409, "lat": 49.24227201369801}}}, {"type": "Feature", "geometry": {"coordinates": [-123.11523559791628, 49.249424003105915], "type": "Point"}, "properties": {"block_number": "40", "node_number": 6.0, "geo_local_area": "Riley Park", "geo_point_2d": {"lon": -123.11523559791628, "lat": 49.249424003105915}}}, {"type": "Feature", "geometry": {"coordinates": [-123.11548808367132, 49.25079685448087], "type": "Point"}, "properties": {"block_number": "38", "node_number": 5.0, "geo_local_area": "South Cambie", "geo_point_2d": {"lon": -123.11548808367132, "lat": 49.25079685448087}}}, {"type": "Feature", "geometry": {"coordinates": [-123.11897177672557, 49.24706398740547], "type": "Point"}, "properties": {"block_number": "06", "node_number": 2.0, "geo_local_area": "South Cambie", "geo_point_2d": {"lon": -123.11897177672557, "lat": 49.24706398740547}}}, {"type": "Feature", "geometry": {"coordinates": [-123.1139181388022, 49.24908858228001], "type": "Point"}, "properties": {"block_number": "04", "node_number": 3.0, "geo_local_area": "Riley Park", "geo_point_2d": {"lon": -123.1139181388022, "lat": 49.24908858228001}}}, {"type": "Feature", "geometry": {"coordinates": [-123.11247638551029, 49.25296214282504], "type": "Point"}, "properties": {"block_number": "02", "node_number": 5.0, "geo_local_area": "Riley Park", "geo_point_2d": {"lon": -123.11247638551029, "lat": 49.25296214282504}}}, {"type": "Feature", "geometry": {"coordinates": [-123.1071255545516, 49.2519502461566], "type": "Point"}, "properties": {"block_number": "00", "node_number": 5.0, "geo_local_area": "Riley Park", "geo_point_2d": {"lon": -123.1071255545516, "lat": 49.2519502461566}}}, {"type": "Feature", "geometry": {"coordinates": [-123.10991418602687, 49.25579810328304], "type": "Point"}, "properties": {"block_number": "02", "node_number": 1.0, "geo_local_area": "Riley Park", "geo_point_2d": {"lon": -123.10991418602687, "lat": 49.25579810328304}}}, {"type": "Feature", "geometry": {"coordinates": [-123.11331197057174, 49.24907568554828], "type": "Point"}, "properties": {"block_number": "04", "node_number": 1.0, "geo_local_area": "Riley Park", "geo_point_2d": {"lon": -123.11331197057174, "lat": 49.24907568554828}}}, {"type": "Feature", "geometry": {"coordinates": [-123.10564736098343, 49.249887149023955], "type": "Point"}, "properties": {"block_number": "00", "node_number": 2.0, "geo_local_area": "Riley Park", "geo_point_2d": {"lon": -123.10564736098343, "lat": 49.249887149023955}}}, {"type": "Feature", "geometry": {"coordinates": [-123.12461944677429, 49.24974271401761], "type": "Point"}, "properties": {"block_number": "40", "node_number": 2.0, "geo_local_area": "South Cambie", "geo_point_2d": {"lon": -123.12461944677429, "lat": 49.24974271401761}}}, {"type": "Feature", "geometry": {"coordinates": [-123.10499510198629, 49.247076671420345], "type": "Point"}, "properties": {"block_number": "43", "node_number": 2.0, "geo_local_area": "Riley Park", "geo_point_2d": {"lon": -123.10499510198629, "lat": 49.247076671420345}}}, {"type": "Feature", "geometry": {"coordinates": [-123.11239226091944, 49.254869589431635], "type": "Point"}, "properties": {"block_number": "02", "node_number": 5.0, "geo_local_area": "Riley Park", "geo_point_2d": {"lon": -123.11239226091944, "lat": 49.254869589431635}}}, {"type": "Feature", "geometry": {"coordinates": [-123.10759426383656, 49.24880972987272], "type": "Point"}, "properties": {"block_number": "01", "node_number": 2.0, "geo_local_area": "Riley Park", "geo_point_2d": {"lon": -123.10759426383656, "lat": 49.24880972987272}}}, {"type": "Feature", "geometry": {"coordinates": [-123.10667014959027, 49.25094815868844], "type": "Point"}, "properties": {"block_number": "00", "node_number": 4.0, "geo_local_area": "Riley Park", "geo_point_2d": {"lon": -123.10667014959027, "lat": 49.25094815868844}}}, {"type": "Feature", "geometry": {"coordinates": [-123.11205422809272, 49.24881560087138], "type": "Point"}, "properties": {"block_number": "02", "node_number": 14.0, "geo_local_area": "Riley Park", "geo_point_2d": {"lon": -123.11205422809272, "lat": 49.24881560087138}}}, {"type": "Feature", "geometry": {"coordinates": [-123.1048679732508, 49.24878659129452], "type": "Point"}, "properties": {"block_number": "50", "node_number": 2.0, "geo_local_area": "Riley Park", "geo_point_2d": {"lon": -123.1048679732508, "lat": 49.24878659129452}}}, {"type": "Feature", "geometry": {"coordinates": [-123.12492394489519, 49.24815895486938], "type": "Point"}, "properties": {"block_number": "09", "node_number": 1.0, "geo_local_area": "South Cambie", "geo_point_2d": {"lon": -123.12492394489519, "lat": 49.24815895486938}}}, {"type": "Feature", "geometry": {"coordinates": [-123.10421992295286, 49.248757268575204], "type": "Point"}, "properties": {"block_number": "50", "node_number": 4.0, "geo_local_area": "Riley Park", "geo_point_2d": {"lon": -123.10421992295286, "lat": 49.248757268575204}}}, {"type": "Feature", "geometry": {"coordinates": [-123.12217779413005, 49.248116915492766], "type": "Point"}, "properties": {"block_number": "07", "node_number": 3.0, "geo_local_area": "South Cambie", "geo_point_2d": {"lon": -123.12217779413005, "lat": 49.248116915492766}}}, {"type": "Feature", "geometry": {"coordinates": [-123.1161969543507, 49.25607624027564], "type": "Point"}, "properties": {"block_number": "05", "node_number": 1.0, "geo_local_area": "South Cambie", "geo_point_2d": {"lon": -123.1161969543507, "lat": 49.25607624027564}}}, {"type": "Feature", "geometry": {"coordinates": [-123.11524583937825, 49.25705849017739], "type": "Point"}, "properties": {"block_number": "31", "node_number": 7.0, "geo_local_area": "Fairview", "geo_point_2d": {"lon": -123.11524583937825, "lat": 49.25705849017739}}}, {"type": "Feature", "geometry": {"coordinates": [-123.11525419947026, 49.24972361560654], "type": "Point"}, "properties": {"block_number": "40", "node_number": 4.0, "geo_local_area": "Riley Park", "geo_point_2d": {"lon": -123.11525419947026, "lat": 49.24972361560654}}}, {"type": "Feature", "geometry": {"coordinates": [-123.12751586095175, 49.24621465509964], "type": "Point"}, "properties": {"block_number": "44", "node_number": 2.0, "geo_local_area": "South Cambie", "geo_point_2d": {"lon": -123.12751586095175, "lat": 49.24621465509964}}}, {"type": "Feature", "geometry": {"coordinates": [-123.12772189698941, 49.247970207000066], "type": "Point"}, "properties": {"block_number": "42", "node_number": 1.0, "geo_local_area": "Shaughnessy", "geo_point_2d": {"lon": -123.12772189698941, "lat": 49.247970207000066}}}, {"type": "Feature", "geometry": {"coordinates": [-123.11583871686263, 49.247150692037934], "type": "Point"}, "properties": {"block_number": "42", "node_number": 7.0, "geo_local_area": "South Cambie", "geo_point_2d": {"lon": -123.11583871686263, "lat": 49.247150692037934}}}, {"type": "Feature", "geometry": {"coordinates": [-123.12766066489878, 49.24970544556727], "type": "Point"}, "properties": {"block_number": "39", "node_number": 9.0, "geo_local_area": "Shaughnessy", "geo_point_2d": {"lon": -123.12766066489878, "lat": 49.24970544556727}}}, {"type": "Feature", "geometry": {"coordinates": [-123.12765048858711, 49.249947446449845], "type": "Point"}, "properties": {"block_number": "39", "node_number": 7.0, "geo_local_area": "Shaughnessy", "geo_point_2d": {"lon": -123.12765048858711, "lat": 49.249947446449845}}}, {"type": "Feature", "geometry": {"coordinates": [-123.12769382964142, 49.249053335752585], "type": "Point"}, "properties": {"block_number": "41", "node_number": 1.0, "geo_local_area": "Shaughnessy", "geo_point_2d": {"lon": -123.12769382964142, "lat": 49.249053335752585}}}, {"type": "Feature", "geometry": {"coordinates": [-123.11588503970209, 49.24555597060393], "type": "Point"}, "properties": {"block_number": "44", "node_number": 5.0, "geo_local_area": "South Cambie", "geo_point_2d": {"lon": -123.11588503970209, "lat": 49.24555597060393}}}, {"type": "Feature", "geometry": {"coordinates": [-123.12755261331598, 49.25223580525925], "type": "Point"}, "properties": {"block_number": "37", "node_number": 3.0, "geo_local_area": "Shaughnessy", "geo_point_2d": {"lon": -123.12755261331598, "lat": 49.25223580525925}}}, {"type": "Feature", "geometry": {"coordinates": [-123.12771354944043, 49.24824975203404], "type": "Point"}, "properties": {"block_number": "41", "node_number": 7.0, "geo_local_area": "Shaughnessy", "geo_point_2d": {"lon": -123.12771354944043, "lat": 49.24824975203404}}}, {"type": "Feature", "geometry": {"coordinates": [-123.11266887293327, 49.25452339083006], "type": "Point"}, "properties": {"block_number": "34", "node_number": 1.0, "geo_local_area": "Riley Park", "geo_point_2d": {"lon": -123.11266887293327, "lat": 49.25452339083006}}}, {"type": "Feature", "geometry": {"coordinates": [-123.1152232843665, 49.245768245390764], "type": "Point"}, "properties": {"block_number": "44", "node_number": 4.0, "geo_local_area": "Riley Park", "geo_point_2d": {"lon": -123.1152232843665, "lat": 49.245768245390764}}}, {"type": "Feature", "geometry": {"coordinates": [-123.12276333781476, 49.25232855301161], "type": "Point"}, "properties": {"block_number": "DO", "node_number": 1.0, "geo_local_area": "South Cambie", "geo_point_2d": {"lon": -123.12276333781476, "lat": 49.25232855301161}}}, {"type": "Feature", "geometry": {"coordinates": [-123.11543750601979, 49.24534665876761], "type": "Point"}, "properties": {"block_number": "44", "node_number": 10.0, "geo_local_area": "Riley Park", "geo_point_2d": {"lon": -123.11543750601979, "lat": 49.24534665876761}}}, {"type": "Feature", "geometry": {"coordinates": [-123.11258948586352, 49.25649353810423], "type": "Point"}, "properties": {"block_number": "32", "node_number": 1.0, "geo_local_area": "Riley Park", "geo_point_2d": {"lon": -123.11258948586352, "lat": 49.25649353810423}}}, {"type": "Feature", "geometry": {"coordinates": [-123.11545349189721, 49.245261170070115], "type": "Point"}, "properties": {"block_number": "05", "node_number": 0.1, "geo_local_area": "Riley Park", "geo_point_2d": {"lon": -123.11545349189721, "lat": 49.245261170070115}}}, {"type": "Feature", "geometry": {"coordinates": [-123.11532777542307, 49.2568467689577], "type": "Point"}, "properties": {"block_number": "05", "node_number": 0.6, "geo_local_area": "South Cambie", "geo_point_2d": {"lon": -123.11532777542307, "lat": 49.2568467689577}}}, {"type": "Feature", "geometry": {"coordinates": [-123.11524046948347, 49.24531816967501], "type": "Point"}, "properties": {"block_number": "44", "node_number": 8.0, "geo_local_area": "Riley Park", "geo_point_2d": {"lon": -123.11524046948347, "lat": 49.24531816967501}}}, {"type": "Feature", "geometry": {"coordinates": [-123.11275891252237, 49.2531846431166], "type": "Point"}, "properties": {"block_number": "35", "node_number": 1.0, "geo_local_area": "Riley Park", "geo_point_2d": {"lon": -123.11275891252237, "lat": 49.2531846431166}}}, {"type": "Feature", "geometry": {"coordinates": [-123.11278389105102, 49.251705111321414], "type": "Point"}, "properties": {"block_number": "37", "node_number": 1.0, "geo_local_area": "Riley Park", "geo_point_2d": {"lon": -123.11278389105102, "lat": 49.251705111321414}}}, {"type": "Feature", "geometry": {"coordinates": [-123.12450670149714, 49.24650150301287], "type": "Point"}, "properties": {"block_number": "43", "node_number": 1.0, "geo_local_area": "South Cambie", "geo_point_2d": {"lon": -123.12450670149714, "lat": 49.24650150301287}}}, {"type": "Feature", "geometry": {"coordinates": [-123.12751566544452, 49.24683768319224], "type": "Point"}, "properties": {"block_number": "43", "node_number": 4.0, "geo_local_area": "South Cambie", "geo_point_2d": {"lon": -123.12751566544452, "lat": 49.24683768319224}}}, {"type": "Feature", "geometry": {"coordinates": [-123.11586714627205, 49.24647595811112], "type": "Point"}, "properties": {"block_number": "43", "node_number": 5.0, "geo_local_area": "South Cambie", "geo_point_2d": {"lon": -123.11586714627205, "lat": 49.24647595811112}}}, {"type": "Feature", "geometry": {"coordinates": [-123.1250163021949, 49.251726749278156], "type": "Point"}, "properties": {"block_number": "09", "node_number": 1.0, "geo_local_area": "South Cambie", "geo_point_2d": {"lon": -123.1250163021949, "lat": 49.251726749278156}}}, {"type": "Feature", "geometry": {"coordinates": [-123.12160441536399, 49.24708947339283], "type": "Point"}, "properties": {"block_number": "07", "node_number": 2.0, "geo_local_area": "South Cambie", "geo_point_2d": {"lon": -123.12160441536399, "lat": 49.24708947339283}}}, {"type": "Feature", "geometry": {"coordinates": [-123.11694158421588, 49.25237257921793], "type": "Point"}, "properties": {"block_number": "05", "node_number": 4.0, "geo_local_area": "South Cambie", "geo_point_2d": {"lon": -123.11694158421588, "lat": 49.25237257921793}}}, {"type": "Feature", "geometry": {"coordinates": [-123.11600800877578, 49.253754305105076], "type": "Point"}, "properties": {"block_number": "35", "node_number": 2.0, "geo_local_area": "South Cambie", "geo_point_2d": {"lon": -123.11600800877578, "lat": 49.253754305105076}}}, {"type": "Feature", "geometry": {"coordinates": [-123.10990554527295, 49.250587790822024], "type": "Point"}, "properties": {"block_number": "38", "node_number": 2.0, "geo_local_area": "Riley Park", "geo_point_2d": {"lon": -123.10990554527295, "lat": 49.250587790822024}}}, {"type": "Feature", "geometry": {"coordinates": [-123.11618586770801, 49.25507071187458], "type": "Point"}, "properties": {"block_number": "05", "node_number": 2.0, "geo_local_area": "South Cambie", "geo_point_2d": {"lon": -123.11618586770801, "lat": 49.25507071187458}}}, {"type": "Feature", "geometry": {"coordinates": [-123.10745068433854, 49.250554982671844], "type": "Point"}, "properties": {"block_number": "38", "node_number": 1.0, "geo_local_area": "Riley Park", "geo_point_2d": {"lon": -123.10745068433854, "lat": 49.250554982671844}}}, {"type": "Feature", "geometry": {"coordinates": [-123.10513873270654, 49.24997204221833], "type": "Point"}, "properties": {"block_number": "00", "node_number": 1.0, "geo_local_area": "Riley Park", "geo_point_2d": {"lon": -123.10513873270654, "lat": 49.24997204221833}}}, {"type": "Feature", "geometry": {"coordinates": [-123.12210706397958, 49.25189644325231], "type": "Point"}, "properties": {"block_number": "DO", "node_number": 10.0, "geo_local_area": "South Cambie", "geo_point_2d": {"lon": -123.12210706397958, "lat": 49.25189644325231}}}, {"type": "Feature", "geometry": {"coordinates": [-123.12231099809269, 49.25349209717366], "type": "Point"}, "properties": {"block_number": "08", "node_number": 1.0, "geo_local_area": "South Cambie", "geo_point_2d": {"lon": -123.12231099809269, "lat": 49.25349209717366}}}, {"type": "Feature", "geometry": {"coordinates": [-123.10564072183358, 49.24892005112772], "type": "Point"}, "properties": {"block_number": "00", "node_number": 3.0, "geo_local_area": "Riley Park", "geo_point_2d": {"lon": -123.10564072183358, "lat": 49.24892005112772}}}, {"type": "Feature", "geometry": {"coordinates": [-123.11379896484935, 49.255777242306785], "type": "Point"}, "properties": {"block_number": "04", "node_number": 4.0, "geo_local_area": "Riley Park", "geo_point_2d": {"lon": -123.11379896484935, "lat": 49.255777242306785}}}, {"type": "Feature", "geometry": {"coordinates": [-123.1222330514343, 49.25167647571883], "type": "Point"}, "properties": {"block_number": "08", "node_number": 1.0, "geo_local_area": "South Cambie", "geo_point_2d": {"lon": -123.1222330514343, "lat": 49.25167647571883}}}, {"type": "Feature", "geometry": {"coordinates": [-123.12441298429731, 49.25463371216042], "type": "Point"}, "properties": {"block_number": "34", "node_number": 4.0, "geo_local_area": "South Cambie", "geo_point_2d": {"lon": -123.12441298429731, "lat": 49.25463371216042}}}, {"type": "Feature", "geometry": {"coordinates": [-123.12226197758092, 49.25529346008148], "type": "Point"}, "properties": {"block_number": "08", "node_number": 1.0, "geo_local_area": "South Cambie", "geo_point_2d": {"lon": -123.12226197758092, "lat": 49.25529346008148}}}, {"type": "Feature", "geometry": {"coordinates": [-123.12092796348568, 49.25525708413713], "type": "Point"}, "properties": {"block_number": "07", "node_number": 1.0, "geo_local_area": "South Cambie", "geo_point_2d": {"lon": -123.12092796348568, "lat": 49.25525708413713}}}, {"type": "Feature", "geometry": {"coordinates": [-123.11819469886082, 49.243266160085135], "type": "Point"}, "properties": {"block_number": "46", "node_number": 5.0, "geo_local_area": "South Cambie", "geo_point_2d": {"lon": -123.11819469886082, "lat": 49.243266160085135}}}, {"type": "Feature", "geometry": {"coordinates": [-123.12052955226648, 49.24919748971544], "type": "Point"}, "properties": {"block_number": "07", "node_number": 1.0, "geo_local_area": "South Cambie", "geo_point_2d": {"lon": -123.12052955226648, "lat": 49.24919748971544}}}, {"type": "Feature", "geometry": {"coordinates": [-123.10494315359836, 49.25164832747367], "type": "Point"}, "properties": {"block_number": "37", "node_number": 1.0, "geo_local_area": "Riley Park", "geo_point_2d": {"lon": -123.10494315359836, "lat": 49.25164832747367}}}, {"type": "Feature", "geometry": {"coordinates": [-123.11657538373508, 49.245146262737414], "type": "Point"}, "properties": {"block_number": "05", "node_number": 2.0, "geo_local_area": "South Cambie", "geo_point_2d": {"lon": -123.11657538373508, "lat": 49.245146262737414}}}, {"type": "Feature", "geometry": {"coordinates": [-123.11243657069576, 49.2560818049945], "type": "Point"}, "properties": {"block_number": "32", "node_number": 2.0, "geo_local_area": "Riley Park", "geo_point_2d": {"lon": -123.11243657069576, "lat": 49.2560818049945}}}, {"type": "Feature", "geometry": {"coordinates": [-123.12166232446005, 49.254278460735065], "type": "Point"}, "properties": {"block_number": "07", "node_number": 4.0, "geo_local_area": "South Cambie", "geo_point_2d": {"lon": -123.12166232446005, "lat": 49.254278460735065}}}, {"type": "Feature", "geometry": {"coordinates": [-123.10983204691193, 49.24899071305293], "type": "Point"}, "properties": {"block_number": "01", "node_number": 9.0, "geo_local_area": "Riley Park", "geo_point_2d": {"lon": -123.10983204691193, "lat": 49.24899071305293}}}, {"type": "Feature", "geometry": {"coordinates": [-123.106581363403, 49.25376074121212], "type": "Point"}, "properties": {"block_number": "00", "node_number": 4.0, "geo_local_area": "Riley Park", "geo_point_2d": {"lon": -123.106581363403, "lat": 49.25376074121212}}}, {"type": "Feature", "geometry": {"coordinates": [-123.12449851444345, 49.25260068176042], "type": "Point"}, "properties": {"block_number": "37", "node_number": 2.0, "geo_local_area": "South Cambie", "geo_point_2d": {"lon": -123.12449851444345, "lat": 49.25260068176042}}}, {"type": "Feature", "geometry": {"coordinates": [-123.12710158429768, 49.25076665332577], "type": "Point"}, "properties": {"block_number": "09", "node_number": 4.0, "geo_local_area": "South Cambie", "geo_point_2d": {"lon": -123.12710158429768, "lat": 49.25076665332577}}}, {"type": "Feature", "geometry": {"coordinates": [-123.12037619348725, 49.24319523799135], "type": "Point"}, "properties": {"block_number": "06", "node_number": 4.0, "geo_local_area": "South Cambie", "geo_point_2d": {"lon": -123.12037619348725, "lat": 49.24319523799135}}}, {"type": "Feature", "geometry": {"coordinates": [-123.1244452911373, 49.25387350919146], "type": "Point"}, "properties": {"block_number": "35", "node_number": 2.0, "geo_local_area": "South Cambie", "geo_point_2d": {"lon": -123.1244452911373, "lat": 49.25387350919146}}}, {"type": "Feature", "geometry": {"coordinates": [-123.11859677915805, 49.24916736796769], "type": "Point"}, "properties": {"block_number": "06", "node_number": 1.0, "geo_local_area": "South Cambie", "geo_point_2d": {"lon": -123.11859677915805, "lat": 49.24916736796769}}}, {"type": "Feature", "geometry": {"coordinates": [-123.12465182944145, 49.25217512329094], "type": "Point"}, "properties": {"block_number": "37", "node_number": 1.0, "geo_local_area": "South Cambie", "geo_point_2d": {"lon": -123.12465182944145, "lat": 49.25217512329094}}}, {"type": "Feature", "geometry": {"coordinates": [-123.1132631759119, 49.254883050321645], "type": "Point"}, "properties": {"block_number": "04", "node_number": 1.0, "geo_local_area": "Riley Park", "geo_point_2d": {"lon": -123.1132631759119, "lat": 49.254883050321645}}}, {"type": "Feature", "geometry": {"coordinates": [-123.12358893833174, 49.24813866721734], "type": "Point"}, "properties": {"block_number": "08", "node_number": 1.0, "geo_local_area": "South Cambie", "geo_point_2d": {"lon": -123.12358893833174, "lat": 49.24813866721734}}}, {"type": "Feature", "geometry": {"coordinates": [-123.1081230442638, 49.25002605671884], "type": "Point"}, "properties": {"block_number": "01", "node_number": 1.0, "geo_local_area": "Riley Park", "geo_point_2d": {"lon": -123.1081230442638, "lat": 49.25002605671884}}}, {"type": "Feature", "geometry": {"coordinates": [-123.11898883446675, 49.252932816296784], "type": "Point"}, "properties": {"block_number": "06", "node_number": 2.0, "geo_local_area": "South Cambie", "geo_point_2d": {"lon": -123.11898883446675, "lat": 49.252932816296784}}}, {"type": "Feature", "geometry": {"coordinates": [-123.12746553610883, 49.24636033447902], "type": "Point"}, "properties": {"block_number": "09", "node_number": 5.0, "geo_local_area": "South Cambie", "geo_point_2d": {"lon": -123.12746553610883, "lat": 49.24636033447902}}}, {"type": "Feature", "geometry": {"coordinates": [-123.12038222554925, 49.249225843364776], "type": "Point"}, "properties": {"block_number": "40", "node_number": 3.0, "geo_local_area": "South Cambie", "geo_point_2d": {"lon": -123.12038222554925, "lat": 49.249225843364776}}}, {"type": "Feature", "geometry": {"coordinates": [-123.12021897260509, 49.249067175598334], "type": "Point"}, "properties": {"block_number": "06", "node_number": 7.5, "geo_local_area": "South Cambie", "geo_point_2d": {"lon": -123.12021897260509, "lat": 49.249067175598334}}}, {"type": "Feature", "geometry": {"coordinates": [-123.12038352332041, 49.24891754851642], "type": "Point"}, "properties": {"block_number": "41", "node_number": 1.0, "geo_local_area": "South Cambie", "geo_point_2d": {"lon": -123.12038352332041, "lat": 49.24891754851642}}}, {"type": "Feature", "geometry": {"coordinates": [-123.11083964241416, 49.24879426645129], "type": "Point"}, "properties": {"block_number": "02", "node_number": 6.0, "geo_local_area": "Riley Park", "geo_point_2d": {"lon": -123.11083964241416, "lat": 49.24879426645129}}}, {"type": "Feature", "geometry": {"coordinates": [-123.12476970440099, 49.24933466319125], "type": "Point"}, "properties": {"block_number": "40", "node_number": 1.0, "geo_local_area": "South Cambie", "geo_point_2d": {"lon": -123.12476970440099, "lat": 49.24933466319125}}}, {"type": "Feature", "geometry": {"coordinates": [-123.12484603560722, 49.24917191100473], "type": "Point"}, "properties": {"block_number": "09", "node_number": 0.6, "geo_local_area": "South Cambie", "geo_point_2d": {"lon": -123.12484603560722, "lat": 49.24917191100473}}}, {"type": "Feature", "geometry": {"coordinates": [-123.11740793127359, 49.24438824566469], "type": "Point"}, "properties": {"block_number": "45", "node_number": 4.0, "geo_local_area": "South Cambie", "geo_point_2d": {"lon": -123.11740793127359, "lat": 49.24438824566469}}}, {"type": "Feature", "geometry": {"coordinates": [-123.11614385624172, 49.24503609195191], "type": "Point"}, "properties": {"block_number": "45", "node_number": 8.0, "geo_local_area": "South Cambie", "geo_point_2d": {"lon": -123.11614385624172, "lat": 49.24503609195191}}}, {"type": "Feature", "geometry": {"coordinates": [-123.11613772184492, 49.245039138508375], "type": "Point"}, "properties": {"block_number": "45", "node_number": 7.0, "geo_local_area": "South Cambie", "geo_point_2d": {"lon": -123.11613772184492, "lat": 49.245039138508375}}}, {"type": "Feature", "geometry": {"coordinates": [-123.11614513709605, 49.24505498065871], "type": "Point"}, "properties": {"block_number": "45", "node_number": 1.0, "geo_local_area": "South Cambie", "geo_point_2d": {"lon": -123.11614513709605, "lat": 49.24505498065871}}}, {"type": "Feature", "geometry": {"coordinates": [-123.11610728138355, 49.24504764261695], "type": "Point"}, "properties": {"block_number": "45", "node_number": 3.0, "geo_local_area": "South Cambie", "geo_point_2d": {"lon": -123.11610728138355, "lat": 49.24504764261695}}}, {"type": "Feature", "geometry": {"coordinates": [-123.11607751990518, 49.24504688094278], "type": "Point"}, "properties": {"block_number": "45", "node_number": 5.0, "geo_local_area": "South Cambie", "geo_point_2d": {"lon": -123.11607751990518, "lat": 49.24504688094278}}}, {"type": "Feature", "geometry": {"coordinates": [-123.11174867284967, 49.2488062359494], "type": "Point"}, "properties": {"block_number": "02", "node_number": 12.0, "geo_local_area": "Riley Park", "geo_point_2d": {"lon": -123.11174867284967, "lat": 49.2488062359494}}}, {"type": "Feature", "geometry": {"coordinates": [-123.11491544321869, 49.245298865828396], "type": "Point"}, "properties": {"block_number": "04", "node_number": 9.0, "geo_local_area": "Riley Park", "geo_point_2d": {"lon": -123.11491544321869, "lat": 49.245298865828396}}}, {"type": "Feature", "geometry": {"coordinates": [-123.10700120788805, 49.2487962570997], "type": "Point"}, "properties": {"block_number": "00", "node_number": 8.5, "geo_local_area": "Riley Park", "geo_point_2d": {"lon": -123.10700120788805, "lat": 49.2487962570997}}}, {"type": "Feature", "geometry": {"coordinates": [-123.10646194193076, 49.2487871213995], "type": "Point"}, "properties": {"block_number": "00", "node_number": 6.5, "geo_local_area": "Riley Park", "geo_point_2d": {"lon": -123.10646194193076, "lat": 49.2487871213995}}}, {"type": "Feature", "geometry": {"coordinates": [-123.11941929424101, 49.24438822599632], "type": "Point"}, "properties": {"block_number": "06", "node_number": 1.3, "geo_local_area": "South Cambie", "geo_point_2d": {"lon": -123.11941929424101, "lat": 49.24438822599632}}}, {"type": "Feature", "geometry": {"coordinates": [-123.11897563056, 49.244739309066325], "type": "Point"}, "properties": {"block_number": "06", "node_number": 1.0, "geo_local_area": "South Cambie", "geo_point_2d": {"lon": -123.11897563056, "lat": 49.244739309066325}}}, {"type": "Feature", "geometry": {"coordinates": [-123.11556483832072, 49.249182575124024], "type": "Point"}, "properties": {"block_number": "40", "node_number": 7.0, "geo_local_area": "South Cambie", "geo_point_2d": {"lon": -123.11556483832072, "lat": 49.249182575124024}}}, {"type": "Feature", "geometry": {"coordinates": [-123.10756279771014, 49.248075865362], "type": "Point"}, "properties": {"block_number": "41", "node_number": 3.0, "geo_local_area": "Riley Park", "geo_point_2d": {"lon": -123.10756279771014, "lat": 49.248075865362}}}, {"type": "Feature", "geometry": {"coordinates": [-123.10983356221092, 49.24885616997055], "type": "Point"}, "properties": {"block_number": "01", "node_number": 10.0, "geo_local_area": "Riley Park", "geo_point_2d": {"lon": -123.10983356221092, "lat": 49.24885616997055}}}, {"type": "Feature", "geometry": {"coordinates": [-123.11514091439247, 49.25262202630736], "type": "Point"}, "properties": {"block_number": "36", "node_number": 6.0, "geo_local_area": "Riley Park", "geo_point_2d": {"lon": -123.11514091439247, "lat": 49.25262202630736}}}, {"type": "Feature", "geometry": {"coordinates": [-123.11556196510514, 49.25113646733039], "type": "Point"}, "properties": {"block_number": "38", "node_number": 3.0, "geo_local_area": "South Cambie", "geo_point_2d": {"lon": -123.11556196510514, "lat": 49.25113646733039}}}, {"type": "Feature", "geometry": {"coordinates": [-123.11525127961444, 49.25019882740522], "type": "Point"}, "properties": {"block_number": "38", "node_number": 14.0, "geo_local_area": "Riley Park", "geo_point_2d": {"lon": -123.11525127961444, "lat": 49.25019882740522}}}, {"type": "Feature", "geometry": {"coordinates": [-123.11542490428447, 49.2523242528926], "type": "Point"}, "properties": {"block_number": "36", "node_number": 13.0, "geo_local_area": "South Cambie", "geo_point_2d": {"lon": -123.11542490428447, "lat": 49.2523242528926}}}, {"type": "Feature", "geometry": {"coordinates": [-123.1150634225176, 49.25283942810677], "type": "Point"}, "properties": {"block_number": "36", "node_number": 4.0, "geo_local_area": "Riley Park", "geo_point_2d": {"lon": -123.1150634225176, "lat": 49.25283942810677}}}, {"type": "Feature", "geometry": {"coordinates": [-123.11551440355476, 49.25019859160762], "type": "Point"}, "properties": {"block_number": "38", "node_number": 13.0, "geo_local_area": "South Cambie", "geo_point_2d": {"lon": -123.11551440355476, "lat": 49.25019859160762}}}, {"type": "Feature", "geometry": {"coordinates": [-123.11511724280327, 49.25150731670789], "type": "Point"}, "properties": {"block_number": "37", "node_number": 12.0, "geo_local_area": "Riley Park", "geo_point_2d": {"lon": -123.11511724280327, "lat": 49.25150731670789}}}, {"type": "Feature", "geometry": {"coordinates": [-123.10972817931913, 49.24342152995405], "type": "Point"}, "properties": {"block_number": "01", "node_number": 6.0, "geo_local_area": "Riley Park", "geo_point_2d": {"lon": -123.10972817931913, "lat": 49.24342152995405}}}, {"type": "Feature", "geometry": {"coordinates": [-123.11824761355074, 49.24339521459153], "type": "Point"}, "properties": {"block_number": "46", "node_number": 3.5, "geo_local_area": "South Cambie", "geo_point_2d": {"lon": -123.11824761355074, "lat": 49.24339521459153}}}, {"type": "Feature", "geometry": {"coordinates": [-123.11534376408285, 49.254130430707704], "type": "Point"}, "properties": {"block_number": "34", "node_number": 7.0, "geo_local_area": "South Cambie", "geo_point_2d": {"lon": -123.11534376408285, "lat": 49.254130430707704}}}, {"type": "Feature", "geometry": {"coordinates": [-123.11522301061915, 49.25076984562068], "type": "Point"}, "properties": {"block_number": "38", "node_number": 6.0, "geo_local_area": "Riley Park", "geo_point_2d": {"lon": -123.11522301061915, "lat": 49.25076984562068}}}, {"type": "Feature", "geometry": {"coordinates": [-123.1093256859745, 49.2433241962712], "type": "Point"}, "properties": {"block_number": "01", "node_number": 3.0, "geo_local_area": "Riley Park", "geo_point_2d": {"lon": -123.1093256859745, "lat": 49.2433241962712}}}, {"type": "Feature", "geometry": {"coordinates": [-123.12609009442721, 49.24933268996482], "type": "Point"}, "properties": {"block_number": "09", "node_number": 5.0, "geo_local_area": "South Cambie", "geo_point_2d": {"lon": -123.12609009442721, "lat": 49.24933268996482}}}, {"type": "Feature", "geometry": {"coordinates": [-123.11595052197671, 49.255541803065164], "type": "Point"}, "properties": {"block_number": "33", "node_number": 2.0, "geo_local_area": "South Cambie", "geo_point_2d": {"lon": -123.11595052197671, "lat": 49.255541803065164}}}, {"type": "Feature", "geometry": {"coordinates": [-123.12351807663764, 49.24902432342138], "type": "Point"}, "properties": {"block_number": "08", "node_number": 6.0, "geo_local_area": "South Cambie", "geo_point_2d": {"lon": -123.12351807663764, "lat": 49.24902432342138}}}, {"type": "Feature", "geometry": {"coordinates": [-123.11567600198701, 49.25137716439651], "type": "Point"}, "properties": {"block_number": "05", "node_number": 1.0, "geo_local_area": "South Cambie", "geo_point_2d": {"lon": -123.11567600198701, "lat": 49.25137716439651}}}, {"type": "Feature", "geometry": {"coordinates": [-123.10730919152084, 49.2487916897167], "type": "Point"}, "properties": {"block_number": "00", "node_number": 10.0, "geo_local_area": "Riley Park", "geo_point_2d": {"lon": -123.10730919152084, "lat": 49.2487916897167}}}, {"type": "Feature", "geometry": {"coordinates": [-123.11743481795656, 49.24099259649295], "type": "Point"}, "properties": {"block_number": "04", "node_number": 2.0, "geo_local_area": "Riley Park", "geo_point_2d": {"lon": -123.11743481795656, "lat": 49.24099259649295}}}, {"type": "Feature", "geometry": {"coordinates": [-123.1179412384951, 49.24517984092121], "type": "Point"}, "properties": {"block_number": "05", "node_number": 4.0, "geo_local_area": "South Cambie", "geo_point_2d": {"lon": -123.1179412384951, "lat": 49.24517984092121}}}, {"type": "Feature", "geometry": {"coordinates": [-123.10507531189579, 49.24869330228512], "type": "Point"}, "properties": {"block_number": "41", "node_number": 1.0, "geo_local_area": "Riley Park", "geo_point_2d": {"lon": -123.10507531189579, "lat": 49.24869330228512}}}, {"type": "Feature", "geometry": {"coordinates": [-123.11847711264541, 49.245526859505524], "type": "Point"}, "properties": {"block_number": "44", "node_number": 2.0, "geo_local_area": "South Cambie", "geo_point_2d": {"lon": -123.11847711264541, "lat": 49.245526859505524}}}, {"type": "Feature", "geometry": {"coordinates": [-123.1248670765876, 49.24904822184996], "type": "Point"}, "properties": {"block_number": "09", "node_number": 2.0, "geo_local_area": "South Cambie", "geo_point_2d": {"lon": -123.1248670765876, "lat": 49.24904822184996}}}, {"type": "Feature", "geometry": {"coordinates": [-123.11544949113008, 49.25412289505442], "type": "Point"}, "properties": {"block_number": "05", "node_number": 1.0, "geo_local_area": "South Cambie", "geo_point_2d": {"lon": -123.11544949113008, "lat": 49.25412289505442}}}, {"type": "Feature", "geometry": {"coordinates": [-123.11219667996407, 49.245027381377334], "type": "Point"}, "properties": {"block_number": "02", "node_number": 2.0, "geo_local_area": "Riley Park", "geo_point_2d": {"lon": -123.11219667996407, "lat": 49.245027381377334}}}, {"type": "Feature", "geometry": {"coordinates": [-123.11499850959315, 49.252870103481555], "type": "Point"}, "properties": {"block_number": "04", "node_number": 6.0, "geo_local_area": "Riley Park", "geo_point_2d": {"lon": -123.11499850959315, "lat": 49.252870103481555}}}, {"type": "Feature", "geometry": {"coordinates": [-123.10816516915403, 49.24896100926099], "type": "Point"}, "properties": {"block_number": "01", "node_number": 3.0, "geo_local_area": "Riley Park", "geo_point_2d": {"lon": -123.10816516915403, "lat": 49.24896100926099}}}, {"type": "Feature", "geometry": {"coordinates": [-123.12215353950374, 49.25394121529983], "type": "Point"}, "properties": {"block_number": "35", "node_number": 1.0, "geo_local_area": "South Cambie", "geo_point_2d": {"lon": -123.12215353950374, "lat": 49.25394121529983}}}, {"type": "Feature", "geometry": {"coordinates": [-123.120485260325, 49.251543994937734], "type": "Point"}, "properties": {"block_number": "07", "node_number": 2.0, "geo_local_area": "South Cambie", "geo_point_2d": {"lon": -123.120485260325, "lat": 49.251543994937734}}}, {"type": "Feature", "geometry": {"coordinates": [-123.12292079079397, 49.24802935036728], "type": "Point"}, "properties": {"block_number": "08", "node_number": 2.0, "geo_local_area": "South Cambie", "geo_point_2d": {"lon": -123.12292079079397, "lat": 49.24802935036728}}}, {"type": "Feature", "geometry": {"coordinates": [-123.12592794192776, 49.25074313868843], "type": "Point"}, "properties": {"block_number": "09", "node_number": 2.0, "geo_local_area": "South Cambie", "geo_point_2d": {"lon": -123.12592794192776, "lat": 49.25074313868843}}}, {"type": "Feature", "geometry": {"coordinates": [-123.11536248678897, 49.25366130221376], "type": "Point"}, "properties": {"block_number": "35", "node_number": 5.0, "geo_local_area": "South Cambie", "geo_point_2d": {"lon": -123.11536248678897, "lat": 49.25366130221376}}}, {"type": "Feature", "geometry": {"coordinates": [-123.1106423582778, 49.25279805083948], "type": "Point"}, "properties": {"block_number": "02", "node_number": 2.0, "geo_local_area": "Riley Park", "geo_point_2d": {"lon": -123.1106423582778, "lat": 49.25279805083948}}}, {"type": "Feature", "geometry": {"coordinates": [-123.10735914879244, 49.24693977717802], "type": "Point"}, "properties": {"block_number": "00", "node_number": 3.0, "geo_local_area": "Riley Park", "geo_point_2d": {"lon": -123.10735914879244, "lat": 49.24693977717802}}}, {"type": "Feature", "geometry": {"coordinates": [-123.10961661116657, 49.254713985335975], "type": "Point"}, "properties": {"block_number": "01", "node_number": 6.0, "geo_local_area": "Riley Park", "geo_point_2d": {"lon": -123.10961661116657, "lat": 49.254713985335975}}}, {"type": "Feature", "geometry": {"coordinates": [-123.11383557292115, 49.25388806611016], "type": "Point"}, "properties": {"block_number": "04", "node_number": 4.0, "geo_local_area": "Riley Park", "geo_point_2d": {"lon": -123.11383557292115, "lat": 49.25388806611016}}}, {"type": "Feature", "geometry": {"coordinates": [-123.11961402703598, 49.2491798840599], "type": "Point"}, "properties": {"block_number": "06", "node_number": 5.0, "geo_local_area": "South Cambie", "geo_point_2d": {"lon": -123.11961402703598, "lat": 49.2491798840599}}}, {"type": "Feature", "geometry": {"coordinates": [-123.11985793269196, 49.2560403064657], "type": "Point"}, "properties": {"block_number": "06", "node_number": 4.0, "geo_local_area": "South Cambie", "geo_point_2d": {"lon": -123.11985793269196, "lat": 49.2560403064657}}}, {"type": "Feature", "geometry": {"coordinates": [-123.1055152232522, 49.25270829833928], "type": "Point"}, "properties": {"block_number": "00", "node_number": 2.0, "geo_local_area": "Riley Park", "geo_point_2d": {"lon": -123.1055152232522, "lat": 49.25270829833928}}}, {"type": "Feature", "geometry": {"coordinates": [-123.1087153656883, 49.24993596237202], "type": "Point"}, "properties": {"block_number": "01", "node_number": 4.0, "geo_local_area": "Riley Park", "geo_point_2d": {"lon": -123.1087153656883, "lat": 49.24993596237202}}}, {"type": "Feature", "geometry": {"coordinates": [-123.11532745595422, 49.254603874455874], "type": "Point"}, "properties": {"block_number": "34", "node_number": 3.0, "geo_local_area": "South Cambie", "geo_point_2d": {"lon": -123.11532745595422, "lat": 49.254603874455874}}}, {"type": "Feature", "geometry": {"coordinates": [-123.12671738968217, 49.2493513883583], "type": "Point"}, "properties": {"block_number": "09", "node_number": 7.0, "geo_local_area": "South Cambie", "geo_point_2d": {"lon": -123.12671738968217, "lat": 49.2493513883583}}}, {"type": "Feature", "geometry": {"coordinates": [-123.12382647986375, 49.25432995295803], "type": "Point"}, "properties": {"block_number": "08", "node_number": 4.0, "geo_local_area": "South Cambie", "geo_point_2d": {"lon": -123.12382647986375, "lat": 49.25432995295803}}}, {"type": "Feature", "geometry": {"coordinates": [-123.12776349807844, 49.24909203716445], "type": "Point"}, "properties": {"block_number": "10", "node_number": 2.0, "geo_local_area": "Shaughnessy", "geo_point_2d": {"lon": -123.12776349807844, "lat": 49.24909203716445}}}, {"type": "Feature", "geometry": {"coordinates": [-123.11511949000105, 49.253058774739515], "type": "Point"}, "properties": {"block_number": "35", "node_number": 14.0, "geo_local_area": "Riley Park", "geo_point_2d": {"lon": -123.11511949000105, "lat": 49.253058774739515}}}, {"type": "Feature", "geometry": {"coordinates": [-123.11195890388177, 49.25000384602673], "type": "Point"}, "properties": {"block_number": "02", "node_number": 4.0, "geo_local_area": "Riley Park", "geo_point_2d": {"lon": -123.11195890388177, "lat": 49.25000384602673}}}, {"type": "Feature", "geometry": {"coordinates": [-123.1076465704863, 49.248953487875134], "type": "Point"}, "properties": {"block_number": "01", "node_number": 1.0, "geo_local_area": "Riley Park", "geo_point_2d": {"lon": -123.1076465704863, "lat": 49.248953487875134}}}, {"type": "Feature", "geometry": {"coordinates": [-123.12639481643468, 49.24818438572062], "type": "Point"}, "properties": {"block_number": "09", "node_number": 3.0, "geo_local_area": "South Cambie", "geo_point_2d": {"lon": -123.12639481643468, "lat": 49.24818438572062}}}, {"type": "Feature", "geometry": {"coordinates": [-123.11593617210377, 49.25332261554496], "type": "Point"}, "properties": {"block_number": "05", "node_number": 1.0, "geo_local_area": "South Cambie", "geo_point_2d": {"lon": -123.11593617210377, "lat": 49.25332261554496}}}, {"type": "Feature", "geometry": {"coordinates": [-123.11254999436126, 49.25363679377681], "type": "Point"}, "properties": {"block_number": "35", "node_number": 2.0, "geo_local_area": "Riley Park", "geo_point_2d": {"lon": -123.11254999436126, "lat": 49.25363679377681}}}, {"type": "Feature", "geometry": {"coordinates": [-123.1222663893335, 49.24846650236398], "type": "Point"}, "properties": {"block_number": "41", "node_number": 2.0, "geo_local_area": "South Cambie", "geo_point_2d": {"lon": -123.1222663893335, "lat": 49.24846650236398}}}, {"type": "Feature", "geometry": {"coordinates": [-123.12210471610916, 49.25219807361159], "type": "Point"}, "properties": {"block_number": "DO", "node_number": 8.0, "geo_local_area": "South Cambie", "geo_point_2d": {"lon": -123.12210471610916, "lat": 49.25219807361159}}}, {"type": "Feature", "geometry": {"coordinates": [-123.11434651819478, 49.24612672203108], "type": "Point"}, "properties": {"block_number": "04", "node_number": 3.0, "geo_local_area": "Riley Park", "geo_point_2d": {"lon": -123.11434651819478, "lat": 49.24612672203108}}}, {"type": "Feature", "geometry": {"coordinates": [-123.12001001219177, 49.254353077139534], "type": "Point"}, "properties": {"block_number": "06", "node_number": 3.0, "geo_local_area": "South Cambie", "geo_point_2d": {"lon": -123.12001001219177, "lat": 49.254353077139534}}}, {"type": "Feature", "geometry": {"coordinates": [-123.11544576511528, 49.25588982981236], "type": "Point"}, "properties": {"block_number": "05", "node_number": 2.0, "geo_local_area": "South Cambie", "geo_point_2d": {"lon": -123.11544576511528, "lat": 49.25588982981236}}}, {"type": "Feature", "geometry": {"coordinates": [-123.12571872795834, 49.25164429242364], "type": "Point"}, "properties": {"block_number": "09", "node_number": 2.0, "geo_local_area": "South Cambie", "geo_point_2d": {"lon": -123.12571872795834, "lat": 49.25164429242364}}}, {"type": "Feature", "geometry": {"coordinates": [-123.10929260769986, 49.24884826344408], "type": "Point"}, "properties": {"block_number": "01", "node_number": 8.0, "geo_local_area": "Riley Park", "geo_point_2d": {"lon": -123.10929260769986, "lat": 49.24884826344408}}}, {"type": "Feature", "geometry": {"coordinates": [-123.12424106101828, 49.24804824034127], "type": "Point"}, "properties": {"block_number": "08", "node_number": 4.0, "geo_local_area": "South Cambie", "geo_point_2d": {"lon": -123.12424106101828, "lat": 49.24804824034127}}}, {"type": "Feature", "geometry": {"coordinates": [-123.11311993924545, 49.246095672626716], "type": "Point"}, "properties": {"block_number": "04", "node_number": 1.0, "geo_local_area": "Riley Park", "geo_point_2d": {"lon": -123.11311993924545, "lat": 49.246095672626716}}}, {"type": "Feature", "geometry": {"coordinates": [-123.12457719545985, 49.2490443160282], "type": "Point"}, "properties": {"block_number": "08", "node_number": 10.0, "geo_local_area": "South Cambie", "geo_point_2d": {"lon": -123.12457719545985, "lat": 49.2490443160282}}}, {"type": "Feature", "geometry": {"coordinates": [-123.11185462403017, 49.252819587483884], "type": "Point"}, "properties": {"block_number": "02", "node_number": 4.0, "geo_local_area": "Riley Park", "geo_point_2d": {"lon": -123.11185462403017, "lat": 49.252819587483884}}}, {"type": "Feature", "geometry": {"coordinates": [-123.12574196339915, 49.25345629208385], "type": "Point"}, "properties": {"block_number": "09", "node_number": 2.0, "geo_local_area": "South Cambie", "geo_point_2d": {"lon": -123.12574196339915, "lat": 49.25345629208385}}}, {"type": "Feature", "geometry": {"coordinates": [-123.11712069550784, 49.25067838995747], "type": "Point"}, "properties": {"block_number": "05", "node_number": 1.0, "geo_local_area": "South Cambie", "geo_point_2d": {"lon": -123.11712069550784, "lat": 49.25067838995747}}}, {"type": "Feature", "geometry": {"coordinates": [-123.12053675257695, 49.24897745889355], "type": "Point"}, "properties": {"block_number": "07", "node_number": 2.0, "geo_local_area": "South Cambie", "geo_point_2d": {"lon": -123.12053675257695, "lat": 49.24897745889355}}}, {"type": "Feature", "geometry": {"coordinates": [-123.11332519280863, 49.24885521750205], "type": "Point"}, "properties": {"block_number": "04", "node_number": 8.0, "geo_local_area": "Riley Park", "geo_point_2d": {"lon": -123.11332519280863, "lat": 49.24885521750205}}}, {"type": "Feature", "geometry": {"coordinates": [-123.11014297106694, 49.25006666911535], "type": "Point"}, "properties": {"block_number": "02", "node_number": 1.0, "geo_local_area": "Riley Park", "geo_point_2d": {"lon": -123.11014297106694, "lat": 49.25006666911535}}}, {"type": "Feature", "geometry": {"coordinates": [-123.12034974932897, 49.255146929750566], "type": "Point"}, "properties": {"block_number": "07", "node_number": 2.0, "geo_local_area": "South Cambie", "geo_point_2d": {"lon": -123.12034974932897, "lat": 49.255146929750566}}}, {"type": "Feature", "geometry": {"coordinates": [-123.11527167865263, 49.25582041662139], "type": "Point"}, "properties": {"block_number": "33", "node_number": 1.0, "geo_local_area": "South Cambie", "geo_point_2d": {"lon": -123.11527167865263, "lat": 49.25582041662139}}}, {"type": "Feature", "geometry": {"coordinates": [-123.12281019638267, 49.25430612993906], "type": "Point"}, "properties": {"block_number": "08", "node_number": 2.0, "geo_local_area": "South Cambie", "geo_point_2d": {"lon": -123.12281019638267, "lat": 49.25430612993906}}}, {"type": "Feature", "geometry": {"coordinates": [-123.111803796866, 49.254761956887215], "type": "Point"}, "properties": {"block_number": "02", "node_number": 4.0, "geo_local_area": "Riley Park", "geo_point_2d": {"lon": -123.111803796866, "lat": 49.254761956887215}}}, {"type": "Feature", "geometry": {"coordinates": [-123.11806421217852, 49.242588700156425], "type": "Point"}, "properties": {"block_number": "47", "node_number": 6.0, "geo_local_area": "Riley Park", "geo_point_2d": {"lon": -123.11806421217852, "lat": 49.242588700156425}}}, {"type": "Feature", "geometry": {"coordinates": [-123.12231213510906, 49.24754473959427], "type": "Point"}, "properties": {"block_number": "42", "node_number": 2.0, "geo_local_area": "South Cambie", "geo_point_2d": {"lon": -123.12231213510906, "lat": 49.24754473959427}}}, {"type": "Feature", "geometry": {"coordinates": [-123.11916513970809, 49.25150549726042], "type": "Point"}, "properties": {"block_number": "06", "node_number": 2.0, "geo_local_area": "South Cambie", "geo_point_2d": {"lon": -123.11916513970809, "lat": 49.25150549726042}}}, {"type": "Feature", "geometry": {"coordinates": [-123.11841310182389, 49.25420889434238], "type": "Point"}, "properties": {"block_number": "06", "node_number": 2.0, "geo_local_area": "South Cambie", "geo_point_2d": {"lon": -123.11841310182389, "lat": 49.25420889434238}}}, {"type": "Feature", "geometry": {"coordinates": [-123.10497373662373, 49.25068676406708], "type": "Point"}, "properties": {"block_number": "38", "node_number": 1.0, "geo_local_area": "Riley Park", "geo_point_2d": {"lon": -123.10497373662373, "lat": 49.25068676406708}}}, {"type": "Feature", "geometry": {"coordinates": [-123.11531054836168, 49.25486729836688], "type": "Point"}, "properties": {"block_number": "34", "node_number": 1.0, "geo_local_area": "South Cambie", "geo_point_2d": {"lon": -123.11531054836168, "lat": 49.25486729836688}}}, {"type": "Feature", "geometry": {"coordinates": [-123.1087291729271, 49.24897132808862], "type": "Point"}, "properties": {"block_number": "01", "node_number": 5.0, "geo_local_area": "Riley Park", "geo_point_2d": {"lon": -123.1087291729271, "lat": 49.24897132808862}}}, {"type": "Feature", "geometry": {"coordinates": [-123.12001127804713, 49.256337655129514], "type": "Point"}, "properties": {"block_number": "32", "node_number": 4.0, "geo_local_area": "South Cambie", "geo_point_2d": {"lon": -123.12001127804713, "lat": 49.256337655129514}}}, {"type": "Feature", "geometry": {"coordinates": [-123.10608204093825, 49.251940774555685], "type": "Point"}, "properties": {"block_number": "00", "node_number": 3.0, "geo_local_area": "Riley Park", "geo_point_2d": {"lon": -123.10608204093825, "lat": 49.251940774555685}}}, {"type": "Feature", "geometry": {"coordinates": [-123.11657867555049, 49.254282649711726], "type": "Point"}, "properties": {"block_number": "05", "node_number": 5.0, "geo_local_area": "South Cambie", "geo_point_2d": {"lon": -123.11657867555049, "lat": 49.254282649711726}}}, {"type": "Feature", "geometry": {"coordinates": [-123.10498639814524, 49.248927016202366], "type": "Point"}, "properties": {"block_number": "00", "node_number": 0.5, "geo_local_area": "Riley Park", "geo_point_2d": {"lon": -123.10498639814524, "lat": 49.248927016202366}}}, {"type": "Feature", "geometry": {"coordinates": [-123.11515774362809, 49.25240755440513], "type": "Point"}, "properties": {"block_number": "36", "node_number": 10.0, "geo_local_area": "Riley Park", "geo_point_2d": {"lon": -123.11515774362809, "lat": 49.25240755440513}}}, {"type": "Feature", "geometry": {"coordinates": [-123.11000978346266, 49.248175441213256], "type": "Point"}, "properties": {"block_number": "41", "node_number": 2.0, "geo_local_area": "Riley Park", "geo_point_2d": {"lon": -123.11000978346266, "lat": 49.248175441213256}}}, {"type": "Feature", "geometry": {"coordinates": [-123.10895148484956, 49.24298426891401], "type": "Point"}, "properties": {"block_number": "00", "node_number": 17.0, "geo_local_area": "Riley Park", "geo_point_2d": {"lon": -123.10895148484956, "lat": 49.24298426891401}}}, {"type": "Feature", "geometry": {"coordinates": [-123.11025682086675, 49.24414591682614], "type": "Point"}, "properties": {"block_number": "01", "node_number": 9.0, "geo_local_area": "Riley Park", "geo_point_2d": {"lon": -123.11025682086675, "lat": 49.24414591682614}}}, {"type": "Feature", "geometry": {"coordinates": [-123.10913766923626, 49.24291958832353], "type": "Point"}, "properties": {"block_number": "00", "node_number": 18.0, "geo_local_area": "Riley Park", "geo_point_2d": {"lon": -123.10913766923626, "lat": 49.24291958832353}}}, {"type": "Feature", "geometry": {"coordinates": [-123.1154127330686, 49.25252627079449], "type": "Point"}, "properties": {"block_number": "36", "node_number": 9.0, "geo_local_area": "South Cambie", "geo_point_2d": {"lon": -123.1154127330686, "lat": 49.25252627079449}}}, {"type": "Feature", "geometry": {"coordinates": [-123.11551489244631, 49.24970139789471], "type": "Point"}, "properties": {"block_number": "40", "node_number": 3.0, "geo_local_area": "South Cambie", "geo_point_2d": {"lon": -123.11551489244631, "lat": 49.24970139789471}}}, {"type": "Feature", "geometry": {"coordinates": [-123.11549660169774, 49.25139116054575], "type": "Point"}, "properties": {"block_number": "37", "node_number": 15.0, "geo_local_area": "South Cambie", "geo_point_2d": {"lon": -123.11549660169774, "lat": 49.25139116054575}}}, {"type": "Feature", "geometry": {"coordinates": [-123.11553345997301, 49.25185818276836], "type": "Point"}, "properties": {"block_number": "37", "node_number": 7.0, "geo_local_area": "South Cambie", "geo_point_2d": {"lon": -123.11553345997301, "lat": 49.25185818276836}}}, {"type": "Feature", "geometry": {"coordinates": [-123.11552517161768, 49.25271694711129], "type": "Point"}, "properties": {"block_number": "36", "node_number": 7.0, "geo_local_area": "South Cambie", "geo_point_2d": {"lon": -123.11552517161768, "lat": 49.25271694711129}}}, {"type": "Feature", "geometry": {"coordinates": [-123.11511884102872, 49.251266845752234], "type": "Point"}, "properties": {"block_number": "37", "node_number": 16.0, "geo_local_area": "Riley Park", "geo_point_2d": {"lon": -123.11511884102872, "lat": 49.251266845752234}}}, {"type": "Feature", "geometry": {"coordinates": [-123.11515916921331, 49.25049790261382], "type": "Point"}, "properties": {"block_number": "38", "node_number": 12.0, "geo_local_area": "Riley Park", "geo_point_2d": {"lon": -123.11515916921331, "lat": 49.25049790261382}}}, {"type": "Feature", "geometry": {"coordinates": [-123.11596980413556, 49.24525293503156], "type": "Point"}, "properties": {"block_number": "05", "node_number": 0.5, "geo_local_area": "South Cambie", "geo_point_2d": {"lon": -123.11596980413556, "lat": 49.24525293503156}}}, {"type": "Feature", "geometry": {"coordinates": [-123.11505706545879, 49.25336793975854], "type": "Point"}, "properties": {"block_number": "35", "node_number": 12.0, "geo_local_area": "Riley Park", "geo_point_2d": {"lon": -123.11505706545879, "lat": 49.25336793975854}}}, {"type": "Feature", "geometry": {"coordinates": [-123.11074750852228, 49.24429566793757], "type": "Point"}, "properties": {"block_number": "01", "node_number": 10.0, "geo_local_area": "Riley Park", "geo_point_2d": {"lon": -123.11074750852228, "lat": 49.24429566793757}}}, {"type": "Feature", "geometry": {"coordinates": [-123.11506996072427, 49.254061989238636], "type": "Point"}, "properties": {"block_number": "34", "node_number": 8.0, "geo_local_area": "Riley Park", "geo_point_2d": {"lon": -123.11506996072427, "lat": 49.254061989238636}}}, {"type": "Feature", "geometry": {"coordinates": [-123.10923170101424, 49.24581727881937], "type": "Point"}, "properties": {"block_number": "43", "node_number": 2.0, "geo_local_area": "Riley Park", "geo_point_2d": {"lon": -123.10923170101424, "lat": 49.24581727881937}}}, {"type": "Feature", "geometry": {"coordinates": [-123.11875582299673, 49.243150265689664], "type": "Point"}, "properties": {"block_number": "06", "node_number": 0.6, "geo_local_area": "South Cambie", "geo_point_2d": {"lon": -123.11875582299673, "lat": 49.243150265689664}}}, {"type": "Feature", "geometry": {"coordinates": [-123.11608233794155, 49.25269913580531], "type": "Point"}, "properties": {"block_number": "36", "node_number": 3.0, "geo_local_area": "South Cambie", "geo_point_2d": {"lon": -123.11608233794155, "lat": 49.25269913580531}}}, {"type": "Feature", "geometry": {"coordinates": [-123.11519687323742, 49.25150723733673], "type": "Point"}, "properties": {"block_number": "37", "node_number": 10.0, "geo_local_area": "Riley Park", "geo_point_2d": {"lon": -123.11519687323742, "lat": 49.25150723733673}}}, {"type": "Feature", "geometry": {"coordinates": [-123.1202737097761, 49.25365792205526], "type": "Point"}, "properties": {"block_number": "35", "node_number": 1.0, "geo_local_area": "South Cambie", "geo_point_2d": {"lon": -123.1202737097761, "lat": 49.25365792205526}}}, {"type": "Feature", "geometry": {"coordinates": [-123.11505794590637, 49.25306090494759], "type": "Point"}, "properties": {"block_number": "35", "node_number": 16.0, "geo_local_area": "Riley Park", "geo_point_2d": {"lon": -123.11505794590637, "lat": 49.25306090494759}}}, {"type": "Feature", "geometry": {"coordinates": [-123.11491038644714, 49.24603278304065], "type": "Point"}, "properties": {"block_number": "04", "node_number": 6.0, "geo_local_area": "Riley Park", "geo_point_2d": {"lon": -123.11491038644714, "lat": 49.24603278304065}}}, {"type": "Feature", "geometry": {"coordinates": [-123.11588571903249, 49.25516286351148], "type": "Point"}, "properties": {"block_number": "05", "node_number": 3.0, "geo_local_area": "South Cambie", "geo_point_2d": {"lon": -123.11588571903249, "lat": 49.25516286351148}}}, {"type": "Feature", "geometry": {"coordinates": [-123.11533980567067, 49.254914557034425], "type": "Point"}, "properties": {"block_number": "05", "node_number": 0.6, "geo_local_area": "South Cambie", "geo_point_2d": {"lon": -123.11533980567067, "lat": 49.254914557034425}}}, {"type": "Feature", "geometry": {"coordinates": [-123.11489202096324, 49.25590557472128], "type": "Point"}, "properties": {"block_number": "04", "node_number": 5.0, "geo_local_area": "Riley Park", "geo_point_2d": {"lon": -123.11489202096324, "lat": 49.25590557472128}}}, {"type": "Feature", "geometry": {"coordinates": [-123.11600505150231, 49.249120201794355], "type": "Point"}, "properties": {"block_number": "05", "node_number": 3.0, "geo_local_area": "South Cambie", "geo_point_2d": {"lon": -123.11600505150231, "lat": 49.249120201794355}}}, {"type": "Feature", "geometry": {"coordinates": [-123.11550838935763, 49.25121936693714], "type": "Point"}, "properties": {"block_number": "05", "node_number": 0.6, "geo_local_area": "South Cambie", "geo_point_2d": {"lon": -123.11550838935763, "lat": 49.25121936693714}}}, {"type": "Feature", "geometry": {"coordinates": [-123.11511415947466, 49.25120364096568], "type": "Point"}, "properties": {"block_number": "04", "node_number": 5.0, "geo_local_area": "Riley Park", "geo_point_2d": {"lon": -123.11511415947466, "lat": 49.25120364096568}}}, {"type": "Feature", "geometry": {"coordinates": [-123.11451487330785, 49.24506991206392], "type": "Point"}, "properties": {"block_number": "04", "node_number": 6.0, "geo_local_area": "Riley Park", "geo_point_2d": {"lon": -123.11451487330785, "lat": 49.24506991206392}}}, {"type": "Feature", "geometry": {"coordinates": [-123.12732803822998, 49.24908408937725], "type": "Point"}, "properties": {"block_number": "09", "node_number": 10.0, "geo_local_area": "South Cambie", "geo_point_2d": {"lon": -123.12732803822998, "lat": 49.24908408937725}}}, {"type": "Feature", "geometry": {"coordinates": [-123.1106954302091, 49.24689878575174], "type": "Point"}, "properties": {"block_number": "01", "node_number": 3.0, "geo_local_area": "Riley Park", "geo_point_2d": {"lon": -123.1106954302091, "lat": 49.24689878575174}}}, {"type": "Feature", "geometry": {"coordinates": [-123.114301426154, 49.247050145306815], "type": "Point"}, "properties": {"block_number": "04", "node_number": 3.0, "geo_local_area": "Riley Park", "geo_point_2d": {"lon": -123.114301426154, "lat": 49.247050145306815}}}, {"type": "Feature", "geometry": {"coordinates": [-123.11369155355739, 49.24564642924728], "type": "Point"}, "properties": {"block_number": "04", "node_number": 3.0, "geo_local_area": "Riley Park", "geo_point_2d": {"lon": -123.11369155355739, "lat": 49.24564642924728}}}, {"type": "Feature", "geometry": {"coordinates": [-123.11443894547712, 49.255311341469266], "type": "Point"}, "properties": {"block_number": "33", "node_number": 2.0, "geo_local_area": "Riley Park", "geo_point_2d": {"lon": -123.11443894547712, "lat": 49.255311341469266}}}, {"type": "Feature", "geometry": {"coordinates": [-123.1199996863613, 49.246646184163566], "type": "Point"}, "properties": {"block_number": "06", "node_number": 3.0, "geo_local_area": "South Cambie", "geo_point_2d": {"lon": -123.1199996863613, "lat": 49.246646184163566}}}, {"type": "Feature", "geometry": {"coordinates": [-123.11064497661123, 49.24633290800912], "type": "Point"}, "properties": {"block_number": "01", "node_number": 4.0, "geo_local_area": "Riley Park", "geo_point_2d": {"lon": -123.11064497661123, "lat": 49.24633290800912}}}, {"type": "Feature", "geometry": {"coordinates": [-123.12135119100243, 49.246665227629016], "type": "Point"}, "properties": {"block_number": "07", "node_number": 3.0, "geo_local_area": "South Cambie", "geo_point_2d": {"lon": -123.12135119100243, "lat": 49.246665227629016}}}, {"type": "Feature", "geometry": {"coordinates": [-123.11517144503964, 49.24711531526744], "type": "Point"}, "properties": {"block_number": "42", "node_number": 8.0, "geo_local_area": "Riley Park", "geo_point_2d": {"lon": -123.11517144503964, "lat": 49.24711531526744}}}, {"type": "Feature", "geometry": {"coordinates": [-123.11513408709898, 49.24803767856076], "type": "Point"}, "properties": {"block_number": "41", "node_number": 8.0, "geo_local_area": "Riley Park", "geo_point_2d": {"lon": -123.11513408709898, "lat": 49.24803767856076}}}, {"type": "Feature", "geometry": {"coordinates": [-123.11139375435998, 49.25153575762819], "type": "Point"}, "properties": {"block_number": "02", "node_number": 3.0, "geo_local_area": "Riley Park", "geo_point_2d": {"lon": -123.11139375435998, "lat": 49.25153575762819}}}, {"type": "Feature", "geometry": {"coordinates": [-123.10441254310128, 49.24774355712133], "type": "Point"}, "properties": {"block_number": "42", "node_number": 2.0, "geo_local_area": "Riley Park", "geo_point_2d": {"lon": -123.10441254310128, "lat": 49.24774355712133}}}, {"type": "Feature", "geometry": {"coordinates": [-123.10837644270211, 49.2478618730301], "type": "Point"}, "properties": {"block_number": "01", "node_number": 1.0, "geo_local_area": "Riley Park", "geo_point_2d": {"lon": -123.10837644270211, "lat": 49.2478618730301}}}, {"type": "Feature", "geometry": {"coordinates": [-123.11078971168645, 49.247333767762726], "type": "Point"}, "properties": {"block_number": "01", "node_number": 8.0, "geo_local_area": "Riley Park", "geo_point_2d": {"lon": -123.11078971168645, "lat": 49.247333767762726}}}, {"type": "Feature", "geometry": {"coordinates": [-123.1063734437668, 49.25144335854942], "type": "Point"}, "properties": {"block_number": "00", "node_number": 4.0, "geo_local_area": "Riley Park", "geo_point_2d": {"lon": -123.1063734437668, "lat": 49.25144335854942}}}, {"type": "Feature", "geometry": {"coordinates": [-123.10583967027405, 49.24524273521024], "type": "Point"}, "properties": {"block_number": "44", "node_number": 3.0, "geo_local_area": "Riley Park", "geo_point_2d": {"lon": -123.10583967027405, "lat": 49.24524273521024}}}, {"type": "Feature", "geometry": {"coordinates": [-123.11750280642856, 49.2565317057348], "type": "Point"}, "properties": {"block_number": "05", "node_number": 3.0, "geo_local_area": "South Cambie", "geo_point_2d": {"lon": -123.11750280642856, "lat": 49.2565317057348}}}, {"type": "Feature", "geometry": {"coordinates": [-123.11917823309807, 49.25472976746016], "type": "Point"}, "properties": {"block_number": "06", "node_number": 2.0, "geo_local_area": "South Cambie", "geo_point_2d": {"lon": -123.11917823309807, "lat": 49.25472976746016}}}, {"type": "Feature", "geometry": {"coordinates": [-123.10482054214488, 49.2512469639013], "type": "Point"}, "properties": {"block_number": "37", "node_number": 2.0, "geo_local_area": "Riley Park", "geo_point_2d": {"lon": -123.10482054214488, "lat": 49.2512469639013}}}, {"type": "Feature", "geometry": {"coordinates": [-123.10847581105146, 49.25237065538975], "type": "Point"}, "properties": {"block_number": "01", "node_number": 3.0, "geo_local_area": "Riley Park", "geo_point_2d": {"lon": -123.10847581105146, "lat": 49.25237065538975}}}, {"type": "Feature", "geometry": {"coordinates": [-123.10893282579809, 49.25429406054211], "type": "Point"}, "properties": {"block_number": "01", "node_number": 4.0, "geo_local_area": "Riley Park", "geo_point_2d": {"lon": -123.10893282579809, "lat": 49.25429406054211}}}, {"type": "Feature", "geometry": {"coordinates": [-123.11436776449435, 49.2477765435607], "type": "Point"}, "properties": {"block_number": "42", "node_number": 1.0, "geo_local_area": "Riley Park", "geo_point_2d": {"lon": -123.11436776449435, "lat": 49.2477765435607}}}, {"type": "Feature", "geometry": {"coordinates": [-123.11443686582518, 49.25061901243954], "type": "Point"}, "properties": {"block_number": "04", "node_number": 4.0, "geo_local_area": "Riley Park", "geo_point_2d": {"lon": -123.11443686582518, "lat": 49.25061901243954}}}, {"type": "Feature", "geometry": {"coordinates": [-123.11835478810468, 49.24661871844167], "type": "Point"}, "properties": {"block_number": "05", "node_number": 4.0, "geo_local_area": "South Cambie", "geo_point_2d": {"lon": -123.11835478810468, "lat": 49.24661871844167}}}, {"type": "Feature", "geometry": {"coordinates": [-123.11516360784927, 49.2473729465239], "type": "Point"}, "properties": {"block_number": "42", "node_number": 6.0, "geo_local_area": "Riley Park", "geo_point_2d": {"lon": -123.11516360784927, "lat": 49.2473729465239}}}, {"type": "Feature", "geometry": {"coordinates": [-123.12271784406805, 49.24853283128504], "type": "Point"}, "properties": {"block_number": "08", "node_number": 1.0, "geo_local_area": "South Cambie", "geo_point_2d": {"lon": -123.12271784406805, "lat": 49.24853283128504}}}, {"type": "Feature", "geometry": {"coordinates": [-123.10582739028906, 49.24555280319602], "type": "Point"}, "properties": {"block_number": "44", "node_number": 2.0, "geo_local_area": "Riley Park", "geo_point_2d": {"lon": -123.10582739028906, "lat": 49.24555280319602}}}, {"type": "Feature", "geometry": {"coordinates": [-123.11156433131947, 49.25529485829177], "type": "Point"}, "properties": {"block_number": "02", "node_number": 6.0, "geo_local_area": "Riley Park", "geo_point_2d": {"lon": -123.11156433131947, "lat": 49.25529485829177}}}, {"type": "Feature", "geometry": {"coordinates": [-123.12839889550855, 49.249999976812546], "type": "Point"}, "properties": {"block_number": "10", "node_number": 2.0, "geo_local_area": "Shaughnessy", "geo_point_2d": {"lon": -123.12839889550855, "lat": 49.249999976812546}}}, {"type": "Feature", "geometry": {"coordinates": [-123.12311190908783, 49.248539563243796], "type": "Point"}, "properties": {"block_number": "08", "node_number": 2.0, "geo_local_area": "South Cambie", "geo_point_2d": {"lon": -123.12311190908783, "lat": 49.248539563243796}}}, {"type": "Feature", "geometry": {"coordinates": [-123.11439550100908, 49.25634388265995], "type": "Point"}, "properties": {"block_number": "32", "node_number": 2.0, "geo_local_area": "Riley Park", "geo_point_2d": {"lon": -123.11439550100908, "lat": 49.25634388265995}}}, {"type": "Feature", "geometry": {"coordinates": [-123.10831972654613, 49.248353425604755], "type": "Point"}, "properties": {"block_number": "01", "node_number": 2.0, "geo_local_area": "Riley Park", "geo_point_2d": {"lon": -123.10831972654613, "lat": 49.248353425604755}}}, {"type": "Feature", "geometry": {"coordinates": [-123.1235694579161, 49.248541935250365], "type": "Point"}, "properties": {"block_number": "08", "node_number": 3.0, "geo_local_area": "South Cambie", "geo_point_2d": {"lon": -123.1235694579161, "lat": 49.248541935250365}}}, {"type": "Feature", "geometry": {"coordinates": [-123.11257368275628, 49.24842638502252], "type": "Point"}, "properties": {"block_number": "04", "node_number": 1.0, "geo_local_area": "Riley Park", "geo_point_2d": {"lon": -123.11257368275628, "lat": 49.24842638502252}}}, {"type": "Feature", "geometry": {"coordinates": [-123.11018705075074, 49.2552708944615], "type": "Point"}, "properties": {"block_number": "02", "node_number": 2.0, "geo_local_area": "Riley Park", "geo_point_2d": {"lon": -123.11018705075074, "lat": 49.2552708944615}}}, {"type": "Feature", "geometry": {"coordinates": [-123.11207900511693, 49.24841017083024], "type": "Point"}, "properties": {"block_number": "02", "node_number": 5.0, "geo_local_area": "Riley Park", "geo_point_2d": {"lon": -123.11207900511693, "lat": 49.24841017083024}}}, {"type": "Feature", "geometry": {"coordinates": [-123.12268089924183, 49.251173770590526], "type": "Point"}, "properties": {"block_number": "08", "node_number": 1.0, "geo_local_area": "South Cambie", "geo_point_2d": {"lon": -123.12268089924183, "lat": 49.251173770590526}}}, {"type": "Feature", "geometry": {"coordinates": [-123.10999918499385, 49.24606423438739], "type": "Point"}, "properties": {"block_number": "01", "node_number": 2.0, "geo_local_area": "Riley Park", "geo_point_2d": {"lon": -123.10999918499385, "lat": 49.24606423438739}}}, {"type": "Feature", "geometry": {"coordinates": [-123.10673668950837, 49.24650805206012], "type": "Point"}, "properties": {"block_number": "00", "node_number": 4.0, "geo_local_area": "Riley Park", "geo_point_2d": {"lon": -123.10673668950837, "lat": 49.24650805206012}}}, {"type": "Feature", "geometry": {"coordinates": [-123.11123730974712, 49.24738900015864], "type": "Point"}, "properties": {"block_number": "01", "node_number": 9.0, "geo_local_area": "Riley Park", "geo_point_2d": {"lon": -123.11123730974712, "lat": 49.24738900015864}}}, {"type": "Feature", "geometry": {"coordinates": [-123.11209125495608, 49.24792776273033], "type": "Point"}, "properties": {"block_number": "02", "node_number": 3.0, "geo_local_area": "Riley Park", "geo_point_2d": {"lon": -123.11209125495608, "lat": 49.24792776273033}}}, {"type": "Feature", "geometry": {"coordinates": [-123.11220713962291, 49.24673294853835], "type": "Point"}, "properties": {"block_number": "43", "node_number": 2.0, "geo_local_area": "Riley Park", "geo_point_2d": {"lon": -123.11220713962291, "lat": 49.24673294853835}}}, {"type": "Feature", "geometry": {"coordinates": [-123.11414415277672, 49.25344322678603], "type": "Point"}, "properties": {"block_number": "04", "node_number": 3.0, "geo_local_area": "Riley Park", "geo_point_2d": {"lon": -123.11414415277672, "lat": 49.25344322678603}}}, {"type": "Feature", "geometry": {"coordinates": [-123.12097714233916, 49.25097015220733], "type": "Point"}, "properties": {"block_number": "38", "node_number": 2.0, "geo_local_area": "South Cambie", "geo_point_2d": {"lon": -123.12097714233916, "lat": 49.25097015220733}}}, {"type": "Feature", "geometry": {"coordinates": [-123.12042962537997, 49.244997917782634], "type": "Point"}, "properties": {"block_number": "45", "node_number": 2.0, "geo_local_area": "South Cambie", "geo_point_2d": {"lon": -123.12042962537997, "lat": 49.244997917782634}}}, {"type": "Feature", "geometry": {"coordinates": [-123.1143547418875, 49.2480456217981], "type": "Point"}, "properties": {"block_number": "41", "node_number": 3.0, "geo_local_area": "Riley Park", "geo_point_2d": {"lon": -123.1143547418875, "lat": 49.2480456217981}}}, {"type": "Feature", "geometry": {"coordinates": [-123.11353123554632, 49.24955188458393], "type": "Point"}, "properties": {"block_number": "04", "node_number": 2.0, "geo_local_area": "Riley Park", "geo_point_2d": {"lon": -123.11353123554632, "lat": 49.24955188458393}}}, {"type": "Feature", "geometry": {"coordinates": [-123.11144393558867, 49.24689535858179], "type": "Point"}, "properties": {"block_number": "01", "node_number": 6.0, "geo_local_area": "Riley Park", "geo_point_2d": {"lon": -123.11144393558867, "lat": 49.24689535858179}}}, {"type": "Feature", "geometry": {"coordinates": [-123.11837425248537, 49.252955791756], "type": "Point"}, "properties": {"block_number": "36", "node_number": 1.0, "geo_local_area": "South Cambie", "geo_point_2d": {"lon": -123.11837425248537, "lat": 49.252955791756}}}, {"type": "Feature", "geometry": {"coordinates": [-123.10592452315502, 49.252319555040636], "type": "Point"}, "properties": {"block_number": "00", "node_number": 3.0, "geo_local_area": "Riley Park", "geo_point_2d": {"lon": -123.10592452315502, "lat": 49.252319555040636}}}, {"type": "Feature", "geometry": {"coordinates": [-123.10841708137472, 49.24707518393106], "type": "Point"}, "properties": {"block_number": "01", "node_number": 1.0, "geo_local_area": "Riley Park", "geo_point_2d": {"lon": -123.10841708137472, "lat": 49.24707518393106}}}, {"type": "Feature", "geometry": {"coordinates": [-123.12827284238956, 49.248877665151674], "type": "Point"}, "properties": {"block_number": "41", "node_number": 1.0, "geo_local_area": "Shaughnessy", "geo_point_2d": {"lon": -123.12827284238956, "lat": 49.248877665151674}}}, {"type": "Feature", "geometry": {"coordinates": [-123.1145446565657, 49.252795444225534], "type": "Point"}, "properties": {"block_number": "36", "node_number": 1.0, "geo_local_area": "Riley Park", "geo_point_2d": {"lon": -123.1145446565657, "lat": 49.252795444225534}}}, {"type": "Feature", "geometry": {"coordinates": [-123.10436969291068, 49.24854145475903], "type": "Point"}, "properties": {"block_number": "41", "node_number": 1.0, "geo_local_area": "Riley Park", "geo_point_2d": {"lon": -123.10436969291068, "lat": 49.24854145475903}}}, {"type": "Feature", "geometry": {"coordinates": [-123.1163779490154, 49.24791810901005], "type": "Point"}, "properties": {"block_number": "05", "node_number": 2.0, "geo_local_area": "South Cambie", "geo_point_2d": {"lon": -123.1163779490154, "lat": 49.24791810901005}}}, {"type": "Feature", "geometry": {"coordinates": [-123.11874428917888, 49.24611543123601], "type": "Point"}, "properties": {"block_number": "06", "node_number": 2.0, "geo_local_area": "South Cambie", "geo_point_2d": {"lon": -123.11874428917888, "lat": 49.24611543123601}}}, {"type": "Feature", "geometry": {"coordinates": [-123.10511570895642, 49.252304741010995], "type": "Point"}, "properties": {"block_number": "00", "node_number": 1.0, "geo_local_area": "Riley Park", "geo_point_2d": {"lon": -123.10511570895642, "lat": 49.252304741010995}}}, {"type": "Feature", "geometry": {"coordinates": [-123.10979857060107, 49.25149818240147], "type": "Point"}, "properties": {"block_number": "01", "node_number": 5.0, "geo_local_area": "Riley Park", "geo_point_2d": {"lon": -123.10979857060107, "lat": 49.25149818240147}}}, {"type": "Feature", "geometry": {"coordinates": [-123.10546952160445, 49.24829761173556], "type": "Point"}, "properties": {"block_number": "00", "node_number": 2.0, "geo_local_area": "Riley Park", "geo_point_2d": {"lon": -123.10546952160445, "lat": 49.24829761173556}}}, {"type": "Feature", "geometry": {"coordinates": [-123.11442740889383, 49.247097902216694], "type": "Point"}, "properties": {"block_number": "42", "node_number": 3.0, "geo_local_area": "Riley Park", "geo_point_2d": {"lon": -123.11442740889383, "lat": 49.247097902216694}}}, {"type": "Feature", "geometry": {"coordinates": [-123.11138433290617, 49.24781829084528], "type": "Point"}, "properties": {"block_number": "02", "node_number": 4.0, "geo_local_area": "Riley Park", "geo_point_2d": {"lon": -123.11138433290617, "lat": 49.24781829084528}}}, {"type": "Feature", "geometry": {"coordinates": [-123.1182824443453, 49.2484580025739], "type": "Point"}, "properties": {"block_number": "05", "node_number": 4.0, "geo_local_area": "South Cambie", "geo_point_2d": {"lon": -123.1182824443453, "lat": 49.2484580025739}}}, {"type": "Feature", "geometry": {"coordinates": [-123.10534288700447, 49.25044663332117], "type": "Point"}, "properties": {"block_number": "00", "node_number": 1.0, "geo_local_area": "Riley Park", "geo_point_2d": {"lon": -123.10534288700447, "lat": 49.25044663332117}}}, {"type": "Feature", "geometry": {"coordinates": [-123.11303498266648, 49.24954289920149], "type": "Point"}, "properties": {"block_number": "04", "node_number": 1.0, "geo_local_area": "Riley Park", "geo_point_2d": {"lon": -123.11303498266648, "lat": 49.24954289920149}}}, {"type": "Feature", "geometry": {"coordinates": [-123.11453879454434, 49.25313643195541], "type": "Point"}, "properties": {"block_number": "35", "node_number": 3.0, "geo_local_area": "Riley Park", "geo_point_2d": {"lon": -123.11453879454434, "lat": 49.25313643195541}}}, {"type": "Feature", "geometry": {"coordinates": [-123.1103853655086, 49.24948985266729], "type": "Point"}, "properties": {"block_number": "02", "node_number": 1.0, "geo_local_area": "Riley Park", "geo_point_2d": {"lon": -123.1103853655086, "lat": 49.24948985266729}}}, {"type": "Feature", "geometry": {"coordinates": [-123.10599051056998, 49.2483082530496], "type": "Point"}, "properties": {"block_number": "00", "node_number": 3.0, "geo_local_area": "Riley Park", "geo_point_2d": {"lon": -123.10599051056998, "lat": 49.2483082530496}}}, {"type": "Feature", "geometry": {"coordinates": [-123.11826713190571, 49.25566320214112], "type": "Point"}, "properties": {"block_number": "33", "node_number": 1.0, "geo_local_area": "South Cambie", "geo_point_2d": {"lon": -123.11826713190571, "lat": 49.25566320214112}}}, {"type": "Feature", "geometry": {"coordinates": [-123.11650166857672, 49.248789163377175], "type": "Point"}, "properties": {"block_number": "41", "node_number": 1.0, "geo_local_area": "South Cambie", "geo_point_2d": {"lon": -123.11650166857672, "lat": 49.248789163377175}}}, {"type": "Feature", "geometry": {"coordinates": [-123.11843460771699, 49.25114716803138], "type": "Point"}, "properties": {"block_number": "38", "node_number": 1.0, "geo_local_area": "South Cambie", "geo_point_2d": {"lon": -123.11843460771699, "lat": 49.25114716803138}}}, {"type": "Feature", "geometry": {"coordinates": [-123.1220208406406, 49.253308505653315], "type": "Point"}, "properties": {"block_number": "07", "node_number": 6.0, "geo_local_area": "South Cambie", "geo_point_2d": {"lon": -123.1220208406406, "lat": 49.253308505653315}}}, {"type": "Feature", "geometry": {"coordinates": [-123.11846182375798, 49.2503409879155], "type": "Point"}, "properties": {"block_number": "39", "node_number": 1.0, "geo_local_area": "South Cambie", "geo_point_2d": {"lon": -123.11846182375798, "lat": 49.2503409879155}}}, {"type": "Feature", "geometry": {"coordinates": [-123.11438434454408, 49.24746534611294], "type": "Point"}, "properties": {"block_number": "42", "node_number": 2.0, "geo_local_area": "Riley Park", "geo_point_2d": {"lon": -123.11438434454408, "lat": 49.24746534611294}}}, {"type": "Feature", "geometry": {"coordinates": [-123.11459210736923, 49.25160259446142], "type": "Point"}, "properties": {"block_number": "37", "node_number": 2.0, "geo_local_area": "Riley Park", "geo_point_2d": {"lon": -123.11459210736923, "lat": 49.25160259446142}}}, {"type": "Feature", "geometry": {"coordinates": [-123.12151118460096, 49.249623932716034], "type": "Point"}, "properties": {"block_number": "07", "node_number": 2.0, "geo_local_area": "South Cambie", "geo_point_2d": {"lon": -123.12151118460096, "lat": 49.249623932716034}}}, {"type": "Feature", "geometry": {"coordinates": [-123.11460605100517, 49.251292290331136], "type": "Point"}, "properties": {"block_number": "37", "node_number": 3.0, "geo_local_area": "Riley Park", "geo_point_2d": {"lon": -123.11460605100517, "lat": 49.251292290331136}}}, {"type": "Feature", "geometry": {"coordinates": [-123.11308155906113, 49.25059370308056], "type": "Point"}, "properties": {"block_number": "04", "node_number": 1.0, "geo_local_area": "Riley Park", "geo_point_2d": {"lon": -123.11308155906113, "lat": 49.25059370308056}}}, {"type": "Feature", "geometry": {"coordinates": [-123.11425883587343, 49.254381351009904], "type": "Point"}, "properties": {"block_number": "04", "node_number": 4.0, "geo_local_area": "Riley Park", "geo_point_2d": {"lon": -123.11425883587343, "lat": 49.254381351009904}}}, {"type": "Feature", "geometry": {"coordinates": [-123.10597265128025, 49.24940754938872], "type": "Point"}, "properties": {"block_number": "00", "node_number": 2.0, "geo_local_area": "Riley Park", "geo_point_2d": {"lon": -123.10597265128025, "lat": 49.24940754938872}}}, {"type": "Feature", "geometry": {"coordinates": [-123.11287435725892, 49.25435407111788], "type": "Point"}, "properties": {"block_number": "04", "node_number": 1.0, "geo_local_area": "Riley Park", "geo_point_2d": {"lon": -123.11287435725892, "lat": 49.25435407111788}}}, {"type": "Feature", "geometry": {"coordinates": [-123.10892980921267, 49.24946320508234], "type": "Point"}, "properties": {"block_number": "01", "node_number": 3.0, "geo_local_area": "Riley Park", "geo_point_2d": {"lon": -123.10892980921267, "lat": 49.24946320508234}}}, {"type": "Feature", "geometry": {"coordinates": [-123.11081797244022, 49.2543310641277], "type": "Point"}, "properties": {"block_number": "02", "node_number": 3.0, "geo_local_area": "Riley Park", "geo_point_2d": {"lon": -123.11081797244022, "lat": 49.2543310641277}}}, {"type": "Feature", "geometry": {"coordinates": [-123.10602557209442, 49.24573967738014], "type": "Point"}, "properties": {"block_number": "00", "node_number": 6.0, "geo_local_area": "Riley Park", "geo_point_2d": {"lon": -123.10602557209442, "lat": 49.24573967738014}}}, {"type": "Feature", "geometry": {"coordinates": [-123.11790009810636, 49.24660916266389], "type": "Point"}, "properties": {"block_number": "05", "node_number": 3.0, "geo_local_area": "South Cambie", "geo_point_2d": {"lon": -123.11790009810636, "lat": 49.24660916266389}}}, {"type": "Feature", "geometry": {"coordinates": [-123.10886531520698, 49.25237748520278], "type": "Point"}, "properties": {"block_number": "01", "node_number": 4.0, "geo_local_area": "Riley Park", "geo_point_2d": {"lon": -123.10886531520698, "lat": 49.25237748520278}}}, {"type": "Feature", "geometry": {"coordinates": [-123.10960363084418, 49.24700757159121], "type": "Point"}, "properties": {"block_number": "01", "node_number": 5.0, "geo_local_area": "Riley Park", "geo_point_2d": {"lon": -123.10960363084418, "lat": 49.24700757159121}}}, {"type": "Feature", "geometry": {"coordinates": [-123.12184529699569, 49.24962648628801], "type": "Point"}, "properties": {"block_number": "07", "node_number": 3.0, "geo_local_area": "South Cambie", "geo_point_2d": {"lon": -123.12184529699569, "lat": 49.24962648628801}}}, {"type": "Feature", "geometry": {"coordinates": [-123.1097557055484, 49.24788789845954], "type": "Point"}, "properties": {"block_number": "01", "node_number": 3.0, "geo_local_area": "Riley Park", "geo_point_2d": {"lon": -123.1097557055484, "lat": 49.24788789845954}}}, {"type": "Feature", "geometry": {"coordinates": [-123.11517026495449, 49.24693285715139], "type": "Point"}, "properties": {"block_number": "43", "node_number": 2.0, "geo_local_area": "Riley Park", "geo_point_2d": {"lon": -123.11517026495449, "lat": 49.24693285715139}}}, {"type": "Feature", "geometry": {"coordinates": [-123.11274536775746, 49.255316568666146], "type": "Point"}, "properties": {"block_number": "04", "node_number": 1.0, "geo_local_area": "Riley Park", "geo_point_2d": {"lon": -123.11274536775746, "lat": 49.255316568666146}}}, {"type": "Feature", "geometry": {"coordinates": [-123.10682671301038, 49.25047562073106], "type": "Point"}, "properties": {"block_number": "00", "node_number": 4.0, "geo_local_area": "Riley Park", "geo_point_2d": {"lon": -123.10682671301038, "lat": 49.25047562073106}}}, {"type": "Feature", "geometry": {"coordinates": [-123.1121208058076, 49.24742214809259], "type": "Point"}, "properties": {"block_number": "01", "node_number": 11.0, "geo_local_area": "Riley Park", "geo_point_2d": {"lon": -123.1121208058076, "lat": 49.24742214809259}}}, {"type": "Feature", "geometry": {"coordinates": [-123.11659488283152, 49.24658874580207], "type": "Point"}, "properties": {"block_number": "43", "node_number": 2.0, "geo_local_area": "South Cambie", "geo_point_2d": {"lon": -123.11659488283152, "lat": 49.24658874580207}}}, {"type": "Feature", "geometry": {"coordinates": [-123.11074005828522, 49.248398104091095], "type": "Point"}, "properties": {"block_number": "02", "node_number": 2.0, "geo_local_area": "Riley Park", "geo_point_2d": {"lon": -123.11074005828522, "lat": 49.248398104091095}}}, {"type": "Feature", "geometry": {"coordinates": [-123.11212233074096, 49.24701549916506], "type": "Point"}, "properties": {"block_number": "01", "node_number": 5.0, "geo_local_area": "Riley Park", "geo_point_2d": {"lon": -123.11212233074096, "lat": 49.24701549916506}}}, {"type": "Feature", "geometry": {"coordinates": [-123.104881058833, 49.24926230108312], "type": "Point"}, "properties": {"block_number": "40", "node_number": 2.0, "geo_local_area": "Riley Park", "geo_point_2d": {"lon": -123.104881058833, "lat": 49.24926230108312}}}, {"type": "Feature", "geometry": {"coordinates": [-123.10836003661335, 49.251471835282715], "type": "Point"}, "properties": {"block_number": "01", "node_number": 2.0, "geo_local_area": "Riley Park", "geo_point_2d": {"lon": -123.10836003661335, "lat": 49.251471835282715}}}, {"type": "Feature", "geometry": {"coordinates": [-123.10994007434012, 49.247146201266524], "type": "Point"}, "properties": {"block_number": "01", "node_number": 6.0, "geo_local_area": "Riley Park", "geo_point_2d": {"lon": -123.10994007434012, "lat": 49.247146201266524}}}, {"type": "Feature", "geometry": {"coordinates": [-123.1239675402948, 49.24966470711156], "type": "Point"}, "properties": {"block_number": "08", "node_number": 4.0, "geo_local_area": "South Cambie", "geo_point_2d": {"lon": -123.1239675402948, "lat": 49.24966470711156}}}, {"type": "Feature", "geometry": {"coordinates": [-123.11402075403002, 49.25061029370014], "type": "Point"}, "properties": {"block_number": "04", "node_number": 3.0, "geo_local_area": "Riley Park", "geo_point_2d": {"lon": -123.11402075403002, "lat": 49.25061029370014}}}, {"type": "Feature", "geometry": {"coordinates": [-123.1225628337134, 49.249641199106485], "type": "Point"}, "properties": {"block_number": "08", "node_number": 1.0, "geo_local_area": "South Cambie", "geo_point_2d": {"lon": -123.1225628337134, "lat": 49.249641199106485}}}, {"type": "Feature", "geometry": {"coordinates": [-123.1277731872448, 49.2465316866629], "type": "Point"}, "properties": {"block_number": "43", "node_number": 5.0, "geo_local_area": "Shaughnessy", "geo_point_2d": {"lon": -123.1277731872448, "lat": 49.2465316866629}}}, {"type": "Feature", "geometry": {"coordinates": [-123.12769810593551, 49.24877212214643], "type": "Point"}, "properties": {"block_number": "41", "node_number": 3.0, "geo_local_area": "Shaughnessy", "geo_point_2d": {"lon": -123.12769810593551, "lat": 49.24877212214643}}}, {"type": "Feature", "geometry": {"coordinates": [-123.12740625854583, 49.24850014974021], "type": "Point"}, "properties": {"block_number": "41", "node_number": 6.0, "geo_local_area": "South Cambie", "geo_point_2d": {"lon": -123.12740625854583, "lat": 49.24850014974021}}}, {"type": "Feature", "geometry": {"coordinates": [-123.1276228163442, 49.250731752937845], "type": "Point"}, "properties": {"block_number": "39", "node_number": 1.0, "geo_local_area": "Shaughnessy", "geo_point_2d": {"lon": -123.1276228163442, "lat": 49.250731752937845}}}, {"type": "Feature", "geometry": {"coordinates": [-123.12739922623334, 49.24876824234674], "type": "Point"}, "properties": {"block_number": "41", "node_number": 4.0, "geo_local_area": "South Cambie", "geo_point_2d": {"lon": -123.12739922623334, "lat": 49.24876824234674}}}, {"type": "Feature", "geometry": {"coordinates": [-123.11567183294646, 49.24882815496443], "type": "Point"}, "properties": {"block_number": "41", "node_number": 1.0, "geo_local_area": "South Cambie", "geo_point_2d": {"lon": -123.11567183294646, "lat": 49.24882815496443}}}, {"type": "Feature", "geometry": {"coordinates": [-123.12774111279185, 49.24741897593538], "type": "Point"}, "properties": {"block_number": "42", "node_number": 5.0, "geo_local_area": "Shaughnessy", "geo_point_2d": {"lon": -123.12774111279185, "lat": 49.24741897593538}}}, {"type": "Feature", "geometry": {"coordinates": [-123.11580116134897, 49.248077274505754], "type": "Point"}, "properties": {"block_number": "41", "node_number": 9.0, "geo_local_area": "South Cambie", "geo_point_2d": {"lon": -123.11580116134897, "lat": 49.248077274505754}}}, {"type": "Feature", "geometry": {"coordinates": [-123.12732701589518, 49.25163058549472], "type": "Point"}, "properties": {"block_number": "38", "node_number": 2.0, "geo_local_area": "South Cambie", "geo_point_2d": {"lon": -123.12732701589518, "lat": 49.25163058549472}}}, {"type": "Feature", "geometry": {"coordinates": [-123.12749531715528, 49.24714208634318], "type": "Point"}, "properties": {"block_number": "43", "node_number": 2.0, "geo_local_area": "South Cambie", "geo_point_2d": {"lon": -123.12749531715528, "lat": 49.24714208634318}}}, {"type": "Feature", "geometry": {"coordinates": [-123.11521579313668, 49.24600901929787], "type": "Point"}, "properties": {"block_number": "44", "node_number": 2.0, "geo_local_area": "Riley Park", "geo_point_2d": {"lon": -123.11521579313668, "lat": 49.24600901929787}}}, {"type": "Feature", "geometry": {"coordinates": [-123.12738587513714, 49.24903175434044], "type": "Point"}, "properties": {"block_number": "41", "node_number": 2.0, "geo_local_area": "South Cambie", "geo_point_2d": {"lon": -123.12738587513714, "lat": 49.24903175434044}}}, {"type": "Feature", "geometry": {"coordinates": [-123.12735894793698, 49.24994688667017], "type": "Point"}, "properties": {"block_number": "39", "node_number": 8.0, "geo_local_area": "South Cambie", "geo_point_2d": {"lon": -123.12735894793698, "lat": 49.24994688667017}}}, {"type": "Feature", "geometry": {"coordinates": [-123.11578762003911, 49.248362149036815], "type": "Point"}, "properties": {"block_number": "41", "node_number": 7.0, "geo_local_area": "South Cambie", "geo_point_2d": {"lon": -123.11578762003911, "lat": 49.248362149036815}}}, {"type": "Feature", "geometry": {"coordinates": [-123.11950484851069, 49.25010395992347], "type": "Point"}, "properties": {"block_number": "06", "node_number": 1.0, "geo_local_area": "South Cambie", "geo_point_2d": {"lon": -123.11950484851069, "lat": 49.25010395992347}}}, {"type": "Feature", "geometry": {"coordinates": [-123.11249512719554, 49.255162463623535], "type": "Point"}, "properties": {"block_number": "33", "node_number": 2.0, "geo_local_area": "Riley Park", "geo_point_2d": {"lon": -123.11249512719554, "lat": 49.255162463623535}}}, {"type": "Feature", "geometry": {"coordinates": [-123.11539600177005, 49.25501657867532], "type": "Point"}, "properties": {"block_number": "05", "node_number": 1.0, "geo_local_area": "South Cambie", "geo_point_2d": {"lon": -123.11539600177005, "lat": 49.25501657867532}}}, {"type": "Feature", "geometry": {"coordinates": [-123.10915701416235, 49.25199473304859], "type": "Point"}, "properties": {"block_number": "01", "node_number": 3.0, "geo_local_area": "Riley Park", "geo_point_2d": {"lon": -123.10915701416235, "lat": 49.25199473304859}}}, {"type": "Feature", "geometry": {"coordinates": [-123.1254010696382, 49.25445956687604], "type": "Point"}, "properties": {"block_number": "09", "node_number": 1.0, "geo_local_area": "South Cambie", "geo_point_2d": {"lon": -123.1254010696382, "lat": 49.25445956687604}}}, {"type": "Feature", "geometry": {"coordinates": [-123.10630771471372, 49.244311847314414], "type": "Point"}, "properties": {"block_number": "45", "node_number": 2.0, "geo_local_area": "Riley Park", "geo_point_2d": {"lon": -123.10630771471372, "lat": 49.244311847314414}}}, {"type": "Feature", "geometry": {"coordinates": [-123.1167341114751, 49.24380956325629], "type": "Point"}, "properties": {"block_number": "45", "node_number": 16.0, "geo_local_area": "Riley Park", "geo_point_2d": {"lon": -123.1167341114751, "lat": 49.24380956325629}}}, {"type": "Feature", "geometry": {"coordinates": [-123.11563439744309, 49.25010803355336], "type": "Point"}, "properties": {"block_number": "05", "node_number": 1.0, "geo_local_area": "South Cambie", "geo_point_2d": {"lon": -123.11563439744309, "lat": 49.25010803355336}}}, {"type": "Feature", "geometry": {"coordinates": [-123.10923554934126, 49.251099319102885], "type": "Point"}, "properties": {"block_number": "01", "node_number": 3.0, "geo_local_area": "Riley Park", "geo_point_2d": {"lon": -123.10923554934126, "lat": 49.251099319102885}}}, {"type": "Feature", "geometry": {"coordinates": [-123.11818780942568, 49.24124286781648], "type": "Point"}, "properties": {"block_number": "48", "node_number": 8.0, "geo_local_area": "Riley Park", "geo_point_2d": {"lon": -123.11818780942568, "lat": 49.24124286781648}}}, {"type": "Feature", "geometry": {"coordinates": [-123.11368119173058, 49.24601655734694], "type": "Point"}, "properties": {"block_number": "04", "node_number": 4.0, "geo_local_area": "Riley Park", "geo_point_2d": {"lon": -123.11368119173058, "lat": 49.24601655734694}}}, {"type": "Feature", "geometry": {"coordinates": [-123.1067651025187, 49.24879524318439], "type": "Point"}, "properties": {"block_number": "00", "node_number": 8.0, "geo_local_area": "Riley Park", "geo_point_2d": {"lon": -123.1067651025187, "lat": 49.24879524318439}}}, {"type": "Feature", "geometry": {"coordinates": [-123.11432818222694, 49.2558884314519], "type": "Point"}, "properties": {"block_number": "04", "node_number": 3.0, "geo_local_area": "Riley Park", "geo_point_2d": {"lon": -123.11432818222694, "lat": 49.2558884314519}}}, {"type": "Feature", "geometry": {"coordinates": [-123.11759556568002, 49.25509553369153], "type": "Point"}, "properties": {"block_number": "05", "node_number": 4.0, "geo_local_area": "South Cambie", "geo_point_2d": {"lon": -123.11759556568002, "lat": 49.25509553369153}}}, {"type": "Feature", "geometry": {"coordinates": [-123.10723768713366, 49.24894451309031], "type": "Point"}, "properties": {"block_number": "00", "node_number": 9.0, "geo_local_area": "Riley Park", "geo_point_2d": {"lon": -123.10723768713366, "lat": 49.24894451309031}}}, {"type": "Feature", "geometry": {"coordinates": [-123.1226072401663, 49.246271511388315], "type": "Point"}, "properties": {"block_number": "08", "node_number": 1.0, "geo_local_area": "South Cambie", "geo_point_2d": {"lon": -123.1226072401663, "lat": 49.246271511388315}}}, {"type": "Feature", "geometry": {"coordinates": [-123.12705615559244, 49.251665893105475], "type": "Point"}, "properties": {"block_number": "09", "node_number": 4.0, "geo_local_area": "South Cambie", "geo_point_2d": {"lon": -123.12705615559244, "lat": 49.251665893105475}}}, {"type": "Feature", "geometry": {"coordinates": [-123.11502345041437, 49.255241614782165], "type": "Point"}, "properties": {"block_number": "33", "node_number": 6.0, "geo_local_area": "Riley Park", "geo_point_2d": {"lon": -123.11502345041437, "lat": 49.255241614782165}}}, {"type": "Feature", "geometry": {"coordinates": [-123.11490573320977, 49.25679832744791], "type": "Point"}, "properties": {"block_number": "32", "node_number": 2.0, "geo_local_area": "Riley Park", "geo_point_2d": {"lon": -123.11490573320977, "lat": 49.25679832744791}}}, {"type": "Feature", "geometry": {"coordinates": [-123.12499567021692, 49.252627742306494], "type": "Point"}, "properties": {"block_number": "09", "node_number": 1.0, "geo_local_area": "South Cambie", "geo_point_2d": {"lon": -123.12499567021692, "lat": 49.252627742306494}}}, {"type": "Feature", "geometry": {"coordinates": [-123.11518211277917, 49.24512706113377], "type": "Point"}, "properties": {"block_number": "04", "node_number": 10.0, "geo_local_area": "Riley Park", "geo_point_2d": {"lon": -123.11518211277917, "lat": 49.24512706113377}}}, {"type": "Feature", "geometry": {"coordinates": [-123.10689925602222, 49.24565349850061], "type": "Point"}, "properties": {"block_number": "00", "node_number": 6.0, "geo_local_area": "Riley Park", "geo_point_2d": {"lon": -123.10689925602222, "lat": 49.24565349850061}}}, {"type": "Feature", "geometry": {"coordinates": [-123.11856477101546, 49.250702535414135], "type": "Point"}, "properties": {"block_number": "06", "node_number": 1.0, "geo_local_area": "South Cambie", "geo_point_2d": {"lon": -123.11856477101546, "lat": 49.250702535414135}}}, {"type": "Feature", "geometry": {"coordinates": [-123.1238259004005, 49.2508019097613], "type": "Point"}, "properties": {"block_number": "08", "node_number": 3.0, "geo_local_area": "South Cambie", "geo_point_2d": {"lon": -123.1238259004005, "lat": 49.2508019097613}}}, {"type": "Feature", "geometry": {"coordinates": [-123.1195392194712, 49.248074258817034], "type": "Point"}, "properties": {"block_number": "06", "node_number": 1.0, "geo_local_area": "South Cambie", "geo_point_2d": {"lon": -123.1195392194712, "lat": 49.248074258817034}}}, {"type": "Feature", "geometry": {"coordinates": [-123.11901494480814, 49.24917206523214], "type": "Point"}, "properties": {"block_number": "06", "node_number": 3.0, "geo_local_area": "South Cambie", "geo_point_2d": {"lon": -123.11901494480814, "lat": 49.24917206523214}}}, {"type": "Feature", "geometry": {"coordinates": [-123.12322954925703, 49.24618542154423], "type": "Point"}, "properties": {"block_number": "08", "node_number": 2.0, "geo_local_area": "South Cambie", "geo_point_2d": {"lon": -123.12322954925703, "lat": 49.24618542154423}}}, {"type": "Feature", "geometry": {"coordinates": [-123.10733543640882, 49.253374426954004], "type": "Point"}, "properties": {"block_number": "35", "node_number": 1.0, "geo_local_area": "Riley Park", "geo_point_2d": {"lon": -123.10733543640882, "lat": 49.253374426954004}}}, {"type": "Feature", "geometry": {"coordinates": [-123.1197919927111, 49.24429437963625], "type": "Point"}, "properties": {"block_number": "06", "node_number": 4.0, "geo_local_area": "South Cambie", "geo_point_2d": {"lon": -123.1197919927111, "lat": 49.24429437963625}}}, {"type": "Feature", "geometry": {"coordinates": [-123.1203790888533, 49.25116837502984], "type": "Point"}, "properties": {"block_number": "38", "node_number": 1.0, "geo_local_area": "South Cambie", "geo_point_2d": {"lon": -123.1203790888533, "lat": 49.25116837502984}}}, {"type": "Feature", "geometry": {"coordinates": [-123.11526196482865, 49.25625215181145], "type": "Point"}, "properties": {"block_number": "32", "node_number": 5.0, "geo_local_area": "South Cambie", "geo_point_2d": {"lon": -123.11526196482865, "lat": 49.25625215181145}}}, {"type": "Feature", "geometry": {"coordinates": [-123.10621683843307, 49.2487869692019], "type": "Point"}, "properties": {"block_number": "00", "node_number": 6.0, "geo_local_area": "Riley Park", "geo_point_2d": {"lon": -123.10621683843307, "lat": 49.2487869692019}}}, {"type": "Feature", "geometry": {"coordinates": [-123.12163155173724, 49.25156407653063], "type": "Point"}, "properties": {"block_number": "07", "node_number": 4.0, "geo_local_area": "South Cambie", "geo_point_2d": {"lon": -123.12163155173724, "lat": 49.25156407653063}}}, {"type": "Feature", "geometry": {"coordinates": [-123.11493003853249, 49.25625139405187], "type": "Point"}, "properties": {"block_number": "32", "node_number": 6.0, "geo_local_area": "Riley Park", "geo_point_2d": {"lon": -123.11493003853249, "lat": 49.25625139405187}}}, {"type": "Feature", "geometry": {"coordinates": [-123.11281380351205, 49.25283172492906], "type": "Point"}, "properties": {"block_number": "04", "node_number": 2.0, "geo_local_area": "Riley Park", "geo_point_2d": {"lon": -123.11281380351205, "lat": 49.25283172492906}}}, {"type": "Feature", "geometry": {"coordinates": [-123.11594941782569, 49.24425674211196], "type": "Point"}, "properties": {"block_number": "45", "node_number": 10.0, "geo_local_area": "Riley Park", "geo_point_2d": {"lon": -123.11594941782569, "lat": 49.24425674211196}}}, {"type": "Feature", "geometry": {"coordinates": [-123.118882788993, 49.250002442895706], "type": "Point"}, "properties": {"block_number": "06", "node_number": 2.0, "geo_local_area": "South Cambie", "geo_point_2d": {"lon": -123.118882788993, "lat": 49.250002442895706}}}, {"type": "Feature", "geometry": {"coordinates": [-123.10702003527194, 49.24591777459552], "type": "Point"}, "properties": {"block_number": "00", "node_number": 5.0, "geo_local_area": "Riley Park", "geo_point_2d": {"lon": -123.10702003527194, "lat": 49.24591777459552}}}, {"type": "Feature", "geometry": {"coordinates": [-123.10753813951067, 49.24857826291398], "type": "Point"}, "properties": {"block_number": "41", "node_number": 1.0, "geo_local_area": "Riley Park", "geo_point_2d": {"lon": -123.10753813951067, "lat": 49.24857826291398}}}, {"type": "Feature", "geometry": {"coordinates": [-123.12296931225946, 49.255206562180526], "type": "Point"}, "properties": {"block_number": "08", "node_number": 2.0, "geo_local_area": "South Cambie", "geo_point_2d": {"lon": -123.12296931225946, "lat": 49.255206562180526}}}, {"type": "Feature", "geometry": {"coordinates": [-123.12784862950743, 49.251676127978946], "type": "Point"}, "properties": {"block_number": "10", "node_number": 2.0, "geo_local_area": "Shaughnessy", "geo_point_2d": {"lon": -123.12784862950743, "lat": 49.251676127978946}}}, {"type": "Feature", "geometry": {"coordinates": [-123.12048443130034, 49.24378913470391], "type": "Point"}, "properties": {"block_number": "46", "node_number": 2.0, "geo_local_area": "South Cambie", "geo_point_2d": {"lon": -123.12048443130034, "lat": 49.24378913470391}}}, {"type": "Feature", "geometry": {"coordinates": [-123.12465848667985, 49.24620709624063], "type": "Point"}, "properties": {"block_number": "09", "node_number": 2.0, "geo_local_area": "South Cambie", "geo_point_2d": {"lon": -123.12465848667985, "lat": 49.24620709624063}}}, {"type": "Feature", "geometry": {"coordinates": [-123.10638165127729, 49.24772963516307], "type": "Point"}, "properties": {"block_number": "00", "node_number": 4.0, "geo_local_area": "Riley Park", "geo_point_2d": {"lon": -123.10638165127729, "lat": 49.24772963516307}}}, {"type": "Feature", "geometry": {"coordinates": [-123.12313414687223, 49.25340384321862], "type": "Point"}, "properties": {"block_number": "08", "node_number": 2.0, "geo_local_area": "South Cambie", "geo_point_2d": {"lon": -123.12313414687223, "lat": 49.25340384321862}}}, {"type": "Feature", "geometry": {"coordinates": [-123.11792741700417, 49.24354149861342], "type": "Point"}, "properties": {"block_number": "46", "node_number": 3.0, "geo_local_area": "South Cambie", "geo_point_2d": {"lon": -123.11792741700417, "lat": 49.24354149861342}}}, {"type": "Feature", "geometry": {"coordinates": [-123.11397548083823, 49.251089307185914], "type": "Point"}, "properties": {"block_number": "04", "node_number": 4.0, "geo_local_area": "Riley Park", "geo_point_2d": {"lon": -123.11397548083823, "lat": 49.251089307185914}}}, {"type": "Feature", "geometry": {"coordinates": [-123.11925256947917, 49.25061310759547], "type": "Point"}, "properties": {"block_number": "06", "node_number": 2.0, "geo_local_area": "South Cambie", "geo_point_2d": {"lon": -123.11925256947917, "lat": 49.25061310759547}}}, {"type": "Feature", "geometry": {"coordinates": [-123.12242256224906, 49.25016117306972], "type": "Point"}, "properties": {"block_number": "08", "node_number": 1.0, "geo_local_area": "South Cambie", "geo_point_2d": {"lon": -123.12242256224906, "lat": 49.25016117306972}}}, {"type": "Feature", "geometry": {"coordinates": [-123.11758404680035, 49.249997205486], "type": "Point"}, "properties": {"block_number": "05", "node_number": 4.0, "geo_local_area": "South Cambie", "geo_point_2d": {"lon": -123.11758404680035, "lat": 49.249997205486}}}, {"type": "Feature", "geometry": {"coordinates": [-123.10711581565398, 49.252866526646564], "type": "Point"}, "properties": {"block_number": "00", "node_number": 5.0, "geo_local_area": "Riley Park", "geo_point_2d": {"lon": -123.10711581565398, "lat": 49.252866526646564}}}, {"type": "Feature", "geometry": {"coordinates": [-123.11861249208805, 49.24207496910077], "type": "Point"}, "properties": {"block_number": "48", "node_number": 1.0, "geo_local_area": "South Cambie", "geo_point_2d": {"lon": -123.11861249208805, "lat": 49.24207496910077}}}, {"type": "Feature", "geometry": {"coordinates": [-123.10616327552849, 49.249984202354064], "type": "Point"}, "properties": {"block_number": "00", "node_number": 3.0, "geo_local_area": "Riley Park", "geo_point_2d": {"lon": -123.10616327552849, "lat": 49.249984202354064}}}, {"type": "Feature", "geometry": {"coordinates": [-123.12111900430794, 49.248503763822896], "type": "Point"}, "properties": {"block_number": "07", "node_number": 2.0, "geo_local_area": "South Cambie", "geo_point_2d": {"lon": -123.12111900430794, "lat": 49.248503763822896}}}, {"type": "Feature", "geometry": {"coordinates": [-123.1067790918484, 49.25145276215962], "type": "Point"}, "properties": {"block_number": "00", "node_number": 5.0, "geo_local_area": "Riley Park", "geo_point_2d": {"lon": -123.1067790918484, "lat": 49.25145276215962}}}, {"type": "Feature", "geometry": {"coordinates": [-123.10552279174904, 49.25231357203272], "type": "Point"}, "properties": {"block_number": "00", "node_number": 2.0, "geo_local_area": "Riley Park", "geo_point_2d": {"lon": -123.10552279174904, "lat": 49.25231357203272}}}, {"type": "Feature", "geometry": {"coordinates": [-123.1160849012877, 49.24946146353789], "type": "Point"}, "properties": {"block_number": "40", "node_number": 2.0, "geo_local_area": "South Cambie", "geo_point_2d": {"lon": -123.1160849012877, "lat": 49.24946146353789}}}, {"type": "Feature", "geometry": {"coordinates": [-123.11822844738523, 49.256710545985555], "type": "Point"}, "properties": {"block_number": "32", "node_number": 1.0, "geo_local_area": "South Cambie", "geo_point_2d": {"lon": -123.11822844738523, "lat": 49.256710545985555}}}, {"type": "Feature", "geometry": {"coordinates": [-123.11161592928525, 49.2495148554777], "type": "Point"}, "properties": {"block_number": "02", "node_number": 3.0, "geo_local_area": "Riley Park", "geo_point_2d": {"lon": -123.11161592928525, "lat": 49.2495148554777}}}, {"type": "Feature", "geometry": {"coordinates": [-123.11940789798086, 49.24118325205553], "type": "Point"}, "properties": {"block_number": "06", "node_number": 1.0, "geo_local_area": "South Cambie", "geo_point_2d": {"lon": -123.11940789798086, "lat": 49.24118325205553}}}, {"type": "Feature", "geometry": {"coordinates": [-123.11555975375396, 49.245320189509194], "type": "Point"}, "properties": {"block_number": "44", "node_number": 7.5, "geo_local_area": "South Cambie", "geo_point_2d": {"lon": -123.11555975375396, "lat": 49.245320189509194}}}, {"type": "Feature", "geometry": {"coordinates": [-123.11281362909489, 49.250831510955464], "type": "Point"}, "properties": {"block_number": "38", "node_number": 1.0, "geo_local_area": "Riley Park", "geo_point_2d": {"lon": -123.11281362909489, "lat": 49.250831510955464}}}, {"type": "Feature", "geometry": {"coordinates": [-123.11549342437056, 49.245133883559866], "type": "Point"}, "properties": {"block_number": "05", "node_number": 0.2, "geo_local_area": "Riley Park", "geo_point_2d": {"lon": -123.11549342437056, "lat": 49.245133883559866}}}, {"type": "Feature", "geometry": {"coordinates": [-123.11473487810122, 49.256956048467714], "type": "Point"}, "properties": {"block_number": "04", "node_number": 5.0, "geo_local_area": "Mount Pleasant", "geo_point_2d": {"lon": -123.11473487810122, "lat": 49.256956048467714}}}, {"type": "Feature", "geometry": {"coordinates": [-123.1159989236655, 49.24514382957508], "type": "Point"}, "properties": {"block_number": "05", "node_number": 0.6, "geo_local_area": "South Cambie", "geo_point_2d": {"lon": -123.1159989236655, "lat": 49.24514382957508}}}, {"type": "Feature", "geometry": {"coordinates": [-123.11863311146868, 49.245899371988195], "type": "Point"}, "properties": {"block_number": "44", "node_number": 1.0, "geo_local_area": "South Cambie", "geo_point_2d": {"lon": -123.11863311146868, "lat": 49.245899371988195}}}, {"type": "Feature", "geometry": {"coordinates": [-123.10513570151217, 49.24878399121744], "type": "Point"}, "properties": {"block_number": "00", "node_number": 0.6, "geo_local_area": "Riley Park", "geo_point_2d": {"lon": -123.10513570151217, "lat": 49.24878399121744}}}, {"type": "Feature", "geometry": {"coordinates": [-123.11930794921332, 49.24155885267423], "type": "Point"}, "properties": {"block_number": "48", "node_number": 2.0, "geo_local_area": "South Cambie", "geo_point_2d": {"lon": -123.11930794921332, "lat": 49.24155885267423}}}, {"type": "Feature", "geometry": {"coordinates": [-123.12774855806185, 49.247333036248], "type": "Point"}, "properties": {"block_number": "42", "node_number": 7.0, "geo_local_area": "Shaughnessy", "geo_point_2d": {"lon": -123.12774855806185, "lat": 49.247333036248}}}, {"type": "Feature", "geometry": {"coordinates": [-123.11812158335601, 49.24101531995335], "type": "Point"}, "properties": {"block_number": "04", "node_number": 4.0, "geo_local_area": "Riley Park", "geo_point_2d": {"lon": -123.11812158335601, "lat": 49.24101531995335}}}, {"type": "Feature", "geometry": {"coordinates": [-123.1103586608148, 49.24527631382879], "type": "Point"}, "properties": {"block_number": "44", "node_number": 2.0, "geo_local_area": "Riley Park", "geo_point_2d": {"lon": -123.1103586608148, "lat": 49.24527631382879}}}, {"type": "Feature", "geometry": {"coordinates": [-123.11341156282676, 49.251169433893125], "type": "Point"}, "properties": {"block_number": "04", "node_number": 1.0, "geo_local_area": "Riley Park", "geo_point_2d": {"lon": -123.11341156282676, "lat": 49.251169433893125}}}, {"type": "Feature", "geometry": {"coordinates": [-123.11626469889227, 49.24996495255064], "type": "Point"}, "properties": {"block_number": "05", "node_number": 2.0, "geo_local_area": "South Cambie", "geo_point_2d": {"lon": -123.11626469889227, "lat": 49.24996495255064}}}, {"type": "Feature", "geometry": {"coordinates": [-123.10521589396073, 49.24547461743986], "type": "Point"}, "properties": {"block_number": "44", "node_number": 1.0, "geo_local_area": "Riley Park", "geo_point_2d": {"lon": -123.10521589396073, "lat": 49.24547461743986}}}, {"type": "Feature", "geometry": {"coordinates": [-123.1163627053783, 49.24458296160644], "type": "Point"}, "properties": {"block_number": "45", "node_number": 5.0, "geo_local_area": "South Cambie", "geo_point_2d": {"lon": -123.1163627053783, "lat": 49.24458296160644}}}, {"type": "Feature", "geometry": {"coordinates": [-123.11802514834555, 49.24422402938493], "type": "Point"}, "properties": {"block_number": "05", "node_number": 1.0, "geo_local_area": "South Cambie", "geo_point_2d": {"lon": -123.11802514834555, "lat": 49.24422402938493}}}, {"type": "Feature", "geometry": {"coordinates": [-123.11066377604621, 49.251928839844524], "type": "Point"}, "properties": {"block_number": "02", "node_number": 2.0, "geo_local_area": "Riley Park", "geo_point_2d": {"lon": -123.11066377604621, "lat": 49.251928839844524}}}, {"type": "Feature", "geometry": {"coordinates": [-123.12170628515176, 49.25066751559145], "type": "Point"}, "properties": {"block_number": "07", "node_number": 4.0, "geo_local_area": "South Cambie", "geo_point_2d": {"lon": -123.12170628515176, "lat": 49.25066751559145}}}, {"type": "Feature", "geometry": {"coordinates": [-123.12396371919658, 49.24715064321166], "type": "Point"}, "properties": {"block_number": "08", "node_number": 4.0, "geo_local_area": "South Cambie", "geo_point_2d": {"lon": -123.12396371919658, "lat": 49.24715064321166}}}, {"type": "Feature", "geometry": {"coordinates": [-123.11092320309662, 49.245122341451186], "type": "Point"}, "properties": {"block_number": "44", "node_number": 1.0, "geo_local_area": "Riley Park", "geo_point_2d": {"lon": -123.11092320309662, "lat": 49.245122341451186}}}, {"type": "Feature", "geometry": {"coordinates": [-123.1150098715927, 49.25578516441017], "type": "Point"}, "properties": {"block_number": "33", "node_number": 2.0, "geo_local_area": "Riley Park", "geo_point_2d": {"lon": -123.1150098715927, "lat": 49.25578516441017}}}, {"type": "Feature", "geometry": {"coordinates": [-123.10742876944559, 49.24763012346924], "type": "Point"}, "properties": {"block_number": "42", "node_number": 2.0, "geo_local_area": "Riley Park", "geo_point_2d": {"lon": -123.10742876944559, "lat": 49.24763012346924}}}, {"type": "Feature", "geometry": {"coordinates": [-123.11817828303552, 49.24144776217412], "type": "Point"}, "properties": {"block_number": "48", "node_number": 6.0, "geo_local_area": "Riley Park", "geo_point_2d": {"lon": -123.11817828303552, "lat": 49.24144776217412}}}, {"type": "Feature", "geometry": {"coordinates": [-123.11814017764952, 49.242152551265825], "type": "Point"}, "properties": {"block_number": "47", "node_number": 10.0, "geo_local_area": "Riley Park", "geo_point_2d": {"lon": -123.11814017764952, "lat": 49.242152551265825}}}, {"type": "Feature", "geometry": {"coordinates": [-123.11836682001982, 49.248260812670004], "type": "Point"}, "properties": {"block_number": "41", "node_number": 2.0, "geo_local_area": "South Cambie", "geo_point_2d": {"lon": -123.11836682001982, "lat": 49.248260812670004}}}, {"type": "Feature", "geometry": {"coordinates": [-123.12007833949424, 49.255424552762705], "type": "Point"}, "properties": {"block_number": "33", "node_number": 2.0, "geo_local_area": "South Cambie", "geo_point_2d": {"lon": -123.12007833949424, "lat": 49.255424552762705}}}, {"type": "Feature", "geometry": {"coordinates": [-123.11535373810081, 49.253946468472975], "type": "Point"}, "properties": {"block_number": "35", "node_number": 1.0, "geo_local_area": "South Cambie", "geo_point_2d": {"lon": -123.11535373810081, "lat": 49.253946468472975}}}, {"type": "Feature", "geometry": {"coordinates": [-123.12405273292505, 49.24926983306007], "type": "Point"}, "properties": {"block_number": "08", "node_number": 7.0, "geo_local_area": "South Cambie", "geo_point_2d": {"lon": -123.12405273292505, "lat": 49.24926983306007}}}, {"type": "Feature", "geometry": {"coordinates": [-123.12716915966377, 49.248085182111446], "type": "Point"}, "properties": {"block_number": "09", "node_number": 4.0, "geo_local_area": "South Cambie", "geo_point_2d": {"lon": -123.12716915966377, "lat": 49.248085182111446}}}, {"type": "Feature", "geometry": {"coordinates": [-123.11456548387851, 49.24909973490793], "type": "Point"}, "properties": {"block_number": "04", "node_number": 5.0, "geo_local_area": "Riley Park", "geo_point_2d": {"lon": -123.11456548387851, "lat": 49.24909973490793}}}, {"type": "Feature", "geometry": {"coordinates": [-123.1201181836864, 49.25243637064061], "type": "Point"}, "properties": {"block_number": "06", "node_number": 4.0, "geo_local_area": "South Cambie", "geo_point_2d": {"lon": -123.1201181836864, "lat": 49.25243637064061}}}, {"type": "Feature", "geometry": {"coordinates": [-123.11329490229134, 49.253980474755906], "type": "Point"}, "properties": {"block_number": "04", "node_number": 1.0, "geo_local_area": "Riley Park", "geo_point_2d": {"lon": -123.11329490229134, "lat": 49.253980474755906}}}, {"type": "Feature", "geometry": {"coordinates": [-123.10420969352148, 49.24891739287891], "type": "Point"}, "properties": {"block_number": "50", "node_number": 3.0, "geo_local_area": "Riley Park", "geo_point_2d": {"lon": -123.10420969352148, "lat": 49.24891739287891}}}, {"type": "Feature", "geometry": {"coordinates": [-123.11274756016114, 49.24929806007866], "type": "Point"}, "properties": {"block_number": "40", "node_number": 2.0, "geo_local_area": "Riley Park", "geo_point_2d": {"lon": -123.11274756016114, "lat": 49.24929806007866}}}, {"type": "Feature", "geometry": {"coordinates": [-123.11573189280209, 49.248886959597776], "type": "Point"}, "properties": {"block_number": "05", "node_number": 2.0, "geo_local_area": "South Cambie", "geo_point_2d": {"lon": -123.11573189280209, "lat": 49.248886959597776}}}, {"type": "Feature", "geometry": {"coordinates": [-123.12332706546769, 49.254417839727466], "type": "Point"}, "properties": {"block_number": "08", "node_number": 3.0, "geo_local_area": "South Cambie", "geo_point_2d": {"lon": -123.12332706546769, "lat": 49.254417839727466}}}, {"type": "Feature", "geometry": {"coordinates": [-123.11921099338463, 49.24437130519814], "type": "Point"}, "properties": {"block_number": "06", "node_number": 1.0, "geo_local_area": "South Cambie", "geo_point_2d": {"lon": -123.11921099338463, "lat": 49.24437130519814}}}, {"type": "Feature", "geometry": {"coordinates": [-123.10740564423631, 49.25151908786662], "type": "Point"}, "properties": {"block_number": "37", "node_number": 1.0, "geo_local_area": "Riley Park", "geo_point_2d": {"lon": -123.10740564423631, "lat": 49.25151908786662}}}, {"type": "Feature", "geometry": {"coordinates": [-123.11537749689003, 49.25337999763259], "type": "Point"}, "properties": {"block_number": "35", "node_number": 9.0, "geo_local_area": "South Cambie", "geo_point_2d": {"lon": -123.11537749689003, "lat": 49.25337999763259}}}, {"type": "Feature", "geometry": {"coordinates": [-123.12562749126144, 49.24806689938103], "type": "Point"}, "properties": {"block_number": "09", "node_number": 2.0, "geo_local_area": "South Cambie", "geo_point_2d": {"lon": -123.12562749126144, "lat": 49.24806689938103}}}, {"type": "Feature", "geometry": {"coordinates": [-123.12336172319685, 49.24720459332984], "type": "Point"}, "properties": {"block_number": "08", "node_number": 1.0, "geo_local_area": "South Cambie", "geo_point_2d": {"lon": -123.12336172319685, "lat": 49.24720459332984}}}, {"type": "Feature", "geometry": {"coordinates": [-123.12439117085333, 49.255025603436266], "type": "Point"}, "properties": {"block_number": "34", "node_number": 2.0, "geo_local_area": "South Cambie", "geo_point_2d": {"lon": -123.12439117085333, "lat": 49.255025603436266}}}, {"type": "Feature", "geometry": {"coordinates": [-123.12016046936074, 49.250025741035664], "type": "Point"}, "properties": {"block_number": "06", "node_number": 4.0, "geo_local_area": "South Cambie", "geo_point_2d": {"lon": -123.12016046936074, "lat": 49.250025741035664}}}, {"type": "Feature", "geometry": {"coordinates": [-123.11680176167835, 49.25107256882156], "type": "Point"}, "properties": {"block_number": "38", "node_number": 2.0, "geo_local_area": "South Cambie", "geo_point_2d": {"lon": -123.11680176167835, "lat": 49.25107256882156}}}, {"type": "Feature", "geometry": {"coordinates": [-123.11678719975279, 49.25130131414633], "type": "Point"}, "properties": {"block_number": "38", "node_number": 1.0, "geo_local_area": "South Cambie", "geo_point_2d": {"lon": -123.11678719975279, "lat": 49.25130131414633}}}, {"type": "Feature", "geometry": {"coordinates": [-123.12604748226475, 49.25398414963082], "type": "Point"}, "properties": {"block_number": "09", "node_number": 4.0, "geo_local_area": "South Cambie", "geo_point_2d": {"lon": -123.12604748226475, "lat": 49.25398414963082}}}, {"type": "Feature", "geometry": {"coordinates": [-123.12494659024718, 49.25396363098464], "type": "Point"}, "properties": {"block_number": "09", "node_number": 1.0, "geo_local_area": "South Cambie", "geo_point_2d": {"lon": -123.12494659024718, "lat": 49.25396363098464}}}, {"type": "Feature", "geometry": {"coordinates": [-123.11945499585865, 49.25681794657253], "type": "Point"}, "properties": {"block_number": "32", "node_number": 1.0, "geo_local_area": "South Cambie", "geo_point_2d": {"lon": -123.11945499585865, "lat": 49.25681794657253}}}, {"type": "Feature", "geometry": {"coordinates": [-123.11295911550734, 49.252437745078986], "type": "Point"}, "properties": {"block_number": "04", "node_number": 1.0, "geo_local_area": "Riley Park", "geo_point_2d": {"lon": -123.11295911550734, "lat": 49.252437745078986}}}, {"type": "Feature", "geometry": {"coordinates": [-123.11997375495841, 49.24382597093757], "type": "Point"}, "properties": {"block_number": "06", "node_number": 4.0, "geo_local_area": "South Cambie", "geo_point_2d": {"lon": -123.11997375495841, "lat": 49.24382597093757}}}, {"type": "Feature", "geometry": {"coordinates": [-123.11998105166809, 49.24847067938071], "type": "Point"}, "properties": {"block_number": "06", "node_number": 4.0, "geo_local_area": "South Cambie", "geo_point_2d": {"lon": -123.11998105166809, "lat": 49.24847067938071}}}, {"type": "Feature", "geometry": {"coordinates": [-123.12350236014726, 49.24965890865989], "type": "Point"}, "properties": {"block_number": "08", "node_number": 3.0, "geo_local_area": "South Cambie", "geo_point_2d": {"lon": -123.12350236014726, "lat": 49.24965890865989}}}, {"type": "Feature", "geometry": {"coordinates": [-123.11518364633561, 49.246695999335216], "type": "Point"}, "properties": {"block_number": "43", "node_number": 4.0, "geo_local_area": "Riley Park", "geo_point_2d": {"lon": -123.11518364633561, "lat": 49.246695999335216}}}, {"type": "Feature", "geometry": {"coordinates": [-123.11196508250632, 49.2562903042703], "type": "Point"}, "properties": {"block_number": "02", "node_number": 6.0, "geo_local_area": "Riley Park", "geo_point_2d": {"lon": -123.11196508250632, "lat": 49.2562903042703}}}, {"type": "Feature", "geometry": {"coordinates": [-123.11454828861278, 49.252488460631966], "type": "Point"}, "properties": {"block_number": "36", "node_number": 2.0, "geo_local_area": "Riley Park", "geo_point_2d": {"lon": -123.11454828861278, "lat": 49.252488460631966}}}, {"type": "Feature", "geometry": {"coordinates": [-123.10918985573406, 49.24836834816562], "type": "Point"}, "properties": {"block_number": "01", "node_number": 4.0, "geo_local_area": "Riley Park", "geo_point_2d": {"lon": -123.10918985573406, "lat": 49.24836834816562}}}, {"type": "Feature", "geometry": {"coordinates": [-123.10896432557531, 49.250511998058606], "type": "Point"}, "properties": {"block_number": "01", "node_number": 3.0, "geo_local_area": "Riley Park", "geo_point_2d": {"lon": -123.10896432557531, "lat": 49.250511998058606}}}, {"type": "Feature", "geometry": {"coordinates": [-123.11312026353589, 49.247428486934204], "type": "Point"}, "properties": {"block_number": "04", "node_number": 2.0, "geo_local_area": "Riley Park", "geo_point_2d": {"lon": -123.11312026353589, "lat": 49.247428486934204}}}, {"type": "Feature", "geometry": {"coordinates": [-123.10829729104465, 49.24754419071954], "type": "Point"}, "properties": {"block_number": "01", "node_number": 3.0, "geo_local_area": "Riley Park", "geo_point_2d": {"lon": -123.10829729104465, "lat": 49.24754419071954}}}, {"type": "Feature", "geometry": {"coordinates": [-123.10574217397543, 49.25045396847436], "type": "Point"}, "properties": {"block_number": "00", "node_number": 2.0, "geo_local_area": "Riley Park", "geo_point_2d": {"lon": -123.10574217397543, "lat": 49.25045396847436}}}, {"type": "Feature", "geometry": {"coordinates": [-123.11695352686505, 49.244770104582614], "type": "Point"}, "properties": {"block_number": "45", "node_number": 2.0, "geo_local_area": "South Cambie", "geo_point_2d": {"lon": -123.11695352686505, "lat": 49.244770104582614}}}, {"type": "Feature", "geometry": {"coordinates": [-123.11100510013867, 49.24641990626566], "type": "Point"}, "properties": {"block_number": "01", "node_number": 5.0, "geo_local_area": "Riley Park", "geo_point_2d": {"lon": -123.11100510013867, "lat": 49.24641990626566}}}, {"type": "Feature", "geometry": {"coordinates": [-123.11045450934213, 49.25432503456831], "type": "Point"}, "properties": {"block_number": "02", "node_number": 2.0, "geo_local_area": "Riley Park", "geo_point_2d": {"lon": -123.11045450934213, "lat": 49.25432503456831}}}, {"type": "Feature", "geometry": {"coordinates": [-123.11171869705912, 49.24647041028601], "type": "Point"}, "properties": {"block_number": "01", "node_number": 6.0, "geo_local_area": "Riley Park", "geo_point_2d": {"lon": -123.11171869705912, "lat": 49.24647041028601}}}, {"type": "Feature", "geometry": {"coordinates": [-123.11834004014885, 49.253762437406586], "type": "Point"}, "properties": {"block_number": "35", "node_number": 1.0, "geo_local_area": "South Cambie", "geo_point_2d": {"lon": -123.11834004014885, "lat": 49.253762437406586}}}, {"type": "Feature", "geometry": {"coordinates": [-123.1164838915286, 49.246074582275064], "type": "Point"}, "properties": {"block_number": "05", "node_number": 2.0, "geo_local_area": "South Cambie", "geo_point_2d": {"lon": -123.1164838915286, "lat": 49.246074582275064}}}, {"type": "Feature", "geometry": {"coordinates": [-123.11699136781391, 49.25199963179227], "type": "Point"}, "properties": {"block_number": "05", "node_number": 2.0, "geo_local_area": "South Cambie", "geo_point_2d": {"lon": -123.11699136781391, "lat": 49.25199963179227}}}, {"type": "Feature", "geometry": {"coordinates": [-123.11935266221337, 49.25563597272763], "type": "Point"}, "properties": {"block_number": "06", "node_number": 3.0, "geo_local_area": "South Cambie", "geo_point_2d": {"lon": -123.11935266221337, "lat": 49.25563597272763}}}, {"type": "Feature", "geometry": {"coordinates": [-123.10513976611625, 49.2514227913486], "type": "Point"}, "properties": {"block_number": "00", "node_number": 1.0, "geo_local_area": "Riley Park", "geo_point_2d": {"lon": -123.10513976611625, "lat": 49.2514227913486}}}, {"type": "Feature", "geometry": {"coordinates": [-123.10622268318161, 49.245913500118995], "type": "Point"}, "properties": {"block_number": "00", "node_number": 5.0, "geo_local_area": "Riley Park", "geo_point_2d": {"lon": -123.10622268318161, "lat": 49.245913500118995}}}, {"type": "Feature", "geometry": {"coordinates": [-123.11370547190337, 49.255333186427535], "type": "Point"}, "properties": {"block_number": "04", "node_number": 3.0, "geo_local_area": "Riley Park", "geo_point_2d": {"lon": -123.11370547190337, "lat": 49.255333186427535}}}, {"type": "Feature", "geometry": {"coordinates": [-123.11457085736866, 49.252199736540085], "type": "Point"}, "properties": {"block_number": "36", "node_number": 3.0, "geo_local_area": "Riley Park", "geo_point_2d": {"lon": -123.11457085736866, "lat": 49.252199736540085}}}, {"type": "Feature", "geometry": {"coordinates": [-123.11663793576047, 49.2537771663992], "type": "Point"}, "properties": {"block_number": "05", "node_number": 2.0, "geo_local_area": "South Cambie", "geo_point_2d": {"lon": -123.11663793576047, "lat": 49.2537771663992}}}, {"type": "Feature", "geometry": {"coordinates": [-123.10930058977064, 49.24686833364193], "type": "Point"}, "properties": {"block_number": "01", "node_number": 4.0, "geo_local_area": "Riley Park", "geo_point_2d": {"lon": -123.10930058977064, "lat": 49.24686833364193}}}, {"type": "Feature", "geometry": {"coordinates": [-123.11542090843757, 49.2488361328232], "type": "Point"}, "properties": {"block_number": "41", "node_number": 3.0, "geo_local_area": "South Cambie", "geo_point_2d": {"lon": -123.11542090843757, "lat": 49.2488361328232}}}, {"type": "Feature", "geometry": {"coordinates": [-123.11710812608058, 49.24618337821869], "type": "Point"}, "properties": {"block_number": "05", "node_number": 1.0, "geo_local_area": "South Cambie", "geo_point_2d": {"lon": -123.11710812608058, "lat": 49.24618337821869}}}, {"type": "Feature", "geometry": {"coordinates": [-123.1138399367068, 49.254375404901545], "type": "Point"}, "properties": {"block_number": "04", "node_number": 3.0, "geo_local_area": "Riley Park", "geo_point_2d": {"lon": -123.1138399367068, "lat": 49.254375404901545}}}, {"type": "Feature", "geometry": {"coordinates": [-123.11848020340156, 49.25562105712024], "type": "Point"}, "properties": {"block_number": "06", "node_number": 1.0, "geo_local_area": "South Cambie", "geo_point_2d": {"lon": -123.11848020340156, "lat": 49.25562105712024}}}, {"type": "Feature", "geometry": {"coordinates": [-123.11978870058385, 49.254740964845666], "type": "Point"}, "properties": {"block_number": "06", "node_number": 3.0, "geo_local_area": "South Cambie", "geo_point_2d": {"lon": -123.11978870058385, "lat": 49.254740964845666}}}, {"type": "Feature", "geometry": {"coordinates": [-123.1089190749011, 49.25148564799005], "type": "Point"}, "properties": {"block_number": "01", "node_number": 3.0, "geo_local_area": "Riley Park", "geo_point_2d": {"lon": -123.1089190749011, "lat": 49.25148564799005}}}, {"type": "Feature", "geometry": {"coordinates": [-123.11848360543304, 49.24961272092722], "type": "Point"}, "properties": {"block_number": "40", "node_number": 1.0, "geo_local_area": "South Cambie", "geo_point_2d": {"lon": -123.11848360543304, "lat": 49.24961272092722}}}, {"type": "Feature", "geometry": {"coordinates": [-123.11377773951092, 49.25343641901696], "type": "Point"}, "properties": {"block_number": "04", "node_number": 2.0, "geo_local_area": "Riley Park", "geo_point_2d": {"lon": -123.11377773951092, "lat": 49.25343641901696}}}, {"type": "Feature", "geometry": {"coordinates": [-123.10754868865627, 49.25426965794752], "type": "Point"}, "properties": {"block_number": "01", "node_number": 1.0, "geo_local_area": "Riley Park", "geo_point_2d": {"lon": -123.10754868865627, "lat": 49.25426965794752}}}, {"type": "Feature", "geometry": {"coordinates": [-123.11467054266531, 49.24957358927934], "type": "Point"}, "properties": {"block_number": "40", "node_number": 2.0, "geo_local_area": "Riley Park", "geo_point_2d": {"lon": -123.11467054266531, "lat": 49.24957358927934}}}, {"type": "Feature", "geometry": {"coordinates": [-123.11125982466042, 49.25339132246569], "type": "Point"}, "properties": {"block_number": "02", "node_number": 3.0, "geo_local_area": "Riley Park", "geo_point_2d": {"lon": -123.11125982466042, "lat": 49.25339132246569}}}, {"type": "Feature", "geometry": {"coordinates": [-123.1083649025753, 49.2542849967156], "type": "Point"}, "properties": {"block_number": "01", "node_number": 3.0, "geo_local_area": "Riley Park", "geo_point_2d": {"lon": -123.1083649025753, "lat": 49.2542849967156}}}, {"type": "Feature", "geometry": {"coordinates": [-123.12043237057276, 49.24170311204335], "type": "Point"}, "properties": {"block_number": "06", "node_number": 3.0, "geo_local_area": "South Cambie", "geo_point_2d": {"lon": -123.12043237057276, "lat": 49.24170311204335}}}, {"type": "Feature", "geometry": {"coordinates": [-123.10446040016267, 49.246747013118586], "type": "Point"}, "properties": {"block_number": "43", "node_number": 2.0, "geo_local_area": "Riley Park", "geo_point_2d": {"lon": -123.10446040016267, "lat": 49.246747013118586}}}, {"type": "Feature", "geometry": {"coordinates": [-123.11177824360298, 49.25154560485095], "type": "Point"}, "properties": {"block_number": "02", "node_number": 4.0, "geo_local_area": "Riley Park", "geo_point_2d": {"lon": -123.11177824360298, "lat": 49.25154560485095}}}, {"type": "Feature", "geometry": {"coordinates": [-123.1109658247519, 49.25053689878772], "type": "Point"}, "properties": {"block_number": "02", "node_number": 3.0, "geo_local_area": "Riley Park", "geo_point_2d": {"lon": -123.1109658247519, "lat": 49.25053689878772}}}, {"type": "Feature", "geometry": {"coordinates": [-123.11267753515949, 49.246495277430256], "type": "Point"}, "properties": {"block_number": "04", "node_number": 1.0, "geo_local_area": "Riley Park", "geo_point_2d": {"lon": -123.11267753515949, "lat": 49.246495277430256}}}, {"type": "Feature", "geometry": {"coordinates": [-123.11030443256287, 49.25337530955157], "type": "Point"}, "properties": {"block_number": "02", "node_number": 1.0, "geo_local_area": "Riley Park", "geo_point_2d": {"lon": -123.11030443256287, "lat": 49.25337530955157}}}, {"type": "Feature", "geometry": {"coordinates": [-123.11642564852488, 49.25198811368307], "type": "Point"}, "properties": {"block_number": "05", "node_number": 1.0, "geo_local_area": "South Cambie", "geo_point_2d": {"lon": -123.11642564852488, "lat": 49.25198811368307}}}, {"type": "Feature", "geometry": {"coordinates": [-123.11441673849103, 49.246535431894166], "type": "Point"}, "properties": {"block_number": "43", "node_number": 2.0, "geo_local_area": "Riley Park", "geo_point_2d": {"lon": -123.11441673849103, "lat": 49.246535431894166}}}, {"type": "Feature", "geometry": {"coordinates": [-123.12135311261446, 49.24850890629776], "type": "Point"}, "properties": {"block_number": "07", "node_number": 3.0, "geo_local_area": "South Cambie", "geo_point_2d": {"lon": -123.12135311261446, "lat": 49.24850890629776}}}, {"type": "Feature", "geometry": {"coordinates": [-123.11922781811599, 49.24287372465995], "type": "Point"}, "properties": {"block_number": "47", "node_number": 1.0, "geo_local_area": "South Cambie", "geo_point_2d": {"lon": -123.11922781811599, "lat": 49.24287372465995}}}, {"type": "Feature", "geometry": {"coordinates": [-123.11118942687015, 49.24950672126927], "type": "Point"}, "properties": {"block_number": "02", "node_number": 2.0, "geo_local_area": "Riley Park", "geo_point_2d": {"lon": -123.11118942687015, "lat": 49.24950672126927}}}, {"type": "Feature", "geometry": {"coordinates": [-123.10947607129991, 49.25430437730839], "type": "Point"}, "properties": {"block_number": "01", "node_number": 5.0, "geo_local_area": "Riley Park", "geo_point_2d": {"lon": -123.10947607129991, "lat": 49.25430437730839}}}, {"type": "Feature", "geometry": {"coordinates": [-123.11370839498035, 49.24522611932452], "type": "Point"}, "properties": {"block_number": "04", "node_number": 3.0, "geo_local_area": "Riley Park", "geo_point_2d": {"lon": -123.11370839498035, "lat": 49.24522611932452}}}, {"type": "Feature", "geometry": {"coordinates": [-123.12447912040196, 49.250718784541114], "type": "Point"}, "properties": {"block_number": "08", "node_number": 4.0, "geo_local_area": "South Cambie", "geo_point_2d": {"lon": -123.12447912040196, "lat": 49.250718784541114}}}, {"type": "Feature", "geometry": {"coordinates": [-123.1223190356782, 49.25439806941733], "type": "Point"}, "properties": {"block_number": "08", "node_number": 1.0, "geo_local_area": "South Cambie", "geo_point_2d": {"lon": -123.1223190356782, "lat": 49.25439806941733}}}, {"type": "Feature", "geometry": {"coordinates": [-123.11654195940316, 49.25326222381329], "type": "Point"}, "properties": {"block_number": "05", "node_number": 4.0, "geo_local_area": "South Cambie", "geo_point_2d": {"lon": -123.11654195940316, "lat": 49.25326222381329}}}, {"type": "Feature", "geometry": {"coordinates": [-123.11824805488907, 49.25009314551871], "type": "Point"}, "properties": {"block_number": "05", "node_number": 5.0, "geo_local_area": "South Cambie", "geo_point_2d": {"lon": -123.11824805488907, "lat": 49.25009314551871}}}, {"type": "Feature", "geometry": {"coordinates": [-123.11620701890648, 49.25245474516613], "type": "Point"}, "properties": {"block_number": "05", "node_number": 1.0, "geo_local_area": "South Cambie", "geo_point_2d": {"lon": -123.11620701890648, "lat": 49.25245474516613}}}, {"type": "Feature", "geometry": {"coordinates": [-123.11443188620797, 49.25399939557321], "type": "Point"}, "properties": {"block_number": "04", "node_number": 3.0, "geo_local_area": "Riley Park", "geo_point_2d": {"lon": -123.11443188620797, "lat": 49.25399939557321}}}, {"type": "Feature", "geometry": {"coordinates": [-123.12162728528287, 49.24898836957716], "type": "Point"}, "properties": {"block_number": "07", "node_number": 6.0, "geo_local_area": "South Cambie", "geo_point_2d": {"lon": -123.12162728528287, "lat": 49.24898836957716}}}, {"type": "Feature", "geometry": {"coordinates": [-123.12221761757776, 49.24718889828597], "type": "Point"}, "properties": {"block_number": "07", "node_number": 3.0, "geo_local_area": "South Cambie", "geo_point_2d": {"lon": -123.12221761757776, "lat": 49.24718889828597}}}, {"type": "Feature", "geometry": {"coordinates": [-123.12303507408402, 49.24901572663541], "type": "Point"}, "properties": {"block_number": "08", "node_number": 4.0, "geo_local_area": "South Cambie", "geo_point_2d": {"lon": -123.12303507408402, "lat": 49.24901572663541}}}, {"type": "Feature", "geometry": {"coordinates": [-123.11779805380118, 49.251490204095575], "type": "Point"}, "properties": {"block_number": "05", "node_number": 4.0, "geo_local_area": "South Cambie", "geo_point_2d": {"lon": -123.11779805380118, "lat": 49.251490204095575}}}, {"type": "Feature", "geometry": {"coordinates": [-123.12727136320001, 49.246247469461835], "type": "Point"}, "properties": {"block_number": "09", "node_number": 6.0, "geo_local_area": "South Cambie", "geo_point_2d": {"lon": -123.12727136320001, "lat": 49.246247469461835}}}, {"type": "Feature", "geometry": {"coordinates": [-123.11713976511045, 49.25419071772983], "type": "Point"}, "properties": {"block_number": "05", "node_number": 2.0, "geo_local_area": "South Cambie", "geo_point_2d": {"lon": -123.11713976511045, "lat": 49.25419071772983}}}, {"type": "Feature", "geometry": {"coordinates": [-123.10617478120484, 49.24892908750352], "type": "Point"}, "properties": {"block_number": "00", "node_number": 5.0, "geo_local_area": "Riley Park", "geo_point_2d": {"lon": -123.10617478120484, "lat": 49.24892908750352}}}, {"type": "Feature", "geometry": {"coordinates": [-123.1064274424552, 49.245393998819885], "type": "Point"}, "properties": {"block_number": "00", "node_number": 3.0, "geo_local_area": "Riley Park", "geo_point_2d": {"lon": -123.1064274424552, "lat": 49.245393998819885}}}, {"type": "Feature", "geometry": {"coordinates": [-123.11629740498249, 49.25697978076706], "type": "Point"}, "properties": {"block_number": "05", "node_number": 3.0, "geo_local_area": "Fairview", "geo_point_2d": {"lon": -123.11629740498249, "lat": 49.25697978076706}}}, {"type": "Feature", "geometry": {"coordinates": [-123.12807459527039, 49.24719955482379], "type": "Point"}, "properties": {"block_number": "10", "node_number": 2.0, "geo_local_area": "Shaughnessy", "geo_point_2d": {"lon": -123.12807459527039, "lat": 49.24719955482379}}}, {"type": "Feature", "geometry": {"coordinates": [-123.1183162370768, 49.24308924326045], "type": "Point"}, "properties": {"block_number": "47", "node_number": 1.0, "geo_local_area": "South Cambie", "geo_point_2d": {"lon": -123.1183162370768, "lat": 49.24308924326045}}}, {"type": "Feature", "geometry": {"coordinates": [-123.1185883796788, 49.24245892868514], "type": "Point"}, "properties": {"block_number": "47", "node_number": 7.0, "geo_local_area": "South Cambie", "geo_point_2d": {"lon": -123.1185883796788, "lat": 49.24245892868514}}}, {"type": "Feature", "geometry": {"coordinates": [-123.11421187759429, 49.24509415731829], "type": "Point"}, "properties": {"block_number": "04", "node_number": 4.0, "geo_local_area": "Riley Park", "geo_point_2d": {"lon": -123.11421187759429, "lat": 49.24509415731829}}}, {"type": "Feature", "geometry": {"coordinates": [-123.12537633759925, 49.253967276245696], "type": "Point"}, "properties": {"block_number": "09", "node_number": 2.0, "geo_local_area": "South Cambie", "geo_point_2d": {"lon": -123.12537633759925, "lat": 49.253967276245696}}}, {"type": "Feature", "geometry": {"coordinates": [-123.11948025527934, 49.25636827651368], "type": "Point"}, "properties": {"block_number": "32", "node_number": 3.0, "geo_local_area": "South Cambie", "geo_point_2d": {"lon": -123.11948025527934, "lat": 49.25636827651368}}}, {"type": "Feature", "geometry": {"coordinates": [-123.11817514129463, 49.24393109008193], "type": "Point"}, "properties": {"block_number": "05", "node_number": 1.0, "geo_local_area": "South Cambie", "geo_point_2d": {"lon": -123.11817514129463, "lat": 49.24393109008193}}}, {"type": "Feature", "geometry": {"coordinates": [-123.11927614905154, 49.24846277386124], "type": "Point"}, "properties": {"block_number": "06", "node_number": 2.0, "geo_local_area": "South Cambie", "geo_point_2d": {"lon": -123.11927614905154, "lat": 49.24846277386124}}}, {"type": "Feature", "geometry": {"coordinates": [-123.11902349476014, 49.243800237997995], "type": "Point"}, "properties": {"block_number": "06", "node_number": 2.0, "geo_local_area": "South Cambie", "geo_point_2d": {"lon": -123.11902349476014, "lat": 49.243800237997995}}}, {"type": "Feature", "geometry": {"coordinates": [-123.11861043508283, 49.243791730544466], "type": "Point"}, "properties": {"block_number": "06", "node_number": 1.0, "geo_local_area": "South Cambie", "geo_point_2d": {"lon": -123.11861043508283, "lat": 49.243791730544466}}}, {"type": "Feature", "geometry": {"coordinates": [-123.11972188045696, 49.24846524526724], "type": "Point"}, "properties": {"block_number": "06", "node_number": 3.0, "geo_local_area": "South Cambie", "geo_point_2d": {"lon": -123.11972188045696, "lat": 49.24846524526724}}}, {"type": "Feature", "geometry": {"coordinates": [-123.10785607842179, 49.25049519145431], "type": "Point"}, "properties": {"block_number": "01", "node_number": 1.0, "geo_local_area": "Riley Park", "geo_point_2d": {"lon": -123.10785607842179, "lat": 49.25049519145431}}}, {"type": "Feature", "geometry": {"coordinates": [-123.1067263463719, 49.25330461259663], "type": "Point"}, "properties": {"block_number": "00", "node_number": 5.0, "geo_local_area": "Riley Park", "geo_point_2d": {"lon": -123.1067263463719, "lat": 49.25330461259663}}}, {"type": "Feature", "geometry": {"coordinates": [-123.1165716184239, 49.255604171588104], "type": "Point"}, "properties": {"block_number": "05", "node_number": 1.0, "geo_local_area": "South Cambie", "geo_point_2d": {"lon": -123.1165716184239, "lat": 49.255604171588104}}}, {"type": "Feature", "geometry": {"coordinates": [-123.11846364684983, 49.24636495928127], "type": "Point"}, "properties": {"block_number": "43", "node_number": 4.0, "geo_local_area": "South Cambie", "geo_point_2d": {"lon": -123.11846364684983, "lat": 49.24636495928127}}}, {"type": "Feature", "geometry": {"coordinates": [-123.1136083865513, 49.25060445724793], "type": "Point"}, "properties": {"block_number": "04", "node_number": 2.0, "geo_local_area": "Riley Park", "geo_point_2d": {"lon": -123.1136083865513, "lat": 49.25060445724793}}}, {"type": "Feature", "geometry": {"coordinates": [-123.11754293016243, 49.25200965033771], "type": "Point"}, "properties": {"block_number": "05", "node_number": 3.0, "geo_local_area": "South Cambie", "geo_point_2d": {"lon": -123.11754293016243, "lat": 49.25200965033771}}}, {"type": "Feature", "geometry": {"coordinates": [-123.1117109270967, 49.25242951372385], "type": "Point"}, "properties": {"block_number": "02", "node_number": 4.0, "geo_local_area": "Riley Park", "geo_point_2d": {"lon": -123.1117109270967, "lat": 49.25242951372385}}}, {"type": "Feature", "geometry": {"coordinates": [-123.10929210132684, 49.25238483614476], "type": "Point"}, "properties": {"block_number": "01", "node_number": 5.0, "geo_local_area": "Riley Park", "geo_point_2d": {"lon": -123.10929210132684, "lat": 49.25238483614476}}}, {"type": "Feature", "geometry": {"coordinates": [-123.11678760167553, 49.24497049738747], "type": "Point"}, "properties": {"block_number": "45", "node_number": 1.0, "geo_local_area": "South Cambie", "geo_point_2d": {"lon": -123.11678760167553, "lat": 49.24497049738747}}}, {"type": "Feature", "geometry": {"coordinates": [-123.11953065950422, 49.242695413930235], "type": "Point"}, "properties": {"block_number": "06", "node_number": 2.0, "geo_local_area": "South Cambie", "geo_point_2d": {"lon": -123.11953065950422, "lat": 49.242695413930235}}}, {"type": "Feature", "geometry": {"coordinates": [-123.12431770826456, 49.24966963803062], "type": "Point"}, "properties": {"block_number": "08", "node_number": 5.0, "geo_local_area": "South Cambie", "geo_point_2d": {"lon": -123.12431770826456, "lat": 49.24966963803062}}}, {"type": "Feature", "geometry": {"coordinates": [-123.1044592737308, 49.24698811334295], "type": "Point"}, "properties": {"block_number": "43", "node_number": 1.0, "geo_local_area": "Riley Park", "geo_point_2d": {"lon": -123.1044592737308, "lat": 49.24698811334295}}}, {"type": "Feature", "geometry": {"coordinates": [-123.11101058414505, 49.255282321624755], "type": "Point"}, "properties": {"block_number": "02", "node_number": 4.0, "geo_local_area": "Riley Park", "geo_point_2d": {"lon": -123.11101058414505, "lat": 49.255282321624755}}}, {"type": "Feature", "geometry": {"coordinates": [-123.11448555560077, 49.254400565244076], "type": "Point"}, "properties": {"block_number": "34", "node_number": 2.0, "geo_local_area": "Riley Park", "geo_point_2d": {"lon": -123.11448555560077, "lat": 49.254400565244076}}}, {"type": "Feature", "geometry": {"coordinates": [-123.12786692584031, 49.24999211128744], "type": "Point"}, "properties": {"block_number": "10", "node_number": 1.0, "geo_local_area": "Shaughnessy", "geo_point_2d": {"lon": -123.12786692584031, "lat": 49.24999211128744}}}, {"type": "Feature", "geometry": {"coordinates": [-123.11452448764868, 49.25347425272264], "type": "Point"}, "properties": {"block_number": "35", "node_number": 2.0, "geo_local_area": "Riley Park", "geo_point_2d": {"lon": -123.11452448764868, "lat": 49.25347425272264}}}, {"type": "Feature", "geometry": {"coordinates": [-123.11004636000042, 49.24661118958998], "type": "Point"}, "properties": {"block_number": "01", "node_number": 4.0, "geo_local_area": "Riley Park", "geo_point_2d": {"lon": -123.11004636000042, "lat": 49.24661118958998}}}, {"type": "Feature", "geometry": {"coordinates": [-123.12302804121902, 49.2511788075807], "type": "Point"}, "properties": {"block_number": "08", "node_number": 2.0, "geo_local_area": "South Cambie", "geo_point_2d": {"lon": -123.12302804121902, "lat": 49.2511788075807}}}, {"type": "Feature", "geometry": {"coordinates": [-123.11685106126805, 49.248433597888045], "type": "Point"}, "properties": {"block_number": "05", "node_number": 1.0, "geo_local_area": "South Cambie", "geo_point_2d": {"lon": -123.11685106126805, "lat": 49.248433597888045}}}, {"type": "Feature", "geometry": {"coordinates": [-123.11031381739298, 49.246214865411496], "type": "Point"}, "properties": {"block_number": "01", "node_number": 3.0, "geo_local_area": "Riley Park", "geo_point_2d": {"lon": -123.11031381739298, "lat": 49.246214865411496}}}, {"type": "Feature", "geometry": {"coordinates": [-123.1101466911676, 49.25432048901187], "type": "Point"}, "properties": {"block_number": "02", "node_number": 1.0, "geo_local_area": "Riley Park", "geo_point_2d": {"lon": -123.1101466911676, "lat": 49.25432048901187}}}, {"type": "Feature", "geometry": {"coordinates": [-123.12640852772368, 49.252656123217804], "type": "Point"}, "properties": {"block_number": "09", "node_number": 3.0, "geo_local_area": "South Cambie", "geo_point_2d": {"lon": -123.12640852772368, "lat": 49.252656123217804}}}, {"type": "Feature", "geometry": {"coordinates": [-123.10928330346366, 49.24898436106649], "type": "Point"}, "properties": {"block_number": "01", "node_number": 7.0, "geo_local_area": "Riley Park", "geo_point_2d": {"lon": -123.10928330346366, "lat": 49.24898436106649}}}, {"type": "Feature", "geometry": {"coordinates": [-123.12020078496583, 49.2520406028011], "type": "Point"}, "properties": {"block_number": "37", "node_number": 2.0, "geo_local_area": "South Cambie", "geo_point_2d": {"lon": -123.12020078496583, "lat": 49.2520406028011}}}, {"type": "Feature", "geometry": {"coordinates": [-123.1125413857877, 49.25114964077154], "type": "Point"}, "properties": {"block_number": "02", "node_number": 5.0, "geo_local_area": "Riley Park", "geo_point_2d": {"lon": -123.1125413857877, "lat": 49.25114964077154}}}, {"type": "Feature", "geometry": {"coordinates": [-123.11003143388908, 49.25391737906019], "type": "Point"}, "properties": {"block_number": "02", "node_number": 1.0, "geo_local_area": "Riley Park", "geo_point_2d": {"lon": -123.11003143388908, "lat": 49.25391737906019}}}, {"type": "Feature", "geometry": {"coordinates": [-123.12296150694726, 49.25159395411474], "type": "Point"}, "properties": {"block_number": "08", "node_number": 2.0, "geo_local_area": "South Cambie", "geo_point_2d": {"lon": -123.12296150694726, "lat": 49.25159395411474}}}, {"type": "Feature", "geometry": {"coordinates": [-123.12234754031468, 49.250440545361386], "type": "Point"}, "properties": {"block_number": "39", "node_number": 1.0, "geo_local_area": "South Cambie", "geo_point_2d": {"lon": -123.12234754031468, "lat": 49.250440545361386}}}, {"type": "Feature", "geometry": {"coordinates": [-123.12568561041252, 49.25254781784002], "type": "Point"}, "properties": {"block_number": "09", "node_number": 2.0, "geo_local_area": "South Cambie", "geo_point_2d": {"lon": -123.12568561041252, "lat": 49.25254781784002}}}, {"type": "Feature", "geometry": {"coordinates": [-123.10912375081224, 49.25290076338884], "type": "Point"}, "properties": {"block_number": "01", "node_number": 3.0, "geo_local_area": "Riley Park", "geo_point_2d": {"lon": -123.10912375081224, "lat": 49.25290076338884}}}, {"type": "Feature", "geometry": {"coordinates": [-123.11632930240356, 49.251471273141796], "type": "Point"}, "properties": {"block_number": "05", "node_number": 2.0, "geo_local_area": "South Cambie", "geo_point_2d": {"lon": -123.11632930240356, "lat": 49.251471273141796}}}, {"type": "Feature", "geometry": {"coordinates": [-123.10495933826664, 49.24777747740709], "type": "Point"}, "properties": {"block_number": "42", "node_number": 2.0, "geo_local_area": "Riley Park", "geo_point_2d": {"lon": -123.10495933826664, "lat": 49.24777747740709}}}, {"type": "Feature", "geometry": {"coordinates": [-123.12613577264341, 49.24906468121294], "type": "Point"}, "properties": {"block_number": "09", "node_number": 6.0, "geo_local_area": "South Cambie", "geo_point_2d": {"lon": -123.12613577264341, "lat": 49.24906468121294}}}, {"type": "Feature", "geometry": {"coordinates": [-123.10973078215244, 49.251912297000665], "type": "Point"}, "properties": {"block_number": "01", "node_number": 6.0, "geo_local_area": "Riley Park", "geo_point_2d": {"lon": -123.10973078215244, "lat": 49.251912297000665}}}, {"type": "Feature", "geometry": {"coordinates": [-123.10774802895989, 49.24655326781066], "type": "Point"}, "properties": {"block_number": "00", "node_number": 7.0, "geo_local_area": "Riley Park", "geo_point_2d": {"lon": -123.10774802895989, "lat": 49.24655326781066}}}, {"type": "Feature", "geometry": {"coordinates": [-123.1172852785184, 49.24349397380793], "type": "Point"}, "properties": {"block_number": "46", "node_number": 2.0, "geo_local_area": "Riley Park", "geo_point_2d": {"lon": -123.1172852785184, "lat": 49.24349397380793}}}, {"type": "Feature", "geometry": {"coordinates": [-123.10661810374457, 49.25273092527947], "type": "Point"}, "properties": {"block_number": "00", "node_number": 4.0, "geo_local_area": "Riley Park", "geo_point_2d": {"lon": -123.10661810374457, "lat": 49.25273092527947}}}, {"type": "Feature", "geometry": {"coordinates": [-123.11307663968257, 49.24795240290865], "type": "Point"}, "properties": {"block_number": "04", "node_number": 1.0, "geo_local_area": "Riley Park", "geo_point_2d": {"lon": -123.11307663968257, "lat": 49.24795240290865}}}, {"type": "Feature", "geometry": {"coordinates": [-123.11251441918999, 49.25205981290105], "type": "Point"}, "properties": {"block_number": "02", "node_number": 5.0, "geo_local_area": "Riley Park", "geo_point_2d": {"lon": -123.11251441918999, "lat": 49.25205981290105}}}, {"type": "Feature", "geometry": {"coordinates": [-123.11296733436019, 49.25001745464495], "type": "Point"}, "properties": {"block_number": "04", "node_number": 2.0, "geo_local_area": "Riley Park", "geo_point_2d": {"lon": -123.11296733436019, "lat": 49.25001745464495}}}, {"type": "Feature", "geometry": {"coordinates": [-123.11701020791396, 49.248906765807696], "type": "Point"}, "properties": {"block_number": "05", "node_number": 6.0, "geo_local_area": "South Cambie", "geo_point_2d": {"lon": -123.11701020791396, "lat": 49.248906765807696}}}, {"type": "Feature", "geometry": {"coordinates": [-123.10906386558206, 49.25480358810654], "type": "Point"}, "properties": {"block_number": "01", "node_number": 3.0, "geo_local_area": "Riley Park", "geo_point_2d": {"lon": -123.10906386558206, "lat": 49.25480358810654}}}, {"type": "Feature", "geometry": {"coordinates": [-123.123635158665, 49.25531858866358], "type": "Point"}, "properties": {"block_number": "08", "node_number": 3.0, "geo_local_area": "South Cambie", "geo_point_2d": {"lon": -123.123635158665, "lat": 49.25531858866358}}}, {"type": "Feature", "geometry": {"coordinates": [-123.11575347975082, 49.244420202140724], "type": "Point"}, "properties": {"block_number": "45", "node_number": 8.0, "geo_local_area": "Riley Park", "geo_point_2d": {"lon": -123.11575347975082, "lat": 49.244420202140724}}}, {"type": "Feature", "geometry": {"coordinates": [-123.1080259040666, 49.25288237441993], "type": "Point"}, "properties": {"block_number": "01", "node_number": 1.0, "geo_local_area": "Riley Park", "geo_point_2d": {"lon": -123.1080259040666, "lat": 49.25288237441993}}}, {"type": "Feature", "geometry": {"coordinates": [-123.11709432588816, 49.247093296007186], "type": "Point"}, "properties": {"block_number": "05", "node_number": 1.0, "geo_local_area": "South Cambie", "geo_point_2d": {"lon": -123.11709432588816, "lat": 49.247093296007186}}}, {"type": "Feature", "geometry": {"coordinates": [-123.12164910837659, 49.25005220330682], "type": "Point"}, "properties": {"block_number": "07", "node_number": 2.0, "geo_local_area": "South Cambie", "geo_point_2d": {"lon": -123.12164910837659, "lat": 49.25005220330682}}}, {"type": "Feature", "geometry": {"coordinates": [-123.10817071156141, 49.2488312029162], "type": "Point"}, "properties": {"block_number": "01", "node_number": 4.0, "geo_local_area": "Riley Park", "geo_point_2d": {"lon": -123.10817071156141, "lat": 49.2488312029162}}}, {"type": "Feature", "geometry": {"coordinates": [-123.12156797676677, 49.25517027425459], "type": "Point"}, "properties": {"block_number": "07", "node_number": 4.0, "geo_local_area": "South Cambie", "geo_point_2d": {"lon": -123.12156797676677, "lat": 49.25517027425459}}}, {"type": "Feature", "geometry": {"coordinates": [-123.12459232876922, 49.25041683665628], "type": "Point"}, "properties": {"block_number": "39", "node_number": 2.0, "geo_local_area": "South Cambie", "geo_point_2d": {"lon": -123.12459232876922, "lat": 49.25041683665628}}}, {"type": "Feature", "geometry": {"coordinates": [-123.11501411094413, 49.25548639299137], "type": "Point"}, "properties": {"block_number": "33", "node_number": 4.0, "geo_local_area": "Riley Park", "geo_point_2d": {"lon": -123.11501411094413, "lat": 49.25548639299137}}}, {"type": "Feature", "geometry": {"coordinates": [-123.11267357814813, 49.24520309792805], "type": "Point"}, "properties": {"block_number": "04", "node_number": 1.0, "geo_local_area": "Riley Park", "geo_point_2d": {"lon": -123.11267357814813, "lat": 49.24520309792805}}}, {"type": "Feature", "geometry": {"coordinates": [-123.1132404485623, 49.25586321866651], "type": "Point"}, "properties": {"block_number": "04", "node_number": 1.0, "geo_local_area": "Riley Park", "geo_point_2d": {"lon": -123.1132404485623, "lat": 49.25586321866651}}}, {"type": "Feature", "geometry": {"coordinates": [-123.11985361509258, 49.251629090110974], "type": "Point"}, "properties": {"block_number": "06", "node_number": 3.0, "geo_local_area": "South Cambie", "geo_point_2d": {"lon": -123.11985361509258, "lat": 49.251629090110974}}}, {"type": "Feature", "geometry": {"coordinates": [-123.11848037025824, 49.25160264833372], "type": "Point"}, "properties": {"block_number": "06", "node_number": 1.0, "geo_local_area": "South Cambie", "geo_point_2d": {"lon": -123.11848037025824, "lat": 49.25160264833372}}}, {"type": "Feature", "geometry": {"coordinates": [-123.10854474284194, 49.253795361938025], "type": "Point"}, "properties": {"block_number": "01", "node_number": 4.0, "geo_local_area": "Riley Park", "geo_point_2d": {"lon": -123.10854474284194, "lat": 49.253795361938025}}}, {"type": "Feature", "geometry": {"coordinates": [-123.12456621351963, 49.249288809209965], "type": "Point"}, "properties": {"block_number": "08", "node_number": 9.0, "geo_local_area": "South Cambie", "geo_point_2d": {"lon": -123.12456621351963, "lat": 49.249288809209965}}}, {"type": "Feature", "geometry": {"coordinates": [-123.11279069216614, 49.25387003902024], "type": "Point"}, "properties": {"block_number": "04", "node_number": 2.0, "geo_local_area": "Riley Park", "geo_point_2d": {"lon": -123.11279069216614, "lat": 49.25387003902024}}}, {"type": "Feature", "geometry": {"coordinates": [-123.11119332858395, 49.252938773870085], "type": "Point"}, "properties": {"block_number": "02", "node_number": 3.0, "geo_local_area": "Riley Park", "geo_point_2d": {"lon": -123.11119332858395, "lat": 49.252938773870085}}}, {"type": "Feature", "geometry": {"coordinates": [-123.11530694946933, 49.25505085841631], "type": "Point"}, "properties": {"block_number": "33", "node_number": 7.0, "geo_local_area": "South Cambie", "geo_point_2d": {"lon": -123.11530694946933, "lat": 49.25505085841631}}}, {"type": "Feature", "geometry": {"coordinates": [-123.10501840340659, 49.24646690842205], "type": "Point"}, "properties": {"block_number": "43", "node_number": 4.0, "geo_local_area": "Riley Park", "geo_point_2d": {"lon": -123.10501840340659, "lat": 49.24646690842205}}}, {"type": "Feature", "geometry": {"coordinates": [-123.119786939789, 49.250725031100174], "type": "Point"}, "properties": {"block_number": "06", "node_number": 3.0, "geo_local_area": "South Cambie", "geo_point_2d": {"lon": -123.119786939789, "lat": 49.250725031100174}}}, {"type": "Feature", "geometry": {"coordinates": [-123.10929181883846, 49.250047103237605], "type": "Point"}, "properties": {"block_number": "01", "node_number": 3.0, "geo_local_area": "Riley Park", "geo_point_2d": {"lon": -123.10929181883846, "lat": 49.250047103237605}}}, {"type": "Feature", "geometry": {"coordinates": [-123.12052600197211, 49.25064601298161], "type": "Point"}, "properties": {"block_number": "07", "node_number": 2.0, "geo_local_area": "South Cambie", "geo_point_2d": {"lon": -123.12052600197211, "lat": 49.25064601298161}}}, {"type": "Feature", "geometry": {"coordinates": [-123.11424616940793, 49.247969674538126], "type": "Point"}, "properties": {"block_number": "04", "node_number": 3.0, "geo_local_area": "Riley Park", "geo_point_2d": {"lon": -123.11424616940793, "lat": 49.247969674538126}}}, {"type": "Feature", "geometry": {"coordinates": [-123.12088623649468, 49.25606522230559], "type": "Point"}, "properties": {"block_number": "07", "node_number": 2.0, "geo_local_area": "South Cambie", "geo_point_2d": {"lon": -123.12088623649468, "lat": 49.25606522230559}}}, {"type": "Feature", "geometry": {"coordinates": [-123.11275785992477, 49.25478583851535], "type": "Point"}, "properties": {"block_number": "04", "node_number": 2.0, "geo_local_area": "Riley Park", "geo_point_2d": {"lon": -123.11275785992477, "lat": 49.25478583851535}}}, {"type": "Feature", "geometry": {"coordinates": [-123.11402710116458, 49.25157629374104], "type": "Point"}, "properties": {"block_number": "04", "node_number": 1.0, "geo_local_area": "Riley Park", "geo_point_2d": {"lon": -123.11402710116458, "lat": 49.25157629374104}}}, {"type": "Feature", "geometry": {"coordinates": [-123.11400548233148, 49.24745707617697], "type": "Point"}, "properties": {"block_number": "04", "node_number": 4.0, "geo_local_area": "Riley Park", "geo_point_2d": {"lon": -123.11400548233148, "lat": 49.24745707617697}}}, {"type": "Feature", "geometry": {"coordinates": [-123.11180397200361, 49.25055587123426], "type": "Point"}, "properties": {"block_number": "02", "node_number": 5.0, "geo_local_area": "Riley Park", "geo_point_2d": {"lon": -123.11180397200361, "lat": 49.25055587123426}}}, {"type": "Feature", "geometry": {"coordinates": [-123.11444407479974, 49.25594289969782], "type": "Point"}, "properties": {"block_number": "32", "node_number": 3.0, "geo_local_area": "Riley Park", "geo_point_2d": {"lon": -123.11444407479974, "lat": 49.25594289969782}}}, {"type": "Feature", "geometry": {"coordinates": [-123.12044217517794, 49.24464436493854], "type": "Point"}, "properties": {"block_number": "45", "node_number": 4.0, "geo_local_area": "South Cambie", "geo_point_2d": {"lon": -123.12044217517794, "lat": 49.24464436493854}}}, {"type": "Feature", "geometry": {"coordinates": [-123.11739194619793, 49.24659955148962], "type": "Point"}, "properties": {"block_number": "05", "node_number": 2.0, "geo_local_area": "South Cambie", "geo_point_2d": {"lon": -123.11739194619793, "lat": 49.24659955148962}}}, {"type": "Feature", "geometry": {"coordinates": [-123.12310399725389, 49.24965145399791], "type": "Point"}, "properties": {"block_number": "08", "node_number": 2.0, "geo_local_area": "South Cambie", "geo_point_2d": {"lon": -123.12310399725389, "lat": 49.24965145399791}}}, {"type": "Feature", "geometry": {"coordinates": [-123.1127525908429, 49.25261124879463], "type": "Point"}, "properties": {"block_number": "36", "node_number": 1.0, "geo_local_area": "Riley Park", "geo_point_2d": {"lon": -123.1127525908429, "lat": 49.25261124879463}}}, {"type": "Feature", "geometry": {"coordinates": [-123.11547414757085, 49.245098407630486], "type": "Point"}, "properties": {"block_number": "45", "node_number": 0.6, "geo_local_area": "Riley Park", "geo_point_2d": {"lon": -123.11547414757085, "lat": 49.245098407630486}}}, {"type": "Feature", "geometry": {"coordinates": [-123.11288286405158, 49.249749947174045], "type": "Point"}, "properties": {"block_number": "40", "node_number": 1.0, "geo_local_area": "Riley Park", "geo_point_2d": {"lon": -123.11288286405158, "lat": 49.249749947174045}}}, {"type": "Feature", "geometry": {"coordinates": [-123.11250545954837, 49.241700687082265], "type": "Point"}, "properties": {"block_number": "QE", "node_number": 9.0, "geo_local_area": "Riley Park", "geo_point_2d": {"lon": -123.11250545954837, "lat": 49.241700687082265}}}, {"type": "Feature", "geometry": {"coordinates": [-123.11483324371459, 49.24697144935395], "type": "Point"}, "properties": {"block_number": "04", "node_number": 6.0, "geo_local_area": "Riley Park", "geo_point_2d": {"lon": -123.11483324371459, "lat": 49.24697144935395}}}, {"type": "Feature", "geometry": {"coordinates": [-123.11990227660327, 49.24226241178332], "type": "Point"}, "properties": {"block_number": "06", "node_number": 3.0, "geo_local_area": "South Cambie", "geo_point_2d": {"lon": -123.11990227660327, "lat": 49.24226241178332}}}, {"type": "Feature", "geometry": {"coordinates": [-123.11227723761051, 49.248597879708186], "type": "Point"}, "properties": {"block_number": "41", "node_number": 1.0, "geo_local_area": "Riley Park", "geo_point_2d": {"lon": -123.11227723761051, "lat": 49.248597879708186}}}, {"type": "Feature", "geometry": {"coordinates": [-123.12736770253997, 49.250198590488324], "type": "Point"}, "properties": {"block_number": "39", "node_number": 6.0, "geo_local_area": "South Cambie", "geo_point_2d": {"lon": -123.12736770253997, "lat": 49.250198590488324}}}, {"type": "Feature", "geometry": {"coordinates": [-123.12735832999913, 49.24970666077818], "type": "Point"}, "properties": {"block_number": "39", "node_number": 10.0, "geo_local_area": "South Cambie", "geo_point_2d": {"lon": -123.12735832999913, "lat": 49.24970666077818}}}, {"type": "Feature", "geometry": {"coordinates": [-123.12776130789173, 49.24683741180521], "type": "Point"}, "properties": {"block_number": "43", "node_number": 3.0, "geo_local_area": "Shaughnessy", "geo_point_2d": {"lon": -123.12776130789173, "lat": 49.24683741180521}}}, {"type": "Feature", "geometry": {"coordinates": [-123.10503381206938, 49.24578972425798], "type": "Point"}, "properties": {"block_number": "44", "node_number": 2.0, "geo_local_area": "Riley Park", "geo_point_2d": {"lon": -123.10503381206938, "lat": 49.24578972425798}}}, {"type": "Feature", "geometry": {"coordinates": [-123.10997830097209, 49.25482368013449], "type": "Point"}, "properties": {"block_number": "02", "node_number": 1.0, "geo_local_area": "Riley Park", "geo_point_2d": {"lon": -123.10997830097209, "lat": 49.25482368013449}}}, {"type": "Feature", "geometry": {"coordinates": [-123.1079563317708, 49.254786170105085], "type": "Point"}, "properties": {"block_number": "01", "node_number": 1.0, "geo_local_area": "Riley Park", "geo_point_2d": {"lon": -123.1079563317708, "lat": 49.254786170105085}}}, {"type": "Feature", "geometry": {"coordinates": [-123.11239052257723, 49.247851075489834], "type": "Point"}, "properties": {"block_number": "04", "node_number": 2.0, "geo_local_area": "Riley Park", "geo_point_2d": {"lon": -123.11239052257723, "lat": 49.247851075489834}}}, {"type": "Feature", "geometry": {"coordinates": [-123.1075967040847, 49.24992000863196], "type": "Point"}, "properties": {"block_number": "01", "node_number": 2.0, "geo_local_area": "Riley Park", "geo_point_2d": {"lon": -123.1075967040847, "lat": 49.24992000863196}}}, {"type": "Feature", "geometry": {"coordinates": [-123.1202843959553, 49.25293760047808], "type": "Point"}, "properties": {"block_number": "36", "node_number": 1.0, "geo_local_area": "South Cambie", "geo_point_2d": {"lon": -123.1202843959553, "lat": 49.25293760047808}}}, {"type": "Feature", "geometry": {"coordinates": [-123.12115849445213, 49.25437151503229], "type": "Point"}, "properties": {"block_number": "07", "node_number": 1.0, "geo_local_area": "South Cambie", "geo_point_2d": {"lon": -123.12115849445213, "lat": 49.25437151503229}}}, {"type": "Feature", "geometry": {"coordinates": [-123.11212117429642, 49.24607394227039], "type": "Point"}, "properties": {"block_number": "02", "node_number": 3.0, "geo_local_area": "Riley Park", "geo_point_2d": {"lon": -123.11212117429642, "lat": 49.24607394227039}}}, {"type": "Feature", "geometry": {"coordinates": [-123.11287811162363, 49.25197472312637], "type": "Point"}, "properties": {"block_number": "04", "node_number": 2.0, "geo_local_area": "Riley Park", "geo_point_2d": {"lon": -123.11287811162363, "lat": 49.25197472312637}}}, {"type": "Feature", "geometry": {"coordinates": [-123.11512493595005, 49.25336787214851], "type": "Point"}, "properties": {"block_number": "35", "node_number": 10.0, "geo_local_area": "Riley Park", "geo_point_2d": {"lon": -123.11512493595005, "lat": 49.25336787214851}}}, {"type": "Feature", "geometry": {"coordinates": [-123.11645750630261, 49.24698971193434], "type": "Point"}, "properties": {"block_number": "05", "node_number": 2.0, "geo_local_area": "South Cambie", "geo_point_2d": {"lon": -123.11645750630261, "lat": 49.24698971193434}}}, {"type": "Feature", "geometry": {"coordinates": [-123.12022496509412, 49.248965973031304], "type": "Point"}, "properties": {"block_number": "06", "node_number": 8.0, "geo_local_area": "South Cambie", "geo_point_2d": {"lon": -123.12022496509412, "lat": 49.248965973031304}}}, {"type": "Feature", "geometry": {"coordinates": [-123.1168710083195, 49.25599329013294], "type": "Point"}, "properties": {"block_number": "05", "node_number": 4.0, "geo_local_area": "South Cambie", "geo_point_2d": {"lon": -123.1168710083195, "lat": 49.25599329013294}}}, {"type": "Feature", "geometry": {"coordinates": [-123.11123030358077, 49.25394010439383], "type": "Point"}, "properties": {"block_number": "02", "node_number": 3.0, "geo_local_area": "Riley Park", "geo_point_2d": {"lon": -123.11123030358077, "lat": 49.25394010439383}}}, {"type": "Feature", "geometry": {"coordinates": [-123.11857817449777, 49.24893218880353], "type": "Point"}, "properties": {"block_number": "06", "node_number": 2.0, "geo_local_area": "South Cambie", "geo_point_2d": {"lon": -123.11857817449777, "lat": 49.24893218880353}}}, {"type": "Feature", "geometry": {"coordinates": [-123.11587571314921, 49.246232322617395], "type": "Point"}, "properties": {"block_number": "43", "node_number": 7.0, "geo_local_area": "South Cambie", "geo_point_2d": {"lon": -123.11587571314921, "lat": 49.246232322617395}}}, {"type": "Feature", "geometry": {"coordinates": [-123.12766821027867, 49.24945564871726], "type": "Point"}, "properties": {"block_number": "39", "node_number": 11.0, "geo_local_area": "Shaughnessy", "geo_point_2d": {"lon": -123.12766821027867, "lat": 49.24945564871726}}}, {"type": "Feature", "geometry": {"coordinates": [-123.12748159355708, 49.24769283458532], "type": "Point"}, "properties": {"block_number": "42", "node_number": 4.0, "geo_local_area": "South Cambie", "geo_point_2d": {"lon": -123.12748159355708, "lat": 49.24769283458532}}}, {"type": "Feature", "geometry": {"coordinates": [-123.11587178951538, 49.24599999765471], "type": "Point"}, "properties": {"block_number": "44", "node_number": 1.0, "geo_local_area": "South Cambie", "geo_point_2d": {"lon": -123.11587178951538, "lat": 49.24599999765471}}}, {"type": "Feature", "geometry": {"coordinates": [-123.12738672587483, 49.25070824810305], "type": "Point"}, "properties": {"block_number": "39", "node_number": 2.0, "geo_local_area": "South Cambie", "geo_point_2d": {"lon": -123.12738672587483, "lat": 49.25070824810305}}}, {"type": "Feature", "geometry": {"coordinates": [-123.12749117474372, 49.24741166004296], "type": "Point"}, "properties": {"block_number": "42", "node_number": 6.0, "geo_local_area": "South Cambie", "geo_point_2d": {"lon": -123.12749117474372, "lat": 49.24741166004296}}}, {"type": "Feature", "geometry": {"coordinates": [-123.11862294332714, 49.24184965458354], "type": "Point"}, "properties": {"block_number": "48", "node_number": 3.0, "geo_local_area": "South Cambie", "geo_point_2d": {"lon": -123.11862294332714, "lat": 49.24184965458354}}}, {"type": "Feature", "geometry": {"coordinates": [-123.11082144788799, 49.249984289659636], "type": "Point"}, "properties": {"block_number": "02", "node_number": 2.0, "geo_local_area": "Riley Park", "geo_point_2d": {"lon": -123.11082144788799, "lat": 49.249984289659636}}}, {"type": "Feature", "geometry": {"coordinates": [-123.12010672377718, 49.2540621611363], "type": "Point"}, "properties": {"block_number": "35", "node_number": 2.0, "geo_local_area": "South Cambie", "geo_point_2d": {"lon": -123.12010672377718, "lat": 49.2540621611363}}}, {"type": "Feature", "geometry": {"coordinates": [-123.11518431309514, 49.25196765245823], "type": "Point"}, "properties": {"block_number": "37", "node_number": 2.0, "geo_local_area": "Riley Park", "geo_point_2d": {"lon": -123.11518431309514, "lat": 49.25196765245823}}}, {"type": "Feature", "geometry": {"coordinates": [-123.11570923471, 49.249116288677094], "type": "Point"}, "properties": {"block_number": "05", "node_number": 1.0, "geo_local_area": "South Cambie", "geo_point_2d": {"lon": -123.11570923471, "lat": 49.249116288677094}}}, {"type": "Feature", "geometry": {"coordinates": [-123.12159189667679, 49.25336656328999], "type": "Point"}, "properties": {"block_number": "07", "node_number": 4.0, "geo_local_area": "South Cambie", "geo_point_2d": {"lon": -123.12159189667679, "lat": 49.25336656328999}}}, {"type": "Feature", "geometry": {"coordinates": [-123.12285758219144, 49.25193751137076], "type": "Point"}, "properties": {"block_number": "DO", "node_number": 5.0, "geo_local_area": "South Cambie", "geo_point_2d": {"lon": -123.12285758219144, "lat": 49.25193751137076}}}, {"type": "Feature", "geometry": {"coordinates": [-123.11220080356678, 49.24715048639045], "type": "Point"}, "properties": {"block_number": "42", "node_number": 2.0, "geo_local_area": "Riley Park", "geo_point_2d": {"lon": -123.11220080356678, "lat": 49.24715048639045}}}, {"type": "Feature", "geometry": {"coordinates": [-123.12748804671116, 49.24732810678119], "type": "Point"}, "properties": {"block_number": "42", "node_number": 8.0, "geo_local_area": "South Cambie", "geo_point_2d": {"lon": -123.12748804671116, "lat": 49.24732810678119}}}, {"type": "Feature", "geometry": {"coordinates": [-123.1205231041764, 49.242122627403944], "type": "Point"}, "properties": {"block_number": "48", "node_number": 2.0, "geo_local_area": "South Cambie", "geo_point_2d": {"lon": -123.1205231041764, "lat": 49.242122627403944}}}, {"type": "Feature", "geometry": {"coordinates": [-123.11524321426916, 49.2455352669296], "type": "Point"}, "properties": {"block_number": "44", "node_number": 6.0, "geo_local_area": "Riley Park", "geo_point_2d": {"lon": -123.11524321426916, "lat": 49.2455352669296}}}, {"type": "Feature", "geometry": {"coordinates": [-123.11876054763407, 49.24221576341415], "type": "Point"}, "properties": {"block_number": "06", "node_number": 1.0, "geo_local_area": "South Cambie", "geo_point_2d": {"lon": -123.11876054763407, "lat": 49.24221576341415}}}, {"type": "Feature", "geometry": {"coordinates": [-123.11612213682072, 49.25298757262074], "type": "Point"}, "properties": {"block_number": "36", "node_number": 1.0, "geo_local_area": "South Cambie", "geo_point_2d": {"lon": -123.11612213682072, "lat": 49.25298757262074}}}, {"type": "Feature", "geometry": {"coordinates": [-123.12775566933242, 49.24714428141878], "type": "Point"}, "properties": {"block_number": "43", "node_number": 1.0, "geo_local_area": "Shaughnessy", "geo_point_2d": {"lon": -123.12775566933242, "lat": 49.24714428141878}}}, {"type": "Feature", "geometry": {"coordinates": [-123.12729408447353, 49.252520258531966], "type": "Point"}, "properties": {"block_number": "37", "node_number": 2.0, "geo_local_area": "South Cambie", "geo_point_2d": {"lon": -123.12729408447353, "lat": 49.252520258531966}}}, {"type": "Feature", "geometry": {"coordinates": [-123.11085733848438, 49.25338383854009], "type": "Point"}, "properties": {"block_number": "02", "node_number": 2.0, "geo_local_area": "Riley Park", "geo_point_2d": {"lon": -123.11085733848438, "lat": 49.25338383854009}}}, {"type": "Feature", "geometry": {"coordinates": [-123.11463123445537, 49.25062579105167], "type": "Point"}, "properties": {"block_number": "38", "node_number": 2.0, "geo_local_area": "Riley Park", "geo_point_2d": {"lon": -123.11463123445537, "lat": 49.25062579105167}}}, {"type": "Feature", "geometry": {"coordinates": [-123.1093596854829, 49.25052014297896], "type": "Point"}, "properties": {"block_number": "01", "node_number": 4.0, "geo_local_area": "Riley Park", "geo_point_2d": {"lon": -123.1093596854829, "lat": 49.25052014297896}}}, {"type": "Feature", "geometry": {"coordinates": [-123.11654689644605, 49.247695054862795], "type": "Point"}, "properties": {"block_number": "42", "node_number": 1.0, "geo_local_area": "South Cambie", "geo_point_2d": {"lon": -123.11654689644605, "lat": 49.247695054862795}}}, {"type": "Feature", "geometry": {"coordinates": [-123.1165298304605, 49.24811514037049], "type": "Point"}, "properties": {"block_number": "41", "node_number": 3.0, "geo_local_area": "South Cambie", "geo_point_2d": {"lon": -123.1165298304605, "lat": 49.24811514037049}}}, {"type": "Feature", "geometry": {"coordinates": [-123.10628815302623, 49.2504646035629], "type": "Point"}, "properties": {"block_number": "00", "node_number": 3.0, "geo_local_area": "Riley Park", "geo_point_2d": {"lon": -123.10628815302623, "lat": 49.2504646035629}}}, {"type": "Feature", "geometry": {"coordinates": [-123.11443524509605, 49.24621394191655], "type": "Point"}, "properties": {"block_number": "43", "node_number": 3.0, "geo_local_area": "Riley Park", "geo_point_2d": {"lon": -123.11443524509605, "lat": 49.24621394191655}}}, {"type": "Feature", "geometry": {"coordinates": [-123.1088324522299, 49.2533244073004], "type": "Point"}, "properties": {"block_number": "01", "node_number": 3.0, "geo_local_area": "Riley Park", "geo_point_2d": {"lon": -123.1088324522299, "lat": 49.2533244073004}}}, {"type": "Feature", "geometry": {"coordinates": [-123.1103389714892, 49.2483899063986], "type": "Point"}, "properties": {"block_number": "02", "node_number": 1.0, "geo_local_area": "Riley Park", "geo_point_2d": {"lon": -123.1103389714892, "lat": 49.2483899063986}}}, {"type": "Feature", "geometry": {"coordinates": [-123.1127201221944, 49.24562926473701], "type": "Point"}, "properties": {"block_number": "04", "node_number": 1.0, "geo_local_area": "Riley Park", "geo_point_2d": {"lon": -123.1127201221944, "lat": 49.24562926473701}}}, {"type": "Feature", "geometry": {"coordinates": [-123.1171806702151, 49.253788095110124], "type": "Point"}, "properties": {"block_number": "05", "node_number": 3.0, "geo_local_area": "South Cambie", "geo_point_2d": {"lon": -123.1171806702151, "lat": 49.253788095110124}}}, {"type": "Feature", "geometry": {"coordinates": [-123.10636215040883, 49.2523269248563], "type": "Point"}, "properties": {"block_number": "00", "node_number": 4.0, "geo_local_area": "Riley Park", "geo_point_2d": {"lon": -123.10636215040883, "lat": 49.2523269248563}}}, {"type": "Feature", "geometry": {"coordinates": [-123.1058972794054, 49.246501664324505], "type": "Point"}, "properties": {"block_number": "00", "node_number": 2.0, "geo_local_area": "Riley Park", "geo_point_2d": {"lon": -123.1058972794054, "lat": 49.246501664324505}}}, {"type": "Feature", "geometry": {"coordinates": [-123.11840218362079, 49.25205135633804], "type": "Point"}, "properties": {"block_number": "37", "node_number": 1.0, "geo_local_area": "South Cambie", "geo_point_2d": {"lon": -123.11840218362079, "lat": 49.25205135633804}}}, {"type": "Feature", "geometry": {"coordinates": [-123.11449225865907, 49.25406650307896], "type": "Point"}, "properties": {"block_number": "34", "node_number": 3.0, "geo_local_area": "Riley Park", "geo_point_2d": {"lon": -123.11449225865907, "lat": 49.25406650307896}}}, {"type": "Feature", "geometry": {"coordinates": [-123.1084067682631, 49.25050432792066], "type": "Point"}, "properties": {"block_number": "01", "node_number": 2.0, "geo_local_area": "Riley Park", "geo_point_2d": {"lon": -123.1084067682631, "lat": 49.25050432792066}}}, {"type": "Feature", "geometry": {"coordinates": [-123.11891961216828, 49.24662609920894], "type": "Point"}, "properties": {"block_number": "06", "node_number": 1.0, "geo_local_area": "South Cambie", "geo_point_2d": {"lon": -123.11891961216828, "lat": 49.24662609920894}}}, {"type": "Feature", "geometry": {"coordinates": [-123.11705520172005, 49.2480264020302], "type": "Point"}, "properties": {"block_number": "05", "node_number": 1.0, "geo_local_area": "South Cambie", "geo_point_2d": {"lon": -123.11705520172005, "lat": 49.2480264020302}}}, {"type": "Feature", "geometry": {"coordinates": [-123.10803301000257, 49.246654962636796], "type": "Point"}, "properties": {"block_number": "01", "node_number": 2.0, "geo_local_area": "Riley Park", "geo_point_2d": {"lon": -123.10803301000257, "lat": 49.246654962636796}}}, {"type": "Feature", "geometry": {"coordinates": [-123.11948129658357, 49.24663622400799], "type": "Point"}, "properties": {"block_number": "06", "node_number": 2.0, "geo_local_area": "South Cambie", "geo_point_2d": {"lon": -123.11948129658357, "lat": 49.24663622400799}}}, {"type": "Feature", "geometry": {"coordinates": [-123.11413895773703, 49.246522843480555], "type": "Point"}, "properties": {"block_number": "04", "node_number": 4.0, "geo_local_area": "Riley Park", "geo_point_2d": {"lon": -123.11413895773703, "lat": 49.246522843480555}}}, {"type": "Feature", "geometry": {"coordinates": [-123.11243141764199, 49.24692703651114], "type": "Point"}, "properties": {"block_number": "04", "node_number": 2.0, "geo_local_area": "Riley Park", "geo_point_2d": {"lon": -123.11243141764199, "lat": 49.24692703651114}}}, {"type": "Feature", "geometry": {"coordinates": [-123.12747968976339, 49.247962045979335], "type": "Point"}, "properties": {"block_number": "42", "node_number": 2.0, "geo_local_area": "South Cambie", "geo_point_2d": {"lon": -123.12747968976339, "lat": 49.247962045979335}}}, {"type": "Feature", "geometry": {"coordinates": [-123.12736079917806, 49.25102977509171], "type": "Point"}, "properties": {"block_number": "38", "node_number": 6.0, "geo_local_area": "South Cambie", "geo_point_2d": {"lon": -123.12736079917806, "lat": 49.25102977509171}}}, {"type": "Feature", "geometry": {"coordinates": [-123.11094695647286, 49.25152941414908], "type": "Point"}, "properties": {"block_number": "02", "node_number": 2.0, "geo_local_area": "Riley Park", "geo_point_2d": {"lon": -123.11094695647286, "lat": 49.25152941414908}}}, {"type": "Feature", "geometry": {"coordinates": [-123.11391140488183, 49.249559956892284], "type": "Point"}, "properties": {"block_number": "04", "node_number": 3.0, "geo_local_area": "Riley Park", "geo_point_2d": {"lon": -123.11391140488183, "lat": 49.249559956892284}}}, {"type": "Feature", "geometry": {"coordinates": [-123.11868030382935, 49.24454495591439], "type": "Point"}, "properties": {"block_number": "45", "node_number": 3.0, "geo_local_area": "South Cambie", "geo_point_2d": {"lon": -123.11868030382935, "lat": 49.24454495591439}}}, {"type": "Feature", "geometry": {"coordinates": [-123.10901048619567, 49.24670708934461], "type": "Point"}, "properties": {"block_number": "01", "node_number": 3.0, "geo_local_area": "Riley Park", "geo_point_2d": {"lon": -123.10901048619567, "lat": 49.24670708934461}}}, {"type": "Feature", "geometry": {"coordinates": [-123.11605477595513, 49.2497990217545], "type": "Point"}, "properties": {"block_number": "40", "node_number": 1.0, "geo_local_area": "South Cambie", "geo_point_2d": {"lon": -123.11605477595513, "lat": 49.2497990217545}}}, {"type": "Feature", "geometry": {"coordinates": [-123.10538276609678, 49.24939566654979], "type": "Point"}, "properties": {"block_number": "00", "node_number": 1.0, "geo_local_area": "Riley Park", "geo_point_2d": {"lon": -123.10538276609678, "lat": 49.24939566654979}}}, {"type": "Feature", "geometry": {"coordinates": [-123.10904913655989, 49.247293524010495], "type": "Point"}, "properties": {"block_number": "01", "node_number": 4.0, "geo_local_area": "Riley Park", "geo_point_2d": {"lon": -123.10904913655989, "lat": 49.247293524010495}}}, {"type": "Feature", "geometry": {"coordinates": [-123.12112000333073, 49.25114769422618], "type": "Point"}, "properties": {"block_number": "07", "node_number": 1.0, "geo_local_area": "South Cambie", "geo_point_2d": {"lon": -123.12112000333073, "lat": 49.25114769422618}}}, {"type": "Feature", "geometry": {"coordinates": [-123.12063767522362, 49.24665322864637], "type": "Point"}, "properties": {"block_number": "07", "node_number": 1.0, "geo_local_area": "South Cambie", "geo_point_2d": {"lon": -123.12063767522362, "lat": 49.24665322864637}}}, {"type": "Feature", "geometry": {"coordinates": [-123.11782466262106, 49.24844970899541], "type": "Point"}, "properties": {"block_number": "05", "node_number": 3.0, "geo_local_area": "South Cambie", "geo_point_2d": {"lon": -123.11782466262106, "lat": 49.24844970899541}}}, {"type": "Feature", "geometry": {"coordinates": [-123.11418433853076, 49.24565798787039], "type": "Point"}, "properties": {"block_number": "04", "node_number": 4.0, "geo_local_area": "Riley Park", "geo_point_2d": {"lon": -123.11418433853076, "lat": 49.24565798787039}}}, {"type": "Feature", "geometry": {"coordinates": [-123.11834473884058, 49.246202537275764], "type": "Point"}, "properties": {"block_number": "05", "node_number": 3.0, "geo_local_area": "South Cambie", "geo_point_2d": {"lon": -123.11834473884058, "lat": 49.246202537275764}}}, {"type": "Feature", "geometry": {"coordinates": [-123.1233999915355, 49.251191543932165], "type": "Point"}, "properties": {"block_number": "08", "node_number": 3.0, "geo_local_area": "South Cambie", "geo_point_2d": {"lon": -123.1233999915355, "lat": 49.251191543932165}}}, {"type": "Feature", "geometry": {"coordinates": [-123.10952233070127, 49.25333707730476], "type": "Point"}, "properties": {"block_number": "01", "node_number": 4.0, "geo_local_area": "Riley Park", "geo_point_2d": {"lon": -123.10952233070127, "lat": 49.25333707730476}}}, {"type": "Feature", "geometry": {"coordinates": [-123.11441441191587, 49.256707027847256], "type": "Point"}, "properties": {"block_number": "32", "node_number": 1.0, "geo_local_area": "Riley Park", "geo_point_2d": {"lon": -123.11441441191587, "lat": 49.256707027847256}}}, {"type": "Feature", "geometry": {"coordinates": [-123.12371388447498, 49.24670546708063], "type": "Point"}, "properties": {"block_number": "08", "node_number": 3.0, "geo_local_area": "South Cambie", "geo_point_2d": {"lon": -123.12371388447498, "lat": 49.24670546708063}}}, {"type": "Feature", "geometry": {"coordinates": [-123.11518581246526, 49.24646358734004], "type": "Point"}, "properties": {"block_number": "43", "node_number": 6.0, "geo_local_area": "Riley Park", "geo_point_2d": {"lon": -123.11518581246526, "lat": 49.24646358734004}}}, {"type": "Feature", "geometry": {"coordinates": [-123.10438143663796, 49.248317786759294], "type": "Point"}, "properties": {"block_number": "41", "node_number": 2.0, "geo_local_area": "Riley Park", "geo_point_2d": {"lon": -123.10438143663796, "lat": 49.248317786759294}}}, {"type": "Feature", "geometry": {"coordinates": [-123.11773016630936, 49.25379918529084], "type": "Point"}, "properties": {"block_number": "05", "node_number": 4.0, "geo_local_area": "South Cambie", "geo_point_2d": {"lon": -123.11773016630936, "lat": 49.25379918529084}}}, {"type": "Feature", "geometry": {"coordinates": [-123.11496884941774, 49.25492679146251], "type": "Point"}, "properties": {"block_number": "04", "node_number": 5.0, "geo_local_area": "Riley Park", "geo_point_2d": {"lon": -123.11496884941774, "lat": 49.25492679146251}}}, {"type": "Feature", "geometry": {"coordinates": [-123.12377271606375, 49.25485012323541], "type": "Point"}, "properties": {"block_number": "08", "node_number": 1.0, "geo_local_area": "South Cambie", "geo_point_2d": {"lon": -123.12377271606375, "lat": 49.25485012323541}}}, {"type": "Feature", "geometry": {"coordinates": [-123.11818255532229, 49.25202863439282], "type": "Point"}, "properties": {"block_number": "05", "node_number": 4.0, "geo_local_area": "South Cambie", "geo_point_2d": {"lon": -123.11818255532229, "lat": 49.25202863439282}}}, {"type": "Feature", "geometry": {"coordinates": [-123.1120579613328, 49.24952408845836], "type": "Point"}, "properties": {"block_number": "02", "node_number": 4.0, "geo_local_area": "Riley Park", "geo_point_2d": {"lon": -123.1120579613328, "lat": 49.24952408845836}}}, {"type": "Feature", "geometry": {"coordinates": [-123.11954132181607, 49.241671303807465], "type": "Point"}, "properties": {"block_number": "06", "node_number": 1.0, "geo_local_area": "South Cambie", "geo_point_2d": {"lon": -123.11954132181607, "lat": 49.241671303807465}}}, {"type": "Feature", "geometry": {"coordinates": [-123.11351020773853, 49.24744615789763], "type": "Point"}, "properties": {"block_number": "04", "node_number": 3.0, "geo_local_area": "Riley Park", "geo_point_2d": {"lon": -123.11351020773853, "lat": 49.24744615789763}}}, {"type": "Feature", "geometry": {"coordinates": [-123.10800856938435, 49.24944663725191], "type": "Point"}, "properties": {"block_number": "01", "node_number": 2.0, "geo_local_area": "Riley Park", "geo_point_2d": {"lon": -123.10800856938435, "lat": 49.24944663725191}}}, {"type": "Feature", "geometry": {"coordinates": [-123.10807505248945, 49.24742221660315], "type": "Point"}, "properties": {"block_number": "01", "node_number": 2.0, "geo_local_area": "Riley Park", "geo_point_2d": {"lon": -123.10807505248945, "lat": 49.24742221660315}}}, {"type": "Feature", "geometry": {"coordinates": [-123.1173209194574, 49.24844145129031], "type": "Point"}, "properties": {"block_number": "05", "node_number": 2.0, "geo_local_area": "South Cambie", "geo_point_2d": {"lon": -123.1173209194574, "lat": 49.24844145129031}}}, {"type": "Feature", "geometry": {"coordinates": [-123.10596466341757, 49.2514342262446], "type": "Point"}, "properties": {"block_number": "00", "node_number": 3.0, "geo_local_area": "Riley Park", "geo_point_2d": {"lon": -123.10596466341757, "lat": 49.2514342262446}}}, {"type": "Feature", "geometry": {"coordinates": [-123.10874824694527, 49.246532397202174], "type": "Point"}, "properties": {"block_number": "01", "node_number": 2.0, "geo_local_area": "Riley Park", "geo_point_2d": {"lon": -123.10874824694527, "lat": 49.246532397202174}}}, {"type": "Feature", "geometry": {"coordinates": [-123.10827885070681, 49.253317803246325], "type": "Point"}, "properties": {"block_number": "01", "node_number": 2.0, "geo_local_area": "Riley Park", "geo_point_2d": {"lon": -123.10827885070681, "lat": 49.253317803246325}}}, {"type": "Feature", "geometry": {"coordinates": [-123.10956677018278, 49.248375358418336], "type": "Point"}, "properties": {"block_number": "01", "node_number": 5.0, "geo_local_area": "Riley Park", "geo_point_2d": {"lon": -123.10956677018278, "lat": 49.248375358418336}}}, {"type": "Feature", "geometry": {"coordinates": [-123.10827505170936, 49.24644730598133], "type": "Point"}, "properties": {"block_number": "42", "node_number": 1.0, "geo_local_area": "Riley Park", "geo_point_2d": {"lon": -123.10827505170936, "lat": 49.24644730598133}}}, {"type": "Feature", "geometry": {"coordinates": [-123.11762794327036, 49.247935859008535], "type": "Point"}, "properties": {"block_number": "05", "node_number": 4.0, "geo_local_area": "South Cambie", "geo_point_2d": {"lon": -123.11762794327036, "lat": 49.247935859008535}}}, {"type": "Feature", "geometry": {"coordinates": [-123.11409058800226, 49.248452602300944], "type": "Point"}, "properties": {"block_number": "04", "node_number": 4.0, "geo_local_area": "Riley Park", "geo_point_2d": {"lon": -123.11409058800226, "lat": 49.248452602300944}}}, {"type": "Feature", "geometry": {"coordinates": [-123.11035810118308, 49.24725077706708], "type": "Point"}, "properties": {"block_number": "01", "node_number": 7.0, "geo_local_area": "Riley Park", "geo_point_2d": {"lon": -123.11035810118308, "lat": 49.24725077706708}}}, {"type": "Feature", "geometry": {"coordinates": [-123.1144991781704, 49.25382606294719], "type": "Point"}, "properties": {"block_number": "35", "node_number": 1.0, "geo_local_area": "Riley Park", "geo_point_2d": {"lon": -123.1144991781704, "lat": 49.25382606294719}}}, {"type": "Feature", "geometry": {"coordinates": [-123.1064107006102, 49.24651601671501], "type": "Point"}, "properties": {"block_number": "00", "node_number": 3.0, "geo_local_area": "Riley Park", "geo_point_2d": {"lon": -123.1064107006102, "lat": 49.24651601671501}}}, {"type": "Feature", "geometry": {"coordinates": [-123.12001913281215, 49.24168770146857], "type": "Point"}, "properties": {"block_number": "06", "node_number": 2.0, "geo_local_area": "South Cambie", "geo_point_2d": {"lon": -123.12001913281215, "lat": 49.24168770146857}}}, {"type": "Feature", "geometry": {"coordinates": [-123.11199062850231, 49.25530561792327], "type": "Point"}, "properties": {"block_number": "02", "node_number": 7.0, "geo_local_area": "Riley Park", "geo_point_2d": {"lon": -123.11199062850231, "lat": 49.25530561792327}}}, {"type": "Feature", "geometry": {"coordinates": [-123.11516608254388, 49.24881500546342], "type": "Point"}, "properties": {"block_number": "41", "node_number": 2.0, "geo_local_area": "Riley Park", "geo_point_2d": {"lon": -123.11516608254388, "lat": 49.24881500546342}}}, {"type": "Feature", "geometry": {"coordinates": [-123.1122049170926, 49.25155473519101], "type": "Point"}, "properties": {"block_number": "02", "node_number": 5.0, "geo_local_area": "Riley Park", "geo_point_2d": {"lon": -123.1122049170926, "lat": 49.25155473519101}}}, {"type": "Feature", "geometry": {"coordinates": [-123.12426516368821, 49.24671321401727], "type": "Point"}, "properties": {"block_number": "08", "node_number": 4.0, "geo_local_area": "South Cambie", "geo_point_2d": {"lon": -123.12426516368821, "lat": 49.24671321401727}}}, {"type": "Feature", "geometry": {"coordinates": [-123.10654170634886, 49.248321328854814], "type": "Point"}, "properties": {"block_number": "00", "node_number": 4.0, "geo_local_area": "Riley Park", "geo_point_2d": {"lon": -123.10654170634886, "lat": 49.248321328854814}}}, {"type": "Feature", "geometry": {"coordinates": [-123.10763691849105, 49.252357398444595], "type": "Point"}, "properties": {"block_number": "01", "node_number": 1.0, "geo_local_area": "Riley Park", "geo_point_2d": {"lon": -123.10763691849105, "lat": 49.252357398444595}}}, {"type": "Feature", "geometry": {"coordinates": [-123.11660471559759, 49.24627154596095], "type": "Point"}, "properties": {"block_number": "43", "node_number": 3.0, "geo_local_area": "South Cambie", "geo_point_2d": {"lon": -123.11660471559759, "lat": 49.24627154596095}}}, {"type": "Feature", "geometry": {"coordinates": [-123.11209092955687, 49.254357046672304], "type": "Point"}, "properties": {"block_number": "02", "node_number": 6.0, "geo_local_area": "Riley Park", "geo_point_2d": {"lon": -123.11209092955687, "lat": 49.254357046672304}}}, {"type": "Feature", "geometry": {"coordinates": [-123.10804887209002, 49.25236242004342], "type": "Point"}, "properties": {"block_number": "01", "node_number": 2.0, "geo_local_area": "Riley Park", "geo_point_2d": {"lon": -123.10804887209002, "lat": 49.25236242004342}}}, {"type": "Feature", "geometry": {"coordinates": [-123.1069600646699, 49.246536279401745], "type": "Point"}, "properties": {"block_number": "00", "node_number": 2.0, "geo_local_area": "Riley Park", "geo_point_2d": {"lon": -123.1069600646699, "lat": 49.246536279401745}}}, {"type": "Feature", "geometry": {"coordinates": [-123.1179968390118, 49.256542302335795], "type": "Point"}, "properties": {"block_number": "05", "node_number": 4.0, "geo_local_area": "South Cambie", "geo_point_2d": {"lon": -123.1179968390118, "lat": 49.256542302335795}}}, {"type": "Feature", "geometry": {"coordinates": [-123.11572942421081, 49.24860679664781], "type": "Point"}, "properties": {"block_number": "41", "node_number": 5.0, "geo_local_area": "South Cambie", "geo_point_2d": {"lon": -123.11572942421081, "lat": 49.24860679664781}}}, {"type": "Feature", "geometry": {"coordinates": [-123.11582500923836, 49.24741713555637], "type": "Point"}, "properties": {"block_number": "42", "node_number": 5.0, "geo_local_area": "South Cambie", "geo_point_2d": {"lon": -123.11582500923836, "lat": 49.24741713555637}}}, {"type": "Feature", "geometry": {"coordinates": [-123.12763766680987, 49.250208007399266], "type": "Point"}, "properties": {"block_number": "39", "node_number": 5.0, "geo_local_area": "Shaughnessy", "geo_point_2d": {"lon": -123.12763766680987, "lat": 49.250208007399266}}}, {"type": "Feature", "geometry": {"coordinates": [-123.12752405636276, 49.24591307182425], "type": "Point"}, "properties": {"block_number": "44", "node_number": 4.0, "geo_local_area": "South Cambie", "geo_point_2d": {"lon": -123.12752405636276, "lat": 49.24591307182425}}}, {"type": "Feature", "geometry": {"coordinates": [-123.11588970392614, 49.24533565463389], "type": "Point"}, "properties": {"block_number": "44", "node_number": 7.0, "geo_local_area": "South Cambie", "geo_point_2d": {"lon": -123.11588970392614, "lat": 49.24533565463389}}}, {"type": "Feature", "geometry": {"coordinates": [-123.1273697330276, 49.250464424215316], "type": "Point"}, "properties": {"block_number": "39", "node_number": 4.0, "geo_local_area": "South Cambie", "geo_point_2d": {"lon": -123.1273697330276, "lat": 49.250464424215316}}}, {"type": "Feature", "geometry": {"coordinates": [-123.12758182696905, 49.251632984968566], "type": "Point"}, "properties": {"block_number": "38", "node_number": 1.0, "geo_local_area": "Shaughnessy", "geo_point_2d": {"lon": -123.12758182696905, "lat": 49.251632984968566}}}, {"type": "Feature", "geometry": {"coordinates": [-123.11513492221597, 49.24910590625538], "type": "Point"}, "properties": {"block_number": "04", "node_number": 7.0, "geo_local_area": "Riley Park", "geo_point_2d": {"lon": -123.11513492221597, "lat": 49.24910590625538}}}, {"type": "Feature", "geometry": {"coordinates": [-123.11549923988045, 49.25047812445649], "type": "Point"}, "properties": {"block_number": "38", "node_number": 9.0, "geo_local_area": "South Cambie", "geo_point_2d": {"lon": -123.11549923988045, "lat": 49.25047812445649}}}, {"type": "Feature", "geometry": {"coordinates": [-123.11543748925979, 49.25338406651318], "type": "Point"}, "properties": {"block_number": "35", "node_number": 11.0, "geo_local_area": "South Cambie", "geo_point_2d": {"lon": -123.11543748925979, "lat": 49.25338406651318}}}, {"type": "Feature", "geometry": {"coordinates": [-123.11557302000348, 49.25079805586356], "type": "Point"}, "properties": {"block_number": "38", "node_number": 7.0, "geo_local_area": "South Cambie", "geo_point_2d": {"lon": -123.11557302000348, "lat": 49.25079805586356}}}, {"type": "Feature", "geometry": {"coordinates": [-123.11521778015283, 49.25106717004967], "type": "Point"}, "properties": {"block_number": "38", "node_number": 2.0, "geo_local_area": "Riley Park", "geo_point_2d": {"lon": -123.11521778015283, "lat": 49.25106717004967}}}, {"type": "Feature", "geometry": {"coordinates": [-123.10564211330318, 49.248786533670724], "type": "Point"}, "properties": {"block_number": "00", "node_number": 4.0, "geo_local_area": "Riley Park", "geo_point_2d": {"lon": -123.10564211330318, "lat": 49.248786533670724}}}, {"type": "Feature", "geometry": {"coordinates": [-123.1273173136821, 49.25191879421618], "type": "Point"}, "properties": {"block_number": "37", "node_number": 6.0, "geo_local_area": "South Cambie", "geo_point_2d": {"lon": -123.1273173136821, "lat": 49.25191879421618}}}, {"type": "Feature", "geometry": {"coordinates": [-123.11639964622712, 49.2489006091623], "type": "Point"}, "properties": {"block_number": "05", "node_number": 4.0, "geo_local_area": "South Cambie", "geo_point_2d": {"lon": -123.11639964622712, "lat": 49.2489006091623}}}, {"type": "Feature", "geometry": {"coordinates": [-123.12097399853785, 49.2462473358581], "type": "Point"}, "properties": {"block_number": "07", "node_number": 1.0, "geo_local_area": "South Cambie", "geo_point_2d": {"lon": -123.12097399853785, "lat": 49.2462473358581}}}, {"type": "Feature", "geometry": {"coordinates": [-123.10622092965231, 49.24691510292201], "type": "Point"}, "properties": {"block_number": "00", "node_number": 1.0, "geo_local_area": "Riley Park", "geo_point_2d": {"lon": -123.10622092965231, "lat": 49.24691510292201}}}, {"type": "Feature", "geometry": {"coordinates": [-123.11243430057634, 49.25396302818302], "type": "Point"}, "properties": {"block_number": "02", "node_number": 5.0, "geo_local_area": "Riley Park", "geo_point_2d": {"lon": -123.11243430057634, "lat": 49.25396302818302}}}, {"type": "Feature", "geometry": {"coordinates": [-123.11258740426771, 49.250103981803896], "type": "Point"}, "properties": {"block_number": "02", "node_number": 5.0, "geo_local_area": "Riley Park", "geo_point_2d": {"lon": -123.11258740426771, "lat": 49.250103981803896}}}, {"type": "Feature", "geometry": {"coordinates": [-123.11817026847852, 49.24168172759565], "type": "Point"}, "properties": {"block_number": "48", "node_number": 4.0, "geo_local_area": "Riley Park", "geo_point_2d": {"lon": -123.11817026847852, "lat": 49.24168172759565}}}, {"type": "Feature", "geometry": {"coordinates": [-123.11006473827477, 49.25202332222207], "type": "Point"}, "properties": {"block_number": "02", "node_number": 1.0, "geo_local_area": "Riley Park", "geo_point_2d": {"lon": -123.11006473827477, "lat": 49.25202332222207}}}, {"type": "Feature", "geometry": {"coordinates": [-123.12249012071723, 49.24659869332127], "type": "Point"}, "properties": {"block_number": "43", "node_number": 1.0, "geo_local_area": "South Cambie", "geo_point_2d": {"lon": -123.12249012071723, "lat": 49.24659869332127}}}, {"type": "Feature", "geometry": {"coordinates": [-123.1210582841813, 49.24897535741612], "type": "Point"}, "properties": {"block_number": "07", "node_number": 4.0, "geo_local_area": "South Cambie", "geo_point_2d": {"lon": -123.1210582841813, "lat": 49.24897535741612}}}, {"type": "Feature", "geometry": {"coordinates": [-123.11719166527554, 49.245278255985234], "type": "Point"}, "properties": {"block_number": "05", "node_number": 1.0, "geo_local_area": "South Cambie", "geo_point_2d": {"lon": -123.11719166527554, "lat": 49.245278255985234}}}, {"type": "Feature", "geometry": {"coordinates": [-123.12405934215192, 49.24903401602391], "type": "Point"}, "properties": {"block_number": "08", "node_number": 8.0, "geo_local_area": "South Cambie", "geo_point_2d": {"lon": -123.12405934215192, "lat": 49.24903401602391}}}, {"type": "Feature", "geometry": {"coordinates": [-123.12307773953843, 49.25069097949084], "type": "Point"}, "properties": {"block_number": "08", "node_number": 2.0, "geo_local_area": "South Cambie", "geo_point_2d": {"lon": -123.12307773953843, "lat": 49.25069097949084}}}, {"type": "Feature", "geometry": {"coordinates": [-123.12486626687469, 49.254338872537296], "type": "Point"}, "properties": {"block_number": "09", "node_number": 2.0, "geo_local_area": "South Cambie", "geo_point_2d": {"lon": -123.12486626687469, "lat": 49.254338872537296}}}, {"type": "Feature", "geometry": {"coordinates": [-123.1101383354959, 49.251108365741835], "type": "Point"}, "properties": {"block_number": "02", "node_number": 1.0, "geo_local_area": "Riley Park", "geo_point_2d": {"lon": -123.1101383354959, "lat": 49.251108365741835}}}, {"type": "Feature", "geometry": {"coordinates": [-123.11510717610287, 49.25387969098991], "type": "Point"}, "properties": {"block_number": "35", "node_number": 2.0, "geo_local_area": "Riley Park", "geo_point_2d": {"lon": -123.11510717610287, "lat": 49.25387969098991}}}, {"type": "Feature", "geometry": {"coordinates": [-123.11511914609294, 49.25359637455247], "type": "Point"}, "properties": {"block_number": "35", "node_number": 6.0, "geo_local_area": "Riley Park", "geo_point_2d": {"lon": -123.11511914609294, "lat": 49.25359637455247}}}, {"type": "Feature", "geometry": {"coordinates": [-123.11526810642575, 49.256021418340744], "type": "Point"}, "properties": {"block_number": "32", "node_number": 7.0, "geo_local_area": "South Cambie", "geo_point_2d": {"lon": -123.11526810642575, "lat": 49.256021418340744}}}, {"type": "Feature", "geometry": {"coordinates": [-123.12034330804606, 49.24756210809972], "type": "Point"}, "properties": {"block_number": "42", "node_number": 2.0, "geo_local_area": "South Cambie", "geo_point_2d": {"lon": -123.12034330804606, "lat": 49.24756210809972}}}, {"type": "Feature", "geometry": {"coordinates": [-123.11764780248322, 49.249146371873316], "type": "Point"}, "properties": {"block_number": "05", "node_number": 9.0, "geo_local_area": "South Cambie", "geo_point_2d": {"lon": -123.11764780248322, "lat": 49.249146371873316}}}, {"type": "Feature", "geometry": {"coordinates": [-123.10502362338941, 49.24968591877616], "type": "Point"}, "properties": {"block_number": "40", "node_number": 1.0, "geo_local_area": "Riley Park", "geo_point_2d": {"lon": -123.10502362338941, "lat": 49.24968591877616}}}, {"type": "Feature", "geometry": {"coordinates": [-123.1126154074299, 49.25226633480683], "type": "Point"}, "properties": {"block_number": "36", "node_number": 2.0, "geo_local_area": "Riley Park", "geo_point_2d": {"lon": -123.1126154074299, "lat": 49.25226633480683}}}, {"type": "Feature", "geometry": {"coordinates": [-123.11001746569895, 49.24955506818281], "type": "Point"}, "properties": {"block_number": "40", "node_number": 1.0, "geo_local_area": "Riley Park", "geo_point_2d": {"lon": -123.11001746569895, "lat": 49.24955506818281}}}, {"type": "Feature", "geometry": {"coordinates": [-123.11701075179693, 49.24913690819808], "type": "Point"}, "properties": {"block_number": "05", "node_number": 7.0, "geo_local_area": "South Cambie", "geo_point_2d": {"lon": -123.11701075179693, "lat": 49.24913690819808}}}, {"type": "Feature", "geometry": {"coordinates": [-123.10852270875372, 49.25469537246109], "type": "Point"}, "properties": {"block_number": "01", "node_number": 4.0, "geo_local_area": "Riley Park", "geo_point_2d": {"lon": -123.10852270875372, "lat": 49.25469537246109}}}, {"type": "Feature", "geometry": {"coordinates": [-123.11530776427924, 49.24504020373213], "type": "Point"}, "properties": {"block_number": "45", "node_number": 2.0, "geo_local_area": "Riley Park", "geo_point_2d": {"lon": -123.11530776427924, "lat": 49.24504020373213}}}, {"type": "Feature", "geometry": {"coordinates": [-123.10590028740283, 49.24782461727837], "type": "Point"}, "properties": {"block_number": "00", "node_number": 1.0, "geo_local_area": "Riley Park", "geo_point_2d": {"lon": -123.10590028740283, "lat": 49.24782461727837}}}, {"type": "Feature", "geometry": {"coordinates": [-123.12020003382041, 49.25588535923445], "type": "Point"}, "properties": {"block_number": "33", "node_number": 1.0, "geo_local_area": "South Cambie", "geo_point_2d": {"lon": -123.12020003382041, "lat": 49.25588535923445}}}, {"type": "Feature", "geometry": {"coordinates": [-123.11831369623064, 49.2471207574829], "type": "Point"}, "properties": {"block_number": "05", "node_number": 3.0, "geo_local_area": "South Cambie", "geo_point_2d": {"lon": -123.11831369623064, "lat": 49.2471207574829}}}, {"type": "Feature", "geometry": {"coordinates": [-123.11450184835557, 49.25118400118099], "type": "Point"}, "properties": {"block_number": "04", "node_number": 3.0, "geo_local_area": "Riley Park", "geo_point_2d": {"lon": -123.11450184835557, "lat": 49.25118400118099}}}, {"type": "Feature", "geometry": {"coordinates": [-123.11128332634975, 49.25203563873101], "type": "Point"}, "properties": {"block_number": "02", "node_number": 3.0, "geo_local_area": "Riley Park", "geo_point_2d": {"lon": -123.11128332634975, "lat": 49.25203563873101}}}, {"type": "Feature", "geometry": {"coordinates": [-123.11715568942338, 49.25338246291077], "type": "Point"}, "properties": {"block_number": "05", "node_number": 3.0, "geo_local_area": "South Cambie", "geo_point_2d": {"lon": -123.11715568942338, "lat": 49.25338246291077}}}, {"type": "Feature", "geometry": {"coordinates": [-123.11389836248077, 49.256827749812885], "type": "Point"}, "properties": {"block_number": "04", "node_number": 4.0, "geo_local_area": "Riley Park", "geo_point_2d": {"lon": -123.11389836248077, "lat": 49.256827749812885}}}, {"type": "Feature", "geometry": {"coordinates": [-123.10406095164662, 49.249564400806015], "type": "Point"}, "properties": {"block_number": "50", "node_number": 3.0, "geo_local_area": "Riley Park", "geo_point_2d": {"lon": -123.10406095164662, "lat": 49.249564400806015}}}, {"type": "Feature", "geometry": {"coordinates": [-123.11529027079659, 49.25531237508882], "type": "Point"}, "properties": {"block_number": "33", "node_number": 5.0, "geo_local_area": "South Cambie", "geo_point_2d": {"lon": -123.11529027079659, "lat": 49.25531237508882}}}, {"type": "Feature", "geometry": {"coordinates": [-123.122482931588, 49.24900255961236], "type": "Point"}, "properties": {"block_number": "08", "node_number": 2.0, "geo_local_area": "South Cambie", "geo_point_2d": {"lon": -123.122482931588, "lat": 49.24900255961236}}}, {"type": "Feature", "geometry": {"coordinates": [-123.11575943460875, 49.25688771527005], "type": "Point"}, "properties": {"block_number": "05", "node_number": 2.0, "geo_local_area": "Fairview", "geo_point_2d": {"lon": -123.11575943460875, "lat": 49.25688771527005}}}, {"type": "Feature", "geometry": {"coordinates": [-123.12675699046625, 49.249072366870074], "type": "Point"}, "properties": {"block_number": "09", "node_number": 8.0, "geo_local_area": "South Cambie", "geo_point_2d": {"lon": -123.12675699046625, "lat": 49.249072366870074}}}, {"type": "Feature", "geometry": {"coordinates": [-123.1203226574413, 49.24521586685805], "type": "Point"}, "properties": {"block_number": "06", "node_number": 4.0, "geo_local_area": "South Cambie", "geo_point_2d": {"lon": -123.1203226574413, "lat": 49.24521586685805}}}, {"type": "Feature", "geometry": {"coordinates": [-123.11024312326919, 49.24552236284782], "type": "Point"}, "properties": {"block_number": "02", "node_number": 2.0, "geo_local_area": "Riley Park", "geo_point_2d": {"lon": -123.11024312326919, "lat": 49.24552236284782}}}, {"type": "Feature", "geometry": {"coordinates": [-123.10754887114935, 49.24623149600293], "type": "Point"}, "properties": {"block_number": "00", "node_number": 8.0, "geo_local_area": "Riley Park", "geo_point_2d": {"lon": -123.10754887114935, "lat": 49.24623149600293}}}, {"type": "Feature", "geometry": {"coordinates": [-123.1221717176602, 49.249223766989736], "type": "Point"}, "properties": {"block_number": "07", "node_number": 7.0, "geo_local_area": "South Cambie", "geo_point_2d": {"lon": -123.1221717176602, "lat": 49.249223766989736}}}, {"type": "Feature", "geometry": {"coordinates": [-123.1153849786202, 49.25319988781527], "type": "Point"}, "properties": {"block_number": "35", "node_number": 13.0, "geo_local_area": "South Cambie", "geo_point_2d": {"lon": -123.1153849786202, "lat": 49.25319988781527}}}, {"type": "Feature", "geometry": {"coordinates": [-123.11506274785043, 49.2520111215792], "type": "Point"}, "properties": {"block_number": "04", "node_number": 6.0, "geo_local_area": "Riley Park", "geo_point_2d": {"lon": -123.11506274785043, "lat": 49.2520111215792}}}, {"type": "Feature", "geometry": {"coordinates": [-123.11527599912756, 49.25555715823814], "type": "Point"}, "properties": {"block_number": "33", "node_number": 3.0, "geo_local_area": "South Cambie", "geo_point_2d": {"lon": -123.11527599912756, "lat": 49.25555715823814}}}, {"type": "Feature", "geometry": {"coordinates": [-123.10476615081316, 49.24958283335651], "type": "Point"}, "properties": {"block_number": "50", "node_number": 1.0, "geo_local_area": "Riley Park", "geo_point_2d": {"lon": -123.10476615081316, "lat": 49.24958283335651}}}, {"type": "Feature", "geometry": {"coordinates": [-123.11652342011735, 49.24441603693363], "type": "Point"}, "properties": {"block_number": "45", "node_number": 7.0, "geo_local_area": "South Cambie", "geo_point_2d": {"lon": -123.11652342011735, "lat": 49.24441603693363}}}, {"type": "Feature", "geometry": {"coordinates": [-123.12050718113386, 49.24279454344526], "type": "Point"}, "properties": {"block_number": "47", "node_number": 2.0, "geo_local_area": "South Cambie", "geo_point_2d": {"lon": -123.12050718113386, "lat": 49.24279454344526}}}, {"type": "Feature", "geometry": {"coordinates": [-123.12109549356074, 49.25075064363679], "type": "Point"}, "properties": {"block_number": "07", "node_number": 1.0, "geo_local_area": "South Cambie", "geo_point_2d": {"lon": -123.12109549356074, "lat": 49.25075064363679}}}, {"type": "Feature", "geometry": {"coordinates": [-123.10468994483651, 49.251805325967595], "type": "Point"}, "properties": {"block_number": "50", "node_number": 2.0, "geo_local_area": "Riley Park", "geo_point_2d": {"lon": -123.10468994483651, "lat": 49.251805325967595}}}, {"type": "Feature", "geometry": {"coordinates": [-123.12038084289635, 49.24671865801604], "type": "Point"}, "properties": {"block_number": "43", "node_number": 2.0, "geo_local_area": "South Cambie", "geo_point_2d": {"lon": -123.12038084289635, "lat": 49.24671865801604}}}, {"type": "Feature", "geometry": {"coordinates": [-123.12485611306796, 49.24929945246628], "type": "Point"}, "properties": {"block_number": "09", "node_number": 1.0, "geo_local_area": "South Cambie", "geo_point_2d": {"lon": -123.12485611306796, "lat": 49.24929945246628}}}, {"type": "Feature", "geometry": {"coordinates": [-123.1111831656173, 49.25485037613949], "type": "Point"}, "properties": {"block_number": "02", "node_number": 3.0, "geo_local_area": "Riley Park", "geo_point_2d": {"lon": -123.1111831656173, "lat": 49.25485037613949}}}, {"type": "Feature", "geometry": {"coordinates": [-123.11445631114012, 49.25299134879247], "type": "Point"}, "properties": {"block_number": "04", "node_number": 3.0, "geo_local_area": "Riley Park", "geo_point_2d": {"lon": -123.11445631114012, "lat": 49.25299134879247}}}, {"type": "Feature", "geometry": {"coordinates": [-123.1217343501693, 49.24615421009394], "type": "Point"}, "properties": {"block_number": "07", "node_number": 2.0, "geo_local_area": "South Cambie", "geo_point_2d": {"lon": -123.1217343501693, "lat": 49.24615421009394}}}, {"type": "Feature", "geometry": {"coordinates": [-123.12050580684812, 49.24907826473119], "type": "Point"}, "properties": {"block_number": "07", "node_number": 1.5, "geo_local_area": "South Cambie", "geo_point_2d": {"lon": -123.12050580684812, "lat": 49.24907826473119}}}, {"type": "Feature", "geometry": {"coordinates": [-123.11558813910653, 49.250481912491544], "type": "Point"}, "properties": {"block_number": "38", "node_number": 11.0, "geo_local_area": "South Cambie", "geo_point_2d": {"lon": -123.11558813910653, "lat": 49.250481912491544}}}, {"type": "Feature", "geometry": {"coordinates": [-123.11550226665402, 49.25295940926908], "type": "Point"}, "properties": {"block_number": "36", "node_number": 3.0, "geo_local_area": "South Cambie", "geo_point_2d": {"lon": -123.11550226665402, "lat": 49.25295940926908}}}, {"type": "Feature", "geometry": {"coordinates": [-123.1154610962449, 49.25138607775119], "type": "Point"}, "properties": {"block_number": "37", "node_number": 13.0, "geo_local_area": "South Cambie", "geo_point_2d": {"lon": -123.1154610962449, "lat": 49.25138607775119}}}, {"type": "Feature", "geometry": {"coordinates": [-123.11319237230104, 49.24507856449048], "type": "Point"}, "properties": {"block_number": "04", "node_number": 2.0, "geo_local_area": "Riley Park", "geo_point_2d": {"lon": -123.11319237230104, "lat": 49.24507856449048}}}, {"type": "Feature", "geometry": {"coordinates": [-123.11863268738526, 49.243078439286364], "type": "Point"}, "properties": {"block_number": "06", "node_number": 0.4, "geo_local_area": "South Cambie", "geo_point_2d": {"lon": -123.11863268738526, "lat": 49.243078439286364}}}, {"type": "Feature", "geometry": {"coordinates": [-123.1150618226704, 49.254326834643294], "type": "Point"}, "properties": {"block_number": "34", "node_number": 6.0, "geo_local_area": "Riley Park", "geo_point_2d": {"lon": -123.1150618226704, "lat": 49.254326834643294}}}, {"type": "Feature", "geometry": {"coordinates": [-123.1185328645685, 49.24862492227067], "type": "Point"}, "properties": {"block_number": "41", "node_number": 1.0, "geo_local_area": "South Cambie", "geo_point_2d": {"lon": -123.1185328645685, "lat": 49.24862492227067}}}, {"type": "Feature", "geometry": {"coordinates": [-123.124696476291, 49.24766896049674], "type": "Point"}, "properties": {"block_number": "42", "node_number": 2.0, "geo_local_area": "South Cambie", "geo_point_2d": {"lon": -123.124696476291, "lat": 49.24766896049674}}}, {"type": "Feature", "geometry": {"coordinates": [-123.11016326982272, 49.243793563694275], "type": "Point"}, "properties": {"block_number": "01", "node_number": 8.0, "geo_local_area": "Riley Park", "geo_point_2d": {"lon": -123.11016326982272, "lat": 49.243793563694275}}}, {"type": "Feature", "geometry": {"coordinates": [-123.11514398770915, 49.250764761144694], "type": "Point"}, "properties": {"block_number": "38", "node_number": 8.0, "geo_local_area": "Riley Park", "geo_point_2d": {"lon": -123.11514398770915, "lat": 49.250764761144694}}}, {"type": "Feature", "geometry": {"coordinates": [-123.11510488101275, 49.251970619090024], "type": "Point"}, "properties": {"block_number": "37", "node_number": 4.0, "geo_local_area": "Riley Park", "geo_point_2d": {"lon": -123.11510488101275, "lat": 49.251970619090024}}}, {"type": "Feature", "geometry": {"coordinates": [-123.11856213738331, 49.25292506031678], "type": "Point"}, "properties": {"block_number": "06", "node_number": 1.0, "geo_local_area": "South Cambie", "geo_point_2d": {"lon": -123.11856213738331, "lat": 49.25292506031678}}}, {"type": "Feature", "geometry": {"coordinates": [-123.11982353061367, 49.25294429507244], "type": "Point"}, "properties": {"block_number": "06", "node_number": 5.0, "geo_local_area": "South Cambie", "geo_point_2d": {"lon": -123.11982353061367, "lat": 49.25294429507244}}}, {"type": "Feature", "geometry": {"coordinates": [-123.10921156438667, 49.242979039984874], "type": "Point"}, "properties": {"block_number": "00", "node_number": 20.0, "geo_local_area": "Riley Park", "geo_point_2d": {"lon": -123.10921156438667, "lat": 49.242979039984874}}}, {"type": "Feature", "geometry": {"coordinates": [-123.11578564163533, 49.24505405519263], "type": "Point"}, "properties": {"block_number": "45", "node_number": 0.5, "geo_local_area": "South Cambie", "geo_point_2d": {"lon": -123.11578564163533, "lat": 49.24505405519263}}}, {"type": "Feature", "geometry": {"coordinates": [-123.12458568488265, 49.24916901673584], "type": "Point"}, "properties": {"block_number": "08", "node_number": 12.0, "geo_local_area": "South Cambie", "geo_point_2d": {"lon": -123.12458568488265, "lat": 49.24916901673584}}}, {"type": "Feature", "geometry": {"coordinates": [-123.12463870194922, 49.24900755814798], "type": "Point"}, "properties": {"block_number": "41", "node_number": 2.0, "geo_local_area": "South Cambie", "geo_point_2d": {"lon": -123.12463870194922, "lat": 49.24900755814798}}}, {"type": "Feature", "geometry": {"coordinates": [-123.11298095645954, 49.248851416845866], "type": "Point"}, "properties": {"block_number": "04", "node_number": 6.0, "geo_local_area": "Riley Park", "geo_point_2d": {"lon": -123.11298095645954, "lat": 49.248851416845866}}}, {"type": "Feature", "geometry": {"coordinates": [-123.11613700282012, 49.245054763955174], "type": "Point"}, "properties": {"block_number": "45", "node_number": 2.0, "geo_local_area": "South Cambie", "geo_point_2d": {"lon": -123.11613700282012, "lat": 49.245054763955174}}}, {"type": "Feature", "geometry": {"coordinates": [-123.11610135748025, 49.2450291273805], "type": "Point"}, "properties": {"block_number": "45", "node_number": 10.0, "geo_local_area": "South Cambie", "geo_point_2d": {"lon": -123.11610135748025, "lat": 49.2450291273805}}}, {"type": "Feature", "geometry": {"coordinates": [-123.11609974241797, 49.24504935029289], "type": "Point"}, "properties": {"block_number": "45", "node_number": 4.0, "geo_local_area": "South Cambie", "geo_point_2d": {"lon": -123.11609974241797, "lat": 49.24504935029289}}}, {"type": "Feature", "geometry": {"coordinates": [-123.11607117745054, 49.24504909114784], "type": "Point"}, "properties": {"block_number": "45", "node_number": 6.0, "geo_local_area": "South Cambie", "geo_point_2d": {"lon": -123.11607117745054, "lat": 49.24504909114784}}}, {"type": "Feature", "geometry": {"coordinates": [-123.12193414079294, 49.247086229396935], "type": "Point"}, "properties": {"block_number": "07", "node_number": 4.0, "geo_local_area": "South Cambie", "geo_point_2d": {"lon": -123.12193414079294, "lat": 49.247086229396935}}}, {"type": "Feature", "geometry": {"coordinates": [-123.12043993136537, 49.244473124961836], "type": "Point"}, "properties": {"block_number": "45", "node_number": 6.0, "geo_local_area": "South Cambie", "geo_point_2d": {"lon": -123.12043993136537, "lat": 49.244473124961836}}}, {"type": "Feature", "geometry": {"coordinates": [-123.11598115481023, 49.245060128759235], "type": "Point"}, "properties": {"block_number": "45", "node_number": 1.0, "geo_local_area": "South Cambie", "geo_point_2d": {"lon": -123.11598115481023, "lat": 49.245060128759235}}}, {"type": "Feature", "geometry": {"coordinates": [-123.12459671828019, 49.24720316907289], "type": "Point"}, "properties": {"block_number": "08", "node_number": 3.0, "geo_local_area": "South Cambie", "geo_point_2d": {"lon": -123.12459671828019, "lat": 49.24720316907289}}}, {"type": "Feature", "geometry": {"coordinates": [-123.1243495770174, 49.253429725008296], "type": "Point"}, "properties": {"block_number": "08", "node_number": 4.0, "geo_local_area": "South Cambie", "geo_point_2d": {"lon": -123.1243495770174, "lat": 49.253429725008296}}}, {"type": "Feature", "geometry": {"coordinates": [-123.12044358129486, 49.24956632978631], "type": "Point"}, "properties": {"block_number": "40", "node_number": 1.0, "geo_local_area": "South Cambie", "geo_point_2d": {"lon": -123.12044358129486, "lat": 49.24956632978631}}}, {"type": "Feature", "geometry": {"coordinates": [-123.12360026747801, 49.251702744413365], "type": "Point"}, "properties": {"block_number": "08", "node_number": 3.0, "geo_local_area": "South Cambie", "geo_point_2d": {"lon": -123.12360026747801, "lat": 49.251702744413365}}}, {"type": "Feature", "geometry": {"coordinates": [-123.11387489702904, 49.25285227248188], "type": "Point"}, "properties": {"block_number": "04", "node_number": 4.0, "geo_local_area": "Riley Park", "geo_point_2d": {"lon": -123.11387489702904, "lat": 49.25285227248188}}}, {"type": "Feature", "geometry": {"coordinates": [-123.1242989913566, 49.25161730474106], "type": "Point"}, "properties": {"block_number": "08", "node_number": 4.0, "geo_local_area": "South Cambie", "geo_point_2d": {"lon": -123.1242989913566, "lat": 49.25161730474106}}}, {"type": "Feature", "geometry": {"coordinates": [-123.10519040236265, 49.24878394142578], "type": "Point"}, "properties": {"block_number": "00", "node_number": 2.0, "geo_local_area": "Riley Park", "geo_point_2d": {"lon": -123.10519040236265, "lat": 49.24878394142578}}}, {"type": "Feature", "geometry": {"coordinates": [-123.11001490280408, 49.25292202850292], "type": "Point"}, "properties": {"block_number": "02", "node_number": 1.0, "geo_local_area": "Riley Park", "geo_point_2d": {"lon": -123.11001490280408, "lat": 49.25292202850292}}}, {"type": "Feature", "geometry": {"coordinates": [-123.1255034682335, 49.249057732873176], "type": "Point"}, "properties": {"block_number": "09", "node_number": 4.0, "geo_local_area": "South Cambie", "geo_point_2d": {"lon": -123.1255034682335, "lat": 49.249057732873176}}}, {"type": "Feature", "geometry": {"coordinates": [-123.1250867917736, 49.253541882203905], "type": "Point"}, "properties": {"block_number": "09", "node_number": 1.0, "geo_local_area": "South Cambie", "geo_point_2d": {"lon": -123.1250867917736, "lat": 49.253541882203905}}}, {"type": "Feature", "geometry": {"coordinates": [-123.12159047504014, 49.25617820085999], "type": "Point"}, "properties": {"block_number": "07", "node_number": 3.0, "geo_local_area": "South Cambie", "geo_point_2d": {"lon": -123.12159047504014, "lat": 49.25617820085999}}}, {"type": "Feature", "geometry": {"coordinates": [-123.11490850043836, 49.25581773801441], "type": "Point"}, "properties": {"block_number": "04", "node_number": 6.0, "geo_local_area": "Riley Park", "geo_point_2d": {"lon": -123.11490850043836, "lat": 49.25581773801441}}}, {"type": "Feature", "geometry": {"coordinates": [-123.11557254885734, 49.24462117494551], "type": "Point"}, "properties": {"block_number": "45", "node_number": 6.0, "geo_local_area": "Riley Park", "geo_point_2d": {"lon": -123.11557254885734, "lat": 49.24462117494551}}}, {"type": "Feature", "geometry": {"coordinates": [-123.1202309651238, 49.24797948686645], "type": "Point"}, "properties": {"block_number": "06", "node_number": 4.0, "geo_local_area": "South Cambie", "geo_point_2d": {"lon": -123.1202309651238, "lat": 49.24797948686645}}}, {"type": "Feature", "geometry": {"coordinates": [-123.12038866909492, 49.2443936335144], "type": "Point"}, "properties": {"block_number": "06", "node_number": 3.0, "geo_local_area": "South Cambie", "geo_point_2d": {"lon": -123.12038866909492, "lat": 49.2443936335144}}}, {"type": "Feature", "geometry": {"coordinates": [-123.12774749440753, 49.249381215508116], "type": "Point"}, "properties": {"block_number": "10", "node_number": 1.0, "geo_local_area": "Shaughnessy", "geo_point_2d": {"lon": -123.12774749440753, "lat": 49.249381215508116}}}, {"type": "Feature", "geometry": {"coordinates": [-123.11832678422272, 49.25603541718283], "type": "Point"}, "properties": {"block_number": "06", "node_number": 2.0, "geo_local_area": "South Cambie", "geo_point_2d": {"lon": -123.11832678422272, "lat": 49.25603541718283}}}, {"type": "Feature", "geometry": {"coordinates": [-123.10468989267935, 49.25098786695073], "type": "Point"}, "properties": {"block_number": "50", "node_number": 2.0, "geo_local_area": "Riley Park", "geo_point_2d": {"lon": -123.10468989267935, "lat": 49.25098786695073}}}, {"type": "Feature", "geometry": {"coordinates": [-123.11796459364757, 49.25692076405378], "type": "Point"}, "properties": {"block_number": "05", "node_number": 6.0, "geo_local_area": "South Cambie", "geo_point_2d": {"lon": -123.11796459364757, "lat": 49.25692076405378}}}, {"type": "Feature", "geometry": {"coordinates": [-123.11672216595935, 49.24424993715713], "type": "Point"}, "properties": {"block_number": "45", "node_number": 9.0, "geo_local_area": "South Cambie", "geo_point_2d": {"lon": -123.11672216595935, "lat": 49.24424993715713}}}, {"type": "Feature", "geometry": {"coordinates": [-123.11784128814602, 49.24301084045259], "type": "Point"}, "properties": {"block_number": "47", "node_number": 2.0, "geo_local_area": "Riley Park", "geo_point_2d": {"lon": -123.11784128814602, "lat": 49.24301084045259}}}, {"type": "Feature", "geometry": {"coordinates": [-123.1126954508018, 49.25575508931175], "type": "Point"}, "properties": {"block_number": "04", "node_number": 2.0, "geo_local_area": "Riley Park", "geo_point_2d": {"lon": -123.1126954508018, "lat": 49.25575508931175}}}, {"type": "Feature", "geometry": {"coordinates": [-123.11269393153889, 49.25034294409636], "type": "Point"}, "properties": {"block_number": "38", "node_number": 2.0, "geo_local_area": "Riley Park", "geo_point_2d": {"lon": -123.11269393153889, "lat": 49.25034294409636}}}, {"type": "Feature", "geometry": {"coordinates": [-123.118759798196, 49.24518601865609], "type": "Point"}, "properties": {"block_number": "06", "node_number": 2.0, "geo_local_area": "South Cambie", "geo_point_2d": {"lon": -123.118759798196, "lat": 49.24518601865609}}}, {"type": "Feature", "geometry": {"coordinates": [-123.10860628128835, 49.24611657317675], "type": "Point"}, "properties": {"block_number": "42", "node_number": 2.0, "geo_local_area": "Riley Park", "geo_point_2d": {"lon": -123.10860628128835, "lat": 49.24611657317675}}}, {"type": "Feature", "geometry": {"coordinates": [-123.11214868677213, 49.24815111254132], "type": "Point"}, "properties": {"block_number": "41", "node_number": 2.0, "geo_local_area": "Riley Park", "geo_point_2d": {"lon": -123.11214868677213, "lat": 49.24815111254132}}}, {"type": "Feature", "geometry": {"coordinates": [-123.12369065880405, 49.25351810875757], "type": "Point"}, "properties": {"block_number": "08", "node_number": 3.0, "geo_local_area": "South Cambie", "geo_point_2d": {"lon": -123.12369065880405, "lat": 49.25351810875757}}}, {"type": "Feature", "geometry": {"coordinates": [-123.11781430884199, 49.25058902777307], "type": "Point"}, "properties": {"block_number": "05", "node_number": 4.0, "geo_local_area": "South Cambie", "geo_point_2d": {"lon": -123.11781430884199, "lat": 49.25058902777307}}}, {"type": "Feature", "geometry": {"coordinates": [-123.10510257892642, 49.251006930941664], "type": "Point"}, "properties": {"block_number": "00", "node_number": 1.0, "geo_local_area": "Riley Park", "geo_point_2d": {"lon": -123.10510257892642, "lat": 49.251006930941664}}}, {"type": "Feature", "geometry": {"coordinates": [-123.11173943807563, 49.255740249247886], "type": "Point"}, "properties": {"block_number": "02", "node_number": 4.0, "geo_local_area": "Riley Park", "geo_point_2d": {"lon": -123.11173943807563, "lat": 49.255740249247886}}}, {"type": "Feature", "geometry": {"coordinates": [-123.11560172615141, 49.24108758205004], "type": "Point"}, "properties": {"block_number": "QE", "node_number": 12.0, "geo_local_area": "Riley Park", "geo_point_2d": {"lon": -123.11560172615141, "lat": 49.24108758205004}}}, {"type": "Feature", "geometry": {"coordinates": [-123.12233240943259, 49.25112373086775], "type": "Point"}, "properties": {"block_number": "38", "node_number": 1.0, "geo_local_area": "South Cambie", "geo_point_2d": {"lon": -123.12233240943259, "lat": 49.25112373086775}}}, {"type": "Feature", "geometry": {"coordinates": [-123.12842403777725, 49.24910335841037], "type": "Point"}, "properties": {"block_number": "10", "node_number": 4.0, "geo_local_area": "Shaughnessy", "geo_point_2d": {"lon": -123.12842403777725, "lat": 49.24910335841037}}}, {"type": "Feature", "geometry": {"coordinates": [-123.12026515963365, 49.24708358915808], "type": "Point"}, "properties": {"block_number": "06", "node_number": 4.0, "geo_local_area": "South Cambie", "geo_point_2d": {"lon": -123.12026515963365, "lat": 49.24708358915808}}}, {"type": "Feature", "geometry": {"coordinates": [-123.11456881057235, 49.24886284224712], "type": "Point"}, "properties": {"block_number": "04", "node_number": 16.0, "geo_local_area": "Riley Park", "geo_point_2d": {"lon": -123.11456881057235, "lat": 49.24886284224712}}}, {"type": "Feature", "geometry": {"coordinates": [-123.11913163585193, 49.248946020784295], "type": "Point"}, "properties": {"block_number": "06", "node_number": 4.0, "geo_local_area": "South Cambie", "geo_point_2d": {"lon": -123.11913163585193, "lat": 49.248946020784295}}}, {"type": "Feature", "geometry": {"coordinates": [-123.10670797022905, 49.2499049473314], "type": "Point"}, "properties": {"block_number": "00", "node_number": 4.0, "geo_local_area": "Riley Park", "geo_point_2d": {"lon": -123.10670797022905, "lat": 49.2499049473314}}}, {"type": "Feature", "geometry": {"coordinates": [-123.12020875778775, 49.24918939541199], "type": "Point"}, "properties": {"block_number": "06", "node_number": 7.0, "geo_local_area": "South Cambie", "geo_point_2d": {"lon": -123.12020875778775, "lat": 49.24918939541199}}}, {"type": "Feature", "geometry": {"coordinates": [-123.11351312435579, 49.25012085054141], "type": "Point"}, "properties": {"block_number": "04", "node_number": 1.0, "geo_local_area": "Riley Park", "geo_point_2d": {"lon": -123.11351312435579, "lat": 49.25012085054141}}}, {"type": "Feature", "geometry": {"coordinates": [-123.1169737337482, 49.244093795261804], "type": "Point"}, "properties": {"block_number": "45", "node_number": 11.0, "geo_local_area": "South Cambie", "geo_point_2d": {"lon": -123.1169737337482, "lat": 49.244093795261804}}}, {"type": "Feature", "geometry": {"coordinates": [-123.10575399567415, 49.246827737820915], "type": "Point"}, "properties": {"block_number": "00", "node_number": 4.0, "geo_local_area": "Riley Park", "geo_point_2d": {"lon": -123.10575399567415, "lat": 49.246827737820915}}}, {"type": "Feature", "geometry": {"coordinates": [-123.11866525652943, 49.244979567204545], "type": "Point"}, "properties": {"block_number": "45", "node_number": 1.0, "geo_local_area": "South Cambie", "geo_point_2d": {"lon": -123.11866525652943, "lat": 49.244979567204545}}}, {"type": "Feature", "geometry": {"coordinates": [-123.11021723047604, 49.24900051083871], "type": "Point"}, "properties": {"block_number": "02", "node_number": 1.0, "geo_local_area": "Riley Park", "geo_point_2d": {"lon": -123.11021723047604, "lat": 49.24900051083871}}}, {"type": "Feature", "geometry": {"coordinates": [-123.10988102614198, 49.25454782632275], "type": "Point"}, "properties": {"block_number": "34", "node_number": 1.0, "geo_local_area": "Riley Park", "geo_point_2d": {"lon": -123.10988102614198, "lat": 49.25454782632275}}}, {"type": "Feature", "geometry": {"coordinates": [-123.11551242074752, 49.252081465280284], "type": "Point"}, "properties": {"block_number": "37", "node_number": 3.0, "geo_local_area": "South Cambie", "geo_point_2d": {"lon": -123.11551242074752, "lat": 49.252081465280284}}}, {"type": "Feature", "geometry": {"coordinates": [-123.11516240496255, 49.25020537460263], "type": "Point"}, "properties": {"block_number": "38", "node_number": 16.0, "geo_local_area": "Riley Park", "geo_point_2d": {"lon": -123.11516240496255, "lat": 49.25020537460263}}}, {"type": "Feature", "geometry": {"coordinates": [-123.12790219346041, 49.25076138909817], "type": "Point"}, "properties": {"block_number": "10", "node_number": 2.0, "geo_local_area": "Shaughnessy", "geo_point_2d": {"lon": -123.12790219346041, "lat": 49.25076138909817}}}, {"type": "Feature", "geometry": {"coordinates": [-123.11506810847001, 49.25262070458302], "type": "Point"}, "properties": {"block_number": "36", "node_number": 8.0, "geo_local_area": "Riley Park", "geo_point_2d": {"lon": -123.11506810847001, "lat": 49.25262070458302}}}, {"type": "Feature", "geometry": {"coordinates": [-123.11540956933194, 49.252719428390684], "type": "Point"}, "properties": {"block_number": "36", "node_number": 5.0, "geo_local_area": "South Cambie", "geo_point_2d": {"lon": -123.11540956933194, "lat": 49.252719428390684}}}, {"type": "Feature", "geometry": {"coordinates": [-123.11504653436357, 49.253596446880316], "type": "Point"}, "properties": {"block_number": "35", "node_number": 8.0, "geo_local_area": "Riley Park", "geo_point_2d": {"lon": -123.11504653436357, "lat": 49.253596446880316}}}, {"type": "Feature", "geometry": {"coordinates": [-123.10950735075507, 49.24323453958996], "type": "Point"}, "properties": {"block_number": "01", "node_number": 4.0, "geo_local_area": "Riley Park", "geo_point_2d": {"lon": -123.10950735075507, "lat": 49.24323453958996}}}, {"type": "Feature", "geometry": {"coordinates": [-123.11109045492925, 49.24490231021043], "type": "Point"}, "properties": {"block_number": "44", "node_number": 4.0, "geo_local_area": "Riley Park", "geo_point_2d": {"lon": -123.11109045492925, "lat": 49.24490231021043}}}, {"type": "Feature", "geometry": {"coordinates": [-123.11226925230639, 49.24542150905935], "type": "Point"}, "properties": {"block_number": "44", "node_number": 2.0, "geo_local_area": "Riley Park", "geo_point_2d": {"lon": -123.11226925230639, "lat": 49.24542150905935}}}, {"type": "Feature", "geometry": {"coordinates": [-123.11540266650687, 49.25394951396708], "type": "Point"}, "properties": {"block_number": "35", "node_number": 3.0, "geo_local_area": "South Cambie", "geo_point_2d": {"lon": -123.11540266650687, "lat": 49.25394951396708}}}, {"type": "Feature", "geometry": {"coordinates": [-123.11523423303424, 49.25049654145081], "type": "Point"}, "properties": {"block_number": "38", "node_number": 10.0, "geo_local_area": "Riley Park", "geo_point_2d": {"lon": -123.11523423303424, "lat": 49.25049654145081}}}, {"type": "Feature", "geometry": {"coordinates": [-123.11560921253803, 49.250197210456996], "type": "Point"}, "properties": {"block_number": "38", "node_number": 15.0, "geo_local_area": "South Cambie", "geo_point_2d": {"lon": -123.11560921253803, "lat": 49.250197210456996}}}, {"type": "Feature", "geometry": {"coordinates": [-123.11547109804674, 49.251137853497035], "type": "Point"}, "properties": {"block_number": "38", "node_number": 1.0, "geo_local_area": "South Cambie", "geo_point_2d": {"lon": -123.11547109804674, "lat": 49.251137853497035}}}, {"type": "Feature", "geometry": {"coordinates": [-123.11866028572761, 49.24121929270652], "type": "Point"}, "properties": {"block_number": "48", "node_number": 9.0, "geo_local_area": "South Cambie", "geo_point_2d": {"lon": -123.11866028572761, "lat": 49.24121929270652}}}, {"type": "Feature", "geometry": {"coordinates": [-123.10770585191743, 49.246896403295345], "type": "Point"}, "properties": {"block_number": "42", "node_number": 1.0, "geo_local_area": "Riley Park", "geo_point_2d": {"lon": -123.10770585191743, "lat": 49.246896403295345}}}, {"type": "Feature", "geometry": {"coordinates": [-123.11512535565258, 49.24886818987006], "type": "Point"}, "properties": {"block_number": "04", "node_number": 18.0, "geo_local_area": "Riley Park", "geo_point_2d": {"lon": -123.11512535565258, "lat": 49.24886818987006}}}, {"type": "Feature", "geometry": {"coordinates": [-123.11541931646578, 49.2536643398111], "type": "Point"}, "properties": {"block_number": "35", "node_number": 7.0, "geo_local_area": "South Cambie", "geo_point_2d": {"lon": -123.11541931646578, "lat": 49.2536643398111}}}, {"type": "Feature", "geometry": {"coordinates": [-123.10743660362762, 49.2472448864072], "type": "Point"}, "properties": {"block_number": "42", "node_number": 4.0, "geo_local_area": "Riley Park", "geo_point_2d": {"lon": -123.10743660362762, "lat": 49.2472448864072}}}, {"type": "Feature", "geometry": {"coordinates": [-123.11511344712788, 49.25173647384994], "type": "Point"}, "properties": {"block_number": "37", "node_number": 8.0, "geo_local_area": "Riley Park", "geo_point_2d": {"lon": -123.11511344712788, "lat": 49.25173647384994}}}, {"type": "Feature", "geometry": {"coordinates": [-123.1154048109924, 49.25295361478567], "type": "Point"}, "properties": {"block_number": "36", "node_number": 1.0, "geo_local_area": "South Cambie", "geo_point_2d": {"lon": -123.1154048109924, "lat": 49.25295361478567}}}, {"type": "Feature", "geometry": {"coordinates": [-123.10894926357146, 49.24274272186792], "type": "Point"}, "properties": {"block_number": "00", "node_number": 16.0, "geo_local_area": "Riley Park", "geo_point_2d": {"lon": -123.10894926357146, "lat": 49.24274272186792}}}, {"type": "Feature", "geometry": {"coordinates": [-123.10985800664682, 49.25146332337438], "type": "Point"}, "properties": {"block_number": "37", "node_number": 2.0, "geo_local_area": "Riley Park", "geo_point_2d": {"lon": -123.10985800664682, "lat": 49.25146332337438}}}, {"type": "Feature", "geometry": {"coordinates": [-123.11131913030961, 49.24474175901538], "type": "Point"}, "properties": {"block_number": "01", "node_number": 12.0, "geo_local_area": "Riley Park", "geo_point_2d": {"lon": -123.11131913030961, "lat": 49.24474175901538}}}, {"type": "Feature", "geometry": {"coordinates": [-123.12763304505009, 49.25168260902921], "type": "Point"}, "properties": {"block_number": "10", "node_number": 0.6, "geo_local_area": "Shaughnessy", "geo_point_2d": {"lon": -123.12763304505009, "lat": 49.25168260902921}}}, {"type": "Feature", "geometry": {"coordinates": [-123.11593271125233, 49.25631021948255], "type": "Point"}, "properties": {"block_number": "32", "node_number": 2.0, "geo_local_area": "South Cambie", "geo_point_2d": {"lon": -123.11593271125233, "lat": 49.25631021948255}}}, {"type": "Feature", "geometry": {"coordinates": [-123.11533174890833, 49.255868445111176], "type": "Point"}, "properties": {"block_number": "05", "node_number": 0.6, "geo_local_area": "South Cambie", "geo_point_2d": {"lon": -123.11533174890833, "lat": 49.255868445111176}}}, {"type": "Feature", "geometry": {"coordinates": [-123.11536787010101, 49.254007702825135], "type": "Point"}, "properties": {"block_number": "05", "node_number": 0.6, "geo_local_area": "South Cambie", "geo_point_2d": {"lon": -123.11536787010101, "lat": 49.254007702825135}}}, {"type": "Feature", "geometry": {"coordinates": [-123.11499961366883, 49.25400201617871], "type": "Point"}, "properties": {"block_number": "04", "node_number": 5.0, "geo_local_area": "Riley Park", "geo_point_2d": {"lon": -123.11499961366883, "lat": 49.25400201617871}}}, {"type": "Feature", "geometry": {"coordinates": [-123.1150414996526, 49.25299695629465], "type": "Point"}, "properties": {"block_number": "04", "node_number": 5.0, "geo_local_area": "Riley Park", "geo_point_2d": {"lon": -123.1150414996526, "lat": 49.25299695629465}}}, {"type": "Feature", "geometry": {"coordinates": [-123.11600264456318, 49.25462014550346], "type": "Point"}, "properties": {"block_number": "34", "node_number": 1.0, "geo_local_area": "South Cambie", "geo_point_2d": {"lon": -123.11600264456318, "lat": 49.25462014550346}}}, {"type": "Feature", "geometry": {"coordinates": [-123.1195067246701, 49.2542284393176], "type": "Point"}, "properties": {"block_number": "06", "node_number": 4.0, "geo_local_area": "South Cambie", "geo_point_2d": {"lon": -123.1195067246701, "lat": 49.2542284393176}}}, {"type": "Feature", "geometry": {"coordinates": [-123.12279305225188, 49.24712825392971], "type": "Point"}, "properties": {"block_number": "08", "node_number": 2.0, "geo_local_area": "South Cambie", "geo_point_2d": {"lon": -123.12279305225188, "lat": 49.24712825392971}}}, {"type": "Feature", "geometry": {"coordinates": [-123.12318367512327, 49.25008033351583], "type": "Point"}, "properties": {"block_number": "08", "node_number": 2.0, "geo_local_area": "South Cambie", "geo_point_2d": {"lon": -123.12318367512327, "lat": 49.25008033351583}}}, {"type": "Feature", "geometry": {"coordinates": [-123.11370581095461, 49.24787038754648], "type": "Point"}, "properties": {"block_number": "04", "node_number": 4.0, "geo_local_area": "Riley Park", "geo_point_2d": {"lon": -123.11370581095461, "lat": 49.24787038754648}}}, {"type": "Feature", "geometry": {"coordinates": [-123.1272940108066, 49.249375815179825], "type": "Point"}, "properties": {"block_number": "09", "node_number": 9.0, "geo_local_area": "South Cambie", "geo_point_2d": {"lon": -123.1272940108066, "lat": 49.249375815179825}}}, {"type": "Feature", "geometry": {"coordinates": [-123.12387960947882, 49.25018493250953], "type": "Point"}, "properties": {"block_number": "08", "node_number": 3.0, "geo_local_area": "South Cambie", "geo_point_2d": {"lon": -123.12387960947882, "lat": 49.25018493250953}}}, {"type": "Feature", "geometry": {"coordinates": [-123.11060176628781, 49.253831721701985], "type": "Point"}, "properties": {"block_number": "02", "node_number": 2.0, "geo_local_area": "Riley Park", "geo_point_2d": {"lon": -123.11060176628781, "lat": 49.253831721701985}}}, {"type": "Feature", "geometry": {"coordinates": [-123.11111511958579, 49.25582616201663], "type": "Point"}, "properties": {"block_number": "02", "node_number": 3.0, "geo_local_area": "Riley Park", "geo_point_2d": {"lon": -123.11111511958579, "lat": 49.25582616201663}}}, {"type": "Feature", "geometry": {"coordinates": [-123.12152855511609, 49.247995777845624], "type": "Point"}, "properties": {"block_number": "07", "node_number": 2.0, "geo_local_area": "South Cambie", "geo_point_2d": {"lon": -123.12152855511609, "lat": 49.247995777845624}}}, {"type": "Feature", "geometry": {"coordinates": [-123.10646757225688, 49.245980298184456], "type": "Point"}, "properties": {"block_number": "00", "node_number": 2.0, "geo_local_area": "Riley Park", "geo_point_2d": {"lon": -123.10646757225688, "lat": 49.245980298184456}}}, {"type": "Feature", "geometry": {"coordinates": [-123.10758874775635, 49.250963174484234], "type": "Point"}, "properties": {"block_number": "01", "node_number": 2.0, "geo_local_area": "Riley Park", "geo_point_2d": {"lon": -123.10758874775635, "lat": 49.250963174484234}}}, {"type": "Feature", "geometry": {"coordinates": [-123.12352143460997, 49.24925776402493], "type": "Point"}, "properties": {"block_number": "08", "node_number": 5.0, "geo_local_area": "South Cambie", "geo_point_2d": {"lon": -123.12352143460997, "lat": 49.24925776402493}}}, {"type": "Feature", "geometry": {"coordinates": [-123.12530757925624, 49.24632547294452], "type": "Point"}, "properties": {"block_number": "09", "node_number": 1.0, "geo_local_area": "South Cambie", "geo_point_2d": {"lon": -123.12530757925624, "lat": 49.24632547294452}}}]}